time,ref_qw,ref_qx,ref_qy,ref_qz,ref_phi,ref_theta,ref_psi,qw,qx,qy,qz,phi,theta,psi,p,q,r,u_4,u_5,u_6,m_1,m_2,m_3,m_4,m_5,m_6,m_7,m_8,phi_error,theta_error,psi_error
0,0.999999399,-0.001096619,0,0,-0.002193239,0,0,0.999642432,0.024405114,0.010864133,0.001298879,0.048851864,0.021658785,0.003127847,0.021924822,-0.065244742,0.022066385,-0.022470059,0.002845464,-0.004882539,-0.021596618,-0.015628088,-0.023616098,-0.029584628,0.023616098,0.029584628,0.021596618,0.015628088,0.051045103,0.021658785,0.003127847
0.05903006,0.999970545,-0.007675184,0,0,-0.015350518,0,0,0.999649823,0.024617843,0.00955764,0.001695225,0.049279708,0.019026268,0.003860547,0.004202873,-0.065784149,0.017320361,-0.017590894,0.005232017,-0.005223854,-0.020432979,-0.014742052,-0.02450713,-0.030198056,0.02450713,0.030198056,0.020432979,0.014742052,0.064630226,0.019026268,0.003860547
0.10162998,0.999961532,-0.008771227,0,0,-0.017542679,0,0,0.99966383,0.0244863,0.008308661,0.001962827,0.049015048,0.016516358,0.004331834,-0.019377472,-0.055307154,0.013657659,-0.015808758,0.003970711,-0.004965323,-0.01759905,-0.007135023,-0.017582731,-0.028046757,0.017582731,0.028046757,0.01759905,0.007135023,0.066557727,0.016516358,0.004331834
0.15065003,0.999939907,-0.010962801,0,0,-0.021926041,0,0,0.99968797,0.023820993,0.007168067,0.002309134,0.047683102,0.014222125,0.004958848,-0.041893128,-0.053890053,0.023845583,-0.014072173,0.005025948,-0.007199052,-0.014814139,-0.006872723,-0.016803369,-0.024744786,0.016803369,0.024744786,0.014814139,0.006872723,0.069609143,0.014222125,0.004958848
0.20396996,0.999913488,-0.013153552,0,0,-0.026307863,0,0,0.999737144,0.02203027,0.005648782,0.00295471,0.044099364,0.011164636,0.006157175,-0.071513653,-0.046375398,0.023787471,-0.010329627,0.004924738,-0.008014329,-0.011899063,-0.001847173,-0.016245276,-0.026297167,0.016245276,0.026297167,0.011899063,0.001847173,0.070407227,0.011164636,0.006157175
0.26827002,0.999846304,-0.017531933,0,0,-0.035065662,0,0,0.999824584,0.017738121,0.005019436,0.003325078,0.035512606,0.009919311,0.006827449,-0.122857094,-0.007104874,0.006025285,-0.002978362,-0.005789714,-0.004675931,-0.007240031,0.002609439,-0.013419218,-0.023268688,0.013419218,0.023268688,0.007240031,-0.002609439,0.070578268,0.009919311,0.006827449
0.30675006,0.9997834,-0.02081234,0,0,-0.041627685,0,0,0.999859095,0.015774688,0.004590649,0.003459749,0.031583242,0.009070974,0.007063703,-0.001505017,-0.073581934,0.016538054,-0.001820734,-0.004841021,-0.005455116,0.007487279,-0.004092142,-0.013444003,-0.001864582,0.013444003,0.001864582,-0.007487279,0.004092142,0.073210927,0.009070974,0.007063703
0.35507012,0.999735526,-0.022997362,0,0,-0.045998779,0,0,0.999851108,0.016587587,0.002593383,0.004008279,0.03319754,0.005053039,0.00810159,-0.01847893,-0.043827299,0.025501102,-0.027716759,0.008498279,-0.009639891,0.008475401,-0.001206635,-0.012116867,-0.002434832,0.012116867,0.002434832,-0.008475401,0.001206635,0.079196319,0.005053039,0.00810159
0.40162993,0.999682917,-0.02518066,0,0,-0.050366644,0,0,0.999870539,0.015372708,0.002346083,0.004166631,0.030766152,0.004563468,0.008404499,-0.059854988,-0.009390712,0.00441745,-0.021449559,-0.00051071,-0.006215315,-0.026575137,-0.009578588,-0.028858371,-0.045854919,0.028858371,0.045854919,0.026575137,0.009578588,0.081132796,0.004563468,0.008404499
0.44977999,0.999625588,-0.027362072,0,0,-0.054730975,0,0,0.999891281,0.013912211,0.002241817,0.004374289,0.027844865,0.004361446,0.0088102,-0.076784186,-0.003704429,0.014234333,-0.018271196,-0.001902879,-0.008198484,-0.014723529,-0.015744949,-0.028175578,-0.027154159,0.028175578,0.027154159,0.014723529,0.015744949,0.08257584,0.004361446,0.0088102
0.50135994,0.999563557,-0.029541434,0,0,-0.059091465,0,0,0.999911666,0.012276605,0.002205738,0.004601303,0.024574037,0.004298123,0.009256168,-0.08254946,-0.005416572,0.016439708,-0.020836923,-0.0013331,-0.008889479,-0.008169831,-0.011975585,-0.028372554,-0.024566798,0.028372554,0.024566798,0.008169831,0.011975585,0.083665502,0.004298123,0.009256168
0.55606008,0.999425455,-0.033893356,0,0,-0.067799696,0,0,0.99993515,0.010004411,0.002281816,0.004954582,0.020031671,0.004464216,0.00995444,-0.095227361,0.006394833,0.013994426,-0.019334826,-0.00456257,-0.008946557,-0.01061434,-0.013280538,-0.031059496,-0.028393298,0.031059496,0.028393298,0.01061434,0.013280538,0.087831367,0.004464216,0.00995444
0.61004997,0.999309674,-0.037150705,0,0,-0.074318513,0,0,0.999944448,0.008560253,0.00152799,0.005964848,0.017138696,0.002953694,0.011955529,-0.027324261,-0.016672911,0.028688461,-0.036804718,0.003801028,-0.011300369,-0.005825697,-0.014950832,-0.032843947,-0.023718812,0.032843947,0.023718812,0.005825697,0.014950832,0.091457209,0.002953694,0.011955529
0.65096999,0.999226716,-0.039318829,0,0,-0.078657934,0,0,0.999947071,0.007930905,0.001188931,0.006448296,0.01587701,0.002275456,0.01291516,-0.032491986,-0.015333296,0.022380799,-0.038144326,0.002952399,-0.012747885,-0.029305365,-0.021703314,-0.044304054,-0.051906105,0.044304054,0.051906105,0.029305365,0.021703314,0.094534944,0.002275456,0.01291516
0.70065999,0.999139168,-0.04148401,0,0,-0.082991835,0,0,0.999950409,0.007075643,0.000892567,0.006962454,0.014163504,0.001686518,0.013937317,-0.034727156,-0.012362004,0.020658225,-0.039287529,0.002689622,-0.012608503,-0.02834883,-0.022444036,-0.047939807,-0.053844597,0.047939807,0.053844597,0.02834883,0.022444036,0.097155339,0.001686518,0.013937317
0.7497201,0.999047056,-0.043646086,0,0,-0.087319911,0,0,0.999952495,0.00635642,0.000780291,0.007351785,0.012724066,0.001467047,0.014713336,-0.036194924,-5.96E-05,0.019697102,-0.041973637,-0.000379795,-0.012957204,-0.029368637,-0.023989396,-0.049206402,-0.054585643,0.049206402,0.054585643,0.029368637,0.023989396,0.100043977,0.001467047,0.014713336
0.80152011,0.998950405,-0.045804897,0,0,-0.091641859,0,0,0.999954879,0.005544064,0.000754273,0.007693257,0.011099469,0.001423174,0.015394803,-0.043417513,0.002539903,0.017351657,-0.043387538,-0.000988069,-0.012996521,-0.028636629,-0.029396219,-0.055310626,-0.054551039,0.055310626,0.054551039,0.028636629,0.029396219,0.102741328,0.001423174,0.015394803
0.84994007,0.998849244,-0.047960282,0,0,-0.095957375,0,0,0.999957323,0.004635672,0.00082135,0.007969291,0.009284181,0.001568745,0.015946207,-0.04555285,0.005096943,0.013018399,-0.044751768,-0.001707736,-0.012607919,-0.029402938,-0.031379074,-0.057372119,-0.055395983,0.057372119,0.055395983,0.029402938,0.031379074,0.105241556,0.001568745,0.015946207
0.90871001,0.998576799,-0.053332705,0,0,-0.10671604,0,0,0.999766648,0.002873434,0.001031834,0.021387385,0.005789705,0.001940276,0.042783846,0.002265722,-0.009860099,0.008381158,-0.044558541,-0.004357673,-0.011616868,-0.030436104,-0.033851571,-0.059067413,-0.055651944,0.059067413,0.055651944,0.030436104,0.033851571,0.112505745,0.001940276,0.042783846
0.95383001,0.998460085,-0.055474838,0,0,-0.111006663,0,0,0.998152435,0.002794072,0.00094972,0.060687922,0.00569313,0.001556798,0.121455433,-0.004158914,-0.004561245,0.001985579,-0.057421785,0.004814035,-0.078299586,-0.028583992,-0.037299331,-0.060533069,-0.05181773,0.060533069,0.05181773,0.028583992,0.037299331,0.116699793,0.001556798,0.121455433
1.00102997,0.998339002,-0.057612828,0,0,-0.115289495,0,0,0.998152852,0.002615666,0.00085272,0.060691305,0.005325204,0.001384795,0.12146139,-0.011651216,-0.002293289,-2.53E-05,-0.057905142,0.004497255,-0.077944946,0.016063783,0.025691846,-0.130907327,-0.140535399,0.130907327,0.140535399,-0.016063783,-0.025691846,0.120614699,0.001384795,0.12146139
1.05013013,0.998213581,-0.059746515,0,0,-0.119564236,0,0,0.998158395,0.002173059,0.000906812,0.060616001,0.004448068,0.00154684,0.121310142,-0.024700167,0.007491559,-0.00256598,-0.058103427,0.002054066,-0.077416691,0.015542568,0.024537072,-0.131352827,-0.140347332,0.131352827,0.140347332,-0.015542568,-0.024537072,0.124012304,0.00154684,0.121310142
1.10209012,0.998083861,-0.061875741,0,0,-0.123830585,0,0,0.998166025,0.001700725,0.001056332,0.06050165,0.003523045,0.001902997,0.121080846,-0.025349855,0.016375627,-0.007523597,-0.062091054,-0.000156212,-0.076412542,0.017259214,0.021367343,-0.133466035,-0.137574166,0.133466035,0.137574166,-0.017259214,-0.021367343,0.12735363,0.001902997,0.121080846
1.15015007,0.997881297,-0.065060873,0,0,-0.13021372,0,0,0.998182893,0.00098577,0.001255267,0.060236484,0.002119191,0.002387216,0.120548621,-0.041978054,0.004152209,-0.021724405,-0.060384495,0.002945661,-0.07359348,0.014477715,0.014165292,-0.13865979,-0.138347372,0.13865979,0.138347372,-0.014477715,-0.014165292,0.132332911,0.002387216,0.120548621
1.20986009,0.997596515,-0.069290637,0,0,-0.138692408,0,0,0.998284101,-0.000111988,0.000669482,0.058554631,-0.000145189,0.001349782,0.1171762,-0.069957972,-0.009380282,-0.05172044,-0.068465012,0.008772292,-0.071204158,0.010263341,0.01615466,-0.131032303,-0.136923626,0.131032303,0.136923626,-0.010263341,-0.01615466,0.138547219,0.001349782,0.1171762
1.25838995,0.997372084,-0.07244947,0,0,-0.145026002,0,0,0.998357713,-0.001245755,0.000490899,0.057274196,-0.00243119,0.001122884,0.114609835,-0.0404194,-0.00731349,-0.065718591,-0.058281756,0.007373829,-0.066122881,-0.006033123,0.011511451,-0.130896866,-0.148441449,0.130896866,0.148441449,0.006033123,-0.011511451,0.142594812,0.001122884,0.114609835
1.30161,0.997295236,-0.073499742,0,0,-0.14713216,0,0,0.998449504,-0.002064612,5.09E-05,0.055630118,-0.004117167,0.000331372,0.111317236,-0.059273843,-0.016948577,-0.098021336,-0.062099909,0.009992236,-0.054216535,0.000467315,0.015214965,-0.117030799,-0.131778449,0.117030799,0.131778449,-0.000467315,-0.015214965,0.143014993,0.000331372,0.111317236
1.35091997,0.997138516,-0.075596159,0,0,-0.151336695,0,0,0.998562217,-0.003510003,-0.00039663,0.053492501,-0.007052403,-0.000416601,0.107038205,-0.071381032,-0.014309586,-0.109890103,-0.06104674,0.009760644,-0.049359503,-0.017875589,0.002108872,-0.106324203,-0.126308665,0.106324203,0.126308665,0.017875589,-0.002108872,0.144284292,0.000416601,0.107038205
1.40164996,0.996977802,-0.077686948,0,0,-0.155530608,0,0,0.998748243,-0.005520354,-0.001277491,0.049699433,-0.011154121,-0.002003068,0.099452591,-0.088585913,-0.021557515,-0.145098567,-0.061955052,0.012671075,-0.038236094,-0.02144786,-0.001926584,-0.100645594,-0.120166868,0.100645594,0.120166868,0.02144786,0.001926584,0.144376487,0.002003068,0.099452591
1.45100999,0.996729342,-0.080812241,0,0,-0.16180092,0,0,0.998847187,-0.006860296,-0.001686726,0.047483258,-0.013865449,-0.002718067,0.095023442,-0.082190335,-0.024166709,-0.149893776,-0.065007391,0.013796934,-0.034499307,-0.03639001,-0.011047876,-0.087520063,-0.1128622,0.087520063,0.1128622,0.03639001,0.011047876,0.147935471,0.002718067,0.095023442
1.50768996,0.996384519,-0.084958173,0,0,-0.17012142,0,0,0.99909395,-0.010093221,-0.002781698,0.041252509,-0.020399296,-0.00472563,0.08258116,-0.097423792,-0.014106932,-0.164346412,-0.067114339,0.016964613,-0.029601531,-0.044304993,-0.016711142,-0.085709758,-0.113303609,0.085709758,0.113303609,0.044304993,0.016711142,0.149722124,0.00472563,0.08258116
1.5530901,0.996206412,-0.087021744,0,0,-0.174263906,0,0,0.999256551,-0.012450752,-0.003434217,0.036328286,-0.025135597,-0.005958732,0.072753512,-0.073197484,-0.0181362,-0.167337045,-0.064671906,0.011999053,-0.023881526,-0.054477397,-0.020548189,-0.079751253,-0.11368046,0.079751253,0.11368046,0.054477397,0.020548189,0.149128309,0.005958732,0.072753512
1.6020999,0.996024577,-0.089078851,0,0,-0.178394161,0,0,0.999351799,-0.014036337,-0.003767504,0.032939699,-0.028307068,-0.006605465,0.065991767,-0.083529949,-0.010555983,-0.17343612,-0.068314763,0.011484055,-0.011548592,-0.052789412,-0.02879132,-0.076554373,-0.100552462,0.076554373,0.100552462,0.052789412,0.02879132,0.150087093,0.006605465,0.065991767
1.65170002,0.995839065,-0.091129343,0,0,-0.182511897,0,0,0.999434054,-0.015750606,-0.003974196,0.029462375,-0.031723653,-0.007015848,0.059052341,-0.076293938,-0.007261336,-0.170138478,-0.071335537,0.010583445,-0.007644769,-0.068250202,-0.045282107,-0.06837929,-0.091347389,0.06837929,0.091347389,0.068250202,0.045282107,0.150788244,0.007015848,0.059052341
1.70202995,0.995649928,-0.093173073,0,0,-0.186616823,0,0,0.99950707,-0.017113322,-0.004192656,0.025987942,-0.034435455,-0.007491768,0.052118808,-0.068208583,-0.00153184,-0.174517959,-0.075729988,0.00903693,-0.002408532,-0.07427419,-0.053107314,-0.068396851,-0.089563727,0.068396851,0.089563727,0.07427419,0.053107314,0.152181368,0.007491768,0.052118808
1.7514999,0.99545722,-0.095209891,0,0,-0.190708652,0,0,0.999564469,-0.018663254,-0.004282426,0.022455059,-0.03751249,-0.007723029,0.045067003,-0.08161068,0.003578514,-0.175717488,-0.076351187,0.007428372,0.002328403,-0.082358368,-0.064284511,-0.069101579,-0.087175429,0.069101579,0.087175429,0.082358368,0.064284511,0.153196162,0.007723029,0.045067003
1.81063009,0.99496019,-0.100270731,0,0,-0.20087904,0,0,0.999647737,-0.021754432,-0.004244484,0.014601883,-0.043632677,-0.007850747,0.029383283,-0.066328049,0.007376821,-0.169052184,-0.082046047,0.007286089,0.007324212,-0.086107939,-0.071251206,-0.0665944,-0.081451133,0.0665944,0.081451133,0.086107939,0.071251206,0.157246363,0.007850747,0.029383283
1.86128998,0.994651792,-0.103285107,0,0,-0.206939263,0,0,0.999661267,-0.023146566,-0.004098888,0.011176732,-0.04638707,-0.007677667,0.022538213,-0.062280905,0.012584778,-0.166820005,-0.082622198,0.005520635,0.011199635,-0.096656322,-0.082084157,-0.067435734,-0.0820079,0.067435734,0.0820079,0.096656322,0.082084157,0.160552193,0.007677667,0.022538213
1.90223003,0.994547339,-0.104286101,0,0,-0.208952123,0,0,0.999665141,-0.024313383,-0.003964244,0.007922625,-0.048693921,-0.007540654,0.016033855,-0.061461329,0.018831344,-0.155597925,-0.084669875,0.001313791,0.01732895,-0.09934245,-0.088301182,-0.065901913,-0.076943174,0.065901913,0.076943174,0.09934245,0.088301182,0.160258202,0.007540654,0.016033855
1.95138002,0.994335997,-0.106282287,0,0,-0.212966808,0,0,0.999651849,-0.025828196,-0.003652722,0.004014059,-0.051692031,-0.007095606,0.008214306,-0.053076454,0.018281495,-0.1504675,-0.08795336,0.000603376,0.021388326,-0.103312597,-0.100685015,-0.066027112,-0.068654694,0.066027112,0.068654694,0.103312597,0.100685015,0.161274777,0.007095606,0.008214306
2.00301004,0.994013009,-0.109261788,0,0,-0.218960723,0,0,0.999632776,-0.026867857,-0.003392362,0.001106392,-0.053750564,-0.006722829,0.002394318,-0.055971749,0.019625576,-0.136366531,-0.092019212,-0.00044738,0.02260147,-0.109945044,-0.108738296,-0.065961637,-0.067168392,0.065961637,0.067168392,0.109945044,0.108738296,0.165210159,0.006722829,0.002394318
2.05784011,0.993683033,-0.112223129,0,0,-0.224920062,0,0,0.999604523,-0.027909925,-0.003052658,-0.001583252,-0.055818159,-0.006191317,-0.002994914,-0.043639541,0.017184766,-0.125780717,-0.097357773,-0.000526208,0.024154285,-0.114173286,-0.115068041,-0.0698651,-0.068970345,0.0698651,0.068970345,0.114173286,0.115068041,0.169101903,0.006191317,0.002994914
2.11283994,0.99334628,-0.115165833,0,0,-0.230843883,0,0,0.99952209,-0.030122655,-0.002321689,-0.006578205,-0.060223105,-0.005037484,-0.013010777,-0.054639582,0.019492954,-0.091961034,-0.095419591,-0.002577027,0.024675725,-0.120985828,-0.122038245,-0.073729672,-0.072677255,0.073729672,0.072677255,0.120985828,0.122038245,0.170620778,0.005037484,0.013010777
2.16384006,0.993002964,-0.118089427,0,0,-0.236731251,0,0,0.999481082,-0.031093238,-0.00205065,-0.008186408,-0.062161288,-0.004608269,-0.016237677,-0.050403181,0.019212812,-0.068610914,-0.099047313,-0.002765713,0.02450355,-0.117518269,-0.122672319,-0.073320873,-0.068166822,0.073320873,0.068166822,0.117518269,0.122672319,0.174569963,0.004608269,0.016237677
2.20154,0.992887106,-0.119059631,0,0,-0.238685445,0,0,0.999437034,-0.032143041,-0.001861745,-0.009444403,-0.064259528,-0.004328551,-0.018759761,-0.052940849,0.008379668,-0.05103052,-0.098596002,-0.000649121,0.021001448,-0.120785132,-0.126316547,-0.077309452,-0.071778029,0.077309452,0.071778029,0.120785132,0.126316547,0.174425917,0.004328551,0.018759761
2.24978996,0.992653306,-0.120993444,0,0,-0.242581236,0,0,0.999391615,-0.033253428,-0.001765627,-0.01038263,-0.066479257,-0.004219633,-0.020636842,-0.061887514,0.000611693,-0.035533313,-0.100215605,0.001133829,0.019479965,-0.118948311,-0.120246552,-0.07824365,-0.076945409,0.07824365,0.076945409,0.118948311,0.120246552,0.176101979,0.004219633,0.020636842
2.30048991,0.992416787,-0.12291835,0,0,-0.246460002,0,0,0.999321043,-0.035064954,-0.001848933,-0.011173422,-0.070099048,-0.004478959,-0.022204046,-0.064556308,-0.00744164,-0.013755263,-0.100915855,0.003326786,0.016728732,-0.120829374,-0.118561722,-0.079601787,-0.081869446,0.079601787,0.081869446,0.120829374,0.118561722,0.176360954,0.004478959,0.022204046
2.35009003,0.992057055,-0.125788711,0,0,-0.252245634,0,0,0.999268651,-0.036476351,-0.002059577,-0.011287982,-0.072918341,-0.004939651,-0.02241135,-0.068743527,-0.01998991,0.004670769,-0.101461705,0.006963668,0.013726303,-0.120971352,-0.114317782,-0.080860317,-0.087513886,0.080860317,0.087513886,0.120971352,0.114317782,0.179327293,0.004939651,0.02241135
2.4094801,0.991568524,-0.129583419,0,0,-0.25989769,0,0,0.999153018,-0.03963495,-0.002897631,-0.010679159,-0.079225458,-0.006636937,-0.021112564,-0.080236793,-0.028187038,0.026588887,-0.100609565,0.008375394,0.011263701,-0.12215165,-0.108224325,-0.080771714,-0.09469904,0.080771714,0.09469904,0.12215165,0.108224325,0.180672232,0.006636937,0.021112564
2.45182991,0.991320605,-0.13146657,0,0,-0.263696491,0,0,0.99906832,-0.041839372,-0.003645025,-0.009941176,-0.083628494,-0.00811521,-0.019560704,-0.085838132,-0.032746792,0.034669787,-0.101675646,0.01033443,0.009292224,-0.120248631,-0.103497855,-0.080970451,-0.097721227,0.080970451,0.097721227,0.120248631,0.103497855,0.180067997,0.00811521,0.019560704
2.50416995,0.991070343,-0.133340076,0,0,-0.267476786,0,0,0.999023676,-0.042978574,-0.004028763,-0.009399421,-0.085906476,-0.008857722,-0.018435953,-0.0135988,0.001115352,0.014894457,-0.104492286,0.012605996,0.007087056,-0.121302269,-0.10063342,-0.082048975,-0.102717824,0.082048975,0.102717824,0.121302269,0.10063342,0.18157031,0.008857722,0.018435953
2.55142999,0.990817809,-0.135203805,0,0,-0.271238308,0,0,0.99900353,-0.043530267,-0.004023132,-0.00900443,-0.087014456,-0.00882229,-0.017642257,-0.04037917,0.004626065,0.025191162,-0.113673422,0.003529094,0.007621012,-0.124185309,-0.098973334,-0.084799215,-0.110011198,0.084799215,0.110011198,0.124185309,0.098973334,0.184223852,0.00882229,0.017642257
2.60298992,0.990434906,-0.137980784,0,0,-0.276844815,0,0,0.998966932,-0.044470578,-0.003922537,-0.008492502,-0.088902986,-0.008592408,-0.016619961,-0.05453378,0.002358109,0.028709324,-0.11405411,0.004020795,0.006334748,-0.124823503,-0.117765315,-0.10252329,-0.109581478,0.10252329,0.109581478,0.124823503,0.117765315,0.187941829,0.008592408,0.016619961
2.65046001,0.990177007,-0.139819505,0,0,-0.280558254,0,0,0.998899162,-0.046127871,-0.003679816,-0.007708481,-0.092231125,-0.008062768,-0.015061561,-0.069534786,0.007914752,0.035616014,-0.111971847,0.002339308,0.004084671,-0.124409623,-0.11636804,-0.103698544,-0.111740127,0.103698544,0.111740127,0.124409623,0.11636804,0.188327129,0.008062768,0.015061561
2.71017004,0.989655227,-0.143466136,0,0,-0.2879258,0,0,0.998737156,-0.049719326,-0.003320895,-0.00641643,-0.099436859,-0.007271508,-0.012487082,-0.055170059,-0.026972594,0.026384741,-0.108972726,0.000588564,0.00265027,-0.118395798,-0.113717183,-0.105547845,-0.11022646,0.105547845,0.11022646,0.118395798,0.113717183,0.188488941,0.007271508,0.012487082
2.75469995,0.989391492,-0.145273793,0,0,-0.291579391,0,0,0.998668373,-0.05109866,-0.003959253,-0.005905092,-0.102195949,-0.008511549,-0.01139049,-0.079293557,-0.029827654,0.02519265,-0.119504301,0.011500303,0.004100144,-0.112211533,-0.111034408,-0.105733871,-0.106910996,0.105733871,0.106910996,0.112211533,0.111034408,0.189383442,0.008511549,0.01139049
2.80399013,0.989125961,-0.147070844,0,0,-0.295212517,0,0,0.998547614,-0.053447478,-0.004380944,-0.005186124,-0.106902373,-0.009303666,-0.009889471,-0.050403178,0.008218736,0.00788793,-0.115567569,0.013033788,0.003751821,-0.135104716,-0.112104125,-0.103903838,-0.126904428,0.103903838,0.126904428,0.135104716,0.112104125,0.188310144,0.009303666,0.009889471
2.85141993,0.988992545,-0.147965354,0,0,-0.297021327,0,0,0.998479307,-0.054745167,-0.004240376,-0.004910289,-0.10950534,-0.009005606,-0.009341878,-0.072237857,0.007153302,0.015176089,-0.118324551,0.003776464,0.004264591,-0.132353142,-0.106285587,-0.098781943,-0.124849506,0.098781943,0.124849506,0.132353142,0.106285587,0.187515987,0.009005606,0.009341878
2.90292001,0.988454765,-0.151516264,0,0,-0.304204134,0,0,0.998385966,-0.056455646,-0.004066768,-0.004680436,-0.112935086,-0.008648987,-0.008887026,-0.088866062,0.010085851,0.009002537,-0.116734517,0.002724725,0.00499472,-0.126365572,-0.11881265,-0.110283472,-0.117836393,0.110283472,0.117836393,0.126365572,0.11881265,0.191269048,0.008648987,0.008887026
2.95087004,0.988047374,-0.154150534,0,0,-0.309535306,0,0,0.998301089,-0.057960887,-0.003880126,-0.004525073,-0.115953328,-0.008271716,-0.008585378,-0.109177843,0.015065821,0.01198277,-0.112545067,0.001120327,0.004218507,-0.124453932,-0.119004488,-0.109015048,-0.114464492,0.109015048,0.114464492,0.124453932,0.119004488,0.193581978,0.008271716,0.008585378
3.00137997,0.987773992,-0.15589272,0,0,-0.313062317,0,0,0.998116553,-0.061078299,-0.003811559,-0.00429836,-0.122201679,-0.008133921,-0.008115276,-0.060480833,-0.026811661,0.007510931,-0.125834484,0.012527302,0.00488033,-0.117883876,-0.115643226,-0.10720621,-0.109446861,0.10720621,0.109446861,0.117883876,0.115643226,0.190860638,0.008133921,0.008115276
3.05031991,0.987499271,-0.157623573,0,0,-0.316567356,0,0,0.998019397,-0.062627099,-0.004223784,-0.004192819,-0.125303316,-0.008956121,-0.007840375,-0.091040142,-0.019167364,0.003229827,-0.120276413,0.010853104,0.005509897,-0.143242076,-0.118187495,-0.108426832,-0.133481428,0.108426832,0.133481428,0.143242076,0.118187495,0.19126404,0.008956121,0.007840375
3.10437012,0.987223286,-0.159342975,0,0,-0.320050177,0,0,0.997787595,-0.066198774,-0.004432597,-0.004243679,-0.13245986,-0.009407571,-0.007882146,-0.092644989,0.005278737,-0.002017617,-0.122407366,0.006990166,0.006338717,-0.136639386,-0.114933185,-0.103913389,-0.12561959,0.103913389,0.12561959,0.136639386,0.114933185,0.187590317,0.009407571,0.007882146
3.15025998,0.986807112,-0.161900352,0,0,-0.325232217,0,0,0.997655332,-0.068171255,-0.004261571,-0.004303354,-0.136414445,-0.009090011,-0.00800591,-0.101515658,0.008235127,0.003833324,-0.120096669,0.003594957,0.005541066,-0.135736212,-0.121755891,-0.109078459,-0.123058781,0.109078459,0.123058781,0.135736212,0.121755891,0.188817772,0.009090011,0.00800591
3.20997,0.986248522,-0.16526903,0,0,-0.332061573,0,0,0.997463524,-0.070942149,-0.003773547,-0.004412659,-0.14197227,-0.008154128,-0.008267895,-0.117003925,0.027123839,-0.002592802,-0.118116412,-0.0021458,0.006660996,-0.12923266,-0.122042753,-0.110960625,-0.118150532,0.110960625,0.118150532,0.12923266,0.122042753,0.190089303,0.008154128,0.008267895
3.25969005,0.985827156,-0.167764173,0,0,-0.337122518,0,0,0.997327626,-0.072832659,-0.003504138,-0.004566892,-0.145763906,-0.007654859,-0.008599301,-0.065696225,-0.010712444,-0.008133052,-0.129696346,0.007854381,0.007937974,-0.12263158,-0.126923174,-0.113601193,-0.109309591,0.113601193,0.109309591,0.12263158,0.126923174,0.191358612,0.007654859,0.008599301
3.30244995,0.985686292,-0.168589839,0,0,-0.338797709,0,0,0.99720937,-0.074419968,-0.003600108,-0.004722065,-0.148945279,-0.007883036,-0.008882326,-0.089174502,0.002174824,-0.003544986,-0.127304604,0.004401212,0.007304079,-0.145488665,-0.12977992,-0.11390397,-0.129612714,0.11390397,0.129612714,0.145488665,0.12977992,0.18985243,0.007883036,0.008882326
3.35113001,0.985404009,-0.170232013,0,0,-0.342130228,0,0,0.997048974,-0.076532729,-0.003583711,-0.004827802,-0.153182251,-0.007885322,-0.009078973,-0.114430495,0.00250563,-0.003436208,-0.122593294,0.00415197,0.007381193,-0.139009863,-0.130207449,-0.11559929,-0.124401703,0.11559929,0.124401703,0.139009863,0.130207449,0.188947977,0.007885322,0.009078973
3.41090012,0.984837506,-0.173479353,0,0,-0.348722998,0,0,0.996660888,-0.081428058,-0.003625151,-0.004867881,-0.163003072,-0.008018941,-0.009113291,-0.083436079,-0.010302664,0.00506416,-0.121165789,0.005642692,0.006588504,-0.134126425,-0.125822499,-0.111060105,-0.119364038,0.111060105,0.119364038,0.134126425,0.125822499,0.185719926,0.008018941,0.009113291
3.45754004,0.984553445,-0.175084303,0,0,-0.351982787,0,0,0.996488273,-0.083518043,-0.00372502,-0.004701906,-0.167197978,-0.008209358,-0.008748981,-0.12332648,-0.001220405,0.016608091,-0.121209176,0.005480007,0.003841536,-0.133396953,-0.122111581,-0.108934566,-0.120219946,0.108934566,0.120219946,0.133396953,0.122111581,0.184784809,0.008209358,0.008748981
3.50667,0.984268951,-0.17667663,0,0,-0.355217872,0,0,0.996296287,-0.085798405,-0.003565755,-0.00444966,-0.171778349,-0.007868725,-0.008254836,-0.111031532,0.014432518,0.015779587,-0.125458065,0.001268335,0.003667446,-0.130530685,-0.11957068,-0.111887611,-0.122847617,0.111887611,0.122847617,0.130530685,0.11957068,0.183439523,0.007868725,0.008254836
3.55165005,0.983841573,-0.179041224,0,0,-0.360023684,0,0,0.996016443,-0.089014471,-0.003503416,-0.003956068,-0.178239481,-0.007683289,-0.007257185,-0.099162772,-0.013996662,0.017664583,-0.129388041,0.009001409,0.002809259,-0.130393818,-0.127857149,-0.120522253,-0.123058923,0.120522253,0.123058923,0.130393818,0.127857149,0.181784203,0.007683289,0.007257185
3.60540009,0.98341367,-0.18137683,0,0,-0.364772645,0,0,0.995823085,-0.09116324,-0.003635948,-0.003557091,-0.182556988,-0.007890154,-0.00642178,-0.109830499,-0.010471047,0.021251293,-0.128613186,0.008304558,0.001715924,-0.14119868,-0.123195872,-0.117577352,-0.135580152,0.117577352,0.135580152,0.14119868,0.123195872,0.182215657,0.007890154,0.00642178
3.65055013,0.983270966,-0.182148863,0,0,-0.366342868,0,0,0.995663166,-0.092904538,-0.003635449,-0.003232425,-0.186057031,-0.007840059,-0.005761521,-0.110703707,0.002775342,0.023796409,-0.129284238,0.004887647,0.000875325,-0.138633639,-0.122024529,-0.11859268,-0.135201782,0.11859268,0.135201782,0.138633639,0.122024529,0.180285837,0.007840059,0.005761521
3.71380997,0.982700067,-0.185204152,0,0,-0.372559209,0,0,0.995146215,-0.098313257,-0.003587754,-0.002403498,-0.196930953,-0.007613344,-0.004078345,-0.109662138,-0.002208353,0.013945254,-0.132488325,0.004662542,0.00094995,-0.135047182,-0.125271887,-0.123521239,-0.133296534,0.123521239,0.133296534,0.135047182,0.125271887,0.175628256,0.007613344,0.004078345
3.76156998,0.982272088,-0.187460783,0,0,-0.377152923,0,0,0.994934499,-0.100438073,-0.003558191,-0.002241394,-0.20120309,-0.007530647,-0.003745438,-0.114852197,0.00173226,0.007023663,-0.128527292,0.005340673,0.002605535,-0.138100788,-0.128775701,-0.126875803,-0.13620089,0.126875803,0.13620089,0.138100788,0.128775701,0.175949833,0.007530647,0.003745438
3.80171013,0.982129519,-0.188206293,0,0,-0.378670962,0,0,0.994707584,-0.102661625,-0.00357859,-0.0021547,-0.205674002,-0.007561783,-0.003551935,-0.107516371,-0.00436753,0.001039356,-0.130870324,0.007066421,0.003589307,-0.136473462,-0.125792131,-0.120581061,-0.131262392,0.120581061,0.131262392,0.136473462,0.125792131,0.17299696,0.007561783,0.003551935
3.85024,0.981844576,-0.189687188,0,0,-0.381687081,0,0,0.994479477,-0.104849309,-0.003585168,-0.00211497,-0.210073475,-0.00757433,-0.00345489,-0.110602386,0.003192574,0.00352785,-0.13162085,0.005096931,0.003126478,-0.141526014,-0.127393186,-0.120214574,-0.134347409,0.120214574,0.134347409,0.141526014,0.127393186,0.171613606,0.00757433,0.00345489
3.90284992,0.9814178,-0.191883041,0,0,-0.386160965,0,0,0.994190991,-0.107550994,-0.003560459,-0.002115344,-0.215507733,-0.007534638,-0.003440354,-0.105920434,-0.000990927,-0.000712276,-0.134681911,0.006232353,0.003907375,-0.139844224,-0.129650369,-0.123397417,-0.133591264,0.123397417,0.133591264,0.139844224,0.129650369,0.170653232,0.007534638,0.003440354
3.95950008,0.980992031,-0.194048024,0,0,-0.39057387,0,0,0.993718863,-0.111830339,-0.003440726,-0.002270439,-0.224117648,-0.0073461,-0.00374291,-0.108446188,0.005283207,-0.004775822,-0.134877689,0.003790225,0.004270112,-0.144821599,-0.132356912,-0.124542154,-0.137006849,0.124542154,0.137006849,0.144821599,0.132356912,0.166456222,0.0073461,0.00374291
4.0093,0.980708876,-0.195474041,0,0,-0.393481585,0,0,0.993473113,-0.113989927,-0.003462186,-0.002347838,-0.228464116,-0.007414505,-0.003875835,-0.105252862,-0.004242361,0.000134856,-0.135385399,0.004408455,0.004820737,-0.142937988,-0.135357544,-0.126817331,-0.134397775,0.126817331,0.134397775,0.142937988,0.135357544,0.165017469,0.007414505,0.003875835
4.05703998,0.980285379,-0.19758688,0,0,-0.397791314,0,0,0.99316299,-0.116658859,-0.003359781,-0.00258545,-0.233836479,-0.007276917,-0.00435178,-0.107233234,0.008966774,-0.009290875,-0.137494998,0.00702362,0.004120157,-0.144614562,-0.13579765,-0.126156181,-0.134973079,0.126156181,0.134973079,0.144614562,0.13579765,0.163954835,0.007276917,0.00435178
4.10599995,0.979863602,-0.199668027,0,0,-0.402038228,0,0,0.9929111,-0.118780069,-0.00332501,-0.002785583,-0.238107355,-0.007264686,-0.004741926,-0.107689209,-0.001472235,-0.009794534,-0.136446879,0.006021605,0.006400793,-0.14863874,-0.134591505,-0.126351193,-0.140398428,0.126351193,0.140398428,0.14863874,0.134591505,0.163930873,0.007264686,0.004741926
4.15025998,0.979723438,-0.200354648,0,0,-0.40343979,0,0,0.992647588,-0.120959185,-0.00329829,-0.002964011,-0.242496127,-0.007265191,-0.005086677,-0.100462161,0.005561859,-0.008127094,-0.139318828,0.004152186,0.00637826,-0.148869246,-0.136826038,-0.124024451,-0.136067659,0.124024451,0.136067659,0.148869246,0.136826038,0.160943663,0.007265191,0.005086677
4.20332003,0.979304367,-0.202393075,0,0,-0.407601908,0,0,0.992388368,-0.123066276,-0.003183321,-0.003189791,-0.246740897,-0.00710335,-0.00554767,-0.106276572,0.002492219,-0.007665157,-0.13932996,0.004760747,0.006563906,-0.149849236,-0.141544878,-0.128788352,-0.137092724,0.128788352,0.137092724,0.149849236,0.141544878,0.160861011,0.00710335,0.00554767
4.25775004,0.978887633,-0.204399122,0,0,-0.41169966,0,0,0.991717577,-0.12834762,-0.003062484,-0.003717072,-0.257385126,-0.00702845,-0.006586655,-0.108364224,0.012306125,-0.011378525,-0.139563682,0.004841792,0.007143639,-0.150654584,-0.141133085,-0.128005281,-0.137526765,0.128005281,0.137526765,0.150654584,0.141133085,0.154314534,0.00702845,0.006586655
4.31031013,0.978611239,-0.205718357,0,0,-0.414395417,0,0,0.991443753,-0.13044256,-0.002985752,-0.003918849,-0.261609569,-0.006942834,-0.006991923,-0.108547509,0.000848621,-0.00693202,-0.140164019,0.001903505,0.00789332,-0.151549086,-0.141865507,-0.127578229,-0.137261808,0.127578229,0.137261808,0.151549086,0.141865507,0.152785848,0.006942834,0.006991923
4.35579992,0.978198983,-0.207669808,0,0,-0.418384461,0,0,0.991149724,-0.132654831,-0.00297107,-0.004024906,-0.266072333,-0.006957452,-0.007190551,-0.111131378,0.001183897,-0.001960993,-0.140678047,0.004851022,0.007390588,-0.149960816,-0.146153808,-0.13036716,-0.134174168,0.13036716,0.134174168,0.149960816,0.146153808,0.152312128,0.006957452,0.007190551
4.40332008,0.97778976,-0.209588134,0,0,-0.422307438,0,0,0.990797997,-0.135252416,-0.003001685,-0.004148744,-0.271313801,-0.00707044,-0.007409416,-0.105786324,0.004600734,-0.005182624,-0.140622725,0.003909909,0.007457374,-0.15291962,-0.143217579,-0.128436401,-0.138138443,0.128436401,0.138138443,0.15291962,0.143217579,0.150993637,0.00707044,0.007409416
4.45004011,0.97765407,-0.210220167,0,0,-0.423600308,0,0,0.990493834,-0.137462854,-0.002885877,-0.004210391,-0.275776645,-0.006874484,-0.00754758,-0.110784173,0.005116314,0.001122803,-0.140600662,0.003634522,0.006434112,-0.151989982,-0.144170165,-0.129255414,-0.13707523,0.129255414,0.13707523,0.151989982,0.144170165,0.147823663,0.006874484,0.00754758
4.50735999,0.977115157,-0.212710999,0,0,-0.428697237,0,0,0.990206182,-0.139517874,-0.002945135,-0.0042289,-0.279926265,-0.007012654,-0.007553425,-0.101293646,0.001751632,-0.001592934,-0.143874638,0.004678467,0.007005234,-0.150669262,-0.143400222,-0.130531996,-0.137801036,0.130531996,0.137801036,0.150669262,0.143400222,0.148770972,0.007012654,0.007553425
4.55608011,0.976848139,-0.213933898,0,0,-0.43120066,0,0,0.98989594,-0.141704828,-0.002876767,-0.004202651,-0.284344666,-0.006886525,-0.007505318,-0.120137647,0.006043167,0.004779548,-0.139373823,0.003392909,0.005824612,-0.155558303,-0.146201372,-0.132190913,-0.141547829,0.132190913,0.141547829,0.155558303,0.146201372,0.146855994,0.006886525,0.007505318
4.60371995,0.976582846,-0.215141685,0,0,-0.433673819,0,0,0.989195883,-0.146518201,-0.002791751,-0.004013301,-0.294074812,-0.006699271,-0.007122018,-0.102806099,-0.004020333,0.004441292,-0.143449186,0.006275091,0.006240018,-0.14859131,-0.1418055,-0.130156279,-0.136942089,0.130156279,0.136942089,0.14859131,0.1418055,0.139599007,0.006699271,0.007122018
4.65321994,0.976319352,-0.216334284,0,0,-0.436116542,0,0,0.988883734,-0.148613408,-0.002809754,-0.003907639,-0.298312226,-0.006718545,-0.006893476,-0.108554967,-0.000916421,0.005858392,-0.145114759,0.006207622,0.005768193,-0.155964255,-0.14341408,-0.130934045,-0.14348422,0.130934045,0.14348422,0.155964255,0.14341408,0.137804316,0.006718545,0.006893476
4.70174003,0.975927645,-0.218094548,0,0,-0.439723182,0,0,0.988565028,-0.150721833,-0.002788111,-0.003809099,-0.302577902,-0.006660735,-0.006690824,-0.103372335,-0.001813471,0.006955117,-0.144429346,0.00574964,0.005150524,-0.157090545,-0.1446753,-0.13313891,-0.145554155,0.13313891,0.145554155,0.157090545,0.1446753,0.13714528,0.006660735,0.006690824
4.75015998,0.975540396,-0.219820233,0,0,-0.443260386,0,0,0.988239527,-0.152844504,-0.002766419,-0.003700182,-0.306873857,-0.006598921,-0.006467854,-0.104120381,-0.005064905,0.007192046,-0.145232627,0.006647642,0.005002644,-0.155329481,-0.143830195,-0.133529156,-0.145028427,0.133529156,0.145028427,0.155329481,0.143830195,0.136386529,0.006598921,0.006467854
4.8050499,0.975284828,-0.220951362,0,0,-0.445579669,0,0,0.987841487,-0.155398563,-0.002736655,-0.003602457,-0.312044581,-0.006526443,-0.006266943,-0.104984649,-0.001387298,0.006381422,-0.145753609,0.005689911,0.00505595,-0.156882882,-0.143587604,-0.133582309,-0.146877587,0.133582309,0.146877587,0.156882882,0.143587604,0.133535088,0.006526443,0.006266943
4.85588003,0.974905549,-0.222618892,0,0,-0.448999907,0,0,0.987518728,-0.157437503,-0.002756585,-0.003564268,-0.316173467,-0.006566703,-0.006171755,-0.100639485,0.003670902,0.002420694,-0.146422725,0.00442698,0.005750291,-0.156499431,-0.145119622,-0.135007724,-0.146387532,0.135007724,0.146387532,0.156499431,0.145119622,0.13282644,0.006566703,0.006171755
4.90654994,0.974531369,-0.224251222,0,0,-0.452349243,0,0,0.986848712,-0.161585733,-0.002674964,-0.003549557,-0.324578069,-0.006426729,-0.006141444,-0.107155763,0.005269796,0.003113598,-0.146088695,0.005619196,0.005261772,-0.156599954,-0.147746012,-0.13624543,-0.145099372,0.13624543,0.145099372,0.156599954,0.147746012,0.127771174,0.006426729,0.006141444
4.95280004,0.974407816,-0.224787472,0,0,-0.453449841,0,0,0.986342311,-0.164647713,-0.002631546,-0.003616116,-0.330785015,-0.006382024,-0.006267069,-0.10711702,0.008695575,0.002903492,-0.146691012,0.003923075,0.005639376,-0.156969622,-0.145731241,-0.135207698,-0.146446079,0.135207698,0.146446079,0.156969622,0.145731241,0.122664826,0.006382024,0.006267069
5.00161005,0.974162523,-0.225848131,0,0,-0.455627148,0,0,0.985995531,-0.166712046,-0.002592297,-0.003663155,-0.334971431,-0.006333412,-0.006359543,-0.099128485,-0.001768768,-0.005106627,-0.147412287,0.005773415,0.007291929,-0.156253427,-0.14840728,-0.137128532,-0.144974679,0.137128532,0.144974679,0.156253427,0.14840728,0.120655717,0.006333412,0.006359543
5.05468011,0.973679425,-0.227921868,0,0,-0.45988568,0,0,0.985650003,-0.168742687,-0.002558583,-0.003705767,-0.339090994,-0.006294416,-0.006441864,-0.103308283,0.004496427,0.000498444,-0.147234757,0.004070403,0.006393966,-0.160477594,-0.148930773,-0.134346917,-0.145893738,0.134346917,0.145893738,0.160477594,0.148930773,0.120794686,0.006294416,0.006441864
5.10897994,0.973323916,-0.229435293,0,0,-0.462994919,0,0,0.985375822,-0.170336515,-0.002513931,-0.003713738,-0.342325682,-0.006219543,-0.006462596,-0.099800527,-0.006598235,0.001137703,-0.149016116,0.007019251,0.006318969,-0.157699093,-0.149558291,-0.136770353,-0.144911155,0.136770353,0.144911155,0.157699093,0.149558291,0.120669237,0.006219543,0.006462596
5.15049005,0.97309028,-0.230424188,0,0,-0.465027157,0,0,0.984856009,-0.173315331,-0.002499194,-0.003791333,-0.348372918,-0.006236923,-0.006601713,-0.106416643,0.00621751,-0.000374019,-0.146695176,0.003558555,0.006704587,-0.162354305,-0.148315802,-0.135677874,-0.149716362,0.135677874,0.149716362,0.162354305,0.148315802,0.116654239,0.006236923,0.006601713
5.20161009,0.972859416,-0.231396968,0,0,-0.467026758,0,0,0.984488845,-0.175389692,-0.002440157,-0.003795594,-0.352586454,-0.006136067,-0.006617655,-0.097098954,-0.003513694,-0.00333935,-0.148968141,0.006167443,0.007275741,-0.156958282,-0.149841174,-0.136432007,-0.143549114,0.136432007,0.143549114,0.156958282,0.149841174,0.114440304,0.006136067,0.006617655
5.25289011,0.972631387,-0.232353578,0,0,-0.468993581,0,0,0.983749688,-0.179491967,-0.002401607,-0.003682025,-0.360924217,-0.006046984,-0.006382404,-0.102667518,-0.001360476,0.005527586,-0.149175975,0.005165984,0.006029384,-0.162411287,-0.150076404,-0.135524929,-0.147859812,0.135524929,0.147859812,0.162411287,0.150076404,0.108069364,0.006046984,0.006382404
5.30207992,0.972294799,-0.233758046,0,0,-0.471882056,0,0,0.983301878,-0.181929201,-0.002436706,-0.003649418,-0.365880378,-0.006119944,-0.006290503,-0.102266677,-7.75E-05,0.005038828,-0.147954224,0.005388474,0.00575876,-0.160371304,-0.150039345,-0.13798058,-0.148312539,0.13798058,0.148312539,0.160371304,0.150039345,0.106001678,0.006119944,0.006290503
5.35457993,0.971964944,-0.235125813,0,0,-0.474696016,0,0,0.982919812,-0.183985159,-0.00232412,-0.003569719,-0.370063856,-0.005882431,-0.006162433,-0.096571453,0.001158565,0.007434934,-0.149779689,0.005028299,0.005287263,-0.159101427,-0.148324475,-0.136806965,-0.147583902,0.136806965,0.147583902,0.159101427,0.148324475,0.10463216,0.005882431,0.006162433
5.40648008,0.971748883,-0.236017179,0,0,-0.476530372,0,0,0.982554495,-0.185927391,-0.00236743,-0.003502866,-0.374016722,-0.00595485,-0.006003314,-0.099354982,-0.001056492,0.006557256,-0.149755312,0.005698226,0.00539104,-0.160095215,-0.15003863,-0.139464095,-0.149520695,0.139464095,0.149520695,0.160095215,0.15003863,0.10251365,0.00595485,0.006003314
5.45085001,0.971430705,-0.237323377,0,0,-0.479219157,0,0,0.982183576,-0.187879726,-0.002290077,-0.003413094,-0.377992254,-0.005781084,-0.005844182,-0.102739036,0.009194762,0.008060784,-0.148528276,0.002911551,0.005035821,-0.160844535,-0.149448097,-0.138666019,-0.150062457,0.138666019,0.150062457,0.160844535,0.149448097,0.101226903,0.005781084,0.005844182
5.5057199,0.9711198,-0.238592403,0,0,-0.481832268,0,0,0.981346548,-0.192206815,-0.002334644,-0.003195124,-0.386808218,-0.00581047,-0.005373694,-0.101105876,0.007370859,0.007940085,-0.151391179,0.006133406,0.005203067,-0.156475618,-0.150652513,-0.140580878,-0.146403968,0.140580878,0.146403968,0.156475618,0.150652513,0.09502405,0.00581047,0.005373694
5.55319,0.971017814,-0.239007121,0,0,-0.482686417,0,0,0.980946004,-0.194244102,-0.00225467,-0.003038778,-0.390962186,-0.005603978,-0.005085943,-0.0979826,0.001535565,0.00570193,-0.149700721,0.00360063,0.004896045,-0.162727609,-0.150460809,-0.140054673,-0.152321488,0.140054673,0.152321488,0.162727609,0.150460809,0.091724231,0.005603978,0.005085943
5.6099999,0.970618311,-0.240624386,0,0,-0.486018173,0,0,0.980588078,-0.196043,-0.002353297,-0.002990978,-0.394630479,-0.00578798,-0.004943242,-0.091311336,0.000410527,0.00301525,-0.151037165,0.005665941,0.005614658,-0.158197358,-0.150996104,-0.141204014,-0.148405269,0.141204014,0.148405269,0.158197358,0.150996104,0.091387694,0.00578798,0.004943242
5.65848995,0.970327735,-0.24179348,0,0,-0.488427502,0,0,0.980030119,-0.198816463,-0.002265563,-0.002826452,-0.40028998,-0.005564559,-0.004639242,-0.094678983,0.012563915,0.009251384,-0.149786338,0.002411492,0.004376847,-0.162317723,-0.150985852,-0.139756531,-0.151088417,0.139756531,0.151088417,0.162317723,0.150985852,0.088137522,0.005564559,0.004639242
5.70168996,0.970232636,-0.242174795,0,0,-0.48921349,0,0,0.979622006,-0.200821295,-0.00214179,-0.002662329,-0.404383343,-0.005265618,-0.004355992,-0.092659876,-0.005026161,0.006227939,-0.150664384,0.007042203,0.0046902,-0.156574637,-0.151751667,-0.142997965,-0.14782095,0.142997965,0.14782095,0.156574637,0.151751667,0.084830147,0.005265618,0.004355992
5.75024009,0.97004512,-0.242924815,0,0,-0.490759702,0,0,0.979230106,-0.2027217,-0.002365762,-0.002616088,-0.408263765,-0.005693956,-0.004164401,-0.097468495,-0.009790064,0.002902001,-0.149980674,0.008583541,0.005274678,-0.162396744,-0.148312345,-0.138931945,-0.153016344,0.138931945,0.153016344,0.162396744,0.148312345,0.082495937,0.005693956,0.004164401
5.80253005,0.969770642,-0.244018242,0,0,-0.493014405,0,0,0.978854418,-0.204529509,-0.002343577,-0.002536069,-0.41195724,-0.005625471,-0.004006298,-0.091134019,0.001641363,0.00711903,-0.151672341,0.005625395,0.004535499,-0.163838848,-0.146671787,-0.13612242,-0.153289497,0.13612242,0.153289497,0.163838848,0.146671787,0.081057165,0.005625471,0.004006298
5.85464001,0.969504472,-0.245073621,0,0,-0.495191256,0,0,0.977987826,-0.208637953,-0.002163013,-0.002327329,-0.420356756,-0.005201962,-0.003649684,-0.089561924,-0.005669891,-0.004518033,-0.15097207,0.003603114,0.003607625,-0.161833197,-0.150582418,-0.14151141,-0.152762204,0.14151141,0.152762204,0.161833197,0.150582418,0.0748345,0.005201962,0.003649684
5.90757013,0.969331723,-0.245756,0,0,-0.496599068,0,0,0.977585554,-0.210513875,-0.002241835,-0.00235767,-0.424193553,-0.00537584,-0.003665833,-0.099787138,0.000984222,-0.000153482,-0.151656014,0.00746676,0.006312794,-0.15818277,-0.150976554,-0.143761307,-0.150967523,0.143761307,0.150967523,0.15818277,0.150976554,0.072405515,0.00537584,0.003665833
5.95298005,0.969079765,-0.246747661,0,0,-0.498645407,0,0,0.977168918,-0.212439865,-0.002203532,-0.002350719,-0.428134802,-0.005305242,-0.003657922,-0.096118458,-0.001052022,0.002681464,-0.149065506,0.00631114,0.005169486,-0.165435523,-0.150502026,-0.137876436,-0.152809948,0.137876436,0.152809948,0.165435523,0.150502026,0.070510605,0.005305242,0.003657922
6.00466991,0.968836546,-0.247700921,0,0,-0.500613003,0,0,0.976786733,-0.2141895,-0.002263764,-0.002360753,-0.431716409,-0.005433752,-0.003642216,-0.090418763,0.003195554,0.001690537,-0.150553012,0.00531749,0.005444142,-0.160546094,-0.147923827,-0.13758485,-0.150207117,0.13758485,0.150207117,0.160546094,0.147923827,0.068896594,0.005433752,0.003642216
6.05050993,0.968757442,-0.248010119,0,0,-0.501251317,0,0,0.976297557,-0.216409951,-0.002162033,-0.002333293,-0.436264253,-0.005231493,-0.003620263,-0.096248075,0.005634874,0.006947666,-0.149182703,0.004557473,0.004502673,-0.161314607,-0.150679633,-0.139791355,-0.150426328,0.139791355,0.150426328,0.161314607,0.150679633,0.064987064,0.005231493,0.003620263
6.10770011,0.968451009,-0.249204018,0,0,-0.503716511,0,0,0.975489259,-0.220025346,-0.002113381,-0.002287894,-0.443673997,-0.005129972,-0.003533692,-0.08739531,-0.006353856,0.000768155,-0.150474446,0.007087325,0.005798095,-0.158242807,-0.149127871,-0.140122533,-0.149237469,0.140122533,0.149237469,0.158242807,0.149127871,0.060042514,0.005129972,0.003533692
6.1587801,0.968303859,-0.249775172,0,0,-0.504896122,0,0,0.975082755,-0.221820325,-0.002082634,-0.002255801,-0.447355149,-0.005062268,-0.003475296,-0.08950232,0.003217906,0.003284961,-0.151092572,0.007822407,0.005598295,-0.163359836,-0.149185181,-0.137588993,-0.151763633,0.137588993,0.151763633,0.163359836,0.149185181,0.057540973,0.005062268,0.003475296
6.20546008,0.968160807,-0.250329086,0,0,-0.506040297,0,0,0.974590123,-0.223974913,-0.002125386,-0.002243767,-0.451775539,-0.005147877,-0.003421492,-0.084865108,-0.00487864,-0.00063777,-0.150304664,0.005261112,0.005165762,-0.16451323,-0.148868427,-0.137671843,-0.153316647,0.137671843,0.153316647,0.16451323,0.148868427,0.054264758,0.005147877,0.003421492
6.25015998,0.968021894,-0.250865728,0,0,-0.507148957,0,0,0.974208891,-0.225627005,-0.002165243,-0.002239419,-0.455166523,-0.005229368,-0.003386302,-0.080694281,0.002645701,0.005354733,-0.15097272,0.005658509,0.004944318,-0.160731509,-0.150209278,-0.139877766,-0.150399983,0.139877766,0.150399983,0.160731509,0.150209278,0.051982434,0.005229368,0.003386302
6.30157996,0.967821366,-0.25163824,0,0,-0.508745186,0,0,0.973846078,-0.22718811,-0.0020946,-0.002227892,-0.45837219,-0.00509196,-0.003387563,-0.081160672,0.002830476,-0.004096329,-0.150980584,0.005521743,0.006564122,-0.161575511,-0.150258496,-0.140369862,-0.151686877,0.140369862,0.151686877,0.161575511,0.150258496,0.050372996,0.00509196,0.003387563
6.35016013,0.96763036,-0.252371724,0,0,-0.510261077,0,0,0.973481596,-0.228744969,-0.002126,-0.002286032,-0.461569721,-0.005185101,-0.003478248,-0.076071918,0.002408772,-0.001354515,-0.152152896,0.005726743,0.006236634,-0.163066417,-0.152022928,-0.138894692,-0.149938166,0.138894692,0.149938166,0.163066417,0.152022928,0.048691356,0.005185101,0.003478248
6.40750003,0.967448994,-0.253066086,0,0,-0.511696393,0,0,0.972948492,-0.23100175,-0.002044014,-0.002337979,-0.466207429,-0.005057616,-0.003605177,-0.075125694,0.001577288,-0.005128979,-0.152019251,0.005865071,0.006977529,-0.164116234,-0.152662754,-0.140189484,-0.151642963,0.140189484,0.151642963,0.164116234,0.152662754,0.045488964,0.005057616,0.003605177
6.4589901,0.967333495,-0.253507217,0,0,-0.512608393,0,0,0.972262442,-0.233872026,-0.001983551,-0.002432832,-0.472109332,-0.004995026,-0.003802964,-0.067259371,-0.003263355,-0.005102158,-0.152324567,0.005636699,0.005791255,-0.164861813,-0.153131679,-0.139176622,-0.150906757,0.139176622,0.150906757,0.164861813,0.153131679,0.040499061,0.004995026,0.003802964
6.50462008,0.967222363,-0.253930896,0,0,-0.513484416,0,0,0.971936226,-0.235223919,-0.001954665,-0.002498584,-0.474890439,-0.004975092,-0.003937419,-0.065568089,0.005482883,-0.000549853,-0.153304578,0.00716283,0.007169502,-0.163752481,-0.152479097,-0.140896589,-0.152169973,0.140896589,0.152169973,0.163752481,0.152479097,0.038593977,0.004975092,0.003937419
6.55374003,0.96706392,-0.254533641,0,0,-0.514730862,0,0,0.971529067,-0.236899212,-0.001953474,-0.002562506,-0.478338218,-0.005009844,-0.004053606,-0.067679591,0.005472451,0.000592321,-0.152282884,0.004809712,0.006428938,-0.167636871,-0.153311223,-0.138972223,-0.153297871,0.138972223,0.153297871,0.167636871,0.153311223,0.036392644,0.005009844,0.004053606
6.60609007,0.966915469,-0.255096992,0,0,-0.515896025,0,0,0.971196234,-0.238260478,-0.001869463,-0.002589118,-0.481141048,-0.004865018,-0.004138304,-0.065636635,-0.000338256,-0.001314282,-0.152705183,0.006283668,0.006793442,-0.163521498,-0.153902084,-0.141044199,-0.150663614,0.141044199,0.150663614,0.163521498,0.153902084,0.034754977,0.004865018,0.004138304
6.65047002,0.966868222,-0.255276008,0,0,-0.516266318,0,0,0.970874667,-0.239566386,-0.001877998,-0.002664547,-0.48383044,-0.004923292,-0.004274136,-0.06471426,0.004402548,0.000651926,-0.152407902,0.005035748,0.006596901,-0.165782258,-0.153214931,-0.139628038,-0.152195379,0.139628038,0.152195379,0.165782258,0.153214931,0.032435878,0.004923292,0.004274136
6.70204998,0.966733238,-0.255786722,0,0,-0.517322821,0,0,0.970557332,-0.240847588,-0.001869306,-0.002745992,-0.486469842,-0.004951288,-0.004429917,-0.066946447,0.003915281,-0.00500381,-0.151660704,0.005114648,0.007675794,-0.164040521,-0.15396902,-0.140775219,-0.150846705,0.140775219,0.150846705,0.164040521,0.15396902,0.030852979,0.004951288,0.004429917
6.75309992,0.966608451,-0.256257884,0,0,-0.518297633,0,0,0.969846427,-0.243694514,-0.001773181,-0.002824577,-0.492338419,-0.004816112,-0.004614652,-0.061725084,-0.000295043,0.000158697,-0.151956109,0.005092757,0.006500751,-0.164451107,-0.154221818,-0.138870224,-0.149099529,0.138870224,0.149099529,0.164451107,0.154221818,0.025959214,0.004816112,0.004614652
6.80942011,0.966530964,-0.256549988,0,0,-0.518902047,0,0,0.969547153,-0.244881704,-0.001760743,-0.002909395,-0.494786643,-0.00483918,-0.004779317,-0.055539608,0.003065914,-0.001882017,-0.15239114,0.006196726,0.006946111,-0.163549587,-0.153364077,-0.140362576,-0.150548071,0.140362576,0.150548071,0.163549587,0.153364077,0.024115404,0.00483918,0.004779317
6.85913992,0.966458065,-0.25682447,0,0,-0.519470043,0,0,0.969258964,-0.24601917,-0.001731558,-0.00296117,-0.497133265,-0.004813684,-0.004888364,-0.060297549,-0.002114474,0.00109002,-0.151803475,0.006636247,0.006995871,-0.165435553,-0.152163073,-0.13817133,-0.151443809,0.13817133,0.151443809,0.165435553,0.152163073,0.022336778,0.004813684,0.004888364
6.91586996,0.966357364,-0.25720312,0,0,-0.520253666,0,0,0.968906105,-0.247405261,-0.001676969,-0.002992214,-0.499993896,-0.004730247,-0.004968641,-0.054372858,0.004858524,0.000204891,-0.152774264,0.004765902,0.007257339,-0.16479747,-0.155265674,-0.140750989,-0.150282785,0.140750989,0.150282785,0.16479747,0.155265674,0.02025977,0.004730247,0.004968641
6.95034004,0.966267095,-0.257542039,0,0,-0.520955134,0,0,0.968646646,-0.248418137,-0.001681787,-0.003040827,-0.502084766,-0.004768927,-0.005055479,-0.048163537,0.001259893,-0.002412498,-0.154018048,0.005779161,0.007817498,-0.16479747,-0.155265674,-0.140750989,-0.150282785,0.140750989,0.150282785,0.16479747,0.155265674,0.018870368,0.004768927,0.005055479
7.00199008,0.966239333,-0.257646175,0,0,-0.521170681,0,0,0.968388379,-0.249422625,-0.001675245,-0.003083624,-0.504158865,-0.004782845,-0.005136685,-0.052170455,0.002134592,-0.000207126,-0.15271092,0.005509399,0.007490259,-0.167614669,-0.156056359,-0.140421361,-0.15197967,0.140421361,0.15197967,0.167614669,0.156056359,0.017011816,0.004782845,0.005136685
7.05052996,0.966187313,-0.257841184,0,0,-0.521574338,0,0,0.968118668,-0.250467598,-0.001660562,-0.003099787,-0.506317275,-0.004768051,-0.00517017,-0.051712994,0.006283075,0.00429228,-0.152442433,0.004407997,0.006774796,-0.165710539,-0.154691756,-0.139711231,-0.150730029,0.139711231,0.150730029,0.165710539,0.154691756,0.015257063,0.004768051,0.00517017
7.15299011,0.96602619,-0.258444192,0,0,-0.522822662,0,0,0.967244864,-0.253822595,-0.001671327,-0.002971344,-0.51325187,-0.004741571,-0.004899667,-0.05307943,0.001452118,0.005864352,-0.15331322,0.006601853,0.007798517,-0.167713553,-0.154509857,-0.138912827,-0.152116522,0.138912827,0.152116522,0.167713553,0.154509857,0.009570792,0.004741571,0.004899667
7.16611004,0.96602619,-0.258444192,0,0,-0.522822662,0,0,0.967244864,-0.253822595,-0.001671327,-0.002971344,-0.51325187,-0.004741571,-0.004899667,-0.05307943,0.001452118,0.005864352,-0.15098601,0.005800286,0.006409205,-0.163195461,-0.151594907,-0.138776496,-0.15037705,0.138776496,0.15037705,0.163195461,0.151594907,0.009570792,0.004741571,0.004899667
7.20145011,0.966011356,-0.258499634,0,0,-0.522937448,0,0,0.966992855,-0.254781306,-0.001707762,-0.002904869,-0.515234701,-0.004783019,-0.004747835,-0.045199689,-0.001680851,0.00582859,-0.152349543,0.006788004,0.006408309,-0.163195461,-0.151594907,-0.138776496,-0.15037705,0.138776496,0.15037705,0.163195461,0.151594907,0.007702747,0.004783019,0.004747835
7.2583201,0.965985237,-0.258597221,0,0,-0.523139491,0,0,0.96669805,-0.255898535,-0.001715227,-0.002797025,-0.517546256,-0.00474774,-0.004529977,-0.04106164,-0.001290441,0.006041676,-0.152761172,0.006783989,0.006297551,-0.165842667,-0.152274698,-0.139679596,-0.153247565,0.139679596,0.153247565,0.165842667,0.152274698,0.005593235,0.00474774,0.004529977
7.31124998,0.965963857,-0.258677072,0,0,-0.523304818,0,0,0.966425598,-0.256926686,-0.001728342,-0.002720491,-0.51967394,-0.004738579,-0.004370253,-0.03785789,0.00340268,0.002823025,-0.153091318,0.00559309,0.006836055,-0.16552043,-0.154334247,-0.140662149,-0.151848316,0.140662149,0.151848316,0.16552043,0.154334247,0.003630878,0.004738579,0.004370253
7.35012007,0.965947222,-0.258739182,0,0,-0.523433417,0,0,0.966266453,-0.257525384,-0.001735672,-0.002645234,-0.520913332,-0.004716689,-0.004218101,-0.03901124,-8.64E-05,0.004946442,-0.152486296,0.006580504,0.00636229,-0.165429056,-0.152268052,-0.139543474,-0.152704477,0.139543474,0.152704477,0.165429056,0.152268052,0.002520085,0.004716689,0.004218101
7.40239001,0.965931176,-0.258799079,0,0,-0.523557434,0,0,0.965906441,-0.258872986,-0.001736674,-0.002560145,-0.523703546,-0.00468045,-0.00404662,-0.029172005,-0.002032518,0.002235919,-0.153436568,0.006686898,0.006615005,-0.165429056,-0.152268052,-0.139543474,-0.152704477,0.139543474,0.152704477,0.165429056,0.152268052,0.000146112,0.00468045,0.00404662
7.45045996,0.965926421,-0.258816827,0,0,-0.523594182,0,0,0.965906441,-0.258872986,-0.001736674,-0.002560145,-0.523703546,-0.00468045,-0.00404662,-0.029172005,-0.002032518,0.002235919,-0.154008787,0.007233195,0.006812633,-0.166738436,-0.153364643,-0.140134633,-0.153508425,0.140134633,0.153508425,0.166738436,0.153364643,0.000109364,0.00468045,0.00404662
7.50019002,0.965931176,-0.258799079,0,0,-0.523557434,0,0,0.965516329,-0.260325074,-0.001747013,-0.002473989,-0.526711172,-0.004661638,-0.003867822,-0.030383468,-0.002214312,0.001423806,-0.152931035,0.007334585,0.006874998,-0.168054581,-0.153588191,-0.139962927,-0.154429317,0.139962927,0.154429317,0.168054581,0.153588191,0.003153738,0.004661638,0.003867822
7.55009008,0.965940685,-0.258763584,0,0,-0.523483942,0,0,0.965363026,-0.260893136,-0.001736731,-0.002460189,-0.52788805,-0.004636861,-0.003843798,-0.029473009,-0.001697242,-0.001162291,-0.152781249,0.007200215,0.007317961,-0.167140573,-0.152471423,-0.138721421,-0.153390586,0.138721421,0.153390586,0.167140573,0.152471423,0.004404108,0.004636861,0.003843798
7.60015011,0.965954946,-0.258710345,0,0,-0.523373709,0,0,0.965204358,-0.261479706,-0.001712565,-0.002435391,-0.529103554,-0.004579577,-0.003805747,-0.030644238,0.00634268,0.001884252,-0.152087555,0.005034448,0.00679239,-0.16729939,-0.152898967,-0.138263047,-0.152663469,0.138263047,0.152663469,0.16729939,0.152898967,0.005729845,0.004579577,0.003805747
7.65025998,0.965985237,-0.258597221,0,0,-0.523139491,0,0,0.965001225,-0.262229562,-0.001705839,-0.002374982,-0.53065767,-0.004537869,-0.003689123,-0.03015846,-0.003804267,0.003310293,-0.151698396,0.007779196,0.006460489,-0.163914353,-0.153845474,-0.140260682,-0.150329575,0.140260682,0.150329575,0.163914353,0.153845474,0.007518179,0.004537869,0.003689123
7.70313001,0.966042206,-0.258384317,0,0,-0.522698703,0,0,0.964676917,-0.263421088,-0.001747021,-0.002204665,-0.533128244,-0.004532147,-0.003333215,-0.02938062,0.003436953,0.004585833,-0.150486849,0.006396904,0.006625074,-0.163508788,-0.150714993,-0.137464836,-0.150258645,0.137464836,0.150258645,0.163508788,0.150714993,0.010429541,0.004532147,0.003333215
7.75220991,0.966077781,-0.258251277,0,0,-0.522423274,0,0,0.964547217,-0.263895959,-0.001783802,-0.002085234,-0.534113332,-0.004541707,-0.003081174,-0.024621191,-0.007601083,0.004389137,-0.150767385,0.005979409,0.006103586,-0.163508788,-0.150714993,-0.137464836,-0.150258645,0.137464836,0.150258645,0.163508788,0.150714993,0.011690058,0.004541707,0.003081174
7.80117012,0.966118068,-0.25810052,0,0,-0.522111179,0,0,0.964371443,-0.264538705,-0.001850922,-0.001906758,-0.535446852,-0.00457879,-0.002698397,-0.025397539,-0.001145899,0.00712201,-0.150858773,0.007491875,0.005376077,-0.16285035,-0.150891528,-0.138684362,-0.15064317,0.138684362,0.15064317,0.16285035,0.150891528,0.013335673,0.00457879,0.002698397
7.85035992,0.966163058,-0.257932055,0,0,-0.521762441,0,0,0.96425879,-0.264949471,-0.00189954,-0.001766407,-0.536299379,-0.004599329,-0.00240001,-0.02128333,-0.001932681,0.00776723,-0.151333662,0.007853963,0.005143612,-0.163726687,-0.148742944,-0.137990788,-0.152974531,0.137990788,0.152974531,0.163726687,0.148742944,0.014536938,0.004599329,0.00240001
7.90151,0.966212738,-0.257745891,0,0,-0.521377084,0,0,0.96418196,-0.265229821,-0.001965062,-0.001622888,-0.536881422,-0.004650248,-0.002087157,-0.014288724,-0.009638072,0.008185953,-0.152523451,0.010111742,0.004943169,-0.164331198,-0.148623288,-0.138336062,-0.154043972,0.138336062,0.154043972,0.164331198,0.148623288,0.015504338,0.004650248,0.002087157
7.95042992,0.966296022,-0.257433483,0,0,-0.520730447,0,0,0.964118481,-0.265460908,-0.001992517,-0.001433153,-0.537361646,-0.004602954,-0.001705606,-0.005950034,-0.007387996,0.011552126,-0.153816509,0.009693105,0.004215195,-0.167578325,-0.147354856,-0.137468517,-0.157691985,0.137468517,0.157691985,0.167578325,0.147354856,0.016631199,0.004602954,0.001705606
8.01311994,0.966423343,-0.256955098,0,0,-0.519740371,0,0,0.964031041,-0.265779674,-0.002097781,-0.001055409,-0.538024537,-0.00460568,-0.000919808,-0.002668798,-0.002500415,0.00954941,-0.152879798,0.00882924,0.004299066,-0.167724773,-0.148338571,-0.13990818,-0.159294382,0.13990818,0.159294382,0.167724773,0.148338571,0.018284166,0.00460568,0.000919808
8.05671001,0.96649394,-0.256689433,0,0,-0.5191906,0,0,0.964010894,-0.265852392,-0.002151561,-0.000926309,-0.538176079,-0.004640796,-0.000641956,-0.003142656,-0.004050136,0.00530705,-0.153470248,0.008673209,0.004173441,-0.16600807,-0.148349598,-0.139751464,-0.157409936,0.139751464,0.157409936,0.16600807,0.148349598,0.018985479,0.004640796,0.000641956
8.10467005,0.966569135,-0.256406138,0,0,-0.51860439,0,0,0.963983774,-0.265950859,-0.002171433,-0.00079831,-0.53838095,-0.004611091,-0.00038413,-0.006709994,-0.004309416,0.00672713,-0.152194464,0.009295646,0.004333784,-0.166316867,-0.148970455,-0.140623569,-0.157969981,0.140623569,0.157969981,0.166316867,0.148970455,0.01977656,0.004611091,0.00038413
8.15030003,0.966648908,-0.256105228,0,0,-0.517981782,0,0,0.963921845,-0.266175538,-0.00221337,-0.000664366,-0.538847717,-0.004620724,-0.000102505,-0.01076758,-0.004062057,0.003234298,-0.150854138,0.0092867,0.004756754,-0.165823862,-0.147232577,-0.138565004,-0.157156289,0.138565004,0.157156289,0.165823862,0.147232577,0.020865935,0.004620724,0.000102505
8.20297003,0.966777103,-0.255620876,0,0,-0.516979722,0,0,0.963859439,-0.266401172,-0.002245895,-0.000577802,-0.539316356,-0.004637325,8.28E-05,-0.00834167,-0.002193451,0.001915545,-0.15087994,0.008878141,0.00491261,-0.164897546,-0.146324158,-0.13681066,-0.155384049,0.13681066,0.155384049,0.164897546,0.146324158,0.022336634,0.004637325,0.0000828
8.25222993,0.966915469,-0.255096992,0,0,-0.515896025,0,0,0.963803947,-0.266602218,-0.002266105,-0.000536766,-0.539733698,-0.004654384,0.000173625,-0.012855234,-0.003311038,-0.001823902,-0.149219569,0.009170914,0.00547376,-0.164670646,-0.146914378,-0.137089163,-0.154845431,0.137089163,0.154845431,0.164670646,0.146914378,0.023837673,0.004654384,0.000173625
8.3081801,0.96706392,-0.254533641,0,0,-0.514730862,0,0,0.963691831,-0.267007083,-0.002247637,-0.000482173,-0.540574121,-0.004589562,0.00027094,-0.005351007,0.00031963,0.003150851,-0.148305341,0.008181992,0.004359108,-0.160846397,-0.144482434,-0.135764211,-0.15212819,0.135764211,0.15212819,0.160846397,0.144482434,0.025843259,0.004589562,0.00027094
8.35475994,0.967168445,-0.254136184,0,0,-0.513908918,0,0,0.963689923,-0.267013758,-0.002245039,-0.000521476,-0.540587831,-0.004605542,0.000193832,0.006084889,-0.00294447,-0.001704693,-0.149263241,0.00827382,0.004617639,-0.160846397,-0.144482434,-0.135764211,-0.15212819,0.135764211,0.15212819,0.160846397,0.144482434,0.026678913,0.004605542,0.000193832
8.40514994,0.967277381,-0.253721239,0,0,-0.513050906,0,0,0.963708401,-0.266947061,-0.002249997,-0.000538252,-0.540449344,-0.004624068,0.000163826,0.005459042,0.00031516,0.00031665,-0.151159669,0.008349058,0.005239917,-0.16215466,-0.145607039,-0.136371747,-0.152919382,0.136371747,0.152919382,0.16215466,0.145607039,0.027398438,0.004624068,0.000163826
8.4574101,0.967448994,-0.253066086,0,0,-0.511696393,0,0,0.963730395,-0.266868055,-0.002243936,-0.000569919,-0.540285174,-0.004629301,9.92E-05,0.007290393,-0.002719462,0.001519173,-0.151112462,0.009158935,0.005067304,-0.165338665,-0.147020802,-0.136886194,-0.155204058,0.136886194,0.155204058,0.165338665,0.147020802,0.028588781,0.004629301,0.0000992
8.50287009,0.96763036,-0.252371724,0,0,-0.510261077,0,0,0.963816762,-0.266555846,-0.0022278,-0.000637129,-0.539636979,-0.004634058,-4.05E-05,0.016947838,0.000425428,-0.001856685,-0.152838103,0.008350707,0.005788943,-0.165338665,-0.147020802,-0.136886194,-0.155204058,0.136886194,0.155204058,0.165338665,0.147020802,0.029375902,0.004634058,0.0000405
8.55008007,0.967692963,-0.252131572,0,0,-0.509764722,0,0,0.963926852,-0.266157448,-0.002217155,-0.000683874,-0.538810093,-0.004638404,-0.000138186,0.024334341,0.000811368,-0.000990927,-0.154101218,0.008279995,0.005735057,-0.166977718,-0.150276318,-0.138698429,-0.155399829,0.138698429,0.155399829,0.166977718,0.150276318,0.029045371,0.004638404,0.000138186
8.60800004,0.967954001,-0.251127563,0,0,-0.507689944,0,0,0.964120209,-0.265455812,-0.0021835,-0.000867924,-0.537353626,-0.00467112,-0.000514327,0.020072611,0.007938594,-0.001356006,-0.151761278,0.007871338,0.005642572,-0.168116227,-0.151556253,-0.140086144,-0.156646118,0.140086144,0.156646118,0.168116227,0.151556253,0.029663682,0.00467112,0.000514327
8.6582799,0.968090831,-0.250599568,0,0,-0.506599072,0,0,0.964199305,-0.26516813,-0.002159483,-0.000982247,-0.536756357,-0.004685281,-0.000748919,0.016245993,0.002010912,-0.008724631,-0.151504299,0.006213984,0.005978145,-0.165275156,-0.149532482,-0.138247341,-0.15399,0.138247341,0.15399,0.165275156,0.149532482,0.030157285,0.004685281,0.000748919
8.70875001,0.968303859,-0.249775172,0,0,-0.504896122,0,0,0.964253843,-0.264969677,-0.002108765,-0.001112026,-0.536344097,-0.004656093,-0.001027043,0.007838756,0.003511459,-0.004912913,-0.148559833,0.007100119,0.006744951,-0.163696393,-0.151268438,-0.139312133,-0.151740104,0.139312133,0.151740104,0.163696393,0.151268438,0.031447975,0.004656093,0.001027043
8.75252009,0.968451009,-0.249204018,0,0,-0.503716511,0,0,0.9642784,-0.264880151,-0.002071077,-0.001213687,-0.536157938,-0.004637169,-0.001243504,0.003763288,0.002572686,-0.003087521,-0.147084136,0.007234914,0.006508663,-0.162404865,-0.14820464,-0.134714738,-0.148914963,0.134714738,0.148914963,0.162404865,0.14820464,0.032441427,0.004637169,0.001243504
8.8011601,0.968602218,-0.248615656,0,0,-0.502501548,0,0,0.96427536,-0.264890313,-0.002069762,-0.0013129,-0.536178666,-0.004687207,-0.001435491,0.002609938,0.003669411,-0.002008677,-0.146154075,0.006896974,0.006436325,-0.160827681,-0.146357864,-0.133340538,-0.147810355,0.133340538,0.147810355,0.160827681,0.146357864,0.033677118,0.004687207,0.001435491
8.85176993,0.968757442,-0.248010119,0,0,-0.501251317,0,0,0.964289427,-0.26483953,-0.00201706,-0.001369599,-0.53607301,-0.004615524,-0.001573003,0.005932898,0.006755443,-0.000342727,-0.146187579,0.006017817,0.006235223,-0.159487337,-0.145693392,-0.13282074,-0.146614686,0.13282074,0.146614686,0.159487337,0.145693392,0.034821693,0.004615524,0.001573003
8.91015006,0.969079765,-0.246747662,0,0,-0.498645407,0,0,0.964428604,-0.264331847,-0.001997056,-0.001482142,-0.535019629,-0.004635607,-0.001803089,0.021711739,0.000292808,-0.002272427,-0.148274182,0.007781008,0.006483454,-0.162538603,-0.146976605,-0.134009689,-0.149571702,0.134009689,0.149571702,0.162538603,0.146976605,0.036374222,0.004635607,0.001803089
8.95335007,0.969246775,-0.246090813,0,0,-0.497289911,0,0,0.964546621,-0.263900787,-0.001992776,-0.001539763,-0.53412549,-0.004656956,-0.001918577,0.024663661,0.000879914,-0.001688302,-0.147344798,0.007812227,0.006752302,-0.161909297,-0.146284848,-0.132780239,-0.148404688,0.132780239,0.148404688,0.161909297,0.146284848,0.036835579,0.004656956,0.001918577
9.01050997,0.969504472,-0.245073621,0,0,-0.495191256,0,0,0.964723289,-0.263254106,-0.001973015,-0.001557079,-0.532784649,-0.004626657,-0.001965514,0.041007254,0.001149625,0.000911206,-0.151303442,0.007732607,0.006401867,-0.165437877,-0.149972677,-0.137168944,-0.152634144,0.137168944,0.152634144,0.165437877,0.149972677,0.037593393,0.004626657,0.001965514
9.05211997,0.969680987,-0.24437427,0,0,-0.49374869,0,0,0.9650141,-0.262185723,-0.001961751,-0.001627003,-0.53056978,-0.004639405,-0.0021115,0.050555915,0.003554672,-0.002779067,-0.153113747,0.00707556,0.007160142,-0.165437877,-0.149972677,-0.137168944,-0.152634144,0.137168944,0.152634144,0.165437877,0.149972677,0.03682109,0.004639405,0.0021115
9.1024201,0.96986122,-0.243657987,0,0,-0.492271471,0,0,0.96529001,-0.261168092,-0.001939334,-0.001697587,-0.528460687,-0.004630767,-0.002264369,0.054039806,0.001259893,-0.00435263,-0.15279876,0.00764953,0.007490692,-0.167349413,-0.153198302,-0.138878018,-0.153029129,0.138878018,0.153029129,0.167349413,0.153198302,0.036189216,0.004630767,0.002264369
9.15699006,0.97004512,-0.242924815,0,0,-0.490759702,0,0,0.965575099,-0.260111153,-0.001941685,-0.001810396,-0.526270665,-0.004691511,-0.002486069,0.053217266,0.001796335,-0.00540316,-0.15236975,0.007444597,0.007774411,-0.167938948,-0.152639896,-0.137658507,-0.152957559,0.137658507,0.152957559,0.167938948,0.152639896,0.035510963,0.004691511,0.002486069
9.2009399,0.970232636,-0.242174795,0,0,-0.48921349,0,0,0.965881586,-0.258969873,-0.001922157,-0.001925191,-0.52390664,-0.004710302,-0.002723486,0.063855201,0.000234693,-0.004990399,-0.154397413,0.00788133,0.007875215,-0.167588726,-0.15269953,-0.13715072,-0.1520399,0.13715072,0.1520399,0.167588726,0.15269953,0.03469315,0.004710302,0.002723486
9.25055004,0.970520579,-0.24101827,0,0,-0.48682983,0,0,0.966479659,-0.256727666,-0.001851043,-0.002184503,-0.519264146,-0.004699652,-0.00327217,0.041448325,0.004524738,-0.002336502,-0.150835653,0.005805606,0.007424521,-0.170153916,-0.154391274,-0.138640836,-0.154403493,0.138640836,0.154403493,0.170153916,0.154391274,0.032434316,0.004699652,0.00327217
9.30405999,0.970916666,-0.239417685,0,0,-0.483532097,0,0,0.966634631,-0.256143093,-0.001817696,-0.00223767,-0.518054388,-0.00466044,-0.003394881,0.028579682,0.001945347,0.001624972,-0.147189146,0.007807017,0.007696554,-0.162692681,-0.147078648,-0.13168554,-0.147299573,0.13168554,0.147299573,0.162692681,0.147078648,0.034522291,0.00466044,0.003394881
9.35127998,0.9711198,-0.238592403,0,0,-0.481832269,0,0,0.966754675,-0.255689442,-0.001821806,-0.002251217,-0.51711577,-0.004673721,-0.00342116,0.025653096,-8.94E-06,0.002234429,-0.14489622,0.007322807,0.006654212,-0.162692681,-0.147078648,-0.13168554,-0.147299573,0.13168554,0.147299573,0.162692681,0.147078648,0.035283501,0.004673721,0.00342116
9.40224004,0.971326252,-0.237750524,0,0,-0.480098623,0,0,0.966868758,-0.255258292,-0.001848824,-0.002153856,-0.516224256,-0.004674737,-0.003221178,0.014578552,-0.005446374,0.00236705,-0.140870094,0.008734083,0.006405974,-0.1588732,-0.144227594,-0.130919173,-0.14556478,0.130919173,0.14556478,0.1588732,0.144227594,0.036125633,0.004674737,0.003221178
9.45126009,0.971535966,-0.2368921,0,0,-0.478331283,0,0,0.966932356,-0.255017459,-0.001901364,-0.0020833,-0.515726357,-0.004739554,-0.003059097,0.010956079,-0.002850592,-0.000177324,-0.139232839,0.00808543,0.006744259,-0.156010121,-0.138541967,-0.125730008,-0.143198162,0.125730008,0.143198162,0.156010121,0.138541967,0.037395074,0.004739554,0.003059097
9.50222993,0.971856524,-0.235573548,0,0,-0.475617367,0,0,0.967012584,-0.254713714,-0.001966987,-0.001980012,-0.515098476,-0.004812892,-0.002827392,0.02019182,-0.002807379,0.008358807,-0.139841734,0.008273577,0.005218518,-0.154062495,-0.137891635,-0.124403127,-0.140573978,0.124403127,0.140573978,0.154062495,0.137891635,0.039481109,0.004812892,0.002827392
9.56441999,0.972184089,-0.234218055,0,0,-0.472828345,0,0,0.967408895,-0.253208309,-0.00189018,-0.001453627,-0.5119878,-0.004393308,-0.001855303,0.053850565,0.002906472,0.014982373,-0.142082859,0.008628421,0.004218483,-0.153333798,-0.136786655,-0.126349613,-0.142896757,0.126349613,0.142896757,0.153333798,0.136786655,0.039159455,0.004393308,0.001855303
9.61119009,0.972406257,-0.233293958,0,0,-0.470927489,0,0,0.967713833,-0.252042949,-0.001791028,-0.001150792,-0.509579999,-0.004046513,-0.001324453,0.064372271,-0.006365776,0.01352653,-0.148627455,0.009629011,0.003495899,-0.154929727,-0.137672901,-0.129235923,-0.146492764,0.129235923,0.146492764,0.154929727,0.137672901,0.03865251,0.004046513,0.001324453
9.65399003,0.972745043,-0.231877298,0,0,-0.468014275,0,0,0.968070149,-0.250670552,-0.001856641,-0.001034432,-0.506744671,-0.004113333,-0.001072003,0.08039996,-0.00025332,0.00569895,-0.149541428,0.010091722,0.004881798,-0.164514914,-0.14433147,-0.134567887,-0.154751316,0.134567887,0.154751316,0.164514914,0.14433147,0.038730396,0.004113333,0.001072003
9.70589996,0.97309028,-0.230424188,0,0,-0.465027157,0,0,0.968513787,-0.24895215,-0.001849042,-0.000882571,-0.503195792,-0.00402109,-0.000788925,0.094669305,-0.00192523,0.009373575,-0.15453382,0.008813506,0.004040468,-0.167387754,-0.149760753,-0.141679823,-0.159306824,0.141679823,0.159306824,0.167387754,0.149760753,0.038168635,0.00402109,0.000788925
9.75344992,0.973206756,-0.229931751,0,0,-0.464015109,0,0,0.969177544,-0.24635686,-0.001736783,-0.00060482,-0.497839136,-0.003664512,-0.000316622,0.117006153,0.002265722,0.014614314,-0.159460635,0.007813665,0.002891758,-0.167387754,-0.149760753,-0.141679823,-0.159306824,0.141679823,0.159306824,0.167387754,0.149760753,0.033824027,0.003664512,0.000316622
9.80539012,0.973679425,-0.227921869,0,0,-0.45988568,0,0,0.970291376,-0.241933659,-0.001691759,-0.000404549,-0.488717181,-0.003478752,3.35E-05,0.112392776,-0.000299513,0.006372483,-0.157778069,0.009459488,0.004210655,-0.171448171,-0.15252921,-0.144107893,-0.163026869,0.144107893,0.163026869,0.171448171,0.15252921,0.028831501,0.003478752,0.0000335
9.85314012,0.973919703,-0.226892951,0,0,-0.457772479,0,0,0.970801413,-0.23987852,-0.001707089,-0.000388094,-0.484482266,-0.003500687,6.55E-05,0.099452585,-0.003746152,-0.001657009,-0.156962054,0.008355422,0.003873996,-0.171448171,-0.15252921,-0.144107893,-0.163026869,0.144107893,0.163026869,0.171448171,0.15252921,0.026709787,0.003500687,0.0000655
9.90893007,0.974162523,-0.225848131,0,0,-0.455627149,0,0,0.971447527,-0.237247467,-0.001828011,-0.000522257,-0.47906341,-0.00379945,-0.000147309,0.079280876,-0.003190339,-0.007025898,-0.153647318,0.009123895,0.005068308,-0.169191435,-0.152480602,-0.144732609,-0.161443442,0.144732609,0.161443442,0.169191435,0.152480602,0.023436261,0.00379945,0.000147309
9.95038009,0.974531369,-0.224251222,0,0,-0.452349244,0,0,0.971716702,-0.236139745,-0.002070461,-0.000798182,-0.476782507,-0.004400782,-0.000573383,0.044312339,-0.011235476,-0.022323435,-0.143518086,0.010855003,0.008714215,-0.163087264,-0.14137727,-0.123948842,-0.145658836,0.123948842,0.145658836,0.163087264,0.14137727,0.024433263,0.004400782,0.000573383
10.00501991,0.974905549,-0.222618892,0,0,-0.448999907,0,0,0.971853793,-0.235570073,-0.002356217,-0.001241193,-0.475608535,-0.005164595,-0.001302425,0.023462623,-0.001354516,-0.023078918,-0.138100553,0.008237176,0.009337832,-0.163087264,-0.14137727,-0.123948842,-0.145658836,0.123948842,0.145658836,0.163087264,0.14137727,0.026608628,0.005164595,0.001302425
10.05026007,0.97503142,-0.222066949,0,0,-0.447867679,0,0,0.971901596,-0.235373348,-0.002162871,-0.001455654,-0.47520257,-0.004889458,-0.001811362,0.003945083,0.007163733,-0.007037819,-0.132669222,0.005508584,0.006703471,-0.15567553,-0.139201179,-0.120525517,-0.13699986,0.120525517,0.13699986,0.15567553,0.139201179,0.027334891,0.004889458,0.001811362
10.11651993,0.975540396,-0.219820234,0,0,-0.443260386,0,0,0.971897066,-0.235394984,-0.00162386,-0.001691687,-0.4752462,-0.003952889,-0.002523817,0.010744483,0.015858563,0.005140156,-0.127527894,0.003481163,0.006131197,-0.144881248,-0.13386409,-0.120457143,-0.131474301,0.120457143,0.131474301,0.144881248,0.13386409,0.031985814,0.003952889,0.002523817
10.1598599,0.975798055,-0.218673631,0,0,-0.440909993,0,0,0.971963346,-0.235121548,-0.001485616,-0.001740965,-0.474683499,-0.003706613,-0.002685729,0.02085492,0.003629178,-0.000470877,-0.128936952,0.002508873,0.004824841,-0.137140229,-0.1301779,-0.117915511,-0.124877833,0.117915511,0.124877833,0.137140229,0.1301779,0.033773506,0.003706613,0.002685729
10.20720005,0.976057731,-0.217511624,0,0,-0.438528656,0,0,0.972106516,-0.2345296,-0.001375842,-0.001734867,-0.473465683,-0.003488692,-0.002727619,0.036918372,0.00750646,0.006354601,-0.1306795,0.005669509,0.005825632,-0.136270642,-0.1312529,-0.121603213,-0.126620948,0.121603213,0.126620948,0.136270642,0.1312529,0.034937027,0.003488692,0.002727619
10.25786996,0.97645087,-0.215739888,0,0,-0.434898996,0,0,0.972363055,-0.233465701,-0.001187235,-0.001628655,-0.471277645,-0.003069322,-0.002612945,0.068771094,0.010276586,0.008421392,-0.140381639,0.003954554,0.004383084,-0.142174616,-0.130835593,-0.119184338,-0.130523339,0.119184338,0.130523339,0.142174616,0.130835593,0.036378649,0.003069322,0.002612945
10.30531002,0.976848139,-0.213933898,0,0,-0.43120066,0,0,0.972830534,-0.231512889,-0.000820446,-0.001404174,-0.467263032,-0.00224648,-0.002352166,0.099659733,0.010628255,0.018919261,-0.146535437,0.003730716,0.002386838,-0.148719251,-0.140810147,-0.132043973,-0.139953077,0.132043973,0.139953077,0.148719251,0.140810147,0.036062372,0.00224648,0.002352166
10.35135007,0.976981437,-0.213324333,0,0,-0.429952721,0,0,0.973326564,-0.229421303,-0.000481523,-0.001155474,-0.462964981,-0.001467539,-0.002028367,0.11661426,0.018364936,0.019039961,-0.148404076,0.001420309,0.002074895,-0.152652949,-0.145191535,-0.140417859,-0.147879288,0.140417859,0.147879288,0.152652949,0.145191535,0.03301226,0.001467539,0.002028367
10.40939999,0.977518756,-0.21084848,0,0,-0.424885745,0,0,0.973907769,-0.226943001,-0.000127409,-0.000918364,-0.457874809,-0.000665002,-0.001730975,0.136239082,0.016868861,0.017973036,-0.152406283,0.001582943,0.001962169,-0.151899248,-0.149058625,-0.144908845,-0.147749454,0.144908845,0.147749454,0.151899248,0.149058625,0.032989064,0.000665002,0.001730975
10.46182991,0.977925815,-0.208952389,0,0,-0.421007159,0,0,0.975304067,-0.220865324,0.000683168,-0.000324829,-0.445403899,0.001189107,-0.000935391,0.120606281,0.011067837,0.013633817,-0.153758606,0.001778413,0.00161668,-0.155951366,-0.15278548,-0.14886114,-0.152027026,0.14886114,0.152027026,0.155951366,0.15278548,0.02439674,0.001189107,0.000935391
10.5041101,0.978062226,-0.208312944,0,0,-0.419699492,0,0,0.97582835,-0.218536511,0.000887383,-0.000197212,-0.440629778,0.001645671,-0.000772743,0.115031749,0.0081338,0.006572158,-0.148127082,0.00201679,0.001520928,-0.157153666,-0.153596848,-0.150363475,-0.153920308,0.150363475,0.153920308,0.157153666,0.153596848,0.020930286,0.001645671,0.000772743
10.55168009,0.978336078,-0.207022992,0,0,-0.41706209,0,0,0.976277173,-0.216522649,0.000983801,-0.000179421,-0.436503315,0.001843228,-0.000776361,0.100276619,0.001590699,-0.000676513,-0.147488114,0.002477653,0.002430148,-0.151664764,-0.147631183,-0.144589335,-0.148622915,0.144589335,0.148622915,0.151664764,0.147631183,0.019441225,0.001843228,0.000776361
10.60228992,0.978749287,-0.20506056,0,0,-0.413051162,0,0,0.976661444,-0.214782879,0.000996614,-0.000249576,-0.432940034,0.0018395,-0.000915614,0.079121441,-0.000263751,-0.006516279,-0.13902795,0.004151582,0.004359806,-0.152395874,-0.147440583,-0.142580286,-0.147535592,0.142580286,0.147535592,0.152395874,0.147440583,0.019888872,0.0018395,0.000915614
10.6512301,0.979026269,-0.203734055,0,0,-0.410340935,0,0,0.977049589,-0.213010028,0.000725632,-0.000672157,-0.429310422,0.001131604,-0.001622597,0.049064308,-0.009571016,-0.017131867,-0.132143132,0.006551401,0.006500807,-0.147539303,-0.139236152,-0.130516529,-0.138819695,0.130516529,0.138819695,0.147539303,0.139236152,0.018969487,0.001131604,0.001622597
10.70920992,0.979583504,-0.201037704,0,0,-0.404834274,0,0,0.977209449,-0.212274179,0.000416344,-0.001118204,-0.427803876,0.000338979,-0.002362199,0.034705542,-0.010649858,-0.027717652,-0.127990646,0.006949365,0.008827863,-0.145195305,-0.132092521,-0.1190909,-0.132193699,0.1190909,0.132193699,0.145195305,0.132092521,0.022969602,0.000338979,0.002362199
10.75317002,0.979863602,-0.199668027,0,0,-0.402038228,0,0,0.977341533,-0.211662337,8.29E-05,-0.001638213,-0.426550742,-0.000531529,-0.00323727,0.033111125,-0.01167506,-0.029976668,-0.126475903,0.007467198,0.009898189,-0.143767849,-0.129869118,-0.112213396,-0.126112118,0.112213396,0.126112118,0.143767849,0.129869118,0.024512514,0.000531529,0.00323727
10.80455995,0.980144583,-0.198284132,0,0,-0.399213965,0,0,0.977590978,-0.210491493,-0.000784711,-0.002946144,-0.42414983,-0.002774533,-0.005429945,0.034155697,-0.009785593,-0.030648708,-0.122326864,0.008136395,0.011145218,-0.143841252,-0.128906876,-0.109110489,-0.12404488,0.109110489,0.12404488,0.143841252,0.128906876,0.024935865,0.002774533,0.005429945
10.85302997,0.980426367,-0.196886107,0,0,-0.396361684,0,0,0.977764666,-0.209673658,-0.001109083,-0.003500143,-0.422473607,-0.003636628,-0.006379625,0.05390868,-0.008417666,-0.027516486,-0.122708439,0.007675175,0.011781346,-0.141608447,-0.125335664,-0.103045225,-0.119318008,0.103045225,0.119318008,0.141608447,0.125335664,0.026111923,0.003636628,0.006379625
10.90154005,0.980708876,-0.195474041,0,0,-0.393481585,0,0,0.978016078,-0.208488524,-0.001362323,-0.003940426,-0.420046798,-0.004307826,-0.007139668,0.07247106,-0.006985664,-0.023180248,-0.129551349,0.007680714,0.012017727,-0.142164931,-0.126814589,-0.103251897,-0.118602239,0.103251897,0.118602239,0.142164931,0.126814589,0.026565213,0.004307826,0.007139668
10.95644999,0.981275752,-0.192608148,0,0,-0.387638744,0,0,0.978337944,-0.206962839,-0.001580253,-0.004334445,-0.416924493,-0.0048862,-0.00782717,0.084971644,-0.005489588,-0.014418365,-0.131365545,0.007543786,0.011080861,-0.149249762,-0.133888334,-0.10985288,-0.125214309,0.10985288,0.125214309,0.149249762,0.133888334,0.029285749,0.0048862,0.00782717
11.00592995,0.98155996,-0.191154505,0,0,-0.384676411,0,0,0.978840292,-0.204566568,-0.001719323,-0.004624027,-0.412024891,-0.005257751,-0.008349147,0.109631568,-0.000761449,-0.007149578,-0.136140391,0.006562234,0.010322613,-0.149990156,-0.134902596,-0.112740874,-0.127828434,0.112740874,0.127828434,0.149990156,0.134902596,0.02734848,0.005257751,0.008349147
11.05139995,0.981987011,-0.188948432,0,0,-0.380182357,0,0,0.979312956,-0.2022928,-0.001665023,-0.004611155,-0.407380605,-0.005126785,-0.008358088,0.122637309,0.000160187,-0.000432134,-0.137562195,0.006336893,0.009165626,-0.15302521,-0.139900744,-0.11925552,-0.132379979,0.11925552,0.132379979,0.15302521,0.139900744,0.027198248,0.005126785,0.008358088
11.1076901,0.982414709,-0.186711916,0,0,-0.375628267,0,0,0.980416358,-0.196887687,-0.001478294,-0.004126924,-0.396351736,-0.004523783,-0.007510238,0.146477684,0.008004159,0.024280697,-0.140331605,0.005641808,0.006347876,-0.153064683,-0.140390903,-0.122059651,-0.134733424,0.122059651,0.134733424,0.153064683,0.140390903,0.020723469,0.004523783,0.007510238
11.15285993,0.982557372,-0.185959701,0,0,-0.37409702,0,0,0.981129348,-0.193315625,-0.001338658,-0.003558723,-0.389070672,-0.004002717,-0.006465664,0.140557438,-0.004813076,0.023051355,-0.141847136,0.004283916,0.004331476,-0.152321249,-0.141037643,-0.128341898,-0.139625505,0.128341898,0.139625505,0.152321249,0.141037643,0.014973652,0.004002717,0.006465664
11.21091009,0.983128243,-0.182917625,0,0,-0.367906664,0,0,0.981665194,-0.1905853,-0.001274476,-0.003042903,-0.383508707,-0.00366209,-0.005488495,0.138691828,6.71E-06,0.032296035,-0.140043391,0.006261736,0.001352015,-0.150462493,-0.141894668,-0.133231714,-0.141799539,0.133231714,0.141799539,0.150462493,0.141894668,0.015602043,0.00366209,0.005488495
11.2599299,0.983556346,-0.180601537,0,0,-0.363196022,0,0,0.982162595,-0.188014627,-0.001192473,-0.002434663,-0.378274968,-0.003257915,-0.0043341,0.129377097,-0.00935644,0.027843565,-0.137738486,0.008669984,0.001201777,-0.147657111,-0.135133639,-0.132429615,-0.144953072,0.132429615,0.144953072,0.147657111,0.135133639,0.015078946,0.003257915,0.0043341
11.30188013,0.983698983,-0.179822998,0,0,-0.361613026,0,0,0.982618213,-0.185624301,-0.001325512,-0.001912553,-0.373409878,-0.003314982,-0.003266548,0.116837777,-0.009046495,0.026933106,-0.134580702,0.008718569,0.000606302,-0.147610217,-0.130270258,-0.1278667,-0.14520666,0.1278667,0.14520666,0.147610217,0.130270258,0.011796852,0.003314982,0.003266548
11.3505199,0.983984104,-0.17825623,0,0,-0.358428027,0,0,0.983179033,-0.182633519,-0.001598862,-0.001223172,-0.367326187,-0.003590728,-0.001821194,0.091094524,-0.020538272,0.014162811,-0.128124763,0.011993234,0.001746538,-0.143905535,-0.126468405,-0.125255808,-0.142692938,0.125255808,0.142692938,0.143905535,0.126468405,0.00889816,0.003590728,0.001821194
11.40254999,0.984268951,-0.176676631,0,0,-0.355217872,0,0,0.983481169,-0.180998489,-0.001920252,-0.000914852,-0.364001759,-0.004108247,-0.001104363,0.079935044,-0.023448465,0.01163706,-0.123976806,0.013108681,0.001741372,-0.141864493,-0.11787805,-0.114384972,-0.138371423,0.114384972,0.138371423,0.141864493,0.11787805,0.008783887,0.004108247,0.001104363
11.45924998,0.984837506,-0.173479354,0,0,-0.348722999,0,0,0.983979285,-0.178260714,-0.002779985,-0.000682784,-0.358437561,-0.005714352,-0.000352573,0.06849692,-0.016759336,0.002289564,-0.120270979,0.012745656,0.002772637,-0.138826817,-0.112609476,-0.109126732,-0.135344073,0.109126732,0.135344073,0.138826817,0.112609476,0.009714562,0.005714352,0.000352573
11.51027012,0.985262611,-0.171048495,0,0,-0.343787498,0,0,0.984266818,-0.17667076,-0.00249293,-0.000212448,-0.355208222,-0.004982503,0.000462651,0.06178543,0.008744747,0.01787767,-0.117620711,0.005139983,-0.000211318,-0.135789245,-0.110297941,-0.104752667,-0.130243972,0.104752667,0.130243972,0.135789245,0.110297941,0.011420724,0.004982503,0.000462651
11.55410004,0.98554524,-0.169412457,0,0,-0.340466956,0,0,0.984506965,-0.175331995,-0.002246112,0.000117851,-0.352489029,-0.004381312,0.00101969,0.067733958,0.014080853,0.022736939,-0.117707816,0.00349975,-0.001493047,-0.122549348,-0.112269387,-0.112692021,-0.122971982,0.112692021,0.122971982,0.122549348,0.112269387,0.012022073,0.004381312,0.00101969
11.60156012,0.985827156,-0.167764173,0,0,-0.337122519,0,0,0.984774053,-0.173828021,-0.001933601,0.000412548,-0.349434497,-0.003664903,0.001484771,0.080626465,0.017056614,0.018198043,-0.11937713,0.002437029,-0.001092258,-0.119714491,-0.112714998,-0.115701087,-0.122700587,0.115701087,0.122700587,0.119714491,0.112714998,0.012311978,0.003664903,0.001484771
11.65063,0.986108281,-0.166103755,0,0,-0.333754421,0,0,0.985072494,-0.172132045,-0.001586476,0.000652781,-0.345990361,-0.002900863,0.001832249,0.093745433,0.015714016,0.013747066,-0.121187514,0.002471569,-0.000657669,-0.120721877,-0.115847819,-0.118032336,-0.122906387,0.118032336,0.122906387,0.120721877,0.115847819,0.01223594,0.002900863,0.001832249
11.70126009,0.986388536,-0.164431313,0,0,-0.330362899,0,0,0.98540926,-0.17019549,-0.001174037,0.000883097,-0.342058615,-0.002013217,0.002140062,0.102164596,0.019014629,0.017260762,-0.12204321,0.001149089,-0.001609477,-0.123001389,-0.118058249,-0.11937359,-0.124316722,0.11937359,0.124316722,0.123001389,0.118058249,0.011695716,0.002013217,0.002140062
11.75883008,0.986946116,-0.161050809,0,0,-0.323510537,0,0,0.986321747,-0.164828226,-9.33E-05,0.001123914,-0.331167674,0.000186425,0.002247846,0.138039887,0.02885163,0.004671514,-0.12401921,-0.00235894,-0.000481952,-0.121582791,-0.119284615,-0.122503571,-0.124801748,0.122503571,0.124801748,0.121582791,0.119284615,0.007657137,0.000186425,0.002247846
11.80780006,0.987223286,-0.159342975,0,0,-0.320050178,0,0,0.986776769,-0.162081003,0.000453644,0.001100404,-0.32559731,0.001251999,0.002024655,0.140706465,0.025992844,0.005295129,-0.12846371,-0.002602065,-1.43E-05,-0.121178292,-0.125896171,-0.126860067,-0.122142196,0.126860067,0.122142196,0.121178292,0.125896171,0.005547132,0.001251999,0.002024655
11.85275007,0.987636794,-0.156759571,0,0,-0.314817599,0,0,0.987237275,-0.159249827,0.001036127,0.001047666,-0.319859736,0.00237949,0.00173859,0.147012621,0.029117616,0.000863522,-0.128307959,-0.004210234,0.000710481,-0.125847369,-0.131051496,-0.131080002,-0.125875875,0.131080002,0.125875875,0.125847369,0.131051496,0.005042137,0.00237949,0.00173859
11.90506006,0.988047374,-0.154150534,0,0,-0.309535306,0,0,0.987820387,-0.155585676,0.001788495,0.000918237,-0.31243887,0.003819161,0.001257587,0.153992325,0.031086061,-0.000971556,-0.128645409,-0.005743158,0.001046587,-0.124808177,-0.133228645,-0.131807685,-0.123387218,0.131807685,0.123387218,0.124808177,0.133228645,0.002903564,0.003819161,0.001257587
11.95018006,0.988183538,-0.153275228,0,0,-0.307763639,0,0,0.988293409,-0.152545363,0.002405085,0.0007052,-0.306285832,0.004969029,0.000660128,0.156406313,0.029613823,-0.005294383,-0.129622955,-0.006216348,0.001919442,-0.123948812,-0.135435119,-0.133341953,-0.121855639,0.133341953,0.121855639,0.123948812,0.135435119,0.001477807,0.004969029,0.000660128
12.01080013,0.988724459,-0.149746266,0,0,-0.30062328,0,0,0.989201486,-0.146524504,0.003356848,7.70E-05,-0.294112267,0.006663811,-0.000831398,0.151246041,0.02636537,-0.00705421,-0.126054655,-0.006066227,0.003248751,-0.125326023,-0.137758717,-0.133919835,-0.121487141,0.133919835,0.121487141,0.125326023,0.137758717,0.006511013,0.006663811,0.000831398
12.05920005,0.988992545,-0.147965355,0,0,-0.297021327,0,0,0.989835083,-0.142166421,0.003908044,-0.000329325,-0.285308372,0.007643073,-0.001763192,0.142491609,0.013285133,-0.007785858,-0.125606271,-0.006868989,0.002719959,-0.123237155,-0.135369599,-0.128872097,-0.116739653,0.128872097,0.116739653,0.123237155,0.135369599,0.011712955,0.007643073,0.001763192
12.10478998,0.989258947,-0.146173652,0,0,-0.293398528,0,0,0.990216732,-0.139474884,0.004161776,-0.000574092,-0.279873953,0.008082064,-0.002297955,0.136498377,0.012075154,-0.007817147,-0.12383396,-0.004443634,0.003309984,-0.121457219,-0.135195181,-0.129755273,-0.116017297,0.129755273,0.116017297,0.121457219,0.135195181,0.013524575,0.008082064,0.002297955
12.14990998,0.989523589,-0.144371282,0,0,-0.289755138,0,0,0.990567744,-0.136956215,0.004236092,-0.000879105,-0.274790427,0.008151564,-0.002902045,0.12328998,0.007001311,-0.008568168,-0.120263364,-0.003402169,0.003689582,-0.122700289,-0.13158755,-0.124967583,-0.116080314,0.124967583,0.116080314,0.122700289,0.13158755,0.014964711,0.008151564,0.002902045
12.20068002,0.98991709,-0.141647998,0,0,-0.284252002,0,0,0.990872562,-0.134730503,0.004209265,-0.001216287,-0.270299784,0.008014035,-0.003544725,0.107135624,-0.005578995,-0.019338729,-0.115001141,-0.000270329,0.005837881,-0.120550752,-0.127355084,-0.119975924,-0.113171585,0.119975924,0.113171585,0.120550752,0.127355084,0.013952218,0.008014035,0.003544725
12.26178003,0.990434906,-0.137980784,0,0,-0.276844815,0,0,0.991208017,-0.13224104,0.004006911,-0.001746177,-0.26527852,0.007481601,-0.004521546,0.09569601,-0.002793968,-0.025120383,-0.10976381,-0.001020019,0.007454078,-0.12056867,-0.121109329,-0.109433562,-0.108892903,0.109433562,0.108892903,0.12056867,0.121109329,0.011566295,0.007481601,0.004521546
12.30989004,0.990690713,-0.136131964,0,0,-0.273111947,0,0,0.991673827,-0.128698722,0.003437372,-0.00283477,-0.258135712,0.006087878,-0.006507271,0.087053329,-0.012344123,-0.028504431,-0.107948195,0.00113765,0.008682205,-0.116197847,-0.118237883,-0.103329726,-0.10128969,0.103329726,0.10128969,0.116197847,0.118237883,0.014976235,0.006087878,0.006507271
12.3592999,0.990944355,-0.134273171,0,0,-0.26935991,0,0,0.991897941,-0.126953915,0.003082595,-0.003452757,-0.254617578,0.005238579,-0.007632437,0.086272515,-0.010174513,-0.032240156,-0.105625257,0.001906825,0.009382261,-0.117768027,-0.115492724,-0.098128319,-0.100403614,0.098128319,0.100403614,0.117768027,0.115492724,0.014742332,0.005238579,0.007632437
12.40512991,0.991195762,-0.132404537,0,0,-0.265588969,0,0,0.992178917,-0.124724507,0.002644169,-0.004223601,-0.250122404,0.004193416,-0.009040923,0.091756128,-0.013828279,-0.029988587,-0.106466781,0.003013202,0.011458795,-0.116914317,-0.11310067,-0.094336145,-0.098149799,0.094336145,0.098149799,0.116914317,0.11310067,0.015466565,0.004193416,0.009040923
12.45116997,0.991444861,-0.130526192,0,0,-0.261799388,0,0,0.992412865,-0.122834712,0.00230565,-0.004813105,-0.24631213,0.003393888,-0.010119832,0.101444878,-0.011995436,-0.030510131,-0.107403545,0.002881303,0.012358513,-0.122643337,-0.116880737,-0.092163704,-0.097926311,0.092163704,0.097926311,0.122643337,0.116880737,0.015487258,0.003393888,0.010119832
12.5013001,0.991691583,-0.128638268,0,0,-0.257991433,0,0,0.992653489,-0.120854869,0.002004214,-0.005405623,-0.242321062,0.002672391,-0.011216532,0.107853867,-0.006708503,-0.032122426,-0.106640804,0.001754757,0.013438502,-0.122643337,-0.116880737,-0.092163704,-0.097926311,0.092163704,0.097926311,0.122643337,0.116880737,0.015670371,0.002672391,0.011216532
12.55069995,0.992057055,-0.125788711,0,0,-0.252245634,0,0,0.992908061,-0.118722364,0.001748963,-0.00598316,-0.238023327,0.00205245,-0.01229707,0.110112876,-0.003656745,-0.027868154,-0.105029454,0.001151718,0.013451489,-0.12183404,-0.118324526,-0.091447525,-0.094957031,0.091447525,0.094957031,0.12183404,0.118324526,0.014222307,0.00205245,0.01229707
12.60557008,0.992535382,-0.121957019,0,0,-0.244522765,0,0,0.993515909,-0.113455787,0.001239826,-0.007254123,-0.227413391,0.00081753,-0.014696034,0.12444184,-0.009304285,-0.026075544,-0.10677394,0.001925304,0.014106199,-0.119632639,-0.117329203,-0.090426221,-0.092729658,0.090426221,0.092729658,0.119632639,0.117329203,0.017109374,0.00081753,0.014696034
12.65422011,0.99277055,-0.120027643,0,0,-0.240635453,0,0,0.993783772,-0.11105188,0.00102767,-0.007779919,-0.222572146,0.000314615,-0.015692003,0.120417036,-0.003510714,-0.024503471,-0.105384919,0.003121866,0.01478634,-0.122805417,-0.118954815,-0.090742417,-0.094593018,0.090742417,0.094593018,0.122805417,0.118954815,0.018063307,0.000314615,0.015692003
12.70486999,0.993002964,-0.118089427,0,0,-0.236731251,0,0,0.994037271,-0.108725175,0.000766581,-0.008262822,-0.217886321,-0.000272734,-0.01659456,0.116971895,-0.006936492,-0.020489097,-0.102479579,0.001696487,0.01516835,-0.123293102,-0.117049374,-0.087476693,-0.093720421,0.087476693,0.093720421,0.123293102,0.117049374,0.01884493,0.000272734,0.01659456
12.75032998,0.993232559,-0.116142511,0,0,-0.232810436,0,0,0.994410992,-0.105202511,0.000394865,-0.00889101,-0.210793818,-0.001085397,-0.017766662,0.120805949,-0.007465482,-0.022612512,-0.104128349,0.003286496,0.016235222,-0.119344391,-0.115951419,-0.085614718,-0.089007691,0.085614718,0.089007691,0.119344391,0.115951419,0.022016618,0.001085397,0.017766662
12.80289007,0.99345927,-0.114187032,0,0,-0.22887328,0,0,0.994655311,-0.102836244,0.000128713,-0.009255436,-0.206030383,-0.001647539,-0.018439477,0.122032315,-0.013229252,-0.018878281,-0.101323735,0.005103282,0.016042132,-0.123650044,-0.117077053,-0.08460661,-0.091179594,0.08460661,0.091179594,0.123650044,0.117077053,0.022842897,0.001647539,0.018439477
12.85097003,0.993793788,-0.111238063,0,0,-0.222937516,0,0,0.994895399,-0.100454919,-0.000128507,-0.009607575,-0.201237702,-0.002185959,-0.019092444,0.12403354,-0.009426476,-0.011648238,-0.100689276,0.004355388,0.015246343,-0.12029098,-0.111580215,-0.081087522,-0.089798294,0.081087522,0.089798294,0.12029098,0.111580215,0.021699814,0.002185959,0.019092444
12.90471006,0.994229124,-0.107277443,0,0,-0.214968564,0,0,0.995132327,-0.098048337,-0.000397303,-0.009906144,-0.196395068,-0.002733304,-0.019639272,0.129378602,-0.011390448,-0.013655425,-0.100820216,0.005181821,0.0159869,-0.12029098,-0.111580215,-0.081087522,-0.089798294,0.081087522,0.089798294,0.12029098,0.111580215,0.018573496,0.002733304,0.019639272
12.95616007,0.994442071,-0.105285168,0,0,-0.210961317,0,0,0.995650113,-0.092578359,-0.001027559,-0.010449408,-0.185391426,-0.003980967,-0.02061927,0.122957684,-0.009402634,-0.012437999,-0.098309943,0.006149785,0.015768433,-0.121988915,-0.111625277,-0.079651475,-0.090015113,0.079651475,0.090015113,0.121988915,0.111625277,0.025569891,0.003980967,0.02061927
13.00415993,0.994651792,-0.103285107,0,0,-0.206939264,0,0,0.995875597,-0.090111136,-0.001250389,-0.010501548,-0.180431833,-0.004383091,-0.020692796,0.124879934,-0.012841822,0.00211671,-0.096577057,0.005263185,0.016440665,-0.120228134,-0.107928574,-0.076391704,-0.088691272,0.076391704,0.088691272,0.120228134,0.107928574,0.026507431,0.004383091,0.020692796
13.05031991,0.994858225,-0.101277404,0,0,-0.202902687,0,0,0.99609834,-0.087613553,-0.001560102,-0.010476498,-0.175410987,-0.004943816,-0.020599576,0.125933453,-0.018207731,0.000970811,-0.096229583,0.008266046,0.014134033,-0.118629634,-0.102097556,-0.073829487,-0.090361573,0.073829487,0.090361573,0.118629634,0.102097556,0.0274917,0.004943816,0.020599576
13.10218001,0.995161583,-0.098251836,0,0,-0.19682121,0,0,0.996310771,-0.085173354,-0.001847727,-0.010354868,-0.170507448,-0.005445765,-0.020320273,0.126344711,-0.017949939,0.010602922,-0.094184144,0.0085741,0.01230231,-0.118629634,-0.102097556,-0.073829487,-0.090361573,0.073829487,0.090361573,0.118629634,0.102097556,0.026313762,0.005445765,0.020320273
13.15162993,0.99545722,-0.095209891,0,0,-0.190708652,0,0,0.996568084,-0.082129702,-0.002264628,-0.010089349,-0.164392521,-0.006171021,-0.019739114,0.125861913,-0.013567508,0.014995784,-0.093246641,0.007927874,0.011208262,-0.115060531,-0.097912341,-0.073307715,-0.090455905,0.073307715,0.090455905,0.115060531,0.097912341,0.026316131,0.006171021,0.019739114
13.20726991,0.995744946,-0.092152063,0,0,-0.18456598,0,0,0.996769845,-0.079675071,-0.002581391,-0.00976447,-0.159463495,-0.006702123,-0.01905609,0.130217522,-0.005330145,0.022020191,-0.093064752,0.006178636,0.009597435,-0.112382755,-0.09652701,-0.074110486,-0.08996623,0.074110486,0.08996623,0.112382755,0.09652701,0.025102485,0.006702123,0.01905609
13.25775004,0.995932277,-0.090104933,0,0,-0.180454613,0,0,0.997188926,-0.074401185,-0.00227373,-0.00858765,-0.148897072,-0.00581257,-0.016789752,0.12008325,0.01148656,0.030552598,-0.094028007,0.002788474,0.006564317,-0.108840801,-0.096483536,-0.077288665,-0.08964593,0.077288665,0.08964593,0.108840801,0.096483536,0.031557541,0.00581257,0.016789752
13.30418992,0.996115958,-0.088051115,0,0,-0.176330581,0,0,0.997418225,-0.071314387,-0.002305274,-0.008121146,-0.142709344,-0.005756984,-0.015872487,0.123528413,-0.005689263,0.019855052,-0.087665841,0.001307922,0.006513296,-0.103380777,-0.097803831,-0.084675193,-0.090252139,0.084675193,0.090252139,0.103380777,0.097803831,0.033621237,0.005756984,0.015872487
13.35042,0.996295935,-0.085990758,0,0,-0.172194174,0,0,0.997587323,-0.068947792,-0.002333178,-0.007767505,-0.137966163,-0.005726234,-0.015176625,0.117727391,0.001255423,0.020628426,-0.086302989,0.004099741,0.007114808,-0.095487043,-0.092871197,-0.079844601,-0.082460448,0.079844601,0.082460448,0.095487043,0.092871197,0.034228011,0.005726234,0.015176625
13.40253997,0.996472157,-0.083924011,0,0,-0.168045681,0,0,0.997740924,-0.066731758,-0.002307175,-0.007404355,-0.133526324,-0.005592164,-0.014468061,0.110574819,-0.00205189,0.016716868,-0.082473424,0.004907654,0.007275237,-0.09751752,-0.089318037,-0.075088426,-0.083287902,0.075088426,0.083287902,0.09751752,0.089318037,0.034519357,0.005592164,0.014468061
13.45130992,0.996729342,-0.080812242,0,0,-0.16180092,0,0,0.997887015,-0.064518631,-0.00251053,-0.007262711,-0.129088613,-0.005947645,-0.0141715,0.108910374,-0.008226931,0.009249898,-0.080927591,0.006777663,0.008370451,-0.094656296,-0.084840991,-0.070290521,-0.080105819,0.070290521,0.080105819,0.094656296,0.084840991,0.032712307,0.005947645,0.0141715
13.50458003,0.997058656,-0.076642267,0,0,-0.153434998,0,0,0.998080134,-0.061466314,-0.002762779,-0.007099782,-0.122969553,-0.006387787,-0.013833388,0.106906146,-0.013647974,-0.003434718,-0.079657281,0.008485728,0.010343873,-0.096075684,-0.082520366,-0.065779462,-0.079334781,0.065779462,0.079334781,0.096075684,0.082520366,0.030465445,0.006387787,0.013833388
13.55079008,0.997217378,-0.074548645,0,0,-0.149235737,0,0,0.998200834,-0.05944676,-0.003082279,-0.007205216,-0.118918162,-0.007010176,-0.014018843,0.098941475,-0.009487569,-0.00436157,-0.076597529,0.007688327,0.010624598,-0.098486863,-0.081515417,-0.060827669,-0.077799112,0.060827669,0.077799112,0.098486863,0.081515417,0.030317575,0.007010176,0.014018843
13.60390997,0.997372084,-0.072449471,0,0,-0.145026002,0,0,0.998450458,-0.055114262,-0.00278093,-0.007176993,-0.110243173,-0.006344393,-0.014025947,0.112391286,0.003721566,-0.001725555,-0.076513436,0.00026103,0.008840921,-0.094910435,-0.079533786,-0.058284592,-0.073661238,0.058284592,0.073661238,0.094910435,0.079533786,0.034782829,0.006344393,0.014025947
13.65181995,0.997522729,-0.070344899,0,0,-0.140806089,0,0,0.998597205,-0.052376218,-0.002629042,-0.00732452,-0.104760364,-0.006018004,-0.014353842,0.107013434,0.010626764,-0.00051856,-0.074631086,0.001678584,0.010037682,-0.085615374,-0.085093312,-0.067411467,-0.06793353,0.067411467,0.06793353,0.085615374,0.085093312,0.036045725,0.006018004,0.014353842
13.70218993,0.997740989,-0.06717826,0,0,-0.134457783,0,0,0.998706102,-0.050240241,-0.002522212,-0.007468973,-0.100483474,-0.005788416,-0.014665955,0.107320398,0.000912696,-0.013384223,-0.07235032,0.004084776,0.01241927,-0.086347334,-0.08299017,-0.062914804,-0.066271968,0.062914804,0.066271968,0.086347334,0.08299017,0.033974309,0.005788416,0.014665955
13.75066996,0.997949876,-0.06400035,0,0,-0.128088244,0,0,0.998807609,-0.048137192,-0.002526486,-0.007740064,-0.096270715,-0.005792148,-0.015219274,0.10625945,0.000240654,-0.012071431,-0.070796968,0.004214862,0.012512736,-0.08885435,-0.080684803,-0.055846259,-0.064015806,0.055846259,0.064015806,0.08885435,0.080684803,0.031817529,0.005792148,0.015219274
13.80676008,0.998149256,-0.060811696,0,0,-0.121698479,0,0,0.998907745,-0.045979898,-0.002422866,-0.007961961,-0.091951711,-0.005572648,-0.015684607,0.109588355,0.009372084,-0.010703502,-0.070166005,0.001616888,0.012545768,-0.087524548,-0.079094827,-0.054069359,-0.062499076,0.054069359,0.062499076,0.087524548,0.079094827,0.029746768,0.005572648,0.015684607
13.86034012,0.998276831,-0.058680219,0,0,-0.117427896,0,0,0.999125779,-0.040867012,-0.00218153,-0.008533427,-0.081717298,-0.005056738,-0.016874644,0.116895892,0.009519607,-0.009374321,-0.070037255,0.003483109,0.013023645,-0.084328644,-0.081094868,-0.056003336,-0.059237108,0.056003336,0.059237108,0.084328644,0.081094868,0.035710598,0.005056738,0.016874644
13.90226007,0.998400088,-0.056544361,0,0,-0.113149072,0,0,0.999217212,-0.038534969,-0.001993236,-0.008730043,-0.077051848,-0.004656192,-0.017293846,0.117383152,0.015150758,-0.007964672,-0.067228835,0.0012148,0.012994116,-0.086543992,-0.079577781,-0.053530488,-0.060496699,0.053530488,0.060496699,0.086543992,0.079577781,0.036097224,0.004656192,0.017293846
13.95041991,0.99851899,-0.05440428,0,0,-0.108862307,0,0,0.999306202,-0.036110748,-0.001840272,-0.008951519,-0.072201804,-0.004324494,-0.017758802,0.126437098,0.007825346,-0.009071826,-0.067157162,-0.000573052,0.012978569,-0.081437737,-0.07900814,-0.053019904,-0.055449504,0.053019904,0.055449504,0.081437737,0.07900814,0.036660503,0.004324494,0.017758802
14.00190998,0.998689108,-0.051186585,0,0,-0.102417928,0,0,0.999429643,-0.032441944,-0.00157424,-0.009261091,-0.06486363,-0.003747588,-0.018410639,0.125888735,0.010060519,-0.006747246,-0.067084453,0.00019485,0.013392466,-0.080671757,-0.080282055,-0.053497124,-0.05388682,0.053497124,0.05388682,0.080671757,0.080282055,0.037554298,0.003747588,0.018410639
14.05061007,0.998849244,-0.047960283,0,0,-0.095957376,0,0,0.999503434,-0.030019658,-0.001370734,-0.009490322,-0.060019828,-0.003309904,-0.018890144,0.120510913,0.006433577,-0.008644164,-0.064700103,0.000829475,0.013976225,-0.079505786,-0.07784684,-0.049894389,-0.051553339,0.049894389,0.051553339,0.079505786,0.07784684,0.035937548,0.003309904,0.018890144
14.10303998,0.998950405,-0.045804898,0,0,-0.09164186,0,0,0.99955374,-0.028225586,-0.001334046,-0.009701881,-0.056430315,-0.003214589,-0.01932109,0.120774664,0.012277812,-0.008615852,-0.063243211,-0.000808388,0.014231064,-0.079505786,-0.07784684,-0.049894389,-0.051553339,0.049894389,0.051553339,0.079505786,0.07784684,0.035211545,0.003214589,0.01932109
14.16147995,0.999093681,-0.042565446,0,0,-0.085156621,0,0,0.999691725,-0.022570619,-0.00131299,-0.010269335,-0.045115867,-0.003088745,-0.020474592,0.113760673,-0.000672042,-0.013357402,-0.058768949,0.001055682,0.014344792,-0.076665871,-0.078282647,-0.04982052,-0.048203744,0.04982052,0.048203744,0.076665871,0.078282647,0.040040754,0.003088745,0.020474592
14.20719004,0.999226716,-0.039318829,0,0,-0.078657935,0,0,0.999734402,-0.020475604,-0.001336334,-0.010499544,-0.040923882,-0.003101932,-0.020940415,0.102271885,0.00173375,-0.009301305,-0.057407687,0.002501626,0.015723819,-0.074169412,-0.072058044,-0.043368462,-0.045479827,0.043368462,0.045479827,0.074169412,0.072058044,0.037734053,0.003101932,0.020940415
14.25296998,0.99926877,-0.038235125,0,0,-0.076488895,0,0,0.999772131,-0.01835526,-0.001514851,-0.010798248,-0.036677872,-0.003425428,-0.021537752,0.106280304,-0.008702278,-0.015473367,-0.054637211,0.00179197,0.0152851,-0.071714267,-0.068130329,-0.037560131,-0.041144066,0.037560131,0.041144066,0.071714267,0.068130329,0.039811023,0.003425428,0.021537752
14.31002999,0.999425455,-0.033893356,0,0,-0.067799697,0,0,0.999803782,-0.016332909,-0.00166902,-0.011088922,-0.032628403,-0.003699621,-0.022120925,0.098601744,-0.006407501,-0.008000433,-0.051108519,0.004316095,0.015792595,-0.071714267,-0.068130329,-0.037560131,-0.041144066,0.037560131,0.041144066,0.071714267,0.068130329,0.035171294,0.003699621,0.022120925
14.36028004,0.999530782,-0.030630295,0,0,-0.061270174,0,0,0.999836743,-0.013847368,-0.001962152,-0.01145071,-0.027649043,-0.0042408,-0.022845527,0.104784243,-0.012686851,-0.011536479,-0.051276944,0.006363342,0.016874061,-0.071217194,-0.062585011,-0.030999819,-0.039632004,0.030999819,0.039632004,0.071217194,0.062585011,0.033621131,0.0042408,0.022845527
14.40172005,0.999563557,-0.029541434,0,0,-0.059091465,0,0,0.999857545,-0.011914915,-0.002202255,-0.011755742,-0.023777156,-0.004684037,-0.023458061,0.094843656,-0.007188321,-0.012837353,-0.047647393,0.005120524,0.017476715,-0.074514329,-0.061787657,-0.028039534,-0.040766209,0.028039534,0.040766209,0.074514329,0.061787657,0.035314309,0.004684037,0.023458061
14.45090008,0.999625588,-0.027362072,0,0,-0.054730976,0,0,0.999874592,-0.010040673,-0.002406945,-0.012021164,-0.020022547,-0.005054708,-0.02399358,0.103878237,-0.012762845,-0.011396408,-0.047047166,0.006913842,0.017564351,-0.070244618,-0.060003579,-0.025050145,-0.035291187,0.025050145,0.035291187,0.070244618,0.060003579,0.034708429,0.005054708,0.02399358
14.50961996,0.999735526,-0.022997362,0,0,-0.045998779,0,0,0.999899685,-0.005767168,-0.002964079,-0.012597516,-0.011458959,-0.006072905,-0.025161432,0.088074058,-0.004772842,-0.008644164,-0.043456667,0.006360967,0.017885966,-0.071525343,-0.057697669,-0.022568967,-0.036396641,0.022568967,0.036396641,0.071525343,0.057697669,0.03453982,0.006072905,0.025161432
14.5592599,0.9997834,-0.02081234,0,0,-0.041627685,0,0,0.999904811,-0.003882922,-0.003276699,-0.012841458,-0.007681192,-0.006652545,-0.025658398,0.093949594,-0.019027293,-0.012190641,-0.038592405,0.005386955,0.017788618,-0.06770359,-0.05498166,-0.019209728,-0.031931654,0.019209728,0.031931654,0.06770359,0.05498166,0.033946493,0.006652545,0.025658398
14.60695005,0.999826526,-0.018625758,0,0,-0.03725367,0,0,0.999905825,-0.002044152,-0.003588657,-0.013094559,-0.00399405,-0.007230235,-0.026175649,0.097913317,-0.013878943,-0.002905727,-0.0400798,0.008632422,0.017426041,-0.061767969,-0.050994065,-0.015416826,-0.02619073,0.015416826,0.02619073,0.061767969,0.050994065,0.03325962,0.007230235,0.026175649
14.65274001,0.999882284,-0.015343318,0,0,-0.03068784,0,0,0.999905825,-0.000224714,-0.003758727,-0.013205094,-0.000350127,-0.00752275,-0.026409824,0.09784326,0.007595867,0.00366345,-0.038480197,0.003103578,0.016414411,-0.066138253,-0.048873417,-0.014021332,-0.031286165,0.014021332,0.031286165,0.066138253,0.048873417,0.030337713,0.00752275,0.026409824
14.70442009,0.999927296,-0.01205829,0,0,-0.024117164,0,0,0.999905586,0.001853476,-0.003572708,-0.013142087,0.003800612,-0.007096084,-0.026298628,0.103289641,0.01610294,0.000273436,-0.038226811,0.000608739,0.016914604,-0.057998177,-0.051791023,-0.018962201,-0.025169352,0.018962201,0.025169352,0.057998177,0.051791023,0.027917776,0.007096084,0.026298628
14.74989009,0.999939907,-0.010962801,0,0,-0.021926041,0,0,0.999895751,0.004801674,-0.003412116,-0.013186973,0.009692706,-0.006696931,-0.026407622,0.093514472,0.007059426,-0.001452863,-0.035076758,0.002752164,0.017250991,-0.055750147,-0.054532669,-0.020703459,-0.021920936,0.020703459,0.021920936,0.055750147,0.054532669,0.031618747,0.006696931,0.026407622
14.80866003,0.999978358,-0.006578996,0,0,-0.013158087,0,0,0.999866605,0.008434539,-0.003501911,-0.013548368,0.016962917,-0.00677439,-0.02715615,0.086159267,-0.003150106,-0.006298721,-0.031861367,0.003338289,0.019073534,-0.055079903,-0.049575578,-0.015073596,-0.020577922,0.015073596,0.020577922,0.055079903,0.049575578,0.030121004,0.00677439,0.02715615
14.85960007,0.99999038,-0.004386272,0,0,-0.008772571,0,0,0.999851704,0.009717117,-0.00360983,-0.013755538,0.019532374,-0.006951316,-0.02758131,0.081828989,-0.004196167,-0.012695789,-0.027099925,0.005583511,0.018518615,-0.051202044,-0.040035028,-0.002997795,-0.014164811,0.002997795,0.014164811,0.051202044,0.040035028,0.028304945,0.006951316,0.02758131
14.90497995,0.999997595,-0.002193218,0,0,-0.00438644,0,0,0.999821603,0.011798731,-0.003449902,-0.014346561,0.023694964,-0.006560076,-0.028773997,-0.018367171,0.069160022,-0.042492155,-0.003158056,-0.014317078,0.025820034,-0.051202044,-0.040035028,-0.002997795,-0.014164811,0.002997795,0.014164811,0.051202044,0.040035028,0.028081404,0.006560076,0.028773997
14.95226002,0.999999399,0.001096619,0,0,0.002193239,0,0,0.999801755,0.012727177,-0.002564903,-0.015101629,0.025529832,-0.004744403,-0.030267516,0.072806336,0.031567365,-0.028473139,-0.021260982,-0.004982764,0.024358998,-0.014661021,-0.04329516,0.008344909,0.036979049,-0.008344909,-0.036979049,0.014661021,0.04329516,0.023336593,0.004744403,0.030267516
15.00306011,0.99999038,0.004386271,0,0,0.008772571,0,0,0.999774516,0.014116703,-0.00199213,-0.015747972,0.028293726,-0.003538749,-0.031550508,0.07042513,0.028306991,-0.027821958,-0.019033483,-0.004836973,0.025072543,-0.039269052,-0.048942994,0.001202094,0.010876035,-0.001202094,-0.010876035,0.039269052,0.048942994,0.019521155,0.003538749,0.031550508
15.04989005,0.99998497,0.005482685,0,0,0.010965425,0,0,0.99974817,0.01528085,-0.001355399,-0.016387129,0.030603269,-0.002209299,-0.032813387,0.051491708,0.038207319,-0.033108894,-0.013050595,-0.008362841,0.026808562,-0.039269052,-0.048942994,0.001202094,0.010876035,-0.001202094,-0.010876035,0.039269052,0.048942994,0.019637844,0.002209299,0.032813387
15.10730005,0.999951319,0.009867106,0,0,0.019734533,0,0,0.999688566,0.017324761,0.000227274,-0.017968006,0.034637499,0.00107699,-0.035924684,0.043230504,0.036231432,-0.037254393,-0.009654236,-0.00782211,0.027071238,-0.03149632,-0.04822199,0.005395134,0.022120807,-0.005395134,-0.022120807,0.03149632,0.04822199,0.014902966,0.00107699,0.035924684
15.1507299,0.999927296,0.01205829,0,0,0.024117164,0,0,0.99965632,0.018199369,0.00101039,-0.018848993,0.036356271,0.002706168,-0.03765728,0.042090572,0.042898212,-0.048281252,-0.005235148,-0.00978624,0.029576217,-0.028903367,-0.044547576,0.0095949,0.02523911,-0.0095949,-0.02523911,0.028903367,0.044547576,0.012239107,0.002706168,0.03765728
15.20347,0.999898484,0.014248568,0,0,0.028498101,0,0,0.999622405,0.018950272,0.001828789,-0.019818699,0.037823123,0.004407349,-0.039563816,0.039065629,0.045906756,-0.046776235,-0.001502967,-0.014357903,0.033642564,-0.025025129,-0.0445976,0.014554837,0.034127306,-0.014554837,-0.034127306,0.025025129,0.0445976,0.009325022,0.004407349,0.039563816
15.25108004,0.999864891,0.016437779,0,0,0.032877039,0,0,0.999578118,0.01986303,0.002920018,-0.020995237,0.039597905,0.006671678,-0.04186991,0.034631047,0.048808012,-0.050774217,0.001405059,-0.016481512,0.035876806,-0.020787638,-0.049503427,0.017781705,0.046497494,-0.017781705,-0.046497494,0.020787638,0.049503427,0.006720866,0.006671678,0.04186991
15.30192996,0.999805557,0.019719233,0,0,0.039441023,0,0,0.999540925,0.020496817,0.003853994,-0.021976382,0.040818267,0.008605448,-0.043790211,0.030968344,0.049217802,-0.050196059,0.004243395,-0.017728885,0.037064268,-0.017990246,-0.05095325,0.020800363,0.053763367,-0.020800363,-0.053763367,0.017990246,0.05095325,0.001377244,0.008605448,0.043790211
15.35032011,0.999735526,0.022997362,0,0,0.045998779,0,0,0.999504149,0.021023389,0.004779551,-0.022952506,0.041821019,0.010519633,-0.04569971,0.020376595,0.047662113,-0.042545795,0.00863205,-0.018461048,0.037013829,-0.015092,-0.050549749,0.023578789,0.059036538,-0.023578789,-0.059036538,0.015092,0.050549749,0.00417776,0.010519633,0.04569971
15.40830994,0.999654842,0.026271612,0,0,0.052549271,0,0,0.999433517,0.021280104,0.007276218,-0.025039669,0.042189359,0.015610519,-0.049767889,-0.012895465,0.051674996,-0.028820338,0.013396508,-0.020932458,0.038760884,-0.009920744,-0.046842821,0.02718484,0.064106919,-0.02718484,-0.064106919,0.009920744,0.046842821,0.010359912,0.015610519,0.049767889
15.45494009,0.999595159,0.028452019,0,0,0.056911719,0,0,0.999417126,0.020976603,0.008313163,-0.025619905,0.04152121,0.017692394,-0.050891101,-0.016054511,0.051156435,-0.028574469,0.022660064,-0.022607302,0.037406507,-0.004431935,-0.046296824,0.031224946,0.073089838,-0.031224946,-0.073089838,0.004431935,0.046296824,0.015390509,0.017692394,0.050891101
15.50285006,0.999530782,0.030630295,0,0,0.061270173,0,0,0.999405324,0.020567071,0.009370937,-0.026043549,0.040640725,0.0198033,-0.05170382,-0.019514561,0.052129488,-0.014573338,0.027861821,-0.02528924,0.036309914,0.007860839,-0.037353739,0.037459277,0.082673855,-0.037459277,-0.082673855,-0.007860839,0.037353739,0.020629448,0.0198033,0.05170382
15.55066991,0.999461729,0.032806276,0,0,0.065624327,0,0,0.999399126,0.020217154,0.010167672,-0.026256151,0.039895784,0.021386403,-0.052105105,-0.023011865,0.053409487,-0.013454259,0.031051571,-0.026583686,0.036439769,0.016841127,-0.033737324,0.038882505,0.089460954,-0.038882505,-0.089460954,-0.016841127,0.033737324,0.025728543,0.021386403,0.052105105
15.60116005,0.999349425,0.03606559,0,0,0.072146827,0,0,0.999388993,0.01968883,0.01163297,-0.026431404,0.03875979,0.024294921,-0.052411885,0.020957734,0.013465435,-0.006808341,0.023888483,-0.017525541,0.035611994,0.021195464,-0.031971876,0.040907662,0.094075002,-0.040907662,-0.094075002,-0.021195464,0.031971876,0.033387037,0.024294921,0.052411885
15.65028,0.999226716,0.039318829,0,0,0.078657934,0,0,0.999367774,0.020621009,0.01163364,-0.026528068,0.040621907,0.024349041,-0.052582592,0.051742047,0.001250953,0.000647455,0.018983582,-0.014081729,0.034481054,0.005802013,-0.029249048,0.041974943,0.077026002,-0.041974943,-0.077026002,-0.005802013,0.029249048,0.038036027,0.024349041,0.052582592
15.70615006,0.999093681,0.042565446,0,0,0.08515662,0,0,0.9993366,0.022367371,0.011650109,-0.026277335,0.0441203,0.024462706,-0.052037678,0.041187555,0.003764779,0.01469329,0.0236856,-0.01470587,0.033395829,-0.001415757,-0.029579198,0.039382912,0.067546353,-0.039382912,-0.067546353,0.001415757,0.029579198,0.04103632,0.024462706,0.052037678
15.75699997,0.998999296,0.04472591,0,0,0.08948167,0,0,0.999326825,0.023346797,0.011713717,-0.025764715,0.046088824,0.024617192,-0.050985303,0.036058579,0.004073233,0.027840581,0.028259323,-0.014660106,0.031788247,0.004995626,-0.024416098,0.042375565,0.071787283,-0.042375565,-0.071787283,-0.004995626,0.024416098,0.043392846,0.024617192,0.050985303
15.80394006,0.998900386,0.046883028,0,0,0.09380044,0,0,0.999323308,0.024009695,0.011816109,-0.025237562,0.047422859,0.024830667,-0.049909658,0.029305369,0.010200588,0.028673561,0.03135576,-0.014840681,0.028865012,0.011131166,-0.01818903,0.045387466,0.074707665,-0.045387466,-0.074707665,-0.011131166,0.01818903,0.046377581,0.024830667,0.049909658
15.85012007,0.99879698,0.04903664,0,0,0.098112627,0,0,0.999324262,0.02455141,0.011936516,-0.024615785,0.048516246,0.025068225,-0.048646641,0.025000423,0.006794184,0.036016855,0.035524971,-0.015939913,0.026000482,0.017331412,-0.012349932,0.045380093,0.07506144,-0.045380093,-0.07506144,-0.017331412,0.012349932,0.049596381,0.025068225,0.048646641
15.90125013,0.998633506,0.052260133,0,0,0.104567901,0,0,0.999326825,0.025025835,0.012070399,-0.02395889,0.049475627,0.025326433,-0.047314192,0.021015855,0.013547392,0.036830455,0.038448651,-0.017931365,0.02505086,0.025464384,-0.006415423,0.045585543,0.077465348,-0.045585543,-0.077465348,-0.025464384,0.006415423,0.055092274,0.025326433,0.047314192
15.95034004,0.998460085,0.055474838,0,0,0.111006663,0,0,0.999328375,0.025643004,0.012262315,-0.023133118,0.050722705,0.025697384,-0.045637167,0.027585775,0.010231883,0.037252158,0.038982664,-0.017280351,0.023958653,0.031329136,-0.004533572,0.04556815,0.08143086,-0.04556815,-0.08143086,-0.031329136,0.004533572,0.060283958,0.025697384,0.045637167
16.00555993,0.998276831,0.058680219,0,0,0.117427896,0,0,0.999328196,0.026158664,0.012442633,-0.022454804,0.051764044,0.026046263,-0.044257919,0.024730714,0.010911375,0.038558993,0.041621925,-0.017713033,0.022899065,0.032304343,-0.00225634,0.045660969,0.080221653,-0.045660969,-0.080221653,-0.032304343,0.00225634,0.065663852,0.026046263,0.044257919
16.05381012,0.998149256,0.060811696,0,0,0.121698478,0,0,0.999325752,0.027195418,0.012915968,-0.021018693,0.053856797,0.026961005,-0.041333312,0.020680577,0.015022608,0.038542598,0.043592094,-0.019337923,0.022876216,0.036435872,0.001009827,0.04680796,0.082234003,-0.04680796,-0.082234003,-0.036435872,-0.001009827,0.067841681,0.026961005,0.041333312
16.10402012,0.998017399,0.062938633,0,0,0.125960519,0,0,0.999323249,0.027713621,0.01318875,-0.020277128,0.054903174,0.027487013,-0.039821352,0.027371202,0.016503783,0.04061982,0.049836116,-0.019401896,0.021190896,0.040053781,0.001377956,0.047130387,0.085806213,-0.047130387,-0.085806213,-0.040053781,-0.001377956,0.071057345,0.027487013,0.039821352
16.14990998,0.997881297,0.065060873,0,0,0.13021372,0,0,0.999321342,0.02841772,0.013592969,-0.019094184,0.05633003,0.028256472,-0.037413546,0.005150586,0.003924221,0.041411076,0.054936545,-0.017495617,0.018300584,0.048047092,0.009243325,0.051625118,0.090428889,-0.051625118,-0.090428889,-0.048047092,-0.009243325,0.07388369,0.028256472,0.037413546
16.20034004,0.997740989,0.06717826,0,0,0.134457782,0,0,0.999352872,0.027787324,0.013536944,-0.018404391,0.055089963,0.028082869,-0.036054665,-0.036501884,-0.004817546,0.034732372,0.066443565,-0.015228897,0.018604522,0.054131556,0.01914034,0.055741511,0.090732723,-0.055741511,-0.090732723,-0.054131556,-0.01914034,0.079367819,0.028082869,0.036054665
16.24977994,0.997522729,0.070344899,0,0,0.140806089,0,0,0.999385476,0.02709247,0.013482462,-0.017691493,0.053721336,0.027910586,-0.03465112,-0.034765899,0.001945347,0.037858635,0.068553476,-0.016993091,0.01717449,0.063067913,0.032610141,0.069819182,0.100276962,-0.069819182,-0.100276962,-0.063067913,-0.032610141,0.087084753,0.027910586,0.03465112
16.30335999,0.997217378,0.074548644,0,0,0.149235737,0,0,0.999417007,0.026440643,0.013448418,-0.016905876,0.052439988,0.027778729,-0.033099677,-0.027278066,0.001399964,0.042549521,0.069371763,-0.016828103,0.015376729,0.068372048,0.03438589,0.068734869,0.102721035,-0.068734869,-0.102721035,-0.068372048,-0.03438589,0.096795749,0.027778729,0.033099677
16.35220004,0.997058656,0.076642266,0,0,0.153434998,0,0,0.999477923,0.025321223,0.01344399,-0.014902399,0.050255634,0.027632149,-0.029123631,-0.016260149,0.002271682,0.047088414,0.072387114,-0.017067484,0.012829745,0.070823111,0.037166923,0.067920387,0.101576574,-0.067920387,-0.101576574,-0.070823111,-0.037166923,0.103179364,0.027632149,0.029123631
16.40161992,0.996895962,0.078730183,0,0,0.15762349,0,0,0.999498606,0.025067342,0.01350704,-0.013854104,0.049774917,0.027698643,-0.027030797,-0.005802513,0.004943461,0.055613369,0.075028615,-0.017130281,0.012123106,0.076624826,0.042489879,0.068149373,0.10228432,-0.068149373,-0.10228432,-0.076624826,-0.042489879,0.107848573,0.027698643,0.027030797
16.44994998,0.996729342,0.080812241,0,0,0.16180092,0,0,0.99951303,0.025031498,0.013588266,-0.012755087,0.04973168,0.027805434,-0.024829624,0.000794977,0.00583455,0.056504458,0.072537016,-0.018454326,0.007770447,0.080035761,0.04577522,0.070021436,0.104281977,-0.070021436,-0.104281977,-0.080035761,-0.04577522,0.11206924,0.027805434,0.024829624
16.50074006,0.996472157,0.083924011,0,0,0.168045681,0,0,0.999520481,0.025337666,0.013744058,-0.011321325,0.050380942,0.028052319,-0.021945697,0.017700346,0.012462586,0.060031567,0.07198184,-0.02051749,0.005392419,0.083220869,0.046312239,0.061853133,0.09876176,-0.061853133,-0.09876176,-0.083220869,-0.046312239,0.117664739,0.028052319,0.021945697
16.5499301,0.996206412,0.087021744,0,0,0.174263906,0,0,0.999520659,0.025751084,0.013916374,-0.010107111,0.051239137,0.028343726,-0.019496866,0.026028603,0.012736768,0.062980503,0.073222137,-0.020917816,0.003394027,0.087106884,0.046071928,0.056856766,0.097891718,-0.056856766,-0.097891718,-0.087106884,-0.046071928,0.123024769,0.028343726,0.019496866
16.60613013,0.995932277,0.090104933,0,0,0.180454612,0,0,0.999514163,0.026351677,0.014090962,-0.0088697,0.052473359,0.028639604,-0.016995925,0.029437989,0.005554408,0.064591318,0.075424756,-0.019356852,0.00159255,0.090745896,0.04891029,0.055698343,0.097533949,-0.055698343,-0.097533949,-0.090745896,-0.04891029,0.127981253,0.028639604,0.016995925
16.65276003,0.995744946,0.092152063,0,0,0.184565979,0,0,0.999535084,0.025947023,0.013925036,-0.007916226,0.05169308,0.028251682,-0.015109066,-0.03615319,-0.015069545,0.046456598,0.091971172,-0.013882606,0.003539408,0.093189031,0.054475348,0.057660449,0.096374132,-0.057660449,-0.096374132,-0.093189031,-0.054475348,0.132872899,0.028251682,0.015109066
16.70245004,0.995554017,0.094192355,0,0,0.188664393,0,0,0.999575734,0.025184855,0.013444045,-0.005788756,0.050232339,0.027171598,-0.010899665,8.27E-05,-0.005288422,0.050828606,0.088904533,-0.015340004,0.000791413,0.102314338,0.074549146,0.081627965,0.109393157,-0.081627965,-0.109393157,-0.102314338,-0.074549146,0.138432054,0.027171598,0.010899665
16.74988008,0.995359544,0.096225662,0,0,0.192749565,0,0,0.999579966,0.025320465,0.013282616,-0.004753439,0.050533009,0.026797992,-0.008833525,0.012458117,-0.005240738,0.054410845,0.085853194,-0.015983023,-0.001898069,0.103453092,0.072773106,0.07435593,0.105035923,-0.07435593,-0.105035923,-0.103453092,-0.072773106,0.142216556,0.026797992,0.008833525
16.80083013,0.995161583,0.098251836,0,0,0.196821209,0,0,0.999576271,0.025711941,0.013145612,-0.003686577,0.051345696,0.026472747,-0.006696425,0.024623426,-0.001212955,0.05511865,0.085146265,-0.01700311,-0.003363875,0.103734255,0.071768232,0.067972094,0.099938117,-0.067972094,-0.099938117,-0.103734255,-0.071768232,0.145475513,0.026472747,0.006696425
16.84982992,0.994858225,0.101277403,0,0,0.202902686,0,0,0.999560177,0.026618663,0.012902455,-0.002160974,0.053201078,0.025911499,-0.003634383,0.000461191,-0.0171721,0.041290373,0.093151038,-0.012685583,-0.002897862,0.105513223,0.071507022,0.064779274,0.098785475,-0.064779274,-0.098785475,-0.105513223,-0.071507022,0.149701608,0.025911499,0.003634383
16.90407992,0.994442071,0.105285168,0,0,0.210961316,0,0,0.99957335,0.026403883,0.012412665,-0.001466022,0.052789693,0.024894721,-0.002276015,-0.003005564,-0.015953185,0.037056953,0.098135493,-0.012506582,-0.003048481,0.108734451,0.083363302,0.077567577,0.102938734,-0.077567577,-0.102938734,-0.108734451,-0.083363302,0.158171623,0.024894721,0.002276015
16.95336009,0.994229124,0.107277442,0,0,0.214968563,0,0,0.999572933,0.026650455,0.011968615,-0.000818401,0.053299084,0.023972919,-0.000998452,0.021507593,-0.021247571,0.029832873,0.094708934,-0.01055504,-0.002669951,0.113690525,0.088677377,0.082580417,0.107593566,-0.082580417,-0.107593566,-0.113690525,-0.088677377,0.161669479,0.023972919,0.000998452
17.00303007,0.994013009,0.109261788,0,0,0.218960723,0,0,0.999539316,0.028240345,0.011119698,0.000244254,0.056504099,0.022217182,0.001116608,0.01263097,-0.032651424,0.010133536,0.092845928,-0.011186223,-0.003098648,0.107933901,0.086823829,0.08148393,0.102593996,-0.08148393,-0.102593996,-0.107933901,-0.086823829,0.162456624,0.022217182,0.001116608
17.05062008,0.993793788,0.111238063,0,0,0.222937515,0,0,0.999538302,0.028516103,0.010490539,0.000276969,0.05705515,0.020957126,0.001152233,0.024686011,-0.033389032,0.004079193,0.097263776,-0.005562898,0.000247787,0.107130773,0.084758341,0.078561045,0.100933477,-0.078561045,-0.100933477,-0.107130773,-0.084758341,0.165882365,0.020957126,0.001152233
17.10083008,0.993571524,0.113206124,0,0,0.226898661,0,0,0.999520719,0.029331297,0.009905861,0.000282689,0.058685227,0.01978693,0.001146434,0.06785021,-0.030304492,0.000663847,0.089489686,-0.005549101,0.000753028,0.102578864,0.091453075,0.091948643,0.103074439,-0.091948643,-0.103074439,-0.102578864,-0.091453075,0.168213434,0.01978693,0.001146434
17.15011001,0.99323256,0.11614251,0,0,0.232810435,0,0,0.999505818,0.029926624,0.009624972,0.000162055,0.059873613,0.019231914,0.000900202,-0.014702976,0.004713983,-0.008587539,0.110463718,-0.014713168,0.00262684,0.094285734,0.083187543,0.084693596,0.095791794,-0.084693596,-0.095791794,-0.094285734,-0.083187543,0.172936822,0.019231914,0.000900202
17.20413995,0.99277055,0.120027642,0,0,0.240635452,0,0,0.999504626,0.029890625,0.009848536,-0.000113731,0.059796617,0.019695388,0.000361478,0.008051842,0.006825477,-0.011132658,0.109566887,-0.015484666,0.003469481,0.122550011,0.093123697,0.098377377,0.127803698,-0.098377377,-0.127803698,-0.122550011,-0.093123697,0.180838835,0.019695388,0.000361478
17.25009013,0.992535382,0.121957019,0,0,0.244522765,0,0,0.99949044,0.030285329,0.010080534,-0.000420662,0.060580677,0.020177641,-0.000230357,0.028357657,0.00788644,-0.015150011,0.10698906,-0.015965949,0.004595405,0.121582039,0.090612724,0.097551689,0.128520995,-0.097551689,-0.128520995,-0.121582039,-0.090612724,0.183942088,0.020177641,0.000230357
17.30278993,0.992297528,0.123877421,0,0,0.248392916,0,0,0.99943918,0.031796739,0.010445415,-0.001039315,0.063592902,0.020946742,-0.001413515,0.022394212,-0.01282692,-0.006508827,0.105249665,-0.018493791,0.005370205,0.118359573,0.086427689,0.095618501,0.127550378,-0.095618501,-0.127550378,-0.118359573,-0.086427689,0.184800014,0.020946742,0.001413515
17.39306999,0.99181403,0.127690755,0,0,0.256080648,0,0,0.999402642,0.033005584,0.010180008,-0.001264278,0.06600767,0.020432726,-0.00185544,0.069539994,-0.010973216,-0.00537187,0.100797416,-0.010908617,0.003968669,0.107737333,0.08592011,0.093857452,0.115674675,-0.093857452,-0.115674675,-0.107737333,-0.08592011,0.190072978,0.020432726,0.00185544
17.40178013,0.99181403,0.127690755,0,0,0.256080648,0,0,0.999402642,0.033005584,0.010180008,-0.001264278,0.06600767,0.020432726,-0.00185544,0.067288429,-0.016288461,-0.01514405,0.103765807,-0.01092746,0.003994287,0.107737333,0.08592011,0.093857452,0.115674675,-0.093857452,-0.115674675,-0.107737333,-0.08592011,0.190072978,0.020432726,0.00185544
17.45052004,0.991444861,0.130526192,0,0,0.261799388,0,0,0.999327004,0.035391543,0.009448702,-0.001978225,0.070769908,0.019025854,-0.003285579,0.057347875,-0.011624396,-0.015594066,0.10740296,-0.009733539,0.006588871,0.110698953,0.088844046,0.096832618,0.118687525,-0.096832618,-0.118687525,-0.110698953,-0.088844046,0.19102948,0.019025854,0.003285579
17.50812006,0.990944355,0.134273171,0,0,0.26935991,0,0,0.999297917,0.036182873,0.009496483,-0.002127302,0.072350857,0.019134738,-0.003565057,0.05827025,0.006981939,-0.001895428,0.108888822,-0.014796898,0.004463296,0.119222395,0.089628614,0.098555207,0.128148988,-0.098555207,-0.128148988,-0.119222395,-0.089628614,0.197009053,0.019134738,0.003565057
17.55392004,0.990690713,0.136131963,0,0,0.273111946,0,0,0.999243438,0.037608702,0.009652691,-0.002231048,0.075202513,0.019459818,-0.003733385,0.086455792,0.006433578,-0.00448376,0.104087923,-0.01476935,0.005070781,0.119222395,0.089628614,0.098555207,0.128148988,-0.098555207,-0.128148988,-0.119222395,-0.089628614,0.197909433,0.019459818,0.003733385
17.60814,0.990434906,0.137980784,0,0,0.276844815,0,0,0.999121487,0.040722262,0.009576791,-0.002585579,0.081428596,0.019348535,-0.004387471,0.079185523,0.003173202,-0.003470481,0.111293985,-0.012876106,0.004714942,0.119455114,0.09370292,0.103132807,0.128885001,-0.103132807,-0.128885001,-0.119455114,-0.09370292,0.195416219,0.019348535,0.004387471
17.65223003,0.990047296,0.140735038,0,0,0.282407605,0,0,0.999056041,0.042283978,0.009587913,-0.002712019,0.08455269,0.019388285,-0.00460897,0.050782416,-0.006140769,-0.001554191,0.111158726,-0.013824419,0.005395194,0.119455114,0.09370292,0.103132807,0.128885001,-0.103132807,-0.128885001,-0.119455114,-0.09370292,0.197854915,0.019388285,0.00460897
17.70148993,0.989655227,0.143466136,0,0,0.2879258,0,0,0.99900341,0.043506745,0.009569841,-0.002841402,0.086998364,0.019369052,-0.004845362,0.077258795,0.00365451,-0.005637109,0.112419119,-0.013924335,0.006124506,0.119587921,0.091939099,0.102729484,0.130378306,-0.102729484,-0.130378306,-0.119587921,-0.091939099,0.200927436,0.019369052,0.004845362
17.75024009,0.989523589,0.144371282,0,0,0.289755137,0,0,0.998915374,0.045468256,0.00958815,-0.002994555,0.090922799,0.019429035,-0.005111687,0.068423904,-0.004164875,-0.00282824,0.115389001,-0.011893092,0.005851978,0.120218918,0.092370264,0.104619272,0.132467926,-0.104619272,-0.132467926,-0.120218918,-0.092370264,0.198832338,0.019429035,0.005111687
17.80086995,0.989258947,0.146173652,0,0,0.293398528,0,0,0.998849034,0.046911903,0.009476533,-0.00319136,0.093810177,0.019231861,-0.005487291,0.086300828,0.002153963,-0.005735457,0.112779387,-0.013363451,0.006601087,0.121430084,0.097643912,0.109347872,0.133134037,-0.109347872,-0.133134037,-0.121430084,-0.097643912,0.199588351,0.019231861,0.005487291
17.8610499,0.988724459,0.149746266,0,0,0.30062328,0,0,0.998699546,0.049962863,0.009602952,-0.003319582,0.099917153,0.019513871,-0.005672058,0.081575662,0.000240654,-0.000178814,0.11863356,-0.014836213,0.006321205,0.11954172,0.092814833,0.106017008,0.132743895,-0.106017008,-0.132743895,-0.11954172,-0.092814833,0.200706127,0.019513871,0.005672058
17.90111995,0.988454765,0.151516264,0,0,0.304204134,0,0,0.998680174,0.050344117,0.009615024,-0.003333365,0.10068042,0.019541538,-0.005690927,0.081018366,-0.001192093,0.001329929,0.118182467,-0.013069573,0.005882628,0.127148539,0.097476125,0.110118538,0.139790937,-0.110118538,-0.139790937,-0.127148539,-0.097476125,0.203523714,0.019541538,0.005690927
17.95185996,0.988047374,0.154150534,0,0,0.309535306,0,0,0.998506904,0.05366753,0.009569465,-0.003551558,0.1073331,0.019492787,-0.006066559,0.091583289,-0.004555285,-0.00961572,0.120268998,-0.012710351,0.005776391,0.125369385,0.099230245,0.110995501,0.137134627,-0.110995501,-0.137134627,-0.125369385,-0.099230245,0.202202206,0.019492787,0.006066559
18.00136996,0.987636794,0.15675957,0,0,0.314817598,0,0,0.99840802,0.055484906,0.009416576,-0.003783078,0.110969964,0.01922416,-0.006510403,0.101170711,-0.005955994,-0.009441379,0.117125263,-0.011070434,0.00807507,0.127202928,0.10178224,0.113335021,0.138755709,-0.113335021,-0.138755709,-0.127202928,-0.10178224,0.203847634,0.01922416,0.006510403
18.0573299,0.987361431,0.158484713,0,0,0.318311559,0,0,0.998310208,0.05720669,0.009400029,-0.003984763,0.114415689,0.019225382,-0.006881895,0.092827529,0.009258837,-0.006195903,0.119211823,-0.015109692,0.007818269,0.126503214,0.096283846,0.111920379,0.142139748,-0.111920379,-0.142139748,-0.126503214,-0.096283846,0.20389587,0.019225382,0.006881895
18.10168004,0.987223286,0.159342975,0,0,0.320050177,0,0,0.99817431,0.059512958,0.009397519,-0.004240436,0.119031833,0.019266637,-0.00734827,0.093082339,-0.007730722,-0.011740626,0.119988315,-0.010526848,0.009095241,0.121419892,0.100366205,0.118556686,0.139610365,-0.118556686,-0.139610365,-0.121419892,-0.100366205,0.201018344,0.019266637,0.00734827
18.15033007,0.986807112,0.161900352,0,0,0.325232217,0,0,0.998054564,0.061479587,0.009321712,-0.004545468,0.122967391,0.019167231,-0.007928599,0.099249944,-0.002108514,-0.011801722,0.119642853,-0.011869507,0.009501946,0.121419892,0.100366205,0.118556686,0.139610365,-0.118556686,-0.139610365,-0.121419892,-0.100366205,0.202264826,0.019167231,0.007928599
18.20906997,0.986248522,0.16526903,0,0,0.332061573,0,0,0.997806132,0.065349706,0.009316228,-0.005080739,0.130714054,0.019256814,-0.00892333,0.105439872,-0.008943677,-0.012339653,0.121976897,-0.012262836,0.010334205,0.12201038,0.098271377,0.117275275,0.141014278,-0.117275275,-0.141014278,-0.12201038,-0.098271377,0.201347519,0.019256814,0.00892333
18.25640011,0.985827156,0.167764173,0,0,0.337122518,0,0,0.997601926,0.068383753,0.009181729,-0.005454798,0.13679034,0.019066615,-0.009629571,0.093803562,0.004529208,-0.005881488,0.12289301,-0.009949925,0.010310798,0.122532107,0.102632269,0.12325386,0.143153697,-0.12325386,-0.143153697,-0.122532107,-0.102632269,0.200332178,0.019066615,0.009629571
18.30300999,0.985686292,0.168589839,0,0,0.338797709,0,0,0.9974612,0.070392191,0.009218628,-0.005591976,0.140814549,0.019178882,-0.009859692,0.096879162,0.003353507,-0.00423193,0.124503157,-0.013082094,0.00961048,0.127974734,0.10181056,0.121031523,0.147195697,-0.121031523,-0.147195697,-0.127974734,-0.10181056,0.19798316,0.019178882,0.009859692
18.36883998,0.985404009,0.170232013,0,0,0.342130228,0,0,0.997319639,0.072369717,0.009155939,-0.005704268,0.144778531,0.019089584,-0.010054731,0.102695078,0.002173335,0.001240522,0.124143987,-0.01269183,0.008807182,0.128028601,0.102644958,0.120259322,0.145642966,-0.120259322,-0.145642966,-0.128028601,-0.102644958,0.197351697,0.019089584,0.010054731
18.40090013,0.985121054,0.171861887,0,0,0.345438735,0,0,0.997165442,0.074462235,0.009101663,-0.005792233,0.148974167,0.01901548,-0.01019819,0.099634387,-0.003862381,0.000353903,0.125672683,-0.011016541,0.009081541,0.128028601,0.102644958,0.120259322,0.145642966,-0.120259322,-0.145642966,-0.128028601,-0.102644958,0.196464568,0.01901548,0.01019819
18.4518199,0.984695535,0.174283399,0,0,0.350355966,0,0,0.996974945,0.076968752,0.009095096,-0.005842648,0.154001338,0.019035716,-0.010251906,0.099235035,0.001063198,0.004359335,0.126461979,-0.012345643,0.00848975,0.127607644,0.105574578,0.123737663,0.145770729,-0.123737663,-0.145770729,-0.127607644,-0.105574578,0.196354628,0.019035716,0.010251906
18.50002003,0.984126567,0.177468028,0,0,0.356826079,0,0,0.996774912,0.079519205,0.009058002,-0.005868499,0.15911835,0.018992037,-0.010260605,0.105629116,3.80E-05,0.000502914,0.127611358,-0.012009249,0.009203977,0.130317837,0.105626568,0.122606069,0.147297338,-0.122606069,-0.147297338,-0.130317837,-0.105626568,0.197707729,0.018992037,0.010260605
18.55157996,0.983841573,0.179041224,0,0,0.360023684,0,0,0.996477723,0.08316426,0.009018428,-0.005890997,0.166433444,0.018954297,-0.01024249,0.099953264,-0.000974536,0.001070648,0.129079273,-0.012866097,0.009246021,0.130416602,0.106398113,0.124806069,0.148824543,-0.124806069,-0.148824543,-0.130416602,-0.106398113,0.19359024,0.018954297,0.01024249
18.60461998,0.983556346,0.180601537,0,0,0.363196021,0,0,0.996243,0.08593823,0.008972187,-0.005847276,0.172003144,0.018883084,-0.010110481,0.114884235,0.005040318,0.005305558,0.127729178,-0.013292071,0.008413216,0.132699311,0.106967136,0.125459179,0.151191354,-0.125459179,-0.151191354,-0.132699311,-0.106967136,0.191192877,0.018883084,0.010110481
18.65057993,0.983270966,0.182148863,0,0,0.366342868,0,0,0.996046662,0.08818683,0.008996208,-0.005777549,0.176519179,0.018941423,-0.009924663,0.118581206,0.004505366,0.005283207,0.126814202,-0.013205078,0.008353818,0.132607996,0.10602387,0.122850306,0.149434432,-0.122850306,-0.149434432,-0.132607996,-0.10602387,0.189823689,0.018941423,0.009924663
18.7012899,0.982842784,0.184445282,0,0,0.371014861,0,0,0.995836854,0.090537943,0.008955637,-0.005651684,0.181243473,0.018861203,-0.009636522,0.110743202,-0.001311302,0.010538846,0.129190565,-0.011692336,0.007317454,0.131665424,0.105255283,0.12196292,0.148373067,-0.12196292,-0.148373067,-0.131665424,-0.105255283,0.189771388,0.018861203,0.009636522
18.75024009,0.982414709,0.186711915,0,0,0.375628267,0,0,0.995620489,0.092898339,0.008959318,-0.005445891,0.185988651,0.018853102,-0.009181229,0.123303391,0.006303937,0.01546219,0.12868853,-0.013792133,0.006240143,0.133565411,0.11018075,0.124815658,0.148200318,-0.124815658,-0.148200318,-0.133565411,-0.11018075,0.189639616,0.018853102,0.009181229
18.80571008,0.981987011,0.188948432,0,0,0.380182357,0,0,0.995338202,0.095894545,0.008930158,-0.00514965,0.192014343,0.0187658,-0.008540186,0.129216179,-0.001971424,0.017843397,0.127718586,-0.011648408,0.005471139,0.136240482,0.108656235,0.121136516,0.148720771,-0.121136516,-0.148720771,-0.136240482,-0.108656235,0.188168014,0.0187658,0.008540186
18.85413003,0.981702222,0.190422549,0,0,0.383185107,0,0,0.99485445,0.100814842,0.008974346,-0.004562657,0.201914777,0.0187774,-0.007270208,0.12505576,0.006555766,0.018957999,0.128244945,-0.013314786,0.005604885,0.133895814,0.110599019,0.121541299,0.144838095,-0.121541299,-0.144838095,-0.133895814,-0.110599019,0.18127033,0.0187774,0.007270208
18.90928007,0.9814178,0.191883041,0,0,0.386160965,0,0,0.994599402,0.103314802,0.008951874,-0.004265405,0.206947146,0.0186895,-0.006636223,0.131512448,-0.003762543,0.015490503,0.130556437,-0.014175709,0.004651623,0.140080482,0.111729085,0.121032327,0.149383739,-0.121032327,-0.149383739,-0.140080482,-0.111729085,0.179213819,0.0186895,0.006636223
18.95061994,0.981133826,0.193329812,0,0,0.389109721,0,0,0.994208217,0.107029513,0.008966119,-0.003829483,0.21442691,0.018649188,-0.005696347,0.127527863,0.004371256,0.018785149,0.129744602,-0.013812289,0.003843163,0.140080482,0.111729085,0.121032327,0.149383739,-0.121032327,-0.149383739,-0.140080482,-0.111729085,0.174682811,0.018649188,0.005696347
19.00271011,0.980850378,0.194762771,0,0,0.392031167,0,0,0.993944108,0.109464325,0.008952719,-0.003555697,0.21933099,0.018576515,-0.005109225,0.131020695,0.00275001,0.015012177,0.129484404,-0.013433417,0.00418031,0.13873747,0.111870654,0.120231278,0.147098094,-0.120231278,-0.147098094,-0.13873747,-0.111870654,0.172700177,0.018576515,0.005109225
19.05383993,0.980567536,0.196181824,0,0,0.394925099,0,0,0.993669391,0.111938953,0.008953217,-0.003317179,0.224315806,0.018536774,-0.004588733,0.117718428,-0.002168119,0.015433876,0.133646682,-0.012233282,0.003880653,0.13873747,0.111870654,0.120231278,0.147098094,-0.120231278,-0.147098094,-0.13873747,-0.111870654,0.170609293,0.018536774,0.004588733
19.11390996,0.979723438,0.200354648,0,0,0.40343979,0,0,0.993113399,0.116776027,0.008959024,-0.002972513,0.234061384,0.018489945,-0.003812347,0.120077282,0.001334399,0.007712096,0.132679773,-0.013762515,0.004095855,0.142346397,0.114821382,0.123013094,0.150538102,-0.123013094,-0.150538102,-0.142346397,-0.114821382,0.169378406,0.018489945,0.003812347
19.15604997,0.979583504,0.201037703,0,0,0.404834274,0,0,0.992757082,0.119770199,0.008975315,-0.002840878,0.240095199,0.018502173,-0.003491258,0.115115196,0.000568479,0.007567554,0.134089373,-0.013265916,0.004863454,0.142346397,0.114821382,0.123013094,0.150538102,-0.123013094,-0.150538102,-0.142346397,-0.114821382,0.164739075,0.018502173,0.003491258
19.20600009,0.979304367,0.202393075,0,0,0.407601908,0,0,0.992471874,0.122112274,0.008972415,-0.002787699,0.244815555,0.018491615,-0.00334272,0.121977203,0.002565236,0.006905944,0.1353924,-0.013144417,0.004787597,0.143749177,0.117460363,0.127035558,0.153324381,-0.127035558,-0.153324381,-0.143749177,-0.117460363,0.162786353,0.018491615,0.00334272
19.2536099,0.979026269,0.203734055,0,0,0.410340935,0,0,0.992174029,0.124511153,0.008954957,-0.002733744,0.249651791,0.018451562,-0.003195265,0.120467693,-0.005596875,0.000564009,0.135087467,-0.01150474,0.005922052,0.143749177,0.117460363,0.127035558,0.153324381,-0.127035558,-0.153324381,-0.143749177,-0.117460363,0.160689144,0.018451562,0.003195265
19.30161,0.978749287,0.205060559,0,0,0.413051162,0,0,0.99187994,0.126835033,0.008936902,-0.002728125,0.254337334,0.018421748,-0.003145459,0.118318953,0.001967699,0.000680238,0.136016346,-0.013517388,0.005939863,0.140670121,0.117660649,0.129504755,0.152514219,-0.129504755,-0.152514219,-0.140670121,-0.117660649,0.158713828,0.018421748,0.003145459
19.35057998,0.9784735,0.206372505,0,0,0.4157324,0,0,0.991514325,0.129661396,0.008927857,-0.002771828,0.26003707,0.018424034,-0.003181962,0.110738724,0.003492087,0.000716001,0.138600539,-0.013929,0.006057922,0.146471575,0.118613593,0.130729437,0.158587426,-0.130729437,-0.158587426,-0.146471575,-0.118613593,0.15569533,0.018424034,0.003181962
19.40669013,0.97778976,0.209588134,0,0,0.422307438,0,0,0.991223514,0.131865352,0.00892234,-0.002838783,0.264482503,0.018437782,-0.003275204,0.106758632,0.001242012,-0.003814697,0.140615277,-0.013306383,0.00697488,0.146471575,0.118613593,0.130729437,0.158587426,-0.130729437,-0.158587426,-0.146471575,-0.118613593,0.157824935,0.018437782,0.003275204
19.46391011,0.977383826,0.211473063,0,0,0.426163727,0,0,0.990662634,0.136013284,0.008863745,-0.003101008,0.272850071,0.018406554,-0.003733572,0.107239932,0.001653284,-0.00346899,0.141895761,-0.013642218,0.007419547,0.146946743,0.120333992,0.134283751,0.160896495,-0.134283751,-0.160896495,-0.146946743,-0.120333992,0.153313656,0.018406554,0.003733572
19.5046599,0.97724929,0.212093906,0,0,0.427434232,0,0,0.990313649,0.13852942,0.00885046,-0.003233708,0.277928678,0.018426427,-0.003953351,0.097762793,0.000467151,0.00057444,0.140769123,-0.013292365,0.007293659,0.148118392,0.120833971,0.135673061,0.162957489,-0.135673061,-0.162957489,-0.148118392,-0.120833971,0.149505554,0.018426427,0.003953351
19.55138994,0.976981437,0.213324333,0,0,0.42995272,0,0,0.990027487,0.140559524,0.008801376,-0.003363902,0.282027164,0.018373895,-0.004187195,0.107809164,-0.008077919,0.000376254,0.141323765,-0.010587113,0.007018395,0.146767795,0.120183073,0.134770393,0.161355108,-0.134770393,-0.161355108,-0.146767795,-0.120183073,0.147925556,0.018373895,0.004187195
19.60264993,0.976715273,0.214539685,0,0,0.432441033,0,0,0.989736557,0.142593801,0.008734617,-0.003498321,0.286135213,0.018288638,-0.004434585,0.107545406,-0.001122058,-0.001502037,0.142477017,-0.012322988,0.00753504,0.144892439,0.123718232,0.137755021,0.158929229,-0.137755021,-0.158929229,-0.144892439,-0.123718232,0.14630582,0.018288638,0.004434585
19.65229011,0.976319352,0.216334284,0,0,0.436116542,0,0,0.989443839,0.144611105,0.008699813,-0.003607839,0.290210588,0.018260431,-0.004624115,0.101628162,0.001525134,-0.002616644,0.144202645,-0.012962991,0.007909227,0.147264928,0.122618966,0.137689039,0.162335008,-0.137689039,-0.162335008,-0.147264928,-0.122618966,0.145905954,0.018260431,0.004624115
19.71527005,0.975798055,0.21867363,0,0,0.440909993,0,0,0.988678753,0.149751142,0.008615538,-0.003851001,0.300600813,0.018190384,-0.005035286,0.099960722,0.004469603,-0.000534952,0.141130673,-0.012442926,0.007755318,0.149256364,0.123330407,0.139148861,0.165074825,-0.139148861,-0.165074825,-0.149256364,-0.123330407,0.14030918,0.018190384,0.005035286
19.77783013,0.975284828,0.220951362,0,0,0.445579669,0,0,0.988373756,0.15175131,0.008573652,-0.003958068,0.304645969,0.01815022,-0.005222857,0.103131682,-0.002533197,-0.003875792,0.144856333,-0.013601238,0.007926143,0.150531381,0.123328932,0.139181212,0.166383669,-0.139181212,-0.166383669,-0.150531381,-0.123328932,0.1409337,0.01815022,0.005222857
19.82824994,0.97503142,0.222066949,0,0,0.447867679,0,0,0.988069534,0.153718054,0.008527532,-0.004076465,0.308624612,0.018105832,-0.005434909,0.102876879,-0.00423342,-0.00552386,0.144510414,-0.011645155,0.008651469,0.147504061,0.124213763,0.1415167,0.164806992,-0.1415167,-0.164806992,-0.147504061,-0.124213763,0.139243067,0.018105832,0.005434909
19.85334993,0.97503142,0.222066949,0,0,0.447867679,0,0,0.987678349,0.156212002,0.008482664,-0.004200916,0.313671884,0.018069732,-0.005649071,0.102364279,-0.003059208,7.67E-05,0.143925105,-0.011348817,0.008324891,0.146948993,0.124251373,0.140901148,0.163598776,-0.140901148,-0.163598776,-0.146948993,-0.124251373,0.134195795,0.018069732,0.005649071
19.90434003,0.974780244,0.223166924,0,0,0.450124257,0,0,0.987372994,0.158128902,0.008464536,-0.00428357,0.317552982,0.018071001,-0.005782962,0.099167973,-0.001469255,-0.000476837,0.146784084,-0.011733794,0.008576796,0.149941042,0.126473472,0.143627062,0.167094633,-0.143627062,-0.167094633,-0.149941042,-0.126473472,0.132571275,0.018071001,0.005782962
19.95334006,0.974407816,0.224787472,0,0,0.453449841,0,0,0.987066865,0.160027727,0.008422347,-0.004412551,0.321397828,0.018040074,-0.006016362,0.100722171,-0.000873208,-0.008420647,0.146779445,-0.011775222,0.010123124,0.14843151,0.124881074,0.145127326,0.168677747,-0.145127326,-0.168677747,-0.14843151,-0.124881074,0.132052013,0.018040074,0.006016362
20.00826002,0.973919703,0.226892951,0,0,0.457772478,0,0,0.98675555,0.161934152,0.008374006,-0.00454751,0.325259251,0.017999961,-0.006263542,0.097612292,-0.001095235,-0.006575882,0.147764063,-0.011629121,0.010006807,0.149386331,0.126128107,0.146141723,0.169399947,-0.146141723,-0.169399947,-0.149386331,-0.126128107,0.132513227,0.017999961,0.006263542
20.05152011,0.973679425,0.227921868,0,0,0.45988568,0,0,0.986295581,0.164709866,0.00828388,-0.004817626,0.330882278,0.017928687,-0.006775473,0.095047802,-0.002853573,-0.003798306,0.149967281,-0.011430284,0.010620002,0.150777519,0.127916962,0.149156973,0.17201753,-0.149156973,-0.17201753,-0.150777519,-0.127916962,0.129003402,0.017928687,0.006775473
20.10245991,0.973441753,0.228934822,0,0,0.461966606,0,0,0.985765457,0.16784735,0.00825009,-0.005104675,0.337241634,0.017979882,-0.007295754,0.092212126,-0.001892448,-0.004579127,0.149714159,-0.012428075,0.010453082,0.150777519,0.127916962,0.149156973,0.17201753,-0.149156973,-0.17201753,-0.150777519,-0.127916962,0.124724972,0.017979882,0.007295754
20.15006996,0.973206756,0.229931751,0,0,0.464015109,0,0,0.985452712,0.169671923,0.00819579,-0.005234976,0.340942184,0.01793054,-0.007537733,0.086284429,-5.66E-05,-0.002141297,0.150127862,-0.011509485,0.010226184,0.151689112,0.126832977,0.147739142,0.172595277,-0.147739142,-0.172595277,-0.151689112,-0.126832977,0.123072925,0.01793054,0.007537733
20.20096994,0.972974498,0.230912596,0,0,0.466031046,0,0,0.985063195,0.171919227,0.008117893,-0.005348206,0.345502525,0.017833135,-0.007746705,0.089954585,-0.000344217,-0.003920496,0.150991422,-0.011296678,0.01069022,0.151411116,0.12839216,0.14884454,0.171863496,-0.14884454,-0.171863496,-0.151411116,-0.12839216,0.120528521,0.017833135,0.007746705
20.25484992,0.972518456,0.2328258,0,0,0.469964658,0,0,0.984743953,0.17373842,0.008044769,-0.00544528,0.349195427,0.017737113,-0.007930372,0.09367688,-0.004391372,-0.004847348,0.150380956,-0.010095506,0.010974289,0.151597843,0.129004493,0.150384933,0.172978282,-0.150384933,-0.172978282,-0.151597843,-0.129004493,0.120769231,0.017737113,0.007930372
20.30490995,0.972294799,0.233758046,0,0,0.471882056,0,0,0.984426677,0.175528228,0.007985446,-0.005510882,0.352830298,0.017657717,-0.008048117,0.091610104,-0.002656877,0.00096485,0.151037669,-0.010487735,0.010082674,0.149502128,0.129311129,0.151259705,0.171450719,-0.151259705,-0.171450719,-0.149502128,-0.129311129,0.119051758,0.017657717,0.008048117
20.35089994,0.972074135,0.23467398,0,0,0.473766337,0,0,0.984104633,0.177324817,0.00796329,-0.005526386,0.356480958,0.017634265,-0.008054246,0.091741234,-0.002975762,0.001766533,0.151195374,-0.010374397,0.009994571,0.151442692,0.130467236,0.150632575,0.171608031,-0.150632575,-0.171608031,-0.151442692,-0.130467236,0.117285379,0.017634265,0.008054246
20.40614009,0.971748883,0.236017179,0,0,0.476530372,0,0,0.983288825,0.181799024,0.007920013,-0.005452177,0.365579493,0.017558619,-0.007843716,0.092113748,0.002830476,0.004900247,0.152404668,-0.011713412,0.009465584,0.151575163,0.130826384,0.150815517,0.171564296,-0.150815517,-0.171564296,-0.151575163,-0.130826384,0.110950879,0.017558619,0.007843716
20.45360995,0.971326252,0.237750524,0,0,0.480098623,0,0,0.982961774,0.183563247,0.007882942,-0.005362037,0.369170284,0.017466692,-0.007648557,0.094919659,-0.000947714,0.008117408,0.150538177,-0.010892089,0.008794077,0.154652461,0.131225646,0.150156811,0.173583627,-0.150156811,-0.173583627,-0.154652461,-0.131225646,0.110928339,0.017466692,0.007648557
20.52433992,0.9711198,0.238592403,0,0,0.481832268,0,0,0.982637286,0.185296878,0.007852287,-0.005252895,0.372700284,0.017379461,-0.007414558,0.08806663,-0.001949072,0.005165488,0.152186618,-0.010612911,0.009225692,0.152636155,0.130851984,0.148440138,0.170224309,-0.148440138,-0.170224309,-0.152636155,-0.130851984,0.109131984,0.017379461,0.007414558
20.55109001,0.970916666,0.239417685,0,0,0.483532097,0,0,0.982310653,0.187023178,0.007853347,-0.005160078,0.376216222,0.01735983,-0.00720123,0.087208301,0.001410395,0.007262081,0.152497055,-0.01154643,0.008789894,0.153573796,0.132347986,0.150799379,0.172025189,-0.150799379,-0.172025189,-0.153573796,-0.132347986,0.107315875,0.01735983,0.00720123
20.60929013,0.970716907,0.240226323,0,0,0.48519799,0,0,0.98190695,0.189135775,0.007866401,-0.00497999,0.380521588,0.0173328,-0.006805211,0.0852786,0.003551692,0.008053333,0.153290715,-0.01219345,0.008491197,0.156992927,0.132606044,0.149588436,0.173975319,-0.149588436,-0.173975319,-0.156992927,-0.132606044,0.104676402,0.0173328,0.006805211
20.65162993,0.970520579,0.24101827,0,0,0.486829829,0,0,0.981583476,0.190810382,0.007875522,-0.00484134,0.383935582,0.017309381,-0.006499914,0.086671866,0.001434237,0.009278208,0.153508911,-0.011689273,0.008150265,0.156992927,0.132606044,0.149588436,0.173975319,-0.149588436,-0.173975319,-0.156992927,-0.132606044,0.102894247,0.017309381,0.006499914
20.70318008,0.970327735,0.24179348,0,0,0.488427502,0,0,0.980937839,0.194106668,0.007911845,-0.004587528,0.390658663,0.017303858,-0.005929597,0.07821992,0.002639741,0.011610241,0.153693118,-0.012387557,0.00826158,0.157047883,0.133669347,0.149969876,0.173348412,-0.149969876,-0.173348412,-0.157047883,-0.133669347,0.097768839,0.017303858,0.005929597
20.75048995,0.97004512,0.242924815,0,0,0.490759702,0,0,0.980937839,0.194106668,0.007911845,-0.004587528,0.390658663,0.017303858,-0.005929597,0.07821992,0.002639741,0.011610241,0.155909771,-0.012143693,0.007561765,0.157819048,0.13304396,0.149567112,0.174342215,-0.149567112,-0.174342215,-0.157819048,-0.13304396,0.100101039,0.017303858,0.005929597
20.80357004,0.969680987,0.24437427,0,0,0.49374869,0,0,0.980216682,0.197722241,0.00796663,-0.004225512,0.398039472,0.017289862,-0.005134263,0.081168868,0.007670373,0.007953494,0.154369413,-0.013654008,0.007819051,0.16049166,0.136204287,0.151327819,0.175615191,-0.151327819,-0.175615191,-0.16049166,-0.136204287,0.095709218,0.017289862,0.005134263
20.8506701,0.969504472,0.245073621,0,0,0.495191256,0,0,0.979895115,0.199311227,0.007997395,-0.004086249,0.401284674,0.01730295,-0.004820989,0.081645705,0.006324798,0.005509705,0.154690814,-0.013369669,0.00811587,0.160204321,0.132896334,0.148534432,0.175842434,-0.148534432,-0.175842434,-0.160204321,-0.132896334,0.093906582,0.01730295,0.004820989
20.90171004,0.969331723,0.245756,0,0,0.496599068,0,0,0.979577005,0.200870395,0.008004269,-0.003995873,0.404469208,0.01728776,-0.004613595,0.083316125,0.004106015,0.005567818,0.154712641,-0.012816317,0.008031349,0.159944564,0.13320525,0.149436995,0.17617631,-0.149436995,-0.17617631,-0.159944564,-0.13320525,0.09212986,0.01728776,0.004613595
20.95299006,0.969162788,0.246421368,0,0,0.497972027,0,0,0.979176819,0.20281218,0.008053375,-0.00391129,0.4084363,0.01735874,-0.00439372,0.08781179,0.00018701,0.002522022,0.153164269,-0.011847637,0.008489882,0.156521976,0.132826716,0.149806485,0.173501745,-0.149806485,-0.173501745,-0.156521976,-0.132826716,0.089535727,0.01735874,0.00439372
21.00506998,0.968997714,0.247069688,0,0,0.499310037,0,0,0.978527665,0.205919236,0.008123434,-0.003860036,0.414786175,0.017488613,-0.004209417,0.085569181,0.001638383,0.002003461,0.154062932,-0.012505057,0.008264665,0.158303291,0.133293182,0.149822518,0.174832612,-0.149822518,-0.174832612,-0.158303291,-0.133293182,0.084523862,0.017488613,0.004209417
21.05376006,0.968757442,0.248010119,0,0,0.501251317,0,0,0.978192151,0.20750767,0.008138903,-0.003816655,0.418034277,0.017507685,-0.004089711,0.084093943,0.002691895,0.005377084,0.154284475,-0.012332199,0.008619213,0.158303291,0.133293182,0.149822518,0.174832612,-0.149822518,-0.174832612,-0.158303291,-0.133293182,0.08321704,0.017507685,0.004089711
21.10459996,0.968451009,0.249204018,0,0,0.503716511,0,0,0.977680087,0.20990774,0.008155011,-0.003715794,0.422944816,0.017506827,-0.003842715,0.084602088,-0.000964105,0.005917997,0.153537361,-0.011731088,0.007875151,0.157997414,0.133333042,0.150571465,0.175235853,-0.150571465,-0.175235853,-0.157997414,-0.133333042,0.080771695,0.017506827,0.003842715
21.15055991,0.968303859,0.249775172,0,0,0.504896122,0,0,0.977346122,0.21145837,0.008173374,-0.003635908,0.426118978,0.01751501,-0.003650992,0.078863658,0.00777915,0.008369235,0.154682019,-0.014114934,0.007411246,0.16138567,0.133155808,0.147978306,0.176208153,-0.147978306,-0.176208153,-0.16138567,-0.133155808,0.078777144,0.01751501,0.003650992
21.2011199,0.968160807,0.250329086,0,0,0.506040297,0,0,0.977004647,0.213032275,0.008194612,-0.003524747,0.42934238,0.017515007,-0.00339648,0.078526892,0.001839549,0.006329269,0.154601922,-0.012584748,0.007679683,0.159506947,0.13433747,0.149696827,0.174866304,-0.149696827,-0.174866304,-0.159506947,-0.13433747,0.076697917,0.017515007,0.00339648
21.25091005,0.968021894,0.250865728,0,0,0.507148957,0,0,0.976671636,0.214553192,0.008235979,-0.003433216,0.432458285,0.017561808,-0.003172632,0.081276149,0.001450628,0.007512422,0.153851353,-0.012564444,0.007400199,0.159506947,0.13433747,0.149696827,0.174866304,-0.149696827,-0.174866304,-0.159506947,-0.13433747,0.074690672,0.017561808,0.003172632
21.30069995,0.967821366,0.25163824,0,0,0.508745186,0,0,0.976258814,0.216426492,0.00823963,-0.003290094,0.436297765,0.017513037,-0.00285786,0.079048425,0.002648681,0.007405132,0.153995725,-0.012931516,0.007297033,0.159015551,0.13388668,0.14868708,0.173815951,-0.14868708,-0.173815951,-0.159015551,-0.13388668,0.072447421,0.017513037,0.00285786
21.35495997,0.967568828,0.252607529,0,0,0.51074848,0,0,0.975621641,0.219279453,0.008359211,-0.003056403,0.442149234,0.017652178,-0.002298139,0.078036636,0.008442254,0.005588681,0.154767371,-0.014154169,0.007008268,0.159630165,0.133767143,0.148361221,0.174224228,-0.148361221,-0.174224228,-0.159630165,-0.133767143,0.068599246,0.017652178,0.002298139
21.40661002,0.967448994,0.253066086,0,0,0.511696393,0,0,0.97530669,0.220674157,0.008445915,-0.002949872,0.445011261,0.017777567,-0.00202679,0.072113425,0.005487353,0.008829683,0.155296984,-0.01404698,0.00682921,0.161913231,0.133604914,0.147621438,0.17592977,-0.147621438,-0.17592977,-0.161913231,-0.133604914,0.066685132,0.017777567,0.00202679
21.45660997,0.967333495,0.253507217,0,0,0.512608393,0,0,0.974924505,0.222353026,0.00859278,-0.002750426,0.448459197,0.017978722,-0.001541904,0.072426356,0.005602091,0.011322647,0.154884183,-0.01432782,0.006238963,0.162514716,0.134420767,0.148079187,0.176173136,-0.148079187,-0.176173136,-0.162514716,-0.134420767,0.064149196,0.017978722,0.001541904
21.50126005,0.967222363,0.253930896,0,0,0.513484416,0,0,0.974630892,0.223634377,0.008713833,-0.002565849,0.451092273,0.018134156,-0.001104268,0.065087527,0.012696533,0.010860712,0.156331584,-0.01642107,0.006182187,0.162973002,0.134317368,0.146795303,0.175450921,-0.146795303,-0.175450921,-0.162973002,-0.134317368,0.062392143,0.018134156,0.001104268
21.55089999,0.967115629,0.2543371,0,0,0.514324402,0,0,0.974328876,0.224943861,0.008843159,-0.002334191,0.453784907,0.018283431,-0.000570207,0.072450191,0.00596717,0.010307879,0.154524656,-0.014862653,0.006041278,0.166570425,0.133728296,0.146092668,0.178934798,-0.146092668,-0.178934798,-0.166570425,-0.133728296,0.060539495,0.018283431,0.000570207
21.60091997,0.966963837,0.25491359,0,0,0.51551668,0,0,0.974040747,0.2261848,0.008982297,-0.002108178,0.456337724,0.018452968,-4.36E-05,0.065217175,0.011295826,0.010856241,0.156136058,-0.01652469,0.005770944,0.163345993,0.133620694,0.145703256,0.17542854,-0.145703256,-0.17542854,-0.163345993,-0.133620694,0.059178956,0.018452968,0.0000436
21.65280009,0.966822099,0.255450637,0,0,0.516627552,0,0,0.9733935,0.228945345,0.009322444,-0.001595922,0.462020157,0.018880686,0.001161947,0.057087097,0.010523945,0.006537886,0.156368346,-0.01604827,0.0052433,0.166889757,0.133840397,0.145382285,0.178431645,-0.145382285,-0.178431645,-0.166889757,-0.133840397,0.054607395,0.018880686,0.001161947
21.7037201,0.966733238,0.255786722,0,0,0.517322821,0,0,0.973103642,0.230168924,0.009473877,-0.001366767,0.464540409,0.019068458,0.001701482,0.070948154,0.012931976,0.011285394,0.153679103,-0.017807989,0.004998492,0.167173266,0.135076746,0.145563349,0.177659869,-0.145563349,-0.177659869,-0.167173266,-0.135076746,0.052782412,0.019068458,0.001701482
21.75916005,0.966608451,0.256257884,0,0,0.518297633,0,0,0.972820222,0.231358945,0.009635992,-0.001173993,0.466991893,0.019292594,0.002174983,0.058739632,0.013459475,0.007491559,0.156464759,-0.018188416,0.00555484,0.166488558,0.130872592,0.140869588,0.176485538,-0.140869588,-0.176485538,-0.166488558,-0.130872592,0.05130574,0.019292594,0.002174983
21.80867005,0.96649394,0.256689433,0,0,0.5191906,0,0,0.972397327,0.233120441,0.00989042,-0.000836916,0.470623467,0.019626296,0.002984268,0.063238293,0.011423976,0.011561066,0.155069159,-0.018081738,0.004546766,0.169098288,0.132721484,0.143831164,0.180207968,-0.143831164,-0.180207968,-0.169098288,-0.132721484,0.048567133,0.019626296,0.002984268
21.85051012,0.966458065,0.25682447,0,0,0.519470043,0,0,0.972108543,0.234315768,0.010050563,-0.000611958,0.473088643,0.019828553,0.00352093,0.055596989,0.010459872,0.00938997,0.156273414,-0.018079093,0.004760593,0.168604091,0.132440627,0.141534165,0.177697614,-0.141534165,-0.177697614,-0.168604091,-0.132440627,0.0463814,0.019828553,0.00352093
21.90972996,0.966326112,0.257320509,0,0,0.520496622,0,0,0.971541464,0.2366447,0.010323046,-0.00022257,0.477892849,0.020165238,0.004454236,0.062883645,0.007645041,0.009144098,0.156866989,-0.017877225,0.004646783,0.169591874,0.1334337,0.142954886,0.17911306,-0.142954886,-0.17911306,-0.169591874,-0.1334337,0.042603773,0.020165238,0.004454236
21.96130991,0.966267095,0.257542039,0,0,0.520955134,0,0,0.971251726,0.237825915,0.010448466,-7.86E-06,0.480330833,0.020301308,0.004955608,0.063192107,0.003216416,0.012389571,0.154308241,-0.017794174,0.004437456,0.170097381,0.134342954,0.143636525,0.179390952,-0.143636525,-0.179390952,-0.170097381,-0.134342954,0.040624301,0.020301308,0.004955608
22.00646997,0.966212738,0.257745891,0,0,0.521377084,0,0,0.970907509,0.239219725,0.010616227,0.000183196,0.483207855,0.020528538,0.005436126,0.055205077,0.009039789,0.008717925,0.154870526,-0.018644716,0.00419733,0.167664915,0.132076591,0.140951499,0.176539823,-0.140951499,-0.176539823,-0.167664915,-0.132076591,0.038169229,0.020528538,0.005436126
22.05149007,0.966163058,0.257932055,0,0,0.521762441,0,0,0.970615387,0.240398586,0.010687119,0.000348959,0.485641083,0.020579838,0.005817012,0.06451831,0.002094358,0.009883195,0.152434678,-0.016943151,0.003813542,0.169317871,0.132028461,0.140423119,0.17771253,-0.140423119,-0.17771253,-0.169317871,-0.132028461,0.036121358,0.020579838,0.005817012
22.1012199,0.966097336,0.258178112,0,0,0.522271808,0,0,0.970318556,0.241590053,0.010777006,0.000484805,0.488100727,0.020681479,0.006149418,0.067349531,0.005023927,0.005938858,0.151488205,-0.017870686,0.004357038,0.165564239,0.131677955,0.13930504,0.173191324,-0.13930504,-0.173191324,-0.165564239,-0.131677955,0.034171081,0.020681479,0.006149418
22.15125013,0.966042206,0.258384317,0,0,0.522698703,0,0,0.97003001,0.242740989,0.010884868,0.000587165,0.490477314,0.020833741,0.00642498,0.058262795,0.003128499,0.006743521,0.153085072,-0.01751951,0.004206225,0.16500181,0.129260466,0.13797453,0.173715889,-0.13797453,-0.173715889,-0.16500181,-0.129260466,0.032221389,0.020833741,0.00642498
22.21041012,0.965997704,0.258550644,0,0,0.523043058,0,0,0.969388783,0.245281801,0.011028702,0.000840279,0.495725485,0.020971526,0.007040999,0.054692488,0.009613484,0.008081646,0.151851404,-0.017230708,0.004732247,0.166398317,0.131359309,0.13977176,0.174810767,-0.13977176,-0.174810767,-0.166398317,-0.131359309,0.027317573,0.020971526,0.007040999
22.26029993,0.965973954,0.258639363,0,0,0.523226744,0,0,0.96912396,0.246322334,0.011105912,0.000925333,0.497875753,0.021071707,0.007266469,0.055604432,0.006271154,0.008534639,0.152800282,-0.019503477,0.003772254,0.164349824,0.12988843,0.139352918,0.173814312,-0.139352918,-0.173814312,-0.164349824,-0.12988843,0.025350991,0.021071707,0.007266469
22.30577994,0.965954946,0.258710345,0,0,0.523373709,0,0,0.968874931,0.247296035,0.011182503,0.001074787,0.499889893,0.021138883,0.00761522,0.053910173,0.004961343,0.01056567,0.152124682,-0.018732236,0.003640833,0.168531463,0.129524529,0.137069032,0.176075965,-0.137069032,-0.176075965,-0.168531463,-0.129524529,0.023483816,0.021138883,0.00761522
22.35634995,0.965935337,0.25878355,0,0,0.523525281,0,0,0.968590379,0.248400718,0.011325971,0.001247924,0.502176813,0.021322097,0.008046128,0.045666844,0.002045185,0.00788048,0.153218324,-0.017959783,0.003536212,0.167216048,0.129751593,0.137033254,0.174497709,-0.137033254,-0.174497709,-0.167216048,-0.129751593,0.021348468,0.021322097,0.008046128
22.40430999,0.965926421,0.258816827,0,0,0.523594182,0,0,0.96838516,0.249194399,0.01141559,0.001438187,0.503821382,0.02139423,0.008476881,0.04151091,0.007008762,0.013629348,0.153728624,-0.019465576,0.002375753,0.167641848,0.131722301,0.138794735,0.174714282,-0.138794735,-0.174714282,-0.167641848,-0.131722301,0.0197728,0.02139423,0.008476881
22.45059991,0.965925826,0.258819045,0,0,0.523598776,0,0,0.968209803,0.249866918,0.011563484,0.00164606,0.50521753,0.021570835,0.008968332,0.029451402,0.013328344,0.009734184,0.155983748,-0.021375874,0.002896655,0.170818403,0.131887272,0.136638775,0.175569907,-0.136638775,-0.175569907,-0.170818403,-0.131887272,0.018381246,0.021570835,0.008968332
22.51029993,0.965935337,0.25878355,0,0,0.523525281,0,0,0.967862129,0.251191735,0.011878494,0.002174895,0.507971824,0.021902604,0.010180172,0.018980356,0.013335795,0.006326288,0.155017018,-0.019618311,0.001800655,0.174462914,0.1317112,0.137504503,0.180256233,-0.137504503,-0.180256233,-0.174462914,-0.1317112,0.015553457,0.021902604,0.010180172
22.55962992,0.965947222,0.258739182,0,0,0.523433418,0,0,0.967746794,0.251627505,0.012008314,0.002396584,0.508879675,0.022037701,0.010684612,0.026304277,0.01006648,0.010494143,0.157438039,-0.021913371,0.003016473,0.172834635,0.13359803,0.137199342,0.176435933,-0.137199342,-0.176435933,-0.172834635,-0.13359803,0.014553743,0.022037701,0.010684612
22.60945011,0.965963857,0.258677072,0,0,0.523304818,0,0,0.967626035,0.252082556,0.01214449,0.002628557,0.509827954,0.022179238,0.011212739,0.026065862,0.008598718,0.008165093,0.155328863,-0.02113986,0.002221327,0.176334888,0.132508174,0.138541117,0.182367831,-0.138541117,-0.182367831,-0.176334888,-0.132508174,0.013476864,0.022179238,0.011212739
22.65438009,0.965997704,0.258550644,0,0,0.523043058,0,0,0.967484057,0.252617985,0.012271526,0.002910401,0.510943371,0.022276409,0.011834758,0.030916184,0.011854619,0.015918167,0.153935747,-0.022284927,0.000565556,0.174247354,0.131967649,0.136410311,0.178690001,-0.136410311,-0.178690001,-0.174247354,-0.131967649,0.012099687,0.022276409,0.011834758
22.70481992,0.966042206,0.258384317,0,0,0.522698703,0,0,0.967289031,0.253352821,0.012414426,0.00321938,0.512472385,0.022387263,0.012522064,0.034993146,0.006232412,0.008944425,0.152437683,-0.021049028,0.001430713,0.175655067,0.131085247,0.132216349,0.176786184,-0.132216349,-0.176786184,-0.175655067,-0.131085247,0.010226318,0.022387263,0.012522064
22.75185991,0.966059404,0.258320012,0,0,0.522565573,0,0,0.967132747,0.253939897,0.012536671,0.003430214,0.513693727,0.022509011,0.013005725,0.034446269,0.012098999,0.009355694,0.152088801,-0.022834868,0.001135723,0.17205596,0.129957914,0.132819355,0.174917385,-0.132819355,-0.174917385,-0.17205596,-0.129957914,0.008871846,0.022509011,0.013005725
22.80647994,0.966139976,0.2580185,0,0,0.521941389,0,0,0.966962218,0.254580706,0.012641993,0.003621917,0.515025659,0.022606441,0.013445166,0.03238992,0.009553879,0.010672959,0.152001945,-0.022345047,0.000738354,0.173787892,0.128118187,0.130389631,0.17605935,-0.130389631,-0.17605935,-0.173787892,-0.128118187,0.00691573,0.022606441,0.013445166
22.85944009,0.966187313,0.257841184,0,0,0.521574338,0,0,0.966606736,0.255908936,0.012904358,0.003942158,0.517787024,0.022931221,0.014229935,0.025405735,0.002793223,0.006159395,0.151853028,-0.021109907,0.001430536,0.173608586,0.128918529,0.130395234,0.175085306,-0.130395234,-0.175085306,-0.173608586,-0.128918529,0.003787314,0.022931221,0.014229935
22.90376997,0.966239333,0.257646175,0,0,0.521170681,0,0,0.966479242,0.256380975,0.013056405,0.004027896,0.518769695,0.02317421,0.014484979,0.027037416,0.010669977,0.001887232,0.152374263,-0.020938449,0.001277801,0.171532348,0.12931256,0.132173643,0.17439343,-0.132173643,-0.17439343,-0.171532348,-0.12931256,0.002400986,0.02317421,0.014484979
22.9509101,0.966296022,0.257433483,0,0,0.520730447,0,0,0.966374576,0.256765902,0.013207146,0.00413739,0.519572716,0.023403553,0.014783412,0.022964925,0.007694215,0.007750839,0.152199976,-0.022678189,0.000866655,0.17203486,0.130157992,0.132713601,0.174590468,-0.132713601,-0.174590468,-0.17203486,-0.130157992,0.001157731,0.023403553,0.014783412
23.00111008,0.966389775,0.257081316,0,0,0.52000158,0,0,0.966275394,0.257129043,0.013362349,0.004255389,0.520331129,0.023637247,0.015100242,0.01826063,0.006804614,0.007397681,0.152339341,-0.022656737,0.000850268,0.174011469,0.128655106,0.130388424,0.175744772,-0.130388424,-0.175744772,-0.174011469,-0.128655106,0.000329549,0.023637247,0.015100242
23.05065012,0.96649394,0.256689433,0,0,0.5191906,0,0,0.966172636,0.257503808,0.013527325,0.004383815,0.521114333,0.023884036,0.015442739,0.01326725,0.010130554,0.009083004,0.152885685,-0.023780791,0.000473799,0.174145758,0.12883231,0.130532846,0.175846294,-0.130532846,-0.175846294,-0.174145758,-0.12883231,0.001923733,0.023884036,0.015442739
23.10679007,0.966608451,0.256257884,0,0,0.518297633,0,0,0.966110051,0.257731289,0.013638825,0.004477926,0.521590441,0.024047324,0.01568782,0.010160358,0.006572157,0.002137572,0.153117273,-0.022974569,0.001605603,0.176192626,0.12863107,0.12957868,0.177140221,-0.12957868,-0.177140221,-0.176192626,-0.12863107,0.003292808,0.024047324,0.01568782
23.15731001,0.966690505,0.255948174,0,0,0.517656843,0,0,0.966024816,0.258033484,0.013894822,0.004670117,0.522227729,0.024437824,0.016199099,0.010774285,0.010540337,0.002583116,0.153834889,-0.022380998,0.001170631,0.17448619,0.128537074,0.131748289,0.177697405,-0.131748289,-0.177697405,-0.17448619,-0.128537074,0.004570886,0.024437824,0.016199099
23.20502997,0.966777103,0.255620876,0,0,0.516979722,0,0,0.965986252,0.258167744,0.014059282,0.004739515,0.522512103,0.024717479,0.016421671,0.008121879,0.00199303,0.002741069,0.152119813,-0.024409614,0.001343021,0.175045207,0.130283237,0.132624507,0.177386478,-0.132624507,-0.177386478,-0.175045207,-0.130283237,0.005532381,0.024717479,0.016421671
23.25037003,0.966868222,0.255276008,0,0,0.516266318,0,0,0.965953708,0.258282751,0.0141764,0.004749346,0.522753981,0.024936728,0.016504214,0.002527982,0.005737693,0.001979619,0.153355712,-0.023476278,0.001487838,0.175186366,0.126367152,0.129053205,0.177872404,-0.129053205,-0.177872404,-0.175186366,-0.126367152,0.006487663,0.024936728,0.016504214
23.30165005,0.967013321,0.254725806,0,0,0.51512829,0,0,0.96592921,0.25836882,0.01426925,0.004778829,0.522935642,0.025099402,0.016611474,0.005648284,0.000303239,0.002982467,0.152026231,-0.022150603,0.001294798,0.17534411,0.128391579,0.131367251,0.178319782,-0.131367251,-0.178319782,-0.17534411,-0.128391579,0.007807352,0.025099402,0.016611474
23.35168004,0.967168445,0.254136184,0,0,0.513908918,0,0,0.965893269,0.258498818,0.014336137,0.004794123,0.523207254,0.02521848,0.016679049,0.010988861,-0.001884997,-0.000697374,0.149937811,-0.021648738,0.001883702,0.169702798,0.126405358,0.130172759,0.173470199,-0.130172759,-0.173470199,-0.169702798,-0.126405358,0.009298336,0.02521848,0.016679049
23.40582991,0.967333495,0.253507217,0,0,0.512608393,0,0,0.965848923,0.258659005,0.014428494,0.004814193,0.523542237,0.025383749,0.016769875,0.013437123,0.006853789,9.16E-05,0.148858119,-0.024106979,0.001699576,0.169702798,0.126405358,0.130172759,0.173470199,-0.130172759,-0.173470199,-0.169702798,-0.126405358,0.010933844,0.025383749,0.016769875
23.45759011,0.967448994,0.253066086,0,0,0.511696393,0,0,0.96578747,0.25888288,0.014532006,0.004803508,0.524008783,0.025585358,0.016808803,0.009132178,-0.001132488,0.000909716,0.149438034,-0.022403903,0.001249008,0.171265483,0.123051547,0.126450703,0.174664631,-0.126450703,-0.174664631,-0.171265483,-0.123051547,0.01231239,0.025585358,0.016808803
23.50306011,0.967568828,0.252607529,0,0,0.51074848,0,0,0.965769649,0.258946776,0.014581091,0.004801064,0.524142548,0.02568033,0.016831239,0.003359467,0.006821007,0.003210455,0.148359936,-0.022079646,0.001628495,0.170592889,0.125785097,0.128283113,0.173090905,-0.128283113,-0.173090905,-0.170592889,-0.125785097,0.013394068,0.02568033,0.016831239
23.55087996,0.967692963,0.252131572,0,0,0.509764722,0,0,0.965779483,0.258906096,0.014644039,0.004815524,0.524060594,0.025795148,0.016890752,-0.0055179,0.008685142,-0.002068281,0.150917492,-0.024809195,0.002191388,0.168811038,0.124651775,0.127908766,0.17206803,-0.127908766,-0.17206803,-0.168811038,-0.124651775,0.014295872,0.025795148,0.016890752
23.60166002,0.967887156,0.251385068,0,0,0.508222024,0,0,0.965859532,0.258600026,0.014785833,0.00478993,0.523430478,0.026087677,0.016906588,-0.018943846,0.006463379,-0.002186,0.152764691,-0.024348018,0.002333081,0.173535258,0.123916887,0.128299668,0.177918032,-0.128299668,-0.177918032,-0.173535258,-0.123916887,0.015208454,0.026087677,0.016906588
23.65103007,0.968090831,0.250599568,0,0,0.506599072,0,0,0.965954602,0.258239567,0.014884134,0.004758481,0.522686359,0.026300167,0.016886938,-0.020162759,0.003846735,-0.001883507,0.152619916,-0.023754534,0.002340468,0.174779579,0.126083568,0.130749732,0.179445744,-0.130749732,-0.179445744,-0.174779579,-0.126083568,0.016087287,0.026300167,0.016886938
23.70349002,0.968231818,0.250054286,0,0,0.505472644,0,0,0.966087878,0.257734984,0.014991704,0.004715076,0.521643921,0.02653924,0.016844856,-0.027190151,-0.000293553,-0.004976988,0.153763747,-0.022743037,0.002980743,0.17403394,0.126524895,0.131205827,0.178714871,-0.131205827,-0.178714871,-0.17403394,-0.126524895,0.016171277,0.02653924,0.016844856
23.7576201,0.968451009,0.249204018,0,0,0.503716511,0,0,0.966454446,0.256345063,0.015207449,0.004665012,0.518772282,0.02700619,0.016820677,-0.031790141,0.006007404,-0.000594556,0.154863457,-0.022348551,0.002898451,0.174313515,0.129616439,0.135413334,0.18011041,-0.135413334,-0.18011041,-0.174313515,-0.129616439,0.015055771,0.02700619,0.016820677
23.80570007,0.96867933,0.248315032,0,0,0.501880835,0,0,0.966627896,0.255687803,0.015246459,0.004694064,0.517413975,0.027078179,0.016878478,-0.032453239,0.003664941,0.005108864,0.153511664,-0.024670355,0.002278218,0.174313515,0.129616439,0.135413334,0.18011041,-0.135413334,-0.18011041,-0.174313515,-0.129616439,0.01553314,0.027078179,0.016878478
23.85159994,0.968757442,0.248010119,0,0,0.501251317,0,0,0.966802418,0.25502497,0.015261098,0.004764634,0.516044683,0.027082035,0.017003891,-0.034685437,-0.002028048,0.004250556,0.154496212,-0.022628424,0.001353794,0.175903752,0.126563072,0.131119505,0.180460185,-0.131119505,-0.180460185,-0.175903752,-0.126563072,0.014793366,0.027082035,0.017003891
23.90917993,0.969079765,0.246747662,0,0,0.498645407,0,0,0.967000306,0.254269481,0.015290656,0.004875338,0.514485473,0.027096151,0.017211967,-0.033314526,0.005825609,0.011337549,0.153168261,-0.024813634,-6.92E-05,0.175770789,0.130513981,0.133221567,0.17847839,-0.133221567,-0.17847839,-0.175770789,-0.130513981,0.015840066,0.027096151,0.017211967
23.96094013,0.969331723,0.245756,0,0,0.496599068,0,0,0.967263758,0.253262222,0.015237859,0.00520043,0.512408483,0.026847132,0.017786067,-0.030083958,0.003232808,0.015918167,0.151904019,-0.024176326,-0.001316317,0.178051084,0.12842384,0.128285363,0.177912608,-0.128285363,-0.177912608,-0.178051084,-0.12842384,0.015809415,0.026847132,0.017786067
24.00114012,0.969417623,0.245416934,0,0,0.495899513,0,0,0.967415869,0.252678871,0.015172618,0.005453786,0.511206316,0.026603488,0.018227216,-0.023016332,0.002456456,0.010732561,0.150375925,-0.02397613,-0.000812225,0.17739661,0.129043996,0.126411363,0.174763978,-0.126411363,-0.174763978,-0.17739661,-0.129043996,0.015306803,0.026603488,0.018227216
24.05029011,0.969592261,0.244726064,0,0,0.494474311,0,0,0.967520297,0.252278954,0.015072538,0.005717458,0.510382544,0.026284208,0.018676016,-0.021718442,-0.001366437,0.01621023,0.149510833,-0.022927264,-0.002114941,0.175164238,0.127212003,0.125587553,0.173539788,-0.125587553,-0.173539788,-0.175164238,-0.127212003,0.015908233,0.026284208,0.018676016
24.10346008,0.96986122,0.243657987,0,0,0.492271471,0,0,0.967666745,0.251719177,0.014836458,0.0061942,0.509228846,0.025597892,0.01946469,-0.01243651,-0.008682907,0.009236486,0.147958455,-0.022034904,-0.002395008,0.174552992,0.128698498,0.12446861,0.170323104,-0.12446861,-0.170323104,-0.174552992,-0.128698498,0.016957375,0.025597892,0.01946469
24.16009999,0.970138429,0.242551908,0,0,0.489990895,0,0,0.967713594,0.251542091,0.014739957,0.006319304,0.508862445,0.025351681,0.019653569,-0.01167059,-0.009849668,0.007905812,0.145386558,-0.020824985,-0.001657422,0.172388315,0.128318533,0.123528525,0.167598307,-0.123528525,-0.167598307,-0.172388315,-0.128318533,0.01887155,0.025351681,0.019653569
24.20655013,0.970327735,0.24179348,0,0,0.488427502,0,0,0.967765093,0.251346946,0.014648222,0.00639918,0.508457941,0.025137893,0.019756904,-0.010302664,-0.005152822,0.006098301,0.143837169,-0.021594163,-0.001479546,0.167868927,0.126218975,0.122904129,0.164554074,-0.122904129,-0.164554074,-0.167868927,-0.126218975,0.020030439,0.025137893,0.019756904
24.25201011,0.970618311,0.240624386,0,0,0.486018174,0,0,0.967828453,0.251107991,0.014549613,0.006426705,0.507961454,0.024938047,0.019754367,-0.006058812,-0.007621944,0.001315027,0.142186472,-0.020814685,-0.000760052,0.166910827,0.123722531,0.120763443,0.16395174,-0.120763443,-0.16395174,-0.166910827,-0.123722531,0.02194328,0.024938047,0.019754367
24.3043201,0.970916666,0.239417685,0,0,0.483532097,0,0,0.967922866,0.250749648,0.014443186,0.006424412,0.507217439,0.024740468,0.019687215,-0.011667607,-0.003625453,-0.000216067,0.142655396,-0.02173389,-0.000533039,0.163761169,0.122131817,0.12061172,0.162241057,-0.12061172,-0.162241057,-0.163761169,-0.122131817,0.023685342,0.024740468,0.019687215
24.35071993,0.971017814,0.239007121,0,0,0.482686418,0,0,0.96803236,0.250332087,0.014375577,0.006365797,0.506351116,0.024647416,0.019529104,-0.024162233,-0.007042289,-0.001880527,0.144579736,-0.020686831,-0.000140906,0.164922282,0.121454529,0.120388448,0.163856208,-0.120388448,-0.163856208,-0.164922282,-0.121454529,0.023664698,0.024647416,0.019529104
24.40926004,0.971430705,0.237323377,0,0,0.479219157,0,0,0.968407869,0.248887718,0.014288636,0.00608365,0.503358276,0.024648657,0.018902307,-0.045418743,-0.005005301,-0.00885576,0.145411266,-0.021450513,0.000308922,0.165407434,0.124033794,0.123751983,0.165125623,-0.123751983,-0.165125623,-0.165407434,-0.124033794,0.024139119,0.024648657,0.018902307
24.45958996,0.971642028,0.236456698,0,0,0.477435016,0,0,0.968877435,0.247062311,0.01430078,0.005689031,0.499580531,0.024902887,0.018096912,-0.067156561,-0.004668534,-0.015309453,0.146931658,-0.020965892,0.001392265,0.166552812,0.12365181,0.124269657,0.167170659,-0.124269657,-0.167170659,-0.166552812,-0.12365181,0.022145515,0.024902887,0.018096912
24.50402999,0.971856524,0.235573548,0,0,0.475617367,0,0,0.969270885,0.24551928,0.014340142,0.00535875,0.496389454,0.025170265,0.017436128,-0.084079802,-0.003761053,-0.01626909,0.155817601,-0.021042821,0.003682397,0.166505247,0.124573484,0.127358004,0.169289768,-0.127358004,-0.169289768,-0.166505247,-0.124573484,0.020772087,0.025170265,0.017436128
24.55103994,0.972074135,0.23467398,0,0,0.473766337,0,0,0.969584167,0.244280577,0.014415398,0.0050743,0.493829452,0.025477534,0.016889009,-0.084045537,-0.001336634,-0.01845956,0.155486754,-0.021689498,0.004362013,0.173177972,0.131092355,0.138457149,0.180542767,-0.138457149,-0.180542767,-0.173177972,-0.131092355,0.020063115,0.025477534,0.016889009
24.6006701,0.972406257,0.233293958,0,0,0.470927489,0,0,0.970007777,0.24259679,0.014462873,0.004742131,0.490350348,0.025760198,0.016223196,-0.086845443,-0.006444753,-0.01334399,0.155408347,-0.020280544,0.003866782,0.17281419,0.129435226,0.138159245,0.181538224,-0.138159245,-0.181538224,-0.17281419,-0.129435226,0.019422859,0.025760198,0.016223196
24.65051008,0.972745043,0.231877298,0,0,0.468014275,0,0,0.970635891,0.240080923,0.014446299,0.00431176,0.485153503,0.025976766,0.015312622,-0.080594428,0.004721433,-0.015871229,0.153914309,-0.023122969,0.004652391,0.171822056,0.131261006,0.13899456,0.179555625,-0.13899456,-0.179555625,-0.171822056,-0.131261006,0.017139228,0.025976766,0.015312622
24.70607996,0.972974498,0.230912596,0,0,0.466031046,0,0,0.971386135,0.237038463,0.014354787,0.003971641,0.478875625,0.026008148,0.014526689,-0.063823171,-0.01013428,0.005530566,0.152393621,-0.023192941,0.004325977,0.172384843,0.126138926,0.135443717,0.18168962,-0.135443717,-0.18168962,-0.172384843,-0.126138926,0.012844579,0.026008148,0.014526689
24.75881005,0.973323916,0.229435294,0,0,0.462994919,0,0,0.971673906,0.235864997,0.014176459,0.004072194,0.476457177,0.02563162,0.014606468,-0.054454803,-0.005139411,0.009464473,0.147945053,-0.020183751,0.000282379,0.171260536,0.124874681,0.133526638,0.179912493,-0.133526638,-0.179912493,-0.171260536,-0.124874681,0.013462258,0.02563162,0.014606468
24.80519009,0.973679425,0.227921869,0,0,0.45988568,0,0,0.971924543,0.234840631,0.013952099,0.004255038,0.474346892,0.025124901,0.014829411,-0.045719747,-0.016510487,0.018573554,0.1449194,-0.016948975,-0.001621677,0.167846382,0.127478898,0.128043666,0.168411136,-0.128043666,-0.168411136,-0.167846382,-0.127478898,0.014461212,0.025124901,0.014829411
24.85056997,0.973799242,0.227409401,0,0,0.458833105,0,0,0.97219038,0.233750656,0.013612227,0.004640274,0.472103529,0.024300401,0.01539134,-0.042192638,-0.003001094,0.022939594,0.144169544,-0.020274534,-0.003021042,0.163490012,0.129592076,0.126348719,0.160246655,-0.126348719,-0.160246655,-0.163490012,-0.129592076,0.013270424,0.024300401,0.01539134
24.90742994,0.974284865,0.225319777,0,0,0.454542483,0,0,0.972370148,0.233011886,0.013280098,0.00504263,0.470583553,0.023478513,0.016000539,-0.034104288,-0.012555718,0.029627236,0.140466667,-0.017441475,-0.004814552,0.167465076,0.126916036,0.12087395,0.161422998,-0.12087395,-0.161422998,-0.167465076,-0.126916036,0.01604107,0.023478513,0.016000539
24.95759011,0.974531369,0.224251222,0,0,0.452349244,0,0,0.972518861,0.232397377,0.012984898,0.005470544,0.469320556,0.022715389,0.016680804,-0.030872226,-0.007659196,0.023243578,0.138919623,-0.018501095,-0.004384249,0.162722647,0.127839729,0.118210621,0.153093547,-0.118210621,-0.153093547,-0.162722647,-0.127839729,0.016971312,0.022715389,0.016680804
25.00309992,0.974780244,0.223166924,0,0,0.450124257,0,0,0.972797871,0.231240228,0.012486382,0.006049586,0.466938889,0.021497287,0.017549709,-0.03337115,-0.009061397,0.019166619,0.137426943,-0.017996799,-0.004029997,0.161804929,0.124802761,0.116034262,0.15303643,-0.116034262,-0.15303643,-0.161804929,-0.124802761,0.016814632,0.021497287,0.017549709
25.05341006,0.97503142,0.222066949,0,0,0.447867679,0,0,0.973099411,0.229980469,0.012099372,0.006355986,0.464344336,0.020625735,0.017940024,-0.045320399,-0.006811322,0.011453778,0.139500935,-0.016859882,-0.003500351,0.159453705,0.123460121,0.115400128,0.151393712,-0.115400128,-0.151393712,-0.159453705,-0.123460121,0.016476657,0.020625735,0.017940024
25.10233999,0.975284828,0.220951363,0,0,0.445579669,0,0,0.973336458,0.228982866,0.011892598,0.006458574,0.462290368,0.020194563,0.01802378,-0.053626303,-0.005431473,0.005424767,0.141689386,-0.018029673,-0.002827437,0.159861133,0.126141384,0.119140685,0.152860418,-0.119140685,-0.152860418,-0.159861133,-0.126141384,0.016710699,0.020194563,0.01802378
25.15091992,0.975668969,0.219248862,0,0,0.442089068,0,0,0.973613501,0.227812111,0.011684688,0.006478961,0.459879656,0.01980206,0.017944314,-0.066334017,-0.00730902,0.003696233,0.14313633,-0.017161297,-0.002574792,0.162546456,0.126487136,0.120832257,0.156891584,-0.120832257,-0.156891584,-0.162546456,-0.126487136,0.017790588,0.01980206,0.017944314
25.20519996,0.976188303,0.216924866,0,0,0.437326436,0,0,0.974023402,0.226064742,0.011505355,0.006401882,0.456284598,0.019519726,0.01767736,-0.079968579,-0.007505716,-0.00410676,0.144297729,-0.01680699,-0.001191293,0.162872374,0.128549799,0.123400219,0.157722786,-0.123400219,-0.157722786,-0.162872374,-0.128549799,0.018958162,0.019519726,0.01767736
25.25068999,0.97645087,0.215739888,0,0,0.434898996,0,0,0.974399149,0.224448815,0.011399126,0.006250459,0.452961628,0.01941,0.017302046,-0.083851814,-0.001627207,-0.008277596,0.144644328,-0.018182065,-0.000371674,0.162295967,0.128682017,0.126299426,0.159913391,-0.126299426,-0.159913391,-0.162295967,-0.128682017,0.018062632,0.01941,0.017302046
25.30152011,0.976715272,0.214539685,0,0,0.432441033,0,0,0.97480607,0.222684845,0.011324296,0.006044094,0.449335974,0.019387339,0.016831092,-0.089435279,-0.008088351,-0.013966859,0.145400425,-0.01627467,0.000833738,0.163198024,0.126833916,0.126090571,0.16245468,-0.126090571,-0.16245468,-0.163198024,-0.126833916,0.016894941,0.019387339,0.016831092
25.35461998,0.976981437,0.213324333,0,0,0.429952721,0,0,0.975832462,0.218175992,0.011075234,0.005266269,0.44006968,0.019318398,0.015114086,-0.098046675,-0.006866456,-0.014178458,0.143916432,-0.01639747,0.001103755,0.160841316,0.128291994,0.129959464,0.162508786,-0.129959464,-0.162508786,-0.160841316,-0.128291994,0.010116959,0.019318398,0.015114086
25.40328002,0.97724929,0.212093906,0,0,0.427434232,0,0,0.976221204,0.216445222,0.010923095,0.004942966,0.436513641,0.019188127,0.014382501,-0.089040413,-0.009505451,-0.018298628,0.145193443,-0.015273568,0.002428101,0.159210101,0.126415178,0.128622696,0.161417618,-0.128622696,-0.161417618,-0.159210101,-0.126415178,0.009079409,0.019188127,0.014382501
25.45067001,0.97765407,0.210220167,0,0,0.423600308,0,0,0.976617992,0.214663759,0.010768548,0.004575175,0.432854491,0.01907042,0.013562511,-0.092527278,-0.008347631,-0.015935302,0.145413011,-0.015075537,0.002620368,0.15803887,0.127491757,0.132347956,0.162895069,-0.132347956,-0.162895069,-0.15803887,-0.127491757,0.009254183,0.01907042,0.013562511
25.50469995,0.978198983,0.207669809,0,0,0.418384461,0,0,0.976971745,0.213063613,0.010561301,0.004335516,0.429569284,0.018789806,0.012974463,-0.081637509,-0.009338561,-0.006629528,0.141109287,-0.014506622,0.00113402,0.157868132,0.127717078,0.132957816,0.16310887,-0.132957816,-0.16310887,-0.157868132,-0.127717078,0.011184823,0.018789806,0.012974463
25.55047012,0.9784735,0.206372505,0,0,0.415732401,0,0,0.977353871,0.211321235,0.010287499,0.004161248,0.425994148,0.018351357,0.012484379,-0.06840229,-0.013701619,-0.001366436,0.1377831,-0.012975469,0.000269851,0.154481843,0.125468627,0.127736658,0.156749889,-0.127736658,-0.156749889,-0.154481843,-0.125468627,0.010261747,0.018351357,0.012484379
25.60177994,0.978749287,0.20506056,0,0,0.413051162,0,0,0.977636516,0.210020527,0.010053414,0.004146167,0.423327786,0.017916567,0.012332027,-0.055308644,-0.016337633,0.005053729,0.134225122,-0.011996826,-0.000975565,0.150488675,0.124537759,0.125077456,0.15102838,-0.125077456,-0.15102838,-0.150488675,-0.124537759,0.010276624,0.017916567,0.012332027
25.65330005,0.979026269,0.203734055,0,0,0.410340935,0,0,0.978040278,0.208143637,0.009875073,0.004015976,0.419483031,0.017645551,0.011968586,-0.025618078,-0.004528463,0.001054257,0.133054606,-0.01596797,1.17E-05,0.14719747,0.123203836,0.121252708,0.145246342,-0.121252708,-0.145246342,-0.14719747,-0.123203836,0.009142096,0.017645551,0.011968586
25.70395995,0.979304367,0.202393075,0,0,0.407601908,0,0,0.978213608,0.207330972,0.009816338,0.003978592,0.41781953,0.017556079,0.011856391,-0.037077073,0.001970679,-0.003518164,0.125988042,-0.014902924,-0.000438439,0.149010807,0.117074884,0.117098346,0.149034262,-0.117098346,-0.149034262,-0.149010807,-0.117074884,0.010217622,0.017556079,0.011856391
25.75088001,0.979583504,0.201037704,0,0,0.404834274,0,0,0.978375435,0.206563801,0.00989598,0.003900337,0.416251317,0.01775356,0.011722403,-0.041775409,0.007418543,-0.005497038,0.128738187,-0.018055252,0.000824753,0.141329363,0.111523539,0.110646658,0.140452489,-0.110646658,-0.140452489,-0.141329363,-0.111523539,0.011417043,0.01775356,0.011722403
25.8164301,0.980285379,0.197586881,0,0,0.397791315,0,0,0.978569925,0.205634266,0.010083456,0.003736119,0.414352119,0.018199186,0.011461262,-0.050890446,0.010084362,-0.009264053,0.127332536,-0.018913808,0.001670506,0.145968646,0.109858163,0.111507669,0.14761816,-0.111507669,-0.14761816,-0.145968646,-0.109858163,0.016560804,0.018199186,0.011461262
25.86103011,0.980708876,0.195474041,0,0,0.393481585,0,0,0.978798866,0.204531208,0.010363814,0.003515442,0.41209941,0.018851261,0.011123474,-0.059559952,0.015329571,-0.013983252,0.127412768,-0.020574766,0.002777859,0.144575804,0.106748201,0.11008922,0.147916809,-0.11008922,-0.147916809,-0.144575804,-0.106748201,0.018617825,0.018851261,0.011123474
25.90126992,0.980850378,0.194762771,0,0,0.392031167,0,0,0.979250014,0.202341393,0.010860836,0.003089513,0.407627282,0.02002201,0.010448288,-0.083428621,0.015716996,-0.021414461,0.132777786,-0.021139237,0.004745064,0.14520964,0.104060128,0.109615847,0.150765359,-0.109615847,-0.150765359,-0.14520964,-0.104060128,0.015596115,0.02002201,0.010448288
25.95070005,0.981133825,0.193329813,0,0,0.389109721,0,0,0.98006469,0.198321283,0.011682667,0.002374084,0.399420486,0.021959635,0.009289726,-0.107301779,0.014358015,-0.021180511,0.137544943,-0.021033717,0.005325288,0.149171919,0.106893472,0.116383597,0.158662051,-0.116383597,-0.158662051,-0.149171919,-0.106893472,0.010310765,0.021959635,0.009289726
26.00362993,0.98155996,0.191154505,0,0,0.384676411,0,0,0.980410039,0.19659172,0.011989283,0.002088338,0.395890788,0.022689669,0.008811222,-0.117847331,0.017232448,-0.023442505,0.136642762,-0.021567466,0.005743674,0.153253332,0.111185923,0.121836498,0.163903907,-0.121836498,-0.163903907,-0.153253332,-0.111185923,0.011214377,0.022689669,0.008811222
26.05752993,0.981987011,0.188948432,0,0,0.380182357,0,0,0.981142879,0.192861825,0.012680314,0.001534837,0.388283855,0.024292761,0.0079053,-0.133770704,0.025288021,-0.026366118,0.141701451,-0.025459088,0.007799528,0.152466506,0.109331608,0.12081895,0.163953856,-0.12081895,-0.163953856,-0.152466506,-0.109331608,0.008101498,0.024292761,0.0079053
26.10733009,0.982272088,0.187460784,0,0,0.377152924,0,0,0.981625915,0.190356225,0.013191938,0.001153172,0.383176739,0.025462814,0.007288727,-0.123354815,0.020115823,-0.022917988,0.139213403,-0.024637019,0.007666862,0.15936096,0.108442821,0.124041878,0.174960017,-0.124041878,-0.174960017,-0.15936096,-0.108442821,0.006023815,0.025462814,0.007288727
26.15266991,0.982700067,0.185204153,0,0,0.37255921,0,0,0.982077718,0.187977642,0.01368555,0.000770571,0.378329868,0.026593978,0.00666108,-0.106874123,0.018811977,-0.024834279,0.134561582,-0.024822559,0.008402163,0.156183511,0.106909506,0.122243233,0.171517238,-0.122243233,-0.171517238,-0.156183511,-0.106909506,0.005770658,0.026593978,0.00666108
26.20527006,0.983128243,0.182917625,0,0,0.367906664,0,0,0.982481837,0.185813576,0.014238736,0.000403911,0.373922655,0.027832083,0.006087565,-0.098682947,0.019196421,-0.018335881,0.131451787,-0.025542836,0.007717332,0.150981933,0.101336844,0.118141167,0.167786255,-0.118141167,-0.167786255,-0.150981933,-0.101336844,0.006015991,0.027832083,0.006087565
26.2507999,0.983270965,0.182148864,0,0,0.366342869,0,0,0.983039677,0.182817221,0.014524003,0.000363315,0.367827299,0.028426325,0.006027253,-0.086578719,0.011745838,-0.003738702,0.132871455,-0.022125329,0.005142081,0.14927724,0.098191604,0.113626271,0.164711908,-0.113626271,-0.164711908,-0.14927724,-0.098191604,0.00148443,0.028426325,0.006027253
26.31210995,0.983841573,0.179041224,0,0,0.360023685,0,0,0.983555019,0.179995567,0.014873521,0.00040215,0.36209387,0.029117189,0.006148052,-0.067846484,0.01135841,-0.002449751,0.12650932,-0.02454935,0.004331494,0.14985466,0.10560403,0.115888193,0.160138816,-0.115888193,-0.160138816,-0.14985466,-0.10560403,0.002070185,0.029117189,0.006148052
26.36103011,0.984268951,0.176676631,0,0,0.355217872,0,0,0.983809233,0.178585246,0.015055729,0.000528113,0.359232443,0.029439549,0.00641941,-0.06778986,-0.001215935,0.017761435,0.121689889,-0.021208446,0.001167902,0.14672713,0.097628459,0.106291451,0.155390128,-0.106291451,-0.155390128,-0.14672713,-0.097628459,0.004014571,0.029439549,0.00641941
26.40157009,0.984411247,0.175882051,0,0,0.353603432,0,0,0.984057605,0.17721504,0.014993954,0.000938298,0.356457095,0.029181401,0.007164096,-0.071200736,0.005149096,0.021410733,0.122208617,-0.022930512,-2.75E-05,0.141730398,0.099313527,0.101649329,0.1440662,-0.101649329,-0.1440662,-0.141730398,-0.099313527,0.002853663,0.029181401,0.007164096
26.45079995,0.984695535,0.1742834,0,0,0.350355966,0,0,0.984345853,0.175607666,0.01493473,0.001502502,0.353204669,0.028878187,0.008206783,-0.058759749,0.007637591,0.022485107,0.118632393,-0.023654655,-0.00104385,0.145166591,0.0993056,0.099250585,0.145111576,-0.099250585,-0.145111576,-0.145166591,-0.0993056,0.002848703,0.028878187,0.008206783
26.50137997,0.984979349,0.172672178,0,0,0.347083912,0,0,0.984548688,0.174459577,0.014965191,0.001945754,0.350884557,0.028792986,0.0090569,-0.057329237,0.006001443,0.02231225,0.117138567,-0.023348927,-0.0016166,0.143330857,0.096021578,0.093933873,0.14124316,-0.093933873,-0.14124316,-0.143330857,-0.096021578,0.003800645,0.028792986,0.0090569
26.55875993,0.98554524,0.169412457,0,0,0.340466956,0,0,0.984990358,0.171926484,0.015087346,0.002798701,0.345764929,0.028763399,0.010705846,-0.074353822,0.002994388,0.020419808,0.115195568,-0.023047346,-0.001848005,0.142104059,0.095406227,0.092173025,0.13887085,-0.092173025,-0.13887085,-0.142104059,-0.095406227,0.005297973,0.028763399,0.010705846
26.61073995,0.985967823,0.166935474,0,0,0.335441412,0,0,0.985383272,0.169632018,0.01532186,0.003198536,0.341122192,0.029114768,0.011506853,-0.079648189,0.012312083,0.008449704,0.116636388,-0.022847559,-0.002412079,0.140090883,0.093996212,0.090300202,0.136394873,-0.090300202,-0.136394873,-0.140090883,-0.093996212,0.00568078,0.029114768,0.011506853
26.65993,0.986388536,0.164431313,0,0,0.330362899,0,0,0.98559773,0.168366283,0.015457717,0.003326314,0.338559532,0.029354316,0.011767271,-0.090646751,0.007899852,0.00443086,0.119142252,-0.024682578,-0.00031399,0.141895995,0.096200898,0.091376737,0.137071833,-0.091376737,-0.137071833,-0.141895995,-0.096200898,0.008196633,0.029354316,0.011767271
26.70205999,0.986528312,0.163590619,0,0,0.328658428,0,0,0.985912859,0.166494429,0.015599406,0.00346879,0.334768198,0.02960857,0.012039847,-0.098834932,0.006557256,0.001882762,0.119041962,-0.024503085,-8.33E-05,0.144138783,0.09477365,0.094145671,0.143510804,-0.094145671,-0.143510804,-0.144138783,-0.09477365,0.00610977,0.02960857,0.012039847
26.75059009,0.986807112,0.161900352,0,0,0.325232217,0,0,0.986245096,0.164504275,0.015702611,0.00353771,0.330735167,0.029813722,0.012150087,-0.099164248,0.006111711,0.000108033,0.119164536,-0.024515962,0.000105877,0.143628344,0.094622202,0.094455525,0.143461674,-0.094455525,-0.143461674,-0.143628344,-0.094622202,0.00550295,0.029813722,0.012150087
26.80189991,0.987084844,0.160198345,0,0,0.321783181,0,0,0.986790538,0.161175802,0.015960699,0.003478807,0.323989977,0.030383007,0.012016499,-0.119566932,0.01183674,-0.010243061,0.121372537,-0.02629697,0.00193448,0.145734981,0.093141079,0.097010039,0.149603948,-0.097010039,-0.149603948,-0.145734981,-0.093141079,0.002206796,0.030383007,0.012016499
26.85134006,0.98749927,0.157623573,0,0,0.316567356,0,0,0.987165511,0.15884693,0.016156822,0.003323581,0.31926953,0.030847921,0.011700604,-0.116530083,0.010121614,-0.011502208,0.120006284,-0.026037291,0.002293218,0.145734981,0.093141079,0.097010039,0.149603948,-0.097010039,-0.149603948,-0.145734981,-0.093141079,0.002702174,0.030847921,0.011700604
26.90964008,0.988047374,0.154150534,0,0,0.309535306,0,0,0.987916946,0.154067948,0.016577363,0.002930498,0.309586002,0.031856505,0.010904004,-0.125125051,0.00763014,-0.016677381,0.119482692,-0.026040336,0.002126062,0.14375031,0.091675766,0.096262202,0.148336753,-0.096262202,-0.148336753,-0.14375031,-0.091675766,5.0696E-05,0.031856505,0.010904004
26.95909,0.988454765,0.151516264,0,0,0.304204135,0,0,0.988385856,0.151006445,0.016848192,0.002642862,0.303384761,0.032512565,0.010318338,-0.125570595,0.012249502,-0.011466444,0.121600418,-0.027233992,0.002997716,0.143396929,0.091316283,0.095568404,0.14764905,-0.095568404,-0.14764905,-0.143396929,-0.091316283,0.000819374,0.032512565,0.010318338
27.00133992,0.988589808,0.150632637,0,0,0.302416361,0,0,0.988744259,0.148621425,0.017059222,0.002384307,0.298554429,0.033031696,0.009791167,-0.116917491,0.009595604,-0.016230345,0.118394427,-0.026771485,0.00412973,0.145836651,0.091368698,0.097364128,0.151832089,-0.097364128,-0.151832089,-0.145836651,-0.091368698,0.003861932,0.033031696,0.009791167
27.05058003,0.988858708,0.148857167,0,0,0.298824925,0,0,0.989089429,0.146282375,0.01730107,0.002111812,0.293818621,0.03361309,0.009244576,-0.116294615,0.012583286,-0.017212329,0.116515712,-0.027801176,0.004567378,0.141036138,0.087493204,0.095752664,0.149295598,-0.095752664,-0.149295598,-0.141036138,-0.087493204,0.005006304,0.03361309,0.009244576
27.10228992,0.989258947,0.146173652,0,0,0.293398528,0,0,0.989410758,0.14407298,0.017500706,0.001837749,0.289345395,0.034107835,0.008684493,-0.110711165,0.011154264,-0.017198922,0.113500998,-0.027602694,0.00482596,0.139749467,0.084147148,0.093281902,0.148884222,-0.093281902,-0.148884222,-0.139749467,-0.084147148,0.004053133,0.034107835,0.008684493
27.15886999,0.989655227,0.143466136,0,0,0.2879258,0,0,0.990063727,0.139453456,0.018037757,0.001159783,0.279994706,0.035400974,0.007332032,-0.086715817,0.010307878,-0.021804871,0.110874764,-0.026967359,0.005241288,0.136277691,0.08107233,0.090724252,0.145929605,-0.090724252,-0.145929605,-0.136277691,-0.08107233,0.007931094,0.035400974,0.007332032
27.2077601,0.98991709,0.141647998,0,0,0.284252002,0,0,0.990293264,0.137781635,0.018307863,0.000740191,0.276606851,0.036064145,0.006515267,-0.07472188,0.009457023,-0.028516356,0.106742584,-0.027892998,0.006332405,0.132600799,0.078666106,0.089148685,0.143083364,-0.089148685,-0.143083364,-0.132600799,-0.078666106,0.007645151,0.036064145,0.006515267
27.25447011,0.990306214,0.138901415,0,0,0.27870398,0,0,0.990541041,0.135988697,0.018315239,0.000498856,0.272976794,0.036156185,0.005973545,-0.091271102,-0.015413763,-0.003562868,0.106310218,-0.021250315,0.004008314,0.12830314,0.072517172,0.085181981,0.14096795,-0.085181981,-0.14096795,-0.12830314,-0.072517172,0.005727186,0.036156185,0.005973545
27.30449009,0.990690713,0.136131964,0,0,0.273111947,0,0,0.990917623,0.133261174,0.017996954,0.000307751,0.267457387,0.03559248,0.005409953,-0.09094923,-0.010482967,-0.005458295,0.104527339,-0.022113072,0.004417362,0.123552181,0.081051581,0.089068204,0.131568804,-0.089068204,-0.131568804,-0.123552181,-0.081051581,0.00565456,0.03559248,0.005409953
27.3508699,0.990817809,0.135203806,0,0,0.271238308,0,0,0.991161466,0.13146022,0.01781041,0.000141135,0.263813341,0.03527619,0.004965604,-0.086762019,-0.01093,-0.010181963,0.103468051,-0.02171106,0.005364935,0.122223012,0.077996895,0.086831622,0.131057739,-0.086831622,-0.131057739,-0.122223012,-0.077996895,0.007424967,0.03527619,0.004965604
27.41284991,0.991320604,0.13146657,0,0,0.263696492,0,0,0.991405427,0.129626915,0.017676629,-4.77E-05,0.260104992,0.035068953,0.004490945,-0.095668435,-0.003668666,-0.008496643,0.102209839,-0.023439525,0.005186637,0.119814143,0.076392047,0.087121919,0.130544007,-0.087121919,-0.130544007,-0.119814143,-0.076392047,0.0035915,0.035068953,0.004490945
27.46072007,0.991568524,0.129583419,0,0,0.259897691,0,0,0.991978526,0.125189528,0.017495258,-0.000554336,0.251133579,0.034855684,0.003282667,-0.101655744,-0.001639128,-0.014238062,0.100824217,-0.022059193,0.006052229,0.120462693,0.07358367,0.083956942,0.130835965,-0.083956942,-0.130835965,-0.120462693,-0.07358367,0.008764112,0.034855684,0.003282667
27.50539995,0.99181403,0.127690755,0,0,0.256080649,0,0,0.992244244,0.123064734,0.017492022,-0.000816101,0.246839946,0.034920673,0.002687401,-0.109832011,-0.001706183,-0.014171005,0.101477057,-0.023632436,0.006665474,0.116831146,0.072712786,0.084817246,0.128935605,-0.084817246,-0.128935605,-0.116831146,-0.072712786,0.009240703,0.034920673,0.002687401
27.55349994,0.992057055,0.125788711,0,0,0.252245634,0,0,0.992515683,0.120853856,0.017491596,-0.001070952,0.242374175,0.034987356,0.002103269,-0.111570954,-0.003027916,-0.012420118,0.102145738,-0.023555682,0.006935588,0.118443981,0.071179137,0.084510088,0.131774932,-0.084510088,-0.131774932,-0.118443981,-0.071179137,0.009871459,0.034987356,0.002103269
27.60125995,0.992416787,0.122918351,0,0,0.246460003,0,0,0.992795348,0.118523411,0.017552089,-0.001299438,0.237670133,0.035166534,0.001581492,-0.11652261,0.006612391,-0.011506677,0.102571187,-0.02575808,0.006971369,0.118765794,0.071654461,0.085525639,0.132636979,-0.085525639,-0.132636979,-0.118765794,-0.071654461,0.00878987,0.035166534,0.001581492
27.65089012,0.99277055,0.120027643,0,0,0.240635453,0,0,0.993083358,0.116069496,0.017646851,-0.001503414,0.232719707,0.035405974,0.001111187,-0.128626838,0.008744746,-0.008550287,0.103167786,-0.026409494,0.00665718,0.121357858,0.069841728,0.083784468,0.135300592,-0.083784468,-0.135300592,-0.121357858,-0.069841728,0.007915746,0.035405974,0.001111187
27.70749999,0.993118118,0.117117048,0,0,0.234772903,0,0,0.993463695,0.112742186,0.017791033,-0.001642287,0.2260144,0.035727396,0.000748972,-0.138673186,0.00660345,-0.005410612,0.103696412,-0.025987419,0.006229004,0.122920059,0.070101105,0.083415464,0.136234418,-0.083415464,-0.136234418,-0.122920059,-0.070101105,0.008758503,0.035727396,0.000748972
27.75769997,0.993346279,0.115165833,0,0,0.230843883,0,0,0.99377352,0.109955937,0.0179285,-0.001637594,0.220405666,0.036001631,0.00068834,-0.141495466,0.008354336,-0.001521409,0.103480886,-0.026622999,0.005490503,0.123454787,0.071479984,0.083937988,0.135912791,-0.083937988,-0.135912791,-0.123454787,-0.071479984,0.010438217,0.036001631,0.00068834
27.8052001,0.993571524,0.113206124,0,0,0.226898662,0,0,0.994362056,0.104447059,0.018242117,-0.001458466,0.209327654,0.036591368,0.000910795,-0.13614893,0.011733919,0.003959984,0.100603861,-0.02680415,0.004726323,0.124613345,0.071367376,0.082348384,0.135594353,-0.082348384,-0.135594353,-0.124613345,-0.071367376,0.017571008,0.036591368,0.000910795
27.85411001,0.993793788,0.111238063,0,0,0.222937516,0,0,0.99469769,0.101158813,0.018495264,-0.001280594,0.202721356,0.037061951,0.001195131,-0.127851963,0.007609278,0.006092339,0.10068443,-0.027927997,0.004175237,0.122681648,0.069073379,0.078526028,0.132134303,-0.078526028,-0.132134303,-0.122681648,-0.069073379,0.02021616,0.037061951,0.001195131
27.90130997,0.994121458,0.108270616,0,0,0.216966547,0,0,0.994949341,0.098616667,0.018693846,-0.001116176,0.197616638,0.037427738,0.001467001,-0.124962635,0.012449175,0.005372614,0.097802493,-0.028702457,0.003391019,0.124437153,0.068581194,0.076931663,0.13278763,-0.076931663,-0.13278763,-0.124437153,-0.068581194,0.019349909,0.037427738,0.001467001
27.95077992,0.994442071,0.105285168,0,0,0.210961317,0,0,0.995185435,0.096166797,0.018900035,-0.000929008,0.192699663,0.037805757,0.001787318,-0.122700639,0.012373179,0.006001443,0.095273757,-0.028950714,0.0029633,0.123113893,0.06570901,0.07249105,0.129895926,-0.07249105,-0.129895926,-0.123113893,-0.06570901,0.018261654,0.037805757,0.001787318
28.00733996,0.994755423,0.102282202,0,0,0.204922773,0,0,0.995407164,0.09380307,0.019113839,-0.000727735,0.187957664,0.038197908,0.00213865,-0.117409237,0.011817366,0.008537621,0.092042783,-0.029081538,0.002182355,0.121261135,0.063359737,0.069286339,0.127187729,-0.069286339,-0.127187729,-0.121261135,-0.063359737,0.016965109,0.038197908,0.00213865
28.05425001,0.99496019,0.100270732,0,0,0.200879041,0,0,0.995716631,0.090386823,0.019456381,-0.000419266,0.181107198,0.03883163,0.002684288,-0.108462594,0.011805447,0.009491296,0.089541467,-0.029522054,0.001564212,0.118941925,0.060778886,0.0651436,0.123306639,-0.0651436,-0.123306639,-0.118941925,-0.060778886,0.019771843,0.03883163,0.002684288
28.10132003,0.995161583,0.098251836,0,0,0.19682121,0,0,0.996089458,0.08609926,0.019822827,6.00E-06,0.172513647,0.039499846,0.003428089,-0.103485584,0.011134894,0.006652623,0.086716166,-0.029541771,0.001050078,0.11749927,0.058455199,0.061583623,0.120627694,-0.061583623,-0.120627694,-0.11749927,-0.058455199,0.024307563,0.039499846,0.003428089
28.15213991,0.995359544,0.096225662,0,0,0.192749565,0,0,0.996264935,0.083992936,0.020035941,0.0002065,0.168293283,0.039898102,0.003780229,-0.105331838,0.009474904,0.007369369,0.086129663,-0.029813245,0.00140625,0.115207821,0.056124315,0.058224473,0.117307976,-0.058224473,-0.117307976,-0.115207821,-0.056124315,0.024456282,0.039898102,0.003780229
28.20135999,0.995554017,0.094192355,0,0,0.188664393,0,0,0.99647665,0.081380777,0.020283462,0.000445601,0.163059984,0.040362419,0.004192857,-0.102680929,0.010659547,0.005426258,0.085898873,-0.030282273,0.001016497,0.114536621,0.054910168,0.057722665,0.117349125,-0.057722665,-0.117349125,-0.114536621,-0.054910168,0.025604409,0.040362419,0.004192857
28.25116992,0.995744946,0.092152063,0,0,0.18456598,0,0,0.996648014,0.079205528,0.020471139,0.000588831,0.158700493,0.040723009,0.004420247,-0.111822791,0.010690839,0.005357713,0.086668045,-0.030531403,0.000804962,0.115164615,0.054600101,0.056633096,0.117197603,-0.056633096,-0.117197603,-0.115164615,-0.054600101,0.025865487,0.040723009,0.004420247
28.30171013,0.996115958,0.088051115,0,0,0.176330581,0,0,0.996818304,0.076977454,0.020677192,0.000669097,0.154233388,0.041131383,0.00452113,-0.109931841,0.013359638,0.001905114,0.084032104,-0.031480389,0.001214882,0.116394453,0.055331677,0.056941602,0.118004374,-0.056941602,-0.118004374,-0.116394453,-0.055331677,0.022097193,0.041131383,0.00452113
28.35077,0.996384519,0.084958174,0,0,0.17012142,0,0,0.996984959,0.074728996,0.020886078,0.000699419,0.149724102,0.04155363,0.004520128,-0.112140179,0.010471789,-0.00102669,0.081177055,-0.03094132,0.001580513,0.114297576,0.051336832,0.053766597,0.116727337,-0.053766597,-0.116727337,-0.114297576,-0.051336832,0.020397318,0.04155363,0.004520128
28.4014299,0.996558845,0.082888289,0,0,0.165966994,0,0,0.997188151,0.07190495,0.021097977,0.000701358,0.1440594,0.041988773,0.004436795,-0.112935901,0.009088964,0.003436953,0.080403167,-0.030818384,0.000747813,0.110537827,0.048655223,0.051816247,0.113698855,-0.051816247,-0.113698855,-0.110537827,-0.048655223,0.021907594,0.041988773,0.004436795
28.45702005,0.996729342,0.080812242,0,0,0.16180092,0,0,0.997479141,0.067632496,0.021468446,0.000663348,0.13549006,0.042751942,0.004231158,-0.10066779,0.010923299,-0.005559624,0.076369965,-0.030121109,0.001300779,0.1104737,0.048836969,0.050332598,0.111969329,-0.050332598,-0.111969329,-0.1104737,-0.048836969,0.02631086,0.042751942,0.004231158
28.50134993,0.996895962,0.078730183,0,0,0.15762349,0,0,0.997608364,0.065643556,0.02163649,0.000632477,0.131500919,0.04309979,0.004106346,-0.098124154,0.011297315,-0.002232194,0.075603456,-0.031992231,0.001697806,0.105190262,0.044948079,0.047549635,0.107791819,-0.047549635,-0.107791819,-0.105190262,-0.044948079,0.026122571,0.04309979,0.004106346
28.55091,0.997058656,0.076642267,0,0,0.153434998,0,0,0.997758627,0.063255571,0.021820793,0.000616839,0.126712741,0.043479427,0.003995273,-0.096596777,0.012639911,-0.002199411,0.074128095,-0.032553264,0.001652943,0.105897844,0.04191342,0.045309033,0.109293461,-0.045309033,-0.109293461,-0.105897844,-0.04191342,0.026722257,0.043479427,0.003995273
28.60110999,0.997217378,0.074548645,0,0,0.149235737,0,0,0.997873604,0.061365906,0.021956703,0.000634915,0.122925425,0.043756065,0.003965723,-0.092248619,0.005780906,-0.001424551,0.071806678,-0.03086341,0.001441949,0.105028383,0.039921891,0.043227777,0.108334266,-0.043227777,-0.108334266,-0.105028383,-0.039921891,0.026310312,0.043756065,0.003965723
28.66333008,0.99766927,0.068235085,0,0,0.136576294,0,0,0.998092294,0.057603434,0.02220941,0.000780536,0.115390373,0.044258595,0.004120817,-0.090305515,0.005277245,0.001745671,0.067439788,-0.030779749,0.000392915,0.101228103,0.039501321,0.042385221,0.104112007,-0.042385221,-0.104112007,-0.101228103,-0.039501321,0.021185921,0.044258595,0.004120817
28.70037008,0.997740989,0.06717826,0,0,0.134457783,0,0,0.998092294,0.057603434,0.02220941,0.000780536,0.115390373,0.044258595,0.004120817,-0.090305515,0.005277245,0.001745671,0.065329899,-0.030998262,0.00049182,0.097826593,0.036267128,0.037052959,0.09861242,-0.037052959,-0.09861242,-0.097826593,-0.036267128,0.01906741,0.044258595,0.004120817
28.75041008,0.997881297,0.065060873,0,0,0.130213721,0,0,0.998347521,0.052864529,0.022503499,0.001238925,0.105914123,0.044816619,0.004857924,-0.09509176,0.010081382,0.01337007,0.064831112,-0.030880791,-0.000812329,0.095836312,0.033839822,0.034823462,0.096819952,-0.034823462,-0.096819952,-0.095836312,-0.033839822,0.024299598,0.044816619,0.004857924
28.80031991,0.998017399,0.062938633,0,0,0.12596052,0,0,0.998442829,0.050978184,0.022608986,0.001461075,0.10214447,0.045013787,0.005228048,-0.088977821,0.00301823,0.009619445,0.064013091,-0.031547748,-0.001825148,0.096524201,0.034762654,0.033137996,0.094899543,-0.033137996,-0.094899543,-0.096524201,-0.034762654,0.02381605,0.045013787,0.005228048
28.84996009,0.998149256,0.060811696,0,0,0.121698479,0,0,0.998532832,0.049147889,0.022675192,0.001678514,0.098486925,0.045134165,0.005586696,-0.09444952,0.003563613,0.008117408,0.063206458,-0.031111557,-0.001947373,0.097385958,0.034290496,0.0306402,0.093735658,-0.0306402,-0.093735658,-0.097385958,-0.034290496,0.023211554,0.045134165,0.005586696
28.90601993,0.998400088,0.056544361,0,0,0.113149072,0,0,0.998640895,0.046868403,0.022721361,0.001911533,0.093930182,0.045217178,0.005953817,-0.097268827,-0.001519918,0.007685274,0.060341048,-0.029783477,-0.002296133,0.096265353,0.03404228,0.030147532,0.092370607,-0.030147532,-0.092370607,-0.096265353,-0.03404228,0.01921889,0.045217178,0.005953817
28.96027995,0.998576799,0.053332705,0,0,0.10671604,0,0,0.998740971,0.044801027,0.022467932,0.002139784,0.0897956,0.044702444,0.006293681,-0.102411211,-0.014393034,0.012736768,0.058943081,-0.026006787,-0.003567594,0.09242063,0.032853708,0.028261444,0.08782836,-0.028261444,-0.08782836,-0.09242063,-0.032853708,0.01692044,0.044702444,0.006293681
29.00910998,0.9987436,0.050112081,0,0,0.100266157,0,0,0.998925209,0.040775903,0.021904463,0.002443976,0.081739721,0.043576319,0.006675433,-0.096343465,-0.01322329,0.006955118,0.055494904,-0.026874935,-0.002882916,0.088517435,0.036503892,0.029368702,0.081382245,-0.029368702,-0.081382245,-0.088517435,-0.036503892,0.018526436,0.043576319,0.006675433
29.05361009,0.99879698,0.04903664,0,0,0.098112627,0,0,0.9990049,0.0389181,0.021635693,0.00255972,0.078020823,0.043042373,0.00680474,-0.083819039,-0.010226665,0.005931407,0.054842925,-0.02553484,-0.003113204,0.083490945,0.032421295,0.026194884,0.077264532,-0.026194884,-0.077264532,-0.083490945,-0.032421295,0.020091804,0.043042373,0.00680474
29.11109996,0.998999296,0.04472591,0,0,0.089481671,0,0,0.999092579,0.036784895,0.021296715,0.00270386,0.073751165,0.042368534,0.006975926,-0.083224475,-0.014901164,0.004734844,0.050671189,-0.025940347,-0.003162572,0.083490945,0.032421295,0.026194884,0.077264532,-0.026194884,-0.077264532,-0.083490945,-0.032421295,0.015730506,0.042368534,0.006975926
29.15278006,0.999093681,0.042565446,0,0,0.085156621,0,0,0.999156296,0.035175335,0.021017266,0.002825393,0.07053011,0.041812469,0.007130888,-0.076162823,-0.013335049,0.006572157,0.046059495,-0.024246863,-0.003762395,0.079774082,0.027893418,0.021568274,0.073448941,-0.021568274,-0.073448941,-0.079774082,-0.027893418,0.014626511,0.041812469,0.007130888
29.20730997,0.999183514,0.040401798,0,0,0.080825594,0,0,0.999215245,0.033618271,0.020745374,0.00293764,0.067414059,0.041272376,0.00727177,-0.074632466,-0.01241267,0.00531748,0.044124815,-0.024113483,-0.003759191,0.074068725,0.025575031,0.01805024,0.066543937,-0.01805024,-0.066543937,-0.074068725,-0.025575031,0.013411535,0.041272376,0.00727177
29.25352002,0.99926877,0.038235125,0,0,0.076488895,0,0,0.999272227,0.032032583,0.020491933,0.002994619,0.064238801,0.040773487,0.007303834,-0.078752644,-0.011332331,0.002255291,0.0434278,-0.024053087,-0.003369414,0.071997464,0.023770528,0.016252145,0.064479083,-0.016252145,-0.064479083,-0.071997464,-0.023770528,0.012250094,0.040773487,0.007303834
29.30069995,0.99938802,0.034979801,0,0,0.069973876,0,0,0.999344409,0.029997412,0.02004819,0.003040859,0.060161538,0.039898231,0.007286379,-0.085739784,-0.023442507,0.005283207,0.042365165,-0.020216884,-0.004050714,0.070850275,0.02274413,0.016005304,0.064111449,-0.016005304,-0.064111449,-0.070850275,-0.02274413,0.009812338,0.039898231,0.007286379
29.35053993,0.999496839,0.031718583,0,0,0.063447808,0,0,0.999460518,0.02654024,0.019079641,0.003215271,0.053238047,0.037977152,0.007445265,-0.083352625,-0.021739306,0.003609806,0.040009268,-0.020037396,-0.004567517,0.06663274,0.026198998,0.01809757,0.058531314,-0.01809757,-0.058531314,-0.06663274,-0.026198998,0.010209761,0.037977152,0.007445265
29.4058199,0.999563557,0.029541434,0,0,0.059091465,0,0,0.999513209,0.024838977,0.018599134,0.00325545,0.049829618,0.03702689,0.007436863,-0.079020865,-0.020332634,0.001666695,0.036485792,-0.01933941,-0.004179064,0.064614162,0.024539392,0.015404358,0.055479128,-0.015404358,-0.055479128,-0.064614162,-0.024539392,0.009261847,0.03702689,0.007436863
29.45867992,0.999654842,0.026271613,0,0,0.052549271,0,0,0.999584198,0.022337863,0.017938996,0.003291347,0.044818818,0.035723621,0.007386173,-0.080819428,-0.022932889,-0.001393259,0.035355042,-0.017493696,-0.003484357,0.060004245,0.02132545,0.012967322,0.051646117,-0.012967322,-0.051646117,-0.060004245,-0.02132545,0.007730453,0.035723621,0.007386173
29.50816012,0.999735526,0.022997362,0,0,0.045998779,0,0,0.999600887,0.02268376,0.016507786,0.003351245,0.045500294,0.032856261,0.007452823,0.066273667,-0.08841157,0.014007838,0.000459034,0.002321934,-0.006213255,0.056333076,0.021345705,0.014376991,0.049364362,-0.014376991,-0.049364362,-0.056333076,-0.021345705,0.000498485,0.032856261,0.007452823
29.55034996,0.999760055,0.021905056,0,0,0.043813617,0,0,0.999596179,0.024080889,0.014665413,0.003531732,0.04828519,0.029153017,0.007770304,0.073387481,-0.092309698,0.010942669,-0.00519056,0.005760531,-0.006011034,0.004350356,0.008994221,-0.003432289,-0.008076154,0.003432289,0.008076154,-0.004350356,-0.008994221,0.004471573,0.029153017,0.007770304
29.60474992,0.999846304,0.017531933,0,0,0.035065662,0,0,0.99959904,0.025935993,0.01072374,0.00379215,0.051967612,0.021243765,0.008139445,0.033932183,-0.079500675,0.007268041,-0.001901087,0.006789291,-0.005993647,-0.004940052,0.006581003,-0.005441066,-0.01696212,0.005441066,0.01696212,0.004940052,-0.006581003,0.01690195,0.021243765,0.008139445
29.65648008,0.999882284,0.015343318,0,0,0.03068784,0,0,0.999607027,0.026153166,0.009355134,0.003809845,0.052389976,0.018504689,0.008107503,-0.05659759,-0.005650521,-0.020544233,-0.002003261,0.007239457,-0.005881344,-0.003361368,0.011117537,-0.000645153,-0.015124057,0.000645153,0.015124057,0.003361368,-0.011117537,0.021702136,0.018504689,0.008107503
29.7112701,0.999913488,0.013153553,0,0,0.026307864,0,0,0.9996503,0.024357349,0.009840461,0.003071801,0.048786751,0.019525634,0.006622137,-0.093448162,0.02172217,-0.039026145,0.015611773,-0.011037864,-0.001159377,-0.003361368,0.011117537,-0.000645153,-0.015124057,0.000645153,0.015124057,0.003361368,-0.011117537,0.022478887,0.019525634,0.006622137
29.75922013,0.999951319,0.009867107,0,0,0.019734534,0,0,0.999693811,0.022334019,0.01038274,0.002404134,0.044728728,0.0206532,0.005271721,-0.104665764,0.023899227,-0.029677153,0.025526223,-0.020287652,0.002188453,0.027809003,0.005733289,0.003414535,0.02549025,-0.003414535,-0.02549025,-0.027809003,-0.005733289,0.024994194,0.0206532,0.005271721
29.80935002,0.999978358,0.006578996,0,0,0.013158087,0,0,0.999747515,0.019486863,0.011072946,0.00165146,0.03901986,0.022077726,0.003734557,-0.108787425,0.026903301,-0.025947394,0.021995872,-0.021900669,0.002413529,0.041482992,-0.002318318,0.00250874,0.046310052,-0.00250874,-0.046310052,-0.041482992,0.002318318,0.025861773,0.022077726,0.003734557
29.85366011,0.99998497,0.005482685,0,0,0.010965426,0,0,0.999773443,0.018047323,0.011231823,0.001191159,0.036130156,0.022417435,0.00278789,0.014359504,-0.0279516,-0.004586576,-0.006689064,-0.007015167,-0.000669342,0.000995443,-0.013034883,-0.014373567,-0.000343241,0.014373567,0.000343241,-0.000995443,0.013034883,0.02516473,0.022417435,0.00278789
29.91219998,0.999999399,0.001096619,0,0,0.002193239,0,0,0.999778509,0.018401574,0.010176567,0.000852597,0.036828276,0.020318647,0.002079777,-0.001873076,-0.024241211,-0.005938113,-0.008905135,-0.007064102,-0.001038065,0.000995443,-0.013034883,-0.014373567,-0.000343241,0.014373567,0.000343241,-0.000995443,0.013034883,0.034635037,0.020318647,0.002079777
29.95818997,0.999999399,-0.001096619,0,0,-0.002193239,0,0,0.999789178,0.018129706,0.009624565,0.0005933,0.036277846,0.019224742,0.001535615,-0.011001527,-0.023937225,-0.007280708,-0.007857596,-0.006688091,-7.00E-05,-0.00109953,-0.014475705,-0.014615658,-0.001239483,0.014615658,0.001239483,0.00109953,0.014475705,0.038471085,0.019224742,0.001535615
30.00498009,0.99999038,-0.004386271,0,0,-0.008772571,0,0,0.999799728,0.017745877,0.009242001,0.000440659,0.035506302,0.018465709,0.001209363,-0.014534594,-0.017790496,-0.002482534,-0.008043222,-0.006078668,0.000467438,-0.002431994,-0.014589323,-0.013654446,-0.001497117,0.013654446,0.001497117,0.002431994,0.014589323,0.044278873,0.018465709,0.001209363
30.05333996,0.999978358,-0.006578996,0,0,-0.013158087,0,0,0.999808908,0.017387642,0.008927408,0.000233465,0.03478536,0.017844233,0.000777419,-0.021234157,-0.009827317,-0.009712577,-0.010017971,-0.008964581,0.001289486,-0.002342878,-0.020272031,-0.01769306,0.000236093,0.01769306,-0.000236093,0.002342878,0.020272031,0.047943447,0.017844233,0.000777419
30.10045004,0.999961532,-0.008771227,0,0,-0.017542679,0,0,0.999818265,0.016985074,0.008658535,7.76E-06,0.033975735,0.017314524,0.000309686,-0.017935039,-0.011341275,-0.009255111,-0.013986121,-0.008180948,0.001468681,-0.002342878,-0.020272031,-0.01769306,0.000236093,0.01769306,-0.000236093,0.002342878,0.020272031,0.051518414,0.017314524,0.000309686
30.15075994,0.999939907,-0.010962801,0,0,-0.021926041,0,0,0.999832213,0.016309578,0.008352345,-0.000344426,0.032618257,0.016713894,-0.000416347,-0.025264921,-0.010816753,-0.007434189,-0.014382143,-0.007938666,0.001580156,-0.007273856,-0.023635741,-0.02069838,-0.004336494,0.02069838,0.004336494,0.007273856,0.023635741,0.054544298,0.016713894,0.000416347
30.20093012,0.999913488,-0.013153552,0,0,-0.026307863,0,0,0.999843121,0.015681302,0.008221757,-0.000518771,0.031358538,0.016457946,-0.000779629,-0.029928982,-0.003808737,-0.004403294,-0.015347089,-0.009643294,0.00124425,-0.008023635,-0.023900958,-0.020740645,-0.004863323,0.020740645,0.004863323,0.008023635,0.023900958,0.057666401,0.016457946,0.000779629
30.25054002,0.999864891,-0.016437779,0,0,-0.032877039,0,0,0.99985534,0.014933538,0.0081291,-0.000646586,0.029860628,0.016275876,-0.001050332,-0.039957456,-0.002980232,-0.007276237,-0.015108693,-0.009765917,0.001881287,-0.006948048,-0.026234623,-0.023746125,-0.004459548,0.023746125,0.004459548,0.006948048,0.026234623,0.062737667,0.016275876,0.001050332
30.31184006,0.9997834,-0.02081234,0,0,-0.041627685,0,0,0.999887228,0.012589824,0.008141716,-0.001024467,0.025166122,0.016308109,-0.001843943,-0.060304999,0.00660643,-0.010608137,-0.014302043,-0.010582128,0.001936729,-0.005656647,-0.026820891,-0.022947432,-0.001783189,0.022947432,0.001783189,0.005656647,0.026820891,0.066793807,0.016308109,0.001843943
30.35912991,0.999709812,-0.024089237,0,0,-0.048183134,0,0,0.999900639,0.011378768,0.008248383,-0.001204954,0.022740455,0.016523297,-0.002222261,-0.060668591,0.005155057,-0.006967783,-0.016433321,-0.012368596,0.002850798,-0.006915526,-0.031652704,-0.025951108,-0.001213931,0.025951108,0.001213931,0.006915526,0.031652704,0.070923589,0.016523297,0.002222261
30.40231991,0.999682917,-0.02518066,0,0,-0.050366644,0,0,0.999912918,0.010089879,0.008404033,-0.001380913,0.020159008,0.016835261,-0.002592364,-0.060473386,0.0118725,-0.008818508,-0.017583266,-0.014081753,0.002956588,-0.006915526,-0.031652704,-0.025951108,-0.001213931,0.025951108,0.001213931,0.006915526,0.031652704,0.070525652,0.016835261,0.002592364
30.45402003,0.999625588,-0.027362072,0,0,-0.054730975,0,0,0.999923229,0.008761878,0.008625034,-0.001565093,0.017498916,0.017277029,-0.002979251,-0.067129731,0.011967867,-0.007857382,-0.018943202,-0.014387949,0.002973087,-0.006458106,-0.034621596,-0.028708419,-0.000544929,0.028708419,0.000544929,0.006458106,0.034621596,0.072229891,0.017277029,0.002979251
30.50275994,0.999563557,-0.029541434,0,0,-0.059091465,0,0,0.999931693,0.00739576,0.008893324,-0.001774806,0.014761814,0.017812621,-0.003418372,-0.071042784,0.016447157,-0.010243057,-0.020864456,-0.01592392,0.003597,-0.007528345,-0.036304228,-0.030358052,-0.00158217,0.030358052,0.00158217,0.007528345,0.036304228,0.073853279,0.017812621,0.003418372
30.55495,0.999461729,-0.032806276,0,0,-0.065624327,0,0,0.999937057,0.007148521,0.008417904,-0.002021595,0.014264617,0.016864448,-0.003923151,0.023879858,-0.027856233,-0.002998114,-0.042775552,-0.003254326,0.002751175,-0.00853754,-0.040385362,-0.033191361,-0.00134354,0.033191361,0.00134354,0.00853754,0.040385362,0.079888944,0.016864448,0.003923151
30.60279012,0.999309674,-0.037150705,0,0,-0.074318513,0,0,0.999939799,0.007615135,0.007579903,-0.002250629,0.015197572,0.015193754,-0.004386064,0.011704118,-0.018179419,-0.003802776,-0.042972119,-0.00333268,0.003643414,-0.042272393,-0.048781041,-0.04327869,-0.036770042,0.04327869,0.036770042,0.042272393,0.048781041,0.089516085,0.015193754,0.004386064
30.65971995,0.999226716,-0.039318829,0,0,-0.078657934,0,0,0.999940634,0.007836775,0.007195506,-0.002357791,0.015640954,0.014427613,-0.004603019,0.013437125,-0.016553702,-0.004094839,-0.047557576,-0.00460837,0.003377881,-0.043282844,-0.049948201,-0.042661373,-0.035996016,0.042661373,0.035996016,0.043282844,0.049948201,0.094298888,0.014427613,0.004603019
30.70543004,0.999139168,-0.04148401,0,0,-0.082991835,0,0,0.999941289,0.008045633,0.006835952,-0.002463438,0.01605884,0.01371117,-0.004817058,0.008837135,-0.009666383,-9.54E-05,-0.048755954,-0.00645449,0.002645853,-0.046327077,-0.055543814,-0.048788052,-0.039571315,0.048788052,0.039571315,0.046327077,0.055543814,0.099050675,0.01371117,0.004817058
30.75299001,0.999047056,-0.043646086,0,0,-0.087319911,0,0,0.999941647,0.00815254,0.006653765,-0.002499894,0.016273024,0.013347907,-0.004891459,0.007296354,-0.005783141,-0.000220537,-0.050794749,-0.006814724,0.002849799,-0.044947308,-0.057856284,-0.052564576,-0.039655603,0.052564576,0.039655603,0.044947308,0.057856284,0.103592935,0.013347907,0.004891459
30.80102993,0.998950405,-0.045804897,0,0,-0.091641859,0,0,0.999941945,0.008195334,0.006527477,-0.002544179,0.016358633,0.013096269,-0.00498152,-0.001810491,-0.000365078,-0.000357628,-0.052144497,-0.008134503,0.00288821,-0.04682982,-0.060459256,-0.054759659,-0.041130219,0.054759659,0.041130219,0.04682982,0.060459256,0.108000492,0.013096269,0.00498152
30.85054994,0.99879698,-0.04903664,0,0,-0.098112627,0,0,0.999943197,0.008102074,0.00645049,-0.002548176,0.016172411,0.012941898,-0.004991977,-0.006915629,-0.003375113,0.002295524,-0.05433298,-0.007236793,0.002402726,-0.046898197,-0.063167192,-0.057390772,-0.041121777,0.057390772,0.041121777,0.046898197,0.063167192,0.114285038,0.012941898,0.004991977
30.90628005,0.998576799,-0.053332705,0,0,-0.10671604,0,0,0.999952197,0.006829984,0.006612587,-0.002306068,0.013630435,0.01325643,-0.004522,-0.047510855,0.006171315,0.008962302,-0.052848817,-0.009865457,0.001073392,-0.049498904,-0.063972481,-0.059167031,-0.044693455,0.059167031,0.044693455,0.049498904,0.063972481,0.120346475,0.01325643,0.004522
30.9523201,0.998460085,-0.055474838,0,0,-0.111006663,0,0,0.999958336,0.005749857,0.006777717,-0.002159242,0.011471271,0.013580112,-0.004240765,-0.057493161,0.004259497,0.009875747,-0.050422873,-0.010095697,0.000812565,-0.044056747,-0.063787647,-0.061640866,-0.041909963,0.061640866,0.041909963,0.044056747,0.063787647,0.122477934,0.013580112,0.004240765
31.0007701,0.998339002,-0.057612828,0,0,-0.115289495,0,0,0.999962747,0.005661791,0.006198139,-0.002073912,0.01129856,0.012419617,-0.00407781,0.020562861,-0.047786545,0.004222245,-0.067262137,0.005172875,0.001508867,-0.041139737,-0.061331119,-0.059705988,-0.039514605,0.059705988,0.039514605,0.041139737,0.061331119,0.126588055,0.012419617,0.00407781
31.05636001,0.998213581,-0.059746515,0,0,-0.119564236,0,0,0.999966979,0.005994423,0.005142192,-0.001963337,0.011969177,0.010307763,-0.00386511,0.006490202,-0.037370622,0.006062538,-0.066536507,0.003684688,0.001074237,-0.073943861,-0.063598119,-0.060580384,-0.07092613,0.060580384,0.07092613,0.073943861,0.063598119,0.131533413,0.010307763,0.00386511
31.10114003,0.998083861,-0.061875741,0,0,-0.123830585,0,0,0.999970973,0.0059562,0.004396223,-0.001878527,0.011896278,0.008814681,-0.003704728,-0.006121397,-0.027520956,0.008112937,-0.065961227,0.001965434,0.000621577,-0.071295418,-0.063926041,-0.061777569,-0.069146939,0.061777569,0.069146939,0.071295418,0.063926041,0.135726863,0.008814681,0.003704728
31.15163994,0.997949876,-0.06400035,0,0,-0.128088243,0,0,0.999975264,0.00568824,0.003762326,-0.00177577,0.011363403,0.007544739,-0.003508756,-0.013926625,-0.026507676,0.005351753,-0.066368468,0.002478541,0.000998525,-0.068548225,-0.064617358,-0.063374206,-0.067305066,0.063374206,0.067305066,0.068548225,0.064617358,0.139451646,0.007544739,0.003508756
31.21005011,0.997596515,-0.069290637,0,0,-0.138692408,0,0,0.999987185,0.004062212,0.002648319,-0.001521888,0.00811646,0.005308959,-0.003022267,-0.053861741,-0.016775724,0.011683256,-0.064673897,0.001684632,0.000455591,-0.06984552,-0.06488844,-0.062891386,-0.067848466,0.062891386,0.067848466,0.06984552,0.06488844,0.146808868,0.005308959,0.003022267
31.25519991,0.997447917,-0.07139785,0,0,-0.142917299,0,0,0.999992669,0.002783373,0.002307671,-0.001382709,0.00556041,0.00462302,-0.002752584,-0.071817644,-0.013937056,0.008467586,-0.064630868,0.001211964,-0.000420817,-0.066814102,-0.063444845,-0.062533662,-0.065902926,0.062533662,0.065902926,0.066814102,0.063444845,0.148477709,0.00462302,0.002752584
31.30285001,0.997372084,-0.07244947,0,0,-0.145026002,0,0,0.999996066,0.001943723,0.001651648,-0.0012335,0.003883387,0.003308084,-0.002460585,0.004365296,-0.049376499,0.014426561,-0.077764395,0.011510045,-0.001072513,-0.065421999,-0.062998071,-0.063839711,-0.066263631,0.063839711,0.066263631,0.065421999,0.062998071,0.148909389,0.003308084,0.002460585
31.35244012,0.997138516,-0.075596159,0,0,-0.151336695,0,0,0.999997795,0.001793534,0.000618605,-0.001022558,0.003585804,0.001240876,-0.002042895,-0.016081339,-0.047956415,0.014712664,-0.076527793,0.012384288,-0.001323142,-0.088201903,-0.065181829,-0.067326851,-0.090346932,0.067326851,0.090346932,0.088201903,0.065181829,0.154922499,0.001240876,0.002042895
31.40558005,0.99681314,-0.079771954,0,0,-0.159713606,0,0,0.999999046,0.001108435,-0.000509841,-0.000748324,0.002217634,-0.001018022,-0.001497779,-0.036302209,-0.042852763,0.011707098,-0.076179942,0.012407478,-0.00106727,-0.087588914,-0.062820353,-0.065466635,-0.090235196,0.065466635,0.090235196,0.087588914,0.062820353,0.16193124,0.001018022,0.001497779
31.45505,0.996644575,-0.081851026,0,0,-0.163885394,0,0,0.999999166,0.000260522,-0.001287515,-0.000524786,0.000522396,-0.002574756,-0.001050246,-0.050282482,-0.031106174,0.017581135,-0.074924132,0.010258857,-0.002324611,-0.08752013,-0.062705182,-0.064839728,-0.089654669,0.064839728,0.089654669,0.08752013,0.062705182,0.16440779,0.002574756,0.001050246
31.50198007,0.996472157,-0.083924011,0,0,-0.168045681,0,0,0.999997795,-0.000845338,-0.001944319,-0.000321463,-0.001689436,-0.003889182,-0.000639642,-0.08036495,-0.022913516,0.010774286,-0.073371007,0.00956265,-0.000786254,-0.082858354,-0.062340654,-0.066989876,-0.087507576,0.066989876,0.087507576,0.082858354,0.062340654,0.166356245,0.003889182,0.000639642
31.55290008,0.996295935,-0.085990757,0,0,-0.172194173,0,0,0.999986112,-0.003250443,-0.004170989,0.000343172,-0.006503928,-0.008339726,0.000713475,-0.042550266,-0.050193079,0.019433351,-0.076856107,0.016282552,-0.001491516,-0.082147382,-0.063022092,-0.064594604,-0.083719887,0.064594604,0.083719887,0.082147382,0.063022092,0.165690245,0.008339726,0.000713475
31.60134006,0.996115958,-0.088051115,0,0,-0.176330581,0,0,0.999977827,-0.004274571,-0.005063177,0.000714366,-0.008556729,-0.010120194,0.001472063,-0.041705374,-0.02935678,0.017731633,-0.081566881,0.014847896,-0.003504736,-0.091647118,-0.059082031,-0.062065065,-0.094630152,0.062065065,0.094630152,0.091647118,0.059082031,0.167773852,0.010120194,0.001472063
31.65073991,0.995839065,-0.091129343,0,0,-0.182511897,0,0,0.999978662,-0.004172868,-0.004966883,0.000892154,-0.008354928,-0.009926268,0.001825813,0.015125424,0.00968501,0.004061312,-0.09706353,0.004564687,-0.001391217,-0.092910014,-0.063214242,-0.070223711,-0.099919483,0.070223711,0.099919483,0.092910014,0.063214242,0.174156969,0.009926268,0.001825813
31.70572997,0.99545722,-0.095209891,0,0,-0.190708652,0,0,0.999979734,-0.004264298,-0.004648649,0.000961261,-0.008537831,-0.009289043,0.001962214,-0.017112495,0.01427308,0.004922599,-0.094152973,0.002816771,-0.001688642,-0.100236975,-0.091107607,-0.093890041,-0.103019409,0.093890041,0.103019409,0.100236975,0.091107607,0.182170821,0.009289043,0.001962214
31.76776004,0.995260996,-0.09723965,0,0,-0.194787096,0,0,0.999974608,-0.006055558,-0.003642374,0.001061446,-0.012119154,-0.00727177,0.002167009,-0.058311224,0.03121868,0.002150983,-0.091072384,-0.001136345,-0.001742545,-0.095281079,-0.089647539,-0.093024828,-0.098658361,0.093024828,0.098658361,0.095281079,0.089647539,0.182667942,0.00727177,0.002167009
31.80295992,0.995061312,-0.099262203,0,0,-0.198851869,0,0,0.999968469,-0.007131838,-0.003363361,0.000999841,-0.014270756,-0.006712298,0.00204764,-0.018142167,-0.020712616,-0.003749133,-0.088484475,-0.003116451,-0.001511365,-0.088193476,-0.090466164,-0.093951255,-0.091678567,0.093951255,0.091678567,0.088193476,0.090466164,0.184581113,0.006712298,0.00204764
31.85419012,0.994858225,-0.101277403,0,0,-0.202902686,0,0,0.999962747,-0.007752141,-0.003707814,0.000884162,-0.015511305,-0.00740171,0.001825795,-0.044313077,-0.015814602,-0.007250906,-0.099102093,0.010564993,-0.000291241,-0.083856642,-0.090089537,-0.093112268,-0.086879373,0.093112268,0.086879373,0.083856642,0.090089537,0.187391381,0.00740171,0.001825795
31.90671993,0.994651792,-0.103285107,0,0,-0.206939263,0,0,0.99994719,-0.00945577,-0.003984604,0.000753716,-0.018918271,-0.007954616,0.001582758,-0.083225965,-0.00627637,-0.004203618,-0.095198438,0.009559733,0.000483112,-0.105241254,-0.086121805,-0.085155576,-0.104275033,0.085155576,0.104275033,0.105241254,0.086121805,0.188020992,0.007954616,0.001582758
31.95633007,0.994335997,-0.106282287,0,0,-0.212966808,0,0,0.999928892,-0.011157991,-0.004174021,0.0006925,-0.022322801,-0.00833209,0.0014781,-0.063978136,-0.022920968,0.006624312,-0.092663696,0.012040444,-0.001600618,-0.105241254,-0.086121805,-0.085155576,-0.104275033,0.085155576,0.104275033,0.105241254,0.086121805,0.190644007,0.00833209,0.0014781
32.00338006,0.993903783,-0.110250943,0,0,-0.220951058,0,0,0.999914527,-0.012190079,-0.004691397,0.000714244,-0.024388259,-0.009364714,0.00154281,-0.042809539,-0.013911725,-0.003823638,-0.100983793,0.010382581,0.000265102,-0.111631446,-0.090866297,-0.090336092,-0.11110124,0.090336092,0.11110124,0.111631446,0.090866297,0.196562799,0.009364714,0.00154281
32.05499006,0.993683033,-0.112223129,0,0,-0.224920062,0,0,0.999904752,-0.012930419,-0.004833061,0.000465937,-0.025866961,-0.009653299,0.001056822,-0.048689544,-0.001433492,-0.014477969,-0.101401124,0.007144312,0.00242607,-0.110971481,-0.096682861,-0.091830723,-0.106119342,0.091830723,0.106119342,0.110971481,0.096682861,0.199053101,0.009653299,0.001056822
32.1004901,0.99345927,-0.114187031,0,0,-0.22887328,0,0,0.999886334,-0.014279714,-0.004868688,0.00016551,-0.02856302,-0.009731693,0.000470051,-0.076444447,0.002341718,-0.010855497,-0.096800522,0.006048123,0.00216588,-0.110971481,-0.096682861,-0.091830723,-0.106119342,0.091830723,0.106119342,0.110971481,0.096682861,0.20031026,0.009731693,0.000470051
32.15121007,0.99323256,-0.11614251,0,0,-0.232810435,0,0,0.999834657,-0.017665565,-0.004200664,-0.001042227,-0.03532513,-0.008436861,-0.001935764,-0.086599588,0.022668393,-0.02741218,-0.098785422,0.001125539,0.005741733,-0.105014503,-0.092918262,-0.088586502,-0.100682743,0.088586502,0.100682743,0.105014503,0.092918262,0.197485305,0.008436861,0.001935764
32.20198012,0.993002964,-0.118089427,0,0,-0.236731251,0,0,0.9998101,-0.018967951,-0.004188902,-0.001552053,-0.037926136,-0.008435192,-0.002944715,-0.05577058,-0.012429059,-0.024057927,-0.103493508,0.008975396,0.006613903,-0.105652675,-0.103401594,-0.091918126,-0.094169207,0.091918126,0.094169207,0.105652675,0.103401594,0.198805115,0.008435192,0.002944715
32.25040007,0.992653306,-0.120993444,0,0,-0.242581236,0,0,0.999780953,-0.020385673,-0.004313354,-0.001986959,-0.040758099,-0.008705939,-0.003797338,-0.087408729,0.001747161,-0.012344123,-0.098950887,0.005200881,0.005103331,-0.119082779,-0.101131998,-0.087904193,-0.105854973,0.087904193,0.105854973,0.119082779,0.101131998,0.201823137,0.008705939,0.003797338
32.30724001,0.992177615,-0.124834213,0,0,-0.250321471,0,0,0.999720991,-0.023083676,-0.004259408,-0.002706989,-0.046149494,-0.008641518,-0.005216038,-0.059685115,0.013031812,-0.03103316,-0.10787959,0.002096345,0.009266597,-0.109255075,-0.09885332,-0.088646658,-0.099048413,0.088646658,0.099048413,0.109255075,0.09885332,0.204171977,0.008641518,0.005216038
32.35318995,0.991935857,-0.126740897,0,0,-0.254165371,0,0,0.999686301,-0.024497561,-0.00401447,-0.003343858,-0.048974115,-0.008190345,-0.00648919,-0.080059469,0.013517591,-0.029148161,-0.104806863,0.00147663,0.009693481,-0.119242512,-0.115049817,-0.096516624,-0.100709312,0.096516624,0.100709312,0.119242512,0.115049817,0.205191256,0.008190345,0.00648919
32.40126992,0.991691583,-0.128638268,0,0,-0.257991432,0,0,0.999646306,-0.02603272,-0.003900016,-0.003823198,-0.052042341,-0.007996412,-0.00744094,-0.08058697,0.000805408,-0.016602874,-0.106077438,0.004703608,0.008142428,-0.115976952,-0.113023691,-0.093636729,-0.09658999,0.093636729,0.09658999,0.115976952,0.113023691,0.205949091,0.007996412,0.00744094
32.45173002,0.991444861,-0.130526192,0,0,-0.261799388,0,0,0.999529004,-0.030111065,-0.004011597,-0.004410096,-0.060196769,-0.008285093,-0.008574847,-0.097662218,0.000386685,-0.003738701,-0.105714666,0.005356167,0.007750867,-0.118923448,-0.109516241,-0.09323138,-0.102638595,0.09323138,0.102638595,0.118923448,0.109516241,0.201602619,0.008285093,0.008574847
32.50294996,0.991195762,-0.132404537,0,0,-0.265588969,0,0,0.999471366,-0.0319327,-0.004174198,-0.004485436,-0.063839908,-0.008630552,-0.008699974,-0.069767237,-0.007851425,-0.001481176,-0.104606146,0.004869534,0.00667778,-0.118821673,-0.108109348,-0.09260761,-0.103319943,0.09260761,0.103319943,0.118821673,0.108109348,0.201749061,0.008630552,0.008699974
32.55022002,0.990817809,-0.135203805,0,0,-0.271238308,0,0,0.999416828,-0.033585474,-0.004174598,-0.004560703,-0.06714664,-0.008650779,-0.008836119,-0.088542692,0.002699345,0.000181049,-0.108114618,0.004532699,0.006239898,-0.116153434,-0.10641437,-0.09305881,-0.102797873,0.09305881,0.102797873,0.116153434,0.10641437,0.204091668,0.008650779,0.008836119
32.60473991,0.990306214,-0.138901415,0,0,-0.278703979,0,0,0.999346256,-0.03563397,-0.004068939,-0.004561848,-0.071247027,-0.008457772,-0.008828175,-0.10305196,0.008075685,0.002533943,-0.107928281,0.002921688,0.005799472,-0.118887186,-0.109821796,-0.097341999,-0.106407389,0.097341999,0.106407389,0.118887186,0.109821796,0.207456952,0.008457772,0.008828175
32.65652013,0.990047296,-0.140735038,0,0,-0.282407605,0,0,0.99926734,-0.037788872,-0.003917938,-0.004646483,-0.075560356,-0.008181395,-0.00899047,-0.095465779,0.007993729,1.12E-05,-0.110627144,0.002790203,0.006339351,-0.116649419,-0.11080604,-0.099207096,-0.105050474,0.099207096,0.105050474,0.116649419,0.11080604,0.206847249,0.008181395,0.00899047
32.7023201,0.989786397,-0.142558369,0,0,-0.286091411,0,0,0.999194026,-0.039683159,-0.003846815,-0.004671233,-0.079352232,-0.008058255,-0.009030043,-0.087209031,-0.004440547,-0.000335276,-0.113620894,0.006070191,0.006466755,-0.119756669,-0.114176266,-0.101497568,-0.107077971,0.101497568,0.107077971,0.119756669,0.114176266,0.206739179,0.008058255,0.009030043
32.75014997,0.989523589,-0.144371282,0,0,-0.289755137,0,0,0.999036074,-0.043473959,-0.003991498,-0.004592083,-0.086939968,-0.00837467,-0.008828684,-0.086279213,0.001323968,0.002530962,-0.111539655,0.005809081,0.005247832,-0.126157805,-0.114017434,-0.101083927,-0.113224298,0.101083927,0.113224298,0.126157805,0.114017434,0.202815169,0.00837467,0.008828684
32.80265999,0.989125961,-0.147070844,0,0,-0.295212517,0,0,0.998924255,-0.04597801,-0.003827343,-0.004666948,-0.091953893,-0.008075694,-0.008972321,-0.093641885,0.004854054,-0.002376735,-0.116992065,0.004788769,0.005910793,-0.12259654,-0.110978387,-0.100482717,-0.112100877,0.100482717,0.112100877,0.12259654,0.110978387,0.203258624,0.008075694,0.008972321
32.85018993,0.988724459,-0.149746266,0,0,-0.30062328,0,0,0.998839498,-0.047783352,-0.003783959,-0.004716351,-0.095568563,-0.008009946,-0.009060547,-0.093363233,0.002046675,0.003444403,-0.116482611,0.004333678,0.005889673,-0.127691597,-0.118114069,-0.106292479,-0.115870014,0.106292479,0.115870014,0.127691597,0.118114069,0.205054717,0.008009946,0.009060547
32.90707994,0.988319338,-0.152397133,0,0,-0.305986571,0,0,0.998741448,-0.049793079,-0.003776725,-0.00467779,-0.099593243,-0.008009873,-0.008968105,-0.087085366,-0.001884997,0.004384667,-0.119840232,0.005437201,0.00570869,-0.12670593,-0.11803858,-0.106259234,-0.114926584,0.106259234,0.114926584,0.12670593,0.11803858,0.206393328,0.008009873,0.008968105
32.95309997,0.988047374,-0.154150534,0,0,-0.309535306,0,0,0.998646855,-0.051658481,-0.003780634,-0.004655883,-0.103329045,-0.008032154,-0.008908967,-0.096614651,0.002970547,0.000532716,-0.118812087,0.004107756,0.006338162,-0.130986094,-0.120111696,-0.108694315,-0.119568713,0.108694315,0.119568713,0.130986094,0.120111696,0.206206261,0.008032154,0.008908967
33.00103999,0.987773992,-0.15589272,0,0,-0.313062317,0,0,0.998490095,-0.054613493,-0.003618247,-0.004675455,-0.109248676,-0.007736331,-0.008941967,-0.094752021,0.002179295,0.000561029,-0.119852029,0.004160404,0.006354122,-0.129257977,-0.121042468,-0.108366147,-0.116581656,0.108366147,0.116581656,0.129257977,0.121042468,0.203813641,0.007736331,0.008941967
33.05012012,0.987499271,-0.157623573,0,0,-0.316567356,0,0,0.998378217,-0.056626726,-0.003631839,-0.004596379,-0.113281943,-0.007772531,-0.008766909,-0.096787505,-0.004345178,0.006400794,-0.12042929,0.005970211,0.005270383,-0.130366519,-0.122045726,-0.109337479,-0.11765828,0.109337479,0.11765828,0.130366519,0.122045726,0.203285413,0.007772531,0.008766909
33.10294009,0.987084844,-0.160198345,0,0,-0.32178318,0,0,0.998134375,-0.060771395,-0.003529095,-0.004743735,-0.121585379,-0.007621659,-0.009041216,-0.104941428,0.005420298,-0.005280972,-0.121463242,0.004567155,0.006708764,-0.131669849,-0.119729437,-0.109188676,-0.121129088,0.109188676,0.121129088,0.131669849,0.119729437,0.200197801,0.007621659,0.009041216
33.14990998,0.98666784,-0.16274696,0,0,-0.326948191,0,0,0.997962773,-0.06351088,-0.003537283,-0.004912463,-0.127073695,-0.007684219,-0.009356011,-0.11574626,0.00301376,-0.004224479,-0.118826931,0.00376121,0.007496672,-0.132739127,-0.123604827,-0.1101873,-0.1193216,0.1101873,0.1193216,0.132739127,0.123604827,0.199874496,0.007684219,0.009356011
33.20668006,0.986248522,-0.16526903,0,0,-0.332061573,0,0,0.997821093,-0.065691128,-0.00349782,-0.005074056,-0.131442456,-0.007647111,-0.009666879,-0.110816956,0.003457815,-0.005471705,-0.120800845,0.003605112,0.007932669,-0.130084783,-0.122562371,-0.107569024,-0.115091443,0.107569024,0.115091443,0.130084783,0.122562371,0.200619117,0.007647111,0.009666879
33.2560699,0.985967823,-0.166935474,0,0,-0.335441412,0,0,0.99766773,-0.067969784,-0.00343749,-0.005248769,-0.136009242,-0.007572533,-0.010006217,-0.107677288,-0.002643466,-0.009775163,-0.123230744,0.00513642,0.008917927,-0.132338598,-0.125128374,-0.10926304,-0.116473258,0.10926304,0.116473258,0.132338598,0.125128374,0.19943217,0.007572533,0.010006217
33.30182004,0.985686292,-0.168589839,0,0,-0.338797709,0,0,0.997508526,-0.070261434,-0.003380157,-0.005380204,-0.140603097,-0.00749958,-0.010259076,-0.112235554,0.005299598,-0.006626547,-0.12386981,0.002931943,0.0085223,-0.135324031,-0.129460141,-0.112415545,-0.118279427,0.112415545,0.118279427,0.135324031,0.129460141,0.198194612,0.00749958,0.010259076
33.35047007,0.985404009,-0.170232013,0,0,-0.342130228,0,0,0.997307241,-0.073050663,-0.003279527,-0.005600479,-0.146195302,-0.007359694,-0.010692145,-0.112020977,0.002352149,-0.00128001,-0.123656171,0.003605138,0.007883011,-0.135324031,-0.129460141,-0.112415545,-0.118279427,0.112415545,0.118279427,0.135324031,0.129460141,0.195934926,0.007359694,0.010692145
33.40324998,0.984979349,-0.172672178,0,0,-0.347083912,0,0,0.996964931,-0.077578083,-0.003217015,-0.005687479,-0.155275975,-0.007297014,-0.010841795,-0.111204393,0.002766401,0.005734712,-0.125587048,0.002883322,0.007331288,-0.135144293,-0.127934024,-0.112167999,-0.119378269,0.112167999,0.119378269,0.135144293,0.127934024,0.191807937,0.007297014,0.010841795
33.45090008,0.984553445,-0.175084303,0,0,-0.351982787,0,0,0.996787012,-0.079841636,-0.003204953,-0.005572484,-0.159818125,-0.007279205,-0.010597858,-0.111036018,-0.006203354,0.011616203,-0.126262138,0.005939514,0.00567752,-0.135801628,-0.130034983,-0.115372412,-0.12113905,0.115372412,0.12113905,0.135801628,0.130034983,0.192164662,0.007279205,0.010597858
33.50608993,0.984126567,-0.177468028,0,0,-0.356826079,0,0,0.99660176,-0.082135946,-0.003149353,-0.005365747,-0.16442391,-0.007158804,-0.010178112,-0.119613111,0.002586097,0.014496596,-0.125076484,0.003571467,0.004900289,-0.137879148,-0.126000121,-0.114645079,-0.126524106,0.114645079,0.126524106,0.137879148,0.126000121,0.192402169,0.007158804,0.010178112
33.55232001,0.983841573,-0.179041224,0,0,-0.360023684,0,0,0.996356189,-0.085086979,-0.003158248,-0.004970131,-0.17034948,-0.007139328,-0.009366965,-0.120833531,-0.006698073,0.015451761,-0.125314155,0.00618618,0.00428254,-0.133548215,-0.126405284,-0.116604701,-0.123747632,0.116604701,0.123747632,0.133548215,0.126405284,0.189674204,0.007139328,0.009366965
33.60083008,0.983556346,-0.180601537,0,0,-0.363196021,0,0,0.996152878,-0.08745338,-0.00312145,-0.004662553,-0.175102481,-0.007034451,-0.008743596,-0.117263198,0.004360825,0.017362088,-0.126750547,0.003331201,0.00357854,-0.135782838,-0.123410493,-0.11484541,-0.12721777,0.11484541,0.12721777,0.135782838,0.123410493,0.18809354,0.007034451,0.008743596
33.65026999,0.983270966,-0.182148863,0,0,-0.366342868,0,0,0.995941281,-0.089850225,-0.003108712,-0.00430587,-0.179917709,-0.006966011,-0.008018429,-0.116930909,-0.00680238,0.017554315,-0.127537705,0.006410124,0.003137851,-0.133660257,-0.126997858,-0.119840778,-0.126503184,0.119840778,0.126503184,0.133660257,0.126997858,0.186425159,0.006966011,0.008018429
33.70477009,0.982985513,-0.183683102,0,0,-0.369464004,0,0,0.995391905,-0.095782548,-0.003052562,-0.003415172,-0.191840298,-0.006731267,-0.006214283,-0.114315748,-0.006352365,0.020185858,-0.129406246,0.003482695,0.002488088,-0.137085646,-0.12426541,-0.117989704,-0.130809948,0.117989704,0.130809948,0.137085646,0.12426541,0.177623706,0.006731267,0.006214283
33.75043011,0.982557372,-0.185959701,0,0,-0.37409702,0,0,0.995169938,-0.098073833,-0.003038845,-0.003041418,-0.196447147,-0.00664495,-0.005457539,-0.119455166,0.00199005,0.021558257,-0.1292324,0.004419015,0.000933063,-0.135377005,-0.128411606,-0.123435438,-0.130400822,0.123435438,0.130400822,0.135377005,0.128411606,0.177649873,0.00664495,0.005457539
33.80373002,0.981987011,-0.188948432,0,0,-0.380182357,0,0,0.994942963,-0.100360848,-0.003054991,-0.002630005,-0.201046558,-0.006607031,-0.004620323,-0.110724576,-0.005815923,0.021298977,-0.131852159,0.006708117,0.000528549,-0.134584442,-0.125746429,-0.123880297,-0.132718325,0.123880297,0.132718325,0.134584442,0.125746429,0.179135799,0.006607031,0.004620323
33.85010005,0.981702222,-0.190422549,0,0,-0.383185107,0,0,0.994711816,-0.102636099,-0.003049434,-0.002252926,-0.205623192,-0.006529125,-0.003856151,-0.115421414,0.003116578,0.020100921,-0.131414634,0.004421951,0.000273286,-0.139088795,-0.125672564,-0.124615468,-0.138031691,0.124615468,0.138031691,0.139088795,0.125672564,0.177561915,0.006529125,0.003856151
33.90137005,0.9814178,-0.191883041,0,0,-0.386160965,0,0,0.994418979,-0.105443336,-0.003048689,-0.001845842,-0.21127099,-0.006452656,-0.00302822,-0.109264255,-0.001604855,0.020430239,-0.133206887,0.005867184,-0.0002318,-0.136109844,-0.127265945,-0.12671937,-0.135563269,0.12671937,0.135563269,0.136109844,0.127265945,0.174889975,0.006452656,0.00302822
33.95029998,0.981133826,-0.193329812,0,0,-0.389109721,0,0,0.994175434,-0.107720241,-0.003015914,-0.001624085,-0.215852388,-0.006346631,-0.002579554,-0.11282564,-0.007525087,0.006719679,-0.134604855,0.007417932,0.001879343,-0.13884224,-0.127107874,-0.127571478,-0.139305845,0.127571478,0.139305845,0.13884224,0.127107874,0.173257333,0.006346631,0.002579554
34.00266004,0.980850378,-0.194762771,0,0,-0.392031167,0,0,0.99367857,-0.112214625,-0.002981836,-0.001418401,-0.224897451,-0.006244343,-0.002149701,-0.114578009,0.002495199,0.002548844,-0.13601662,0.00447711,0.001601563,-0.143902093,-0.129066244,-0.12530756,-0.140143409,0.12530756,0.140143409,0.143902093,0.129066244,0.167133716,0.006244343,0.002149701
34.05181003,0.980426367,-0.196886107,0,0,-0.396361684,0,0,0.993351519,-0.115074381,-0.002915691,-0.001494951,-0.230653935,-0.006136711,-0.002299025,-0.110387824,0.001192838,-0.004319847,-0.136099796,0.004808583,0.002384759,-0.142095268,-0.133141041,-0.129937917,-0.138892129,0.129937917,0.138892129,0.142095268,0.133141041,0.165707749,0.006136711,0.002299025
34.10435009,0.979863602,-0.199668027,0,0,-0.402038228,0,0,0.993086278,-0.117341518,-0.002847714,-0.001634843,-0.235218427,-0.006039758,-0.002578819,-0.112326466,0.003939122,-0.007954241,-0.136702548,0.004255826,0.004510893,-0.145469233,-0.136957586,-0.127935797,-0.136447445,0.127935797,0.136447445,0.145469233,0.136957586,0.166819801,0.006039758,0.002578819
34.15007997,0.979583504,-0.201037703,0,0,-0.404834274,0,0,0.9928177,-0.119591691,-0.002803972,-0.0018153,-0.239749724,-0.00600189,-0.002933916,-0.113666058,0.003422052,-0.007584691,-0.136203153,0.004321493,0.004687807,-0.145469233,-0.136957586,-0.127935797,-0.136447445,0.127935797,0.136447445,0.145469233,0.136957586,0.16508455,0.00600189,0.002933916
34.20162011,0.979304367,-0.202393075,0,0,-0.407601908,0,0,0.992543459,-0.121843502,-0.002754244,-0.002038284,-0.244285389,-0.005964152,-0.003375063,-0.113525994,0.003740937,-0.011910499,-0.13820564,0.004132111,0.00573047,-0.145212427,-0.13656944,-0.127193823,-0.13583681,0.127193823,0.13583681,0.145212427,0.13656944,0.163316519,0.005964152,0.003375063
34.25084997,0.979026269,-0.203734055,0,0,-0.410340935,0,0,0.99219656,-0.12463405,-0.002657572,-0.002358987,-0.249907765,-0.00586172,-0.004018789,-0.108446203,0.004761666,-0.011368098,-0.13959198,0.003732914,0.00606605,-0.14806819,-0.139803976,-0.128343031,-0.136607245,0.128343031,0.136607245,0.14806819,0.139803976,0.16043317,0.00586172,0.004018789
34.30161,0.978611239,-0.205718357,0,0,-0.414395417,0,0,0.991628587,-0.129067078,-0.002516293,-0.002891751,-0.258843553,-0.005736945,-0.00508565,-0.11061281,0.007101149,-0.008302926,-0.138927739,0.00271147,0.006716358,-0.149390906,-0.141925082,-0.129792988,-0.137258813,0.129792988,0.137258813,0.149390906,0.141925082,0.155551864,0.005736945,0.00508565
34.35169006,0.978198983,-0.207669808,0,0,-0.418384461,0,0,0.991341054,-0.131252781,-0.002448003,-0.003133683,-0.263251433,-0.005676251,-0.005570601,-0.110673927,0.003860146,-0.010438265,-0.14005055,0.002856689,0.006217642,-0.148355529,-0.142932594,-0.129499882,-0.134922817,0.129499882,0.134922817,0.148355529,0.142932594,0.155133028,0.005676251,0.005570601
34.40906001,0.97778976,-0.209588134,0,0,-0.422307438,0,0,0.990905583,-0.134493604,-0.002401956,-0.003445431,-0.269789621,-0.00568703,-0.006182237,-0.101783879,0.003331155,-0.008888543,-0.14181612,0.003707624,0.007086682,-0.149124846,-0.143411472,-0.130976185,-0.136689559,0.130976185,0.136689559,0.149124846,0.143411472,0.152517817,0.00568703,0.006182237
34.45679999,0.977518756,-0.21084848,0,0,-0.424885745,0,0,0.99061048,-0.13664718,-0.002346947,-0.00361948,-0.27413623,-0.005639033,-0.006529732,-0.104090594,0.00365004,-0.008070469,-0.142431487,0.00352467,0.00717051,-0.152610391,-0.145195156,-0.131021783,-0.138437033,0.131021783,0.138437033,0.152610391,0.145195156,0.150749515,0.005639033,0.006529732
34.50287009,0.97724929,-0.212093906,0,0,-0.427434232,0,0,0.990312457,-0.138787732,-0.002303313,-0.003753989,-0.278458037,-0.005604043,-0.006796059,-0.10443332,0.004591793,-0.00513345,-0.143447648,0.003221922,0.00684995,-0.153126627,-0.146077305,-0.131736279,-0.138785616,0.131736279,0.138785616,0.153126627,0.146077305,0.148976195,0.005604043,0.006796059
34.55009008,0.976981437,-0.213324333,0,0,-0.42995272,0,0,0.990010798,-0.140923038,-0.002247934,-0.003813407,-0.282771029,-0.005525778,-0.006917216,-0.103864089,-0.000587106,-0.002379716,-0.1440035,0.004563358,0.00647004,-0.153519481,-0.147075653,-0.133375749,-0.139819592,0.133375749,0.139819592,0.153519481,0.147075653,0.147181691,0.005525778,0.006917216
34.60128999,0.976582846,-0.215141685,0,0,-0.433673819,0,0,0.989325106,-0.145656317,-0.002147359,-0.00393002,-0.292336335,-0.005393763,-0.007150747,-0.103281446,5.14E-05,-0.000540912,-0.14464265,0.003667269,0.006692813,-0.155036867,-0.145910159,-0.13297008,-0.142096788,0.13297008,0.142096788,0.155036867,0.145910159,0.141337484,0.005393763,0.007150747
34.65302992,0.976188303,-0.216924866,0,0,-0.437326436,0,0,0.989008188,-0.147794053,-0.002087705,-0.003934625,-0.2966589,-0.005292567,-0.007165812,-0.105555363,5.59E-05,0.00198558,-0.144697029,0.004320502,0.006348008,-0.155002698,-0.147668168,-0.134282544,-0.141617075,0.134282544,0.141617075,0.155002698,0.147668168,0.140667536,0.005292567,0.007165812
34.70686007,0.975798055,-0.21867363,0,0,-0.440909993,0,0,0.988690734,-0.149904102,-0.002080404,-0.00389699,-0.300926792,-0.005282125,-0.007082272,-0.105033815,0.001566857,0.003484637,-0.143735977,0.003917198,0.005659707,-0.153312847,-0.145478457,-0.134159043,-0.141993433,0.134159043,0.141993433,0.153312847,0.145478457,0.139983201,0.005282125,0.007082272
34.75605011,0.975540396,-0.219820233,0,0,-0.443260386,0,0,0.988282979,-0.152571008,-0.002048959,-0.003841077,-0.306323153,-0.005221999,-0.00696707,-0.10410697,0.000277907,0.002274662,-0.144682296,0.004280227,0.005838235,-0.153312847,-0.145478457,-0.134159043,-0.141993433,0.134159043,0.141993433,0.153312847,0.145478457,0.136937233,0.005221999,0.00696707
34.80214,0.975284828,-0.220951362,0,0,-0.445579669,0,0,0.987950146,-0.154713422,-0.002011837,-0.003798363,-0.310659888,-0.005150527,-0.006882815,-0.107583404,0.001015514,0.005350261,-0.145428998,0.004068148,0.005267811,-0.154800728,-0.146240279,-0.134563804,-0.143124253,0.134563804,0.143124253,0.154800728,0.146240279,0.134919781,0.005150527,0.006882815
34.85035992,0.97503142,-0.222066949,0,0,-0.447867679,0,0,0.987611532,-0.156861588,-0.002021228,-0.003725977,-0.315009677,-0.005161324,-0.00672567,-0.106787682,-9.69E-05,0.004737825,-0.14528192,0.004435864,0.005326053,-0.15476492,-0.146628633,-0.136093006,-0.144229293,0.136093006,0.144229293,0.15476492,0.146628633,0.132858002,0.005161324,0.00672567
34.90154005,0.974655514,-0.223711037,0,0,-0.451240709,0,0,0.987263978,-0.15903683,-0.001982445,-0.003657942,-0.319416,-0.00507791,-0.006592276,-0.106307864,-0.003018975,0.00377819,-0.146244774,0.005219113,0.005435298,-0.155043796,-0.146172076,-0.135519966,-0.144391701,0.135519966,0.144391701,0.155043796,0.146172076,0.131824709,0.00507791,0.006592276
34.95321012,0.974284865,-0.225319777,0,0,-0.454542482,0,0,0.986494839,-0.163743421,-0.001951135,-0.003518154,-0.328955109,-0.005001739,-0.006302431,-0.100104518,0.000729412,0.002671033,-0.146861484,0.002917854,0.005054749,-0.156899154,-0.146460935,-0.13559033,-0.146028548,0.13559033,0.146028548,0.156899154,0.146460935,0.125587373,0.005001739,0.006302431
35.00694991,0.973919703,-0.226892951,0,0,-0.457772478,0,0,0.986150742,-0.16580376,-0.001909001,-0.003497339,-0.333133228,-0.004924888,-0.006264885,-0.10628999,0.002317876,0.002943725,-0.146720756,0.003860079,0.005483083,-0.154834047,-0.14899835,-0.138888851,-0.144724548,0.138888851,0.144724548,0.154834047,0.14899835,0.12463925,0.004924888,0.006264885
35.05648995,0.973679425,-0.227921868,0,0,-0.45988568,0,0,0.985813141,-0.167799845,-0.00189901,-0.003495487,-0.337182176,-0.004917242,-0.006254603,-0.100652874,0.001249462,0.000294298,-0.14822993,0.004194865,0.005993024,-0.156063884,-0.148343727,-0.13737756,-0.145097718,0.13737756,0.145097718,0.156063884,0.148343727,0.122703504,0.004917242,0.006254603
35.102,0.973441753,-0.228934822,0,0,-0.461966606,0,0,0.985463977,-0.169838414,-0.001844985,-0.003508243,-0.341318917,-0.00482802,-0.006287911,-0.09984076,-0.001093745,0.000817329,-0.148622323,0.004789161,0.005943075,-0.158417791,-0.150028065,-0.138042003,-0.146431729,0.138042003,0.146431729,0.158417791,0.150028065,0.120647689,0.00482802,0.006287911
35.15223003,0.97309028,-0.230424188,0,0,-0.465027157,0,0,0.984944999,-0.172823161,-0.001777677,-0.003546609,-0.347378143,-0.004727717,-0.006372096,-0.103713572,0.002170354,-0.000788271,-0.148045372,0.003838278,0.006287614,-0.159354523,-0.149776205,-0.137890056,-0.147468373,0.137890056,0.147468373,0.159354523,0.149776205,0.117649014,0.004727717,0.006372096
35.20732999,0.972745043,-0.231877298,0,0,-0.468014275,0,0,0.984242618,-0.176778182,-0.001705086,-0.003628913,-0.355411914,-0.004639478,-0.006540734,-0.102822497,0.002012402,0.004660339,-0.149024187,0.003981696,0.006363337,-0.158171237,-0.15049468,-0.137919456,-0.145595998,0.137919456,0.145595998,0.158171237,0.15049468,0.112602361,0.004639478,0.006540734
35.25318003,0.972631387,-0.232353578,0,0,-0.468993581,0,0,0.983891129,-0.178723663,-0.001677787,-0.003658428,-0.359365865,-0.004609231,-0.006599387,-0.098735109,0.005797298,0.001867861,-0.148574954,0.003854331,0.005508126,-0.159369186,-0.151405796,-0.138679117,-0.146642506,0.138679117,0.146642506,0.159369186,0.151405796,0.109627716,0.004609231,0.006599387
35.31387997,0.972184089,-0.234218055,0,0,-0.472828345,0,0,0.983439028,-0.181195259,-0.001639091,-0.003676138,-0.364391206,-0.004556104,-0.006636641,-0.098420694,-0.002470613,0.000610203,-0.150798558,0.003914335,0.00676298,-0.157937378,-0.150228724,-0.139212474,-0.146921128,0.139212474,0.146921128,0.157937378,0.150228724,0.108437139,0.004556104,0.006636641
35.36119009,0.971856524,-0.235573548,0,0,-0.475617367,0,0,0.98307991,-0.183133811,-0.001573542,-0.003660819,-0.368334744,-0.004434689,-0.006621532,-0.102290511,-0.000369549,0.003241748,-0.149370054,0.004416067,0.005874746,-0.161475837,-0.153647169,-0.140121207,-0.147949874,0.140121207,0.147949874,0.161475837,0.153647169,0.107282623,0.004434689,0.006621532
35.40112997,0.971748883,-0.236017179,0,0,-0.476530372,0,0,0.98271668,-0.185074389,-0.001577015,-0.003627849,-0.372283475,-0.004442375,-0.006546676,-0.097750135,-0.00294596,0.008190421,-0.149987232,0.005200624,0.0050406,-0.159660831,-0.150828704,-0.139079213,-0.14791134,0.139079213,0.14791134,0.159660831,0.150828704,0.104246897,0.004442375,0.006546676
35.45051003,0.971535966,-0.2368921,0,0,-0.478331283,0,0,0.982346714,-0.187029198,-0.00153481,-0.003557009,-0.37626313,-0.004345974,-0.006414428,-0.099323697,0.000134856,0.005175918,-0.149696641,0.004358967,0.005494367,-0.160228416,-0.149827182,-0.139745981,-0.150147215,0.139745981,0.150147215,0.160228416,0.149827182,0.102068153,0.004345974,0.006414428
35.50133992,0.971326252,-0.237750524,0,0,-0.480098623,0,0,0.98189491,-0.189388722,-0.001566802,-0.003454644,-0.381068312,-0.004385425,-0.006190824,-0.094741583,-0.001527369,0.006920844,-0.150586479,0.00495238,0.005144401,-0.159549937,-0.150832012,-0.13984327,-0.148561209,0.13984327,0.148561209,0.159549937,0.150832012,0.099030311,0.004385425,0.006190824
35.55860997,0.970916666,-0.239417685,0,0,-0.483532097,0,0,0.981143773,-0.19324635,-0.001579788,-0.003237452,-0.388929604,-0.004351263,-0.00574232,-0.094166405,-0.002016127,0.007726999,-0.149060494,0.003942831,0.00437161,-0.16068323,-0.150778472,-0.140489668,-0.150394425,0.140489668,0.150394425,0.16068323,0.150778472,0.094602493,0.004351263,0.00574232
35.60588003,0.970716907,-0.240226323,0,0,-0.48519799,0,0,0.980751097,-0.195231766,-0.001510783,-0.00309488,-0.39297844,-0.004171853,-0.005480784,-0.099904858,0.003769249,0.00993386,-0.152116264,0.005234756,0.00482385,-0.157374904,-0.149489239,-0.140746027,-0.148631677,0.140746027,0.148631677,0.157374904,0.149489239,0.09221955,0.004171853,0.005480784
35.65700007,0.970423718,-0.24140797,0,0,-0.487632944,0,0,0.980277419,-0.197598681,-0.001535061,-0.002953502,-0.39780677,-0.004176799,-0.005183918,-0.095868096,0.00071153,0.003982335,-0.150565481,0.004591509,0.005191654,-0.162174836,-0.151705325,-0.142057627,-0.152527139,0.142057627,0.152527139,0.162174836,0.151705325,0.089826174,0.004176799,0.005183918
35.70472002,0.970138429,-0.242551908,0,0,-0.489990895,0,0,0.979884982,-0.199537575,-0.001498897,-0.002842174,-0.401763917,-0.004071745,-0.004971897,-0.10371656,0.003371388,0.008643419,-0.148730208,0.00386122,0.004249616,-0.160348609,-0.15116559,-0.140782282,-0.149965301,0.140782282,0.149965301,0.160348609,0.15116559,0.088226978,0.004071745,0.004971897
35.75049997,0.97004512,-0.242924815,0,0,-0.490759702,0,0,0.979504466,-0.201397717,-0.001504543,-0.002791856,-0.405561482,-0.004071971,-0.004863308,-0.095696755,0.003280491,0.006663055,-0.150892648,0.003993079,0.004608848,-0.15684101,-0.149118572,-0.140619338,-0.148341775,0.140619338,0.148341775,0.15684101,0.149118572,0.08519822,0.004071971,0.004863308
35.81024003,0.969680987,-0.24437427,0,0,-0.49374869,0,0,0.978546441,-0.206003696,-0.001439598,-0.002703786,-0.414971315,-0.003931417,-0.004698488,-0.091964006,0.003885478,0.001167506,-0.150741804,0.004248513,0.00484675,-0.159494534,-0.151508391,-0.142290697,-0.15027684,0.142290697,0.15027684,0.159494534,0.151508391,0.078777375,0.003931417,0.004698488
35.86038995,0.969504472,-0.245073621,0,0,-0.495191256,0,0,0.978159785,-0.207834303,-0.001313742,-0.002611068,-0.418714222,-0.003655445,-0.004562048,-0.092971325,0.005563349,0.011209399,-0.151912808,0.003866609,0.005543424,-0.159837037,-0.151340008,-0.141646504,-0.150143534,0.141646504,0.150143534,0.159837037,0.151340008,0.076477034,0.003655445,0.004562048
35.90585995,0.969331723,-0.245756,0,0,-0.496599068,0,0,0.977776289,-0.209631145,-0.001343959,-0.002591067,-0.422388833,-0.003714527,-0.004503542,-0.091817982,-0.003272295,-2.68E-05,-0.151526565,0.003350452,0.003708903,-0.161322802,-0.153589591,-0.14250274,-0.150235951,0.14250274,0.150235951,0.161322802,0.153589591,0.074210235,0.003714527,0.004503542
35.95143009,0.969162788,-0.246421368,0,0,-0.497972027,0,0,0.977378786,-0.211476892,-0.001342161,-0.002582564,-0.42616502,-0.003715912,-0.00448066,-0.097322457,0.002197176,0.006700306,-0.149566219,0.0043034,0.004503464,-0.158585891,-0.151884988,-0.144467175,-0.151168078,0.144467175,0.151168078,0.158585891,0.151884988,0.071807007,0.003715912,0.00448066
36.00320006,0.968916639,-0.247387442,0,0,-0.499965906,0,0,0.976919591,-0.213587478,-0.001341626,-0.002598262,-0.430484883,-0.003731242,-0.004503523,-0.085476041,0.001373142,0.003366917,-0.151910604,0.004634389,0.005201042,-0.158373043,-0.149766251,-0.140759319,-0.149366125,0.140759319,0.149366125,0.158373043,0.149766251,0.069481023,0.003731242,0.004503523
36.05057002,0.96867933,-0.248315032,0,0,-0.501880835,0,0,0.976546884,-0.215286493,-0.001244949,-0.002559966,-0.433964243,-0.00353376,-0.004463854,-0.084045537,0.004781038,0.006430598,-0.152070768,0.003668339,0.004653039,-0.161745995,-0.15247722,-0.142075136,-0.151343912,0.142075136,0.151343912,0.161745995,0.15247722,0.067916592,0.00353376,0.004463854
36.10675002,0.968451009,-0.249204018,0,0,-0.503716511,0,0,0.976162195,-0.217024833,-0.001188779,-0.002486082,-0.437525562,-0.003399971,-0.004337688,-0.083483778,-0.006219745,0.003232808,-0.152419591,0.006582643,0.005116857,-0.160392106,-0.153055429,-0.143749356,-0.151086032,0.143749356,0.151086032,0.160392106,0.153055429,0.066190949,0.003399971,0.004337688
36.15028,0.968303859,-0.249775172,0,0,-0.504896122,0,0,0.97578609,-0.218709201,-0.001251749,-0.002522402,-0.440976887,-0.00354623,-0.004375153,-0.087687366,0.000787526,-0.003048778,-0.15161347,0.004752221,0.006282004,-0.16411905,-0.15095377,-0.140720055,-0.153885335,0.140720055,0.153885335,0.16411905,0.15095377,0.063919235,0.00354623,0.004375153
36.20445991,0.968160807,-0.250329086,0,0,-0.506040297,0,0,0.975000501,-0.222185165,-0.00110039,-0.002589653,-0.448104424,-0.003296532,-0.004560885,-0.077185035,5.29E-05,-0.002630055,-0.153321707,0.002987755,0.005216731,-0.162647665,-0.153143227,-0.140579209,-0.150083646,0.140579209,0.150083646,0.162647665,0.153143227,0.057935873,0.003296532,0.004560885
36.25303007,0.967954001,-0.251127563,0,0,-0.507689944,0,0,0.974648297,-0.223724619,-0.001113669,-0.00262935,-0.451262669,-0.003347378,-0.004627115,-0.079904497,-9.09E-05,0.000787526,-0.152375565,0.00493768,0.005865278,-0.161526158,-0.155550644,-0.145117193,-0.151092693,0.145117193,0.151092693,0.161526158,0.155550644,0.056427275,0.003347378,0.004627115
36.30449009,0.967756633,-0.251887076,0,0,-0.509259421,0,0,0.974297583,-0.225247055,-0.001071884,-0.002636728,-0.45438742,-0.003276504,-0.004655079,-0.074614592,0.006560238,0.003581495,-0.153324105,0.003184607,0.005461416,-0.163178489,-0.153303131,-0.14157258,-0.151447937,0.14157258,0.151447937,0.163178489,0.153303131,0.054872001,0.003276504,0.004655079
36.35026002,0.967692963,-0.252131572,0,0,-0.509764721,0,0,0.973768651,-0.227523535,-0.001014169,-0.002631343,-0.459061909,-0.003172522,-0.004663182,-0.076141953,0.000668317,0.003922731,-0.152700122,0.004713874,0.005409333,-0.161970094,-0.155600876,-0.144678056,-0.15104726,0.144678056,0.15104726,0.161970094,0.155600876,0.050702812,0.003172522,0.004663182
36.40715003,0.967448994,-0.253066086,0,0,-0.511696393,0,0,0.973415315,-0.22903046,-0.001046811,-0.002635306,-0.462157361,-0.003245099,-0.004651031,-0.074036419,-0.002257526,0.002894551,-0.153213658,0.005571698,0.005638859,-0.16282329,-0.153395548,-0.142576888,-0.152004629,0.142576888,0.152004629,0.16282329,0.153395548,0.049539032,0.003245099,0.004651031
36.45817996,0.967333495,-0.253507217,0,0,-0.512608393,0,0,0.972818375,-0.23155424,-0.000929789,-0.002550529,-0.467344983,-0.002990207,-0.004531844,-0.071248412,0.003936141,0.005161017,-0.15262027,0.003803386,0.005252727,-0.164424181,-0.153280795,-0.142003074,-0.153146461,0.142003074,0.153146461,0.164424181,0.153280795,0.04526341,0.002990207,0.004531844
36.50491,0.967222363,-0.253930896,0,0,-0.513484416,0,0,0.972475469,-0.232990429,-0.000964695,-0.002507951,-0.470298143,-0.003044946,-0.004428346,-0.075843938,-0.005929172,0.001019985,-0.153253802,0.003874418,0.005201984,-0.161676347,-0.154069573,-0.14356412,-0.151170895,0.14356412,0.151170895,0.161676347,0.154069573,0.043186273,0.003044946,0.004428346
36.55101991,0.967115629,-0.2543371,0,0,-0.514324402,0,0,0.971978843,-0.235054389,-0.000986266,-0.002450886,-0.474544035,-0.003069445,-0.004300799,-0.06531924,-0.005477667,0.004766136,-0.153754985,0.006595056,0.005256607,-0.162330166,-0.154581338,-0.144177362,-0.151926205,0.144177362,0.151926205,0.162330166,0.154581338,0.039780367,0.003069445,0.004300799
36.60174013,0.966963837,-0.25491359,0,0,-0.51551668,0,0,0.971672654,-0.236317337,-0.000908767,-0.002389885,-0.47714361,-0.002895595,-0.004214886,-0.063788891,0.008698554,0.006417186,-0.153795693,0.002773499,0.004950955,-0.165606603,-0.152416512,-0.141903296,-0.155093402,0.141903296,0.155093402,0.165606603,0.152416512,0.03837307,0.002895595,0.004214886
36.6503501,0.966822099,-0.255450637,0,0,-0.516627552,0,0,0.971365631,-0.237576276,-0.000901269,-0.002379385,-0.479735351,-0.002881498,-0.004194295,-0.06077737,0.000985712,-0.002156198,-0.154488142,0.004850292,0.006432587,-0.161520109,-0.155973122,-0.146071211,-0.151618198,0.146071211,0.151618198,0.161520109,0.155973122,0.036892201,0.002881498,0.004194295
36.70699001,0.966690505,-0.255948174,0,0,-0.517656843,0,0,0.971077025,-0.238752797,-0.000913445,-0.002405704,-0.482158015,-0.002922792,-0.004236103,-0.059127808,0.002335757,0.002639741,-0.154791228,0.004540962,0.005687262,-0.165019408,-0.155937493,-0.144562975,-0.15364489,0.144562975,0.15364489,0.165019408,0.155937493,0.035498828,0.002922792,0.004236103
36.75242997,0.966608451,-0.256257884,0,0,-0.518297633,0,0,0.970714569,-0.240222082,-0.000895605,-0.002426758,-0.48518466,-0.002904679,-0.004281121,-0.059270862,0.003770739,0.000589341,-0.154175247,0.004145714,0.006094548,-0.165019408,-0.155937493,-0.144562975,-0.15364489,0.144562975,0.15364489,0.165019408,0.155937493,0.033112973,0.002904679,0.004281121
36.80369997,0.966530964,-0.256549988,0,0,-0.518902047,0,0,0.970132351,-0.242562756,-0.000848532,-0.00245973,-0.490008699,-0.002839658,-0.004360913,-0.05916357,0.000879914,0.001127273,-0.154537026,0.005093963,0.006264798,-0.164415479,-0.156124055,-0.14393495,-0.152226374,0.14393495,0.152226374,0.164415479,0.156124055,0.028893348,0.002839658,0.004360913
36.85279012,0.966423343,-0.256955098,0,0,-0.519740371,0,0,0.969832838,-0.243757844,-0.000807132,-0.00245729,-0.492472954,-0.002763536,-0.004372862,-0.063267358,0.001128763,-0.002762675,-0.152438661,0.004747472,0.006729573,-0.165895745,-0.155707836,-0.143178239,-0.153366148,0.143178239,0.153366148,0.165895745,0.155707836,0.027267417,0.002763536,0.004372862
36.90426994,0.966326112,-0.257320509,0,0,-0.520496622,0,0,0.969459176,-0.245239943,-0.000797533,-0.00244236,-0.495529999,-0.002744283,-0.004344391,-0.057676438,0.003337115,0.004839153,-0.153143637,0.004240533,0.005482234,-0.163915664,-0.154420733,-0.140961587,-0.150456518,0.140961587,0.150456518,0.163915664,0.154420733,0.024966623,0.002744283,0.004344391
36.95022011,0.966296022,-0.257433483,0,0,-0.520730447,0,0,0.96917218,-0.246372312,-0.000764598,-0.002375006,-0.497866706,-0.002652328,-0.004226855,-0.055743754,-0.001655519,0.004819781,-0.1532607,0.005591798,0.005419752,-0.162866369,-0.154385313,-0.143420845,-0.151901901,0.143420845,0.151901901,0.162866369,0.154385313,0.022863741,0.002652328,0.004226855
37.00620008,0.966187313,-0.257841184,0,0,-0.521574338,0,0,0.968890011,-0.247479588,-0.000796284,-0.002351464,-0.50015201,-0.002706905,-0.004162519,-0.054553162,-0.000408292,0.00671521,-0.153170112,0.00533747,0.005112284,-0.164272219,-0.153088629,-0.142249122,-0.153432712,0.142249122,0.153432712,0.164272219,0.153088629,0.021422328,0.002706905,0.004162519
37.05910993,0.966139976,-0.2580185,0,0,-0.521941389,0,0,0.968230069,-0.250050515,-0.000749216,-0.002196151,-0.505461273,-0.002549127,-0.003878096,-0.046201054,-0.001108646,0.004016608,-0.153944505,0.005581975,0.00564916,-0.163619831,-0.152944893,-0.142720327,-0.153395265,0.142720327,0.153395265,0.163619831,0.152944893,0.016480116,0.002549127,0.003878096
37.10812998,0.966097336,-0.258178112,0,0,-0.522271808,0,0,0.968042552,-0.250775367,-0.000782089,-0.00218111,-0.506958653,-0.002608131,-0.003830581,-0.047223274,-0.00397712,0.00429377,-0.154259663,0.005626935,0.005484511,-0.165175602,-0.154011667,-0.142713338,-0.153877288,0.142713338,0.153877288,0.165175602,0.154011667,0.015313155,0.002608131,0.003830581
37.15358997,0.966042206,-0.258384317,0,0,-0.522698703,0,0,0.967790306,-0.251747936,-0.000757263,-0.002103442,-0.508968492,-0.002524819,-0.003690122,-0.044593219,0.001988559,0.00623241,-0.153918546,0.004886892,0.005054628,-0.165371075,-0.154117212,-0.143148184,-0.154402047,0.143148184,0.154402047,0.165371075,0.154117212,0.013730211,0.002524819,0.003690122
37.20456005,0.965997704,-0.258550644,0,0,-0.523043058,0,0,0.967539787,-0.252709389,-0.000736431,-0.002080494,-0.51095574,-0.002476576,-0.003653733,-0.046956532,0.000730902,-0.003200769,-0.153109291,0.005178743,0.006637907,-0.163860023,-0.154086247,-0.143977001,-0.153750777,0.143977001,0.153750777,0.163860023,0.154086247,0.012087318,0.002476576,0.003653733
37.25015998,0.965985237,-0.258597221,0,0,-0.523139491,0,0,0.967171729,-0.25411427,-0.000709686,-0.002051275,-0.513860504,-0.002415295,-0.003607206,-0.048939887,0.003164262,0.004083663,-0.151934722,0.00452711,0.005375745,-0.164925903,-0.154568419,-0.141292617,-0.151650086,0.141292617,0.151650086,0.164925903,0.154568419,0.009278987,0.002415295,0.003607206
37.30725003,0.965947222,-0.258739182,0,0,-0.523433417,0,0,0.966929018,-0.25503695,-0.000675447,-0.002034885,-0.515768793,-0.002344161,-0.003590667,-0.045630332,-0.002746284,0.00186041,-0.152362986,0.006109009,0.005751806,-0.16422376,-0.152005747,-0.14050214,-0.152720153,0.14050214,0.152720153,0.16422376,0.152005747,0.007664624,0.002344161,0.003590667
37.35668993,0.965935337,-0.25878355,0,0,-0.523525281,0,0,0.966460943,-0.256804913,-0.000690547,-0.002048888,-0.519426459,-0.002387104,-0.003605686,-0.050012771,0.005809218,0.004283339,-0.153002159,0.006213275,0.006501887,-0.16422376,-0.152005747,-0.14050214,-0.152720153,0.14050214,0.152720153,0.16422376,0.152005747,0.004098822,0.002387104,0.003605686
37.40869999,0.965928204,-0.258810171,0,0,-0.523580402,0,0,0.966197073,-0.257796198,-0.000606797,-0.00199925,-0.521478463,-0.002203371,-0.003550494,-0.033719838,0.001617521,0.005722791,-0.150472579,0.003830183,0.005396332,-0.165717289,-0.153290734,-0.140286967,-0.152713507,0.140286967,0.152713507,0.165717289,0.153290734,0.002101939,0.002203371,0.003550494
37.45376993,0.965926421,-0.258816827,0,0,-0.523594182,0,0,0.966031313,-0.258416861,-0.00061898,-0.001977379,-0.522763329,-0.002217886,-0.003500526,-0.028255584,-0.001293421,0.003769249,-0.154401623,0.005880246,0.005536883,-0.159699053,-0.152038693,-0.141246036,-0.148906395,0.141246036,0.148906395,0.159699053,0.152038693,0.000830853,0.002217886,0.003500526
37.5046599,0.965935337,-0.25878355,0,0,-0.523525281,0,0,0.965878189,-0.258988589,-0.000656818,-0.001950269,-0.523947064,-0.002279009,-0.003427243,-0.027143957,-0.002473593,0.00211671,-0.154306083,0.006266367,0.005813878,-0.165818721,-0.154058233,-0.142984465,-0.154744953,0.142984465,0.154744953,0.165818721,0.154058233,0.000421783,0.002279009,0.003427243
37.55031991,0.965940685,-0.258763584,0,0,-0.523483942,0,0,0.965719223,-0.259581417,-0.000684738,-0.001885384,-0.525174732,-0.002301352,-0.003286027,-0.030323863,-0.001464784,0.006695837,-0.153245025,0.006043733,0.004956237,-0.166386291,-0.153853565,-0.142225802,-0.154758528,0.142225802,0.154758528,0.166386291,0.153853565,0.00169079,0.002301352,0.003286027
37.60698009,0.965973954,-0.258639363,0,0,-0.523226744,0,0,0.965520203,-0.260321498,-0.000670173,-0.001717292,-0.526708018,-0.00218823,-0.002967251,-0.024776163,-0.000938773,0.008749217,-0.153894454,0.006007993,0.004454584,-0.164244965,-0.1521575,-0.142245024,-0.154332489,0.142245024,0.154332489,0.164244965,0.1521575,0.003481274,0.00218823,0.002967251
37.65691996,0.965997704,-0.258550644,0,0,-0.523043058,0,0,0.965377152,-0.260852844,-0.000664687,-0.00155077,-0.527809026,-0.002092395,-0.002647394,-0.019259751,0.00275597,0.006071479,-0.154786248,0.005093769,0.004815896,-0.164356992,-0.152341008,-0.143431842,-0.155447826,0.143431842,0.155447826,0.164356992,0.152341008,0.004765968,0.002092395,0.002647394
37.70972991,0.96602619,-0.258444192,0,0,-0.522822662,0,0,0.965234399,-0.261380821,-0.00073955,-0.00144497,-0.528903047,-0.002183055,-0.002402869,-0.015479327,0.000285357,0.004101544,-0.154347559,0.006864325,0.004764948,-0.164695874,-0.154508352,-0.144876555,-0.155064076,0.144876555,0.155064076,0.164695874,0.154508352,0.006080385,0.002183055,0.002402869
37.75475002,0.966077781,-0.258251277,0,0,-0.522423274,0,0,0.965081334,-0.26194644,-0.000766333,-0.001245675,-0.530075463,-0.002131749,-0.002002884,-0.019481778,-0.001849234,0.010093302,-0.154895972,0.005948134,0.005030548,-0.165976793,-0.152248159,-0.142718256,-0.156446904,0.142718256,0.156446904,0.165976793,0.152248159,0.007652189,0.002131749,0.002002884
37.8041401,0.966139976,-0.2580185,0,0,-0.521941389,0,0,0.965004563,-0.262229711,-0.000777451,-0.001138459,-0.530662701,-0.002097565,-0.0017895,-0.010666251,-0.001993775,0.00058189,-0.155226641,0.006758207,0.005317495,-0.165874615,-0.153978348,-0.143917263,-0.155813515,0.143917263,0.155813515,0.165874615,0.153978348,0.008721312,0.002097565,0.0017895
37.85025001,0.966163058,-0.257932055,0,0,-0.521762441,0,0,0.964929879,-0.262504458,-0.000834362,-0.001072082,-0.531232241,-0.002173055,-0.001630926,-0.01436919,-0.005485117,0.004873425,-0.154178045,0.007763579,0.004488608,-0.16730231,-0.153785899,-0.143150911,-0.156667307,0.143150911,0.156667307,0.16730231,0.153785899,0.0094698,0.002173055,0.001630926
37.90768004,0.966267095,-0.257542039,0,0,-0.520955134,0,0,0.964838803,-0.262839705,-0.000852015,-0.000942285,-0.531927342,-0.002139455,-0.001370423,-0.019928813,-0.004348158,0.007022173,-0.152321347,0.007484481,0.003941506,-0.16643019,-0.150903046,-0.141925827,-0.157452971,0.141925827,0.157452971,0.16643019,0.150903046,0.010972208,0.002139455,0.001370423
37.95702005,0.966326112,-0.257320509,0,0,-0.520496622,0,0,0.964762151,-0.263120621,-0.000866944,-0.000852931,-0.53250992,-0.002121638,-0.001189534,-0.021190941,0.001566857,0.005988032,-0.151606865,0.005941923,0.004031486,-0.163747296,-0.148778349,-0.140895337,-0.155864283,0.140895337,0.155864283,0.163747296,0.148778349,0.012013298,0.002121638,0.001189534
38.00249005,0.966389775,-0.257081316,0,0,-0.52000158,0,0,0.964531183,-0.263967365,-0.000933698,-0.00054344,-0.534265961,-0.002088063,-0.000555399,-0.025852025,-0.006809831,0.010361522,-0.149970526,0.006754711,0.002779849,-0.161580235,-0.149696395,-0.141633421,-0.153517261,0.141633421,0.153517261,0.161580235,0.149696395,0.014264381,0.002088063,0.000555399
38.05249,0.966458065,-0.25682447,0,0,-0.519470043,0,0,0.96436733,-0.264565021,-0.000971583,-0.000240054,-0.535506013,-0.002000948,5.11E-05,-0.015288592,-0.008411704,0.004810839,-0.150604828,0.00760056,0.002233996,-0.159505054,-0.145995632,-0.140435934,-0.153945357,0.140435934,0.153945357,0.159505054,0.145995632,0.01603597,0.002000948,0.0000511
38.10122991,0.966569135,-0.256406138,0,0,-0.51860439,0,0,0.964281201,-0.264878988,-0.001037634,-9.70E-05,-0.536157467,-0.002052553,0.000362538,-0.01346469,-0.007435679,0.005645305,-0.151303551,0.008909611,0.003283485,-0.160439342,-0.145238236,-0.140770242,-0.155971348,0.140770242,0.155971348,0.160439342,0.145238236,0.017553077,0.002052553,0.000362538
38.15036011,0.966690505,-0.255948174,0,0,-0.517656843,0,0,0.964205027,-0.265155673,-0.001091955,3.73E-05,-0.536731733,-0.002085953,0.000651028,-0.008173288,-0.000734627,0.005216151,-0.151732994,0.007278153,0.003273408,-0.163496614,-0.145677403,-0.139110431,-0.156929642,0.139110431,0.156929642,0.163496614,0.145677403,0.01907489,0.002085953,0.000651028
38.20753003,0.966822099,-0.255450637,0,0,-0.516627552,0,0,0.964165688,-0.265298843,-0.001077904,0.000206474,-0.537028962,-0.001969003,0.000970085,-0.004826486,-0.004498661,0.008424372,-0.151811388,0.00836142,0.002527628,-0.162284523,-0.14772822,-0.141181409,-0.155737698,0.141181409,0.155737698,0.162284523,0.14772822,0.02040141,0.001969003,0.000970085
38.25373006,0.966915469,-0.255096992,0,0,-0.515896025,0,0,0.964177549,-0.265255541,-0.001083187,0.000291645,-0.536939311,-0.001934049,0.001137039,0.006947667,-0.00051111,0.003234297,-0.153963627,0.0074246,0.003406878,-0.1627004,-0.145977572,-0.140922308,-0.157645136,0.140922308,0.157645136,0.1627004,0.145977572,0.021043286,0.001934049,0.001137039
38.30141998,0.967013321,-0.254725806,0,0,-0.51512829,0,0,0.964209557,-0.265138835,-0.001116019,0.000315717,-0.536697372,-0.001984736,0.001200638,0.007241219,-0.001370907,0.005111844,-0.153663794,0.007705356,0.003059768,-0.164795071,-0.14994587,-0.14313212,-0.157981306,0.14313212,0.157981306,0.164795071,0.14994587,0.021569082,0.001984736,0.001200638
38.35238004,0.967115629,-0.2543371,0,0,-0.514324402,0,0,0.964256525,-0.264968038,-0.001132023,0.000337765,-0.536343159,-0.002004129,0.001251287,0.001675636,0.004393608,0.005128235,-0.153398664,0.008352761,0.003845993,-0.164428875,-0.149018183,-0.142898634,-0.15830934,0.142898634,0.15830934,0.164428875,0.149018183,0.022018757,0.002004129,0.001251287
38.40232993,0.967277381,-0.253721239,0,0,-0.513050906,0,0,0.96426177,-0.264948875,-0.001103381,0.000350319,-0.536303394,-0.001942263,0.001260281,0.004491955,0.004195422,0.00378117,-0.151746376,0.006176205,0.003230247,-0.165597379,-0.148891866,-0.141199887,-0.1579054,0.141199887,0.1579054,0.165597379,0.148891866,0.023252488,0.001942263,0.001260281
38.45050002,0.967448994,-0.253066086,0,0,-0.511696393,0,0,0.964271188,-0.264914751,-0.001103035,0.000312653,-0.536232536,-0.001961598,0.001187386,0.00147447,0.001438707,-0.002354383,-0.150899721,0.006861228,0.004290616,-0.161152795,-0.148800388,-0.1423399,-0.154692292,0.1423399,0.154692292,0.161152795,0.148800388,0.024536143,0.001961598,0.001187386
38.50778008,0.96763036,-0.252371724,0,0,-0.510261077,0,0,0.964283407,-0.264870226,-0.001116409,0.000197071,-0.536140024,-0.002048675,0.000971473,-0.002624094,-0.001230836,0.002356618,-0.14898399,0.007519116,0.00358323,-0.162051529,-0.148329079,-0.139747843,-0.153470293,0.139747843,0.153470293,0.162051529,0.148329079,0.025878947,0.002048675,0.000971473
38.55393005,0.967756633,-0.251887076,0,0,-0.509259421,0,0,0.964262247,-0.264947772,-0.001072002,0.00023746,-0.536300787,-0.001941554,0.001025999,-0.002244115,0.003569573,0.002802164,-0.148434578,0.006196914,0.003465203,-0.160086304,-0.145048082,-0.137881622,-0.152919844,0.137881622,0.152919844,0.160086304,0.145048082,0.027041366,0.001941554,0.001025999
38.60148001,0.967887156,-0.251385068,0,0,-0.508222024,0,0,0.964250982,-0.26498878,-0.001046311,0.000262302,-0.536385841,-0.001878798,0.001060374,0.000102073,-0.000248849,0.000856072,-0.148366358,0.007211505,0.003760965,-0.158096656,-0.145702839,-0.138772428,-0.151166245,0.138772428,0.151166245,0.158096656,0.145702839,0.028163817,0.001878798,0.001060374
38.65268994,0.968021894,-0.250865728,0,0,-0.507148957,0,0,0.964348376,-0.264633685,-0.001124618,0.000189747,-0.535649421,-0.002068621,0.00096119,0.009868294,0.000216812,-0.00025779,-0.149232838,0.008030885,0.004062923,-0.159338787,-0.144915789,-0.137393862,-0.15181686,0.137393862,0.15181686,0.159338787,0.144915789,0.028500464,0.002068621,0.00096119
38.70213008,0.968160807,-0.250329086,0,0,-0.506040297,0,0,0.964400232,-0.264444739,-0.001114802,0.000212988,-0.535257579,-0.002037585,0.001000422,0.013773888,-0.000958145,-0.001676381,-0.150415237,0.007573779,0.004344776,-0.161326602,-0.145264849,-0.137139007,-0.15320076,0.137139007,0.15320076,0.161326602,0.145264849,0.029217282,0.002037585,0.001000422
38.75079012,0.968376924,-0.249491748,0,0,-0.504310741,0,0,0.964491189,-0.26411292,-0.00108149,0.000197451,-0.534569384,-0.001981877,0.000952152,0.02186075,0.003207475,0.001028925,-0.151007885,0.00648005,0.003949846,-0.162333757,-0.147186205,-0.138496652,-0.153644204,0.138496652,0.153644204,0.162333757,0.147186205,0.030258643,0.001981877,0.000952152
38.80439997,0.96867933,-0.248315032,0,0,-0.501880835,0,0,0.96462971,-0.263606608,-0.001076879,0.000159278,-0.533519474,-0.001993606,0.000875035,0.033005327,-0.002090633,-0.00128895,-0.153036199,0.007966595,0.004434202,-0.16143775,-0.148477659,-0.140577957,-0.153538048,0.140577957,0.153538048,0.16143775,0.148477659,0.031638639,0.001993606,0.000875035
38.88526011,0.968916639,-0.247387442,0,0,-0.500613004,0,0,0.965055168,-0.262044907,-0.001097778,-8.12E-05,-0.530281816,-0.002161366,0.000418701,0.034881387,0.002085418,-0.00230223,-0.153278637,0.007167361,0.005463384,-0.165436953,-0.149503782,-0.140635371,-0.156568557,0.140635371,0.156568557,0.165436953,0.149503782,0.029668812,0.002161366,0.000418701
38.90623999,0.968997714,-0.247069688,0,0,-0.499310037,0,0,0.965243995,-0.261348575,-0.001066003,-0.000182151,-0.528838624,-0.002153117,0.000205557,0.040330745,0.002080947,0.000367314,-0.152149649,0.006777298,0.004883921,-0.16590935,-0.151574627,-0.140647858,-0.154982582,0.140647858,0.154982582,0.16590935,0.151574627,0.029528587,0.002153117,0.000205557
38.95161009,0.969246775,-0.246090813,0,0,-0.497289911,0,0,0.965442777,-0.260613114,-0.001061855,-0.000337772,-0.527314589,-0.002226377,-9.87E-05,0.039307028,9.02E-05,-0.007259846,-0.153144089,0.006581915,0.005425069,-0.163810834,-0.150256246,-0.140488401,-0.154042989,0.140488401,0.154042989,0.163810834,0.150256246,0.030024678,0.002226377,0.0000987
39.00608993,0.969504472,-0.245073621,0,0,-0.495191256,0,0,0.965671659,-0.25976342,-0.001013316,-0.000516375,-0.525554212,-0.002225333,-0.000470854,0.031728297,0.005974621,-0.004513561,-0.152785621,0.007188305,0.006016616,-0.16515103,-0.15198721,-0.141137078,-0.154300898,0.141137078,0.154300898,0.16515103,0.15198721,0.030362956,0.002225333,0.000470854
39.05996991,0.969680987,-0.24437427,0,0,-0.49374869,0,0,0.965801299,-0.259280592,-0.000990802,-0.000649972,-0.524554042,-0.002250888,-0.000741699,0.022486595,0.00649169,-0.001342594,-0.148295897,0.00511625,0.005232127,-0.165990502,-0.151613906,-0.139580667,-0.153957278,0.139580667,0.153957278,0.165990502,0.151613906,0.030805352,0.002250888,0.000741699
39.1059599,0.96986122,-0.243657987,0,0,-0.492271471,0,0,0.965913713,-0.258861482,-0.000948751,-0.000727916,-0.523686017,-0.002209685,-0.000915021,0.020844489,0.002641231,-0.004543365,-0.147387981,0.00604045,0.005823605,-0.158644244,-0.148411751,-0.137947485,-0.148179978,0.137947485,0.148179978,0.158644244,0.148411751,0.031414546,0.002209685,0.000915021
39.16351009,0.97004512,-0.242924815,0,0,-0.490759702,0,0,0.966029942,-0.258427113,-0.000975056,-0.000837082,-0.522786437,-0.002316518,-0.001113334,0.020695478,0.001657754,-0.000485778,-0.146325323,0.006294584,0.00524746,-0.159252003,-0.14717111,-0.1355239,-0.147604793,0.1355239,0.147604793,0.159252003,0.14717111,0.032026735,0.002316518,0.001113334
39.21253992,0.970327735,-0.24179348,0,0,-0.488427502,0,0,0.966280401,-0.257488698,-0.000968928,-0.000950664,-0.520843617,-0.002362085,-0.001338244,0.025775284,0.002605468,0.001125783,-0.144987092,0.00644323,0.005886642,-0.157867327,-0.145278171,-0.134783253,-0.14737241,0.134783253,0.14737241,0.157867327,0.145278171,0.032416115,0.002362085,0.001338244
39.26950002,0.970716907,-0.240226323,0,0,-0.48519799,0,0,0.966387689,-0.257085532,-0.000964516,-0.001017816,-0.520009046,-0.002387526,-0.001471287,0.023772569,0.000739843,-0.001254678,-0.145265399,0.006021438,0.005111336,-0.157316923,-0.144430473,-0.132657185,-0.14554365,0.132657185,0.14554365,0.157316923,0.144430473,0.034811056,0.002387526,0.001471287
39.32421995,0.970916666,-0.239417685,0,0,-0.483532097,0,0,0.966545582,-0.256491125,-0.000938977,-0.001061138,-0.518778908,-0.002359476,-0.001569604,0.035298616,0.00096187,-0.002838671,-0.146952416,0.006450504,0.005948009,-0.156398132,-0.144355267,-0.134132594,-0.146175459,0.134132594,0.146175459,0.156398132,0.144355267,0.035246811,0.002359476,0.001569604
39.35875011,0.9711198,-0.238592403,0,0,-0.481832269,0,0,0.966737688,-0.255765855,-0.00094553,-0.001151544,-0.517278092,-0.002417211,-0.001742819,0.04275367,0.004860014,-0.00244081,-0.147978545,0.00544027,0.006036547,-0.159350887,-0.146449894,-0.134553879,-0.147454873,0.134553879,0.147454873,0.159350887,0.146449894,0.035445823,0.002417211,0.001742819
39.41709996,0.971326252,-0.237750524,0,0,-0.480098623,0,0,0.967036664,-0.254632145,-0.000922338,-0.0012987,-0.514932759,-0.002445254,-0.002042075,0.055303428,0.003909319,-0.004050136,-0.147017136,0.00543704,0.006031476,-0.158485621,-0.147611544,-0.135548592,-0.146422669,0.135548592,0.146422669,0.158485621,0.147611544,0.034834136,0.002445254,0.002042075
39.47985006,0.971642028,-0.236456698,0,0,-0.477435016,0,0,0.967657149,-0.252262294,-0.000915033,-0.001619304,-0.510032323,-0.002587858,-0.002672217,0.06423071,0.000817329,-0.008572638,-0.151242909,0.00590875,0.006792003,-0.163943619,-0.152126133,-0.138542131,-0.150359616,0.138542131,0.150359616,0.163943619,0.152126133,0.032597307,0.002587858,0.002672217
39.51366997,0.972074135,-0.23467398,0,0,-0.473766337,0,0,0.968009591,-0.250905722,-0.000916802,-0.001766962,-0.50722862,-0.00266163,-0.002960824,0.074756891,-0.003711879,-0.006313621,-0.151075259,0.006457969,0.007682482,-0.165215671,-0.152299747,-0.136934772,-0.149850711,0.136934772,0.149850711,0.165215671,0.152299747,0.033462283,0.00266163,0.002960824
39.56882,0.972294799,-0.233758046,0,0,-0.471882057,0,0,0.968434989,-0.249257162,-0.000927468,-0.001965791,-0.503822787,-0.002776363,-0.003345143,0.06743595,0.00289306,-0.002120435,-0.153039605,0.007702511,0.007495856,-0.168237939,-0.152832925,-0.13784121,-0.153246224,0.13784121,0.153246224,0.168237939,0.152832925,0.03194073,0.002776363,0.003345143
39.60182,0.972294799,-0.233758046,0,0,-0.471882057,0,0,0.968749523,-0.248031005,-0.000903243,-0.002090781,-0.501290691,-0.002787192,-0.003602844,0.060585886,0.001796335,-0.006417931,-0.151310263,0.005795925,0.006954851,-0.168237939,-0.152832925,-0.13784121,-0.153246224,0.13784121,0.153246224,0.168237939,0.152832925,0.029408634,0.002787192,0.003602844
39.66158009,0.972745043,-0.231877298,0,0,-0.468014275,0,0,0.969051123,-0.246848732,-0.000903197,-0.002215073,-0.498849963,-0.002844067,-0.003847156,0.059648614,0.000882894,-0.004546344,-0.148863973,0.006107371,0.007541584,-0.164060995,-0.152469158,-0.138559461,-0.150151297,0.138559461,0.150151297,0.164060995,0.152469158,0.030835688,0.002844067,0.003847156
39.70465994,0.972974498,-0.230912596,0,0,-0.466031046,0,0,0.969301999,-0.245860934,-0.000925453,-0.002303732,-0.496811241,-0.002926887,-0.004010986,0.046787415,0.003302843,-0.001177192,-0.145552672,0.005330417,0.006973268,-0.162512898,-0.150298163,-0.135214984,-0.14742972,0.135214984,0.14742972,0.162512898,0.150298163,0.030780195,0.002926887,0.004010986
39.75156999,0.973323916,-0.229435294,0,0,-0.462994919,0,0,0.969546497,-0.244894356,-0.000919059,-0.002348148,-0.494817044,-0.002932241,-0.004103163,0.037141889,-0.003248453,0.001766533,-0.142373564,0.006961472,0.006404313,-0.157856315,-0.147195488,-0.133248955,-0.143909782,0.133248955,0.143909782,0.157856315,0.147195488,0.031822125,0.002932241,0.004103163
39.82654,0.973799242,-0.227409401,0,0,-0.458833105,0,0,0.969762743,-0.24403666,-0.000915989,-0.002358756,-0.493047939,-0.002927834,-0.004127826,0.018583985,0.00455901,0.002931804,-0.137224837,0.005267666,0.006506525,-0.148998991,-0.138463676,-0.125450626,-0.135985941,0.125450626,0.135985941,0.148998991,0.138463676,0.034214834,0.002927834,0.004127826
39.85142994,0.973799242,-0.227409401,0,0,-0.458833105,0,0,0.969813168,-0.243836343,-0.000900069,-0.002344114,-0.492634915,-0.002888961,-0.004107794,0.020059198,-0.002413988,0.004730374,-0.136524101,0.004684678,0.006096664,-0.148998991,-0.138463676,-0.125450626,-0.135985941,0.125450626,0.135985941,0.148998991,0.138463676,0.03380181,0.002888961,0.004107794
39.91083003,0.974284865,-0.225319777,0,0,-0.454542483,0,0,0.970057011,-0.242864698,-0.000965955,-0.002282571,-0.490631388,-0.002982779,-0.003959282,0.031477958,0.00044927,0.002559274,-0.134925126,0.006639991,0.006164226,-0.147305414,-0.137936056,-0.125742733,-0.135112077,0.125742733,0.135112077,0.147305414,0.137936056,0.036088905,0.002982779,0.003959282
39.95898009,0.974531369,-0.224251222,0,0,-0.452349244,0,0,0.970239341,-0.242135316,-0.000986598,-0.00226733,-0.489127728,-0.003012479,-0.003921952,0.044310834,0.000204891,0.00225082,-0.139515627,0.006152918,0.006211402,-0.147729307,-0.134449333,-0.12212088,-0.135400862,0.12212088,0.135400862,0.147729307,0.134449333,0.036778484,0.003012479,0.003921952
40.00758005,0.974780244,-0.223166924,0,0,-0.450124257,0,0,0.970474482,-0.241191924,-0.000987465,-0.002236939,-0.487183329,-0.002995686,-0.003865473,0.055650625,0.001019984,0.002274662,-0.141208767,0.006028161,0.006221585,-0.151879907,-0.139574081,-0.127151281,-0.139457107,0.127151281,0.139457107,0.151879907,0.139574081,0.037059072,0.002995686,0.003865473
40.05498004,0.97503142,-0.222066949,0,0,-0.447867679,0,0,0.970699966,-0.240283221,-0.000989836,-0.002204858,-0.485310921,-0.002981251,-0.003804853,0.068513304,-0.001102686,0.005205721,-0.142558796,0.006709426,0.005728599,-0.153458476,-0.14140217,-0.128959,-0.141015306,0.128959,0.141015306,0.153458476,0.14140217,0.037443242,0.002981251,0.003804853
40.1029501,0.975412346,-0.220387737,0,0,-0.444423926,0,0,0.971276462,-0.237942487,-0.000904292,-0.00217302,-0.480489926,-0.002790746,-0.00379089,0.095171481,0.001113862,0.004481525,-0.147514145,0.006219049,0.005922242,-0.154996783,-0.141577944,-0.130120739,-0.143539593,0.130120739,0.143539593,0.154996783,0.141577944,0.036066,0.002790746,0.00379089
40.15174008,0.975798055,-0.218673631,0,0,-0.440909993,0,0,0.971745253,-0.236021549,-0.00078445,-0.002131406,-0.476535805,-0.002530689,-0.003772094,0.103395432,0.008591264,0.005849451,-0.149575033,0.004126931,0.005650823,-0.159655407,-0.147217304,-0.135372818,-0.147810921,0.135372818,0.147810921,0.159655407,0.147217304,0.035625812,0.002530689,0.003772094
40.21112013,0.976188303,-0.216924866,0,0,-0.437326436,0,0,0.972765267,-0.23178333,-0.000628399,-0.001986655,-0.467818253,-0.002143518,-0.003573809,0.113647431,-0.000618398,0.007075817,-0.149004505,0.005430057,0.005704641,-0.15935275,-0.151098892,-0.13979724,-0.148051113,0.13979724,0.148051113,0.15935275,0.151098892,0.030491817,0.002143518,0.003573809
40.25654006,0.97645087,-0.215739888,0,0,-0.434898996,0,0,0.973422408,-0.229008839,-0.000564374,-0.001931318,-0.462116093,-0.001983326,-0.003501497,0.116119556,0.005965681,0.004842134,-0.15204552,0.00460285,0.005432804,-0.160139173,-0.149279058,-0.137869775,-0.148729891,0.137869775,0.148729891,0.160139173,0.149279058,0.027217097,0.001983326,0.003501497
40.30230999,0.976715272,-0.214539685,0,0,-0.432441033,0,0,0.973910272,-0.226925477,-0.000483653,-0.001858382,-0.457837079,-0.001785498,-0.003400301,0.09955094,0.004126877,0.001519174,-0.148354462,0.004817595,0.005723455,-0.162081137,-0.152875438,-0.142009839,-0.151215523,0.142009839,0.151215523,0.162081137,0.152875438,0.025396046,0.001785498,0.003400301
40.35009003,0.977115157,-0.212710999,0,0,-0.428697237,0,0,0.974333644,-0.225100517,-0.000536901,-0.001902717,-0.454089959,-0.001902847,-0.003466062,0.086352974,-0.005020201,-0.000432134,-0.14455005,0.007157919,0.005953582,-0.158895478,-0.149260297,-0.137813389,-0.14744857,0.137813389,0.14744857,0.158895478,0.149260297,0.025392722,0.001902847,0.003466062
40.40512991,0.977518756,-0.21084848,0,0,-0.424885745,0,0,0.974687457,-0.223563015,-0.000606848,-0.00198096,-0.450934163,-0.002068715,-0.00359031,0.068721928,0.001300126,-0.005376339,-0.139523758,0.005333945,0.006780826,-0.157661512,-0.143345684,-0.131438524,-0.145754352,0.131438524,0.145754352,0.157661512,0.143345684,0.026048418,0.002068715,0.00359031
40.4505899,0.97765407,-0.210220167,0,0,-0.423600308,0,0,0.975034475,-0.222041696,-0.000806086,-0.002179484,-0.447812136,-0.002539799,-0.003892197,0.055330254,-0.004814567,-0.012218955,-0.136827437,0.007006089,0.008102148,-0.151638493,-0.140970618,-0.127408952,-0.138076842,0.127408952,0.138076842,0.151638493,0.140970618,0.024211828,0.002539799,0.003892197
40.51334,0.978198983,-0.207669809,0,0,-0.418384461,0,0,0.975407362,-0.220389381,-0.00134175,-0.002683305,-0.444420508,-0.003800259,-0.004643267,0.037126992,0.001624972,-0.001913309,-0.131680938,0.009687604,0.008752281,-0.151935637,-0.137923464,-0.121719174,-0.135731339,0.121719174,0.135731339,0.151935637,0.137923464,0.026036047,0.003800259,0.004643267
40.56397009,0.978611239,-0.205718357,0,0,-0.414395417,0,0,0.975510359,-0.21993494,-0.00123259,-0.002599074,-0.443489361,-0.003548069,-0.004528712,0.02372041,3.95E-05,0.006879122,-0.126794842,0.005835451,0.005195355,-0.150120795,-0.13074559,-0.113241032,-0.132616222,0.113241032,0.132616222,0.150120795,0.13074559,0.029093944,0.003548069,0.004528712
40.60402012,0.978749287,-0.20506056,0,0,-0.413051162,0,0,0.975704134,-0.219076559,-0.001074357,-0.002449242,-0.441730597,-0.003169656,-0.004308773,0.03582463,0.009433181,0.013100358,-0.128303618,0.003259932,0.003988035,-0.137825623,-0.126154721,-0.115764014,-0.127434909,0.115764014,0.127434909,0.137825623,0.126154721,0.028679435,0.003169656,0.004308773
40.65231991,0.979026269,-0.203734055,0,0,-0.410340935,0,0,0.975888789,-0.218255788,-0.000843676,-0.002231557,-0.440049624,-0.00262077,-0.003987251,0.05062446,0.010182709,0.018429013,-0.130388766,0.002948643,0.002824364,-0.135551557,-0.129031688,-0.121055625,-0.127575487,0.121055625,0.127575487,0.135551557,0.129031688,0.029708689,0.00262077,0.003987251
40.70262003,0.979304367,-0.202393075,0,0,-0.407601908,0,0,0.976134658,-0.21715799,-0.000523577,-0.00188463,-0.437801678,-0.001840688,-0.00345192,0.068186969,0.016521662,0.023663791,-0.132388352,0.001081322,0.001530008,-0.136161745,-0.130264461,-0.124615729,-0.130513012,0.124615729,0.130513012,0.136161745,0.130264461,0.03019977,0.001840688,0.00345192
40.75185013,0.979583504,-0.201037704,0,0,-0.404834274,0,0,0.976436555,-0.215799764,-0.000222085,-0.001542764,-0.435020501,-0.00109956,-0.002916976,0.074086338,0.004541129,0.014532358,-0.132147627,0.004010413,0.002571736,-0.134999648,-0.132837012,-0.129776999,-0.131939635,0.129776999,0.131939635,0.134999648,0.132837012,0.030186227,0.00109956,0.002916976
40.80912996,0.980285379,-0.197586881,0,0,-0.397791315,0,0,0.97739619,-0.21141389,0.000274299,-0.001002641,-0.426042945,0.000112253,-0.002075938,0.120569021,0.014489145,0.015006214,-0.138553633,0.002171826,0.001568527,-0.14229396,-0.137950301,-0.134813249,-0.139156893,0.134813249,0.139156893,0.14229396,0.137950301,0.02825163,0.000112253,0.002075938
40.85265995,0.980567536,-0.196181824,0,0,-0.3949251,0,0,0.977909505,-0.209027231,0.000614715,-0.000746096,-0.421161117,0.000890363,-0.001716213,0.12729542,0.012182444,0.018896909,-0.140249288,0.001191829,0.001952658,-0.14229396,-0.137950301,-0.134813249,-0.139156893,0.134813249,0.139156893,0.14229396,0.137950301,0.026236017,0.000890363,0.001716213
40.91244007,0.980850378,-0.194762771,0,0,-0.392031167,0,0,0.978450477,-0.206479937,0.000980473,-0.000472772,-0.415953288,0.001723453,-0.001330065,0.137687474,0.013595075,0.01982078,-0.14473723,0.000761358,0.000334587,-0.14583315,-0.14431043,-0.143641248,-0.145163968,0.143641248,0.145163968,0.14583315,0.14431043,0.023922121,0.001723453,0.001330065
40.94989992,0.981133825,-0.193329813,0,0,-0.389109721,0,0,0.979019344,-0.203762725,0.001400915,-0.000189856,-0.41040115,0.002665678,-0.000942657,0.143123433,0.018741935,0.019193443,-0.145621109,-0.001074864,4.34E-06,-0.14583315,-0.14431043,-0.143641248,-0.145163968,0.143641248,0.145163968,0.14583315,0.14431043,0.021291429,0.002665678,0.000942657
41.00098992,0.9814178,-0.191883041,0,0,-0.386160965,0,0,0.979722559,-0.200349584,0.001994985,0.000168055,-0.403431155,0.003976412,-0.000470098,0.141995415,0.017487258,0.019457191,-0.144694354,-0.00147351,-0.000688732,-0.144550562,-0.146700278,-0.146691591,-0.144541875,0.146691591,0.144541875,0.144550562,0.146700278,0.01727019,0.003976412,0.000470098
41.05011011,0.981702222,-0.19042255,0,0,-0.383185108,0,0,0.98025763,-0.197708577,0.002521817,0.000481801,-0.39804101,0.005134595,-5.26E-05,0.129074603,0.028450044,0.022769721,-0.140795563,-0.005158978,-0.001856379,-0.14253208,-0.145479098,-0.146856561,-0.143909544,0.146856561,0.143909544,0.14253208,0.145479098,0.014855902,0.005134595,0.0000526
41.10861993,0.982414709,-0.186711916,0,0,-0.375628267,0,0,0.981151998,-0.193218023,0.002716815,0.000332541,-0.388884416,0.005459751,-0.000397334,0.09929166,0.000729412,-0.008395314,-0.137125201,0.001620992,0.003588355,-0.133780181,-0.144098133,-0.147810891,-0.13749294,0.147810891,0.13749294,0.133780181,0.144098133,0.013256149,0.005459751,0.000397334
41.15237999,0.982700067,-0.185204153,0,0,-0.37255921,0,0,0.981592536,-0.190967709,0.002752941,2.07E-05,-0.384299989,0.005412481,-0.001010734,0.091538578,0.002690405,-0.011941791,-0.132895872,0.00155606,0.003267176,-0.142334521,-0.139092535,-0.131915823,-0.135157809,0.131915823,0.135157809,0.142334521,0.139092535,0.011740779,0.005412481,0.001010734
41.20317007,0.982985513,-0.183683102,0,0,-0.369464004,0,0,0.981885195,-0.189456299,0.002831879,-0.000237111,-0.381222484,0.005471342,-0.001538689,0.071678318,0.003515929,-0.013726951,-0.127199069,0.000212163,0.00463652,-0.13771908,-0.134606957,-0.128072605,-0.131184727,0.128072605,0.131184727,0.13771908,0.134606957,0.01175848,0.005471342,0.001538689
41.25012994,0.983270965,-0.182148864,0,0,-0.366342869,0,0,0.982123077,-0.188221946,0.002509684,-0.000879622,-0.378710279,0.004598524,-0.002672581,0.06072446,-0.01461506,-0.036817782,-0.123954674,0.005150972,0.009329299,-0.132047728,-0.131623402,-0.122350357,-0.122774683,0.122350357,0.122774683,0.132047728,0.131623402,0.01236741,0.004598524,0.002672581
41.30018998,0.983556346,-0.180601537,0,0,-0.363196022,0,0,0.982336104,-0.187106416,0.002140727,-0.001643354,-0.376439984,0.00359087,-0.004029775,0.05917326,-0.004678965,-0.037646297,-0.122440933,0.002728473,0.010489617,-0.138434917,-0.128132984,-0.109474376,-0.119776316,0.109474376,0.119776316,0.138434917,0.128132984,0.013243962,0.00359087,0.004029775
41.35036993,0.983984104,-0.17825623,0,0,-0.358428027,0,0,0.98266089,-0.185385406,0.001726969,-0.002653511,-0.372937015,0.002410207,-0.005855361,0.064442314,-0.005224346,-0.031048061,-0.121852355,0.003164535,0.010677406,-0.135658994,-0.130202055,-0.109222822,-0.114679761,0.109222822,0.114679761,0.135658994,0.130202055,0.014508988,0.002410207,0.005855361
41.40851999,0.984411247,-0.175882051,0,0,-0.353603432,0,0,0.983182013,-0.182584018,0.001402449,-0.00382295,-0.367236497,0.001361706,-0.008029532,0.082581498,-0.006110966,-0.036644939,-0.120678582,0.002749718,0.010718368,-0.135694265,-0.129365206,-0.108010389,-0.114339456,0.108010389,0.114339456,0.135694265,0.129365206,0.013633065,0.001361706,0.008029532
41.46018005,0.984837506,-0.173479354,0,0,-0.348722999,0,0,0.983497322,-0.180865005,0.001071039,-0.004482137,-0.363737851,0.000485405,-0.009203894,0.093788661,-0.004649162,-0.027680399,-0.121918122,0.00361366,0.013196524,-0.138728276,-0.131500959,-0.105107911,-0.112335227,0.105107911,0.112335227,0.138728276,0.131500959,0.015014852,0.000485405,0.009203894
41.50148011,0.985262611,-0.171048495,0,0,-0.343787498,0,0,0.983943522,-0.178406224,0.000828189,-0.005064603,-0.358736771,-0.000177331,-0.010262255,0.108445436,-0.002250076,-0.017531218,-0.127631509,0.003182242,0.011620951,-0.142434672,-0.136070192,-0.112828292,-0.119192772,0.112828292,0.119192772,0.142434672,0.136070192,0.014949273,0.000177331,0.010262255
41.55041004,0.985404009,-0.170232013,0,0,-0.342130228,0,0,0.984343588,-0.176179513,0.000785007,-0.005303955,-0.354211156,-0.000323464,-0.010718636,0.122513629,-0.000613928,-0.005310774,-0.128978096,0.002843469,0.009858358,-0.142434672,-0.136070192,-0.112828292,-0.119192772,0.112828292,0.119192772,0.142434672,0.136070192,0.012080928,0.000323464,0.010718636
41.60057998,0.985686292,-0.168589839,0,0,-0.338797709,0,0,0.984789252,-0.173669964,0.000827945,-0.00533279,-0.349113992,-0.000221588,-0.010791134,0.131895393,0.00377819,0.002730638,-0.129426754,0.001655914,0.008517075,-0.141679898,-0.135992959,-0.116276242,-0.121963173,0.116276242,0.121963173,0.141679898,0.135992959,0.010316283,0.000221588,0.010791134
41.65502,0.986248522,-0.16526903,0,0,-0.332061573,0,0,0.98525089,-0.171032205,0.000831574,-0.005309009,-0.343758455,-0.000177406,-0.010746069,0.1335226,-0.003153086,0.000279397,-0.130177431,0.003473561,0.008846153,-0.139599711,-0.136287883,-0.11925374,-0.12256556,0.11925374,0.12256556,0.139599711,0.136287883,0.011696882,0.000177406,0.010746069
41.70764995,0.986528312,-0.163590619,0,0,-0.328658428,0,0,0.986264527,-0.165098727,0.00070307,-0.004936287,-0.331719144,-0.000243123,-0.009969286,0.131087765,-0.005894899,0.008556993,-0.128445991,0.003177658,0.006536466,-0.142497107,-0.135549992,-0.117857687,-0.12480481,0.117857687,0.12480481,0.142497107,0.135549992,0.003060716,0.000243123,0.009969286
41.75311995,0.986946116,-0.161050809,0,0,-0.323510537,0,0,0.986647487,-0.162797078,0.000492614,-0.00487959,-0.327050699,-0.000616693,-0.009789418,0.112577528,-0.015637277,0.00289455,-0.127018652,0.004331919,0.006834445,-0.13816008,-0.131804779,-0.118731841,-0.125087157,0.118731841,0.125087157,0.13816008,0.131804779,0.003540162,0.000616693,0.009789418
41.80360008,0.987361431,-0.158484713,0,0,-0.31831156,0,0,0.987000287,-0.160647884,0.000287942,-0.00476727,-0.322693171,-0.000963306,-0.009503254,0.10763482,-0.013643501,0.004988164,-0.122368238,0.006679931,0.007075973,-0.13818498,-0.129521146,-0.115852267,-0.1245161,0.115852267,0.1245161,0.13818498,0.129521146,0.004381611,0.000963306,0.009503254
41.85059,0.98749927,-0.157623573,0,0,-0.316567356,0,0,0.987391949,-0.158222452,-0.000143549,-0.004794034,-0.317775506,-0.001800527,-0.009421908,0.090876959,-0.016184149,-0.001402199,-0.118119415,0.007704757,0.008145528,-0.136124104,-0.12276426,-0.108612314,-0.121972166,0.108612314,0.121972166,0.136124104,0.12276426,0.00120815,0.001800527,0.009421908
41.90958,0.988047374,-0.154150534,0,0,-0.309535306,0,0,0.987671554,-0.156467885,-0.00048173,-0.00475733,-0.314219252,-0.002440322,-0.009246767,0.088272251,-0.019899013,-0.000344217,-0.115610955,0.009079405,0.007911204,-0.133969665,-0.118560165,-0.102269106,-0.117678612,0.102269106,0.117678612,0.133969665,0.118560165,0.004683946,0.002440322,0.009246767
41.96089006,0.988319338,-0.152397133,0,0,-0.305986571,0,0,0.987929881,-0.154822767,-0.000939647,-0.004873834,-0.310884225,-0.003365777,-0.009339241,0.083648421,-0.01870543,-0.010973215,-0.111652761,0.009228859,0.009908855,-0.132601529,-0.114442736,-0.098620325,-0.116779126,0.098620325,0.116779126,0.132601529,0.114442736,0.004897654,0.003365777,0.009339241
42.00425005,0.988589808,-0.150632637,0,0,-0.302416361,0,0,0.988366067,-0.152002305,-0.001673638,-0.005013645,-0.305169167,-0.004832524,-0.009402087,0.081481792,-0.023157895,-0.008875133,-0.110465964,0.009686416,0.0088742,-0.130790442,-0.112332739,-0.092515029,-0.110972732,0.092515029,0.110972732,0.130790442,0.112332739,0.002752806,0.004832524,0.009402087
42.05772996,0.988992545,-0.147965355,0,0,-0.297021327,0,0,0.988832653,-0.148941711,-0.001857706,-0.004787693,-0.298977154,-0.005100117,-0.008915309,0.100954629,0.003283471,0.021991879,-0.111302326,0.010619085,0.009644106,-0.129026547,-0.109653726,-0.091905326,-0.111278147,0.091905326,0.111278147,0.129026547,0.109653726,0.001955827,0.005100117,0.008915309
42.10835004,0.989391492,-0.145273793,0,0,-0.291579391,0,0,0.989125907,-0.146995291,-0.001659395,-0.004444488,-0.295044011,-0.004589353,-0.008304651,0.1026012,0.009284169,0.019171091,-0.112953593,0.002909831,0.004548097,-0.131565481,-0.110327326,-0.091039114,-0.112277277,0.091039114,0.112277277,0.131565481,0.110327326,0.00346462,0.004589353,0.008304651
42.15330005,0.989523589,-0.144371282,0,0,-0.289755138,0,0,0.989441276,-0.144871399,-0.001413329,-0.004045484,-0.290753594,-0.003968972,-0.007596167,0.111497194,0.014661998,0.026633592,-0.114292124,0.001156362,0.002469829,-0.120411493,-0.114591837,-0.105495639,-0.111315303,0.105495639,0.111315303,0.120411493,0.114591837,0.000998456,0.003968972,0.007596167
42.20361996,0.98991709,-0.141647998,0,0,-0.284252002,0,0,0.989863336,-0.141978279,-0.001002147,-0.003474303,-0.284911342,-0.002970531,-0.006593678,0.124657907,0.017339736,0.030776115,-0.115462927,8.41E-05,0.000990233,-0.11791829,-0.11560557,-0.11066591,-0.11297863,0.11066591,0.11297863,0.11791829,0.11560557,0.00065934,0.002970531,0.006593678
42.26131011,0.990306214,-0.138901415,0,0,-0.27870398,0,0,0.99022311,-0.139460057,-0.000583522,-0.002988307,-0.2798278,-0.001989134,-0.005755468,0.128068775,0.021652134,0.030361861,-0.113381844,-0.001539349,0.00036691,-0.116537273,-0.116368994,-0.114388533,-0.114556812,0.114388533,0.114556812,0.116537273,0.116368994,0.00112382,0.001989134,0.005755468
42.30127001,0.990563075,-0.137057629,0,0,-0.274980793,0,0,0.990588605,-0.136852369,-9.10E-05,-0.002424849,-0.274565132,-0.000843935,-0.004779173,0.132311136,0.01898185,0.03510341,-0.115448641,-0.001344497,-0.001257447,-0.11220938,-0.115288079,-0.114554256,-0.111475565,0.114554256,0.111475565,0.11220938,0.115288079,0.000415661,0.000843935,0.004779173
42.35628009,0.990817809,-0.135203806,0,0,-0.271238308,0,0,0.991280913,-0.131756142,0.000770807,-0.001494534,-0.264282841,0.001134343,-0.00316613,0.132266447,0.011513382,0.018223377,-0.110804956,-0.003653926,-0.002394674,-0.112846673,-0.115535662,-0.11805056,-0.115361564,0.11805056,0.115361564,0.112846673,0.115535662,0.006955467,0.001134343,0.00316613
42.40436006,0.991195762,-0.132404537,0,0,-0.265588969,0,0,0.99170202,-0.128548533,0.001098242,-0.001212114,-0.257813275,0.001866626,-0.002686473,0.131957978,0.012759119,0.013305993,-0.111849408,-0.000417619,0.000263118,-0.104756333,-0.112064183,-0.116853528,-0.109545685,0.116853528,0.109545685,0.104756333,0.112064183,0.007775694,0.001866626,0.002686473
42.45025993,0.991568524,-0.129583419,0,0,-0.259897691,0,0,0.992033303,-0.125964418,0.001400433,-0.001035746,-0.252603264,0.00251762,-0.002407809,0.131263584,0.01290068,0.014469774,-0.112210558,-0.001629439,0.000158632,-0.11169488,-0.11253012,-0.112003885,-0.111168645,0.112003885,0.111168645,0.11169488,0.11253012,0.007294427,0.00251762,0.002407809
42.50994993,0.99181403,-0.127690755,0,0,-0.256080649,0,0,0.992356122,-0.123392873,0.001760109,-0.00090725,-0.247420419,0.003269418,-0.002235013,0.126446053,0.018418578,0.008956343,-0.109287579,-0.003648602,0.000853555,-0.11073973,-0.113998599,-0.113681339,-0.110422462,0.113681339,0.110422462,0.11073973,0.113998599,0.00866023,0.003269418,0.002235013
42.5504601,0.992177615,-0.124834213,0,0,-0.250321471,0,0,0.992670774,-0.120828897,0.002136792,-0.000817931,-0.24225466,0.004044613,-0.002140264,0.136169046,0.017444044,0.007764251,-0.109465542,-0.003842952,0.000903921,-0.106492512,-0.113789707,-0.112082601,-0.104785398,0.112082601,0.104785398,0.106492512,0.113789707,0.008066811,0.004044613,0.002140264
42.6033001,0.992535382,-0.121957019,0,0,-0.244522765,0,0,0.993068457,-0.117509656,0.002463547,-0.000885282,-0.235569825,0.004684898,-0.0023373,0.135447845,0.005391985,-0.001995266,-0.108826282,-0.001136862,0.002559302,-0.106526487,-0.114212386,-0.112404548,-0.104718648,0.112404548,0.104718648,0.106526487,0.114212386,0.00895294,0.004684898,0.0023373
42.64982009,0.992653306,-0.120993444,0,0,-0.242581237,0,0,0.993380308,-0.114837468,0.002649871,-0.000976912,-0.230190107,0.005040309,-0.002549534,0.133525595,0.013291091,-0.004558266,-0.106494146,-0.003586092,0.003067502,-0.1102487,-0.112522423,-0.107403815,-0.105130099,0.107403815,0.105130099,0.1102487,0.112522423,0.01239113,0.005040309,0.002549534
42.71011997,0.993118118,-0.117117048,0,0,-0.234772903,0,0,0.993969202,-0.109608643,0.003207795,-0.001033827,-0.219668338,0.006150304,-0.002758444,0.130072996,0.010424109,-0.00153184,-0.104838727,-0.003993159,0.001742076,-0.105975531,-0.113147713,-0.107012711,-0.099840529,0.107012711,0.099840529,0.105975531,0.113147713,0.015104565,0.006150304,0.002758444
42.75549007,0.99345927,-0.114187032,0,0,-0.22887328,0,0,0.994389713,-0.105717599,0.003373664,-0.001307994,-0.211843065,0.00643296,-0.003314696,0.126936302,0.006971508,-0.011008977,-0.104988063,-0.003107405,0.004352233,-0.102587625,-0.110573933,-0.107089788,-0.099103473,0.107089788,0.099103473,0.102587625,0.110573933,0.017030215,0.00643296,0.003314696
42.80054999,0.993571524,-0.113206124,0,0,-0.226898662,0,0,0.994640231,-0.103327379,0.003481707,-0.001544658,-0.207038272,0.006606927,-0.003792361,0.119496137,0.008497388,-0.008584559,-0.102350132,-0.003790929,0.004160446,-0.106232867,-0.112447672,-0.10374321,-0.097528405,0.10374321,0.097528405,0.106232867,0.112447672,0.01986039,0.006606927,0.003792361
42.8506701,0.993793788,-0.111238063,0,0,-0.222937516,0,0,0.994876385,-0.101024285,0.003415569,-0.001924361,-0.202409848,0.006407365,-0.00451922,0.108491637,-0.002230704,-0.01819581,-0.096913515,-0.001050419,0.006228332,-0.102719627,-0.11030148,-0.101980589,-0.094398737,0.101980589,0.094398737,0.102719627,0.11030148,0.020527668,0.006407365,0.00451922
42.90061999,0.994013009,-0.109261788,0,0,-0.218960724,0,0,0.99509877,-0.098801434,0.003373307,-0.002361919,-0.197944204,0.006246864,-0.00536739,0.112394251,0.000100583,-0.018231569,-0.096623546,-0.001705055,0.006789411,-0.102091409,-0.104192242,-0.091735579,-0.089634746,0.091735579,0.089634746,0.102091409,0.104192242,0.02101652,0.006246864,0.00536739
42.94979001,0.994229124,-0.107277443,0,0,-0.214968564,0,0,0.995359063,-0.096130177,0.003278512,-0.002964756,-0.192579029,0.005956623,-0.006532483,0.108385839,-0.003904104,-0.029484924,-0.093820038,-0.000703625,0.009467648,-0.101707883,-0.105117992,-0.091539167,-0.088129058,0.091539167,0.088129058,0.101707883,0.105117992,0.022389535,0.005956623,0.006532483
43.00682998,0.994651792,-0.103285107,0,0,-0.206939264,0,0,0.99573642,-0.092105933,0.002942839,-0.004114066,-0.184497969,0.005102745,-0.00873538,0.096262254,-0.009562076,-0.027996298,-0.091164441,-0.000638929,0.009667741,-0.102584042,-0.103991292,-0.085055992,-0.083648741,0.085055992,0.083648741,0.102584042,0.103991292,0.022441295,0.005102745,0.00873538
43.05585003,0.99496019,-0.100270732,0,0,-0.200879041,0,0,0.995921135,-0.090064719,0.002628112,-0.004774575,-0.180398357,0.004374757,-0.009983859,0.107450038,-0.014290214,-0.029541554,-0.09209654,0.002529254,0.011755815,-0.100193232,-0.101471089,-0.08213561,-0.080857754,0.08213561,0.080857754,0.100193232,0.101471089,0.020480684,0.004374757,0.009983859
43.1033299,0.995260996,-0.09723965,0,0,-0.194787096,0,0,0.99614352,-0.087534383,0.002333903,-0.005527977,-0.175317287,0.003682036,-0.011422235,0.110917538,-0.012622775,-0.030951202,-0.091822803,0.002332382,0.012976666,-0.106381588,-0.101323083,-0.07781145,-0.082869954,0.07781145,0.082869954,0.106381588,0.101323083,0.019469809,0.003682036,0.011422235
43.15069008,0.995359544,-0.096225662,0,0,-0.192749565,0,0,0.996315837,-0.085517466,0.002145925,-0.006077483,-0.171267847,0.003236582,-0.012477602,0.098551072,-0.010095537,-0.034284595,-0.085767462,0.00170496,0.014219003,-0.107131831,-0.102467068,-0.076513737,-0.081178494,0.076513737,0.081178494,0.107131831,0.102467068,0.021481718,0.003236582,0.012477602
43.20602012,0.995744946,-0.092152063,0,0,-0.18456598,0,0,0.996479273,-0.083545759,0.001812794,-0.00677474,-0.167307758,0.002480825,-0.01380516,0.094980754,-0.00833869,-0.036919113,-0.083713461,0.001512606,0.015567938,-0.101691402,-0.098281488,-0.069843479,-0.073253401,0.069843479,0.073253401,0.101691402,0.098281488,0.017258222,0.002480825,0.01380516
43.25933004,0.995932277,-0.090104933,0,0,-0.180454613,0,0,0.996843219,-0.078957327,0.001252829,-0.0082448,-0.158094635,0.001195774,-0.016636163,0.105125464,-0.009465218,-0.033663213,-0.081855654,-3.36E-05,0.015460541,-0.100793988,-0.097768776,-0.066632897,-0.069658108,0.066632897,0.069658108,0.100793988,0.097768776,0.022359978,0.001195774,0.016636163
43.30517006,0.996115958,-0.088051115,0,0,-0.176330581,0,0,0.996999502,-0.076881409,0.000947568,-0.008960349,-0.153925571,0.000511681,-0.018013606,0.10506139,-0.013694167,-0.031520426,-0.081456578,0.002361674,0.016913954,-0.097282536,-0.097349815,-0.066428736,-0.066361457,0.066428736,0.066361457,0.097282536,0.097349815,0.02240501,0.000511681,0.018013606
43.35022998,0.996295935,-0.085990758,0,0,-0.172194174,0,0,0.997150779,-0.074816406,0.000729013,-0.009604486,-0.149779885,1.67E-05,-0.019264518,0.103711337,-0.007100404,-0.026936831,-0.081828127,0.002172222,0.017479715,-0.100732185,-0.096008845,-0.062180933,-0.066904277,0.062180933,0.066904277,0.100732185,0.096008845,0.022414289,0.0000167,0.019264518
43.40140009,0.996558845,-0.082888289,0,0,-0.165966994,0,0,0.997302949,-0.072683923,0.000481124,-0.010197432,-0.145498382,-0.000522726,-0.020411211,0.101690747,-0.01555532,-0.030355155,-0.080188232,0.004640284,0.018813769,-0.101480044,-0.097135603,-0.062176175,-0.066520616,0.062176175,0.066520616,0.101480044,0.097135603,0.020468612,0.000522726,0.020411211
43.4510901,0.99681314,-0.079771954,0,0,-0.159713606,0,0,0.997527182,-0.069407441,0.00010541,-0.011056438,-0.138920456,-0.001324499,-0.022074637,0.109333552,-0.006566942,-0.023965538,-0.078864282,0.00265448,0.018832915,-0.103642263,-0.0943617,-0.056734163,-0.066014729,0.056734163,0.066014729,0.103642263,0.0943617,0.02079315,0.001324499,0.022074637
43.5067699,0.997058656,-0.076642267,0,0,-0.153434998,0,0,0.997671902,-0.067221195,-1.96E-05,-0.011495874,-0.134534572,-0.001584556,-0.022937631,0.110302143,-0.002004206,-0.017550588,-0.077798742,0.001542399,0.018276714,-0.100351654,-0.095042698,-0.057376869,-0.062685825,0.057376869,0.062685825,0.100351654,0.095042698,0.018900426,0.001584556,0.022937631
43.55304003,0.997217378,-0.074548645,0,0,-0.149235737,0,0,0.997814834,-0.064981252,-0.000270453,-0.011964137,-0.130038481,-0.002094613,-0.023843144,0.116794571,-0.018146634,-0.020708149,-0.076967542,0.006159276,0.019417292,-0.097617835,-0.094533041,-0.05797961,-0.061064407,0.05797961,0.061064407,0.097617835,0.094533041,0.019197256,0.002094613,0.023843144
43.60466004,0.997372084,-0.072449471,0,0,-0.145026002,0,0,0.998139381,-0.059687376,-0.000553394,-0.012453461,-0.119422896,-0.002591359,-0.024797138,0.122351222,0.002049655,0.000890344,-0.074974655,0.002450038,0.018243367,-0.102544092,-0.090225548,-0.051390961,-0.063709505,0.051390961,0.063709505,0.102544092,0.090225548,0.025603106,0.002591359,0.024797138
43.65087009,0.997522729,-0.070344899,0,0,-0.140806089,0,0,0.998281717,-0.057262998,-0.00057341,-0.012425303,-0.114565772,-0.002567873,-0.024744839,0.126030311,-0.008429587,0.004377217,-0.077769379,0.003905301,0.01563447,-0.09566804,-0.090767972,-0.054281235,-0.059181307,0.054281235,0.059181307,0.09566804,0.090767972,0.026240317,0.002567873,0.024744839
43.70222998,0.997740989,-0.06717826,0,0,-0.134457783,0,0,0.99842304,-0.054743145,-0.000719725,-0.012426091,-0.109514922,-0.00279767,-0.024736804,0.125741214,-0.004260243,0.00531003,-0.074361814,0.002970602,0.015462627,-0.097309135,-0.089498535,-0.058229592,-0.066040188,0.058229592,0.066040188,0.097309135,0.089498535,0.024942861,0.00279767,0.024736804
43.7514999,0.997949876,-0.06400035,0,0,-0.128088244,0,0,0.998559237,-0.052227743,-0.000768641,-0.012307274,-0.104476411,-0.002820632,-0.024501336,0.129108891,0.002335757,0.01404211,-0.073904066,0.001289461,0.013788499,-0.092795029,-0.086853825,-0.055928569,-0.06186977,0.055928569,0.06186977,0.092795029,0.086853825,0.023611833,0.002820632,0.024501336
43.80703998,0.998149256,-0.060811696,0,0,-0.121698479,0,0,0.998688042,-0.04976682,-0.000741604,-0.012045991,-0.099549871,-0.002680245,-0.023988941,0.126252323,-0.003822149,0.014773758,-0.072136411,0.002883576,0.013290613,-0.088982008,-0.086403087,-0.058826093,-0.061405011,0.058826093,0.061405011,0.088982008,0.086403087,0.022148608,0.002680245,0.023988941
43.85675002,0.998276831,-0.058680219,0,0,-0.117427896,0,0,0.998958707,-0.044153199,-0.00103014,-0.011456874,-0.08830595,-0.003069853,-0.022800996,0.120688237,-0.003632903,0.02039298,-0.071664224,0.004000987,0.012682733,-0.088310584,-0.082543433,-0.055962209,-0.061729357,0.055962209,0.061729357,0.088310584,0.082543433,0.029121946,0.003069853,0.022800996
43.90837002,0.998400088,-0.056544361,0,0,-0.113149072,0,0,0.999065161,-0.041770708,-0.001121921,-0.011086536,-0.083535969,-0.003167935,-0.022060513,0.124830775,-0.012405217,0.014636667,-0.067753257,0.003167565,0.011514602,-0.088347927,-0.080345958,-0.05498049,-0.062982462,0.05498049,0.062982462,0.088347927,0.080345958,0.029613103,0.003167935,0.022060513
43.96025992,0.998576799,-0.053332705,0,0,-0.106716041,0,0,0.99916631,-0.039367992,-0.001380167,-0.01073134,-0.0787225,-0.003602982,-0.021337872,0.121446721,-0.008428097,0.019832704,-0.065256944,0.00566639,0.012024104,-0.082435407,-0.076100282,-0.053071078,-0.059406202,0.053071078,0.059406202,0.082435407,0.076100282,0.027993541,0.003602982,0.021337872
44.00522995,0.9987436,-0.050112081,0,0,-0.100266157,0,0,0.999278724,-0.036559891,-0.001578556,-0.010158069,-0.073100594,-0.003897599,-0.020187581,0.108651072,-0.005111099,0.028801706,-0.062775777,0.004203785,0.008330855,-0.082947418,-0.071614645,-0.04756644,-0.058899213,0.04756644,0.058899213,0.082947418,0.071614645,0.027165563,0.003897599,0.020187581
44.05025006,0.99879698,-0.04903664,0,0,-0.098112627,0,0,0.999362767,-0.034292631,-0.001889239,-0.009731058,-0.068559148,-0.004443491,-0.01932153,0.114845484,-0.015747549,0.022698194,-0.061793195,0.007482209,0.008842914,-0.075310402,-0.066902839,-0.050241124,-0.058648691,0.050241124,0.058648691,0.075310402,0.066902839,0.029553479,0.004443491,0.01932153
44.10659004,0.998999296,-0.04472591,0,0,-0.089481671,0,0,0.999437451,-0.0321647,-0.00215152,-0.009266261,-0.064298387,-0.004896731,-0.018384942,0.107619934,-0.006581844,0.02578125,-0.057732043,0.005334123,0.007694071,-0.078118302,-0.063153893,-0.045468062,-0.060432471,0.045468062,0.060432471,0.078118302,0.063153893,0.025183284,0.004896731,0.018384942
44.1557901,0.999093681,-0.042565446,0,0,-0.085156621,0,0,0.999600649,-0.026926259,-0.002964209,-0.008056108,-0.053810294,-0.006359934,-0.015947147,0.102476045,-0.00958592,0.02683774,-0.057404375,0.007480182,0.007604082,-0.07076022,-0.06009198,-0.044703837,-0.055372078,0.044703837,0.055372078,0.07076022,0.06009198,0.031346327,0.006359934,0.015947147
44.21053005,0.999183514,-0.040401798,0,0,-0.080825594,0,0,0.999656022,-0.024872862,-0.003316794,-0.007630576,-0.04969967,-0.007010952,-0.015091849,0.102221228,-0.016520914,0.020010026,-0.053250183,0.007148578,0.005933704,-0.072488621,-0.057528265,-0.042320102,-0.057280459,0.042320102,0.057280459,0.072488621,0.057528265,0.031125924,0.007010952,0.015091849
44.25954009,0.999309674,-0.037150706,0,0,-0.074318513,0,0,0.999706388,-0.02283567,-0.00364856,-0.00724294,-0.045622224,-0.007625845,-0.014315897,0.097291917,-0.016908349,0.01815185,-0.051647164,0.009924926,0.006390725,-0.066332452,-0.052035302,-0.040167894,-0.054465041,0.040167894,0.054465041,0.066332452,0.052035302,0.028696289,0.007625845,0.014315897
44.30579997,0.999425455,-0.033893356,0,0,-0.067799697,0,0,0.999753237,-0.020742225,-0.00396901,-0.006900813,-0.041432681,-0.008222429,-0.013634449,0.109278418,-0.003676116,0.025301429,-0.052837106,0.006855777,0.004718791,-0.067962795,-0.048112959,-0.035331506,-0.055181347,0.035331506,0.055181347,0.067962795,0.048112959,0.026367016,0.008222429,0.013634449
44.35085011,0.999461729,-0.032806276,0,0,-0.065624328,0,0,0.999814332,-0.017886812,-0.003722564,-0.006129127,-0.035729998,-0.007663081,-0.012123462,0.110428788,0.009971112,0.039083511,-0.050820894,0.002904057,0.001300517,-0.064411655,-0.050700113,-0.04126253,-0.054974075,0.04126253,0.054974075,0.064411655,0.050700113,0.02989433,0.007663081,0.012123462
44.41231013,0.999595159,-0.02845202,0,0,-0.05691172,0,0,0.99985683,-0.015620253,-0.003480724,-0.005516706,-0.031203479,-0.007132854,-0.010923585,0.113869466,0.009398907,0.028970093,-0.049133685,0.002744071,0.002250481,-0.055025455,-0.049217343,-0.046616308,-0.05242442,0.046616308,0.05242442,0.055025455,0.049217343,0.025708241,0.007132854,0.010923585
44.4570601,0.999654842,-0.026271613,0,0,-0.052549271,0,0,0.999925911,-0.010965461,-0.002976777,-0.00438575,-0.021905335,-0.006049333,-0.008705834,0.117864475,0.015623125,0.029022252,-0.049452149,0.001675764,0.000596419,-0.054128222,-0.048640087,-0.044139124,-0.049627263,0.044139124,0.049627263,0.054128222,0.048640087,0.030643936,0.006049333,0.008705834
44.50582004,0.999709812,-0.024089237,0,0,-0.048183135,0,0,0.999956489,-0.008089609,-0.002711279,-0.003792241,-0.016158895,-0.005483704,-0.007540468,0.104109198,0.010126085,0.020616502,-0.048498694,0.000423272,0.000756051,-0.051724322,-0.048372794,-0.047179956,-0.05053148,0.047179956,0.05053148,0.051724322,0.048372794,0.03202424,0.005483704,0.007540468
44.55399991,0.999760055,-0.021905056,0,0,-0.043813617,0,0,0.99997437,-0.005814808,-0.002496148,-0.003371436,-0.011612893,-0.005031398,-0.006713804,0.115112223,0.011431426,0.020686539,-0.042199283,0.001436087,0.001409044,-0.049678005,-0.048831463,-0.04731936,-0.048165902,0.04731936,0.048165902,0.049678005,0.048831463,0.032200724,0.005031398,0.006713804
44.60170007,0.999826526,-0.018625758,0,0,-0.03725367,0,0,0.999986053,-0.003614525,-0.002342958,-0.003054526,-0.007214778,-0.00470795,-0.006092135,0.110385574,0.009495765,0.014436989,-0.043145612,0.001108647,0.001520476,-0.045044404,-0.042172231,-0.039354146,-0.042226315,0.039354146,0.042226315,0.045044404,0.042172231,0.030038892,0.00470795,0.006092135
44.65085006,0.999882284,-0.015343318,0,0,-0.03068784,0,0,0.99999249,-0.001497821,-0.002202456,-0.002833773,-0.002983171,-0.004413382,-0.00566099,0.105053939,0.005876273,0.006946177,-0.03948261,0.001824041,0.002518578,-0.045774724,-0.043557432,-0.040516481,-0.042733774,0.040516481,0.042733774,0.045774724,0.043557432,0.027704669,0.004413382,0.00566099
44.71019006,0.999927296,-0.01205829,0,0,-0.024117164,0,0,0.999993443,0.001051523,-0.002166823,-0.002737829,0.002114918,-0.004327873,-0.005480257,0.102568425,-0.00217408,0.000642985,-0.036637976,0.003866159,0.003474042,-0.04382522,-0.04017714,-0.035139982,-0.038788062,0.035139982,0.038788062,0.04382522,0.04017714,0.026232082,0.004327873,0.005480257
44.75349999,0.999951319,-0.009867107,0,0,-0.019734534,0,0,0.999989271,0.003018632,-0.002157244,-0.002787046,0.006049316,-0.004297628,-0.005587137,0.096877672,-0.001266599,-0.003089011,-0.035073048,0.003547922,0.004176983,-0.043978166,-0.036245853,-0.029297769,-0.037030082,0.029297769,0.037030082,0.043978166,0.036245853,0.02578385,0.004297628,0.005587137
44.80285001,0.999970545,-0.007675184,0,0,-0.015350518,0,0,0.999969006,0.006876048,-0.002135951,-0.003212465,0.013765949,-0.004227603,-0.006454206,0.10041371,0.000285357,-0.011770426,-0.031559692,0.002393856,0.005130428,-0.042797942,-0.035702102,-0.027348137,-0.034443978,0.027348137,0.034443978,0.042797942,0.035702102,0.029116467,0.004227603,0.006454206
44.85432005,0.99998497,-0.005482685,0,0,-0.010965426,0,0,0.999943614,0.009703241,-0.002127322,-0.003768777,0.019422812,-0.004181278,-0.007578551,0.098807365,-1.34E-05,-0.01897365,-0.030649602,0.003033632,0.006212847,-0.039083969,-0.034296259,-0.024035404,-0.028823111,0.024035404,0.028823111,0.039083969,0.034296259,0.030388238,0.004181278,0.007578551
44.90200997,0.999997595,-0.002193218,0,0,-0.00438644,0,0,0.999922216,0.011559805,-0.002096827,-0.004230676,0.023137804,-0.004095526,-0.008509342,0.096791245,0.003289431,-0.024907291,-0.029515088,0.002080697,0.009799001,-0.039896071,-0.03382881,-0.021403117,-0.027470378,0.021403117,0.027470378,0.039896071,0.03382881,0.027524244,0.004095526,0.008509342
44.95063997,0.999999399,0.001096619,0,0,0.002193239,0,0,0.999896944,0.013396923,-0.002024774,-0.004751121,0.026813743,-0.003921839,-0.009555733,0.07025674,0.019531699,-0.028702622,-0.022141722,-0.002504556,0.011108927,-0.041394778,-0.037233386,-0.017635385,-0.021796776,0.017635385,0.021796776,0.041394778,0.037233386,0.024620504,0.003921839,0.009555733
45.00808001,0.99999038,0.004386271,0,0,0.008772571,0,0,0.999888778,0.013851529,-0.001227297,-0.005398823,0.027716849,-0.002304758,-0.010830685,0.065580741,0.019963829,-0.028152766,-0.017867006,-0.003660347,0.011841502,-0.030746089,-0.035755198,-0.013537345,-0.008528235,0.013537345,0.008528235,0.030746089,0.035755198,0.018944278,0.002304758,0.010830685
45.05320001,0.999978358,0.006578996,0,0,0.013158087,0,0,0.999863327,0.015348129,-0.000774087,-0.00610249,0.030706362,-0.00136064,-0.012227388,0.060427934,0.012841077,-0.022558864,-0.013963035,-0.002363243,0.011769119,-0.026048159,-0.033368848,-0.009685845,-0.002365155,0.009685845,0.002365155,0.026048159,0.033368848,0.017548275,0.00136064,0.012227388
45.10336996,0.999961532,0.008771227,0,0,0.017542679,0,0,0.999825597,0.017251452,0.000163462,-0.007157313,0.034501394,0.000573815,-0.014306978,0.040028244,0.028506668,-0.028721988,-0.010276774,-0.005361462,0.012900647,-0.02336891,-0.028095393,-0.004557154,0.000169329,0.004557154,-0.000169329,0.02336891,0.028095393,0.016958715,0.000573815,0.014306978
45.15494013,0.999927296,0.01205829,0,0,0.024117164,0,0,0.999807894,0.018011281,0.000718564,-0.007698022,0.036012416,0.001714156,-0.015367829,0.031251464,0.027569383,-0.024260579,-0.004528034,-0.007833821,0.014202637,-0.017815961,-0.028538877,-0.002737583,0.007985334,0.002737583,-0.007985334,0.017815961,0.028538877,0.011895252,0.001714156,0.015367829
45.20670009,0.999882284,0.015343318,0,0,0.030687839,0,0,0.999795675,0.018437743,0.001364741,-0.008191481,0.036854093,0.003030994,-0.016330085,0.014425071,0.038833182,-0.019988418,0.002938216,-0.012212971,0.014024789,-0.010896853,-0.026564486,0.001840788,0.017508421,-0.001840788,-0.017508421,0.010896853,0.026564486,0.006166254,0.003030994,0.016330085
45.2507701,0.999864891,0.016437779,0,0,0.032877039,0,0,0.999784827,0.018644942,0.002239136,-0.008816686,0.037251419,0.004806099,-0.017547183,0.004855544,0.032461438,-0.021952391,0.007228921,-0.011636808,0.015192772,0.00112639,-0.023299538,0.004750042,0.029175969,-0.004750042,-0.029175969,-0.00112639,0.023299538,0.00437438,0.004806099,0.017547183
45.3124199,0.9997834,0.02081234,0,0,0.041627685,0,0,0.999778926,0.018615628,0.003008301,-0.009306484,0.037176342,0.006361806,-0.018498278,-0.007502735,0.036879629,-0.020188095,0.013379719,-0.013812384,0.015540715,0.003672948,-0.019600654,0.010784891,0.034058493,-0.010784891,-0.034058493,-0.003672948,0.019600654,0.004451343,0.006361806,0.018498278
45.35789991,0.999735526,0.022997362,0,0,0.045998779,0,0,0.999774873,0.018433575,0.003811135,-0.009792024,0.036793685,0.007981644,-0.019440978,-0.011159481,0.044127557,-0.025117397,0.018826765,-0.016740791,0.017061728,0.011651375,-0.015973376,0.015108056,0.042732809,-0.015108056,-0.042732809,-0.011651375,0.015973376,0.009205094,0.007981644,0.019440978
45.40366006,0.999682917,0.02518066,0,0,0.050366644,0,0,0.999773026,0.017507223,0.005790212,-0.010682996,0.034892348,0.011952137,-0.021161487,-0.02207309,0.048532341,-0.017921627,0.022067264,-0.018346287,0.016551788,0.018505814,-0.014975748,0.019147707,0.05262927,-0.019147707,-0.05262927,-0.018505814,0.014975748,0.015474296,0.011952137,0.021161487
45.45219994,0.999625588,0.027362072,0,0,0.054730975,0,0,0.999773562,0.016937856,0.006721564,-0.010993779,0.033729859,0.013812944,-0.021758671,-0.028403107,0.052312773,-0.014491381,0.026208621,-0.020406365,0.017034456,0.023861747,-0.012830806,0.020272771,0.056965321,-0.020272771,-0.056965321,-0.023861747,0.012830806,0.021001116,0.013812944,0.021758671
45.50448013,0.999530782,0.030630295,0,0,0.061270173,0,0,0.999774516,0.016332133,0.007656755,-0.011203127,0.032495053,0.015676643,-0.022155635,-0.027751924,0.046198815,-0.008225442,0.031394444,-0.022124483,0.016100883,0.029580513,-0.011232194,0.022836719,0.063649423,-0.022836719,-0.063649423,-0.029580513,0.011232194,0.02877512,0.015676643,0.022155635
45.55084992,0.999425455,0.033893356,0,0,0.067799696,0,0,0.999774635,0.015779188,0.008542529,-0.011347917,0.031367295,0.017440213,-0.022426419,-0.002092123,0.025849789,-0.004260242,0.027135458,-0.017703962,0.015642191,0.037418023,-0.006830916,0.025370851,0.06961979,-0.025370851,-0.06961979,-0.037418023,0.006830916,0.036432401,0.017440213,0.022426419
45.60395003,0.999349425,0.03606559,0,0,0.072146827,0,0,0.999754548,0.016837582,0.00879953,-0.011399167,0.033477946,0.017979576,-0.022501947,0.031266361,0.011252613,0.004164129,0.023864001,-0.013988171,0.014301424,0.023550734,-0.00442559,0.024177257,0.052153584,-0.024177257,-0.052153584,-0.023550734,0.00442559,0.038668881,0.017979576,0.022501947
45.65773011,0.999226716,0.039318829,0,0,0.078657934,0,0,0.999742389,0.017506216,0.008988639,-0.011309871,0.034812994,0.018369666,-0.022304814,0.030202419,0.011365862,0.005284696,0.026071491,-0.014260548,0.01402077,0.023550734,-0.00442559,0.024177257,0.052153584,-0.024177257,-0.052153584,-0.023550734,0.00442559,0.04384494,0.018369666,0.022304814
45.70576001,0.999093681,0.042565446,0,0,0.08515662,0,0,0.999718904,0.01880157,0.009480281,-0.010903234,0.037401564,0.019366435,-0.021449513,0.034896281,0.012544543,0.014863162,0.027258184,-0.016607821,0.012635898,0.026311252,-0.002209825,0.025831716,0.054352794,-0.025831716,-0.054352794,-0.026311252,0.002209825,0.047755056,0.019366435,0.021449513
45.7529099,0.999047056,0.043646086,0,0,0.087319911,0,0,0.999704361,0.01954353,0.00984371,-0.010599983,0.038884467,0.020097274,-0.020814642,0.024183841,0.01741275,0.01125708,0.029014389,-0.015201638,0.011900375,0.03123009,-0.001985532,0.023286264,0.056501888,-0.023286264,-0.056501888,-0.03123009,0.001985532,0.048435444,0.020097274,0.020814642
45.81355,0.998849244,0.047960282,0,0,0.095957375,0,0,0.999694347,0.020030016,0.010174459,-0.010324114,0.039856835,0.020757771,-0.020240068,0.028429182,0.015182049,0.01649037,0.033316231,-0.016845737,0.010945697,0.032315638,0.001912378,0.025713129,0.056116387,-0.025713129,-0.056116387,-0.032315638,-0.001912378,0.05610054,0.020757771,0.020240068
45.86005998,0.998689108,0.051186585,0,0,0.102417927,0,0,0.999684632,0.020460553,0.010540117,-0.010051309,0.040716959,0.021486546,-0.019670772,0.020927938,0.024255367,0.017819554,0.038164538,-0.019770449,0.010424054,0.039216254,0.0055248,0.027416194,0.061107647,-0.027416194,-0.061107647,-0.039216254,-0.0055248,0.061700968,0.021486546,0.019670772
45.90244008,0.998633506,0.052260133,0,0,0.104567901,0,0,0.999675632,0.020811845,0.010944,-0.009785121,0.041418137,0.022290037,-0.019114276,0.014712662,0.021829458,0.015798952,0.042723147,-0.019659014,0.010495556,0.047510911,0.007970038,0.028818145,0.068359017,-0.028818145,-0.068359017,-0.047510911,-0.007970038,0.063149764,0.022290037,0.019114276
45.95012999,0.99851899,0.05440428,0,0,0.108862306,0,0,0.999664307,0.021236159,0.011486098,-0.009400087,0.042266237,0.023365854,-0.018312044,0.019023569,0.022176653,0.013407321,0.043854211,-0.020445085,0.010482574,0.051886581,0.012568578,0.033559691,0.072877698,-0.033559691,-0.072877698,-0.051886581,-0.012568578,0.066596069,0.023365854,0.018312044
46.00205994,0.998400088,0.056544361,0,0,0.113149072,0,0,0.999653876,0.021591961,0.011971344,-0.00909944,0.042977046,0.024329746,-0.017681761,0.018086286,0.026047975,0.01633242,0.046163523,-0.022121733,0.00965071,0.053816698,0.012926553,0.0338917,0.07478185,-0.0338917,-0.07478185,-0.053816698,-0.012926553,0.070172026,0.024329746,0.017681761
46.05056,0.998276831,0.058680219,0,0,0.117427896,0,0,0.999628723,0.022426937,0.012989198,-0.008414789,0.044648941,0.026349233,-0.016247067,0.025167312,0.029648097,0.01815483,0.047834678,-0.022302619,0.008803939,0.058634523,0.014391083,0.033692501,0.077935942,-0.033692501,-0.077935942,-0.058634523,-0.014391083,0.072778955,0.026349233,0.016247067
46.11211992,0.997949876,0.06400035,0,0,0.128088243,0,0,0.999609888,0.023036476,0.013669869,-0.00792158,0.045872069,0.027697578,-0.015213587,0.029060991,0.033517927,0.021518022,0.049852212,-0.024400702,0.008610372,0.061333336,0.016728124,0.034336001,0.078941211,-0.034336001,-0.078941211,-0.061333336,-0.016728124,0.082216174,0.027697578,0.015213587
46.16076994,0.997740989,0.06717826,0,0,0.134457782,0,0,0.999593616,0.023539456,0.014247668,-0.00746573,0.046883691,0.028839225,-0.014261037,0.027257955,0.03240779,0.024632365,0.053312683,-0.026825216,0.006434588,0.065642513,0.016841142,0.034061886,0.082863264,-0.034061886,-0.082863264,-0.065642513,-0.016841142,0.087574091,0.028839225,0.014261037
46.20299006,0.99766927,0.068235085,0,0,0.136576293,0,0,0.999575555,0.02407307,0.014840193,-0.00699875,0.047957944,0.030009255,-0.013283433,0.028160959,0.031816218,0.024657695,0.055214992,-0.027461131,0.005917142,0.073703282,0.020052884,0.032922059,0.086572461,-0.032922059,-0.086572461,-0.073703282,-0.020052884,0.088618349,0.030009255,0.013283433
46.25052,0.997522729,0.070344899,0,0,0.140806089,0,0,0.999554634,0.024675166,0.015472293,-0.006514563,0.049170575,0.031257385,-0.012266058,0.03637746,0.032896552,0.023027511,0.055394791,-0.028571991,0.005677702,0.076758951,0.021836722,0.033671007,0.088593237,-0.033671007,-0.088593237,-0.076758951,-0.021836722,0.091635514,0.031257385,0.012266058
46.30156994,0.997372084,0.07244947,0,0,0.145026002,0,0,0.999517441,0.025716122,0.016416857,-0.005846714,0.051266013,0.033124632,-0.010849593,0.039627403,0.032518059,0.023027511,0.056490745,-0.029734272,0.004946992,0.078289054,0.021145102,0.032500505,0.089644454,-0.032500505,-0.089644454,-0.078289054,-0.021145102,0.093759989,0.033124632,0.010849593
46.35020996,0.997217378,0.074548644,0,0,0.149235737,0,0,0.999493241,0.026391925,0.016971136,-0.005375244,0.052629727,0.034215466,-0.009855163,0.007320196,0.000899285,0.034558028,0.065391679,-0.022165403,0.002386448,0.081277996,0.021809487,0.031703472,0.09117198,-0.031703472,-0.09117198,-0.081277996,-0.021809487,0.09660601,0.034215466,0.009855163
46.4130199,0.99681314,0.079771954,0,0,0.159713606,0,0,0.999542415,0.02512305,0.01633122,-0.004154219,0.050135471,0.032862136,-0.007488167,-0.026619436,-0.013162197,0.030327588,0.077295049,-0.017702302,0.001977313,0.085170604,0.040839829,0.045612723,0.089943498,-0.045612723,-0.089943498,-0.085170604,-0.040839829,0.109578135,0.032862136,0.007488167
46.45046998,0.996729342,0.080812241,0,0,0.16180092,0,0,0.999560952,0.024666553,0.016026899,-0.003565175,0.049242612,0.032221178,-0.006339895,-0.017796457,-0.01311451,0.032622371,0.077982868,-0.017474313,0.000426939,0.093020007,0.057615425,0.061570052,0.096974634,-0.061570052,-0.096974634,-0.093020007,-0.057615425,0.112558308,0.032221178,0.006339895
46.50326992,0.996472157,0.083924011,0,0,0.168045681,0,0,0.999578416,0.024261236,0.015700495,-0.002830149,0.048456176,0.031530297,-0.004898538,-0.016254187,-0.008065998,0.031471997,0.081031579,-0.018490931,-0.000282899,0.095030218,0.060081609,0.060935486,0.095884092,-0.060935486,-0.095884092,-0.095030218,-0.060081609,0.119589505,0.031530297,0.004898538
46.55137992,0.996295935,0.085990757,0,0,0.172194173,0,0,0.999588907,0.024022114,0.015488354,-0.002286311,0.047995239,0.031078815,-0.003828475,-0.010903182,-0.008346142,0.031203782,0.082089845,-0.018201727,-0.000916164,0.099805377,0.062823541,0.062257741,0.09923958,-0.062257741,-0.09923958,-0.099805377,-0.062823541,0.124198934,0.031078815,0.003828475
46.60328007,0.996115958,0.088051115,0,0,0.176330581,0,0,0.999596715,0.023884976,0.01525779,-0.001822667,0.047735516,0.030595108,-0.002916369,-0.003160537,-0.006820261,0.026204439,0.082581585,-0.018346284,-0.000625785,0.101207703,0.064804271,0.06297195,0.099375382,-0.06297195,-0.099375382,-0.101207703,-0.064804271,0.128595065,0.030595108,0.002916369
46.65042997,0.995932277,0.090104933,0,0,0.180454612,0,0,0.999598682,0.023964554,0.01503852,-0.001435042,0.04790678,0.030138311,-0.002149127,0.012620539,-0.011134148,0.020501764,0.082262858,-0.016922407,-0.000106229,0.101553626,0.064861082,0.063609511,0.100302055,-0.063609511,-0.100302055,-0.101553626,-0.064861082,0.132547832,0.030138311,0.002149127
46.71214009,0.99545722,0.095209891,0,0,0.190708652,0,0,0.999580741,0.024967847,0.014640972,-0.000875838,0.049931297,0.029317597,-0.001020272,0.036614388,-0.005578994,0.00916943,0.082791031,-0.017001736,0.000288326,0.099291466,0.065446675,0.065234214,0.099079005,-0.065234214,-0.099079005,-0.099291466,-0.065446675,0.140777355,0.029317597,0.001020272
46.75029994,0.995359544,0.096225662,0,0,0.192749565,0,0,0.999557078,0.025980907,0.01450396,-0.000718222,0.051963227,0.029036464,-0.000682444,0.06241427,-0.00576079,0.010540338,0.074749895,-0.017646061,0.000731798,0.099504411,0.06550096,0.066077612,0.100081064,-0.066077612,-0.100081064,-0.099504411,-0.06550096,0.140786338,0.029036464,0.000682444
46.80306006,0.995061312,0.099262203,0,0,0.198851869,0,0,0.999521494,0.027369374,0.014406214,-0.000615144,0.05474491,0.028836304,-0.000441305,0.07449612,-0.004723669,0.006287546,0.075731096,-0.017806072,0.00139736,0.091664128,0.056372032,0.057835627,0.093127728,-0.057835627,-0.093127728,-0.091664128,-0.056372032,0.144106959,0.028836304,0.000441305
46.85140992,0.994858225,0.101277403,0,0,0.202902686,0,0,0.999458551,0.029637411,0.014290874,-0.000453249,0.059288717,0.02859703,-5.89E-05,0.10289178,-0.002290308,0.010823459,0.070668439,-0.018294376,0.000436163,0.092139781,0.056527656,0.05932238,0.094934501,-0.05932238,-0.094934501,-0.092139781,-0.056527656,0.143613969,0.02859703,0.0000589
46.90177012,0.994651792,0.103285107,0,0,0.206939263,0,0,0.999398589,0.031660244,0.014149141,-0.000275568,0.063342296,0.028302486,0.000345264,0.072421864,-0.027106704,0.013905019,0.078525285,-0.011653327,-0.00035487,0.088526629,0.051937897,0.052810222,0.08939895,-0.052810222,-0.08939895,-0.088526629,-0.051937897,0.143596967,0.028302486,0.000345264
46.9502101,0.994442071,0.105285168,0,0,0.210961316,0,0,0.999404669,0.031889722,0.013170818,-0.00038142,0.063796814,0.026353324,7.77E-05,0.006950647,-0.05757213,-0.003090501,0.095757352,-0.00241376,0.002633513,0.090533458,0.06722682,0.066517077,0.089823715,-0.066517077,-0.089823715,-0.090533458,-0.06722682,0.147164502,0.026353324,0.0000777
47.00550008,0.994121458,0.108270615,0,0,0.216966547,0,0,0.99939847,0.032939576,0.010833904,-0.000700282,0.065887503,0.021702608,-0.000686156,0.028977545,-0.04144758,-0.001740456,0.095426045,-0.002880981,0.002520494,0.095537581,0.090710059,0.095977083,0.100804605,-0.095977083,-0.100804605,-0.095537581,-0.090710059,0.151079044,0.021702608,0.000686156
47.05560995,0.993683033,0.112223129,0,0,0.224920062,0,0,0.999385595,0.033583067,0.01000196,-0.000811537,0.06717262,0.020047479,-0.000950475,0.03522858,-0.041495267,-0.003884732,0.092846204,-0.002613244,0.002954252,0.095786512,0.090024553,0.095065542,0.1008275,-0.095065542,-0.1008275,-0.095786512,-0.090024553,0.157747442,0.020047479,0.000950475
47.10169006,0.99345927,0.114187031,0,0,0.22887328,0,0,0.999363422,0.034439325,0.009267936,-0.000938724,0.068883753,0.0185898,-0.001238104,0.04661306,-0.034254793,-0.006079674,0.092027446,-0.003586034,0.003419661,0.092505172,0.087278686,0.093187191,0.098413676,-0.093187191,-0.098413676,-0.092505172,-0.087278686,0.159989527,0.0185898,0.001238104
47.15166998,0.99323256,0.11614251,0,0,0.232810435,0,0,0.999326944,0.035643548,0.00862312,-0.001068647,0.071291712,0.017311673,-0.001521367,0.073557355,-0.027839839,-0.004625321,0.089676244,-0.004437652,0.003266656,0.092193797,0.085021734,0.091861054,0.099033117,-0.091861054,-0.099033117,-0.092193797,-0.085021734,0.161518723,0.017311673,0.001521367
47.20246006,0.993002964,0.118089427,0,0,0.236731251,0,0,0.999287724,0.036737461,0.008547387,-0.001144029,0.073479956,0.017167499,-0.001658655,-0.002612174,0.031406432,0.00506714,0.108089921,-0.020377736,0.001846297,0.090847217,0.081971921,0.088505231,0.097380526,-0.088505231,-0.097380526,-0.090847217,-0.081971921,0.163251295,0.017167499,0.001658655
47.25061012,0.99277055,0.120027642,0,0,0.240635452,0,0,0.99927628,0.036901753,0.009165198,-0.001046678,0.073810392,0.018395417,-0.001415658,0.014200062,0.034507364,0.008051842,0.107413471,-0.021993272,0.001309182,0.126621321,0.085865878,0.089558467,0.130313918,-0.089558467,-0.130313918,-0.126621321,-0.085865878,0.16682506,0.018395417,0.001415658
47.30470992,0.992416787,0.12291835,0,0,0.246460002,0,0,0.99920553,0.038440306,0.010501173,-0.000751053,0.076896515,0.021044952,-0.000693729,0.056620691,0.034614652,0.010008365,0.103938851,-0.021568606,0.001385887,0.128097519,0.084111005,0.08672937,0.130715892,-0.08672937,-0.130715892,-0.128097519,-0.084111005,0.169563487,0.021044952,0.000693729
47.35300994,0.991935857,0.126740897,0,0,0.254165371,0,0,0.999129415,0.040103767,0.011496413,-0.00046478,0.080234275,0.023012111,-6.65E-06,0.075019158,0.041189045,0.015007705,0.101581691,-0.023700694,0.000809872,0.124121532,0.080984347,0.083756119,0.126893312,-0.083756119,-0.126893312,-0.124121532,-0.080984347,0.173931096,0.023012111,0.00000665
47.4024601,0.991691583,0.128638268,0,0,0.257991432,0,0,0.999107361,0.0406381,0.011530066,-0.000256629,0.081308893,0.02306245,0.000424433,0.007570536,-0.0057742,0.009088963,0.113364437,-0.014449265,0.00051171,0.124472477,0.077071115,0.078690857,0.126092225,-0.078690857,-0.126092225,-0.124472477,-0.077071115,0.176682539,0.02306245,0.000424433
47.45064998,0.991444861,0.130526192,0,0,0.261799388,0,0,0.999087632,0.041186199,0.011293349,-0.000158951,0.082407883,0.022581103,0.000612805,0.042601671,-0.00862628,0.006594509,0.107428122,-0.013341638,0.000771014,0.127301961,0.098403446,0.099426866,0.128325373,-0.099426866,-0.128325373,-0.127301961,-0.098403446,0.179391505,0.022581103,0.000612805
47.50243998,0.991195762,0.132404537,0,0,0.265588969,0,0,0.999040782,0.04234254,0.011176142,-7.96E-05,0.084724485,0.022339435,0.000787609,0.072171547,-0.005795062,0.007776171,0.103418903,-0.013929833,0.000466427,0.119998716,0.093315452,0.094857484,0.12154074,-0.094857484,-0.12154074,-0.119998716,-0.093315452,0.180864484,0.022339435,0.000787609
47.55041004,0.990944355,0.134273171,0,0,0.26935991,0,0,0.9989326,0.044835631,0.011121305,1.47E-05,0.089718281,0.022219374,0.00102684,0.094022602,0.002617389,0.004259497,0.101527622,-0.016105567,0.001002669,0.11688228,0.089022629,0.089955479,0.117815129,-0.089955479,-0.117815129,-0.11688228,-0.089022629,0.179641629,0.022219374,0.00102684
47.61023999,0.990306214,0.138901415,0,0,0.278703979,0,0,0.998827279,0.047224462,0.010678465,-0.000120088,0.094497657,0.021344845,0.00076885,0.066825002,-0.012174249,-0.007018447,0.109270806,-0.011168345,0.001695051,0.116630487,0.084419377,0.086424708,0.118635826,-0.086424708,-0.118635826,-0.116630487,-0.084419377,0.184206322,0.021344845,0.00076885
47.65140009,0.990047296,0.140735038,0,0,0.282407605,0,0,0.998761654,0.048664328,0.010350399,-0.000251814,0.097377545,0.020701145,0.000504494,0.083906211,-0.013582411,0.000225753,0.110326038,-0.01165525,0.003099378,0.118744068,0.096407391,0.099797495,0.122134171,-0.099797495,-0.122134171,-0.118744068,-0.096407391,0.18503006,0.020701145,0.000504494
47.70190001,0.989786397,0.142558369,0,0,0.286091411,0,0,0.998636186,0.051210903,0.01016124,-0.000485177,0.102472648,0.020345854,7.17E-05,0.059352081,0.019349903,-0.005090237,0.112321713,-0.019412596,0.003237129,0.118881881,0.095571391,0.101770148,0.12508063,-0.101770148,-0.12508063,-0.118881881,-0.095571391,0.183618763,0.020345854,0.0000717
47.75050998,0.989523589,0.144371282,0,0,0.289755137,0,0,0.998573303,0.052341223,0.010561792,-0.000580303,0.104735596,0.02115577,-5.33E-05,0.061502308,0.016193839,-0.00679493,0.114259803,-0.019071785,0.003749594,0.128497139,0.089671977,0.096146233,0.134971395,-0.096146233,-0.134971395,-0.128497139,-0.089671977,0.185019541,0.02115577,0.0000533
47.80168009,0.989258947,0.146173652,0,0,0.293398528,0,0,0.998509347,0.053491831,0.010824131,-0.000783744,0.107036634,0.021701541,-0.000407243,0.06358847,0.012793393,-0.010883807,0.117110386,-0.018465624,0.004798186,0.129581958,0.091438413,0.098937601,0.137081146,-0.098937601,-0.137081146,-0.129581958,-0.091438413,0.186361894,0.021701541,0.000407243
47.85042,0.988858708,0.148857167,0,0,0.298824925,0,0,0.998434186,0.054836884,0.01100377,-0.001089162,0.109724817,0.022094326,-0.000968325,0.061976165,0.005886704,-0.012594462,0.118780076,-0.016807083,0.005529022,0.130777791,0.09384656,0.103442937,0.140374154,-0.103442937,-0.140374154,-0.130777791,-0.09384656,0.189100108,0.022094326,0.000968325
47.91048003,0.988319338,0.152397133,0,0,0.305986571,0,0,0.998239994,0.058232993,0.011046152,-0.002002273,0.116509031,0.022288458,-0.002711674,0.089096285,-0.005774201,-0.019668045,0.114768765,-0.015266442,0.006570474,0.130058095,0.096443951,0.107501999,0.141116142,-0.107501999,-0.141116142,-0.130058095,-0.096443951,0.18947754,0.022288458,0.002711674
47.95453001,0.988047374,0.154150534,0,0,0.309535306,0,0,0.998135507,0.060000654,0.010928522,-0.00249868,0.120040297,0.022117934,-0.003677513,0.083752722,-0.004667044,-0.023786724,0.115121072,-0.013526551,0.007920886,0.123464696,0.092931829,0.106072783,0.13660565,-0.106072783,-0.13660565,-0.123464696,-0.092931829,0.189495009,0.022117934,0.003677513
48.00138998,0.987773992,0.15589272,0,0,0.313062317,0,0,0.998023331,0.061848115,0.010716672,-0.003060043,0.123730852,0.021771214,-0.004783529,0.099452592,-0.011968613,-0.024834277,0.11317688,-0.011237398,0.010103596,0.114310652,0.091835871,0.11204306,0.134517848,-0.11204306,-0.134517848,-0.114310652,-0.091835871,0.189331465,0.021771214,0.004783529
48.05015994,0.987636794,0.15675957,0,0,0.314817598,0,0,0.997899771,0.063830197,0.010415925,-0.003658795,0.127691533,0.021256779,-0.005973904,0.109478086,-0.020554664,-0.03105253,0.112859865,-0.008423933,0.011886388,0.114310652,0.091835871,0.11204306,0.134517848,-0.11204306,-0.134517848,-0.114310652,-0.091835871,0.187126065,0.021256779,0.005973904
48.10162998,0.987223286,0.159342975,0,0,0.320050177,0,0,0.997732401,0.06641344,0.009972458,-0.00448054,0.132854589,0.020496255,-0.007617821,0.106207304,-0.020550197,-0.027097765,0.116111169,-0.007746565,0.012194852,0.109397382,0.092549525,0.116322301,0.133170158,-0.116322301,-0.133170158,-0.109397382,-0.092549525,0.187195588,0.020496255,0.007617821
48.15002013,0.98666784,0.16274696,0,0,0.326948191,0,0,0.997618735,0.068081252,0.009811364,-0.005082936,0.136186957,0.020269489,-0.008807646,0.074026741,0.00506863,-0.022004545,0.124357594,-0.014340786,0.012143588,0.11166285,0.096169733,0.120559439,0.136052549,-0.120559439,-0.136052549,-0.11166285,-0.096169733,0.190761234,0.020269489,0.008807646
48.20117999,0.986388536,0.164431313,0,0,0.330362899,0,0,0.997497499,0.069793485,0.00983869,-0.005570417,0.139610068,0.020407107,-0.009741782,0.091742732,0.003578515,-0.021320581,0.121536653,-0.013851422,0.012640646,0.126554757,0.097873203,0.122160375,0.150841936,-0.122160375,-0.150841936,-0.126554757,-0.097873203,0.190752831,0.020407107,0.009741782
48.25293994,0.986108281,0.166103755,0,0,0.33375442,0,0,0.997170448,0.074233897,0.009815488,-0.00665717,0.148493379,0.020565249,-0.011822154,0.083949417,0.000267476,-0.01588613,0.120046662,-0.014618284,0.011987242,0.122747391,0.095044568,0.120325856,0.148028687,-0.120325856,-0.148028687,-0.122747391,-0.095044568,0.185261041,0.020565249,0.011822154
48.3011899,0.985827156,0.167764173,0,0,0.337122518,0,0,0.99702239,0.076165296,0.009791262,-0.007017194,0.152360589,0.020594607,-0.012504068,0.106006116,0.000929087,-0.014208256,0.119301887,-0.01280814,0.013262058,0.122677669,0.093441121,0.1174156,0.146652147,-0.1174156,-0.146652147,-0.122677669,-0.093441121,0.184761929,0.020594607,0.012504068
48.35045004,0.985404009,0.170232013,0,0,0.342130228,0,0,0.996906698,0.077658109,0.009675388,-0.00725862,0.155351695,0.020419718,-0.012972657,0.082857162,-0.010296703,-0.013165176,0.126364704,-0.009676844,0.013407092,0.118847936,0.093231671,0.11975579,0.145372048,-0.11975579,-0.145372048,-0.118847936,-0.093231671,0.186778533,0.020419718,0.012972657
48.40400005,0.984837506,0.173479353,0,0,0.348722998,0,0,0.996762633,0.079487674,0.009389917,-0.007600083,0.159018743,0.019928583,-0.013661329,0.094934553,-0.01025945,-0.006987154,0.126373729,-0.009261123,0.012722327,0.122912489,0.104390256,0.129834905,0.148357153,-0.129834905,-0.148357153,-0.122912489,-0.104390256,0.189704255,0.019928583,0.013661329
48.45887995,0.984411247,0.175882051,0,0,0.353603431,0,0,0.99652487,0.082396686,0.009459822,-0.007714589,0.164853651,0.020126568,-0.013819882,0.117241606,0.00710264,0.004232675,0.122008972,-0.013962628,0.010964107,0.122912489,0.104390256,0.129834905,0.148357153,-0.129834905,-0.148357153,-0.122912489,-0.104390256,0.18874978,0.020126568,0.013819882
48.50220991,0.984268951,0.17667663,0,0,0.355217872,0,0,0.996333659,0.0846726,0.009451487,-0.00778894,0.169420624,0.020154049,-0.013923477,0.082600862,0.00018701,-0.001718104,0.130558627,-0.012188119,0.012137194,0.125007451,0.09708222,0.119010434,0.146935672,-0.119010434,-0.146935672,-0.125007451,-0.09708222,0.185797248,0.020154049,0.013923477
48.55238009,0.983984104,0.17825623,0,0,0.358428026,0,0,0.996038258,0.088103577,0.009470492,-0.00747529,0.176315307,0.020184514,-0.013225661,0.114124276,0.009929389,0.020415338,0.128778675,-0.014090652,0.009413172,0.130609512,0.106233291,0.130507678,0.154883906,-0.130507678,-0.154883906,-0.130609512,-0.106233291,0.182112719,0.020184514,0.013225661
48.60187006,0.983698983,0.179822997,0,0,0.361613025,0,0,0.995827615,0.090496391,0.009334639,-0.00712326,0.181128988,0.019881948,-0.012500371,0.08533521,-0.000202656,0.018552689,0.130714258,-0.012174136,0.007871955,0.133456111,0.105274834,0.124101177,0.152282462,-0.124101177,-0.152282462,-0.133456111,-0.105274834,0.180484037,0.019881948,0.012500371
48.65079999,0.983270966,0.182148863,0,0,0.366342868,0,0,0.995659828,0.092363261,0.009232696,-0.006746209,0.184887135,0.01963271,-0.011730861,0.091878325,0.006138533,0.024520608,0.130984643,-0.013851785,0.006376656,0.135016397,0.110668145,0.126412049,0.150760308,-0.126412049,-0.150760308,-0.135016397,-0.110668145,0.181455733,0.01963271,0.011730861
48.70496011,0.982700067,0.185204152,0,0,0.372559209,0,0,0.995478928,0.094314277,0.009372488,-0.006233742,0.188815721,0.019837387,-0.010645493,0.109704584,0.015062839,0.029896947,0.129532818,-0.01653077,0.004856544,0.138459742,0.110756181,0.123509496,0.15121305,-0.123509496,-0.15121305,-0.138459742,-0.110756181,0.183743488,0.019837387,0.010645493
48.75028992,0.982557372,0.185959701,0,0,0.37409702,0,0,0.99529916,0.096203037,0.009562973,-0.005782215,0.192618692,0.020149928,-0.009672204,0.077407807,0.002876669,0.017593058,0.136668069,-0.013650677,0.006538616,0.14120701,0.108145483,0.117858574,0.150920093,-0.117858574,-0.150920093,-0.14120701,-0.108145483,0.181478328,0.020149928,0.009672204
48.80152011,0.982129519,0.188206293,0,0,0.378670962,0,0,0.995081425,0.098443672,0.009651561,-0.005369747,0.197129741,0.020266797,-0.008788316,0.114414848,0.013112277,0.016248973,0.130017212,-0.016536962,0.006253598,0.143780097,0.116478756,0.129555985,0.156857327,-0.129555985,-0.156857327,-0.143780097,-0.116478756,0.181541221,0.020266797,0.008788316
48.85241008,0.981702222,0.190422549,0,0,0.383185107,0,0,0.994670689,0.102530897,0.009639578,-0.005003082,0.205354324,0.02020372,-0.007977839,0.110308103,0.001355261,0.008761139,0.136909367,-0.012480515,0.006856522,0.140300542,0.107226633,0.119733833,0.152807727,-0.119733833,-0.152807727,-0.140300542,-0.107226633,0.177830783,0.02020372,0.007977839
48.90939999,0.981275752,0.192608148,0,0,0.387638744,0,0,0.994429111,0.104854621,0.009611093,-0.004910157,0.210029601,0.020146166,-0.00775172,0.120926671,-0.001849234,0.00505373,0.133913478,-0.01349211,0.007159418,0.142533317,0.117572308,0.131285354,0.156246364,-0.131285354,-0.156246364,-0.142533317,-0.117572308,0.177609143,0.020146166,0.00775172
48.95745993,0.980992031,0.194048024,0,0,0.39057387,0,0,0.994076133,0.10816697,0.009367358,-0.005011577,0.216692041,0.019709178,-0.007938924,0.127144903,-0.004735589,-0.001363456,0.129372452,-0.011494774,0.008887284,0.140246138,0.113261931,0.127580762,0.154564977,-0.127580762,-0.154564977,-0.140246138,-0.113261931,0.173881829,0.019709178,0.007938924
49.00374008,0.980708876,0.195474041,0,0,0.393481585,0,0,0.993838549,0.110329308,0.009300983,-0.005092453,0.221042072,0.0196123,-0.00807145,0.095570832,0.005873293,-0.001364946,0.136994294,-0.014277934,0.009084022,0.131979913,0.108990371,0.126764938,0.14975448,-0.126764938,-0.14975448,-0.131979913,-0.108990371,0.172439513,0.0196123,0.00807145
49.05264998,0.980285379,0.19758688,0,0,0.397791314,0,0,0.993659735,0.111925162,0.009321135,-0.005147375,0.224252953,0.019677578,-0.008144603,0.113051392,0.006460398,-0.002276897,0.134738143,-0.014425865,0.009308485,0.142188162,0.113632314,0.131800354,0.160356209,-0.131800354,-0.160356209,-0.142188162,-0.113632314,0.173538361,0.019677578,0.008144603
49.10527993,0.979863602,0.199668027,0,0,0.402038228,0,0,0.993404031,0.114166595,0.009304403,-0.005279289,0.228762909,0.019692773,-0.008366149,0.099607565,-0.005677341,-0.010189414,0.138984912,-0.011137088,0.010895792,0.139855489,0.111003771,0.129620746,0.158472463,-0.129620746,-0.158472463,-0.139855489,-0.111003771,0.173275319,0.019692773,0.008366149
49.15229011,0.979723438,0.200354648,0,0,0.40343979,0,0,0.992774844,0.119496495,0.009122453,-0.005957737,0.239485456,0.019538183,-0.009651172,0.097294912,-0.008153917,-0.009207428,0.134083795,-0.012435267,0.011325741,0.139226168,0.116952009,0.138743594,0.161017761,-0.138743594,-0.161017761,-0.139226168,-0.116952009,0.163954334,0.019538183,0.009651172
49.21267009,0.979165183,0.203065369,0,0,0.408975009,0,0,0.992516339,0.121617064,0.009035424,-0.006254027,0.243753111,0.01945803,-0.010218835,0.109561548,-0.005191565,-0.011342767,0.140893734,-0.010101514,0.01161463,0.139380574,0.119177565,0.142406821,0.162609845,-0.142406821,-0.162609845,-0.139380574,-0.119177565,0.165221898,0.01945803,0.010218835
49.26056004,0.978749287,0.205060559,0,0,0.413051162,0,0,0.992266595,0.123623103,0.009022589,-0.006553242,0.247790609,0.019527132,-0.010776588,0.103642792,0.003186613,-0.012898446,0.139207906,-0.012827977,0.013013745,0.139380574,0.119177565,0.142406821,0.162609845,-0.142406821,-0.162609845,-0.139380574,-0.119177565,0.165260553,0.019527132,0.010776588
49.30168009,0.978611239,0.205718357,0,0,0.414395417,0,0,0.991938472,0.126215518,0.008985237,-0.006871122,0.253011187,0.019561332,-0.011365724,0.102642931,-0.009949505,-0.005978346,0.139714421,-0.009235622,0.012241407,0.139022097,0.113366164,0.139393657,0.165049583,-0.139393657,-0.165049583,-0.139022097,-0.113366164,0.16138423,0.019561332,0.011365724
49.3504901,0.978336078,0.207022992,0,0,0.41706209,0,0,0.991669416,0.128305092,0.008912014,-0.007087199,0.257221524,0.019495424,-0.011771912,0.111902513,0.001019984,-0.007121265,0.13890697,-0.011995014,0.012706416,0.136708602,0.118237369,0.142720178,0.161191419,-0.142720178,-0.161191419,-0.136708602,-0.118237369,0.159840566,0.019495424,0.011771912
49.40278006,0.978062226,0.208312944,0,0,0.419699492,0,0,0.991395235,0.130404294,0.008825877,-0.007234305,0.26145385,0.019387847,-0.012044801,0.10217952,-0.006982684,-0.002788007,0.142208606,-0.009751085,0.012180668,0.139778987,0.120276824,0.144638166,0.164140329,-0.144638166,-0.164140329,-0.139778987,-0.120276824,0.158245642,0.019387847,0.012044801
49.45052004,0.97778976,0.209588134,0,0,0.422307438,0,0,0.990840495,0.134556785,0.008728644,-0.007311078,0.269832964,0.019266089,-0.012141779,0.104556233,0.004076213,0.003968924,0.140614869,-0.011224288,0.011333414,0.139778987,0.120276824,0.144638166,0.164140329,-0.144638166,-0.164140329,-0.139778987,-0.120276824,0.152474474,0.019266089,0.012141779
49.50500012,0.977383826,0.211473063,0,0,0.426163727,0,0,0.990500689,0.137044266,0.008720591,-0.007164149,0.274857856,0.019240298,-0.011804433,0.103224091,0.00160411,0.007525832,0.14195693,-0.012590718,0.011150312,0.140505701,0.118057139,0.140723974,0.163172528,-0.140723974,-0.163172528,-0.140505701,-0.118057139,0.151305871,0.019240298,0.011804433
49.55119992,0.976848139,0.213933898,0,0,0.43120066,0,0,0.990217388,0.139086634,0.008699945,-0.00697965,0.278986191,0.019172401,-0.011404993,0.102896266,-0.000829995,0.012791904,0.143022728,-0.011393232,0.00929534,0.143397301,0.118215874,0.140516505,0.165697917,-0.140516505,-0.165697917,-0.143397301,-0.118215874,0.152214469,0.019172401,0.011404993
49.60235,0.976582846,0.215141685,0,0,0.433673819,0,0,0.989940882,0.141051739,0.008704632,-0.006763465,0.282960003,0.019143307,-0.010937476,0.099978596,0.004135818,0.014131517,0.144138901,-0.012796731,0.008844305,0.148091286,0.122497842,0.140186444,0.165779904,-0.140186444,-0.165779904,-0.148091286,-0.122497842,0.150713816,0.019143307,0.010937476
49.65060997,0.976319352,0.216334284,0,0,0.436116542,0,0,0.989670813,0.142945096,0.008743068,-0.006499016,0.28679063,0.019164691,-0.010366301,0.096865758,0.00415221,0.016524645,0.145944984,-0.012941991,0.008164572,0.148091286,0.122497842,0.140186444,0.165779904,-0.140186444,-0.165779904,-0.148091286,-0.122497842,0.149325912,0.019164691,0.010366301
49.70223999,0.976057731,0.217511624,0,0,0.438528656,0,0,0.989260674,0.145774037,0.008743099,-0.006078574,0.292516934,0.019071758,-0.00947942,0.093253702,0.003733486,0.017466398,0.147416101,-0.0129677,0.007550307,0.15072237,0.124838397,0.141167536,0.167051509,-0.141167536,-0.167051509,-0.15072237,-0.124838397,0.146011722,0.019071758,0.00947942
49.75023008,0.975668969,0.219248862,0,0,0.442089068,0,0,0.988987446,0.147628516,0.008740892,-0.005772981,0.29627258,0.018994918,-0.008839711,0.097135454,0.001197308,0.016901644,0.146375576,-0.012379011,0.007290999,0.152833447,0.126898065,0.141998678,0.167934075,-0.141998678,-0.167934075,-0.152833447,-0.126898065,0.145816488,0.018994918,0.008839711
49.80866003,0.975157849,0.221511103,0,0,0.446727593,0,0,0.988444328,0.151239932,0.008746092,-0.005294859,0.30358708,0.018892758,-0.007823304,0.093758851,0.001170486,0.009239466,0.149616107,-0.014319664,0.007736212,0.151463553,0.126705542,0.141287535,0.166045547,-0.141287535,-0.166045547,-0.151463553,-0.126705542,0.143140513,0.018892758,0.007823304
49.85888005,0.974905549,0.222618892,0,0,0.448999907,0,0,0.988095224,0.153510511,0.008731528,-0.005140652,0.308185303,0.018834559,-0.007479539,0.098057851,0.002419204,0.003740937,0.147297526,-0.012843166,0.008888487,0.156199515,0.127560213,0.143032625,0.171671942,-0.143032625,-0.171671942,-0.156199515,-0.127560213,0.140814604,0.018834559,0.007479539
49.90244008,0.974655514,0.223711037,0,0,0.451240709,0,0,0.9878093,0.155338779,0.008726285,-0.005175483,0.311886087,0.018848828,-0.007515123,0.098218769,-0.005322695,-0.002747774,0.14764645,-0.010743165,0.010083722,0.151252165,0.125565842,0.143342823,0.169029146,-0.143342823,-0.169029146,-0.151252165,-0.125565842,0.139354622,0.018848828,0.007515123
49.95629001,0.974407816,0.224787472,0,0,0.453449841,0,0,0.987511158,0.15722248,0.008661043,-0.005291555,0.315698867,0.018770754,-0.007728955,0.098078705,-0.004605949,-0.000980497,0.148017273,-0.010830044,0.009942079,0.148305848,0.126819536,0.146986976,0.168473303,-0.146986976,-0.168473303,-0.148305848,-0.126819536,0.137750974,0.018770754,0.007728955
50.00380993,0.9740408,0.226372525,0,0,0.45670382,0,0,0.987207949,0.159110069,0.008600454,-0.005511053,0.31951887,0.018735699,-0.008145793,0.098583855,-0.007370114,-0.011138619,0.148813763,-0.009916073,0.01198257,0.148905203,0.127245128,0.147129282,0.168789357,-0.147129282,-0.168789357,-0.148905203,-0.127245128,0.13718495,0.018735699,0.008145793
50.06779004,0.973560259,0.228430345,0,0,0.460930187,0,0,0.986495733,0.163452521,0.0083707,-0.006276428,0.328307016,0.018568183,-0.009648727,0.092726186,-0.002264976,-0.014092029,0.149750304,-0.011042376,0.013321984,0.146747231,0.126915097,0.150880232,0.170712367,-0.150880232,-0.170712367,-0.146747231,-0.126915097,0.132623171,0.018568183,0.009648727
50.11197997,0.973323916,0.229435293,0,0,0.462994919,0,0,0.986176968,0.16535534,0.008289302,-0.006635478,0.332159524,0.018544921,-0.010348113,0.094086677,-0.005656481,-0.018675627,0.151532553,-0.010754694,0.013473581,0.147470653,0.12538591,0.152029887,0.17411463,-0.152029887,-0.17411463,-0.147470653,-0.12538591,0.130835395,0.018544921,0.010348113
50.15758992,0.97309028,0.230424188,0,0,0.465027157,0,0,0.985853851,0.167260692,0.008200193,-0.006986336,0.336018707,0.018506518,-0.011033987,0.104453415,-0.004781783,-0.014477971,0.150600568,-0.009407998,0.015149181,0.14881362,0.127304256,0.154251412,0.175760791,-0.154251412,-0.175760791,-0.14881362,-0.127304256,0.12900845,0.018506518,0.011033987
50.20711995,0.972859416,0.231396968,0,0,0.467026758,0,0,0.985450149,0.169611439,0.008070709,-0.007410872,0.340782071,0.018421541,-0.011870613,0.095856957,-0.003913045,-0.010067225,0.150199806,-0.009614407,0.014189822,0.144859344,0.126043364,0.156341717,0.175157711,-0.156341717,-0.175157711,-0.144859344,-0.126043364,0.126244687,0.018421541,0.011870613
50.25988007,0.972518456,0.2328258,0,0,0.469964658,0,0,0.985125899,0.171477631,0.00803994,-0.007617086,0.344566885,0.018454069,-0.012252627,0.092568249,-0.005161763,-0.006110967,0.151644521,-0.0091936,0.013804353,0.145624354,0.126395553,0.154775187,0.174004003,-0.154775187,-0.174004003,-0.145624354,-0.126395553,0.125397773,0.018454069,0.012252627
50.30659008,0.972184089,0.234218055,0,0,0.472828345,0,0,0.984801769,0.173324943,0.00798782,-0.007768554,0.34831575,0.018426845,-0.012534447,0.094112009,0.00070408,-0.004145503,0.152004867,-0.01064869,0.013666138,0.147033736,0.128646538,0.156255245,0.174642444,-0.156255245,-0.174642444,-0.147033736,-0.128646538,0.124512595,0.018426845,0.012534447
50.35099006,0.972074135,0.23467398,0,0,0.473766337,0,0,0.984461486,0.175247058,0.007898751,-0.007865221,0.352219037,0.018309765,-0.012720022,0.100512058,-0.007061662,-0.001698732,0.150199066,-0.008447515,0.013355813,0.148987383,0.127690017,0.155022293,0.176319659,-0.155022293,-0.176319659,-0.148987383,-0.127690017,0.1215473,0.018309765,0.012720022
50.41614008,0.971642028,0.236456698,0,0,0.477435016,0,0,0.98363179,0.179852277,0.007841193,-0.007764172,0.361581325,0.018219508,-0.012456048,0.09634272,0.005487353,0.013514609,0.151612066,-0.011201868,0.012353817,0.145290732,0.128395706,0.155107334,0.17200236,-0.155107334,-0.17200236,-0.145290732,-0.128395706,0.115853691,0.018219508,0.012456048
50.45875001,0.971430705,0.237323377,0,0,0.479219157,0,0,0.983299375,0.181667507,0.007819332,-0.00764077,0.365275219,0.018154641,-0.012187599,0.092526518,-0.001220405,0.008776038,0.151929245,-0.011804381,0.010702261,0.150460079,0.128056347,0.152763993,0.17516771,-0.152763993,-0.17516771,-0.150460079,-0.128056347,0.113943938,0.018154641,0.012187599
50.51594997,0.971222615,0.238173535,0,0,0.480969665,0,0,0.982965112,0.183474705,0.007794452,-0.007481484,0.368954704,0.018069657,-0.011850116,0.093037628,0.005627424,0.010471792,0.151928943,-0.011862303,0.010949403,0.153031319,0.129422575,0.150827095,0.174435839,-0.150827095,-0.174435839,-0.153031319,-0.129422575,0.112014961,0.018069657,0.011850116
50.55803013,0.970916666,0.239417685,0,0,0.483532097,0,0,0.982549071,0.185698405,0.007794191,-0.00726537,0.373484048,0.018015657,-0.011384519,0.089053087,0.003697724,0.01364872,0.153145425,-0.011426083,0.010204969,0.152841806,0.129117206,0.151016012,0.174740613,-0.151016012,-0.174740613,-0.152841806,-0.129117206,0.110048049,0.018015657,0.011384519
50.6017499,0.970618311,0.240624386,0,0,0.486018173,0,0,0.982216775,0.187456369,0.007805405,-0.007034556,0.377067091,0.017971509,-0.010894546,0.089786202,0.006515533,0.013413281,0.153512081,-0.012260939,0.010000675,0.155772299,0.131250441,0.151251793,0.17577365,-0.151251793,-0.17577365,-0.155772299,-0.131250441,0.108951082,0.017971509,0.010894546
50.65014005,0.970520579,0.24101827,0,0,0.486829829,0,0,0.981889546,0.189170703,0.007832178,-0.006792963,0.38056259,0.017951689,-0.0103785,0.086379796,0.01044348,0.014617295,0.153901551,-0.013421519,0.009550969,0.155772299,0.131250441,0.151251793,0.17577365,-0.151251793,-0.17577365,-0.155772299,-0.131250441,0.106267239,0.017951689,0.0103785
50.70114995,0.970232636,0.242174795,0,0,0.48921349,0,0,0.981144547,0.193009123,0.007863358,-0.006406344,0.388390882,0.017904103,-0.009537372,0.085639209,-0.001108647,0.006847829,0.154941117,-0.013079968,0.009802094,0.15821895,0.132059023,0.151663214,0.177823141,-0.151663214,-0.177823141,-0.15821895,-0.132059023,0.100822608,0.017904103,0.009537372
50.75079012,0.969952714,0.24329351,0,0,0.491519898,0,0,0.980814576,0.194682986,0.00786637,-0.006292445,0.391805597,0.017881914,-0.009282162,0.082311779,0.002212077,0.007448345,0.154795609,-0.010472665,0.010524094,0.15821895,0.132059023,0.151663214,0.177823141,-0.151663214,-0.177823141,-0.15821895,-0.132059023,0.099714301,0.017881914,0.009282162
50.80285001,0.969770642,0.244018242,0,0,0.493014405,0,0,0.980479002,0.196368933,0.007877073,-0.006188075,0.39524597,0.01787785,-0.009042497,0.082593411,0.004961342,0.007937104,0.154685992,-0.012177646,0.010149279,0.154744133,0.133798823,0.154847011,0.175792322,-0.154847011,-0.175792322,-0.154744133,-0.133798823,0.097768435,0.01787785,0.009042497
50.85360003,0.969504472,0.245073621,0,0,0.495191256,0,0,0.980137706,0.198066548,0.007893346,-0.006123742,0.398710673,0.017899904,-0.008878943,0.092261285,-0.000202656,0.002794712,0.152548374,-0.010822324,0.010959514,0.152411148,0.130766511,0.152685538,0.174330175,-0.152685538,-0.174330175,-0.152411148,-0.130766511,0.096480583,0.017899904,0.008878943
50.90216995,0.969246776,0.246090813,0,0,0.497289911,0,0,0.979785502,0.19980371,0.007900496,-0.006054407,0.402257381,0.017901921,-0.008708447,0.092380501,0.002778322,0.006682426,0.152840256,-0.01165855,0.01024513,0.154253632,0.130936548,0.151426807,0.174743891,-0.151426807,-0.174743891,-0.154253632,-0.130936548,0.09503253,0.017901921,0.008708447
50.95350004,0.969162788,0.246421368,0,0,0.497972027,0,0,0.979338109,0.201988518,0.007878998,-0.005971148,0.406719871,0.017845556,-0.008514067,0.09271577,-0.003698468,0.004515796,0.152822136,-0.009921955,0.010564975,0.152179077,0.132335186,0.153465122,0.173309028,-0.153465122,-0.173309028,-0.152179077,-0.132335186,0.091252156,0.017845556,0.008514067
51.00758005,0.968836546,0.247700921,0,0,0.500613003,0,0,0.978615582,0.205468357,0.007774913,-0.005840289,0.413831736,0.017618198,-0.008237169,0.088547915,0.003155321,0.004778058,0.153070541,-0.011918573,0.010664461,0.152179077,0.132335186,0.153465122,0.173309028,-0.153465122,-0.173309028,-0.152179077,-0.132335186,0.086781267,0.017618198,0.008237169
51.05643011,0.96867933,0.248315032,0,0,0.501880835,0,0,0.978264987,0.207135171,0.007753571,-0.005711801,0.417241193,0.017537222,-0.007964544,0.079720452,0.002460926,0.008305163,0.154931183,-0.011497074,0.009725401,0.154324606,0.130487487,0.151816398,0.175653532,-0.151816398,-0.175653532,-0.154324606,-0.130487487,0.084639642,0.017537222,0.007964544
51.1020999,0.968526109,0.248911986,0,0,0.503113443,0,0,0.977745771,0.209578067,0.007776245,-0.005466734,0.422241165,0.017498688,-0.007431896,0.083377212,0.002800673,0.009187312,0.153606612,-0.011695766,0.009318305,0.156702816,0.133708686,0.153159484,0.176153615,-0.153159484,-0.176153615,-0.156702816,-0.133708686,0.080872278,0.017498688,0.007431896
51.15034008,0.968303859,0.249775172,0,0,0.504896122,0,0,0.977408648,0.211149454,0.00780613,-0.005251401,0.425459706,0.017478104,-0.006970128,0.076781958,0.011821837,0.010418146,0.154941748,-0.014207967,0.008906045,0.155984029,0.132592514,0.151229128,0.174620643,-0.151229128,-0.174620643,-0.155984029,-0.132592514,0.079436416,0.017478104,0.006970128
51.2002101,0.968090831,0.250599568,0,0,0.506599072,0,0,0.977080107,0.212668523,0.007871402,-0.004989472,0.428573092,0.017505078,-0.006403251,0.080124296,0.007934123,0.016432256,0.154391387,-0.013355909,0.007603085,0.16024363,0.131827712,0.1496398,0.178055719,-0.1496398,-0.178055719,-0.16024363,-0.131827712,0.07802598,0.017505078,0.006403251
51.25062013,0.968021894,0.250865728,0,0,0.507148957,0,0,0.976752043,0.214174792,0.00793252,-0.004690338,0.431661964,0.017506204,-0.005765616,0.081554785,0.008890777,0.017187746,0.154237807,-0.013785837,0.007156694,0.160144165,0.133432373,0.148638532,0.175350338,-0.148638532,-0.175350338,-0.160144165,-0.133432373,0.075486993,0.017506204,0.005765616
51.30150009,0.967887156,0.251385068,0,0,0.508222024,0,0,0.976271033,0.216362655,0.00801792,-0.004232698,0.435408363,0.017499126,-0.004954329,0.07654056,0.005861373,0.017858297,0.156234463,-0.015626772,0.006685967,0.160866901,0.133295253,0.147608638,0.175180301,-0.147608638,-0.175180301,-0.160866901,-0.133295253,0.072813661,0.017499126,0.004954329
51.35797,0.96763036,0.252371724,0,0,0.510261077,0,0,0.97569102,0.218969971,0.008123076,-0.003654247,0.441503978,0.017452448,-0.003573964,0.070852794,0.008260459,0.017591568,0.155100092,-0.013367316,0.006343132,0.165175229,0.133921698,0.147293627,0.178547159,-0.147293627,-0.178547159,-0.165175229,-0.133921698,0.068757099,0.017452448,0.003573964
51.40524006,0.967508371,0.252838985,0,0,0.511226922,0,0,0.975361526,0.220435962,0.008190841,-0.00334509,0.444514974,0.017453699,-0.00291468,0.081496693,0.002006441,0.017838923,0.153066762,-0.012706589,0.005644082,0.162124231,0.135389611,0.148075879,0.174810499,-0.148075879,-0.174810499,-0.162124231,-0.135389611,0.066711948,0.017453699,0.00291468
51.45102001,0.967333495,0.253507217,0,0,0.512608393,0,0,0.974940419,0.2222936,0.008259666,-0.002926383,0.448332394,0.017407276,-0.002034267,0.07741674,0.004114955,0.014855713,0.153545838,-0.013479305,0.00572695,0.160129234,0.134716064,0.14600423,0.171417385,-0.14600423,-0.171417385,-0.160129234,-0.134716064,0.064275999,0.017407276,0.002034267
51.50599003,0.967168445,0.254136184,0,0,0.513908918,0,0,0.974603176,0.223769695,0.00832219,-0.0025918,0.451366934,0.017382469,-0.001327646,0.07580743,0.009787829,0.02209172,0.153633169,-0.015200108,0.00413169,0.161298156,0.134339556,0.145793453,0.172752053,-0.145793453,-0.172752053,-0.161298156,-0.134339556,0.062541984,0.017382469,0.001327646
51.55215002,0.967115629,0.2543371,0,0,0.514324402,0,0,0.974258423,0.225268036,0.008363925,-0.002289806,0.454447564,0.01732975,-0.000693579,0.076258935,0.004667789,0.01418069,0.153488313,-0.013961532,0.005179103,0.164701551,0.13430135,0.142564729,0.172964931,-0.142564729,-0.172964931,-0.164701551,-0.13430135,0.059876838,0.01732975,0.000693579
51.60405994,0.967013321,0.254725806,0,0,0.51512829,0,0,0.973506987,0.228493035,0.008541552,-0.001555113,0.461084189,0.017342051,0.000875675,0.075504929,0.01234785,0.015462192,0.154206432,-0.014938021,0.004325347,0.162270695,0.134347647,0.144705862,0.172628909,-0.144705862,-0.172628909,-0.162270695,-0.134347647,0.054044101,0.017342051,0.000875675
51.65482998,0.966915469,0.255096992,0,0,0.515896025,0,0,0.97317791,0.229889244,0.008635328,-0.001183318,0.463960102,0.017352351,0.001667432,0.068775572,0.014198571,0.017533453,0.153286892,-0.016474882,0.004189049,0.164819062,0.134943038,0.143593729,0.173469752,-0.143593729,-0.173469752,-0.164819062,-0.134943038,0.051935923,0.017352351,0.001667432
51.70299006,0.966777103,0.255620876,0,0,0.516979722,0,0,0.972857594,0.231237888,0.0087481,-0.000830494,0.466739215,0.017406272,0.002430249,0.074853748,0.013933332,0.015687197,0.152411728,-0.017390132,0.003394228,0.165572688,0.132622942,0.141001031,0.173950776,-0.141001031,-0.173950776,-0.165572688,-0.132622942,0.050240507,0.017406272,0.002430249
51.75147009,0.966648908,0.256105228,0,0,0.517981782,0,0,0.972538173,0.232574582,0.008866385,-0.000440479,0.469495345,0.017451565,0.003267928,0.069727749,0.007543714,0.017287582,0.153195022,-0.01595979,0.002754829,0.166407585,0.131627351,0.138415799,0.173196048,-0.138415799,-0.173196048,-0.166407585,-0.131627351,0.048486437,0.017451565,0.003267928
51.80031991,0.966530964,0.256549988,0,0,0.518902047,0,0,0.972073376,0.234500736,0.009103782,0.000175033,0.473470484,0.017617907,0.004610708,0.071658947,0.013501197,0.017280133,0.152301452,-0.018047375,0.002103004,0.166399941,0.134480372,0.139990032,0.1719096,-0.139990032,-0.1719096,-0.166399941,-0.134480372,0.045431563,0.017617907,0.004610708
51.85317994,0.966458065,0.25682447,0,0,0.519470043,0,0,0.971773803,0.235731363,0.009289509,0.000571012,0.47601193,0.017786325,0.005490342,0.062806167,0.015030056,0.018363448,0.15405582,-0.018810355,0.001566504,0.168245777,0.132151052,0.136357054,0.172451779,-0.136357054,-0.172451779,-0.168245777,-0.132151052,0.043458113,0.017786325,0.005490342
51.90986991,0.966389775,0.257081316,0,0,0.52000158,0,0,0.971171975,0.238182038,0.009629627,0.001341683,0.481075295,0.018065896,0.007194453,0.060889874,0.013338776,0.021027775,0.152959813,-0.017653723,0.001004752,0.171299621,0.133678943,0.136811942,0.174432635,-0.136811942,-0.174432635,-0.171299621,-0.133678943,0.038926285,0.018065896,0.007194453
51.95333004,0.966296022,0.257433483,0,0,0.520730447,0,0,0.970808506,0.239647701,0.009841077,0.001801378,0.484105519,0.018245218,0.008215827,0.064239658,0.011154265,0.018630177,0.153867331,-0.019037784,0.000351122,0.169608742,0.13430132,0.136310816,0.171618238,-0.136310816,-0.171618238,-0.169608742,-0.13430132,0.036624928,0.018245218,0.008215827
52.00603009,0.966187313,0.257841184,0,0,0.521574338,0,0,0.970522285,0.240793362,0.010026218,0.00216978,0.486475695,0.018417437,0.009041788,0.057699535,0.01839325,0.015965849,0.151727114,-0.019444818,-0.000439375,0.172553942,0.134478405,0.135180652,0.173256189,-0.135180652,-0.173256189,-0.172553942,-0.134478405,0.035098643,0.018417437,0.009041788
52.05030013,0.966163058,0.257932055,0,0,0.521762441,0,0,0.970236123,0.241933838,0.010192697,0.002499717,0.488835059,0.018570176,0.009784389,0.056046993,0.014654547,0.015100093,0.153527012,-0.02044104,0.000237579,0.171611264,0.132721648,0.131842896,0.170732513,-0.131842896,-0.170732513,-0.171611264,-0.132721648,0.032927382,0.018570176,0.009784389
52.10115004,0.966097336,0.258178112,0,0,0.522271808,0,0,0.969944537,0.243089214,0.010368379,0.00279443,0.491225674,0.018756011,0.010463797,0.0610076,0.017412754,0.015752763,0.152031229,-0.021497079,-0.000186916,0.173730433,0.132848367,0.133323535,0.174205586,-0.133323535,-0.174205586,-0.173730433,-0.132848367,0.031046134,0.018756011,0.010463797
52.15057993,0.966042206,0.258384317,0,0,0.522698703,0,0,0.969584882,0.24450551,0.010626216,0.003115098,0.494157451,0.019083871,0.01123932,0.065662734,0.014363976,0.011166188,0.150452413,-0.021096606,0.000298899,0.173715174,0.130721048,0.130347207,0.173341349,-0.130347207,-0.173341349,-0.173715174,-0.130721048,0.028541252,0.019083871,0.01123932
52.2176199,0.965997704,0.258550644,0,0,0.523043058,0,0,0.9690153,0.24673529,0.010917991,0.003461546,0.498770924,0.019452455,0.012098871,0.051242862,0.009707361,0.006224961,0.151526878,-0.020053088,0.00082992,0.171250075,0.129056886,0.129654691,0.171847865,-0.129654691,-0.171847865,-0.171250075,-0.129056886,0.024272134,0.019452455,0.012098871
52.26309991,0.965973954,0.258639363,0,0,0.523226744,0,0,0.968749523,0.247768402,0.011073707,0.003553619,0.500908758,0.019695619,0.012375277,0.056689233,0.009598584,0.003387779,0.1527676,-0.020290919,0.000951846,0.170750007,0.130643845,0.132303685,0.172409847,-0.132303685,-0.172409847,-0.170750007,-0.130643845,0.022317986,0.019695619,0.012375277
52.31462002,0.965954946,0.258710345,0,0,0.523373709,0,0,0.968487263,0.2487863,0.011182617,0.003602086,0.503013935,0.019869448,0.012544116,0.046678632,0.004795939,-0.000989437,0.15071993,-0.019088797,0.001365219,0.172106624,0.131524816,0.133428499,0.174010321,-0.133428499,-0.174010321,-0.172106624,-0.131524816,0.020359774,0.019869448,0.012544116
52.35305,0.965940685,0.258763584,0,0,0.523483942,0,0,0.968190908,0.249929145,0.011347033,0.003606818,0.505378433,0.020170659,0.012658998,0.045043986,0.012115391,0.001413375,0.151877855,-0.020408705,0.002064034,0.168443471,0.130265892,0.132996336,0.1711739,-0.132996336,-0.1711739,-0.168443471,-0.130265892,0.018105509,0.020170659,0.012658998
52.40320993,0.965931176,0.258799079,0,0,0.523557434,0,0,0.967982471,0.250730306,0.011476019,0.003563587,0.507035841,0.020431591,0.012656728,0.041242693,0.003855676,-0.000832975,0.152997056,-0.019394056,0.002351258,0.170039803,0.131251723,0.135954231,0.174742326,-0.135954231,-0.174742326,-0.170039803,-0.131251723,0.016521593,0.020431591,0.012656728
52.45107007,0.965925826,0.258819045,0,0,0.523598776,0,0,0.967790484,0.251466751,0.011582141,0.003478137,0.508558582,0.020670368,0.012560273,0.043150041,0.00470206,-0.005051493,0.152210473,-0.019709132,0.003207833,0.170039803,0.131251723,0.135954231,0.174742326,-0.135954231,-0.174742326,-0.170039803,-0.131251723,0.015040194,0.020670368,0.012560273
52.50775004,0.965935337,0.25878355,0,0,0.523525281,0,0,0.967360079,0.253108501,0.011842884,0.003240301,0.511953967,0.021273972,0.012267227,0.028971583,-0.001338124,-0.006170571,0.153504737,-0.019563147,0.002757041,0.168711722,0.129293486,0.135709152,0.175127387,-0.135709152,-0.175127387,-0.168711722,-0.129293486,0.011571314,0.021273972,0.012267227
52.55163002,0.965947222,0.258739182,0,0,0.523433418,0,0,0.967220604,0.253639847,0.011895469,0.003135297,0.513051887,0.021422248,0.012102447,0.029692804,-0.000545383,-0.006723405,0.154275888,-0.01829739,0.003888589,0.170310795,0.131184533,0.136698604,0.175824881,-0.136698604,-0.175824881,-0.170310795,-0.131184533,0.010381531,0.021422248,0.012102447
52.60110999,0.965963857,0.258677072,0,0,0.523304818,0,0,0.967076421,0.254186422,0.011965035,0.003059514,0.514182453,0.021588507,0.01200335,0.033342093,0.003863126,-0.004427135,0.153761718,-0.018533695,0.004127673,0.168684646,0.132089883,0.139867067,0.176461816,-0.139867067,-0.176461816,-0.168684646,-0.132089883,0.009122365,0.021588507,0.01200335
52.65045,0.965985237,0.258597221,0,0,0.523139491,0,0,0.966935813,0.254720926,0.011980039,0.003007313,0.515287329,0.021637491,0.011921961,0.027618559,0.003879518,0.000383705,0.153502079,-0.01978164,0.00310984,0.168167695,0.131100327,0.139355674,0.176423043,-0.139355674,-0.176423043,-0.168167695,-0.131100327,0.007852162,0.021637491,0.011921961
52.70120001,0.96602619,0.258444192,0,0,0.522822662,0,0,0.966776013,0.255326152,0.01199779,0.002980533,0.516539283,0.02167803,0.011892787,0.02981201,0.000887364,0.003290922,0.152510723,-0.019000438,0.00265628,0.170173839,0.13061057,0.136830255,0.176393509,-0.136830255,-0.176393509,-0.170173839,-0.13061057,0.006283379,0.02167803,0.011892787
52.75050998,0.966077781,0.258251277,0,0,0.522423274,0,0,0.966628194,0.255883694,0.012012971,0.003042282,0.51769444,0.021668905,0.012032472,0.026185071,-0.000351667,0.004313143,0.152750933,-0.018701598,0.002443854,0.168854833,0.130853981,0.136166543,0.174167395,-0.136166543,-0.174167395,-0.168854833,-0.130853981,0.004728834,0.021668905,0.012032472
52.81307006,0.966139976,0.2580185,0,0,0.521941389,0,0,0.966357112,0.256903201,0.01201144,0.0032384,0.519808089,0.021552436,0.012433664,0.028146058,0.004062802,0.007062405,0.152256881,-0.018655369,0.001733145,0.169008628,0.131605461,0.136493161,0.173896343,-0.136493161,-0.173896343,-0.169008628,-0.131605461,0.0021333,0.021552436,0.012433664
52.85648013,0.966187313,0.257841184,0,0,0.521574338,0,0,0.966186225,0.257543653,0.011989322,0.003446968,0.521137265,0.021393974,0.012839661,0.027415903,-0.000193715,0.009895116,0.151285952,-0.019948567,0.001725513,0.169179067,0.131868348,0.135334641,0.172645345,-0.135334641,-0.172645345,-0.169179067,-0.131868348,0.000437073,0.021393974,0.012839661
52.90400005,0.966239333,0.257646175,0,0,0.521170681,0,0,0.966066599,0.257989526,0.011990839,0.003599104,0.522063343,0.021312449,0.013144333,0.022130461,0.005511194,0.008679181,0.150846538,-0.018856258,0.001011013,0.169508964,0.12961185,0.133062869,0.172959983,-0.133062869,-0.172959983,-0.169508964,-0.12961185,0.000892662,0.021312449,0.013144333
52.95281005,0.966296022,0.257433483,0,0,0.520730447,0,0,0.965961933,0.258378714,0.011989304,0.003803756,0.522872964,0.021198386,0.013547583,0.014600905,0.000723451,0.013595077,0.152853789,-0.019204982,3.43E-05,0.168691739,0.13097924,0.133001268,0.170713767,-0.133001268,-0.170713767,-0.168691739,-0.13097924,0.002142517,0.021198386,0.013547583
53.00641013,0.966357364,0.25720312,0,0,0.520253666,0,0,0.965872586,0.258709639,0.011975515,0.004012465,0.52356187,0.021059071,0.013950968,0.013010949,0.004107506,0.01005605,0.152752581,-0.020150904,0.000384684,0.17251876,0.132216975,0.132986337,0.173288122,-0.132986337,-0.173288122,-0.17251876,-0.132216975,0.003308204,0.021059071,0.013950968
53.05006004,0.966423343,0.256955098,0,0,0.519740371,0,0,0.965779245,0.259053528,0.011984372,0.004262576,0.524278953,0.020941573,0.014446271,0.011814385,0.005371124,0.010649114,0.152526837,-0.020580975,-1.05E-05,0.17251876,0.132216975,0.132986337,0.173288122,-0.132986337,-0.173288122,-0.17251876,-0.132216975,0.004538582,0.020941573,0.014446271
53.1006701,0.966530964,0.256549988,0,0,0.518902047,0,0,0.965735137,0.259213388,0.012018275,0.004457723,0.524614523,0.020903456,0.01484434,0.005293638,0.011318176,0.004646927,0.153376776,-0.022250856,0.000803204,0.173118219,0.131956294,0.131935388,0.173097312,-0.131935388,-0.173097312,-0.173118219,-0.131956294,0.005712476,0.020903456,0.01484434
53.15026999,0.966690505,0.255948174,0,0,0.517656843,0,0,0.965703845,0.259325027,0.012041477,0.00465001,0.524850015,0.020846782,0.015230275,0.00724718,0.00288561,0.013457985,0.152173525,-0.020107164,-0.000922441,0.174824387,0.130322695,0.1319291,0.176430792,-0.1319291,-0.176430792,-0.174824387,-0.130322695,0.007193172,0.020846782,0.015230275
53.20002008,0.966777103,0.255620876,0,0,0.516979722,0,0,0.965632021,0.259585589,0.012061406,0.004988883,0.525396473,0.02070515,0.015900859,0.005578249,0.000395626,0.008534641,0.152311366,-0.020944401,-0.00039762,0.173203081,0.132988781,0.131143898,0.171358198,-0.131143898,-0.171358198,-0.173203081,-0.132988781,0.008416751,0.02070515,0.015900859
53.25081993,0.966868222,0.255276008,0,0,0.516266318,0,0,0.965610445,0.259664208,0.012046159,0.005096632,0.525560928,0.020618427,0.016102752,0.002273172,0.002823025,0.00545457,0.15228556,-0.020216117,-6.91E-05,0.172570765,0.132138565,0.132000282,0.172432497,-0.132000282,-0.172432497,-0.172570765,-0.132138565,0.00929461,0.020618427,0.016102752
53.30136991,0.967013321,0.254725806,0,0,0.51512829,0,0,0.9656021,0.259694755,0.012024861,0.005169405,0.525624963,0.020538969,0.016232898,-0.000421703,0.000653416,0.006780774,0.152195918,-0.019627539,-0.000377489,0.172570765,0.132138565,0.132000282,0.172432497,-0.132000282,-0.172432497,-0.172570765,-0.132138565,0.010496673,0.020538969,0.016232898
53.35132003,0.967168445,0.254136184,0,0,0.513908918,0,0,0.965589821,0.259740204,0.011985883,0.005258943,0.5257197,0.020416394,0.016386544,-0.000488758,0.002803653,0.006208569,0.151504658,-0.020178576,-0.000417505,0.172200903,0.13294585,0.132190868,0.171445921,-0.132190868,-0.171445921,-0.172200903,-0.13294585,0.011810782,0.020416394,0.016386544
53.40675998,0.967333495,0.253507217,0,0,0.512608393,0,0,0.965586483,0.259754837,0.011907941,0.005325872,0.525749079,0.020230831,0.016475587,-0.004252792,-0.004416704,0.005952269,0.151556731,-0.0181623,-0.000441824,0.172100693,0.131743565,0.130908549,0.171265692,-0.130908549,-0.171265692,-0.172100693,-0.131743565,0.013140686,0.020230831,0.016475587
53.4593699,0.967448994,0.253066086,0,0,0.511696393,0,0,0.965614676,0.259654194,0.011782527,0.005411721,0.525538672,0.01994573,0.016574094,-0.006839633,0.003159791,0.005056709,0.1506066,-0.018654622,-0.000273255,0.16953443,0.132225215,0.1316787,0.16898793,-0.1316787,-0.16898793,-0.16953443,-0.132225215,0.013842279,0.01994573,0.016574094
53.50406003,0.967568828,0.252607529,0,0,0.51074848,0,0,0.965646803,0.259537876,0.011715842,0.005420107,0.525296017,0.019814576,0.016553229,-0.008894503,-0.002899766,0.002907962,0.15112107,-0.02004966,-0.000459049,0.16953443,0.132225215,0.1316787,0.16898793,-0.1316787,-0.16898793,-0.16953443,-0.132225215,0.014547537,0.019814576,0.016553229
53.55206991,0.967692963,0.252131572,0,0,0.509764722,0,0,0.965699315,0.259345084,0.011632451,0.005461105,0.524895188,0.019635537,0.016585162,-0.007735193,-0.003786385,0.003362447,0.150928268,-0.018018059,-0.000256961,0.171629727,0.131530434,0.130612344,0.170711637,-0.130612344,-0.170711637,-0.171629727,-0.131530434,0.015130466,0.019635537,0.016585162
53.60138011,0.967887156,0.251385068,0,0,0.508222024,0,0,0.965760231,0.259120405,0.011572542,0.005477372,0.52442853,0.019515239,0.016580934,-0.009983778,-0.005838275,0.000781566,0.150671984,-0.017386684,0.000147997,0.169203252,0.133167148,0.132653221,0.168689325,-0.132653221,-0.168689325,-0.169203252,-0.133167148,0.016206506,0.019515239,0.016580934
53.65028,0.968090831,0.250599568,0,0,0.506599072,0,0,0.96582824,0.258869767,0.011493889,0.005509879,0.523907889,0.019350766,0.016597901,-0.015042723,0.004290789,0.003070384,0.150966266,-0.019998529,-0.000331059,0.167910621,0.133137286,0.133433267,0.168206617,-0.133433267,-0.168206617,-0.167910621,-0.133137286,0.017308817,0.019350766,0.016597901
53.70748997,0.968303859,0.249775172,0,0,0.504896122,0,0,0.965921462,0.258523375,0.011428982,0.005536905,0.523189402,0.019217344,0.016609581,-0.018166007,-0.001251698,0.005022437,0.150855071,-0.018437845,-0.000701634,0.171295807,0.13129878,0.130636662,0.170633689,-0.130636662,-0.170633689,-0.171295807,-0.13129878,0.01829328,0.019217344,0.016609581
53.75330997,0.968451009,0.249204018,0,0,0.503716511,0,0,0.966052771,0.258035183,0.011352868,0.005586585,0.52217732,0.019053017,0.01665654,-0.023737546,0.001695007,0.004429371,0.151641139,-0.01913443,-0.000679714,0.169994503,0.133118838,0.131715566,0.168591231,-0.131715566,-0.168591231,-0.169994503,-0.133118838,0.018460809,0.019053017,0.01665654
53.80510998,0.968602218,0.248615656,0,0,0.502501548,0,0,0.966305792,0.257091761,0.011181339,0.005657427,0.520220993,0.018701318,0.016686559,-0.025549533,-0.004757941,0.003553181,0.150887819,-0.019043673,-0.000596349,0.171455234,0.1331864,0.131826967,0.170095816,-0.131826967,-0.170095816,-0.171455234,-0.1331864,0.017719445,0.018701318,0.016686559
53.85239006,0.968757442,0.248010119,0,0,0.501251317,0,0,0.96644634,0.256566644,0.011069181,0.005714608,0.519132125,0.01846423,0.016729318,-0.028170647,-0.004547835,0.00391081,0.151170011,-0.017211038,-0.000672979,0.170527801,0.132440478,0.131247774,0.169335097,-0.131247774,-0.169335097,-0.170527801,-0.132440478,0.017880808,0.01846423,0.016729318
53.90147996,0.968997714,0.247069688,0,0,0.499310037,0,0,0.966594696,0.256010383,0.010964464,0.005764341,0.517979094,0.018245935,0.016761171,-0.033609573,-0.00475496,0.003714114,0.152371285,-0.016962623,-0.000880073,0.169053987,0.134631932,0.133285969,0.167708024,-0.133285969,-0.167708024,-0.169053987,-0.134631932,0.018669057,0.018245935,0.016761171
53.95071006,0.969246775,0.246090813,0,0,0.497289911,0,0,0.966821551,0.255157411,0.010788176,0.005872448,0.516211437,0.017864634,0.016864073,-0.0271827,-0.007724763,0.00659153,0.150363364,-0.01600136,-0.001617631,0.170213938,0.136288717,0.134528562,0.168453798,-0.134528562,-0.168453798,-0.170213938,-0.136288717,0.018921526,0.017864634,0.016864073
54.00813008,0.969504472,0.245073621,0,0,0.495191256,0,0,0.966965973,0.254612416,0.010681344,0.005951118,0.515082513,0.017627445,0.016951705,-0.028596818,-0.001317263,0.004481525,0.149802802,-0.017595518,-0.001427538,0.16798231,0.135979608,0.132744342,0.164747044,-0.132744342,-0.164747044,-0.16798231,-0.135979608,0.019891257,0.017627445,0.016951705
54.05745006,0.969680987,0.24437427,0,0,0.49374869,0,0,0.967280805,0.253419399,0.010424007,0.006149005,0.512611687,0.017050155,0.017182262,-0.022292137,-0.003157556,0.006314368,0.149908662,-0.017535321,-0.002082153,0.16882582,0.133634806,0.130779728,0.165970743,-0.130779728,-0.165970743,-0.16882582,-0.133634806,0.018862997,0.017050155,0.017182262
54.1055801,0.96986122,0.243657987,0,0,0.492271471,0,0,0.967464149,0.25272426,0.010222488,0.006265,0.51117093,0.016613908,0.017292512,-0.030903518,-0.004276634,0.005542487,0.149745541,-0.017452499,-0.002407212,0.1695261,0.134455472,0.130291164,0.165361792,-0.130291164,-0.165361792,-0.1695261,-0.134455472,0.018899459,0.016613908,0.017292512
54.15274001,0.97004512,0.242924815,0,0,0.490759702,0,0,0.967619181,0.252132624,0.010093306,0.006352206,0.509945934,0.016330483,0.017385931,-0.031894445,-0.006596745,0.00789687,0.148422698,-0.016324462,-0.002176237,0.16960521,0.134700239,0.129885808,0.164790779,-0.129885808,-0.164790779,-0.16960521,-0.134700239,0.019186232,0.016330483,0.017385931
54.20222998,0.970327735,0.24179348,0,0,0.488427502,0,0,0.967781186,0.251515061,0.009936166,0.006419033,0.508666406,0.016003782,0.01742574,-0.028192997,-0.002422929,0.000805408,0.147223559,-0.016508967,-0.0016985,0.166923359,0.134274453,0.129921973,0.162570879,-0.129921973,-0.162570879,-0.166923359,-0.134274453,0.020238904,0.016003782,0.01742574
54.25032998,0.970618311,0.240624386,0,0,0.486018174,0,0,0.96789819,0.251068085,0.009936773,0.006261209,0.507740528,0.016092284,0.01711309,-0.010247528,-5.81E-05,0.002708286,0.143254213,-0.017125055,-0.001967582,0.165430978,0.132413074,0.129016072,0.16203399,-0.129016072,-0.16203399,-0.165430978,-0.132413074,0.021722354,0.016092284,0.01711309
54.30820013,0.970916666,0.239417685,0,0,0.483532097,0,0,0.968034029,0.250549048,0.009889995,0.006120161,0.506664875,0.016081596,0.01680787,-0.019344687,-0.003999472,-0.008130074,0.143656875,-0.015917834,7.20E-05,0.16234681,0.128096715,0.124161556,0.158411637,-0.124161556,-0.158411637,-0.16234681,-0.128096715,0.023132778,0.016081596,0.01680787
54.35606003,0.9711198,0.238592403,0,0,0.481832269,0,0,0.968187809,0.249957919,0.00995911,0.00586135,0.505441588,0.016355123,0.016331401,-0.034826998,0.000687689,-0.015640259,0.146318527,-0.017125468,0.001736272,0.159502625,0.127666965,0.127811074,0.15964672,-0.127811074,-0.15964672,-0.159502625,-0.127666965,0.023609319,0.016355123,0.016331401
54.40357995,0.971326252,0.237750524,0,0,0.480098623,0,0,0.968595505,0.248381928,0.01003469,0.005332491,0.502180682,0.016790911,0.015317684,-0.047938529,0.000865012,-0.014030933,0.14522554,-0.016210155,0.000553072,0.161707684,0.127456769,0.130929306,0.165180221,-0.130929306,-0.165180221,-0.161707684,-0.127456769,0.022082059,0.016790911,0.015317684
54.45264006,0.971535966,0.2368921,0,0,0.478331283,0,0,0.968955398,0.246979609,0.010141061,0.004894039,0.499281298,0.017235864,0.014496137,-0.062267486,0.001718849,-0.021192433,0.147988446,-0.017065545,0.002132793,0.160882577,0.128462285,0.129568428,0.16198872,-0.129568428,-0.16198872,-0.160882577,-0.128462285,0.020950015,0.017235864,0.014496137
54.50188995,0.971856524,0.235573548,0,0,0.475617367,0,0,0.969299734,0.245627925,0.010241719,0.004502639,0.496487899,0.017643555,0.013762692,-0.068320334,-0.003162027,-0.019483268,0.152269049,-0.01592998,0.004178583,0.16292116,0.128790081,0.133055672,0.167186737,-0.133055672,-0.167186737,-0.16292116,-0.128790081,0.020870532,0.017643555,0.013762692
54.55079008,0.972184089,0.234218055,0,0,0.472828345,0,0,0.96966821,0.244171783,0.010321196,0.00418291,0.493480448,0.017974537,0.01315486,-0.075425215,0.001014024,-0.014698506,0.152988653,-0.01703455,0.003737421,0.164020404,0.13216047,0.140517622,0.172377571,-0.140517622,-0.172377571,-0.164020404,-0.13216047,0.020652103,0.017974537,0.01315486
54.60811997,0.972518456,0.2328258,0,0,0.469964658,0,0,0.97005403,0.242633983,0.010443869,0.003870618,0.490306744,0.018384981,0.012579949,-0.081378222,-0.002738834,-0.018364191,0.153498505,-0.016061695,0.004763381,0.166285738,0.132216662,0.139691502,0.173760578,-0.139691502,-0.173760578,-0.166285738,-0.132216662,0.020342086,0.018384981,0.012579949
54.65409995,0.972745043,0.231877298,0,0,0.468014275,0,0,0.97066927,0.240162134,0.01056679,0.003422888,0.485206866,0.018870739,0.011722824,-0.082817666,0.003492087,-0.010538102,0.154065994,-0.017756855,0.003912349,0.16479677,0.132673398,0.142200172,0.174323544,-0.142200172,-0.174323544,-0.16479677,-0.132673398,0.017192591,0.018870739,0.011722824
54.70177007,0.972974498,0.230912596,0,0,0.466031046,0,0,0.971049368,0.238622233,0.010602677,0.003193593,0.482031225,0.019068476,0.011264627,-0.07664711,0.001656264,-0.011205674,0.152551105,-0.01725133,0.00423209,0.167910457,0.132396773,0.140221462,0.175735146,-0.140221462,-0.175735146,-0.167910457,-0.132396773,0.016000179,0.019068476,0.011264627
54.75337005,0.973206756,0.229931751,0,0,0.464015109,0,0,0.971678913,0.23604764,0.010586219,0.003108825,0.476728093,0.01910631,0.011041501,-0.054700684,-0.0002563,0.005442651,0.149774691,-0.018042595,0.002337681,0.165479556,0.129394397,0.134069756,0.170154929,-0.134069756,-0.170154929,-0.165479556,-0.129394397,0.012712984,0.01910631,0.011041501
54.80157996,0.973441753,0.228934822,0,0,0.461966606,0,0,0.971984565,0.23478806,0.010495565,0.003238342,0.474136178,0.018883527,0.011225939,-0.045719743,-0.00476092,0.006402284,0.145349229,-0.015507608,0.000849489,0.165479556,0.129394397,0.134069756,0.170154929,-0.134069756,-0.170154929,-0.165479556,-0.129394397,0.012169572,0.018883527,0.011225939
54.85056997,0.973799242,0.227409401,0,0,0.458833105,0,0,0.972173393,0.234007388,0.010374215,0.003456307,0.472531132,0.01855453,0.011577795,-0.033523146,9.31E-05,0.0153102,0.141450325,-0.016749717,-0.001104036,0.160007313,0.12899211,0.130691081,0.161706284,-0.130691081,-0.161706284,-0.160007313,-0.12899211,0.013698027,0.01855453,0.011577795
54.90532995,0.974284865,0.225319777,0,0,0.454542483,0,0,0.972319901,0.233399779,0.010227067,0.003759002,0.471283188,0.018134253,0.012086174,-0.028143823,0.002304465,0.020629914,0.138849623,-0.017257869,-0.002501313,0.159304038,0.125804618,0.123596549,0.157095969,-0.123596549,-0.157095969,-0.159304038,-0.125804618,0.016740705,0.018134253,0.012086174
54.95173002,0.974531369,0.224251222,0,0,0.452349244,0,0,0.972451508,0.232851401,0.010083111,0.004106123,0.470157886,0.01769936,0.012684068,-0.028985739,-0.001268089,0.020120295,0.138106629,-0.016219667,-0.002886758,0.158608764,0.124093048,0.119090423,0.153606132,-0.119090423,-0.153606132,-0.158608764,-0.124093048,0.017808642,0.01769936,0.012684068
55.00168992,0.974780244,0.223166924,0,0,0.450124257,0,0,0.972615182,0.232166365,0.009912902,0.004497721,0.468751733,0.017195285,0.01335436,-0.027588015,-0.005769731,0.013642761,0.13696475,-0.014905927,-0.002321376,0.157213017,0.124773696,0.119000182,0.151439503,-0.119000182,-0.151439503,-0.157213017,-0.124773696,0.018627476,0.017195285,0.01335436
55.05293012,0.97503142,0.222066949,0,0,0.447867679,0,0,0.973003864,0.23052755,0.009793546,0.004980864,0.465387267,0.016762645,0.014210637,-0.052329898,0.002736598,0.005859882,0.138356893,-0.01512545,-0.0026912,0.154192016,0.124380179,0.119737424,0.149549261,-0.119737424,-0.149549261,-0.154192016,-0.124380179,0.017519588,0.016762645,0.014210637
55.1020999,0.975412346,0.220387737,0,0,0.444423926,0,0,0.973281682,0.229350075,0.00977809,0.005086718,0.462968565,0.016701167,0.014389331,-0.066827238,-0.00154078,0.005278736,0.144201803,-0.015957339,-0.001527553,0.156173497,0.12592262,0.120540224,0.150791109,-0.120540224,-0.150791109,-0.156173497,-0.12592262,0.018544639,0.016701167,0.014389331
55.15094996,0.975798055,0.218673631,0,0,0.440909993,0,0,0.973709524,0.22752212,0.009870061,0.005097338,0.459215333,0.016902436,0.014420528,-0.086539984,0.006199629,-0.003565848,0.14738156,-0.018081667,1.38E-05,0.161686659,0.129771993,0.126716882,0.158631548,-0.126716882,-0.158631548,-0.161686659,-0.129771993,0.01830534,0.016902436,0.014420528
55.20821,0.976188303,0.216924866,0,0,0.437326436,0,0,0.974122643,0.22574605,0.009971824,0.004960963,0.45556805,0.017188565,0.014169935,-0.100182004,0.01073703,-0.011639297,0.148559422,-0.019324339,0.001568485,0.165449336,0.129286021,0.129313722,0.165477037,-0.129313722,-0.165477037,-0.165449336,-0.129286021,0.018241614,0.017188565,0.014169935
55.25341011,0.97645087,0.215739888,0,0,0.434898996,0,0,0.974596977,0.223687455,0.01012733,0.00471472,0.451341917,0.017631794,0.01372318,-0.107167676,0.005540998,-0.015184286,0.149781464,-0.018031597,0.002506506,0.166315228,0.127666578,0.13080354,0.169452205,-0.13080354,-0.169452205,-0.166315228,-0.127666578,0.016442921,0.017631794,0.01372318
55.30158997,0.976715272,0.214539685,0,0,0.432441033,0,0,0.975103199,0.221469283,0.010284441,0.004432927,0.446789694,0.018094249,0.013203039,-0.109939292,0.001012534,-0.018045308,0.150203872,-0.016919924,0.003340241,0.165306509,0.129243344,0.134256348,0.170319527,-0.134256348,-0.170319527,-0.165306509,-0.129243344,0.014348661,0.018094249,0.013203039
55.3529501,0.976981437,0.213324333,0,0,0.429952721,0,0,0.976342022,0.215942577,0.010555479,0.003702732,0.435453923,0.019013504,0.011791423,-0.103598848,-0.000195205,-0.004410744,0.151541478,-0.018793953,0.002889154,0.163783506,0.129943684,0.136624172,0.170463994,-0.136624172,-0.170463994,-0.163783506,-0.129943684,0.005501202,0.019013504,0.011791423
55.40292001,0.97724929,0.212093906,0,0,0.427434232,0,0,0.976751506,0.21408537,0.010562143,0.003553589,0.431647543,0.019112795,0.01146669,-0.090898581,-0.004598499,-0.003542006,0.147420508,-0.01557996,0.001705484,0.167446226,0.129858345,0.135636657,0.173224539,-0.135636657,-0.173224539,-0.167446226,-0.129858345,0.004213311,0.019112795,0.01146669
55.45040012,0.97765407,0.210220167,0,0,0.423600308,0,0,0.977101386,0.212487742,0.010481743,0.003490099,0.42837392,0.019001384,0.011277118,-0.074091576,-0.00691116,-0.000263751,0.142661377,-0.014867989,0.001050906,0.161294937,0.130135044,0.13354601,0.164705917,-0.13354601,-0.164705917,-0.161294937,-0.130135044,0.004773612,0.019001384,0.011277118
55.50501013,0.978198983,0.207669809,0,0,0.418384461,0,0,0.977385759,0.211182788,0.010336815,0.003474739,0.425700031,0.018739599,0.011160427,-0.060549378,-0.010174513,0.004049391,0.13764811,-0.013822574,0.000162202,0.15647842,0.126742452,0.128844276,0.158580229,-0.128844276,-0.158580229,-0.15647842,-0.126742452,0.00731557,0.018739599,0.011160427
55.5506599,0.9784735,0.206372505,0,0,0.415732401,0,0,0.977672696,0.209861338,0.010085481,0.003571945,0.422993042,0.018222378,0.011219588,-0.042979419,-0.003543497,0.007142873,0.133184539,-0.015330761,-0.000705145,0.149220407,0.118558899,0.117148615,0.147810116,-0.117148615,-0.147810116,-0.149220407,-0.118558899,0.007260641,0.018222378,0.011219588
55.60161996,0.978749287,0.20506056,0,0,0.413051162,0,0,0.977837503,0.209102556,0.00980735,0.003705542,0.42143785,0.017631227,0.011350328,-0.03421605,-0.0125736,0.010230393,0.130235459,-0.012613273,-0.001514822,0.149220407,0.118558899,0.117148615,0.147810116,-0.117148615,-0.147810116,-0.149220407,-0.118558899,0.008386688,0.017631227,0.011350328
55.65288997,0.979026269,0.203734055,0,0,0.410340935,0,0,0.978123665,0.207771227,0.00952749,0.003807524,0.418711478,0.017056766,0.011409441,-0.030620392,0.008489936,-0.014801323,0.12899132,-0.013675081,-0.002216567,0.144363523,0.119136989,0.116107345,0.141333878,-0.116107345,-0.141333878,-0.144363523,-0.119136989,0.008370543,0.017056766,0.011409441
55.70461011,0.979304367,0.202393075,0,0,0.407601908,0,0,0.978338838,0.206754372,0.009638283,0.003621017,0.416631445,0.01736256,0.01107257,-0.049820542,0.00544563,-0.010605157,0.127270529,-0.017865547,0.002450004,0.144882932,0.117532782,0.11309965,0.140449792,-0.11309965,-0.140449792,-0.144882932,-0.117532782,0.009029537,0.01736256,0.01107257
55.75065995,0.979723438,0.200354648,0,0,0.403439791,0,0,0.978568256,0.205661878,0.009799721,0.003386507,0.41439737,0.017787376,0.010660601,-0.060141087,0.004584343,-0.016409161,0.132318953,-0.016995456,0.003387459,0.142686039,0.106954962,0.11185497,0.147586048,-0.11185497,-0.147586048,-0.142686039,-0.106954962,0.010957579,0.017787376,0.010660601
55.80517006,0.980285379,0.197586881,0,0,0.397791315,0,0,0.978849471,0.2043145,0.010023834,0.003037903,0.411641918,0.018383302,0.010045191,-0.071229048,0.003617257,-0.023381412,0.132292567,-0.016878764,0.005047278,0.145926908,0.111936018,0.118710935,0.152701825,-0.118710935,-0.152701825,-0.145926908,-0.111936018,0.013850603,0.018383302,0.010045191
55.85061002,0.980567536,0.196181824,0,0,0.3949251,0,0,0.979192197,0.20265688,0.010303559,0.002589177,0.408252502,0.019130066,0.009248601,-0.089013569,0.009723751,-0.023190673,0.135307355,-0.018710919,0.005638218,0.144124016,0.110366508,0.120461062,0.154218569,-0.120461062,-0.154218569,-0.144124016,-0.110366508,0.013327402,0.019130066,0.009248601
55.90166998,0.980850378,0.194762771,0,0,0.392031167,0,0,0.979687274,0.200233698,0.010759862,0.0019146,0.403299177,0.02031726,0.008062142,-0.104044393,0.012461099,-0.032192476,0.138141228,-0.019790699,0.008105682,0.148380011,0.110958196,0.122234635,0.15965645,-0.122234635,-0.15965645,-0.148380011,-0.110958196,0.01126801,0.02031726,0.008062142
55.95044995,0.981133825,0.193329813,0,0,0.389109721,0,0,0.980568886,0.195830941,0.011596008,0.000781462,0.394304561,0.022437179,0.006075836,-0.110885508,0.01687631,-0.032599274,0.139467147,-0.019955146,0.008863114,0.149826199,0.110244825,0.126456186,0.166037574,-0.126456186,-0.166037574,-0.149826199,-0.110244825,0.00519484,0.022437179,0.006075836
56.0041399,0.9814178,0.191883041,0,0,0.386160965,0,0,0.981015384,0.193554476,0.012070262,0.000217267,0.389656589,0.023600304,0.005100233,-0.114080317,0.020509213,-0.031200053,0.13866687,-0.021701411,0.009624409,0.150559142,0.11064887,0.128375098,0.16828537,-0.128375098,-0.16828537,-0.150559142,-0.11064887,0.003495624,0.023600304,0.005100233
56.05018998,0.981702222,0.19042255,0,0,0.383185108,0,0,0.981675386,0.190126076,0.012859499,-0.000586831,0.382660808,0.025473601,0.003738918,-0.113078952,0.025538357,-0.035320222,0.140469707,-0.025228923,0.011882427,0.150743827,0.107341036,0.12658985,0.169992641,-0.12658985,-0.169992641,-0.150743827,-0.107341036,0.0005243,0.025473601,0.003738918
56.10788012,0.982414709,0.186711916,0,0,0.375628267,0,0,0.982087314,0.187945947,0.013404763,-0.001140764,0.378212873,0.02676129,0.002799088,-0.11170359,0.019899758,-0.029553477,0.13721027,-0.024277556,0.011578821,0.153816164,0.103358343,0.127123192,0.177581012,-0.127123192,-0.177581012,-0.153816164,-0.103358343,0.002584606,0.02676129,0.002799088
56.15015007,0.982700067,0.185204153,0,0,0.37255921,0,0,0.982472003,0.185879931,0.013964264,-0.001653134,0.373999272,0.028057237,0.001943803,-0.103896871,0.023036456,-0.02818704,0.134998772,-0.025699501,0.011973627,0.148724601,0.09732563,0.121272884,0.172671854,-0.121272884,-0.172671854,-0.148724601,-0.09732563,0.001440062,0.028057237,0.001943803
56.20178009,0.982985513,0.183683102,0,0,0.369464004,0,0,0.982840598,0.183898121,0.014227582,-0.001874066,0.36996222,0.028660086,0.001549672,-0.097097464,-0.002419949,0.00082925,0.132829733,-0.019233399,0.007284255,0.148724601,0.09732563,0.121272884,0.172671854,-0.121272884,-0.172671854,-0.148724601,-0.09732563,0.000498216,0.028660086,0.001549672
56.25057006,0.983270965,0.182148864,0,0,0.366342869,0,0,0.983276844,0.181549057,0.014265533,-0.001810915,0.365184311,0.028715416,0.001619194,-0.095853217,0.00185743,0.00276193,0.13205463,-0.020445387,0.006790314,0.144778833,0.106312059,0.120880574,0.15934734,-0.120880574,-0.15934734,-0.144778833,-0.106312059,0.001158558,0.028715416,0.001619194
56.30435992,0.983556346,0.180601537,0,0,0.363196022,0,0,0.983831286,0.178514034,0.014395758,-0.001319419,0.359026561,0.028801038,0.002544575,-0.063566871,0.007548183,0.019217283,0.127518453,-0.021045023,0.004390344,0.145709664,0.10481891,0.118399538,0.159290284,-0.118399538,-0.159290284,-0.145709664,-0.10481891,0.004169461,0.028801038,0.002544575
56.35051012,0.983984104,0.17825623,0,0,0.358428027,0,0,0.984063685,0.177221432,0.014521266,-0.000887652,0.356412138,0.028898333,0.003401372,-0.05834103,0.006567687,0.022376329,0.122899883,-0.022306815,0.00200625,0.144173086,0.102083072,0.11086376,0.152953774,-0.11086376,-0.152953774,-0.144173086,-0.102083072,0.002015889,0.028898333,0.003401372
56.40695,0.984411247,0.175882051,0,0,0.353603432,0,0,0.98434943,0.175613284,0.014704677,-0.000277546,0.353163082,0.029050645,0.004620235,-0.060126189,0.011911241,0.021640213,0.120639198,-0.024099035,0.001306195,0.143200412,0.098586805,0.1025993,0.147212908,-0.1025993,-0.147212908,-0.143200412,-0.098586805,0.00044035,0.029050645,0.004620235
56.45874,0.984837506,0.173479354,0,0,0.348722999,0,0,0.98458451,0.174294323,0.014665462,0.000290093,0.350498014,0.028781614,0.00568584,-0.066484503,-0.00115186,0.032202158,0.11996751,-0.020696903,-0.001241632,0.143431991,0.095233954,0.097846344,0.146044388,-0.097846344,-0.146044388,-0.143431991,-0.095233954,0.001775015,0.028781614,0.00568584
56.50919009,0.985262611,0.171048495,0,0,0.343787498,0,0,0.985061467,0.171591356,0.014429538,0.001521999,0.34503715,0.027909256,0.007953673,-0.068262219,0.005472452,0.025405735,0.116060489,-0.021777767,-0.002269751,0.141906008,0.100512229,0.098028958,0.139422745,-0.098028958,-0.139422745,-0.141906008,-0.100512229,0.001249652,0.027909256,0.007953673
56.55111003,0.985404009,0.170232013,0,0,0.342130228,0,0,0.985061467,0.171591356,0.014429538,0.001521999,0.34503715,0.027909256,0.007953673,-0.068262219,0.005472452,0.025405735,0.118139421,-0.022426662,-0.00177175,0.140107974,0.096552461,0.092012957,0.13556847,-0.092012957,-0.13556847,-0.140107974,-0.096552461,0.002906922,0.027909256,0.007953673
56.61111999,0.985967823,0.166935474,0,0,0.335441412,0,0,0.985662937,0.168087304,0.014466082,0.002482589,0.337949927,0.027686309,0.009761014,-0.076076381,0.009181351,0.01564249,0.117544203,-0.023504728,-0.002051323,0.142337799,0.097484499,0.093940996,0.138794288,-0.093940996,-0.138794288,-0.142337799,-0.097484499,0.002508515,0.027686309,0.009761014
56.65953994,0.986388536,0.164431313,0,0,0.330362899,0,0,0.98595494,0.1663495,0.014602124,0.002749329,0.334433465,0.027882984,0.01028372,-0.084243715,0.013459474,0.008719415,0.118712041,-0.024980773,-0.000546475,0.143100217,0.096090786,0.091988139,0.13899757,-0.091988139,-0.13899757,-0.143100217,-0.096090786,0.004070566,0.027882984,0.01028372
56.70152998,0.986528312,0.163590619,0,0,0.328658428,0,0,0.986264706,0.16448392,0.014788161,0.00289363,0.330656682,0.028221915,0.010577008,-0.09307266,0.013292582,0.002843887,0.119668499,-0.025171629,0.000286126,0.144239247,0.094277732,0.093184784,0.143146291,-0.093184784,-0.143146291,-0.144239247,-0.094277732,0.001998254,0.028221915,0.010577008
56.75028992,0.986807112,0.161900352,0,0,0.325232217,0,0,0.986597359,0.162455216,0.015018917,0.002911391,0.326547862,0.02869324,0.010629118,-0.10677278,0.009379536,-0.003895164,0.120785359,-0.024378416,0.001438822,0.144553959,0.094210729,0.094782986,0.145126209,-0.094782986,-0.145126209,-0.144553959,-0.094210729,0.001315645,0.02869324,0.010629118
56.80194998,0.987084844,0.160198345,0,0,0.321783181,0,0,0.987101912,0.159319401,0.015481323,0.002758559,0.320196462,0.02968866,0.010383668,-0.10590554,0.01816377,-0.010284781,0.119384607,-0.027243447,0.002671722,0.143724918,0.09496811,0.097845756,0.146602556,-0.097845756,-0.146602556,-0.143724918,-0.09496811,0.001586719,0.02968866,0.010383668
56.85030008,0.987361431,0.158484713,0,0,0.31831156,0,0,0.987444162,0.157153785,0.015824387,0.002533913,0.31580883,0.030459675,0.009982715,-0.108422339,0.020392986,-0.015896561,0.120047106,-0.028200916,0.003927724,0.143956289,0.089469425,0.09481287,0.149299741,-0.09481287,-0.149299741,-0.143956289,-0.089469425,0.00250273,0.030459675,0.009982715
56.90994001,0.988047374,0.154150534,0,0,0.309535306,0,0,0.988143146,0.152670801,0.016130079,0.002180353,0.306725511,0.031216965,0.009238816,-0.107653461,0.004433841,-0.011719763,0.118035028,-0.023555449,0.003235969,0.14432025,0.087918453,0.095773906,0.15217571,-0.095773906,-0.15217571,-0.14432025,-0.087918453,0.002809795,0.031216965,0.009238816
56.95368004,0.988319338,0.152397133,0,0,0.305986571,0,0,0.988554716,0.149963081,0.01634429,0.001899719,0.301240452,0.031750006,0.008662505,-0.1055509,0.009065124,-0.011429192,0.11722135,-0.025661843,0.003825222,0.138354465,0.091243595,0.097715534,0.144826412,-0.097715534,-0.144826412,-0.138354465,-0.091243595,0.004746119,0.031750006,0.008662505
57.00188995,0.988589808,0.150632637,0,0,0.302416361,0,0,0.988862753,0.147901505,0.016517529,0.001652591,0.297064732,0.032183854,0.008158623,-0.10343641,0.007351488,-0.018680096,0.115869429,-0.025346506,0.005341152,0.139057934,0.087734275,0.095384717,0.146708369,-0.095384717,-0.146708369,-0.139057934,-0.087734275,0.005351629,0.032183854,0.008158623
57.05052996,0.988858708,0.148857167,0,0,0.298824925,0,0,0.989162147,0.145867199,0.016713491,0.001368411,0.292944376,0.032671297,0.007587181,-0.095194593,0.010415169,-0.019352138,0.112238549,-0.026342509,0.005716887,0.135874748,0.085181758,0.095864065,0.146557048,-0.095864065,-0.146557048,-0.135874748,-0.085181758,0.005880549,0.032671297,0.007587181
57.10228992,0.989125961,0.147070845,0,0,0.295212518,0,0,0.989449203,0.14389351,0.016842674,0.001112517,0.288947385,0.033015772,0.007052563,-0.106656559,0.000757724,-0.011187793,0.112662191,-0.023868314,0.004614935,0.132864133,0.08017914,0.09161292,0.144297898,-0.09161292,-0.144297898,-0.132864133,-0.08017914,0.006265133,0.033015772,0.007052563
57.15077997,0.989523589,0.144371282,0,0,0.289755138,0,0,0.989817679,0.141331255,0.016910974,0.000807829,0.283759124,0.033255342,0.006382877,-0.095324218,0.003451854,-0.015245381,0.110512829,-0.024600601,0.005612349,0.131915525,0.084178932,0.093408801,0.141145408,-0.093408801,-0.141145408,-0.131915525,-0.084178932,0.005996014,0.033255342,0.006382877
57.21256996,0.990047296,0.140735038,0,0,0.282407606,0,0,0.990386188,0.13726753,0.017111875,0.000295207,0.275534579,0.033820129,0.005285594,-0.102812059,-0.000573695,-0.009635091,0.109077178,-0.024356954,0.005554155,0.129501045,0.080299869,0.091524571,0.140725747,-0.091524571,-0.140725747,-0.129501045,-0.080299869,0.006873027,0.033820129,0.005285594
57.26096011,0.990434906,0.137980784,0,0,0.276844815,0,0,0.990672946,0.135169059,0.017223215,8.97E-05,0.271291113,0.034107489,0.004836745,-0.105592608,0.001613051,-0.010713934,0.108692916,-0.024336162,0.005578179,0.127879933,0.079166062,0.090274371,0.138988242,-0.090274371,-0.138988242,-0.127879933,-0.079166062,0.005553702,0.034107489,0.004836745
57.30159998,0.990563075,0.137057629,0,0,0.274980793,0,0,0.991033494,0.132480189,0.017371152,-0.00012807,0.265856948,0.034471541,0.004351422,-0.110064454,0.011507422,-0.009988249,0.109902168,-0.027116388,0.005681276,0.127450854,0.078778565,0.089934923,0.138607219,-0.089934923,-0.138607219,-0.127450854,-0.078778565,0.009123845,0.034471541,0.004351422
57.35070992,0.990817809,0.135203806,0,0,0.271238308,0,0,0.991322041,0.130283877,0.01751521,-0.000267625,0.261421133,0.034803184,0.004035748,-0.110952549,0.008077174,-0.003306567,0.109109361,-0.026355574,0.004658873,0.13133724,0.077104494,0.088467047,0.142699793,-0.088467047,-0.142699793,-0.13133724,-0.077104494,0.009817175,0.034803184,0.004035748
57.4021101,0.991070343,0.133340076,0,0,0.267476786,0,0,0.991599023,0.128138155,0.017665653,-0.000333103,0.257091141,0.035127071,0.003869075,-0.106121622,0.003469736,-0.00077039,0.10708297,-0.02529437,0.004248375,0.130806029,0.078094907,0.087412655,0.14012377,-0.087412655,-0.14012377,-0.130806029,-0.078094907,0.010385645,0.035127071,0.003869075
57.45148993,0.991320604,0.13146657,0,0,0.263696492,0,0,0.991883576,0.125900596,0.017779665,-0.000323136,0.25257918,0.035359442,0.003838323,-0.113746524,0.010120125,-0.001958013,0.105732308,-0.027200991,0.004341952,0.128128931,0.077540219,0.086036965,0.136625677,-0.086036965,-0.136625677,-0.128128931,-0.077540219,0.011117312,0.035359442,0.003838323
57.50981999,0.991935857,0.126740897,0,0,0.254165371,0,0,0.992562652,0.120381907,0.018103728,-6.19E-05,0.241465109,0.035960817,0.004238588,-0.112506755,0.005290657,0.007791073,0.104313219,-0.026565506,0.003499658,0.128591314,0.074189357,0.082873262,0.137275219,-0.082873262,-0.137275219,-0.128591314,-0.074189357,0.012700262,0.035960817,0.004238588
57.55345011,0.992177615,0.124834213,0,0,0.250321471,0,0,0.992818236,0.118245125,0.018171238,0.000158974,0.237167371,0.036051679,0.004615999,-0.104463108,0.009096414,0.010230393,0.102928711,-0.026344814,0.002190871,0.12737903,0.074248046,0.081247367,0.134378344,-0.081247367,-0.134378344,-0.12737903,-0.074248046,0.0131541,0.036051679,0.004615999
57.60140992,0.992416787,0.122918351,0,0,0.246460003,0,0,0.993066669,0.116128653,0.018239498,0.000383935,0.232911854,0.03614477,0.00500209,-0.103525832,0.00761673,0.010871142,0.099904972,-0.027186077,0.000965077,0.127082616,0.074393019,0.078774758,0.131464362,-0.078774758,-0.131464362,-0.127082616,-0.074393019,0.013548149,0.03614477,0.00500209
57.65046001,0.992653306,0.120993444,0,0,0.242581237,0,0,0.993366539,0.113516137,0.018348608,0.00069357,0.227661931,0.036304293,0.005547348,-0.101175927,0.005973132,0.014362486,0.099556551,-0.026923016,-7.15E-05,0.126125932,0.071753815,0.07368397,0.128056094,-0.07368397,-0.128056094,-0.126125932,-0.071753815,0.014919306,0.036304293,0.005547348
57.70141006,0.992887105,0.119059631,0,0,0.238685446,0,0,0.993601501,0.111433357,0.018378906,0.000985901,0.223478553,0.036310868,0.006059263,-0.103880487,0.008600206,0.018172711,0.096965189,-0.027691166,-0.001218973,0.126551017,0.072705016,0.072562039,0.126408041,-0.072562039,-0.126408041,-0.126551017,-0.072705016,0.015206893,0.036310868,0.006059263
57.75080991,0.993232559,0.116142511,0,0,0.232810436,0,0,0.9938308,0.109354384,0.018450689,0.00129051,0.219304882,0.036399512,0.006604846,-0.105960667,0.007390231,0.013730676,0.096283161,-0.027479288,-0.000889797,0.125875294,0.07049299,0.068055049,0.123437345,-0.068055049,-0.123437345,-0.125875294,-0.07049299,0.013505554,0.036399512,0.006604846
57.81078005,0.993683033,0.112223129,0,0,0.224920062,0,0,0.994333327,0.104656108,0.018558636,0.002019465,0.209877143,0.036492335,0.007905936,-0.104035437,0.006554276,0.013501195,0.094997455,-0.026112322,-0.002117074,0.124652207,0.069693662,0.067914069,0.122872613,-0.067914069,-0.122872613,-0.124652207,-0.069693662,0.015042919,0.036492335,0.007905936
57.86136008,0.994013009,0.109261788,0,0,0.218960724,0,0,0.994550288,0.102554053,0.018632725,0.002309162,0.205659793,0.0365969,0.008420615,-0.108020008,0.006770343,0.008862466,0.092787238,-0.027448585,-0.001936675,0.123226814,0.0710022,0.06676805,0.118992664,-0.06676805,-0.118992664,-0.123226814,-0.0710022,0.013300931,0.0365969,0.008420615
57.90201998,0.994121458,0.108270616,0,0,0.216966547,0,0,0.994772732,0.100345582,0.018745726,0.002587014,0.201229604,0.036784574,0.008915232,-0.11588037,0.012557955,0.014587492,0.094099753,-0.029337381,-0.002929286,0.12217246,0.067275323,0.063401975,0.118299112,-0.063401975,-0.118299112,-0.12217246,-0.067275323,0.015736943,0.036784574,0.008915232
57.95060993,0.994335997,0.106282288,0,0,0.212966809,0,0,0.995001018,0.098025076,0.018866051,0.002873663,0.196575667,0.036988527,0.009423872,-0.117756449,0.007318706,0.012739751,0.094475563,-0.028106839,-0.002992495,0.126366377,0.067691654,0.061833084,0.120507807,-0.061833084,-0.120507807,-0.126366377,-0.067691654,0.016391142,0.036988527,0.009423872
58.00189996,0.994547339,0.104286102,0,0,0.208952123,0,0,0.995344877,0.094408222,0.019110372,0.003279956,0.189323592,0.037432242,0.010145005,-0.123280287,0.011398644,0.007920712,0.093064488,-0.029507914,-0.002782918,0.125574857,0.069361217,0.063376226,0.119589873,-0.063376226,-0.119589873,-0.125574857,-0.069361217,0.019628531,0.037432242,0.010145005
58.05140996,0.994755423,0.102282202,0,0,0.204922773,0,0,0.995513797,0.092576727,0.019247428,0.003431336,0.185650569,0.037695747,0.010403186,-0.124099858,0.010216981,0.008838622,0.091935475,-0.029361425,-0.003187477,0.125355288,0.066339493,0.060773652,0.119789444,-0.060773652,-0.119789444,-0.125355288,-0.066339493,0.019272204,0.037695747,0.010403186
58.10124994,0.995161583,0.098251836,0,0,0.19682121,0,0,0.995959282,0.087534025,0.019717757,0.003798327,0.175540759,0.038620788,0.011026349,-0.119785987,0.010702759,0.002830476,0.093655291,-0.03133438,-0.003993222,0.124484338,0.065761521,0.05938657,0.118109383,-0.05938657,-0.118109383,-0.124484338,-0.065761521,0.021280451,0.038620788,0.011026349
58.15311003,0.99545722,0.095209891,0,0,0.190708652,0,0,0.996250033,0.084072269,0.020082759,0.00380312,0.168594432,0.039385604,0.010963244,-0.1106769,0.013089927,-0.00807494,0.087954121,-0.030050736,-0.00275406,0.128982857,0.066314131,0.058327686,0.120996408,-0.058327686,-0.120996408,-0.128982857,-0.066314131,0.02211422,0.039385604,0.010963244
58.20199013,0.995649928,0.093173073,0,0,0.186616824,0,0,0.996426463,0.081898585,0.020333309,0.003700868,0.164229851,0.0399257,0.010714566,-0.108055778,0.01633242,-0.011344254,0.084757406,-0.032230529,-0.000262936,0.120758884,0.060657442,0.055149324,0.115250759,-0.055149324,-0.115250759,-0.120758884,-0.060657442,0.022386973,0.0399257,0.010714566
58.25068999,0.995839065,0.091129344,0,0,0.182511897,0,0,0.996589541,0.079819143,0.020632712,0.003540785,0.160053569,0.040570572,0.010359898,-0.099897392,0.011802466,-0.014589727,0.082849138,-0.031344066,0.000486199,0.11725083,0.052789815,0.052263942,0.116724961,-0.052263942,-0.116724961,-0.11725083,-0.052789815,0.022458328,0.040570572,0.010359898
58.30209995,0.996024577,0.089078851,0,0,0.178394162,0,0,0.996744335,0.077796519,0.020921988,0.003307087,0.155988518,0.041204836,0.009856479,-0.099690281,0.016395004,-0.017637014,0.07940927,-0.032862466,0.001201519,0.113706969,0.051018871,0.051991273,0.114679366,-0.051991273,-0.114679366,-0.113706969,-0.051018871,0.022405644,0.041204836,0.009856479
58.35165,0.996295935,0.085990758,0,0,0.172194174,0,0,0.996902943,0.075735152,0.020947983,0.003175023,0.151846002,0.041297021,0.009511628,-0.104211286,-0.010406973,0.001513213,0.079033821,-0.025714115,-0.001982995,0.111070178,0.045345288,0.047748324,0.113473214,-0.047748324,-0.113473214,-0.111070178,-0.045345288,0.020348172,0.041297021,0.009511628
58.41051007,0.996644575,0.081851026,0,0,0.163885395,0,0,0.997261286,0.070948325,0.020663049,0.003076727,0.142232132,0.040787642,0.009076291,-0.105670094,-0.006096066,-0.001643598,0.07787911,-0.0275893,-0.001387273,0.106730901,0.055302698,0.051336709,0.102764904,-0.051336709,-0.102764904,-0.106730901,-0.055302698,0.021653263,0.040787642,0.009076291
58.45625997,0.99681314,0.079771954,0,0,0.159713606,0,0,0.997411609,0.068831526,0.02057549,0.003025342,0.137982185,0.040639164,0.00887495,-0.103461757,-0.00128299,-0.003011525,0.075978523,-0.026416695,-0.001510852,0.106855653,0.051677082,0.048902534,0.104081102,-0.048902534,-0.104081102,-0.106855653,-0.051677082,0.021731421,0.040639164,0.00887495
58.50325013,0.996977802,0.077686948,0,0,0.155530609,0,0,0.997557878,0.066706799,0.020483565,0.002995991,0.133717854,0.040478427,0.008717386,-0.102770336,-0.004324317,-0.003254414,0.073896887,-0.026591699,-0.001256364,0.103906035,0.051072679,0.048050974,0.100884333,-0.048050974,-0.100884333,-0.103906035,-0.051072679,0.021812755,0.040478427,0.008717386
58.55066991,0.997138516,0.075596159,0,0,0.151336695,0,0,0.997731924,0.064084299,0.02039046,0.002947212,0.128455158,0.040321601,0.008501482,-0.099810958,-0.003351271,-0.004170835,0.073282532,-0.026694575,-0.001087158,0.10174492,0.048561551,0.046048824,0.099232189,-0.046048824,-0.099232189,-0.10174492,-0.048561551,0.022881537,0.040321601,0.008501482
58.60237003,0.997372084,0.072449471,0,0,0.145026002,0,0,0.997864068,0.062016312,0.020332241,0.002848762,0.12430372,0.040235132,0.008213954,-0.099265575,-0.000712276,-0.004412234,0.06967561,-0.027267219,-0.001052479,0.101064235,0.047675114,0.0455008,0.098889917,-0.0455008,-0.098889917,-0.101064235,-0.047675114,0.020722282,0.040235132,0.008213954
58.65095997,0.997596515,0.069290638,0,0,0.138692408,0,0,0.99799186,0.059939578,0.020300575,0.002748631,0.120135598,0.040200933,0.007926324,-0.10178984,-0.000798702,-0.007987022,0.071097756,-0.027175441,-0.000311655,0.097995274,0.043460872,0.041355915,0.095890321,-0.041355915,-0.095890321,-0.097995274,-0.043460872,0.01855681,0.040200933,0.007926324
58.70986009,0.997811666,0.066120183,0,0,0.132336913,0,0,0.998260081,0.055350199,0.020185595,0.00241626,0.110921375,0.040044163,0.007064386,-0.104427338,-0.000344217,-0.009511411,0.067264165,-0.025997281,-0.000210888,0.098584823,0.04423397,0.043610662,0.097961508,-0.043610662,-0.097961508,-0.098584823,-0.04423397,0.021415538,0.040044163,0.007064386
58.75669003,0.997949876,0.06400035,0,0,0.128088244,0,0,0.998369455,0.053351235,0.020175759,0.002253931,0.106908555,0.040055931,0.006658705,-0.095498562,0.003815443,-0.008897483,0.06811171,-0.027045419,0.000209671,0.093472302,0.041477773,0.041055996,0.093050525,-0.041055996,-0.093050525,-0.093472302,-0.041477773,0.021179689,0.040055931,0.006658705
58.80496002,0.998083861,0.061875742,0,0,0.123830586,0,0,0.998474598,0.051362783,0.020151833,0.002066748,0.102916086,0.040040576,0.00620231,-0.096754722,-0.005479157,-0.009587406,0.064817075,-0.025530504,0.000568457,0.094947428,0.040856622,0.041275963,0.095366769,-0.041275963,-0.095366769,-0.094947428,-0.040856622,0.0209145,0.040040576,0.00620231
58.85183001,0.998213581,0.059746515,0,0,0.119564236,0,0,0.998576224,0.049363114,0.020131595,0.001897687,0.098902321,0.0400292,0.00578215,-0.094747528,-0.004422665,-0.009129941,0.060805603,-0.025724606,0.000581371,0.089779094,0.038718116,0.039855029,0.090916008,-0.039855029,-0.090916008,-0.089779094,-0.038718116,0.020661915,0.0400292,0.00578215
58.90144992,0.998400088,0.056544361,0,0,0.113149072,0,0,0.998732746,0.046112884,0.020094741,0.001679836,0.092381511,0.039994284,0.005212859,-0.114026666,-0.001387298,-0.006781518,0.064114704,-0.026464099,0.000387845,0.08594881,0.034499627,0.035662368,0.087111548,-0.035662368,-0.087111548,-0.08594881,-0.034499627,0.020767561,0.039994284,0.005212859
58.95062995,0.998576799,0.053332705,0,0,0.106716041,0,0,0.998838782,0.043767452,0.020079652,0.001525655,0.08767682,0.039989779,0.004809301,-0.118666887,0.000310689,-0.010485947,0.063884725,-0.026856045,0.001165581,0.090190925,0.03726276,0.038038451,0.09096662,-0.038038451,-0.09096662,-0.090190925,-0.03726276,0.019039221,0.039989779,0.004809301
59.00706006,0.9987436,0.050112081,0,0,0.100266157,0,0,0.999044478,0.0388132,0.020056674,0.001248801,0.077742683,0.03998873,0.004055395,-0.121903419,0.00224337,-0.009769201,0.062944543,-0.026549249,0.000907258,0.089575157,0.035863101,0.038194265,0.091906324,-0.038194265,-0.091906324,-0.089575157,-0.035863101,0.022523474,0.03998873,0.004055395
59.06010008,0.998849244,0.047960283,0,0,0.095957376,0,0,0.999161422,0.035695769,0.020035405,0.001069113,0.071492432,0.039971513,0.003569648,-0.12055935,-0.000417233,-0.008735062,0.058870988,-0.027240964,0.001179409,0.088586502,0.035488039,0.037302554,0.090401024,-0.037302554,-0.090401024,-0.088586502,-0.035488039,0.024464944,0.039971513,0.003569648
59.10482002,0.998950405,0.045804898,0,0,0.09164186,0,0,0.999242365,0.033356532,0.020035291,0.000893924,0.066801372,0.039991239,0.003125614,-0.109063096,-0.003059208,-0.006537139,0.057644239,-0.026447979,0.001167057,0.084932514,0.030450618,0.032809436,0.08729133,-0.032809436,-0.08729133,-0.084932514,-0.030450618,0.024840488,0.039991239,0.003125614
59.15489006,0.999093681,0.042565446,0,0,0.085156621,0,0,0.999314308,0.031115592,0.020055799,0.000727743,0.06230794,0.040049509,0.002704757,-0.10547936,-0.0014171,-0.009815396,0.05405957,-0.0261003,0.001727994,0.082925133,0.030029206,0.032363322,0.085259244,-0.032363322,-0.085259244,-0.082925133,-0.030029206,0.022848681,0.040049509,0.002704757
59.20455003,0.999226716,0.039318829,0,0,0.078657935,0,0,0.999377668,0.029005373,0.020071922,0.000548342,0.058075941,0.040097787,0.002262209,-0.103315718,-0.000344217,-0.008457899,0.052234045,-0.026362258,0.001662022,0.078431852,0.02623128,0.029687267,0.081887834,-0.029687267,-0.081887834,-0.078431852,-0.02623128,0.020581994,0.040097787,0.002262209
59.25056005,0.99926877,0.038235125,0,0,0.076488895,0,0,0.999446094,0.026513778,0.020115802,0.000327958,0.053079155,0.040202748,0.001723637,-0.09335874,-0.000618398,-0.009120999,0.048872518,-0.026274484,0.002004387,0.076934256,0.024209769,0.027533814,0.080258295,-0.027533814,-0.080258295,-0.076934256,-0.024209769,0.02340974,0.040202748,0.001723637
59.30671001,0.999425455,0.033893356,0,0,0.067799697,0,0,0.999534428,0.02288831,0.020180874,-4.84E-05,0.045806643,0.040356117,0.000827667,-0.083042681,-0.000487268,-0.011268258,0.046303164,-0.027074131,0.002343793,0.073142588,0.020593653,0.024602426,0.077151366,-0.024602426,-0.077151366,-0.073142588,-0.020593653,0.021993054,0.040356117,0.000827667
59.36048007,0.999496839,0.031718583,0,0,0.063447808,0,0,0.999571383,0.021203808,0.020187784,-0.000218155,0.042427927,0.040378479,0.000420335,-0.079883635,-0.000976026,-0.008991361,0.041405686,-0.026277829,0.002695288,0.071033478,0.016885245,0.021572832,0.075721063,-0.021572832,-0.075721063,-0.071033478,-0.016885245,0.021019881,0.040378479,0.000420335
59.40540004,0.999563557,0.029541434,0,0,0.059091465,0,0,0.99957484,0.02241021,0.018656192,-8.19E-05,0.04484453,0.03730884,0.000672995,0.106460609,-0.077606738,0.019180031,0.039165502,-0.026114359,0.002461796,0.064988203,0.012432575,0.017823152,0.07037878,-0.017823152,-0.07037878,-0.064988203,-0.012432575,0.014246935,0.03730884,0.000672995
59.45053006,0.999625588,0.027362072,0,0,0.054730976,0,0,0.999552608,0.024468036,0.017207453,0.000224395,0.048970412,0.034395301,0.001291418,0.104112178,-0.070385627,0.016968697,-0.006235079,-0.003174732,-0.002601736,0.062818043,0.010589354,0.015512946,0.067741632,-0.015512946,-0.067741632,-0.062818043,-0.010589354,0.005760564,0.034395301,0.001291418
59.5023799,0.999709812,0.024089237,0,0,0.048183135,0,0,0.999532938,0.025928982,0.01617264,0.000444118,0.051898473,0.032312759,0.001727403,0.095988072,-0.060158972,0.020306557,-0.008455209,-0.004621065,-0.00357257,-0.000458612,-0.006808073,-0.012011545,-0.005662084,0.012011545,0.005662084,0.000458612,0.006808073,0.003715338,0.032312759,0.001727403
59.55071998,0.9997834,0.02081234,0,0,0.041627685,0,0,0.999532759,0.026914703,0.014483963,0.000646606,0.053871541,0.028923608,0.00207314,0.023461133,-0.08379966,0.013709814,0.005739808,0.00357399,-0.002808189,-0.000261576,-0.0095037,-0.01664884,-0.007406716,0.01664884,0.007406716,0.000261576,0.0095037,0.012243856,0.028923608,0.00207314
59.60782004,0.999846304,0.017531933,0,0,0.035065662,0,0,0.999555171,0.028014943,0.010185158,0.001063385,0.05606753,0.020303063,0.002697056,0.016688557,-0.079204142,0.006902962,0.000504252,0.008154004,-0.003599544,0.004974008,0.012121984,0.006505606,-0.00064237,-0.006505606,0.00064237,-0.004974008,-0.012121984,0.021001868,0.020303063,0.002697056
59.66078997,0.999882284,0.015343318,0,0,0.03068784,0,0,0.999566793,0.028107604,0.008653958,0.001225428,0.056250059,0.01723238,0.002936717,0.000422448,-0.074845552,0.012110919,-0.001379058,0.007843583,-0.002346339,-0.004050204,0.012257795,0.005058708,-0.011249291,-0.005058708,0.011249291,0.004050204,-0.012257795,0.025562219,0.01723238,0.002936717
59.70440007,0.999913488,0.013153553,0,0,0.026307864,0,0,0.999586999,0.027721159,0.007470447,0.001284437,0.055473178,0.014864057,0.002982325,-0.064823031,-0.004534424,-0.019571187,0.000936541,0.00858181,-0.003496546,-0.006876297,0.00881086,0.004118182,-0.011568975,-0.004118182,0.011568975,0.006876297,-0.00881086,0.029165314,0.014864057,0.002982325
59.75391007,0.999951319,0.009867107,0,0,0.019734534,0,0,0.99962908,0.026194574,0.007443421,0.00078846,0.05241119,0.01484055,0.001966507,-0.077803433,0.000909716,-0.024797028,0.016706303,-0.010339713,0.003412647,-0.004148718,0.013014892,0.0060218,-0.011141811,-0.0060218,0.011141811,0.004148718,-0.013014892,0.032676656,0.01484055,0.001966507
59.80517006,0.999978358,0.006578996,0,0,0.013158087,0,0,0.999681652,0.024093971,0.007499508,0.00016943,0.048199203,0.014986634,0.000700216,-0.090108812,0.001908094,-0.024211407,0.017994151,-0.010666526,0.004082266,0.023633359,0.002953945,0.00977924,0.030458653,-0.00977924,-0.030458653,-0.023633359,-0.002953945,0.035041116,0.014986634,0.000700216
59.85139013,0.99998497,0.005482685,0,0,0.010965426,0,0,0.999723732,0.022244154,0.007607074,-0.000326725,0.044490863,0.015225063,-0.000314879,-0.098137558,0.007323176,-0.024403632,0.016001048,-0.012227287,0.004697077,0.0245784,0.003245361,0.011409894,0.032742932,-0.011409894,-0.032742932,-0.0245784,-0.003245361,0.033525437,0.015225063,0.000314879
59.90680004,0.999999399,0.001096619,0,0,0.002193239,0,0,0.999765694,0.020190129,0.007756654,-0.000886898,0.040372881,0.015546112,-0.001460341,-0.101891175,0.009771437,-0.026765469,0.015421699,-0.01304941,0.00579767,0.023531247,-0.000923312,0.008470842,0.032925401,-0.008470842,-0.032925401,-0.023531247,0.000923312,0.038179642,0.015546112,0.001460341
59.95942998,0.999999399,-0.001096619,0,0,-0.002193239,0,0,0.999854624,0.014765409,0.008246854,-0.002213517,0.02949833,0.01655743,-0.004183439,-0.13364853,0.011063366,-0.0325948,0.016436715,-0.01337246,0.006611581,0.022673428,-0.003425376,0.008169963,0.034268767,-0.008169963,-0.034268767,-0.022673428,0.003425376,0.031691569,0.01655743,0.004183439
60.00496006,0.999994589,-0.003289775,0,0,-0.006579563,0,0,0.999871671,0.013709446,0.00786458,-0.002641108,0.027380666,0.015800214,-0.005066553,0.052168224,-0.0589788,0.002495199,0.017799758,-0.014027283,0.008436182,0.023197582,-0.003547322,0.009675841,0.036420744,-0.009675841,-0.036420744,-0.023197582,0.003547322,0.033960229,0.015800214,0.005066553
