time,ref_qw,ref_qx,ref_qy,ref_qz,ref_phi,ref_theta,ref_psi,qw,qx,qy,qz,phi,theta,psi,p,q,r,u_4,u_5,u_6,m_1,m_2,m_3,m_4,m_5,m_6,m_7,m_8,phi_error,theta_error,psi_error
0,1,9.67E-11,0,0,1.93E-10,0,0,0.999857783,0.010130443,0.003365016,0.013063288,0.020347746,0.006464444,0.026194577,-0.006036461,-0.026711822,0.003262609,-0.004951421,0.003799571,-0.017081942,0.008330953,0.015930092,-0.018233795,-0.025832932,0.018233795,0.025832932,-0.008330953,-0.015930092,0.020347746,0.006464444,0.026194577
0.05137992,0.99999038,-0.004386271,0,0,-0.008772571,0,0,0.999862552,0.009916789,0.002626568,0.013025213,0.019900836,0.004994099,0.026102229,-0.007911027,-0.029081108,-0.000976026,-0.007806911,0.002941027,-0.016728729,0.008330953,0.015930092,-0.018233795,-0.025832932,0.018233795,0.025832932,-0.008330953,-0.015930092,0.028673407,0.004994099,0.026102229
0.10507989,0.999970545,-0.007675184,0,0,-0.015350518,0,0,0.999866366,0.009749544,0.00209321,0.012955932,0.019552117,0.003933241,0.02595233,-0.009088218,-0.026527047,-0.001850725,-0.011355624,0.004531534,-0.015733506,0.005980794,0.011862845,-0.021594614,-0.027476665,0.021594614,0.027476665,-0.005980794,-0.011862845,0.034902635,0.003933241,0.02595233
0.15978003,0.999951319,-0.009867107,0,0,-0.019734533,0,0,0.999875903,0.009300951,0.001147424,0.012666733,0.018629777,0.002058939,0.025354434,-0.015226007,-0.020691752,-0.010477007,-0.013199085,0.004015244,-0.014786055,-0.000153647,0.008909415,-0.022557596,-0.031620659,0.022557596,0.031620659,0.000153647,-0.008909415,0.03836431,0.002058939,0.025354434
0.20078993,0.999927296,-0.01205829,0,0,-0.024117164,0,0,0.999875128,0.009783491,0.001305306,0.012344888,0.019598075,0.002368736,0.024714818,0.025027245,0.009582193,-0.011290611,-0.014346541,0.004215728,-0.013910573,-0.002428269,0.005602214,-0.023969896,-0.032000378,0.023969896,0.032000378,0.002428269,-0.005602214,0.043715239,0.002368736,0.024714818
0.25217986,0.999898484,-0.014248568,0,0,-0.028498101,0,0,0.999874175,0.010218251,0.001598227,0.012034945,0.020473917,0.002950103,0.024101958,0.01851544,0.017080456,-0.019465387,-0.02353663,-0.004004295,-0.013383224,-0.004651691,0.003779761,-0.024041386,-0.032472838,0.024041386,0.032472838,0.004651691,-0.003779761,0.048972018,0.002950103,0.024101958
0.30277992,0.999864891,-0.016437779,0,0,-0.032877039,0,0,0.999875069,0.010533556,0.001937785,0.011634272,0.021111273,0.003629993,0.023308719,0.016682597,0.018572062,-0.020103157,-0.024817525,-0.006332875,-0.011623291,-0.006149107,-0.014157693,-0.040924143,-0.032915555,0.040924143,0.032915555,0.006149107,0.014157693,0.053988312,0.003629993,0.023308719
0.35201001,0.999805557,-0.019719233,0,0,-0.039441023,0,0,0.999877572,0.010705174,0.002252698,0.01119556,0.021460006,0.004265157,0.022438693,0.012850016,0.011677296,-0.023195149,-0.027877297,-0.007115348,-0.011031957,-0.006861357,-0.0195271,-0.042773683,-0.03010794,0.042773683,0.03010794,0.006861357,0.0195271,0.060901029,0.004265157,0.022438693
0.40223003,0.999709812,-0.024089237,0,0,-0.048183134,0,0,0.999883652,0.010572569,0.002674128,0.010669316,0.021201604,0.005122051,0.021394605,-0.009040534,0.017071517,-0.019574165,-0.027820207,-0.007588247,-0.009956635,-0.00972999,-0.023960676,-0.046024591,-0.031793904,0.046024591,0.031793904,0.00972999,0.023960676,0.069384738,0.005122051,0.021394605
0.45762992,0.999654842,-0.026271612,0,0,-0.052549271,0,0,0.999898434,0.009739323,0.003385135,0.009848394,0.019545007,0.006577795,0.019762436,-0.026997926,0.019497421,-0.0208959,-0.028790702,-0.007688013,-0.009422475,-0.010275323,-0.025451807,-0.04536508,-0.030188594,0.04536508,0.030188594,0.010275323,0.025451807,0.072094278,0.006577795,0.019762436
0.50856996,0.999595159,-0.028452019,0,0,-0.056911719,0,0,0.999907434,0.00908883,0.00374935,0.009415814,0.018248083,0.007326912,0.018899667,-0.034017865,0.016852468,-0.021465125,-0.028578957,-0.009080016,-0.008753363,-0.011680212,-0.027056228,-0.045901179,-0.030525163,0.045901179,0.030525163,0.011680212,0.027056228,0.075159802,0.007326912,0.018899667
0.55457998,0.999530782,-0.030630295,0,0,-0.061270173,0,0,0.999917388,0.008481609,0.00388985,0.008851645,0.017031995,0.007628978,0.01776926,0.019655373,-0.016918775,-0.021263959,-0.029152875,-0.008818322,-0.008141529,-0.010745578,-0.028905598,-0.046412326,-0.028252304,0.046412326,0.028252304,0.010745578,0.028905598,0.078302168,0.007628978,0.01776926
0.60268998,0.999461729,-0.032806276,0,0,-0.065624327,0,0,0.999920368,0.008771194,0.003347914,0.008437788,0.017598774,0.006547322,0.016934134,0.009237975,-0.025570393,-0.014191867,-0.03994598,-5.60E-05,-0.007471733,-0.012193023,-0.029829657,-0.046112716,-0.02847608,0.046112716,0.02847608,0.012193023,0.029829657,0.083223101,0.006547322,0.016934134
0.6487999,0.999349425,-0.03606559,0,0,-0.072146827,0,0,0.999924839,0.008770745,0.002827805,0.008090047,0.017587099,0.005513302,0.01622944,-0.007131696,-0.029981138,-0.014618039,-0.041526708,0.002932717,-0.008148691,-0.032418221,-0.032530256,-0.047473721,-0.047361687,0.047473721,0.047361687,0.032418221,0.032530256,0.089733926,0.005513302,0.01622944
0.7074399,0.999183514,-0.040401797,0,0,-0.080825594,0,0,0.999930441,0.008568193,0.002319187,0.007767519,0.01717224,0.00450496,0.015574487,-0.012412669,-0.024308268,-0.011913479,-0.041999772,0.003892633,-0.00767777,-0.036310721,-0.030445293,-0.046742674,-0.052608106,0.046742674,0.052608106,0.036310721,0.030445293,0.097997834,0.00450496,0.015574487
0.75739003,0.999093681,-0.042565446,0,0,-0.08515662,0,0,0.99993372,0.008773107,0.002171811,0.00713704,0.017577112,0.004218118,0.014311856,0.004843622,0.002021342,-0.01054555,-0.048544682,-0.001998029,-0.007444626,-0.038214624,-0.030429361,-0.045784902,-0.053570163,0.045784902,0.053570163,0.038214624,0.030429361,0.102733732,0.004218118,0.014311856
0.80892992,0.998999296,-0.04472591,0,0,-0.08948167,0,0,0.999936998,0.008587245,0.002215401,0.006879304,0.017204898,0.004312388,0.013796355,-0.016047062,0.004234165,-0.008100272,-0.04924072,-0.002902205,-0.007140711,-0.039102018,-0.043098073,-0.057987325,-0.053991269,0.057987325,0.053991269,0.039102018,0.043098073,0.106686568,0.004312388,0.013796355
0.85544992,0.998900386,-0.046883028,0,0,-0.09380044,0,0,0.999942601,0.008098995,0.002270209,0.006640373,0.016228082,0.004432611,0.013317281,-0.027336186,-0.000593066,-0.011351706,-0.047725474,-0.003530378,-0.007245465,-0.039197795,-0.0450022,-0.059283625,-0.053479217,0.059283625,0.053479217,0.039197795,0.0450022,0.110028522,0.004432611,0.013317281
0.89953995,0.99879698,-0.04903664,0,0,-0.098112627,0,0,0.999951959,0.007140346,0.002480924,0.00624551,0.014311653,0.004872439,0.012526325,-0.014275312,0.02365336,-0.019879639,-0.04765169,-0.00231506,-0.006405296,-0.03694962,-0.044010375,-0.058501303,-0.051440552,0.058501303,0.051440552,0.03694962,0.044010375,0.11242428,0.004872439,0.012526325
0.9586699,0.99851899,-0.05440428,0,0,-0.108862307,0,0,0.999956012,0.006762812,0.0028356,0.00586064,0.013558892,0.005591711,0.01175957,-0.026324395,0.01608655,-0.01861304,-0.054555417,-0.008998122,-0.004505824,-0.038931325,-0.04356144,-0.056372035,-0.051741917,0.056372035,0.051741917,0.038931325,0.04356144,0.122421199,0.005591711,0.01175957
1.01524997,0.998339002,-0.057612828,0,0,-0.115289495,0,0,0.999965549,0.00570711,0.003251402,0.00508076,0.011447354,0.006444631,0.010198671,0.007701665,-0.018161537,-0.013287367,-0.055444449,-0.007429802,-0.004272391,-0.041051466,-0.059047699,-0.068059348,-0.050063111,0.068059348,0.050063111,0.041051466,0.059047699,0.126736849,0.006444631,0.010198671
1.05228997,0.998276831,-0.058680219,0,0,-0.117427896,0,0,0.999965549,0.00570711,0.003251402,0.00508076,0.011447354,0.006444631,0.010198671,0.007701665,-0.018161537,-0.013287367,-0.061610069,0.001087766,-0.00422008,-0.043742247,-0.058601845,-0.067146629,-0.052287031,0.067146629,0.052287031,0.043742247,0.058601845,0.12887525,0.006444631,0.010198671
1.10869003,0.998149256,-0.060811696,0,0,-0.121698478,0,0,0.999973834,0.005279958,0.002733186,0.004121686,0.010582523,0.005422731,0.008272234,-0.020082295,-0.01283437,-0.021958353,-0.06068233,-0.000217155,-0.001720894,-0.058477741,-0.056302208,-0.064742371,-0.066917904,0.064742371,0.066917904,0.058477741,0.056302208,0.132281001,0.005422731,0.008272234
1.15184999,0.998017399,-0.062938633,0,0,-0.125960519,0,0,0.99997884,0.004745174,0.002539828,0.003666291,0.009509034,0.005044775,0.007356689,-0.020182133,-0.000998378,-0.019197172,-0.060859664,0.000271119,-0.001550801,-0.058744267,-0.059178576,-0.062620364,-0.062186055,0.062620364,0.062186055,0.058744267,0.059178576,0.135469553,0.005044775,0.007356689
1.20651007,0.997740989,-0.06717826,0,0,-0.134457782,0,0,0.999981761,0.004386204,0.002645495,0.003212325,0.008789478,0.005262737,0.006447874,-0.022695959,0.006905943,-0.02063811,-0.06468694,-0.00263669,-0.001459359,-0.059579968,-0.05903773,-0.062139332,-0.062681571,0.062139332,0.062681571,0.059579968,0.05903773,0.14324726,0.005262737,0.006447874
1.25241995,0.997596515,-0.069290637,0,0,-0.138692408,0,0,0.999985218,0.003781545,0.00278139,0.002760285,0.00757852,0.00554185,0.005541637,-0.039023165,0.010659547,-0.024203956,-0.066129269,-0.004888807,-0.000672477,-0.060590878,-0.065864258,-0.06878297,-0.063509598,0.06878297,0.063509598,0.060590878,0.065864258,0.146270928,0.00554185,0.005541637
1.30468989,0.997372084,-0.07244947,0,0,-0.145026002,0,0,0.999989748,0.002665734,0.003016212,0.002128217,0.005344374,0.006021051,0.004272561,-0.036905717,0.017932806,-0.027750438,-0.066133768,-0.006078812,0.000466183,-0.060567971,-0.070345581,-0.071690537,-0.061912928,0.071690537,0.061912928,0.060567971,0.070345581,0.150370376,0.006021051,0.004272561
1.35180998,0.997138516,-0.075596159,0,0,-0.151336695,0,0,0.999991357,0.002115752,0.003249658,0.001497512,0.004241302,0.006492969,0.003008818,-0.014361739,0.000611693,-0.032070279,-0.07140647,-0.004105097,0.003321021,-0.06052113,-0.072678745,-0.071746379,-0.05958876,0.071746379,0.05958876,0.06052113,0.072678745,0.155577997,0.006492969,0.003008818
1.40038991,0.997058656,-0.076642267,0,0,-0.153434998,0,0,0.999994099,0.000927523,0.003320539,0.000300489,0.001857072,0.00664053,0.000607148,-0.040487941,0.004445761,-0.033128265,-0.071311001,-0.004009158,0.003648989,-0.070622377,-0.078832567,-0.072190531,-0.063980341,0.072190531,0.063980341,0.070622377,0.078832567,0.15529207,0.00664053,0.000607148
1.44878006,0.996895962,-0.078730183,0,0,-0.15762349,0,0,0.999995053,7.64E-06,0.003157205,-0.000379761,1.29E-05,0.006314426,-0.000759484,-0.036580864,-0.010505319,-0.024802987,-0.070441015,-0.005305594,0.004950306,-0.070950821,-0.078969128,-0.071671151,-0.063652843,0.071671151,0.063652843,0.070950821,0.078969128,0.15763639,0.006314426,0.000759484
1.49996996,0.996558845,-0.082888289,0,0,-0.165966994,0,0,0.999994814,-0.000830473,0.003003052,-0.000894307,-0.001666339,0.006004623,-0.001793626,-0.037322935,0.003626198,-0.02609193,-0.072621426,-0.001191355,0.004395377,-0.07582543,-0.078208141,-0.069417387,-0.067034677,0.069417387,0.067034677,0.07582543,0.078208141,0.164300655,0.006004623,0.001793626
1.55212999,0.996384519,-0.084958173,0,0,-0.17012142,0,0,0.999993145,-0.001478623,0.003109361,-0.001413297,-0.002966075,0.006214539,-0.002835827,-0.039610267,0.01057908,-0.022967162,-0.076088275,-0.004795884,0.005239323,-0.07582543,-0.078208141,-0.069417387,-0.067034677,0.069417387,0.067034677,0.07582543,0.078208141,0.167155345,0.006214539,0.002835827
1.59973002,0.996206412,-0.087021744,0,0,-0.174263906,0,0,0.999990761,-0.002320086,0.003131701,-0.001877847,-0.004651997,0.00625467,-0.003770274,-0.035494566,-0.008119644,-0.019469859,-0.077363124,-0.006815756,0.005328688,-0.076531701,-0.086123459,-0.075644813,-0.066053055,0.075644813,0.066053055,0.076531701,0.086123459,0.169611909,0.00625467,0.003770274
1.65161991,0.995932277,-0.090104933,0,0,-0.180454612,0,0,0.999985933,-0.003596249,0.002995773,-0.002491484,-0.007207515,0.005973578,-0.005004556,-0.038816031,0.002179295,-0.021246072,-0.079338342,-0.004560336,0.006370876,-0.075876042,-0.08950755,-0.078850172,-0.065218665,0.078850172,0.065218665,0.075876042,0.08950755,0.173247097,0.005973578,0.005004556
1.71072007,0.995554017,-0.094192355,0,0,-0.188664393,0,0,0.999975443,-0.005295069,0.003048816,-0.003447717,-0.010611295,0.006061008,-0.006927733,-0.032934539,0.001276284,-0.025014581,-0.081983399,-0.004167082,0.007085886,-0.08114887,-0.090269536,-0.077527784,-0.068407118,0.077527784,0.068407118,0.08114887,0.090269536,0.178053098,0.006061008,0.006927733
1.75453997,0.995359544,-0.096225662,0,0,-0.192749565,0,0,0.999968827,-0.006186139,0.003016029,-0.003891068,-0.012395901,0.005983764,-0.007819428,-0.047375266,0.000386685,-0.023241341,-0.085384705,-0.004511017,0.008159377,-0.08490219,-0.09323635,-0.079064578,-0.070730418,0.079064578,0.070730418,0.08490219,0.09323635,0.180353664,0.005983764,0.007819428
1.80506993,0.995161583,-0.098251836,0,0,-0.196821209,0,0,0.999958336,-0.007318993,0.003053593,-0.004552345,-0.014665966,0.006040328,-0.009149301,-0.052307557,0.004885347,-0.022524601,-0.084448105,-0.004290365,0.008399325,-0.089033045,-0.09805508,-0.081736326,-0.072714292,0.081736326,0.072714292,0.089033045,0.09805508,0.182155243,0.006040328,0.009149301
1.85475993,0.99496019,-0.100270731,0,0,-0.20087904,0,0,0.999948502,-0.008254374,0.003054156,-0.005063658,-0.016539881,0.006024438,-0.010177574,-0.042697787,0.002232939,-0.025042892,-0.08496913,-0.00561014,0.009076704,-0.08855705,-0.097137772,-0.080339126,-0.071758397,0.080339126,0.071758397,0.08855705,0.097137772,0.184339159,0.006024438,0.010177574
1.90404988,0.994755423,-0.102282201,0,0,-0.204922773,0,0,0.999937296,-0.009223043,0.00305108,-0.005576644,-0.018480342,0.005998945,-0.011209305,-0.048525631,0.001244992,-0.02284497,-0.08804134,-0.004979745,0.010126679,-0.08843568,-0.099655949,-0.081502542,-0.070282273,0.081502542,0.070282273,0.08843568,0.099655949,0.186442431,0.005998945,0.011209305
1.95156002,0.994547339,-0.104286101,0,0,-0.208952123,0,0,0.999924779,-0.010197773,0.003059597,-0.006090679,-0.02043307,0.005994547,-0.012243369,-0.047148764,0.002019853,-0.025892261,-0.088180012,-0.005063821,0.011524565,-0.093188256,-0.103147745,-0.082894385,-0.072934896,0.082894385,0.072934896,0.093188256,0.103147745,0.188519053,0.005994547,0.012243369
2.00686002,0.994229124,-0.107277443,0,0,-0.214968563,0,0,0.99989152,-0.01249969,0.003065283,-0.007170853,-0.025043688,0.005950669,-0.014417534,-0.047725447,-0.000676513,-0.019456452,-0.089567844,-0.003992836,0.012692053,-0.094640739,-0.104768373,-0.081719242,-0.071591608,0.081719242,0.071591608,0.094640739,0.104768373,0.189924875,0.005950669,0.014417534
2.05487991,0.993793788,-0.111238063,0,0,-0.222937516,0,0,0.999874651,-0.013582264,0.003080392,-0.007538736,-0.027211405,0.005955259,-0.015160108,-0.055204332,-0.00205189,-0.01652986,-0.093638286,-0.004527427,0.011734769,-0.098267049,-0.106252715,-0.080868602,-0.072882935,0.080868602,0.072882935,0.098267049,0.106252715,0.195726111,0.005955259,0.015160108
2.10289002,0.993571524,-0.113206124,0,0,-0.226898661,0,0,0.999855936,-0.014750133,0.003081754,-0.007818212,-0.029549022,0.005932014,-0.015726007,-0.052073602,-0.001358986,-0.011150539,-0.093714955,-0.004241445,0.011680949,-0.100845613,-0.10990046,-0.086430922,-0.077376075,0.086430922,0.077376075,0.100845613,0.10990046,0.197349639,0.005932014,0.015726007
2.15175009,0.99334628,-0.115165833,0,0,-0.230843883,0,0,0.999830425,-0.016254611,0.003080219,-0.008093636,-0.032559886,0.005896309,-0.016285663,-0.057038665,0.005222112,-0.005644559,-0.095519882,-0.004468435,0.011105734,-0.101154439,-0.109637327,-0.086275429,-0.07779254,0.086275429,0.07779254,0.101154439,0.109637327,0.198283997,0.005896309,0.016285663
2.20273996,0.993118118,-0.117117048,0,0,-0.234772903,0,0,0.999808609,-0.017463118,0.003072637,-0.008272053,-0.034978114,0.005855219,-0.016649308,-0.059506308,0.000416488,-0.009852651,-0.095765793,-0.006253336,0.010499551,-0.102157161,-0.111094028,-0.088882558,-0.079945691,0.088882558,0.079945691,0.102157161,0.111094028,0.199794789,0.005855219,0.016649308
2.25133992,0.992887106,-0.119059631,0,0,-0.238685446,0,0,0.999785125,-0.018714773,0.003076772,-0.008381475,-0.037482483,0.005838538,-0.016875594,-0.067996979,0.002961606,-0.001212955,-0.094466814,-0.005703763,0.010094527,-0.100011989,-0.112518653,-0.091519549,-0.079012886,0.091519549,0.079012886,0.100011989,0.112518653,0.201202963,0.005838538,0.016875594
2.29800988,0.992653306,-0.120993444,0,0,-0.242581237,0,0,0.999759495,-0.020035306,0.003083123,-0.00838093,-0.040124092,0.005828965,-0.016882456,-0.062665343,-0.002704561,0.00417009,-0.096536191,-0.004218296,0.009177971,-0.098857559,-0.110265084,-0.090076029,-0.078668505,0.090076029,0.078668505,0.098857559,0.110265084,0.202457145,0.005828965,0.016882456
2.34955001,0.992297528,-0.123877421,0,0,-0.248392916,0,0,0.999685884,-0.023471944,0.003092065,-0.008232151,-0.046998134,0.00579577,-0.016605324,-0.072385371,-2.24E-05,0.007962435,-0.097251651,-0.004123583,0.009039629,-0.101495847,-0.109932438,-0.091576494,-0.083139904,0.091576494,0.083139904,0.101495847,0.109932438,0.201394782,0.00579577,0.016605324
2.40508008,0.99181403,-0.127690755,0,0,-0.256080648,0,0,0.999652207,-0.024912111,0.003096328,-0.008093026,-0.049878514,0.005787304,-0.01633569,-0.071439154,0.002037734,0.008305163,-0.099597031,-0.00497534,0.008318197,-0.102167681,-0.11041484,-0.092335582,-0.084088422,0.092335582,0.084088422,0.102167681,0.11041484,0.206202134,0.005787304,0.01633569
2.45407987,0.991568524,-0.129583419,0,0,-0.25989769,0,0,0.999616206,-0.026371518,0.003069363,-0.007929423,-0.052796842,0.005718177,-0.016015588,-0.074134782,-0.002744795,0.008844584,-0.10082358,-0.005522024,0.008078847,-0.102939866,-0.112890542,-0.096254148,-0.086303473,0.096254148,0.086303473,0.102939866,0.112890542,0.207100848,0.005718177,0.016015588
2.50381995,0.991320604,-0.13146657,0,0,-0.263696492,0,0,0.999577463,-0.027850211,0.003077838,-0.007745844,-0.055754349,0.005721658,-0.015657472,-0.075772405,-0.001859665,0.012692064,-0.101420628,-0.004215944,0.007784208,-0.103380382,-0.114424422,-0.098266728,-0.087222688,0.098266728,0.087222688,0.103380382,0.114424422,0.207942143,0.005721658,0.015657472
2.55232001,0.991070343,-0.133340076,0,0,-0.267476786,0,0,0.999525368,-0.029732741,0.003065349,-0.007484342,-0.059519214,0.005682757,-0.015144679,-0.07590206,-0.001679361,0.011590871,-0.101102126,-0.004439663,0.006764703,-0.104988873,-0.113420755,-0.097852334,-0.089420453,0.097852334,0.089420453,0.104988873,0.113420755,0.207957572,0.005682757,0.015144679
2.59650994,0.990817809,-0.135203806,0,0,-0.271238308,0,0,0.999479413,-0.031287529,0.003063578,-0.007262508,-0.062628912,0.005669544,-0.014709923,-0.076824434,-0.003559887,0.008492917,-0.101926388,-0.003927971,0.007008689,-0.103427149,-0.112306468,-0.098777063,-0.089897737,0.098777063,0.089897737,0.103427149,0.112306468,0.208609396,0.005669544,0.014709923
2.65710998,0.990177007,-0.139819505,0,0,-0.280558254,0,0,0.999379039,-0.03444431,0.003029545,-0.006777074,-0.068942584,0.005588493,-0.013755082,-0.080496058,0.001182407,0.01353249,-0.103023094,-0.004170864,0.006621739,-0.10500709,-0.112863027,-0.098845646,-0.090989709,0.098845646,0.090989709,0.10500709,0.112863027,0.21161567,0.005588493,0.013755082
2.70499993,0.989786397,-0.142558369,0,0,-0.286091411,0,0,0.999311507,-0.036417,0.00301268,-0.006434645,-0.072888258,0.005552578,-0.013080427,-0.079873212,-0.003109872,0.019168107,-0.105933468,-0.005103706,0.005535144,-0.105473951,-0.113815673,-0.100572191,-0.092230469,0.100572191,0.092230469,0.105473951,0.113815673,0.213203153,0.005552578,0.013080427
2.75304008,0.989655227,-0.143466136,0,0,-0.2879258,0,0,0.999257267,-0.037930589,0.002950681,-0.006134059,-0.075915037,0.005431667,-0.012483355,-0.070166588,-0.000758469,0.020057708,-0.106742349,-0.003893652,0.004160624,-0.106364883,-0.116572291,-0.105502002,-0.095294595,0.105502002,0.095294595,0.106364883,0.116572291,0.212010763,0.005431667,0.012483355
2.80431986,0.989391492,-0.145273793,0,0,-0.291579391,0,0,0.999199927,-0.03946482,0.002945189,-0.00579411,-0.078983863,0.005428364,-0.011811858,-0.07459224,0.001021475,0.020002576,-0.109325159,-0.004398673,0.003644585,-0.107009299,-0.114796601,-0.106475353,-0.098688051,0.106475353,0.098688051,0.107009299,0.114796601,0.212595528,0.005428364,0.011811858
2.84961009,0.989125961,-0.147070844,0,0,-0.295212517,0,0,0.999135613,-0.041095413,0.002904587,-0.005556888,-0.08224592,0.005347452,-0.011343304,-0.082907088,-0.005035102,0.005351753,-0.109509445,-0.00481913,0.003229437,-0.108571053,-0.117368393,-0.110079221,-0.101281881,0.110079221,0.101281881,0.108571053,0.117368393,0.212966597,0.005347452,0.011343304
2.93305993,0.988589808,-0.150632637,0,0,-0.30241636,0,0,0.998941243,-0.045553975,0.002861198,-0.005746215,-0.091171856,0.005192835,-0.011741368,-0.083869696,-0.00076592,-0.009481609,-0.107829461,-0.00472071,0.007553003,-0.10791973,-0.117557988,-0.111099109,-0.101460859,0.111099109,0.101460859,0.10791973,0.117557988,0.211244504,0.005192835,0.011741368
2.96861005,0.988319338,-0.152397133,0,0,-0.305986571,0,0,0.99887687,-0.046922747,0.002866425,-0.005930287,-0.093913319,0.005169902,-0.012116711,-0.08617489,-0.001603365,-0.011360646,-0.109853495,-0.004334626,0.008140419,-0.11365927,-0.122328512,-0.106047675,-0.097378433,0.106047675,0.097378433,0.11365927,0.122328512,0.212073252,0.005169902,0.012116711
3.00308991,0.987910855,-0.155023036,0,0,-0.311301542,0,0,0.99878782,-0.048751257,0.002830388,-0.00618335,-0.097575327,0.005051043,-0.012628175,-0.092385717,-0.002636016,-0.012201071,-0.1113175,-0.004173351,0.008670052,-0.11365927,-0.122328512,-0.106047675,-0.097378433,0.106047675,0.097378433,0.11365927,0.122328512,0.213726215,0.005051043,0.012628175
3.05640006,0.987499271,-0.157623573,0,0,-0.316567356,0,0,0.998638093,-0.051633094,0.002881402,-0.006904301,-0.103350537,0.005041996,-0.014087993,-0.104078658,0.005143135,-0.02956092,-0.111843854,-0.003922454,0.009114877,-0.115814179,-0.124160878,-0.10682077,-0.098474078,0.10682077,0.098474078,0.115814179,0.124160878,0.213216819,0.005041996,0.014087993
3.09994006,0.987361431,-0.158484713,0,0,-0.318311559,0,0,0.998532832,-0.053545725,0.002885921,-0.007542226,-0.107184268,0.004955685,-0.015372169,-0.10012836,-0.002060831,-0.027471785,-0.109125586,-0.006222886,0.012907526,-0.117036253,-0.124881156,-0.106651403,-0.0988065,0.106651403,0.0988065,0.117036253,0.124881156,0.211127291,0.004955685,0.015372169
3.14759994,0.987084844,-0.160198345,0,0,-0.32178318,0,0,0.998419762,-0.055529371,0.002897757,-0.008139767,-0.111160506,0.004882382,-0.016576583,-0.09483695,0.002691895,-0.028173631,-0.110433425,-0.004449057,0.01332768,-0.115810208,-0.128255978,-0.102440916,-0.089995153,0.102440916,0.089995153,0.115810208,0.128255978,0.210622674,0.004882382,0.016576583
3.19728995,0.986807112,-0.161900352,0,0,-0.325232217,0,0,0.998298764,-0.057572696,0.002922799,-0.008756796,-0.115257015,0.004827366,-0.01782149,-0.100317605,3.20E-05,-0.032122433,-0.109848648,-0.005302805,0.015577711,-0.119312026,-0.128210142,-0.101554774,-0.092656665,0.101554774,0.092656665,0.119312026,0.128210142,0.209975202,0.004827366,0.01782149
3.24568987,0.986388536,-0.164431313,0,0,-0.330362899,0,0,0.998107135,-0.06068211,0.002939673,-0.009560991,-0.120459236,0.004714701,-0.019197612,-0.100466624,0.001054257,-0.025296215,-0.111729051,-0.005740037,0.015234717,-0.120123535,-0.130729139,-0.099573717,-0.088968113,0.099573717,0.088968113,0.120123535,0.130729139,0.209903663,0.004714701,0.019197612
3.30165005,0.985827156,-0.167764173,0,0,-0.337122518,0,0,0.997873724,-0.064299434,0.002967167,-0.010238397,-0.128742902,0.004605086,-0.020816553,-0.101172931,-0.001330674,-0.007076562,-0.11326849,-0.004795831,0.014499908,-0.12122371,-0.132703781,-0.102234341,-0.090754278,0.102234341,0.090754278,0.12122371,0.132703781,0.208379616,0.004605086,0.020816553
3.35031987,0.98554524,-0.169412457,0,0,-0.340466955,0,0,0.997745335,-0.06624452,0.002928348,-0.010369495,-0.132640946,0.00446966,-0.021081972,-0.104275346,-0.001218915,-0.003135204,-0.114268416,-0.005321681,0.013099004,-0.122972548,-0.132564202,-0.103564382,-0.093972728,0.103564382,0.093972728,0.122972548,0.132564202,0.207826009,0.00446966,0.021081972
3.40408993,0.985262611,-0.171048495,0,0,-0.343787498,0,0,0.997577071,-0.068743773,0.002885708,-0.010294725,-0.137649398,0.00434205,-0.020938039,-0.098755956,-0.002872943,0.008875878,-0.11347248,-0.005334101,0.012594782,-0.122045718,-0.132689074,-0.106491067,-0.095847711,0.106491067,0.095847711,0.122045718,0.132689074,0.2061381,0.00434205,0.020938039
3.44946003,0.984979349,-0.172672178,0,0,-0.347083912,0,0,0.997436821,-0.070785142,0.002876609,-0.010053028,-0.141740684,0.004315274,-0.02046338,-0.097040839,-0.00640601,0.016897172,-0.114625913,-0.004822663,0.010475863,-0.120733142,-0.13140133,-0.106211774,-0.095543571,0.106211774,0.095543571,0.120733142,0.13140133,0.205343228,0.004315274,0.02046338
3.49707008,0.984695535,-0.174283399,0,0,-0.350355966,0,0,0.997296095,-0.072789446,0.002849966,-0.009705894,-0.145757449,0.004271558,-0.019775661,-0.110368446,-0.001361966,0.019597264,-0.11201182,-0.005064266,0.007943426,-0.120279089,-0.129924417,-0.108972684,-0.099327363,0.108972684,0.099327363,0.120279089,0.129924417,0.204598517,0.004271558,0.019775661
3.54731989,0.984411247,-0.175882051,0,0,-0.353603431,0,0,0.997150183,-0.074811868,0.002822995,-0.009321927,-0.149811029,0.004235131,-0.019014423,-0.104972735,-0.005473197,0.021702798,-0.114983966,-0.003891291,0.007111606,-0.114890955,-0.125019491,-0.109132633,-0.099004105,0.109132633,0.099004105,0.114890955,0.125019491,0.203792402,0.004235131,0.019014423
3.60504008,0.983698983,-0.179822998,0,0,-0.361613025,0,0,0.996798515,-0.079482712,0.002719497,-0.008238466,-0.159173936,0.004111961,-0.016857426,-0.101432219,-0.005842747,0.025483225,-0.113919419,-0.005584293,0.005499607,-0.118204258,-0.125986829,-0.111763619,-0.103981048,0.111763619,0.103981048,0.118204258,0.125986829,0.202439089,0.004111961,0.016857426
3.65351987,0.98341367,-0.18137683,0,0,-0.364772645,0,0,0.996634364,-0.081566907,0.002655696,-0.007728799,-0.163352656,0.004032698,-0.015839599,-0.104501851,-0.011573732,0.02686605,-0.116883503,-0.003471495,0.005157136,-0.113834709,-0.125003293,-0.114004076,-0.102835499,0.114004076,0.102835499,0.113834709,0.125003293,0.201419989,0.004032698,0.015839599
3.70483995,0.983128243,-0.182917625,0,0,-0.367906664,0,0,0.996468127,-0.083620608,0.002626215,-0.007219739,-0.167471528,0.004026451,-0.014828352,-0.09743125,-0.004594028,0.025283547,-0.117516912,-0.001786623,0.004307667,-0.118569121,-0.125512108,-0.115197837,-0.10825485,0.115197837,0.10825485,0.118569121,0.125512108,0.200435136,0.004026451,0.014828352
3.74989987,0.982842784,-0.184445282,0,0,-0.371014861,0,0,0.996214926,-0.08664465,0.002565271,-0.006478568,-0.173537707,0.003988466,-0.013353129,-0.097921491,-0.009363891,0.027223676,-0.119835542,-0.003510556,0.003949589,-0.120037936,-0.123611175,-0.114995837,-0.111422598,0.114995837,0.111422598,0.120037936,0.123611175,0.197477154,0.003988466,0.013353129
3.7974999,0.982557372,-0.185959701,0,0,-0.37409702,0,0,0.996040583,-0.088663399,0.002486477,-0.005999529,-0.177587794,0.003889396,-0.012392876,-0.098745525,-0.001126528,0.022118539,-0.118291761,-0.00401158,0.003024262,-0.120274551,-0.127295658,-0.119396478,-0.112375371,0.119396478,0.112375371,0.120274551,0.127295658,0.196509226,0.003889396,0.012392876
3.85378003,0.981987011,-0.188948432,0,0,-0.380182357,0,0,0.995692253,-0.092547648,0.002372174,-0.005154154,-0.185383682,0.003769908,-0.010703258,-0.093112893,-0.004963576,0.022452326,-0.11879604,-0.00310513,0.002468038,-0.117304422,-0.125327572,-0.119279049,-0.111255899,0.119279049,0.111255899,0.117304422,0.125327572,0.194798675,0.003769908,0.010703258
3.90525008,0.98155996,-0.191154504,0,0,-0.384676411,0,0,0.995512366,-0.094485313,0.002321198,-0.004742574,-0.189273964,0.003725362,-0.009881448,-0.096000731,-0.006823242,0.020498782,-0.120038704,-0.002686624,0.001956009,-0.118158922,-0.124369182,-0.119433105,-0.113222845,0.119433105,0.113222845,0.118158922,0.124369182,0.195402447,0.003725362,0.009881448
3.95582986,0.981133826,-0.193329813,0,0,-0.389109721,0,0,0.995286822,-0.096855015,0.002270684,-0.004267701,-0.19403294,0.003693275,-0.008935207,-0.092744827,-0.001499057,0.017502161,-0.11993307,-0.002052735,0.001791946,-0.119308062,-0.124681309,-0.120769292,-0.115396045,0.120769292,0.115396045,0.119308062,0.124681309,0.195076781,0.003693275,0.008935207
3.99877,0.980992031,-0.194048024,0,0,-0.39057387,0,0,0.995107234,-0.09869688,0.002247486,-0.003961379,-0.197733049,0.003691036,-0.008327784,-0.092506416,-0.004070997,0.014432518,-0.121330513,-0.003309717,0.001724186,-0.119672254,-0.123777725,-0.120193832,-0.116088361,0.120193832,0.116088361,0.119672254,0.123777725,0.192840821,0.003691036,0.008327784
4.04857993,0.980708876,-0.195474041,0,0,-0.393481585,0,0,0.994928539,-0.100493401,0.002177797,-0.003704295,-0.2013425,0.003588998,-0.007808854,-0.088034578,-0.003872812,0.012996048,-0.123202768,-0.002548493,0.001866956,-0.119744956,-0.126364395,-0.122916013,-0.116296582,0.122916013,0.116296582,0.119744956,0.126364395,0.192139085,0.003588998,0.007808854
4.09638,0.980426367,-0.196886107,0,0,-0.396361684,0,0,0.994757414,-0.102179356,0.002142729,-0.003530154,-0.204730964,0.003541581,-0.007461296,-0.078490391,-0.004568696,0.010249767,-0.125010102,-0.002202922,0.002070138,-0.122521207,-0.127618194,-0.123884276,-0.118787296,0.123884276,0.118787296,0.122521207,0.127618194,0.19163072,0.003541581,0.007461296
4.14660001,0.980003987,-0.198977851,0,0,-0.400629611,0,0,0.994539678,-0.10428039,0.002090505,-0.003488467,-0.20895501,0.003430629,-0.007374945,-0.079436608,-0.001430511,-0.004193187,-0.125063638,-0.002995789,0.004462802,-0.124877289,-0.12928313,-0.125142857,-0.120737016,0.125142857,0.120737016,0.124877289,0.12928313,0.191674601,0.003430629,0.007374945
4.20367003,0.979443811,-0.201717183,0,0,-0.406221655,0,0,0.994185507,-0.107591391,0.002073205,-0.003884307,-0.215615625,0.00328647,-0.008169696,-0.077256568,0.000564009,-0.009268523,-0.124436529,-0.003940928,0.005625743,-0.126530632,-0.132522196,-0.123596594,-0.117605023,0.123596594,0.117605023,0.126530632,0.132522196,0.19060603,0.00328647,0.008169696
4.25103998,0.979165183,-0.203065369,0,0,-0.408975009,0,0,0.993999124,-0.109290615,0.002054663,-0.004161398,-0.219034913,0.003175067,-0.008722116,-0.089618564,0.00942275,-0.015483797,-0.126318094,-0.003617952,0.005791867,-0.126121312,-0.134003177,-0.122751683,-0.114869833,0.122751683,0.114869833,0.126121312,0.134003177,0.189940096,0.003175067,0.008722116
4.30219007,0.978887633,-0.204399122,0,0,-0.41169966,0,0,0.993698299,-0.11197079,0.002155902,-0.00466784,-0.224430946,0.003239314,-0.00975985,-0.083650649,0.004597754,-0.016149879,-0.124628557,-0.006028239,0.007171813,-0.128491983,-0.135727882,-0.124144152,-0.116908245,0.124144152,0.116908245,0.128491983,0.135727882,0.187268714,0.003239314,0.00975985
4.34739995,0.978611239,-0.205718357,0,0,-0.414395417,0,0,0.993498564,-0.113716625,0.002140937,-0.004967204,-0.227945812,0.003124332,-0.010356974,-0.099208951,0.005628913,-0.011637805,-0.126129382,-0.005006678,0.007866701,-0.125772104,-0.137828574,-0.123484954,-0.111428484,0.123484954,0.111428484,0.125772104,0.137828574,0.186449605,0.003124332,0.010356974
4.39716006,0.978336078,-0.207022992,0,0,-0.41706209,0,0,0.993299544,-0.115430854,0.002164037,-0.005211944,-0.231397974,0.00309584,-0.010853901,-0.084544726,0.003325194,-0.006818772,-0.126535797,-0.004179013,0.007282297,-0.128989384,-0.139002725,-0.123269327,-0.113255978,0.123269327,0.113255978,0.128989384,0.139002725,0.185664116,0.00309584,0.010853901
4.44624996,0.977925815,-0.208952389,0,0,-0.421007158,0,0,0.993147194,-0.116729997,0.002164053,-0.005312439,-0.234014214,0.003058209,-0.011057562,-0.0825435,-0.004388392,-0.002965332,-0.127544838,-0.002790432,0.006404074,-0.129639059,-0.137997076,-0.12343248,-0.115074463,0.12343248,0.115074463,0.129639059,0.137997076,0.186992944,0.003058209,0.011057562
4.50108004,0.977383826,-0.211473063,0,0,-0.426163727,0,0,0.992659986,-0.120801285,0.002129033,-0.005372472,-0.242214492,0.002928812,-0.011180734,-0.0752002,0.002082437,0.001103431,-0.12766209,-0.002793362,0.005592697,-0.131158456,-0.136739314,-0.12393117,-0.118350305,0.12393117,0.118350305,0.131158456,0.136739314,0.183949235,0.002928812,0.011180734
4.55242992,0.977115157,-0.212710999,0,0,-0.428697237,0,0,0.992466509,-0.122382604,0.002071244,-0.00534834,-0.245399978,0.002802196,-0.011123337,-0.08454176,-0.00089109,0.00391081,-0.129013101,-0.004483457,0.005787655,-0.130461395,-0.136048123,-0.124862723,-0.119276002,0.124862723,0.119276002,0.130461395,0.136048123,0.183297259,0.002802196,0.011123337
4.60220003,0.976848139,-0.213933898,0,0,-0.43120066,0,0,0.992255986,-0.124081172,0.002073221,-0.005277008,-0.248822987,0.002804781,-0.010987042,-0.086931884,-0.002101064,0.002942235,-0.127788222,-0.0036236,0.005292803,-0.130317271,-0.139284179,-0.127708867,-0.118741959,0.127708867,0.118741959,0.130317271,0.139284179,0.182377673,0.002804781,0.010987042
4.65055991,0.976582846,-0.215141685,0,0,-0.433673819,0,0,0.991994917,-0.126153663,0.00202587,-0.005238414,-0.253000092,0.002697617,-0.010904355,-0.082644828,-0.005367398,0.002733618,-0.128269837,-0.003300711,0.005362313,-0.129457399,-0.136704594,-0.126118988,-0.118871793,0.126118988,0.118871793,0.129457399,0.136704594,0.180673727,0.002697617,0.010904355
4.69800997,0.976319352,-0.216334284,0,0,-0.436116542,0,0,0.991782248,-0.127816021,0.001993816,-0.005208398,-0.256351472,0.002623433,-0.010841126,-0.08693336,-0.001859665,0.003797561,-0.130231161,-0.002381677,0.005353856,-0.130331412,-0.136932835,-0.126208201,-0.119606785,0.126208201,0.119606785,0.130331412,0.136932835,0.17976507,0.002623433,0.010841126
4.74657989,0.975927645,-0.218094548,0,0,-0.439723182,0,0,0.991564631,-0.129494831,0.001973366,-0.005191297,-0.259736894,0.002568951,-0.010806339,-0.08071661,-0.005312264,-0.000435114,-0.129830159,-0.002334667,0.005839347,-0.133203313,-0.137966663,-0.127258956,-0.122495599,0.127258956,0.122495599,0.133203313,0.137966663,0.179986288,0.002568951,0.010806339
4.80363989,0.975412346,-0.220387737,0,0,-0.444423926,0,0,0.99107486,-0.133192942,0.00192254,-0.005155019,-0.267197013,0.002437539,-0.010730395,-0.079394877,-0.001581013,0.001712889,-0.130144542,-0.003574988,0.005344126,-0.133334816,-0.138004139,-0.126325443,-0.12165612,0.126325443,0.12165612,0.133334816,0.138004139,0.177226913,0.002437539,0.010730395
4.84995008,0.975157849,-0.221511103,0,0,-0.446727593,0,0,0.990860939,-0.134775788,0.001891228,-0.005173857,-0.270391121,0.002353268,-0.010763164,-0.078697503,-0.002974272,0.002919883,-0.130261105,-0.003261964,0.005436456,-0.131913647,-0.139063627,-0.128375366,-0.121225402,0.128375366,0.121225402,0.131913647,0.139063627,0.176336472,0.002353268,0.010763164
4.90161991,0.974905549,-0.222618892,0,0,-0.448999907,0,0,0.990643382,-0.136365607,0.001886305,-0.005170419,-0.273600297,0.002327178,-0.010758772,-0.079041719,-0.001214445,0.001666695,-0.130612401,-0.002864228,0.005258995,-0.132435575,-0.138959497,-0.128086582,-0.12156266,0.128086582,0.12156266,0.132435575,0.138959497,0.17539961,0.002327178,0.010758772
4.94482994,0.974655514,-0.223711037,0,0,-0.451240709,0,0,0.990430236,-0.13790369,0.001885147,-0.005210753,-0.276705841,0.00229705,-0.010841951,-0.077193983,0.002828985,0.000522286,-0.131325751,-0.003335743,0.005460965,-0.133007139,-0.138735592,-0.128217608,-0.122489154,0.128217608,0.122489154,0.133007139,0.138735592,0.174534868,0.00229705,0.010841951
4.99602986,0.974407816,-0.224787472,0,0,-0.453449841,0,0,0.990103543,-0.140231758,0.001821562,-0.005182967,-0.281406818,0.002153438,-0.010774461,-0.072665513,-0.003734231,0.001501292,-0.132946099,-0.00443044,0.005694521,-0.13345094,-0.140122429,-0.129200503,-0.122529015,0.129200503,0.122529015,0.13345094,0.140122429,0.172043023,0.002153438,0.010774461
5.04877997,0.973919703,-0.226892951,0,0,-0.457772478,0,0,0.989894986,-0.141698971,0.001791378,-0.005122348,-0.284370339,0.00209489,-0.010649069,-0.075085446,-0.000503659,0.00159964,-0.132186777,-0.003415754,0.005426138,-0.134210154,-0.143071026,-0.131681979,-0.122821108,0.131681979,0.122821108,0.134210154,0.143071026,0.173402139,0.00209489,0.010649069
5.10097003,0.973560259,-0.228430345,0,0,-0.460930187,0,0,0.989530742,-0.144226447,0.00171546,-0.004985258,-0.28947657,0.00195699,-0.010361166,-0.069864102,-0.004987419,0.002454967,-0.13372738,-0.001527594,0.004191143,-0.134197131,-0.141028643,-0.130176365,-0.123344861,0.130176365,0.123344861,0.134197131,0.141028643,0.171453617,0.00195699,0.010361166
5.15105009,0.973206756,-0.229931751,0,0,-0.464015109,0,0,0.989209354,-0.146418884,0.001682211,-0.004886254,-0.293907867,0.001897239,-0.010159861,-0.076344609,0.003636629,0.002282113,-0.133710114,-0.002108047,0.005129587,-0.136390895,-0.139446095,-0.131063804,-0.128008619,0.131063804,0.128008619,0.136390895,0.139446095,0.170107242,0.001897239,0.010159861
5.19745994,0.97309028,-0.230424188,0,0,-0.465027157,0,0,0.988990247,-0.147893161,0.001633811,-0.004840508,-0.296888258,0.001799891,-0.010057874,-0.072881579,-0.00397116,0.003071874,-0.132370157,-0.004334074,0.005043853,-0.136731625,-0.140947714,-0.130688548,-0.126472458,0.130688548,0.126472458,0.136731625,0.140947714,0.168138899,0.001799891,0.010057874
5.24488998,0.972859416,-0.231396968,0,0,-0.467026758,0,0,0.988768816,-0.149368122,0.001579117,-0.004825501,-0.299870644,0.001681211,-0.010014527,-0.072048604,-0.001810491,0.002957136,-0.133113431,-0.002250467,0.004865033,-0.133079916,-0.141748056,-0.131660342,-0.122992203,0.131660342,0.122992203,0.133079916,0.141748056,0.167156114,0.001681211,0.010014527
5.29888988,0.972406257,-0.233293958,0,0,-0.470927488,0,0,0.988539159,-0.150878459,0.001566605,-0.004857183,-0.302925881,0.001631613,-0.01007595,-0.079372533,-0.003631413,-0.000174344,-0.134854222,-0.002765266,0.004872555,-0.135727972,-0.140228897,-0.130498827,-0.125997901,0.130498827,0.125997901,0.135727972,0.140228897,0.168001607,0.001631613,0.01007595
5.34908009,0.972184089,-0.234218055,0,0,-0.472828345,0,0,0.988297582,-0.152452052,0.001572168,-0.004903533,-0.306109959,0.001612432,-0.010171846,-0.079749525,0.003805012,-0.004640222,-0.132713939,-0.00428897,0.006244511,-0.13696149,-0.142492011,-0.132746905,-0.127216369,0.132746905,0.127216369,0.13696149,0.142492011,0.166718386,0.001612432,0.010171846
5.39990998,0.971964944,-0.235125813,0,0,-0.474696016,0,0,0.987841904,-0.155372977,0.001500952,-0.00505298,-0.312021642,0.001395214,-0.010449704,-0.071886189,0.000213832,-0.001133978,-0.134739537,-0.003143795,0.006406871,-0.134669453,-0.143247381,-0.13075836,-0.122180432,0.13075836,0.122180432,0.134669453,0.143247381,0.162674374,0.001395214,0.010449704
5.45428992,0.971642028,-0.236456698,0,0,-0.477435016,0,0,0.987550259,-0.157214835,0.001544759,-0.005066522,-0.315751664,0.001457989,-0.010492812,-0.072009861,-0.001372397,0.000182539,-0.133403096,-0.004202254,0.005755087,-0.138002589,-0.144290179,-0.131476432,-0.125188842,0.131476432,0.125188842,0.138002589,0.144290179,0.161683352,0.001457989,0.010492812
5.50555992,0.971222615,-0.238173535,0,0,-0.480969665,0,0,0.987324417,-0.158625945,0.001497859,-0.005117133,-0.31860925,0.001334326,-0.010579945,-0.067588687,-0.001530349,-0.001125038,-0.134014057,-0.002935667,0.005624475,-0.134955898,-0.143360406,-0.131850228,-0.123445727,0.131850228,0.123445727,0.134955898,0.143360406,0.162360415,0.001334326,0.010579945
5.54786992,0.9711198,-0.238592403,0,0,-0.481832268,0,0,0.987036586,-0.160406604,0.00145756,-0.005143369,-0.322216305,0.00122727,-0.010621198,-0.066930063,-0.00026226,0.001765043,-0.134827123,-0.002858276,0.005915222,-0.136702836,-0.142574176,-0.131325215,-0.125453889,0.131325215,0.125453889,0.136702836,0.142574176,0.159615963,0.00122727,0.010621198
5.60307002,0.970816361,-0.239824087,0,0,-0.484369293,0,0,0.9868083,-0.16180703,0.001466151,-0.005089058,-0.325054206,0.001246729,-0.010518516,-0.069826841,-0.00256598,0.001827627,-0.136044833,-0.003159825,0.005463023,-0.137884036,-0.143600583,-0.131770149,-0.126053602,0.131770149,0.126053602,0.137884036,0.143600583,0.159315087,0.001246729,0.010518516
5.65094996,0.970618311,-0.240624386,0,0,-0.486018173,0,0,0.986584723,-0.16316545,0.001417696,-0.005080175,-0.327807053,0.001139537,-0.01048688,-0.066342972,-0.004512072,-0.00012368,-0.135361647,-0.001976231,0.005713154,-0.138347998,-0.144667655,-0.133741602,-0.12742196,0.133741602,0.12742196,0.138347998,0.144667655,0.15821112,0.001139537,0.01048688
5.70471001,0.970423718,-0.24140797,0,0,-0.487632944,0,0,0.986031473,-0.166482612,0.001339695,-0.004892587,-0.334532248,0.001012902,-0.010094736,-0.066328056,-0.004403292,0.00518784,-0.135669003,-0.002654527,0.004961995,-0.13909854,-0.143050998,-0.131624699,-0.12767224,0.131624699,0.12767224,0.13909854,0.143050998,0.153100696,0.001012902,0.010094736
5.75276995,0.970232636,-0.242174795,0,0,-0.48921349,0,0,0.985810578,-0.167788416,0.001307434,-0.004797991,-0.337180669,0.000967669,-0.009898729,-0.065256655,0.001040846,0.007972866,-0.135028009,-0.001857446,0.004608871,-0.137976438,-0.143285498,-0.133361503,-0.128052458,0.133361503,0.128052458,0.137976438,0.143285498,0.152032821,0.000967669,0.009898729
5.80386997,0.969952714,-0.24329351,0,0,-0.491519898,0,0,0.985590577,-0.169080511,0.00126058,-0.004635664,-0.339801677,0.00091723,-0.009564162,-0.064177819,-0.004647673,0.009020421,-0.135980972,-0.003237548,0.004030893,-0.1377794,-0.141494289,-0.13227655,-0.128561661,0.13227655,0.128561661,0.1377794,0.141494289,0.151718221,0.00091723,0.009564162
5.85305,0.969592261,-0.244726064,0,0,-0.494474311,0,0,0.985371411,-0.170357674,0.001212068,-0.004499699,-0.342392954,0.000855557,-0.009280853,-0.061881542,0.000103563,0.00814721,-0.136515224,-0.001629332,0.003669417,-0.136774287,-0.143249378,-0.135187596,-0.128712505,0.135187596,0.128712505,0.136774287,0.143249378,0.152081357,0.000855557,0.009280853
5.90370989,0.969417623,-0.245416934,0,0,-0.495899513,0,0,0.985099375,-0.171927899,0.001151361,-0.004327916,-0.345579728,0.000780231,-0.008922877,-0.062145296,-0.006125867,0.009842962,-0.136870627,-0.002795911,0.003665951,-0.138555273,-0.141813949,-0.134475112,-0.131216452,0.134475112,0.131216452,0.138555273,0.141813949,0.150319785,0.000780231,0.008922877
5.95255995,0.969246776,-0.246090813,0,0,-0.497289911,0,0,0.984880686,-0.173179805,0.001132933,-0.004199872,-0.348121365,0.000776941,-0.008665258,-0.060580675,0.000476092,0.008188933,-0.136979354,-0.001841029,0.003832592,-0.137740642,-0.143332452,-0.136000559,-0.130408734,0.136000559,0.130408734,0.137740642,0.143332452,0.149168546,0.000776941,0.008665258
6.00143004,0.969079765,-0.246747661,0,0,-0.498645407,0,0,0.984668076,-0.174387634,0.001096003,-0.004062435,-0.350573925,0.000741522,-0.008382659,-0.059570383,-0.006878377,0.006382913,-0.136274896,-0.00068681,0.003468388,-0.138970882,-0.142652944,-0.134987757,-0.131305709,0.134987757,0.131305709,0.138970882,0.142652944,0.148071482,0.000741522,0.008382659
6.05368996,0.968916639,-0.247387442,0,0,-0.499965906,0,0,0.984184742,-0.177101448,0.001007267,-0.0038361,-0.356086371,0.000623916,-0.007907721,-0.059504807,-0.004282594,0.003456324,-0.136589357,-0.001944885,0.004004312,-0.139056444,-0.140430063,-0.133493289,-0.132119671,0.133493289,0.132119671,0.139056444,0.140430063,0.143879535,0.000623916,0.007907721
6.10028005,0.968757442,-0.248010119,0,0,-0.501251317,0,0,0.983972192,-0.17828007,0.000937496,-0.003777053,-0.358481125,0.000498194,-0.007767381,-0.062462691,-0.004938245,0.005643815,-0.135998075,-0.001212501,0.003712952,-0.138648748,-0.142538518,-0.134529904,-0.130640134,0.134529904,0.130640134,0.138648748,0.142538518,0.142770192,0.000498194,0.007767381
6.14778996,0.968526109,-0.248911986,0,0,-0.503113443,0,0,0.983751237,-0.179497913,0.000915512,-0.003661558,-0.36095649,0.000486788,-0.00753286,-0.05902499,0.000598282,0.005970149,-0.135430653,-0.000936556,0.003291328,-0.1384985,-0.1409235,-0.133497596,-0.131072596,0.133497596,0.131072596,0.1384985,0.1409235,0.142156953,0.000486788,0.00753286
6.20261002,0.968231818,-0.250054286,0,0,-0.505472644,0,0,0.98353523,-0.180679262,0.000882315,-0.003595643,-0.363358155,0.00043626,-0.007391781,-0.058354445,-0.003950298,0.006806106,-0.136790668,-0.002349009,0.003102264,-0.13778539,-0.139658511,-0.133075848,-0.131202742,0.133075848,0.131202742,0.13778539,0.139658511,0.142114489,0.00043626,0.007391781
6.24637008,0.968090831,-0.250599568,0,0,-0.506599072,0,0,0.983271837,-0.182109296,0.000858429,-0.003498706,-0.366266228,0.000413845,-0.007193075,-0.056533523,0.000184029,0.006166847,-0.136774191,-0.001083995,0.002890123,-0.137543887,-0.14224191,-0.13603738,-0.131339371,0.13603738,0.131339371,0.137543887,0.14224191,0.140332844,0.000413845,0.007193075
6.30019999,0.967954001,-0.251127563,0,0,-0.507689944,0,0,0.983065248,-0.18322213,0.000811908,-0.003420206,-0.368529653,0.000343003,-0.007022149,-0.051175058,-0.00243187,0.00031516,-0.137035161,-0.001361823,0.003794045,-0.138580292,-0.140748277,-0.134968027,-0.132800043,0.134968027,0.132800043,0.138580292,0.140748277,0.139160291,0.000343003,0.007022149
6.3485899,0.967821366,-0.25163824,0,0,-0.508745186,0,0,0.982679486,-0.185282484,0.000736082,-0.003306131,-0.372721536,0.000221529,-0.006770552,-0.045840446,-0.00641495,0.005357713,-0.136359351,-0.001619289,0.003443901,-0.139467359,-0.142190993,-0.134602904,-0.13187927,0.134602904,0.13187927,0.139467359,0.142190993,0.13602365,0.000221529,0.006770552
6.39508987,0.967692963,-0.252131572,0,0,-0.509764721,0,0,0.982393146,-0.186794907,0.000680088,-0.003296347,-0.375799737,0.000104746,-0.006730742,-0.051395599,-0.002814829,0.004281849,-0.137764539,-0.000175098,0.002826839,-0.138183936,-0.14142251,-0.134534702,-0.131296128,0.134534702,0.131296128,0.138183936,0.14142251,0.133964984,0.000104746,0.006730742
6.44661999,0.967508371,-0.252838985,0,0,-0.511226922,0,0,0.98219496,-0.187835351,0.000660368,-0.003263461,-0.377917935,7.12E-05,-0.006658839,-0.050346565,-0.001619756,0.001520664,-0.136419839,-0.001064232,0.00301163,-0.14041625,-0.140766442,-0.135112762,-0.13476257,0.135112762,0.13476257,0.14041625,0.140766442,0.133308987,0.0000712,0.006658839
6.49936009,0.967277381,-0.253721239,0,0,-0.513050906,0,0,0.982000768,-0.188848525,0.00066636,-0.003213065,-0.379981256,9.52E-05,-0.006562194,-0.048927963,-0.001487136,0.003948063,-0.137141513,-0.001355906,0.003441547,-0.138367206,-0.140495673,-0.134472415,-0.132343948,0.134472415,0.132343948,0.138367206,0.140495673,0.13306965,0.0000952,0.006562194
6.54901004,0.967168445,-0.254136184,0,0,-0.513908918,0,0,0.98186177,-0.18957001,0.000631184,-0.00320195,-0.381450538,2.55E-05,-0.006527098,-0.045050681,-0.002294779,0.003554672,-0.137422215,-0.001381549,0.002969496,-0.139227122,-0.14193894,-0.13505584,-0.132344037,0.13505584,0.132344037,0.139227122,0.14193894,0.13245838,0.0000255,0.006527098
6.60064006,0.96706392,-0.254533641,0,0,-0.514730862,0,0,0.981586218,-0.190993443,0.000564228,-0.003137685,-0.384349899,-9.09E-05,-0.006375387,-0.050266091,-0.004009902,0.004186482,-0.136122617,-0.000567437,0.002867607,-0.139010131,-0.141773224,-0.135834232,-0.133071139,0.135834232,0.133071139,0.139010131,0.141773224,0.130380963,0.0000909,0.006375387
6.64532996,0.966963837,-0.25491359,0,0,-0.51551668,0,0,0.981394351,-0.191978306,0.00056106,-0.003026073,-0.386356767,-6.06E-05,-0.006155004,-0.044207279,0.002712756,0.006956608,-0.136959043,-0.00231,0.00226957,-0.138422757,-0.13955763,-0.133822411,-0.132687539,0.133822411,0.132687539,0.138422757,0.13955763,0.129159913,0.0000606,0.006155004
6.69722009,0.966868222,-0.255276008,0,0,-0.516266318,0,0,0.981052458,-0.193720698,0.000457542,-0.002890374,-0.389907559,-0.000222105,-0.00584852,-0.042679906,-0.000977516,0.001927465,-0.137067509,5.96E-05,0.002863546,-0.136918589,-0.141538575,-0.136999443,-0.132379442,0.136999443,0.132379442,0.136918589,0.141538575,0.126358759,0.000222105,0.00584852
6.75299001,0.966690505,-0.255948174,0,0,-0.517656843,0,0,0.980882466,-0.19458057,0.00043429,-0.00282012,-0.391660543,-0.000245505,-0.005701452,-0.041469932,-0.004555285,0.001034886,-0.137259935,-0.001175753,0.00298296,-0.139990643,-0.139871418,-0.134144321,-0.134263545,0.134144321,0.134263545,0.139990643,0.139871418,0.1259963,0.000245505,0.005701452
6.80461002,0.966569135,-0.256406137,0,0,-0.51860439,0,0,0.980682433,-0.195587352,0.000389017,-0.002760269,-0.393713292,-0.000316743,-0.005566097,-0.036168098,-0.000476837,0.002763421,-0.137430733,-0.000179715,0.00305501,-0.139067113,-0.141418621,-0.135452703,-0.133101195,0.135452703,0.133101195,0.139067113,0.141418621,0.124891098,0.000316743,0.005566097
6.85499001,0.966458065,-0.25682447,0,0,-0.519470043,0,0,0.980528533,-0.196357787,0.000357937,-0.002720662,-0.395284488,-0.000366512,-0.005475968,-0.036540627,0.000751764,0.004077703,-0.138165421,-0.001187369,0.002705889,-0.140305996,-0.140665427,-0.134555414,-0.134195983,0.134555414,0.134195983,0.140305996,0.140665427,0.124185555,0.000366512,0.005475968
6.89684987,0.966423343,-0.256955098,0,0,-0.519740371,0,0,0.980386734,-0.197064951,0.000332377,-0.002696829,-0.396726864,-0.000411184,-0.005418897,-0.034753971,-0.007407367,0.001395494,-0.137658333,0.000736795,0.002875459,-0.139683917,-0.142058641,-0.136646867,-0.134272128,0.136646867,0.134272128,0.139683917,0.142058641,0.123013507,0.000411184,0.005418897
6.94501996,0.966357364,-0.25720312,0,0,-0.520253666,0,0,0.980249107,-0.197748721,0.000306213,-0.002697811,-0.398121686,-0.000466647,-0.005410186,-0.036612153,-0.000345707,-0.002139807,-0.137191939,-0.001112067,0.00348129,-0.141270563,-0.139796972,-0.134046048,-0.135519639,0.134046048,0.135519639,0.141270563,0.139796972,0.12213198,0.000466647,0.005410186
7.00252009,0.966239333,-0.257646175,0,0,-0.521170681,0,0,0.979943335,-0.199258029,0.000264971,-0.002709277,-0.401201384,-0.000560377,-0.005415499,-0.029848516,0.002346188,0.00121817,-0.138042297,-0.000508777,0.003439974,-0.139561132,-0.141785264,-0.134822682,-0.132598549,0.134822682,0.132598549,0.139561132,0.141785264,0.119969297,0.000560377,0.005415499
7.05260992,0.966187313,-0.257841184,0,0,-0.521574338,0,0,0.979811013,-0.199907899,0.000246635,-0.002691284,-0.402527722,-0.000592706,-0.005372534,-0.030148026,0.000289828,0.002884119,-0.13810247,-0.00177706,0.002940809,-0.140973464,-0.141991019,-0.135111064,-0.134093523,0.135111064,0.134093523,0.140973464,0.141991019,0.119046616,0.000592706,0.005372534
7.10276008,0.966139976,-0.2580185,0,0,-0.521941389,0,0,0.979683816,-0.200530171,0.000233228,-0.002684719,-0.403797938,-0.000619754,-0.005353916,-0.029996043,0.002307445,0.003274531,-0.137847477,-0.001202089,0.002643154,-0.139266193,-0.142820314,-0.136938691,-0.13338457,0.136938691,0.13338457,0.139266193,0.142820314,0.118143451,0.000619754,0.005353916
7.15588999,0.966077781,-0.258251277,0,0,-0.522423274,0,0,0.979497492,-0.201438844,0.0002811,-0.00266917,-0.405653361,-0.000524675,-0.005342166,-0.031927228,0.00199005,0.003155321,-0.137743101,-0.001719679,0.002573622,-0.139288515,-0.141692683,-0.136406377,-0.134002209,0.136406377,0.134002209,0.139288515,0.141692683,0.116769913,0.000524675,0.005342166
7.21072007,0.966011356,-0.258499634,0,0,-0.522937448,0,0,0.97925961,-0.202592209,0.000188505,-0.002677805,-0.408008148,-0.000715815,-0.005320938,-0.031532351,0.005640835,0.00314042,-0.137255467,0.001036631,0.003935591,-0.138597012,-0.142036363,-0.13688913,-0.133449778,0.13688913,0.133449778,0.138597012,0.142036363,0.1149293,0.000715815,0.005320938
7.24495006,0.966011356,-0.258499634,0,0,-0.522937448,0,0,0.97925961,-0.202592209,0.000188505,-0.002677805,-0.408008148,-0.000715815,-0.005320938,-0.031532351,0.005640835,0.00314042,-0.13650234,-0.002550217,0.002601442,-0.142227665,-0.140154392,-0.132283211,-0.134356469,0.132283211,0.134356469,0.142227665,0.140154392,0.1149293,0.000715815,0.005320938
7.3034699,0.965963857,-0.258677072,0,0,-0.523304818,0,0,0.978995442,-0.203865349,0.00013841,-0.002615355,-0.410608519,-0.000795355,-0.0051773,-0.025531653,-0.000905991,0.001511723,-0.13695847,-0.000503953,0.002701487,-0.136553541,-0.14165397,-0.13645108,-0.131350651,0.13645108,0.131350651,0.136553541,0.14165397,0.112696299,0.000795355,0.0051773
7.35363007,0.965947222,-0.258739182,0,0,-0.523433417,0,0,0.978893936,-0.204353258,0.000161482,-0.002568953,-0.411605423,-0.0007338,-0.005095485,-0.021749731,0.004722922,0.00390932,-0.137006834,-0.000735553,0.002814331,-0.139155969,-0.140163884,-0.134760901,-0.133753002,0.134760901,0.133753002,0.139155969,0.140163884,0.111827994,0.0007338,0.005095485
7.40358997,0.965935337,-0.25878355,0,0,-0.523525281,0,0,0.978800178,-0.204802215,0.00011916,-0.002516904,-0.412522596,-0.000797667,-0.004975922,-0.023443997,-0.001659989,0.005849451,-0.137401167,-0.002239761,0.002349896,-0.139085576,-0.140556693,-0.134928018,-0.133456916,0.134928018,0.133456916,0.139085576,0.140556693,0.111002685,0.000797667,0.004975922
7.45292998,0.965928204,-0.258810171,0,0,-0.523580402,0,0,0.978710711,-0.205230266,8.86E-05,-0.002448044,-0.413397177,-0.000831402,-0.00482824,-0.021332504,-0.000730157,0.000134856,-0.136871509,-0.000476173,0.001971421,-0.137511268,-0.141990796,-0.137290999,-0.132811487,0.137290999,0.132811487,0.137511268,0.141990796,0.110183225,0.000831402,0.00482824
7.50365997,0.965926421,-0.258816827,0,0,-0.523594182,0,0,0.9786129,-0.205697387,4.96E-05,-0.002335975,-0.414351707,-0.000863909,-0.004592458,-0.01357645,-0.002063811,0.005575269,-0.138015024,-0.000228776,0.001822748,-0.138366729,-0.139319077,-0.13537623,-0.134423882,0.13537623,0.134423882,0.138366729,0.139319077,0.109242475,0.000863909,0.004592458
7.55219007,0.965940685,-0.258763584,0,0,-0.523483942,0,0,0.978471816,-0.206369996,-2.62E-05,-0.002097823,-0.415726309,-0.00091708,-0.004094531,-0.01462549,-0.004346669,0.004153699,-0.137320063,0.000377949,0.001328208,-0.139608964,-0.140066519,-0.136421025,-0.13596347,0.136421025,0.13596347,0.139608964,0.140066519,0.107757633,0.00091708,0.004094531
7.60184002,0.965954946,-0.258710345,0,0,-0.523373709,0,0,0.978405535,-0.206685513,-6.94E-05,-0.001960826,-0.416371193,-0.000946355,-0.003808287,-0.015555322,-0.001266599,0.008266419,-0.137319904,0.000540546,0.001800577,-0.139026195,-0.138270289,-0.135613874,-0.13636978,0.135613874,0.13636978,0.139026195,0.138270289,0.107002516,0.000946355,0.003808287
7.65029002,0.965973954,-0.258639363,0,0,-0.523226744,0,0,0.978334367,-0.207023516,-0.00011982,-0.001820099,-0.417062089,-0.000988054,-0.003511728,-0.011324883,-0.002573431,0.00699088,-0.136896959,-0.000177133,0.000957966,-0.139660999,-0.138579905,-0.134978756,-0.136059836,0.134978756,0.136059836,0.139660999,0.138579905,0.106164655,0.000988054,0.003511728
7.69906998,0.965997704,-0.258550644,0,0,-0.523043058,0,0,0.978284061,-0.207261801,-0.000161596,-0.0017206,-0.4175492,-0.001029403,-0.003299494,-0.011657177,-0.002872943,0.002048164,-0.137318827,0.000272939,0.001019957,-0.137677759,-0.138032034,-0.136116102,-0.135761827,0.136116102,0.135761827,0.137677759,0.138032034,0.105493858,0.001029403,0.003299494
7.74877,0.96602619,-0.258444192,0,0,-0.522822662,0,0,0.978231192,-0.207511455,-0.000188247,-0.001644441,-0.418059631,-0.001050779,-0.003139167,-0.011530519,-0.004906953,0.004868955,-0.137007003,0.000427462,0.001746874,-0.138611689,-0.138065815,-0.136025906,-0.13657178,0.136025906,0.13657178,0.138611689,0.138065815,0.104763031,0.001050779,0.003139167
7.79707003,0.966059404,-0.258320012,0,0,-0.522565573,0,0,0.978186786,-0.207721204,-0.000215917,-0.001569425,-0.418488475,-0.001074421,-0.002980686,-0.011877715,-0.00269413,0.00829473,-0.136562054,0.000500397,0.00053002,-0.139181301,-0.138326392,-0.134832636,-0.13568756,0.134832636,0.13568756,0.139181301,0.138326392,0.104077098,0.001074421,0.002980686
7.84335995,0.966118068,-0.25810052,0,0,-0.522111179,0,0,0.978135407,-0.207963318,-0.000241077,-0.001503406,-0.41898353,-0.001096919,-0.002840805,-0.007224084,0.002681464,0.005220622,-0.136976007,-0.000879178,0.00097877,-0.137592435,-0.136591643,-0.135531604,-0.136532396,0.135531604,0.136532396,0.137592435,0.136591643,0.103127649,0.001096919,0.002840805
7.89394999,0.966212738,-0.257745891,0,0,-0.521377084,0,0,0.978104532,-0.20810917,-0.000240693,-0.001456731,-0.419281777,-0.001077164,-0.002749494,-0.008101761,-0.001476705,0.001917035,-0.136367643,0.000235017,0.001478757,-0.137075573,-0.138833925,-0.136876389,-0.135118023,0.136876389,0.135118023,0.137075573,0.138833925,0.102095307,0.001077164,0.002749494
7.95006991,0.966267095,-0.257542039,0,0,-0.520955134,0,0,0.978069246,-0.208275214,-0.000281368,-0.001455418,-0.419621183,-0.001156649,-0.0027298,0.000493974,-0.000825525,-0.001232326,-0.136867423,-0.000458903,0.001352104,-0.138081387,-0.137611359,-0.134653836,-0.135123879,0.134653836,0.135123879,0.138081387,0.137611359,0.101333951,0.001156649,0.0027298
8.00171995,0.966326112,-0.257320509,0,0,-0.520496622,0,0,0.978055537,-0.208339155,-0.000234309,-0.001478074,-0.419752049,-0.001074215,-0.002793652,0.000234693,0.000209361,-0.003354252,-0.137282015,0.000108932,0.002020135,-0.137760594,-0.138678402,-0.135974199,-0.135056391,0.135974199,0.135056391,0.137760594,0.138678402,0.100744573,0.001074215,0.002793652
8.05491996,0.966389775,-0.257081316,0,0,-0.52000158,0,0,0.978051782,-0.20835644,-0.000240595,-0.001536574,-0.419787312,-0.001110939,-0.002905444,0.001839549,0.004187971,-0.002543628,-0.136948739,-0.000231826,0.002391598,-0.139411047,-0.139193192,-0.135152921,-0.135370776,0.135152921,0.135370776,0.139411047,0.139193192,0.100214268,0.001110939,0.002905444
8.14406991,0.966569135,-0.256406138,0,0,-0.51860439,0,0,0.978064477,-0.208295554,-0.000246504,-0.001676962,-0.41966266,-0.001180801,-0.00317767,-0.000180304,0.003603846,-0.003540516,-0.136503753,-0.001296192,0.002327927,-0.139108479,-0.139572129,-0.13478893,-0.134325281,0.13478893,0.134325281,0.139108479,0.139572129,0.09894173,0.001180801,0.00317767
8.20507002,0.966733238,-0.255786723,0,0,-0.517322821,0,0,0.978092372,-0.208162636,-0.000253614,-0.001886136,-0.419390612,-0.001281362,-0.003584055,0.00558123,0.003290922,-0.003001094,-0.135549037,-0.001177218,0.002664765,-0.137036562,-0.13939099,-0.134061456,-0.131707028,0.134061456,0.131707028,0.137036562,0.13939099,0.097932209,0.001281362,0.003584055
8.27239991,0.966868222,-0.255276008,0,0,-0.516266318,0,0,0.978097856,-0.208136633,-0.000221674,-0.001952653,-0.419337437,-0.001246475,-0.003727505,0.000161678,0.001636893,-0.002060831,-0.136256293,-0.00114779,0.002824856,-0.137036562,-0.13939099,-0.134061456,-0.131707028,0.134061456,0.131707028,0.137036562,0.13939099,0.096928881,0.001246475,0.003727505
8.30875993,0.966915469,-0.255096992,0,0,-0.515896025,0,0,0.978121281,-0.208026052,-0.000177724,-0.002009017,-0.419111407,-0.001183527,-0.003856194,0.010143965,0.001879781,-0.002650916,-0.134981574,-0.000766082,0.002735931,-0.136951387,-0.138483554,-0.133011699,-0.131479532,0.133011699,0.131479532,0.136951387,0.138483554,0.096784618,0.001183527,0.003856194
8.34464002,0.967013321,-0.254725806,0,0,-0.51512829,0,0,0.978154242,-0.207869858,-0.000188337,-0.002094032,-0.418791931,-0.001239019,-0.004018288,0.008950382,0.000277907,-0.003562868,-0.136355852,-0.000899906,0.002890244,-0.138346165,-0.140145972,-0.134365484,-0.132565677,0.134365484,0.132565677,0.138346165,0.140145972,0.096336359,0.001239019,0.004018288
8.38415003,0.967168445,-0.254136184,0,0,-0.513908918,0,0,0.978161275,-0.207836673,-0.000190911,-0.002112348,-0.41872404,-0.001251531,-0.004053091,0.008162112,0.003237277,-0.000695884,-0.135630944,-0.000487444,0.003147989,-0.138346165,-0.140145972,-0.134365484,-0.132565677,0.134365484,0.132565677,0.138346165,0.140145972,0.095184878,0.001251531,0.004053091
8.42174006,0.967277381,-0.253721239,0,0,-0.513050906,0,0,0.978241205,-0.207459062,-0.000137196,-0.002226586,-0.417952057,-0.001192273,-0.004299367,0.014737994,0.005566329,-0.003376603,-0.136391251,-0.000368248,0.002641417,-0.138291463,-0.139266342,-0.132970363,-0.131995484,0.132970363,0.131995484,0.138291463,0.139266342,0.095098849,0.001192273,0.004299367
8.46200991,0.967390701,-0.253288832,0,0,-0.512156886,0,0,0.978301823,-0.207171857,-0.000144958,-0.002326073,-0.417364753,-0.00124742,-0.004491159,0.015415996,0.003915281,0.003051013,-0.135975795,-0.001990645,0.0032624,-0.137247518,-0.14122881,-0.134704009,-0.130722716,0.134704009,0.130722716,0.137247518,0.14122881,0.094792133,0.00124742,0.004491159
8.50307989,0.967508371,-0.252838985,0,0,-0.511226922,0,0,0.978355706,-0.206916749,-0.000112087,-0.002365824,-0.416843335,-0.001198379,-0.004582869,0.014751405,0.003430992,-0.00102073,-0.135794408,-0.001564192,0.002299116,-0.136529297,-0.139657691,-0.135059446,-0.131931067,0.135059446,0.131931067,0.136529297,0.139657691,0.094383587,0.001198379,0.004582869
8.57924009,0.967756633,-0.251887076,0,0,-0.509259421,0,0,0.978528142,-0.206097662,-0.000100487,-0.002569708,-0.415168862,-0.00125588,-0.004987667,0.014663489,0.005812198,0.001297146,-0.135347399,-0.001490913,0.003023815,-0.136880279,-0.13986209,-0.133814469,-0.130832642,0.133814469,0.130832642,0.136880279,0.13986209,0.094090559,0.00125588,0.004987667
8.62284994,0.967821366,-0.25163824,0,0,-0.508745186,0,0,0.978528142,-0.206097662,-0.000100487,-0.002569708,-0.415168862,-0.00125588,-0.004987667,0.014663489,0.005812198,0.001297146,-0.135598919,-0.000440603,0.003689022,-0.138847306,-0.139728516,-0.132350475,-0.131469265,0.132350475,0.131469265,0.138847306,0.139728516,0.093576324,0.00125588,0.004987667
8.66027999,0.967887156,-0.251385068,0,0,-0.508222024,0,0,0.97859782,-0.205765799,-7.24E-05,-0.002620387,-0.414490682,-0.001220099,-0.005098836,0.016903134,-0.001780689,-0.001324713,-0.134795892,-0.002192926,0.00287434,-0.135477275,-0.139863133,-0.134114444,-0.1297286,0.134114444,0.1297286,0.135477275,0.139863133,0.093731342,0.001220099,0.005098836
8.70526004,0.968090831,-0.250599568,0,0,-0.506599072,0,0,0.978680432,-0.205371201,-4.95E-05,-0.00273152,-0.413684238,-0.001218938,-0.005326247,0.022374839,0.00916198,-0.003369153,-0.134557459,-0.000226662,0.003366746,-0.135477275,-0.139863133,-0.134114444,-0.1297286,0.134114444,0.1297286,0.135477275,0.139863133,0.092914834,0.001218938,0.005326247
8.75036002,0.968376924,-0.249491748,0,0,-0.504310741,0,0,0.97879535,-0.204820469,-2.73E-05,-0.002899643,-0.412558777,-0.001241176,-0.005665181,0.025560707,0.002617389,-0.004857779,-0.135736474,-0.001532804,0.004285369,-0.137697518,-0.138150841,-0.131417349,-0.130964026,0.131417349,0.130964026,0.137697518,0.138150841,0.091751964,0.001241176,0.005665181
8.79763007,0.968526109,-0.248911986,0,0,-0.503113443,0,0,0.97888422,-0.204393148,1.10E-05,-0.003027511,-0.411685754,-0.001216034,-0.005931708,0.024314972,0.005184859,-0.005316734,-0.134881725,-0.002296538,0.004506486,-0.138489008,-0.141554624,-0.132983878,-0.129918277,0.132983878,0.129918277,0.138489008,0.141554624,0.091427689,0.001216034,0.005931708
8.85261989,0.96867933,-0.248315032,0,0,-0.501880835,0,0,0.97908783,-0.203412563,4.70E-05,-0.003249757,-0.409682423,-0.001230123,-0.006382748,0.028542433,0.004569442,-0.000928343,-0.135112843,-0.001157699,0.004587445,-0.137091652,-0.141684711,-0.132671744,-0.128078669,0.132671744,0.128078669,0.137091652,0.141684711,0.092198412,0.001230123,0.006382748
8.90164996,0.968836546,-0.247700921,0,0,-0.500613004,0,0,0.979226768,-0.202740386,8.40E-05,-0.003350521,-0.408309632,-0.001194012,-0.006595964,0.026636573,0.007017702,-0.002467633,-0.134927518,-0.002232431,0.00402292,-0.138542563,-0.14085795,-0.131683066,-0.129367664,0.131683066,0.129367664,0.138542563,0.14085795,0.092303372,0.001194012,0.006595964
8.94989991,0.968997714,-0.247069688,0,0,-0.499310037,0,0,0.979334593,-0.202218086,9.95E-05,-0.003430044,-0.407242907,-0.001192284,-0.006758631,0.030996656,-0.000183284,-0.004400314,-0.134350252,-0.002956521,0.004394211,-0.136717975,-0.14118284,-0.133137003,-0.128672138,0.133137003,0.128672138,0.136717975,0.14118284,0.09206713,0.001192284,0.006758631
8.99558997,0.969246775,-0.246090813,0,0,-0.497289911,0,0,0.979436338,-0.201723859,0.000122728,-0.003491546,-0.406233723,-0.001168248,-0.006889066,0.024273247,0.005998463,-0.000973046,-0.134386417,-0.0010847,0.004809349,-0.135787919,-0.141700953,-0.132912531,-0.126999497,0.132912531,0.126999497,0.135787919,0.141700953,0.091056188,0.001168248,0.006889066
9.04687,0.969592261,-0.244726064,0,0,-0.494474311,0,0,0.97953701,-0.201233402,0.000128553,-0.003528752,-0.405232308,-0.001168362,-0.006964885,0.024522098,0.00224486,-4.32E-05,-0.132482569,-0.002764992,0.0043021,-0.134019643,-0.139549628,-0.130945429,-0.125415444,0.130945429,0.125415444,0.134019643,0.139549628,0.089242003,0.001168362,0.006964885
9.09882999,0.969770642,-0.244018242,0,0,-0.493014406,0,0,0.97966367,-0.200616494,0.00012216,-0.003497537,-0.4039728,-0.001163975,-0.006901892,0.026307257,-0.001817942,0.003350526,-0.132396678,-0.000681173,0.003578637,-0.134019643,-0.139549628,-0.130945429,-0.125415444,0.130945429,0.125415444,0.134019643,0.139549628,0.089041606,0.001163975,0.006901892
9.14951992,0.969952714,-0.24329351,0,0,-0.491519899,0,0,0.979851365,-0.199699968,0.000110394,-0.003362609,-0.402101974,-0.001126686,-0.006633857,0.027401006,-0.001205504,0.007198007,-0.1315624,-0.001542245,0.002957203,-0.13529411,-0.136656463,-0.129499182,-0.128136843,0.129499182,0.128136843,0.13529411,0.136656463,0.089417925,0.001126686,0.006633857
9.19874001,0.970138429,-0.242551908,0,0,-0.489990895,0,0,0.979945123,-0.199241474,9.92E-05,-0.003238999,-0.401166241,-0.001096257,-0.006387659,0.02290532,-0.003300607,0.007428974,-0.131608444,-0.000779991,0.002773873,-0.133602291,-0.135162279,-0.129614532,-0.128054559,0.129614532,0.128054559,0.133602291,0.135162279,0.088824654,0.001096257,0.006387659
9.24898005,0.970327735,-0.24179348,0,0,-0.488427502,0,0,0.98010242,-0.198469654,4.50E-05,-0.003032655,-0.399591037,-0.001115534,-0.005962532,0.030403584,-0.003269315,0.009872765,-0.130333182,-0.000171863,0.002590177,-0.132751465,-0.13309519,-0.127914846,-0.127571121,0.127914846,0.127571121,0.132751465,0.13309519,0.088836465,0.001115534,0.005962532
9.29781008,0.970520579,-0.24101827,0,0,-0.48682983,0,0,0.980231404,-0.197834209,7.23E-05,-0.002870692,-0.398294739,-0.000994153,-0.005656513,0.038812313,0.001459569,0.010176748,-0.131263781,-4.84E-05,0.001946969,-0.13316232,-0.133259118,-0.129365176,-0.129268393,0.129365176,0.129268393,0.13316232,0.133259118,0.088535091,0.000994153,0.005656513
9.34959007,0.970816361,-0.239824088,0,0,-0.484369293,0,0,0.980368853,-0.197153166,2.36E-05,-0.002754788,-0.396905183,-0.001039863,-0.005410771,0.035876781,-0.006505847,0.001289696,-0.131831672,-0.001285142,0.001698034,-0.132244542,-0.134814814,-0.13141875,-0.128848463,0.13141875,0.128848463,0.132244542,0.134814814,0.08746411,0.001039863,0.005410771
9.39671994,0.971222615,-0.238173535,0,0,-0.480969666,0,0,0.980512261,-0.196440935,4.62E-06,-0.002601373,-0.395452357,-0.001012967,-0.005103197,0.041417036,0.000870973,0.01147911,-0.131396502,-0.000962988,0.001175498,-0.131608978,-0.133534953,-0.131183967,-0.129257992,0.131183967,0.129257992,0.131608978,0.133534953,0.085517309,0.001012967,0.005103197
9.44652987,0.971430705,-0.237323377,0,0,-0.479219157,0,0,0.980877578,-0.194611549,-3.21E-05,-0.002328673,-0.391721712,-0.000969403,-0.0045558,0.04479811,0.000687689,0.008108468,-0.131010644,-0.000779351,0.002096872,-0.131608978,-0.133534953,-0.131183967,-0.129257992,0.131183967,0.129257992,0.131608978,0.133534953,0.087497445,0.000969403,0.0045558
9.50071001,0.971642028,-0.236456698,0,0,-0.477435016,0,0,0.981048167,-0.193751857,-4.05E-05,-0.002189584,-0.389969021,-0.000928002,-0.004280482,0.045894831,0.003222376,0.006755441,-0.13128554,-0.000790781,0.001428727,-0.132328138,-0.133886844,-0.129693091,-0.1281344,0.129693091,0.1281344,0.132328138,0.133886844,0.087465995,0.000928002,0.004280482
9.54904986,0.971856524,-0.235573548,0,0,-0.475617367,0,0,0.981220841,-0.192876756,-4.82E-05,-0.002093617,-0.38818521,-0.000902291,-0.004090005,0.045938049,0.003360957,0.006162377,-0.131070652,-0.001413332,0.001494337,-0.131923452,-0.133505017,-0.13064757,-0.129066005,0.13064757,0.129066005,0.131923452,0.133505017,0.087432157,0.000902291,0.004090005
9.59927988,0.972074135,-0.23467398,0,0,-0.473766337,0,0,0.981435359,-0.191783607,-6.50E-05,-0.001972363,-0.385957353,-0.0008841,-0.003846576,0.04510656,-0.004023314,0.006318838,-0.130669584,-0.00141218,0.001482104,-0.131151631,-0.133978292,-0.130989611,-0.12816295,0.130989611,0.12816295,0.131151631,0.133978292,0.087808984,0.0008841,0.003846576
9.64684987,0.972406257,-0.233293958,0,0,-0.470927489,0,0,0.981608093,-0.190898076,-5.80E-05,-0.001896907,-0.384153057,-0.000838119,-0.003701899,0.050217662,-0.001606345,0.005302578,-0.129754261,0.000605705,0.001312468,-0.13073948,-0.133563846,-0.130599633,-0.127775267,0.130599633,0.127775267,0.13073948,0.133563846,0.086774432,0.000838119,0.003701899
9.69675994,0.972859416,-0.231396968,0,0,-0.467026758,0,0,0.981785059,-0.189986467,-5.59E-05,-0.001838884,-0.382295902,-0.000808442,-0.003589554,0.042075668,-0.000524521,0.002294034,-0.128350871,-0.000297501,0.001831692,-0.131672412,-0.130460992,-0.127836064,-0.129047468,0.127836064,0.129047468,0.131672412,0.130460992,0.084730856,0.000808442,0.003589554
9.75373006,0.97309028,-0.230424188,0,0,-0.465027157,0,0,0.982117534,-0.188261852,-3.15E-05,-0.001701592,-0.378783436,-0.000702469,-0.00333049,0.048015267,0.002623349,0.00352636,-0.128166307,0.000164736,0.000598162,-0.129885033,-0.130480036,-0.126816645,-0.126221657,0.126816645,0.126221657,0.129885033,0.130480036,0.086243721,0.000702469,0.00333049
9.79981995,0.973323916,-0.229435294,0,0,-0.462994919,0,0,0.98233217,-0.187138632,-4.83E-05,-0.001688084,-0.376496317,-0.000726704,-0.003298447,0.050386049,0.000167638,0.003156811,-0.128359228,-0.001119158,0.001455275,-0.128929183,-0.128599703,-0.127403378,-0.127732858,0.127403378,0.127732858,0.128929183,0.128599703,0.086498602,0.000726704,0.003298447
9.8510499,0.973560259,-0.228430345,0,0,-0.460930187,0,0,0.982509434,-0.18620573,-2.95E-05,-0.001697677,-0.374597177,-0.00069028,-0.003324972,0.04754588,0.000943989,0.000379235,-0.128392543,-0.000441242,0.00150518,-0.128695324,-0.130933627,-0.128023088,-0.12578477,0.128023088,0.12578477,0.128695324,0.130933627,0.08633301,0.00069028,0.003324972
9.8987,0.973799242,-0.227409401,0,0,-0.458833105,0,0,0.982701778,-0.18518728,-4.56E-06,-0.001741035,-0.372524297,-0.000653799,-0.003420155,0.059971962,0.00198558,-0.000153482,-0.127412757,-0.000673881,0.00198148,-0.12945646,-0.130338937,-0.127328575,-0.126446098,0.127328575,0.126446098,0.12945646,0.130338937,0.086308808,0.000653799,0.003420155
9.95701003,0.974407816,-0.224787472,0,0,-0.453449841,0,0,0.982908607,-0.184085771,2.21E-05,-0.001792814,-0.370282805,-0.000616692,-0.003532476,0.057257716,7.60E-05,-0.006964803,-0.128514709,-0.000988997,0.002118556,-0.128720328,-0.130068094,-0.12610513,-0.124757364,0.12610513,0.124757364,0.128720328,0.130068094,0.083167036,0.000616692,0.003532476
10.00600005,0.974780244,-0.223166924,0,0,-0.450124257,0,0,0.983344197,-0.18174389,5.23E-05,-0.001887489,-0.365518704,-0.000583279,-0.003731111,0.056197494,0.005920977,0.000464171,-0.127362497,-0.002119253,0.002171976,-0.129644245,-0.13162224,-0.127385125,-0.12540713,0.127385125,0.12540713,0.129644245,0.13162224,0.084605553,0.000583279,0.003731111
10.05383993,0.974905549,-0.222618892,0,0,-0.448999907,0,0,0.98369205,-0.179850787,8.59E-05,-0.001978086,-0.361669128,-0.000542463,-0.003922574,0.072973229,0.000747293,0.000564009,-0.127986474,-0.001792547,0.002256804,-0.127415195,-0.131653696,-0.12730974,-0.123071238,0.12730974,0.123071238,0.127415195,0.131653696,0.087330779,0.000542463,0.003922574
10.10492993,0.975157849,-0.221511103,0,0,-0.446727593,0,0,0.983946264,-0.178454712,8.42E-05,-0.001989295,-0.35883105,-0.000544263,-0.003944786,0.072460622,-0.002257526,0.0008367,-0.129416353,-0.000821487,0.002262419,-0.128450707,-0.132035792,-0.127522185,-0.123937093,0.127522185,0.123937093,0.128450707,0.132035792,0.087896543,0.000544263,0.003944786
10.15079999,0.975412346,-0.220387737,0,0,-0.444423926,0,0,0.984254539,-0.176746443,0.000134024,-0.001988737,-0.355359523,-0.000439176,-0.003962233,0.074151911,-0.002025068,0.000654906,-0.129000528,-2.18E-05,0.002229837,-0.130857259,-0.132500231,-0.127975389,-0.126332417,0.127975389,0.126332417,0.130857259,0.132500231,0.089064403,0.000439176,0.003962233
10.19884992,0.975668969,-0.219248862,0,0,-0.442089068,0,0,0.984511793,-0.175308511,0.000102343,-0.001937458,-0.352437941,-0.00047779,-0.003850793,0.07371828,-0.000225008,0.002843886,-0.129125856,-0.00014115,0.002248823,-0.131208569,-0.13125211,-0.126792431,-0.12674889,0.126792431,0.12674889,0.131208569,0.13125211,0.089651127,0.00047779,0.003850793
10.25942993,0.976319352,-0.216334284,0,0,-0.436116542,0,0,0.984774113,-0.173830077,0.000126914,-0.001835504,-0.349435096,-0.000388168,-0.003659244,0.073056661,0.002657622,0.00687763,-0.126910509,-0.00055822,0.001828062,-0.131233498,-0.131515801,-0.127018154,-0.126735851,0.127018154,0.126735851,0.131233498,0.131515801,0.086681446,0.000388168,0.003659244
10.29680991,0.976582846,-0.215141685,0,0,-0.433673819,0,0,0.985016942,-0.172449753,0.000117339,-0.001719596,-0.346632139,-0.000361927,-0.003428138,0.068651892,0.002806634,0.007090718,-0.126513481,-0.001317876,0.000847332,-0.128180325,-0.129296765,-0.125640646,-0.124524198,0.125640646,0.124524198,0.128180325,0.129296765,0.08704168,0.000361927,0.003428138
10.35564995,0.976848139,-0.213933898,0,0,-0.43120066,0,0,0.985515833,-0.169579029,6.29E-05,-0.001258243,-0.34080487,-0.000302673,-0.002501389,0.054887682,0.000163168,0.008360296,-0.126086235,-0.000346222,-0.000370122,-0.126042902,-0.128678665,-0.126984,-0.124348246,0.126984,0.124348246,0.126042902,0.128678665,0.09039579,0.000302673,0.002501389
10.40952993,0.977115157,-0.212710999,0,0,-0.428697237,0,0,0.985701084,-0.168500155,5.06E-05,-0.001053911,-0.338615654,-0.000255369,-0.002094745,0.049749766,-0.006920099,0.011257083,-0.123382686,-0.000427934,9.01E-05,-0.125369862,-0.126062304,-0.126802549,-0.126110107,0.126802549,0.126110107,0.125369862,0.126062304,0.090081583,0.000255369,0.002094745
10.44936991,0.977383826,-0.211473063,0,0,-0.426163727,0,0,0.985872388,-0.167496577,2.16E-05,-0.000848251,-0.336579531,-0.000241515,-0.00167978,0.050724301,-0.002287328,0.010228903,-0.121880617,0.001523023,-0.000644827,-0.123044789,-0.123900652,-0.123720534,-0.122864664,0.123720534,0.122864664,0.123044789,0.123900652,0.089584196,0.000241515,0.00167978
10.49521995,0.97765407,-0.210220167,0,0,-0.423600308,0,0,0.986088037,-0.16622299,9.25E-06,-0.000607846,-0.333996191,-0.000183827,-0.001201855,0.053934008,-0.003215671,0.009112806,-0.121353493,0.000380593,-0.000710241,-0.121023819,-0.12026263,-0.121683113,-0.122444302,0.121683113,0.122444302,0.121023819,0.12026263,0.089604117,0.000183827,0.001201855
10.55337,0.978198983,-0.207669809,0,0,-0.418384461,0,0,0.986262202,-0.165187299,1.51E-05,-0.000455922,-0.331895782,-0.000120874,-0.000904299,0.055255748,-0.001230836,0.007816407,-0.120038526,0.000702411,-0.000808853,-0.119932055,-0.118527234,-0.120144941,-0.121549763,0.120144941,0.121549763,0.119932055,0.118527234,0.086488679,0.000120874,0.000904299
10.59860993,0.978611239,-0.205718357,0,0,-0.414395417,0,0,0.986435652,-0.164148375,1.44E-05,-0.000354687,-0.3297892,-8.80E-05,-0.000704482,0.055248294,0.000522286,0.008191913,-0.119485076,-0.000233643,-0.000958286,-0.119932055,-0.118527234,-0.120144941,-0.121549763,0.120144941,0.121549763,0.119932055,0.118527234,0.084606217,0.000088,0.000704482
10.66197992,0.979026269,-0.203734055,0,0,-0.410340935,0,0,0.986912668,-0.16125609,4.97E-05,-0.00025061,-0.323926517,1.73E-05,-0.000510696,0.064905733,0.004204363,0.001920015,-0.118511579,-0.000185328,-0.000602053,-0.117724173,-0.118094832,-0.119298935,-0.118928276,0.119298935,0.118928276,0.117724173,0.118094832,0.086414418,0.0000173,0.000510696
10.70166993,0.979165183,-0.203065369,0,0,-0.408975009,0,0,0.987130702,-0.159915775,0.000119583,-0.000276247,-0.321210689,0.000147737,-0.00058363,0.0731714,0.00250116,0.000955909,-0.120106523,-0.001234465,-3.09E-05,-0.118841119,-0.121310048,-0.121371873,-0.118902944,0.121371873,0.118902944,0.118841119,0.121310048,0.08776432,0.000147737,0.00058363
10.74980998,0.979583504,-0.201037704,0,0,-0.404834274,0,0,0.987371862,-0.15842016,0.000129787,-0.000410663,-0.318180834,0.000126182,-0.000852075,0.079896301,0.000312179,-0.010412932,-0.120914584,-0.000874474,0.000146964,-0.118841119,-0.121310048,-0.121371873,-0.118902944,0.121371873,0.118902944,0.118841119,0.121310048,0.08665344,0.000126182,0.000852075
10.80569005,0.980003987,-0.198977852,0,0,-0.400629611,0,0,0.987631738,-0.156790763,0.00014557,-0.000597064,-0.314880859,0.000100311,-0.001225006,0.088352717,0.005277247,-0.007656217,-0.120137584,-0.000349051,0.002227296,-0.120187044,-0.121935993,-0.121642068,-0.119893119,0.121642068,0.119893119,0.120187044,0.121935993,0.085748752,0.000100311,0.001225006
10.85426998,0.980285379,-0.197586881,0,0,-0.397791315,0,0,0.987974823,-0.154613197,0.000247834,-0.000865391,-0.310472139,0.000222105,-0.001786607,0.092995919,0.006375463,-0.009392203,-0.121103323,-0.001725437,0.001986296,-0.122015804,-0.122713909,-0.118259311,-0.117561214,0.118259311,0.117561214,0.122015804,0.122713909,0.087319176,0.000222105,0.001786607
10.90194989,0.980567536,-0.196181824,0,0,-0.3949251,0,0,0.988266289,-0.15273723,0.000284495,-0.001146547,-0.306675239,0.000212072,-0.002353095,0.092784315,0.00493303,-0.011494756,-0.122065376,-0.001932768,0.003270819,-0.121364154,-0.124815032,-0.120842434,-0.117391564,0.120842434,0.117391564,0.121364154,0.124815032,0.088249861,0.000212072,0.002353095
10.96058989,0.980992031,-0.194048024,0,0,-0.390573871,0,0,0.988837421,-0.148988366,0.000339019,-0.001758264,-0.299091001,0.000146547,-0.003578301,0.092034794,0.009163469,-0.008907917,-0.122199864,-0.001438254,0.0043267,-0.1234034,-0.12726894,-0.120727293,-0.116861761,0.120727293,0.116861761,0.1234034,0.12726894,0.09148287,0.000146547,0.003578301
11.00533009,0.98155996,-0.191154504,0,0,-0.384676411,0,0,0.989177763,-0.146708593,0.000551661,-0.001995747,-0.294481693,0.000505795,-0.004110174,0.092097372,0.010844319,-0.004707276,-0.121207,-0.003253334,0.003566884,-0.125088289,-0.127964795,-0.119311392,-0.116434887,0.119311392,0.116434887,0.125088289,0.127964795,0.090194718,0.000505795,0.004110174
11.04694009,0.981702222,-0.190422549,0,0,-0.383185108,0,0,0.989439785,-0.144926772,0.000526004,-0.002248518,-0.290879573,0.000389158,-0.004602026,0.092076518,0.003611296,-0.006540121,-0.121065486,-0.004004538,0.00310267,-0.121520527,-0.128027186,-0.120893419,-0.11438676,0.120893419,0.11438676,0.121520527,0.128027186,0.092305535,0.000389158,0.004602026
11.1056099,0.982129519,-0.188206293,0,0,-0.378670962,0,0,0.989689291,-0.143211126,0.000615303,-0.002354238,-0.287412597,0.000543611,-0.004836183,0.0842847,0.005727261,-0.001008809,-0.119108721,-0.002105449,0.00372489,-0.120163597,-0.128172666,-0.121967323,-0.113958254,0.121967323,0.113958254,0.120163597,0.128172666,0.091258365,0.000543611,0.004836183
11.15931988,0.982414709,-0.186711916,0,0,-0.375628267,0,0,0.9899261,-0.141563848,0.000699068,-0.002384457,-0.284084589,0.000708945,-0.004918817,0.081519045,0.002061576,0.000589341,-0.117272671,-0.00278971,0.002902732,-0.120728135,-0.124939032,-0.117489256,-0.113278359,0.117489256,0.113278359,0.120728135,0.124939032,0.091543678,0.000708945,0.004918817
11.20935989,0.982700067,-0.185204152,0,0,-0.37255921,0,0,0.990436554,-0.137950793,0.000742687,-0.002155099,-0.276786912,0.000876574,-0.004473901,0.078191593,8.27E-05,0.007497519,-0.117434279,-0.000473037,0.002663814,-0.117385671,-0.122965083,-0.11715962,-0.111580208,0.11715962,0.111580208,0.117385671,0.122965083,0.095772298,0.000876574,0.004473901
11.26147008,0.982985513,-0.183683102,0,0,-0.369464004,0,0,0.990634322,-0.136525378,0.000724648,-0.002051892,-0.273908671,0.000875452,-0.004263228,0.071435429,0.00134185,0.004301221,-0.115447677,-0.001385291,0.001201132,-0.119625032,-0.120571107,-0.11524348,-0.114297405,0.11524348,0.114297405,0.119625032,0.120571107,0.095555333,0.000875452,0.004263228
11.30946994,0.98341367,-0.18137683,0,0,-0.364772645,0,0,0.990823448,-0.13514699,0.000621892,-0.001948546,-0.271125618,0.000705689,-0.004029435,0.067619242,-0.004801154,0.005041807,-0.112005851,-0.001672496,0.001623794,-0.115263492,-0.118034072,-0.115631811,-0.112861231,0.115631811,0.112861231,0.115263492,0.118034072,0.093647027,0.000705689,0.004029435
11.36207009,0.983984104,-0.17825623,0,0,-0.358428027,0,0,0.991009295,-0.133781239,0.000665725,-0.001745716,-0.268369066,0.000852391,-0.003638173,0.069587685,0.00314042,0.011738391,-0.110576647,0.000108845,0.001392823,-0.111957125,-0.115302116,-0.112054527,-0.108709536,0.112054527,0.108709536,0.111957125,0.115302116,0.090058961,0.000852391,0.003638173
11.40839005,0.984268951,-0.176676631,0,0,-0.355217872,0,0,0.991275012,-0.131799102,0.000667276,-0.001570231,-0.264369266,0.000908999,-0.003288962,0.063797094,-0.001567602,0.006952137,-0.110103311,-0.00199843,1.06E-05,-0.112078294,-0.111860603,-0.109074958,-0.109292649,0.109074958,0.109292649,0.112078294,0.111860603,0.090848606,0.000908999,0.003288962
11.45603991,0.984553445,-0.175084303,0,0,-0.351982787,0,0,0.991445005,-0.130515695,0.000644592,-0.001506403,-0.261779931,0.000884936,-0.003155296,0.069511689,0.003723055,0.005490333,-0.108663548,-0.000717572,0.0006061,-0.108115487,-0.112112343,-0.112091087,-0.10809423,0.112091087,0.10809423,0.108115487,0.112112343,0.090202856,0.000884936,0.003155296
11.50919986,0.984837506,-0.173479353,0,0,-0.348722998,0,0,0.99161303,-0.129232883,0.000707871,-0.001448027,-0.259192567,0.001029603,-0.003054731,0.063883521,0.002271682,0.001370162,-0.108751112,-0.002078685,0.000783617,-0.108552054,-0.109987199,-0.108774997,-0.107339852,0.108774997,0.107339852,0.108552054,0.109987199,0.089530431,0.001029603,0.003054731
11.55455995,0.985121054,-0.171861888,0,0,-0.345438735,0,0,0.991787493,-0.12788792,0.000705185,-0.001428042,-0.256480084,0.001033529,-0.003013003,0.069385037,-0.00422895,-0.005792083,-0.109340374,-0.00093361,0.001822753,-0.107456021,-0.111613385,-0.110046156,-0.105888784,0.110046156,0.105888784,0.107456021,0.111613385,0.088958651,0.001033529,0.003013003
11.60283995,0.985404009,-0.170232013,0,0,-0.342130228,0,0,0.992190063,-0.124724291,0.000739468,-0.001549585,-0.250102,0.001080843,-0.003259431,0.075680763,0.000304729,-0.001427531,-0.1071425,-7.34E-05,0.002643554,-0.110229492,-0.112096712,-0.10845121,-0.10658399,0.10845121,0.10658399,0.110229492,0.112096712,0.092028228,0.001080843,0.003259431
11.65064001,0.985967823,-0.166935474,0,0,-0.335441412,0,0,0.992376924,-0.123227187,0.000740208,-0.001669487,-0.24708464,0.001057678,-0.003495957,0.078063458,0.004120917,-0.005282462,-0.105708709,-0.001291452,0.00199578,-0.109712683,-0.109859385,-0.104572274,-0.104425572,0.104572274,0.104425572,0.109712683,0.109859385,0.088356772,0.001057678,0.003495957
11.70910001,0.986388536,-0.164431313,0,0,-0.330362899,0,0,0.992567837,-0.121677242,0.000734227,-0.001844274,-0.243961407,0.001008729,-0.003839822,0.082767755,0.000164658,-0.008401276,-0.10529154,-0.002328682,0.002796969,-0.106413014,-0.108995914,-0.105004355,-0.102421455,0.105004355,0.102421455,0.106413014,0.108995914,0.086401492,0.001008729,0.003839822
11.75832987,0.98666784,-0.16274696,0,0,-0.326948191,0,0,0.992811024,-0.119672425,0.000805287,-0.002088967,-0.239922821,0.001099012,-0.004340655,0.087433308,0.004649908,-0.006015599,-0.10528536,-0.001304916,0.00353945,-0.105759807,-0.110417165,-0.104823232,-0.100165866,0.104823232,0.100165866,0.105759807,0.110417165,0.08702537,0.001099012,0.004340655
11.80811,0.986946116,-0.161050809,0,0,-0.323510537,0,0,0.99300915,-0.118011966,0.000904286,-0.002298332,-0.236578947,0.001253467,-0.004777984,0.090312213,0.007677825,-0.007063151,-0.105520511,-0.002621311,0.003425869,-0.107519872,-0.110129699,-0.103050806,-0.100440972,0.103050806,0.100440972,0.107519872,0.110129699,0.08693159,0.001253467,0.004777984
11.85421992,0.987223286,-0.159342975,0,0,-0.320050178,0,0,0.993416548,-0.114518844,0.000967503,-0.002896614,-0.229546086,0.001258833,-0.005976722,0.086724013,0.00609383,-0.013828279,-0.106063738,-0.001960011,0.005010839,-0.106325045,-0.111567669,-0.104715928,-0.099473312,0.104715928,0.099473312,0.106325045,0.111567669,0.090504092,0.001258833,0.005976722
11.89762998,0.98749927,-0.157623573,0,0,-0.316567356,0,0,0.993416548,-0.114518844,0.000967503,-0.002896614,-0.229546086,0.001258833,-0.005976722,0.094015159,0.006564707,-0.015240909,-0.106145895,-0.003476953,0.005949765,-0.109114543,-0.113034561,-0.10301289,-0.099092864,0.10301289,0.099092864,0.109114543,0.113034561,0.08702127,0.001258833,0.005976722
11.94877005,0.987910855,-0.155023036,0,0,-0.311301543,0,0,0.993861318,-0.110569142,0.001091737,-0.003626475,-0.22159804,0.001368118,-0.007449925,0.08595065,0.007287414,-0.011339784,-0.104698198,-0.002475551,0.006378216,-0.10860084,-0.113551937,-0.100795507,-0.09584441,0.100795507,0.09584441,0.10860084,0.113551937,0.089703503,0.001368118,0.007449925
12.00710988,0.988454765,-0.151516264,0,0,-0.304204134,0,0,0.994040728,-0.108935535,0.001138158,-0.003870195,-0.218311698,0.001419548,-0.007942325,0.084515668,0.002522022,-0.008709729,-0.100936859,-0.003926506,0.006171845,-0.10860084,-0.113551937,-0.100795507,-0.09584441,0.100795507,0.09584441,0.10860084,0.113551937,0.085892436,0.001419548,0.007942325
12.05359006,0.988724459,-0.149746266,0,0,-0.30062328,0,0,0.994206965,-0.107400715,0.001177443,-0.004059126,-0.215224558,0.001469339,-0.008324241,0.078430027,-0.001588464,-0.006304682,-0.099860437,-0.002752135,0.006019407,-0.103182174,-0.111035183,-0.098691493,-0.090838492,0.098691493,0.090838492,0.103182174,0.111035183,0.085398722,0.001469339,0.008324241
12.10127998,0.988992545,-0.147965355,0,0,-0.297021327,0,0,0.99444139,-0.105202436,0.001189552,-0.004195434,-0.210803289,0.00148314,-0.008594627,0.072916605,0.000683218,-0.001725554,-0.097933225,-0.001733258,0.00583946,-0.103127688,-0.108631954,-0.096593142,-0.091088876,0.096593142,0.091088876,0.103127688,0.108631954,0.086218038,0.00148314,0.008594627
12.15141988,0.989258947,-0.146173652,0,0,-0.293398528,0,0,0.994590104,-0.103786491,0.001222863,-0.004199435,-0.207956138,0.001560807,-0.008607381,0.07737799,-0.002197922,0.004192442,-0.098025998,-0.001631088,0.004231976,-0.102039404,-0.105505921,-0.093827002,-0.090360485,0.093827002,0.090360485,0.102039404,0.105505921,0.08544239,0.001560807,0.008607381
12.20313001,0.989655227,-0.143466136,0,0,-0.2879258,0,0,0.994887948,-0.100900859,0.001229263,-0.003959176,-0.202154134,0.001646989,-0.008126038,0.073706366,-0.006535649,0.01176521,-0.094426056,-0.003200705,0.003731848,-0.100626864,-0.103889041,-0.095425084,-0.092162915,0.095425084,0.092162915,0.100626864,0.103889041,0.085771666,0.001646989,0.008126038
12.25445009,0.990177007,-0.139819505,0,0,-0.280558254,0,0,0.995081246,-0.098986886,0.001221711,-0.003686947,-0.198306443,0.001701485,-0.007579572,0.07141903,-0.003823638,0.01494959,-0.092724061,-0.000413359,0.00266782,-0.09495718,-0.101358585,-0.093894891,-0.087493487,0.093894891,0.087493487,0.09495718,0.101358585,0.082251811,0.001701485,0.007579572
12.30285001,0.990434906,-0.137980784,0,0,-0.276844815,0,0,0.995235622,-0.097432978,0.001203699,-0.003436184,-0.195182964,0.001726334,-0.007074252,0.067085773,0.003125519,0.015150756,-0.091597106,-0.001068184,0.001801354,-0.094978504,-0.09580522,-0.090469576,-0.08964286,0.090469576,0.08964286,0.094978504,0.09580522,0.081661851,0.001726334,0.007074252
12.3533299,0.990690713,-0.136131964,0,0,-0.273111947,0,0,0.995384932,-0.095904246,0.001211444,-0.003131187,-0.192110682,0.001811119,-0.006465892,0.079441816,-0.001604855,0.019393113,-0.089911022,-0.002841807,0.001468131,-0.092330255,-0.094466627,-0.090863913,-0.088727549,0.090863913,0.088727549,0.092330255,0.094466627,0.081001265,0.001811119,0.006465892
12.40304995,0.990944355,-0.134273171,0,0,-0.26935991,0,0,0.99552846,-0.094412617,0.001193796,-0.00284148,-0.189113189,0.001840373,-0.00588301,0.077746078,-0.000444055,0.017408282,-0.091015742,-0.001536375,0.000378629,-0.088537328,-0.094220936,-0.091284677,-0.085601069,0.091284677,0.085601069,0.088537328,0.094220936,0.080246721,0.001840373,0.00588301
12.45237995,0.991195762,-0.132404537,0,0,-0.265588969,0,0,0.995714605,-0.092441335,0.001181868,-0.002417208,-0.185152454,0.001906706,-0.005032235,0.08485692,0.000692159,0.021300465,-0.092035978,-0.001989157,-0.000810202,-0.089857981,-0.092930727,-0.092173465,-0.089100718,0.092173465,0.089100718,0.089857981,0.092930727,0.080436515,0.001906706,0.005032235
12.49866009,0.991444861,-0.130526192,0,0,-0.261799388,0,0,0.995862603,-0.090839788,0.00118337,-0.002109323,-0.181935263,0.001973728,-0.004416209,0.085461892,-0.006349385,0.015091151,-0.091183169,-7.81E-05,-0.000135252,-0.089236602,-0.093214914,-0.094835319,-0.090857007,0.094835319,0.090857007,0.089236602,0.093214914,0.079864125,0.001973728,0.004416209
12.54875994,0.99181403,-0.127690755,0,0,-0.256080649,0,0,0.996166885,-0.087453388,0.00113123,-0.00155057,-0.175134057,0.001982583,-0.003287123,0.094655901,-0.003685058,0.01429394,-0.090073012,-0.001502975,-0.000259836,-0.090969756,-0.09112604,-0.09139654,-0.091240264,0.09139654,0.091240264,0.090969756,0.09112604,0.080946592,0.001982583,0.003287123
12.60204006,0.992297528,-0.123877421,0,0,-0.248392916,0,0,0.996317089,-0.08572939,0.001159404,-0.001235716,-0.171672529,0.002098396,-0.002661128,0.087983169,-0.000940263,0.014350563,-0.088062828,-0.000626319,-0.000667214,-0.088310182,-0.091316134,-0.091835804,-0.088829853,0.091835804,0.088829853,0.088310182,0.091316134,0.076720387,0.002098396,0.002661128
12.65300989,0.992535382,-0.121957019,0,0,-0.244522765,0,0,0.99649936,-0.083588161,0.001150268,-0.00089054,-0.167373892,0.002143608,-0.001967147,0.086600326,0.000866503,0.015809389,-0.086013228,-0.001341691,-0.001063707,-0.086769275,-0.088021912,-0.08935634,-0.088103704,0.08935634,0.088103704,0.086769275,0.088021912,0.077148873,0.002143608,0.001967147
12.70351005,0.99277055,-0.120027643,0,0,-0.240635452,0,0,0.996640444,-0.081892304,0.001154343,-0.000653996,-0.163969988,0.002193816,-0.001492664,0.091067709,0.001467019,0.01401976,-0.085082171,-0.001757821,-0.001730079,-0.083607815,-0.086291194,-0.088418603,-0.085735224,0.088418603,0.085735224,0.083607815,0.086291194,0.076665464,0.002193816,0.001492664
12.75292993,0.993002964,-0.118089427,0,0,-0.236731251,0,0,0.996779203,-0.080186196,0.001168818,-0.000426203,-0.160546037,0.002261757,-0.001037108,0.087078668,0.004788488,0.011833758,-0.084877057,-0.001889673,-0.001715023,-0.081594251,-0.085109897,-0.088570051,-0.085054412,0.088570051,0.085054412,0.081594251,0.085109897,0.076185214,0.002261757,0.001037108
12.79804993,0.993232559,-0.116142511,0,0,-0.232810436,0,0,0.996918619,-0.078434251,0.001200459,-0.000268099,-0.157030745,0.002351465,-0.000722862,0.087652363,0.005299598,0.010741503,-0.084330069,-0.002912557,-0.00163637,-0.081272341,-0.085051686,-0.088481732,-0.084702387,0.088481732,0.084702387,0.081272341,0.085051686,0.075779691,0.002351465,0.000722862
12.84539986,0.993571524,-0.113206124,0,0,-0.226898662,0,0,0.997269869,-0.073833928,0.001237139,-0.000131207,-0.147802997,0.00244815,-0.000444385,0.097145885,0.001025945,0.000632554,-0.083129276,-0.00163823,-0.00071009,-0.079781123,-0.08560624,-0.088878974,-0.083053865,0.088878974,0.083053865,0.079781123,0.08560624,0.079095665,0.00244815,0.000444385
12.90272999,0.994013009,-0.109261788,0,0,-0.218960723,0,0,0.997408807,-0.071932212,0.001256468,-0.000205285,-0.143989612,0.002476893,-0.000590269,0.098288812,-0.000214577,-0.004447996,-0.081734606,-0.001815253,-8.82E-05,-0.080780938,-0.084057398,-0.085477576,-0.082201123,0.085477576,0.082201123,0.080780938,0.084057398,0.074971111,0.002476893,0.000590269
12.95378995,0.994229124,-0.107277443,0,0,-0.214968564,0,0,0.997545063,-0.070015721,0.001285714,-0.000323279,-0.14014726,0.002519849,-0.000825013,0.100446515,0.002726168,-0.00576228,-0.081042997,-0.00152341,0.000863676,-0.079831108,-0.083461612,-0.083638065,-0.080007561,0.083638065,0.080007561,0.079831108,0.083461612,0.074821304,0.002519849,0.000825013
13.00423003,0.994442071,-0.105285168,0,0,-0.210961317,0,0,0.997716308,-0.067530252,0.00136532,-0.000525263,-0.135165128,0.002653463,-0.001232533,0.107898563,0.002168864,-0.009723009,-0.080522921,-0.002354261,0.001231665,-0.080383249,-0.083430067,-0.081702709,-0.078655891,0.081702709,0.078655891,0.080383249,0.083430067,0.075796189,0.002653463,0.001232533
13.05161,0.994651792,-0.103285107,0,0,-0.206939264,0,0,0.997849584,-0.065527402,0.001386819,-0.000800376,-0.131151298,0.002662784,-0.001779066,0.099458545,0.002471358,-0.010839106,-0.080912543,-0.002471287,0.002670433,-0.079400308,-0.084108829,-0.081645496,-0.076936975,0.081645496,0.076936975,0.079400308,0.084108829,0.075787966,0.002662784,0.001779066
13.09610987,0.994858225,-0.101277404,0,0,-0.202902687,0,0,0.997978449,-0.063529827,0.001404541,-0.001101179,-0.127148633,0.00266349,-0.002376376,0.103922933,0.004117936,-0.014342369,-0.080811584,-0.002965298,0.003635943,-0.08111167,-0.086054243,-0.080713376,-0.07577081,0.080713376,0.07577081,0.08111167,0.086054243,0.075754054,0.00266349,0.002376376
13.14556003,0.995161583,-0.098251836,0,0,-0.19682121,0,0,0.998257697,-0.058958348,0.001519901,-0.001848331,-0.117990891,0.00281656,-0.003869467,0.10702835,0.001250953,-0.01357645,-0.079546071,-0.003916809,0.003929054,-0.081482217,-0.087412804,-0.080140918,-0.074210331,0.080140918,0.074210331,0.081482217,0.087412804,0.078830319,0.00281656,0.003869467
13.20326996,0.995554017,-0.094192355,0,0,-0.188664393,0,0,0.998378456,-0.056864046,0.001553513,-0.002184249,-0.113796341,0.00285358,-0.004538125,0.105889887,0.002218038,-0.014308095,-0.076938004,-0.002417203,0.004427278,-0.079558298,-0.087391913,-0.079533808,-0.071700193,0.079533808,0.071700193,0.079558298,0.087391913,0.074868052,0.00285358,0.004538125
13.24975992,0.995744946,-0.092152063,0,0,-0.18456598,0,0,0.998494267,-0.054776207,0.001619219,-0.002492217,-0.109615382,0.002960538,-0.005154364,0.110093504,0.004386157,-0.015161932,-0.075918396,-0.002746197,0.004965866,-0.078948066,-0.083782464,-0.074927911,-0.070093505,0.074927911,0.070093505,0.078948066,0.083782464,0.074950598,0.002960538,0.005154364
13.29861999,0.995932277,-0.090104933,0,0,-0.180454613,0,0,0.998605967,-0.052683249,0.001671159,-0.002796972,-0.105424627,0.003042956,-0.005762288,0.105058402,0.009695441,-0.012440979,-0.075787882,-0.003428366,0.005488551,-0.078138053,-0.083630443,-0.073698707,-0.068206318,0.073698707,0.068206318,0.078138053,0.083630443,0.075029986,0.003042956,0.005762288
13.34737993,0.996115958,-0.088051115,0,0,-0.176330581,0,0,0.998736084,-0.050132111,0.001722878,-0.003168195,-0.100317074,0.00312375,-0.006501201,0.103997439,0.003349036,-0.010687114,-0.074098308,-0.004922622,0.005402923,-0.077848054,-0.084704779,-0.073727682,-0.06687095,0.073727682,0.06687095,0.077848054,0.084704779,0.076013507,0.00312375,0.006501201
13.39615989,0.996295935,-0.085990758,0,0,-0.172194174,0,0,0.998834074,-0.048121136,0.001761658,-0.003453309,-0.096291432,0.003186859,-0.007068205,0.101556629,-0.001063943,-0.014042855,-0.074047357,-0.002238956,0.006478899,-0.074578598,-0.084423833,-0.073617987,-0.063772745,0.073617987,0.063772745,0.074578598,0.084423833,0.075902742,0.003186859,0.007068205
13.44915986,0.996644575,-0.081851026,0,0,-0.163885395,0,0,0.999018729,-0.044078156,0.001813214,-0.003948989,-0.08819889,0.003274746,-0.008050203,0.097014762,0.001955777,-0.010550022,-0.071858354,-0.002979724,0.006058448,-0.078287289,-0.082765192,-0.069807395,-0.065329485,0.069807395,0.065329485,0.078287289,0.082765192,0.075686505,0.003274746,0.008050203
13.50014997,0.996895962,-0.078730183,0,0,-0.15762349,0,0,0.999143422,-0.041118469,0.001868098,-0.004280249,-0.082275741,0.003381007,-0.00870695,0.096417226,0.00686273,-0.012689829,-0.068432785,-0.003115716,0.00651121,-0.07493706,-0.080896512,-0.06877961,-0.062820166,0.06877961,0.062820166,0.07493706,0.080896512,0.075347749,0.003381007,0.00870695
13.55115986,0.997138516,-0.075596159,0,0,-0.151336695,0,0,0.999220252,-0.039186269,0.001899471,-0.004471942,-0.078409177,0.003445508,-0.009085952,0.093974926,0.006296486,-0.006435812,-0.066920743,-0.00449924,0.007286054,-0.071828268,-0.078059696,-0.065037273,-0.058805846,0.065037273,0.058805846,0.071828268,0.078059696,0.072927518,0.003445508,0.009085952
13.59821987,0.997217378,-0.074548645,0,0,-0.149235737,0,0,0.999290705,-0.037320536,0.001928825,-0.004663011,-0.074675947,0.003506868,-0.009463574,0.091772534,0.002319366,-0.007933376,-0.066565681,-0.004393696,0.006462863,-0.068634838,-0.077422224,-0.064496495,-0.055709109,0.064496495,0.055709109,0.068634838,0.077422224,0.07455979,0.003506868,0.009463574
13.64772988,0.997372084,-0.072449471,0,0,-0.145026002,0,0,0.999355555,-0.035517797,0.001959269,-0.004828029,-0.071068985,0.003573058,-0.009789231,0.086785108,0.006376952,-0.00371337,-0.065186577,-0.003381197,0.006955365,-0.068634838,-0.077422224,-0.064496495,-0.055709109,0.064496495,0.055709109,0.068634838,0.077422224,0.073957017,0.003573058,0.009789231
13.70210004,0.99766927,-0.068235085,0,0,-0.136576294,0,0,0.999431133,-0.033297017,0.0020076,-0.005002835,-0.066625948,0.003679764,-0.010133911,0.086923689,0.00237003,-0.004348159,-0.064563088,-0.003503673,0.006766787,-0.06876073,-0.075523123,-0.061612394,-0.054850001,0.061612394,0.054850001,0.06876073,0.075523123,0.069950346,0.003679764,0.010133911
13.75417996,0.997811666,-0.066120183,0,0,-0.132336913,0,0,0.999540508,-0.02977852,0.002037332,-0.00529364,-0.059586909,0.003757526,-0.010704032,0.089392804,7.82E-05,-0.006958843,-0.061731005,-0.002872619,0.007503885,-0.067826189,-0.074833535,-0.061299957,-0.054292616,0.061299957,0.054292616,0.067826189,0.074833535,0.072750004,0.003757526,0.010704032
13.80367995,0.997949876,-0.06400035,0,0,-0.128088244,0,0,0.999589145,-0.028070642,0.002075783,-0.005430496,-0.056170698,0.003844994,-0.010973366,0.084116317,-0.001375377,-0.01012236,-0.060746241,-0.002918191,0.007583553,-0.066362262,-0.072107494,-0.057099722,-0.05135449,0.057099722,0.05135449,0.066362262,0.072107494,0.071917546,0.003844994,0.010973366
13.85431004,0.998149256,-0.060811696,0,0,-0.121698478,0,0,0.999645412,-0.025956647,0.002108255,-0.005583208,-0.051942166,0.003925182,-0.011272224,0.08431749,0.001046807,-0.004509092,-0.057699965,-0.002573312,0.008294455,-0.06541159,-0.071247973,-0.056080863,-0.050244484,0.056080863,0.050244484,0.06541159,0.071247973,0.069756312,0.003925182,0.011272224
13.91004992,0.998400088,-0.056544361,0,0,-0.113149072,0,0,0.999685884,-0.024314001,0.002139298,-0.005698367,-0.04865669,0.004000161,-0.011497528,0.081283607,0.004469603,-0.006145239,-0.055791399,-0.003241341,0.007538491,-0.0634211,-0.068567716,-0.051978808,-0.046832189,0.051978808,0.046832189,0.0634211,0.068567716,0.064492382,0.004000161,0.011497528
13.94668007,0.998460085,-0.055474839,0,0,-0.111006663,0,0,0.999723494,-0.022688534,0.002148623,-0.005801048,-0.045405414,0.004032834,-0.011696747,0.081569709,-0.000576675,-0.003612041,-0.055155726,-0.004188435,0.007958873,-0.060088538,-0.066571213,-0.051494233,-0.045011558,0.051494233,0.045011558,0.060088538,0.066571213,0.065601249,0.004032834,0.011696747
14.00145006,0.998633506,-0.052260133,0,0,-0.104567901,0,0,0.999757528,-0.021109341,0.002170614,-0.005881644,-0.042246897,0.004091871,-0.011852452,0.081545867,0.002025813,-0.001327693,-0.052810909,-0.003557832,0.007379155,-0.058926154,-0.067303017,-0.051385272,-0.043008409,0.051385272,0.043008409,0.058926154,0.067303017,0.062321004,0.004091871,0.011852452
14.05268002,0.9987436,-0.050112081,0,0,-0.100266157,0,0,0.999823272,-0.017670069,0.002164277,-0.006056034,-0.035367772,0.004113779,-0.012186817,0.078783192,0.000774115,-0.002191961,-0.051259044,-0.002570886,0.007299996,-0.056632221,-0.063747883,-0.048989572,-0.041873913,0.048989572,0.041873913,0.056632221,0.063747883,0.064898385,0.004113779,0.012186817
14.10240007,0.998849244,-0.047960282,0,0,-0.095957376,0,0,0.999847949,-0.016198646,0.002195461,-0.006090504,-0.032425068,0.004192949,-0.012250693,0.075452775,-0.000482798,-0.000916422,-0.050075154,-0.003198309,0.007753288,-0.055988144,-0.061129913,-0.046529923,-0.041388154,0.046529923,0.041388154,0.055988144,0.061129913,0.063532308,0.004192949,0.012250693
14.15277005,0.998950405,-0.045804898,0,0,-0.09164186,0,0,0.999870539,-0.014723735,0.002213891,-0.006138189,-0.029475356,0.004246465,-0.0123404,0.074196607,0.002316385,-0.002063811,-0.048236046,-0.002890218,0.007583915,-0.054630123,-0.061026737,-0.045520164,-0.039123546,0.045520164,0.039123546,0.054630123,0.061026737,0.062166504,0.004246465,0.0123404
14.2044499,0.999093681,-0.042565446,0,0,-0.085156621,0,0,0.999890506,-0.013273141,0.002246706,-0.006168726,-0.026574463,0.004329175,-0.012396173,0.077878691,0.002322346,-0.000926852,-0.045690872,-0.003635956,0.007845114,-0.052929733,-0.058710165,-0.043542337,-0.037761904,0.043542337,0.037761904,0.052929733,0.058710165,0.058582158,0.004329175,0.012396173
14.25427008,0.99926877,-0.038235125,0,0,-0.076488895,0,0,0.999916792,-0.011096023,0.002275349,-0.006190518,-0.022220411,0.004412953,-0.012430939,0.070577115,0.002471358,0.001307577,-0.042901549,-0.003648224,0.00770103,-0.049900021,-0.05717193,-0.041481704,-0.034209795,0.041481704,0.034209795,0.049900021,0.05717193,0.054268484,0.004412953,0.012430939
14.30167008,0.999349425,-0.036065591,0,0,-0.072146828,0,0,0.999931812,-0.009630553,0.002297472,-0.006208395,-0.019289706,0.004475064,-0.012460639,0.074947648,-0.000989437,0.002344698,-0.042330956,-0.00281604,0.007199793,-0.046954349,-0.054250792,-0.038848732,-0.031552289,0.038848732,0.031552289,0.046954349,0.054250792,0.052857122,0.004475064,0.012460639
14.35206008,0.999425455,-0.033893356,0,0,-0.067799697,0,0,0.999955595,-0.006720678,0.002360795,-0.006178739,-0.013470484,0.004638346,-0.012389109,0.075510897,0.00545308,0.001256913,-0.041166956,-0.003292125,0.007239761,-0.046714701,-0.052346777,-0.037947193,-0.032315116,0.037947193,0.032315116,0.046714701,0.052346777,0.054329213,0.004638346,0.012389109
14.40305996,0.999496839,-0.031718583,0,0,-0.063447807,0,0,0.999966979,-0.00484986,0.002389316,-0.006091445,-0.009728766,0.004719406,-0.012206098,0.079431385,-0.000779331,0.008026511,-0.039816475,-0.004570806,0.007357075,-0.045114584,-0.05169883,-0.037219308,-0.030635063,0.037219308,0.030635063,0.045114584,0.05169883,0.053719041,0.004719406,0.012206098
14.4528699,0.999563557,-0.029541434,0,0,-0.059091465,0,0,0.999974012,-0.003280669,0.002404069,-0.00595518,-0.006589923,0.004768956,-0.011926242,0.080554932,-0.000393391,0.011170656,-0.039402319,-0.002930988,0.006107753,-0.042602737,-0.051744346,-0.037030194,-0.027888589,0.037030194,0.027888589,0.042602737,0.051744346,0.052501542,0.004768956,0.011926242
14.49912,0.999625588,-0.027362072,0,0,-0.054730976,0,0,0.999979138,-0.00173136,0.002436055,-0.005752704,-0.003490723,0.004852106,-0.01151399,0.082021207,0.002523512,0.010805578,-0.038345729,-0.003030874,0.005411937,-0.042579077,-0.048441049,-0.036225542,-0.030363571,0.036225542,0.030363571,0.042579077,0.048441049,0.051240253,0.004852106,0.01151399
14.54677987,0.999709812,-0.024089237,0,0,-0.048183135,0,0,0.999981642,-0.000133009,0.002397381,-0.005566434,-0.000292707,0.004793211,-0.011133658,0.08260534,0.000896305,0.011070818,-0.036271502,-0.00381732,0.005231518,-0.040726785,-0.046788529,-0.035964657,-0.029902911,0.035964657,0.029902911,0.040726785,0.046788529,0.047890428,0.004793211,0.011133658
14.60243988,0.999805557,-0.019719233,0,0,-0.039441023,0,0,0.999980986,0.001835295,0.00241337,-0.005370281,0.003644651,0.004846379,-0.010731832,0.082089759,0.003249199,0.009232015,-0.033578932,-0.003938169,0.005130645,-0.037685696,-0.045320328,-0.034857292,-0.027222658,0.034857292,0.027222658,0.037685696,0.045320328,0.043085674,0.004846379,0.010731832
14.65130997,0.999846304,-0.017531933,0,0,-0.035065662,0,0,0.99997741,0.003367316,0.00246866,-0.005273496,0.006708575,0.004972744,-0.010530453,0.078559652,0.000358373,0.003888458,-0.032158093,-0.003235257,0.005829037,-0.034771405,-0.042647738,-0.032386445,-0.024510114,0.032386445,0.024510114,0.034771405,0.042647738,0.041774237,0.004972744,0.010530453
14.70249987,0.999882284,-0.015343318,0,0,-0.03068784,0,0,0.999962628,0.006370231,0.00252304,-0.005309647,0.012713697,0.005113559,-0.010587085,0.076819211,0.001101941,-0.001315773,-0.030790857,-0.003035034,0.006607729,-0.034751866,-0.041222379,-0.029564304,-0.023093794,0.029564304,0.023093794,0.034751866,0.041222379,0.043401537,0.005113559,0.010587085
14.75076008,0.999913488,-0.013153553,0,0,-0.026307864,0,0,0.9999488,0.008221501,0.002558148,-0.0053365,0.016415814,0.005203804,-0.010630731,0.074527413,0.001915544,-0.000880659,-0.029284288,-0.003475266,0.0067675,-0.034363545,-0.040433612,-0.027218154,-0.021148087,0.027218154,0.021148087,0.034363545,0.040433612,0.042723678,0.005203804,0.010630731
14.79631996,0.999939907,-0.010962801,0,0,-0.021926041,0,0,0.999936044,0.009633246,0.002547435,-0.005365666,0.019239366,0.005197944,-0.010681912,0.075214356,-0.0014171,0.002258271,-0.02780194,-0.003721168,0.006732493,-0.032576516,-0.039527044,-0.025992045,-0.019041518,0.025992045,0.019041518,0.032576516,0.039527044,0.041165407,0.005197944,0.010681912
14.84697986,0.999970545,-0.007675184,0,0,-0.015350518,0,0,0.999921024,0.011059377,0.002538223,-0.00542213,0.022091573,0.005195998,-0.010787614,0.072256483,0.004335493,-0.001096725,-0.026575002,-0.002809545,0.00624319,-0.03081326,-0.038255595,-0.024790607,-0.017348275,0.024790607,0.017348275,0.03081326,0.038255595,0.037442091,0.005195998,0.010787614
14.9024899,0.999994589,-0.003289776,0,0,-0.006579563,0,0,0.999904275,0.012443764,0.002595871,-0.005483983,0.024859582,0.005327752,-0.010902679,0.070890039,0.001940876,-0.002515316,-0.021541612,-0.004292233,0.00689599,-0.030008642,-0.03562773,-0.023141349,-0.017522262,0.023141349,0.017522262,0.030008642,0.03562773,0.031439145,0.005327752,0.010902679
14.94899988,0.999999399,-0.001096619,0,0,-0.002193239,0,0,0.999876022,0.014462605,0.002609451,-0.005660386,0.028896521,0.005382009,-0.011244288,0.064720958,0.001095981,-0.004509092,-0.020044898,-0.00350756,0.00777541,-0.024145367,-0.032729827,-0.018937847,-0.010353386,0.018937847,0.010353386,0.024145367,0.032729827,0.03108976,0.005382009,0.011244288
15.00230003,0.999999399,0.001096619,0,0,0.002193239,0,0,0.999835074,0.01695,0.002675497,-0.005957108,0.033869526,0.005552084,-0.011822008,0.054978583,0.000300258,-0.011309981,-0.019080046,-0.003863012,0.00824188,-0.024312746,-0.031327862,-0.015777042,-0.008761926,0.015777042,0.008761926,0.024312746,0.031327862,0.031676287,0.005552084,0.011822008
15.04713989,0.999994589,0.003289776,0,0,0.006579563,0,0,0.99982059,0.017477665,0.003507449,-0.006417982,0.034912037,0.007238044,-0.012711731,0.067647554,0.028183315,-0.023646653,-0.015531835,-0.003350391,0.009307591,-0.023458913,-0.031184932,-0.014701172,-0.006975153,0.014701172,0.006975153,0.023458913,0.031184932,0.028332474,0.007238044,0.012711731
15.09695006,0.99998497,0.005482685,0,0,0.010965425,0,0,0.999787211,0.018948942,0.004171623,-0.007021093,0.037841666,0.008607659,-0.01388206,0.052646559,0.028038774,-0.018948318,-0.015822815,-0.011755094,0.011981117,-0.021489033,-0.028189812,-0.009574629,-0.002873851,0.009574629,0.002873851,0.021489033,0.028189812,0.026876241,0.008607659,0.01388206
15.15263987,0.999951319,0.009867107,0,0,0.019734533,0,0,0.999765217,0.019811068,0.004638583,-0.007448985,0.039555854,0.00957028,-0.014711887,0.042208288,0.024078041,-0.020290913,-0.009859015,-0.012501478,0.011953867,-0.016048841,-0.039559018,-0.015596782,0.007913393,0.015596782,-0.007913393,0.016048841,0.039559018,0.019821321,0.00957028,0.014711887
15.20169998,0.999913488,0.013153552,0,0,0.026307863,0,0,0.999747694,0.020434855,0.005059044,-0.007850906,0.040793485,0.010436586,-0.015492548,0.025054067,0.021585079,-0.021748245,-0.005392082,-0.011998428,0.012731976,-0.009311411,-0.034314349,-0.010406616,0.014596324,0.010406616,-0.014596324,0.009311411,0.034314349,0.014485622,0.010436586,0.015492548
15.25137997,0.999864891,0.016437779,0,0,0.032877039,0,0,0.999734044,0.020844331,0.00543698,-0.008247113,0.041602502,0.011215111,-0.016264915,0.017837435,0.016092511,-0.015732646,0.001318746,-0.010832449,0.012973994,-0.006125636,-0.030122478,-0.004658524,0.019338317,0.004658524,-0.019338317,0.006125636,0.030122478,0.008725463,0.011215111,0.016264915
15.29643989,0.999846304,0.017531933,0,0,0.035065662,0,0,0.999721885,0.021121489,0.005866316,-0.008713949,0.042144537,0.012097763,-0.017177338,0.007418543,0.014946611,-0.020985302,0.003975762,-0.011043688,0.014454753,-0.000822805,-0.022487691,0.003460297,0.025125183,-0.003460297,-0.025125183,0.000822805,0.022487691,0.007078875,0.012097763,0.017177338
15.34688998,0.999805557,0.019719233,0,0,0.039441023,0,0,0.999715447,0.020941544,0.006462925,-0.009425637,0.041765174,0.013317338,-0.018577937,-0.005081296,0.009647758,-0.013659894,0.008290029,-0.01206074,0.014166778,0.000564689,-0.021522673,0.007386834,0.029474195,-0.007386834,-0.029474195,-0.000564689,0.021522673,0.002324151,0.013317338,0.018577937
15.40231991,0.999709812,0.024089237,0,0,0.048183134,0,0,0.999716222,0.020690475,0.006716358,-0.009714165,0.041254361,0.013831324,-0.019147887,-0.015863776,0.014580041,-0.015269221,0.01043023,-0.010321265,0.01413159,0.006183981,-0.017937485,0.010396074,0.034517538,-0.010396074,-0.034517538,-0.006183981,0.017937485,0.006928773,0.013831324,0.019147887
15.45266986,0.999654842,0.026271612,0,0,0.052549271,0,0,0.999721289,0.020181965,0.007058743,-0.010019991,0.040226302,0.014518505,-0.01975284,-0.022962691,0.012183934,-0.006762147,0.016634361,-0.011892563,0.014794171,0.006619896,-0.014022622,0.014240558,0.034883078,-0.014240558,-0.034883078,-0.006619896,0.014022622,0.012322969,0.014518505,0.01975284
15.50205994,0.999595159,0.028452019,0,0,0.056911719,0,0,0.999726534,0.01981584,0.007241711,-0.010097629,0.039489218,0.014880193,-0.019906249,-0.018922986,0.008616595,0.002091378,0.021295764,-0.011640664,0.013761365,0.013732743,-0.01005237,0.019535972,0.043321084,-0.019535972,-0.043321084,-0.013732743,0.01005237,0.017422501,0.014880193,0.019906249
15.55308009,0.999496839,0.031718583,0,0,0.063447807,0,0,0.999731779,0.019498136,0.007368348,-0.010095242,0.038851258,0.015126997,-0.019901321,-0.020696223,0.003106147,0.003678352,0.024473806,-0.009580771,0.012119355,0.019175051,-0.004106263,0.023416467,0.04669778,-0.023416467,-0.04669778,-0.019175051,0.004106263,0.024596549,0.015126997,0.019901321
15.60494995,0.999349425,0.03606559,0,0,0.072146827,0,0,0.999751747,0.018482313,0.007595412,-0.009861189,0.036818415,0.015552193,-0.019440294,-0.026844442,0.003998727,0.007965416,0.02629476,-0.010245408,0.011300286,0.02193521,0.00277368,0.027012391,0.046173919,-0.027012391,-0.046173919,-0.02193521,-0.00277368,0.035328412,0.015552193,0.019440294
15.64712,0.999309674,0.037150705,0,0,0.074318513,0,0,0.999769866,0.017630735,0.007697521,-0.009496881,0.035118709,0.01572702,-0.018721372,-0.031010807,0.00596717,0.01803413,0.029252531,-0.010077782,0.011133828,0.02523987,0.004749066,0.02734964,0.047840443,-0.02734964,-0.047840443,-0.02523987,-0.004749066,0.039199804,0.01572702,0.018721372
15.70328999,0.999183514,0.040401797,0,0,0.080825594,0,0,0.99978286,0.017062955,0.007741218,-0.009130706,0.033987907,0.01579132,-0.017996482,-0.022760032,0.001166016,0.020895155,0.03466008,-0.010703221,0.009012529,0.028196471,0.00804092,0.030308576,0.050464127,-0.030308576,-0.050464127,-0.028196471,-0.00804092,0.046837687,0.01579132,0.017996482
15.75328994,0.999093681,0.042565446,0,0,0.08515662,0,0,0.999795318,0.016540444,0.007753344,-0.008706038,0.032949178,0.015792172,-0.017155002,-0.024364889,-2.09E-05,0.023192912,0.035697951,-0.009478514,0.008095807,0.036350757,0.014944329,0.032969385,0.054375816,-0.032969385,-0.054375816,-0.036350757,-0.014944329,0.052207442,0.015792172,0.017155002
15.80305004,0.998999296,0.04472591,0,0,0.08948167,0,0,0.99980849,0.01599388,0.007745116,-0.008197975,0.031863988,0.015750152,-0.016147766,-0.014811753,-0.00590235,0.024405865,0.038367696,-0.009181351,0.007197993,0.037080646,0.018123629,0.034315243,0.053272258,-0.034315243,-0.053272258,-0.037080646,-0.018123629,0.057617682,0.015750152,0.016147766
15.85141993,0.998900386,0.046883028,0,0,0.09380044,0,0,0.999821544,0.015471864,0.007716293,-0.007620884,0.030829259,0.015666289,-0.015002679,-0.010819733,-0.001189113,0.021294506,0.039842322,-0.008849106,0.006205768,0.040351041,0.021988349,0.036384337,0.054747026,-0.036384337,-0.054747026,-0.040351041,-0.021988349,0.062971181,0.015666289,0.015002679
15.90547991,0.9987436,0.050112081,0,0,0.100266157,0,0,0.999830604,0.015470989,0.007396282,-0.006698231,0.030846008,0.014997875,-0.013167197,0.012639912,-0.015281143,0.026775157,0.039740786,-0.005609629,0.004996188,0.042485643,0.024787445,0.037198979,0.054897182,-0.037198979,-0.054897182,-0.042485643,-0.024787445,0.069420149,0.014997875,0.013167197
15.95354987,0.99851899,0.05440428,0,0,0.108862307,0,0,0.99983108,0.015734697,0.007169243,-0.006237068,0.03138311,0.014532851,-0.012248015,0.013140589,-0.010278821,0.023845585,0.042182694,-0.004716709,0.004173025,0.040354215,0.029134965,0.039127339,0.050346591,-0.039127339,-0.050346591,-0.040354215,-0.029134965,0.077479197,0.014532851,0.012248015
16.00351,0.998400088,0.056544361,0,0,0.113149072,0,0,0.999829948,0.01613817,0.006911745,-0.005675138,0.032201112,0.014004766,-0.011126577,0.022982802,-0.008176266,0.023055818,0.044042271,-0.005773034,0.004102857,0.042726364,0.033292953,0.041639004,0.051072415,-0.041639004,-0.051072415,-0.042726364,-0.033292953,0.08094796,0.014004766,0.011126577
16.05229998,0.998276831,0.058680219,0,0,0.117427896,0,0,0.99982667,0.016562227,0.006696405,-0.005274908,0.033057117,0.013565629,-0.010327302,0.023602696,-0.009061396,0.021364542,0.044248781,-0.006030902,0.003544819,0.045712434,0.034166373,0.042372089,0.053918149,-0.042372089,-0.053918149,-0.045712434,-0.034166373,0.084370779,0.013565629,0.010327302
16.10232997,0.998149256,0.060811696,0,0,0.121698478,0,0,0.999821901,0.017019827,0.006516982,-0.004891154,0.033979341,0.01319852,-0.00955971,0.024735184,-0.006364286,0.01774952,0.045989394,-0.005542096,0.003337735,0.046734851,0.034673054,0.041762691,0.053824488,-0.041762691,-0.053824488,-0.046734851,-0.034673054,0.087719137,0.01319852,0.00955971
16.15226007,0.998017399,0.062938633,0,0,0.125960519,0,0,0.999816656,0.017500306,0.006323983,-0.00452596,0.034946924,0.012804408,-0.008829755,0.023069233,-0.011202694,0.021157414,0.047901474,-0.004766986,0.002900452,0.048193742,0.037109558,0.043785024,0.054869212,-0.043785024,-0.054869212,-0.048193742,-0.037109558,0.091013595,0.012804408,0.008829755
16.19906998,0.997881297,0.065060873,0,0,0.13021372,0,0,0.999807715,0.018226242,0.006054808,-0.003965817,0.036408223,0.012252158,-0.007710051,0.026807934,-0.005084276,0.021230429,0.049711782,-0.005867462,0.001735759,0.049767993,0.040234029,0.046034932,0.0555689,-0.046034932,-0.0555689,-0.049767993,-0.040234029,0.093805497,0.012252158,0.007710051
16.24992991,0.99766927,0.068235085,0,0,0.136576293,0,0,0.999796212,0.019036807,0.005803375,-0.003385793,0.038038347,0.011733562,-0.006549748,0.027959794,-0.010363759,0.018780677,0.054311926,-0.004269498,0.001724106,0.053843468,0.042108554,0.04558007,0.057314988,-0.04558007,-0.057314988,-0.053843468,-0.042108554,0.098537946,0.011733562,0.006549748
16.30289007,0.997372084,0.07244947,0,0,0.145026002,0,0,0.999789417,0.019490415,0.005647305,-0.003075338,0.038950267,0.011412358,-0.005929664,0.026541203,-0.003735721,0.018274041,0.05525182,-0.004173759,0.001453256,0.056857303,0.048318312,0.051766526,0.060305517,-0.051766526,-0.060305517,-0.056857303,-0.048318312,0.106075735,0.011412358,0.005929664
16.35482002,0.997217378,0.074548644,0,0,0.149235737,0,0,0.999779224,0.020131087,0.005422303,-0.002612414,0.040238223,0.010947613,-0.005005682,0.022295862,-0.006371737,0.019810351,0.057292286,-0.005755058,0.001157267,0.057972308,0.049624797,0.052531309,0.060878821,-0.052531309,-0.060878821,-0.057972308,-0.049624797,0.108997514,0.010947613,0.005005682
16.40402007,0.997058656,0.076642267,0,0,0.153434998,0,0,0.99977231,0.020551028,0.005277593,-0.002314346,0.041082143,0.010648105,-0.004410981,0.024282193,-0.00742823,0.017999858,0.05969845,-0.004812848,0.000317714,0.061890062,0.050379951,0.052694485,0.064204596,-0.052694485,-0.064204596,-0.061890062,-0.050379951,0.112352855,0.010648105,0.004410981
16.45331002,0.996895962,0.078730183,0,0,0.15762349,0,0,0.999764323,0.020998539,0.005113539,-0.002049046,0.041980787,0.010310905,-0.003882589,0.024602564,-0.011241437,0.014360994,0.060868785,-0.003177681,0.000530381,0.064193569,0.054567877,0.055203304,0.064828999,-0.055203304,-0.064828999,-0.064193569,-0.054567877,0.115642703,0.010310905,0.003882589
16.49652005,0.996729342,0.080812241,0,0,0.16180092,0,0,0.999755919,0.021452501,0.004969201,-0.001820309,0.042891735,0.010014243,-0.003426704,0.025817009,-0.005923212,0.011087207,0.062449581,-0.004420533,0.000802908,0.063516073,0.057160713,0.058221474,0.064576834,-0.058221474,-0.064576834,-0.063516073,-0.057160713,0.118909185,0.010014243,0.003426704
16.54671002,0.996472157,0.083924011,0,0,0.168045681,0,0,0.999747574,0.021712137,0.005519033,-0.001724694,0.043410585,0.011110401,-0.003209061,-0.008139014,0.033394251,-0.004091859,0.071157599,-0.013885288,0.003019416,0.066067189,0.057226129,0.058831945,0.067673005,-0.058831945,-0.067673005,-0.066067189,-0.057226129,0.124635096,0.011110401,0.003209061
16.60120988,0.996115958,0.088051115,0,0,0.176330581,0,0,0.99974525,0.021667331,0.006054711,-0.001825872,0.043318273,0.012185762,-0.003388693,0.000106543,0.02978519,-0.003474951,0.075107992,-0.015494779,0.003349948,0.082023449,0.054252889,0.060291719,0.088062279,-0.060291719,-0.088062279,-0.082023449,-0.054252889,0.133012308,0.012185762,0.003388693
16.64970994,0.995932277,0.090104933,0,0,0.180454612,0,0,0.999740899,0.021717047,0.006545097,-0.00194507,0.043414776,0.013171663,-0.003605171,0.006597489,0.027171524,-0.005449355,0.075758434,-0.015184802,0.003435029,0.087252796,0.056263257,0.06296315,0.093952693,-0.06296315,-0.093952693,-0.087252796,-0.056263257,0.137039836,0.013171663,0.003605171
16.70231009,0.995744946,0.092152063,0,0,0.184565979,0,0,0.999731362,0.021964204,0.00710927,-0.002087606,0.043905515,0.014306912,-0.003862195,0.015132129,0.021857025,-0.005751849,0.076644522,-0.01507677,0.00397886,0.087508179,0.057138596,0.064008653,0.09437824,-0.064008653,-0.09437824,-0.087508179,-0.057138596,0.140660464,0.014306912,0.003862195
16.75172997,0.995554017,0.094192355,0,0,0.188664393,0,0,0.999719083,0.022367876,0.007521547,-0.002216799,0.044709851,0.015138616,-0.004096351,0.027593231,0.02016351,-0.004455447,0.074748208,-0.01439035,0.004262842,0.087742411,0.057588883,0.065546602,0.09570013,-0.065546602,-0.09570013,-0.087742411,-0.057588883,0.143954542,0.015138616,0.004096351
16.79730988,0.995359544,0.096225662,0,0,0.192749565,0,0,0.999702036,0.022997348,0.007855533,-0.002299032,0.045966799,0.015812786,-0.004235923,0.040208548,0.015404076,0.00185743,0.074271537,-0.013533326,0.003348943,0.084875688,0.056095008,0.064620689,0.093401372,-0.064620689,-0.093401372,-0.084875688,-0.056095008,0.146782766,0.015812786,0.004235923
16.84674001,0.995061312,0.099262203,0,0,0.198851869,0,0,0.999679625,0.023847464,0.008153335,-0.002352498,0.04766575,0.016414384,-0.00431521,0.052442402,0.015329571,-0.000166893,0.074719101,-0.013860138,0.003818964,0.084455892,0.057389259,0.064087145,0.091153778,-0.064087145,-0.091153778,-0.084455892,-0.057389259,0.151186119,0.016414384,0.00431521
16.91009999,0.994651792,0.103285107,0,0,0.206939263,0,0,0.999601364,0.026727183,0.008759267,-0.002465288,0.053423587,0.017644245,-0.004461098,0.045797974,0.023993105,0.004897267,0.076121607,-0.013579413,0.003150638,0.084760249,0.057039991,0.064677916,0.092398182,-0.064677916,-0.092398182,-0.084760249,-0.057039991,0.153515676,0.017644245,0.004461098
16.95355988,0.994442071,0.105285168,0,0,0.210961316,0,0,0.999587834,0.027030403,0.009405833,-0.002267727,0.054031819,0.018927635,-0.00402583,0.017938765,0.03235713,0.012288243,0.080151885,-0.016875192,0.003223235,0.086550355,0.059391547,0.06569282,0.092851631,-0.06569282,-0.092851631,-0.086550355,-0.059391547,0.156929497,0.018927635,0.00402583
17.00291992,0.994229124,0.107277443,0,0,0.214968563,0,0,0.999571264,0.027434202,0.010032401,-0.002061466,0.054842141,0.020170672,-0.003571436,0.024063136,0.028786808,0.013465435,0.086634486,-0.019919351,0.001816057,0.093803816,0.060053449,0.066499919,0.100250289,-0.066499919,-0.100250289,-0.093803816,-0.060053449,0.160126422,0.020170672,0.003571436
17.05113006,0.994013009,0.109261788,0,0,0.218960723,0,0,0.999555469,0.027860392,0.010458301,-0.001901842,0.0556973,0.021014815,-0.003219963,0.031156093,0.030381234,0.010401756,0.085980919,-0.020550206,0.001888706,0.104737751,0.064899072,0.068531185,0.108369865,-0.068531185,-0.108369865,-0.104737751,-0.064899072,0.163263423,0.021014815,0.003219963
17.09591008,0.993793788,0.111238063,0,0,0.222937516,0,0,0.999515533,0.028978128,0.011255668,-0.001565202,0.057940125,0.022593062,-0.002477184,0.04351363,0.024559349,0.01172796,0.08514318,-0.020205293,0.001319148,0.104642384,0.063542001,0.067319416,0.108419798,-0.067319416,-0.108419798,-0.104642384,-0.063542001,0.164997391,0.022593062,0.002477184
17.14663005,0.99345927,0.114187031,0,0,0.22887328,0,0,0.99948436,0.029884791,0.011675338,-0.001351074,0.059759143,0.023421525,-0.002003475,0.048636638,0.020041319,0.010097772,0.085712719,-0.019544351,0.0014083,0.10402929,0.063618734,0.06625703,0.106667593,-0.06625703,-0.106667593,-0.10402929,-0.063618734,0.169114137,0.023421525,0.002003475
17.20328999,0.993002964,0.118089427,0,0,0.236731251,0,0,0.999395788,0.032457799,0.012406853,-0.000950902,0.0649184,0.024862996,-0.001095595,0.075893857,0.017293539,0.012777002,0.086747009,-0.019852059,0.001167994,0.10384874,0.064760059,0.067576662,0.106665343,-0.067576662,-0.106665343,-0.10384874,-0.064760059,0.171812851,0.024862996,0.001095595
17.25112987,0.99277055,0.120027642,0,0,0.240635452,0,0,0.999340117,0.033885993,0.013074947,-0.000571993,0.067787398,0.026174385,-0.000257203,0.042795394,0.03034845,0.023926046,0.086419511,-0.019754078,0.000659064,0.105431043,0.065726951,0.068062939,0.107767031,-0.068062939,-0.107767031,-0.105431043,-0.065726951,0.172848054,0.026174385,0.000257203
17.30291987,0.992535382,0.121957019,0,0,0.244522765,0,0,0.999298751,0.034803241,0.013809094,-0.000186348,0.069635319,0.027615302,0.000588993,0.053852051,0.037116554,0.017575176,0.093107118,-0.024103266,-0.001588564,0.105514497,0.066006362,0.067324489,0.106832623,-0.067324489,-0.106832623,-0.105514497,-0.066006362,0.174887446,0.027615302,0.000588993
17.34820986,0.992297528,0.123877421,0,0,0.248392916,0,0,0.999244153,0.036087543,0.014461288,0.000180973,0.072218614,0.028891663,0.001406004,0.076269366,0.031209737,0.020622462,0.092629152,-0.026837819,-0.000851426,0.118798912,0.070592411,0.067415282,0.115621783,-0.067415282,-0.115621783,-0.118798912,-0.070592411,0.176174302,0.028891663,0.001406004
17.39498997,0.992057055,0.125788711,0,0,0.252245634,0,0,0.999176025,0.03769432,0.015041809,0.000494131,0.075446912,0.030026086,0.002122388,0.084785379,0.030452758,0.016095489,0.087700435,-0.026681615,-0.001219394,0.115601413,0.062238209,0.059799422,0.113162622,-0.059799422,-0.113162622,-0.115601413,-0.062238209,0.176798722,0.030026086,0.002122388
17.44558001,0.99181403,0.127690755,0,0,0.256080648,0,0,0.999084592,0.039736353,0.015824798,0.000903338,0.079551966,0.031554062,0.003064191,0.052975863,0.044447932,0.019659847,0.093799592,-0.031416281,-0.002197834,0.115601413,0.062238209,0.059799422,0.113162622,-0.059799422,-0.113162622,-0.115601413,-0.062238209,0.176528682,0.031554062,0.003064191
17.49943996,0.991195762,0.132404537,0,0,0.265588969,0,0,0.998987019,0.04164895,0.016962428,0.001603441,0.083412093,0.033763341,0.004619218,0.008095056,0.004192442,0.006950647,0.094497985,-0.030943669,-0.002924163,0.127413675,0.064581141,0.060185473,0.123017997,-0.060185473,-0.123017997,-0.127413675,-0.064581141,0.182176876,0.033763341,0.004619218
17.54951001,0.990944355,0.134273171,0,0,0.26935991,0,0,0.998966694,0.042122364,0.016985167,0.001702346,0.084363655,0.033798248,0.004834864,0.034078211,-0.000649691,0.006262214,0.107710269,-0.022233568,-0.000655634,0.128365785,0.066478476,0.06063015,0.122517452,-0.06063015,-0.122517452,-0.128365785,-0.066478476,0.184996255,0.033798248,0.004834864
17.60254002,0.990690713,0.136131963,0,0,0.273111946,0,0,0.998913586,0.043372884,0.016946748,0.001806816,0.086871269,0.033706321,0.005082673,0.048450384,0.0001885,0.006491691,0.103993404,-0.020992695,-0.000622533,0.130599439,0.086132325,0.084821053,0.129288167,-0.084821053,-0.129288167,-0.130599439,-0.086132325,0.186240677,0.033706321,0.005082673
17.64801002,0.990434906,0.137980784,0,0,0.276844815,0,0,0.998862624,0.044574138,0.016841499,0.001835497,0.089277205,0.033487302,0.00517113,0.071146347,-0.004664063,0.004132838,0.10271022,-0.021183165,-0.00074898,0.125608593,0.08362323,0.082378164,0.124363527,-0.082378164,-0.124363527,-0.125608593,-0.08362323,0.18756761,0.033487302,0.00517113
17.69808007,0.990177007,0.139819505,0,0,0.280558254,0,0,0.998793125,0.046155982,0.016695645,0.001804365,0.092443248,0.033190517,0.00514844,0.091519192,-0.010217727,-0.001902878,0.097530714,-0.018101776,0.000739247,0.124642327,0.082276024,0.080778062,0.123144373,-0.080778062,-0.123144373,-0.124642327,-0.082276024,0.188115006,0.033190517,0.00514844
17.75273991,0.989655227,0.143466136,0,0,0.2879258,0,0,0.998561442,0.051063124,0.016295731,0.001523773,0.102260661,0.032394617,0.00470987,0.087251522,-0.011432171,-0.002244115,0.094787866,-0.016957496,0.00130961,0.114893213,0.07868968,0.080168173,0.116371706,-0.080168173,-0.116371706,-0.114893213,-0.07868968,0.185665139,0.032394617,0.00470987
17.80631996,0.989258947,0.146173652,0,0,0.293398528,0,0,0.998521149,0.051846299,0.016297055,0.001390852,0.103825433,0.032407359,0.004469835,0.047215074,-0.002115965,-0.00396818,0.099109555,-0.017239986,0.001133497,0.110435724,0.076520748,0.07913997,0.113054939,-0.07913997,-0.113054939,-0.110435724,-0.076520748,0.189573095,0.032407359,0.004469835
17.85694003,0.988858708,0.148857167,0,0,0.298824925,0,0,0.9984653,0.052917212,0.016299313,0.001210586,0.105965226,0.032426147,0.004144674,0.062166899,0.001671165,-0.007282198,0.108084093,-0.019680623,0.001611714,0.115216009,0.080736063,0.083003052,0.117483005,-0.083003052,-0.117483005,-0.115216009,-0.080736063,0.192859699,0.032426147,0.004144674
17.90043998,0.988724459,0.149746266,0,0,0.30062328,0,0,0.998393714,0.054248039,0.016317999,0.001031725,0.108626121,0.03247734,0.003832605,0.069438666,0.001148134,-0.00807345,0.107618264,-0.020644547,0.002452454,0.126152962,0.086791746,0.090015173,0.129376397,-0.090015173,-0.129376397,-0.126152962,-0.086791746,0.191997159,0.03247734,0.003832605
17.94899988,0.988454765,0.151516264,0,0,0.304204134,0,0,0.998286009,0.056196894,0.01632707,0.00081024,0.112524225,0.032512824,0.003454595,0.083374232,0.000635535,-0.008584559,0.106527237,-0.020495096,0.00282931,0.125810325,0.084521249,0.08942616,0.130715236,-0.08942616,-0.130715236,-0.125810325,-0.084521249,0.191679909,0.032512824,0.003454595
18.00342989,0.987910855,0.155023036,0,0,0.311301542,0,0,0.998187363,0.05792312,0.016329948,0.000637764,0.115978119,0.032532545,0.003166658,0.092675559,-0.000485778,-0.00536889,0.104051388,-0.020005407,0.002935919,0.12419299,0.083202817,0.088861443,0.129851609,-0.088861443,-0.129851609,-0.12419299,-0.083202817,0.195323423,0.032532545,0.003166658
18.05282998,0.987636794,0.15675957,0,0,0.314817598,0,0,0.99792254,0.062316816,0.016348202,0.000195505,0.124770737,0.032609888,0.002429028,0.127919763,0.000862032,-0.010533631,0.101823443,-0.019902868,0.00409898,0.12112084,0.081110053,0.086981893,0.126992673,-0.086981893,-0.126992673,-0.12112084,-0.081110053,0.190046861,0.032609888,0.002429028
18.1040299,0.987361431,0.158484713,0,0,0.318311559,0,0,0.997805774,0.064268112,0.015916351,-0.000377522,0.128661759,0.03181674,0.001293095,0.062625855,-0.021973252,-0.019724669,0.099099959,-0.020283339,0.004440744,0.117627293,0.077821583,0.086019546,0.125825256,-0.086019546,-0.125825256,-0.117627293,-0.077821583,0.1896498,0.03181674,0.001293095
18.15596986,0.986946117,0.161050809,0,0,0.323510537,0,0,0.997725725,0.065604642,0.015451868,-0.000898128,0.131322973,0.030956234,0.00023537,0.070618838,-0.023528934,-0.024296345,0.110695557,-0.013585976,0.006594601,0.114942521,0.074375868,0.083257355,0.123824008,-0.083257355,-0.123824008,-0.114942521,-0.074375868,0.192187564,0.030956234,0.00023537
18.20914007,0.986388536,0.164431313,0,0,0.330362899,0,0,0.997633994,0.067075469,0.015017832,-0.00140137,0.134255228,0.030157159,-0.000781808,0.076226145,-0.020775199,-0.02114773,0.111139299,-0.012488064,0.007966968,0.117686898,0.090514965,0.103704162,0.130876094,-0.103704162,-0.130876094,-0.117686898,-0.090514965,0.196107671,0.030157159,0.000781808
18.25550986,0.986108281,0.166103755,0,0,0.33375442,0,0,0.997538209,0.068549633,0.014667522,-0.001884518,0.137196049,0.029525477,-0.001749614,0.066258758,-0.005990267,-0.02140254,0.112727949,-0.012580367,0.008028825,0.115660362,0.09068425,0.106618188,0.1315943,-0.106618188,-0.1315943,-0.115660362,-0.09068425,0.196558371,0.029525477,0.001749614
18.30372,0.985827156,0.167764173,0,0,0.337122518,0,0,0.997399628,0.070581503,0.014361816,-0.002495627,0.141252679,0.029005289,-0.002952163,0.075878955,-0.013300776,-0.017392635,0.115241825,-0.015964634,0.00862172,0.117279463,0.09211874,0.108176388,0.13333711,-0.108176388,-0.13333711,-0.117279463,-0.09211874,0.195869839,0.029005289,0.002952163
18.35308004,0.98554524,0.169412457,0,0,0.340466955,0,0,0.997284234,0.072222874,0.01414212,-0.002875008,0.144533818,0.028626612,-0.003693153,0.094454743,-0.013242662,-0.014016034,0.110080121,-0.013207664,0.008524255,0.122584708,0.090655454,0.107898891,0.139828146,-0.107898891,-0.139828146,-0.122584708,-0.090655454,0.195933137,0.028626612,0.003693153
18.40354991,0.985262611,0.171048495,0,0,0.343787498,0,0,0.99703753,0.075493403,0.014365575,-0.003259665,0.151083879,0.029142324,-0.004332857,0.09397044,0.008035451,-0.005359948,0.113148645,-0.019684961,0.007901504,0.114763498,0.088348188,0.105396695,0.131812006,-0.105396695,-0.131812006,-0.114763498,-0.088348188,0.192703619,0.029142324,0.004332857
18.45403004,0.984979349,0.172672178,0,0,0.347083912,0,0,0.996845782,0.077943958,0.014584006,-0.003282878,0.156000413,0.029592082,-0.004273459,0.088312484,0.021142513,0.008899719,0.111601167,-0.019033936,0.007629402,0.124932066,0.08556217,0.101365171,0.140735075,-0.101365171,-0.140735075,-0.124932066,-0.08556217,0.191083499,0.029592082,0.004273459
18.50432992,0.984553445,0.175084303,0,0,0.351982787,0,0,0.996684432,0.079903834,0.015029103,-0.003106511,0.15993933,0.030459699,-0.003792425,0.104121119,0.025873633,0.010033697,0.112807635,-0.022785488,0.00531763,0.123005666,0.084937818,0.100196622,0.138264462,-0.100196622,-0.138264462,-0.123005666,-0.084937818,0.192043457,0.030459699,0.003792425
18.55394006,0.983984104,0.17825623,0,0,0.358428026,0,0,0.99650079,0.082094178,0.015459622,-0.00282262,0.164345356,0.031279586,-0.003088711,0.103770964,0.023473058,0.014894458,0.111447543,-0.024601748,0.00504753,0.130275458,0.084704503,0.095339768,0.140910715,-0.095339768,-0.140910715,-0.130275458,-0.084704503,0.19408267,0.031279586,0.003088711
18.60341001,0.983698983,0.179822998,0,0,0.361613025,0,0,0.996385932,0.083431877,0.015731528,-0.002599634,0.167038595,0.031788484,-0.00255675,0.051078953,-0.001078844,0.006680937,0.113441221,-0.02454147,0.004017751,0.131001726,0.081798255,0.091893315,0.141096786,-0.091893315,-0.141096786,-0.131001726,-0.081798255,0.19457443,0.031788484,0.00255675
18.65259004,0.98341367,0.18137683,0,0,0.364772645,0,0,0.996288896,0.084571451,0.015823156,-0.002407404,0.169333035,0.031941493,-0.00212165,0.065725297,0.005281717,0.013834985,0.120016111,-0.020253338,0.003762076,0.133964896,0.084881991,0.092917494,0.142000407,-0.092917494,-0.142000407,-0.133964896,-0.084881991,0.19543961,0.031941493,0.00212165
18.70571995,0.983128243,0.182917625,0,0,0.367906664,0,0,0.995974958,0.088185124,0.015947133,-0.001774759,0.176610827,0.032084404,-0.000723004,0.102513306,-0.001227856,0.018442426,0.117676857,-0.019830157,0.003471455,0.136507332,0.096000679,0.103524834,0.14403148,-0.103524834,-0.14403148,-0.136507332,-0.096000679,0.191295837,0.032084404,0.000723004
18.75412989,0.982842784,0.184445282,0,0,0.371014861,0,0,0.995795667,0.090189196,0.015968528,-0.001460412,0.180646644,0.032071699,-2.82E-05,0.106666252,0.002772362,0.018384313,0.114876613,-0.018802202,0.002317891,0.134035528,0.09437523,0.101318143,0.140978426,-0.101318143,-0.140978426,-0.134035528,-0.09437523,0.190368217,0.032071699,0.0000282
18.80208993,0.982557372,0.185959701,0,0,0.37409702,0,0,0.995594859,0.092387058,0.015953863,-0.001101239,0.185073774,0.03197609,0.000755471,0.116697691,0.002364069,0.022877008,0.114575361,-0.019947476,0.00198166,0.131360888,0.093756504,0.098392285,0.13599667,-0.098392285,-0.13599667,-0.131360888,-0.093756504,0.189023246,0.03197609,0.000755471
18.88441992,0.98155996,0.191154504,0,0,0.384676411,0,0,0.995214164,0.096513167,0.015280141,-0.00078113,0.193371285,0.030569561,0.001395338,0.097426012,-0.013743342,0.009056179,0.116154729,-0.019888016,0.000869596,0.135173112,0.0953971,0.097136296,0.136912301,-0.097136296,-0.136912301,-0.135173112,-0.0953971,0.191305126,0.030569561,0.001395338
18.91181994,0.98155996,0.191154504,0,0,0.384676411,0,0,0.995214164,0.096513167,0.015280141,-0.00078113,0.193371285,0.030569561,0.001395338,0.097426012,-0.013743342,0.009056179,0.117796795,-0.014844471,0.002669852,0.135173112,0.0953971,0.097136296,0.136912301,-0.097136296,-0.136912301,-0.135173112,-0.0953971,0.191305126,0.030569561,0.001395338
18.95509005,0.981275752,0.192608148,0,0,0.387638744,0,0,0.995044172,0.098278634,0.015106715,-0.000646747,0.196923038,0.030195402,0.001683019,0.079897791,0.003603846,0.008676201,0.12122692,-0.019252629,0.002551867,0.129971385,0.100282453,0.105622157,0.135311082,-0.105622157,-0.135311082,-0.129971385,-0.100282453,0.190715706,0.030195402,0.001683019
19.00109005,0.980992031,0.194048024,0,0,0.39057387,0,0,0.994881988,0.099893495,0.015200706,-0.000546574,0.200173576,0.030359672,0.00195025,0.086701661,0.001061708,0.010360032,0.120623364,-0.018714013,0.002195139,0.137927637,0.09942241,0.10452614,0.143031374,-0.10452614,-0.143031374,-0.137927637,-0.09942241,0.190400294,0.030359672,0.00195025
19.12406993,0.980144583,0.198284132,0,0,0.399213965,0,0,0.994148076,0.106944643,0.015243527,-0.000538525,0.214357452,0.030428521,0.002190696,0.122123219,-0.001703203,0.001005083,0.119212132,-0.018131558,0.003789162,0.133554488,0.097291395,0.104869723,0.141132817,-0.104869723,-0.141132817,-0.133554488,-0.097291395,0.184856513,0.030428521,0.002190696
19.15891004,0.979723438,0.200354648,0,0,0.40343979,0,0,0.993929088,0.108961463,0.015243503,-0.000601786,0.218414307,0.030437754,0.00212663,0.080188349,0.002413243,-0.007686019,0.118025616,-0.018528596,0.004208871,0.133554488,0.097291395,0.104869723,0.141132817,-0.104869723,-0.141132817,-0.133554488,-0.097291395,0.185025483,0.030437754,0.00212663
19.2523799,0.979165183,0.203065369,0,0,0.408975009,0,0,0.993507445,0.112742737,0.015207542,-0.000929991,0.22601632,0.030432006,0.001581907,0.09887293,-0.002588332,-0.003863871,0.125021235,-0.019044039,0.005456897,0.132345304,0.095288135,0.103705876,0.140763044,-0.103705876,-0.140763044,-0.132345304,-0.095288135,0.182958689,0.030432006,0.001581907
19.29742003,0.978887633,0.204399122,0,0,0.41169966,0,0,0.993289649,0.114648275,0.015174571,-0.001080157,0.229848862,0.030397847,0.001334277,0.101392731,-0.005175174,-0.005903841,0.122760168,-0.016858495,0.005301638,0.138608336,0.100520283,0.11143408,0.149522126,-0.11143408,-0.149522126,-0.138608336,-0.100520283,0.181850798,0.030397847,0.001334277
19.33332992,0.978611239,0.205718357,0,0,0.414395417,0,0,0.993059874,0.116625875,0.01513586,-0.00122982,0.23382737,0.030353145,0.001088398,0.096405305,-0.000712276,-0.004757941,0.121582493,-0.016822269,0.005789717,0.134316981,0.100600019,0.111203291,0.14492026,-0.111203291,-0.14492026,-0.134316981,-0.100600019,0.180568047,0.030353145,0.001088398
19.42190004,0.977925815,0.208952389,0,0,0.421007158,0,0,0.992595077,0.120558433,0.014763224,-0.001710139,0.241734053,0.029724521,0.000164785,0.083490461,-0.016516449,-0.006774068,0.122625001,-0.017917857,0.005788358,0.132615015,0.098970488,0.110549927,0.144194439,-0.110549927,-0.144194439,-0.132615015,-0.098970488,0.179273105,0.029724521,0.000164785
19.47601009,0.977518756,0.21084848,0,0,0.424885745,0,0,0.992206275,0.123730235,0.014608835,-0.002093669,0.248115424,0.029512332,-0.000539829,0.082277507,0.002809614,-0.007654727,0.125808378,-0.013141886,0.00666549,0.134754464,0.098918766,0.110495485,0.146331176,-0.110495485,-0.146331176,-0.134754464,-0.098918766,0.176770321,0.029512332,0.000539829
19.53647995,0.977115157,0.212710999,0,0,0.428697237,0,0,0.991951823,0.12574926,0.014617497,-0.002283892,0.25218118,0.029578409,-0.000855117,0.094073266,-0.002506376,-0.00396818,0.12547863,-0.017969966,0.007263548,0.136185005,0.100245096,0.114772193,0.150712103,-0.114772193,-0.150712103,-0.136185005,-0.100245096,0.176516057,0.029578409,0.000855117
19.5685699,0.977115157,0.212710999,0,0,0.428697237,0,0,0.991733611,0.127460629,0.01458808,-0.002347502,0.255630802,0.0295377,-0.000937791,0.091592222,-0.002251566,-0.000171363,0.12359402,-0.016521992,0.006900214,0.136185005,0.100245096,0.114772193,0.150712103,-0.114772193,-0.150712103,-0.136185005,-0.100245096,0.173066435,0.0295377,0.000937791
19.60511995,0.976848139,0.213933898,0,0,0.43120066,0,0,0.991544247,0.128916934,0.014665587,-0.002369702,0.258568466,0.029698504,-0.000918449,0.0638716,0.001511723,-0.001828372,0.124283498,-0.016538056,0.006347919,0.133215755,0.100171797,0.113972224,0.147016183,-0.113972224,-0.147016183,-0.133215755,-0.100171797,0.172632194,0.029698504,0.000918449
19.65596986,0.976582846,0.215141685,0,0,0.433673819,0,0,0.991367936,0.130262971,0.014680517,-0.002394892,0.261283733,0.029735899,-0.000924192,0.060351938,0.004831702,0.000952929,0.129363405,-0.017618833,0.006675999,0.134473592,0.101397507,0.114093341,0.147169441,-0.114093341,-0.147169441,-0.134473592,-0.101397507,0.172390086,0.029735899,0.000924192
19.70272994,0.976319352,0.216334284,0,0,0.436116542,0,0,0.991069674,0.132517219,0.014666728,-0.00226027,0.265836962,0.029674899,-0.000593243,0.071751334,-0.007763505,0.009389967,0.13040788,-0.018508817,0.006258201,0.140306205,0.105068557,0.118420556,0.153658196,-0.118420556,-0.153658196,-0.140306205,-0.105068557,0.17027958,0.029674899,0.000593243
19.75515986,0.975798055,0.218673631,0,0,0.440909993,0,0,0.990891337,0.133856639,0.014571076,-0.00213766,0.268543597,0.029453241,-0.000335652,0.065941371,-0.005683302,0.007734448,0.128992975,-0.015192501,0.004704837,0.142658457,0.105640844,0.118157245,0.155174866,-0.118157245,-0.155174866,-0.142658457,-0.105640844,0.172366396,0.029453241,0.000335652
19.81197,0.975412346,0.220387737,0,0,0.444423926,0,0,0.990710974,0.135200724,0.014457939,-0.001942334,0.271261981,0.029176619,6.09E-05,0.062867254,-0.000405312,0.012018532,0.131553819,-0.015643518,0.004846233,0.139480606,0.109095618,0.118505292,0.148890272,-0.118505292,-0.148890272,-0.139480606,-0.109095618,0.173161945,0.029176619,0.0000609
19.86114002,0.975157849,0.221511103,0,0,0.446727593,0,0,0.990501642,0.136723101,0.014516922,-0.001655493,0.274344908,0.029214908,0.000690355,0.058030341,-1.94E-05,0.010054559,0.131818151,-0.019917602,0.003606767,0.142351061,0.111064047,0.120756514,0.152043536,-0.120756514,-0.152043536,-0.142351061,-0.111064047,0.172382685,0.029214908,0.000690355
19.9073999,0.974905549,0.222618892,0,0,0.448999907,0,0,0.990165353,0.139140025,0.014544215,-0.001196935,0.279240205,0.029139552,0.001677751,0.063022226,0.002139062,0.017366558,0.132807818,-0.017310792,0.003629107,0.148128942,0.108293764,0.115507297,0.155342475,-0.115507297,-0.155342475,-0.148128942,-0.108293764,0.169759702,0.029139552,0.001677751
19.95850993,0.974655514,0.223711037,0,0,0.451240709,0,0,0.989994407,0.140355319,0.01452233,-0.000909681,0.28170356,0.02901347,0.002276374,0.060261052,0.000529736,0.015867503,0.13242981,-0.017932027,0.002138569,0.146489456,0.111867897,0.119126111,0.153747678,-0.119126111,-0.153747678,-0.146489456,-0.111867897,0.169537149,0.02901347,0.002276374
20.02160001,0.9740408,0.226372525,0,0,0.45670382,0,0,0.989844918,0.141403615,0.014546962,-0.000699636,0.283828152,0.029000397,0.002730075,0.051251803,0.006084889,0.012449176,0.134930185,-0.017540614,0.002082104,0.148223221,0.112359196,0.116636336,0.152500361,-0.116636336,-0.152500361,-0.148223221,-0.112359196,0.172875668,0.029000397,0.002730075
20.06212998,0.973799242,0.227409401,0,0,0.458833105,0,0,0.989678562,0.142563835,0.014549281,-0.000579866,0.286176463,0.028967605,0.003001904,0.063655525,0.000905246,0.006075948,0.136913914,-0.019089052,0.002424524,0.150388658,0.11530745,0.119471654,0.154552862,-0.119471654,-0.154552862,-0.150388658,-0.11530745,0.172656642,0.028967605,0.003001904
20.11419988,0.973560259,0.228430345,0,0,0.460930187,0,0,0.989466906,0.144030958,0.01449792,-0.000551783,0.289142437,0.02885337,0.003085646,0.063627213,-0.000338256,0.002148003,0.135192357,-0.017733573,0.003380549,0.153578401,0.115400322,0.120249368,0.158427447,-0.120249368,-0.158427447,-0.153578401,-0.115400322,0.17178775,0.02885337,0.003085646
20.16826988,0.973323916,0.229435293,0,0,0.462994919,0,0,0.989109099,0.146471828,0.014451567,-0.000698402,0.294073432,0.028796921,0.00285309,0.06416814,0.00236407,-0.006960334,0.134809216,-0.017193118,0.004874773,0.149545342,0.114078216,0.120839313,0.156306446,-0.120839313,-0.156306446,-0.149545342,-0.114078216,0.168921487,0.028796921,0.00285309
20.20632005,0.97309028,0.230424188,0,0,0.465027157,0,0,0.988921463,0.147738576,0.01438742,-0.000892377,0.296629477,0.02872368,0.0024872,0.064956404,-0.005085767,-0.00808984,0.134887524,-0.017937145,0.005731111,0.147127524,0.112741306,0.122490853,0.156877071,-0.122490853,-0.156877071,-0.147127524,-0.112741306,0.16839768,0.02872368,0.0024872
20.25742007,0.972859416,0.231396968,0,0,0.467026758,0,0,0.98868382,0.149327219,0.014287619,-0.001269564,0.299831886,0.028634948,0.001757387,0.064497441,-0.002007186,-0.014160573,0.135019155,-0.015825591,0.006154429,0.14709352,0.11121925,0.122681469,0.158555746,-0.122681469,-0.158555746,-0.14709352,-0.11121925,0.167194872,0.028634948,0.001757387
20.30659986,0.972631387,0.232353578,0,0,0.468993581,0,0,0.988489568,0.150608733,0.014246527,-0.001636451,0.302414438,0.028661931,0.001056508,0.062739104,-0.008133055,-0.016160309,0.13515556,-0.016401161,0.007620335,0.144690275,0.113039114,0.125347972,0.156999141,-0.125347972,-0.156999141,-0.144690275,-0.113039114,0.166579143,0.028661931,0.001056508
20.35542989,0.972294799,0.233758046,0,0,0.471882056,0,0,0.988292038,0.151905999,0.014122549,-0.002014701,0.3050284,0.028530365,0.000308499,0.066801168,-0.016744435,-0.016251208,0.13615279,-0.014615492,0.008407984,0.142360255,0.113129295,0.129945263,0.15917623,-0.129945263,-0.15917623,-0.142360255,-0.113129295,0.166853656,0.028530365,0.000308499
20.41164995,0.971856524,0.235573548,0,0,0.475617367,0,0,0.988090813,0.153213575,0.014016635,-0.002412415,0.307663487,0.028442476,-0.000472484,0.063417107,-0.003731251,-0.01668483,0.136582211,-0.012066118,0.008874552,0.142360255,0.113129295,0.129945263,0.15917623,-0.129945263,-0.15917623,-0.142360255,-0.113129295,0.16795388,0.028442476,0.000472484
20.45966006,0.971642028,0.236456698,0,0,0.477435016,0,0,0.987803876,0.155051887,0.013916211,-0.002998244,0.31136886,0.028426563,-0.001608535,0.062362108,-0.012439489,-0.015740098,0.136411501,-0.012678271,0.009925364,0.139773741,0.115641519,0.13339062,0.157522842,-0.13339062,-0.157522842,-0.139773741,-0.115641519,0.166066156,0.028426563,0.001608535
20.51009989,0.971430705,0.237323377,0,0,0.479219157,0,0,0.987419784,0.157478988,0.013724586,-0.003767355,0.316262712,0.028294188,-0.003118506,0.061304133,-0.001533329,-0.012846292,0.135458658,-0.014405946,0.010667188,0.139164373,0.113807842,0.133658573,0.159015104,-0.133658573,-0.159015104,-0.139164373,-0.113807842,0.162956445,0.028294188,0.003118506
20.55628991,0.971222615,0.238173535,0,0,0.480969665,0,0,0.987227201,0.158684492,0.013609581,-0.004090421,0.31869571,0.028173389,-0.003758591,0.068146735,-0.011728703,-0.011575222,0.136953238,-0.015112783,0.010332776,0.139197379,0.1103855,0.131719872,0.160531759,-0.131719872,-0.160531759,-0.139197379,-0.1103855,0.162273955,0.028173389,0.003758591
20.61032987,0.970816361,0.239824087,0,0,0.484369293,0,0,0.986976504,0.160233513,0.013563182,-0.00434904,0.321827604,0.028170526,-0.004239942,0.065452613,-0.003305078,-0.004848838,0.135950287,-0.012173107,0.01049097,0.137632385,0.11328619,0.134268135,0.158614323,-0.134268135,-0.158614323,-0.137632385,-0.11328619,0.162541689,0.028170526,0.004239942
20.65627003,0.970520579,0.24101827,0,0,0.48682983,0,0,0.986782193,0.161426142,0.013520522,-0.004457843,0.324241916,0.028126549,-0.004434476,0.065060712,-0.001476705,-0.001095235,0.136771074,-0.01427861,0.009670072,0.14137958,0.112822369,0.132162511,0.160719723,-0.132162511,-0.160719723,-0.14137958,-0.112822369,0.162587914,0.028126549,0.004434476
20.71491003,0.970232636,0.242174795,0,0,0.48921349,0,0,0.986581385,0.162653327,0.013457227,-0.004496198,0.326728557,0.028019601,-0.004495784,0.062892579,-0.001575053,0.003624707,0.137767557,-0.014673575,0.009177716,0.14137958,0.112822369,0.132162511,0.160719723,-0.132162511,-0.160719723,-0.14137958,-0.112822369,0.162484933,0.028019601,0.004495784
20.75841999,0.970138429,0.242551908,0,0,0.489990895,0,0,0.986394942,0.163780302,0.01346339,-0.004468241,0.329014605,0.028027723,-0.004406568,0.05429313,-0.00192672,0.003211945,0.139003407,-0.01448632,0.008455066,0.14326337,0.113916241,0.132271677,0.161618814,-0.132271677,-0.161618814,-0.14326337,-0.113916241,0.16097629,0.028027723,0.004406568
20.80625987,0.969952714,0.24329351,0,0,0.491519898,0,0,0.986159027,0.165200189,0.013425916,-0.004396618,0.331896163,0.027936445,-0.004237267,0.050943356,0.000112504,0.004590304,0.139511277,-0.01499913,0.008136155,0.145034626,0.116062,0.132972136,0.161944762,-0.132972136,-0.161944762,-0.145034626,-0.116062,0.159623735,0.027936445,0.004237267
20.86295986,0.969592261,0.244726064,0,0,0.494474311,0,0,0.985796392,0.167359367,0.01338541,-0.00415525,0.336283031,0.02778499,-0.003713555,0.050859898,0.005825609,0.007546693,0.138741999,-0.015096577,0.007373839,0.146464691,0.116271563,0.131019235,0.16121237,-0.131019235,-0.16121237,-0.146464691,-0.116271563,0.15819128,0.02778499,0.003713555
20.92384005,0.969417623,0.245416934,0,0,0.495899513,0,0,0.985627353,0.168354571,0.013404885,-0.003994241,0.338307057,0.027772906,-0.003361421,0.050493337,0.003200025,0.010234864,0.140823254,-0.016518974,0.007372861,0.146464691,0.116271563,0.131019235,0.16121237,-0.131019235,-0.16121237,-0.146464691,-0.116271563,0.157592456,0.027772906,0.003361421
20.95777989,0.969162788,0.246421368,0,0,0.497972027,0,0,0.985420406,0.169567332,0.01339718,-0.003773625,0.340774481,0.027687007,-0.002894878,0.045805424,0.007123501,0.009333343,0.140995146,-0.015892871,0.006742685,0.150145292,0.118359566,0.131844938,0.163630664,-0.131844938,-0.163630664,-0.150145292,-0.118359566,0.157197546,0.027687007,0.002894878
21.01060987,0.968916639,0.247387442,0,0,0.499965906,0,0,0.985259295,0.170504779,0.013407254,-0.003549686,0.342683634,0.027633233,-0.002423648,0.043877214,0.003752857,0.012771039,0.141753622,-0.016982832,0.006636131,0.15210028,0.11813464,0.131406903,0.16537255,-0.131406903,-0.16537255,-0.15210028,-0.11813464,0.157282272,0.027633233,0.002423648
21.05690003,0.968836546,0.247700921,0,0,0.500613003,0,0,0.985099196,0.171431884,0.013419372,-0.003305784,0.344572583,0.027575745,-0.001912762,0.045087181,0.005970149,0.014597923,0.142188901,-0.016168839,0.005800886,0.15210028,0.11813464,0.131406903,0.16537255,-0.131406903,-0.16537255,-0.15210028,-0.11813464,0.15604042,0.027575745,0.001912762
21.10589004,0.96867933,0.248315032,0,0,0.501880835,0,0,0.984949172,0.172294423,0.013447011,-0.00302643,0.346331809,0.027535592,-0.001328574,0.045134872,0.006689877,0.014618785,0.141568672,-0.01714834,0.004886486,0.152556807,0.120219156,0.131820932,0.164158583,-0.131820932,-0.164158583,-0.152556807,-0.120219156,0.155549026,0.027535592,0.001328574
21.15465999,0.968526109,0.248911986,0,0,0.503113443,0,0,0.984536409,0.174634054,0.013567025,-0.00266418,0.351095062,0.027648491,-0.000507628,0.050730258,0.002747029,0.005745143,0.141264434,-0.016780065,0.00594,0.153830484,0.119533822,0.129306793,0.163603455,-0.129306793,-0.163603455,-0.153830484,-0.119533822,0.152018381,0.027648491,0.000507628
21.20398999,0.968376924,0.249491748,0,0,0.504310741,0,0,0.984360516,0.175621793,0.013592574,-0.002571562,0.353104835,0.02766676,-0.000288494,0.051798671,0.008093567,0.006224961,0.14046273,-0.016330528,0.006005357,0.152104452,0.118544348,0.130424351,0.163984463,-0.130424351,-0.163984463,-0.152104452,-0.118544348,0.151205906,0.02766676,0.000288494
21.25586987,0.968090831,0.250599568,0,0,0.506599072,0,0,0.984175324,0.176660359,0.013558671,-0.002518184,0.355216632,0.027581438,-0.000166173,0.056333102,-0.005190075,0.005418808,0.140574202,-0.017801681,0.005834038,0.15078786,0.118126824,0.130137533,0.162798569,-0.130137533,-0.162798569,-0.15078786,-0.118126824,0.15138244,0.027581438,0.000166173
21.30456996,0.967887156,0.251385068,0,0,0.508222024,0,0,0.98393929,0.177975088,0.013499958,-0.002516831,0.357888648,0.027465592,-0.00014756,0.053829703,-0.002372264,0.00353232,0.140289354,-0.014244874,0.005916484,0.152541801,0.116938464,0.128606543,0.164209887,-0.128606543,-0.164209887,-0.152541801,-0.116938464,0.150333376,0.027465592,0.00014756
21.36115003,0.967756633,0.251887076,0,0,0.509259421,0,0,0.983752489,0.179010928,0.013407546,-0.002566708,0.359992555,0.027301737,-0.000249908,0.053390119,-0.007496774,0.001407415,0.140460507,-0.014915722,0.006222922,0.1486177,0.120127976,0.131960943,0.160450667,-0.131960943,-0.160450667,-0.1486177,-0.120127976,0.149266866,0.027301737,0.000249908
21.41172004,0.96763036,0.252371724,0,0,0.510261077,0,0,0.983518839,0.18028903,0.013414322,-0.002607151,0.362590792,0.027329956,-0.000291563,0.055866688,0.006114692,-0.001975894,0.139391404,-0.017019101,0.007222374,0.149153262,0.119321838,0.13176769,0.161599115,-0.13176769,-0.161599115,-0.149153262,-0.119321838,0.147670285,0.027329956,0.000291563
21.45815993,0.967448994,0.253066086,0,0,0.511696393,0,0,0.983187854,0.182087168,0.013365119,-0.002707858,0.366245571,0.027270356,-0.000457603,0.051978979,-0.005912781,0.000490993,0.140057699,-0.014637614,0.006838285,0.149188086,0.115149908,0.129594654,0.16363284,-0.129594654,-0.16363284,-0.149188086,-0.115149908,0.145450822,0.027270356,0.000457603
21.51739002,0.967277381,0.253721239,0,0,0.513050906,0,0,0.982944369,0.18339926,0.013313299,-0.002802744,0.368912517,0.027203862,-0.000626817,0.057991594,-0.002399087,-0.000324845,0.140251297,-0.013739708,0.006953858,0.147856981,0.118581779,0.132258356,0.161533564,-0.132258356,-0.161533564,-0.147856981,-0.118581779,0.144138389,0.027203862,0.000626817
21.56369996,0.967115629,0.2543371,0,0,0.514324402,0,0,0.982754588,0.184417173,0.013249268,-0.002897068,0.370981191,0.027113412,-0.000807726,0.055148456,-0.008130074,-0.000531971,0.139097297,-0.014573435,0.00720213,0.146468565,0.117321707,0.131725967,0.160872817,-0.131725967,-0.160872817,-0.146468565,-0.117321707,0.143343211,0.027113412,0.000807726
21.61812997,0.966963837,0.25491359,0,0,0.51551668,0,0,0.982564986,0.185427085,0.013206133,-0.002926876,0.373035887,0.027040503,-0.000854454,0.048109137,-0.002379715,0.000882894,0.139575232,-0.012943778,0.00733916,0.145179808,0.119292274,0.133970588,0.159858137,-0.133970588,-0.159858137,-0.145179808,-0.119292274,0.142480793,0.027040503,0.000854454
21.66181994,0.966915469,0.255096992,0,0,0.515896025,0,0,0.982388675,0.186359093,0.013185469,-0.002996836,0.374931527,0.027026774,-0.000974008,0.045018647,0.002532453,-0.003021955,0.140363891,-0.014410677,0.007122824,0.147651702,0.118830368,0.133076012,0.161897346,-0.133076012,-0.161897346,-0.147651702,-0.118830368,0.140964498,0.027026774,0.000974008
21.70920992,0.966822099,0.255450637,0,0,0.516627552,0,0,0.982168436,0.187520996,0.013111563,-0.003043373,0.377295814,0.026900161,-0.001061208,0.04415438,-0.005680323,-0.001630187,0.14028965,-0.013415596,0.007655507,0.146049708,0.119218521,0.134529531,0.161360711,-0.134529531,-0.161360711,-0.146049708,-0.119218521,0.139331738,0.026900161,0.001061208
21.75829006,0.966690505,0.255948174,0,0,0.517656843,0,0,0.981840193,0.189234927,0.013071264,-0.003052135,0.380786524,0.026826138,-0.001046715,0.040557239,-0.000423193,0.005320459,0.139439568,-0.015755491,0.007125542,0.146049708,0.119218521,0.134529531,0.161360711,-0.134529531,-0.161360711,-0.146049708,-0.119218521,0.136870319,0.026826138,0.001046715
21.81650997,0.966569135,0.256406137,0,0,0.51860439,0,0,0.981685102,0.190039456,0.013052862,-0.003016681,0.382426511,0.026777374,-0.000962089,0.042986128,-0.000566244,0.003097207,0.140752521,-0.014728595,0.006502442,0.148069471,0.116558515,0.13080959,0.162320554,-0.13080959,-0.162320554,-0.148069471,-0.116558515,0.136177879,0.026777374,0.000962089
21.85763002,0.966458065,0.25682447,0,0,0.519470043,0,0,0.981457651,0.191213042,0.013035282,-0.002959435,0.384819439,0.026722095,-0.000824382,0.043237951,-0.001211464,0.003261119,0.140297525,-0.014672286,0.006837307,0.148132458,0.118787907,0.132462516,0.161807075,-0.132462516,-0.161807075,-0.148132458,-0.118787907,0.134650604,0.026722095,0.000824382
21.91017986,0.966357364,0.25720312,0,0,0.520253666,0,0,0.981312335,0.191958964,0.013016832,-0.002901515,0.386341181,0.026664259,-0.000697438,0.036529452,-0.000670552,0.004724414,0.139951803,-0.014495132,0.006742958,0.147703946,0.118713692,0.1321996,0.161189854,-0.1321996,-0.161189854,-0.147703946,-0.118713692,0.133912485,0.026664259,0.000697438
21.96076989,0.966326112,0.257320509,0,0,0.520496622,0,0,0.981174171,0.192665279,0.01301886,-0.00280862,0.387783417,0.026632933,-0.000495101,0.039883703,0.000459701,0.009497255,0.140769526,-0.014637299,0.006420815,0.147703946,0.118713692,0.1321996,0.161189854,-0.1321996,-0.161189854,-0.147703946,-0.118713692,0.132713205,0.026632933,0.000495101
22.00741005,0.966267095,0.257542039,0,0,0.520955134,0,0,0.981053114,0.193281636,0.013034414,-0.00268849,0.389043238,0.026617317,-0.000236561,0.034638494,0.002019853,0.01083836,0.140539336,-0.015446279,0.00514488,0.148985967,0.119711392,0.132553026,0.161827594,-0.132553026,-0.161827594,-0.148985967,-0.119711392,0.131911896,0.026617317,0.000236561
22.05386997,0.966212738,0.257745891,0,0,0.521377084,0,0,0.980903149,0.194042444,0.013053262,-0.00252122,0.390599011,0.026589546,0.000119671,0.031735752,0.004487485,0.011052936,0.140792815,-0.016174906,0.004916675,0.152051002,0.119701214,0.129534557,0.161884353,-0.129534557,-0.161884353,-0.152051002,-0.119701214,0.130778073,0.026589546,0.000119671
22.11880994,0.966118068,0.25810052,0,0,0.522111179,0,0,0.98066479,0.195245415,0.013082626,-0.002193597,0.393061047,0.026519025,0.000806563,0.035051256,0.002313405,0.008948893,0.141064606,-0.01500543,0.005024376,0.152051002,0.119701214,0.129534557,0.161884353,-0.129534557,-0.161884353,-0.152051002,-0.119701214,0.129050132,0.026519025,0.000806563
22.16199994,0.966059404,0.258320012,0,0,0.522565573,0,0,0.98053807,0.195880443,0.013108665,-0.0020463,0.394360447,0.026511854,0.001122907,0.033333156,0.004755706,0.010050088,0.140112,-0.015727162,0.004901332,0.150937796,0.119483486,0.129286155,0.16074045,-0.129286155,-0.16074045,-0.150937796,-0.119483486,0.128205126,0.026511854,0.001122907
22.21001005,0.966011356,0.258499634,0,0,0.522937448,0,0,0.980380595,0.196666718,0.013139942,-0.001873913,0.395969289,0.026504461,0.001494608,0.028861314,0.004788489,0.007315725,0.1401561,-0.016453471,0.004549058,0.152060479,0.119153552,0.128251672,0.161158592,-0.128251672,-0.161158592,-0.152060479,-0.119153552,0.126968159,0.026504461,0.001494608
22.25418997,0.965997704,0.258550644,0,0,0.523043058,0,0,0.980254471,0.197294489,0.013160693,-0.001740459,0.397253823,0.026491517,0.001781505,0.036872182,0.000675768,0.009357183,0.140555082,-0.016549554,0.004813798,0.152290791,0.119191706,0.128819302,0.161918387,-0.128819302,-0.161918387,-0.152290791,-0.119191706,0.125789235,0.026491517,0.001781505
22.32698989,0.965954946,0.258710345,0,0,0.523373709,0,0,0.980006099,0.198525429,0.013176329,-0.001507785,0.399772033,0.026427503,0.002277192,0.028840452,0.004231185,0.00417605,0.138736922,-0.01513662,0.004525359,0.152290791,0.119191706,0.128819302,0.161918387,-0.128819302,-0.161918387,-0.152290791,-0.119191706,0.123601676,0.026427503,0.002277192
22.40417004,0.965931176,0.258799079,0,0,0.523557434,0,0,0.979742408,0.199822605,0.01319944,-0.001308287,0.402425379,0.026390011,0.002712472,0.032959126,0.006208569,0.006451458,0.139667906,-0.016553683,0.004923055,0.151298493,0.118191145,0.128037259,0.161144599,-0.128037259,-0.161144599,-0.151298493,-0.118191145,0.121132055,0.026390011,0.002712472
22.43194008,0.965931176,0.258799079,0,0,0.523557434,0,0,0.979742408,0.199822605,0.01319944,-0.001308287,0.402425379,0.026390011,0.002712472,0.032959126,0.006208569,0.006451458,0.139281206,-0.016034446,0.004570475,0.151298493,0.118191145,0.128037259,0.161144599,-0.128037259,-0.161144599,-0.151298493,-0.118191145,0.121132055,0.026390011,0.002712472
22.46526003,0.965925826,0.258819045,0,0,0.523598776,0,0,0.97962743,0.200385392,0.013202579,-0.001221156,0.40357673,0.026359672,0.002899664,0.02368018,0.006019325,0.007709116,0.138249543,-0.01717094,0.004312895,0.150745139,0.11867626,0.127817214,0.159886092,-0.127817214,-0.159886092,-0.150745139,-0.11867626,0.120022046,0.026359672,0.002899664
22.51375008,0.965931176,0.258799079,0,0,0.523557434,0,0,0.979523897,0.200891137,0.013208553,-0.0011443,0.404611454,0.026338989,0.003066293,0.025095791,0.001580268,0.006816537,0.139481415,-0.017155111,0.003993724,0.15110755,0.116765685,0.125391483,0.15973334,-0.125391483,-0.15973334,-0.15110755,-0.116765685,0.11894598,0.026338989,0.003066293
22.55410004,0.965935337,0.25878355,0,0,0.523525281,0,0,0.979382753,0.201578081,0.013223546,-0.000977025,0.406018735,0.026298747,0.00341858,0.021917375,0.000423938,0.009121746,0.138887266,-0.016007023,0.00405622,0.152642757,0.118332557,0.126320004,0.160630211,-0.126320004,-0.160630211,-0.152642757,-0.118332557,0.117506546,0.026298747,0.00341858
22.61681009,0.965963857,0.258677072,0,0,0.523304818,0,0,0.979215801,0.202387035,0.013245192,-0.000760058,0.407676783,0.026250467,0.003874133,0.022927672,0.000489503,0.004454703,0.138925926,-0.015774478,0.003471202,0.151229158,0.119680226,0.126622632,0.158171564,-0.126622632,-0.158171564,-0.151229158,-0.119680226,0.115628035,0.026250467,0.003874133
22.65114999,0.965963857,0.258677072,0,0,0.523304818,0,0,0.979215801,0.202387035,0.013245192,-0.000760058,0.407676783,0.026250467,0.003874133,0.022927672,0.000489503,0.004454703,0.138265994,-0.015878936,0.004007466,0.151229158,0.119680226,0.126622632,0.158171564,-0.126622632,-0.158171564,-0.151229158,-0.119680226,0.115628035,0.026250467,0.003874133
22.70638991,0.966011356,0.258499634,0,0,0.522937448,0,0,0.979074419,0.20306915,0.013264166,-0.000603359,0.409074442,0.026221261,0.004207078,0.012861939,-0.000441074,0.002916903,0.137911879,-0.016737751,0.003787204,0.150137424,0.118379571,0.12639451,0.158152357,-0.12639451,-0.158152357,-0.150137424,-0.118379571,0.113863006,0.026221261,0.004207078
22.75849986,0.966042206,0.258384317,0,0,0.522698703,0,0,0.978994191,0.203454226,0.013285097,-0.000512113,0.409863795,0.026223454,0.004404635,0.009202212,0.008512289,0.003182143,0.139190553,-0.015704795,0.004076127,0.150862381,0.117386907,0.124961309,0.15843679,-0.124961309,-0.15843679,-0.150862381,-0.117386907,0.112834908,0.026223454,0.004404635
22.80509997,0.966077781,0.258251277,0,0,0.522423274,0,0,0.978945851,0.203685343,0.013302742,-0.000460094,0.410337612,0.026235769,0.004519904,0.016536564,0.001718849,0.001581758,0.139434319,-0.018136423,0.003922778,0.150819182,0.119409606,0.127561867,0.158971429,-0.127561867,-0.158971429,-0.150819182,-0.119409606,0.112085662,0.026235769,0.004519904
22.85291004,0.966118068,0.25810052,0,0,0.522111179,0,0,0.978903353,0.203889549,0.013314893,-0.000383683,0.410756891,0.026227446,0.004679984,0.010388345,0.004357845,0.004575402,0.137880145,-0.016368391,0.004139641,0.153647929,0.117375098,0.125220656,0.16149348,-0.125220656,-0.16149348,-0.153647929,-0.117375098,0.111354288,0.026227446,0.004679984
22.90237999,0.966187313,0.257841184,0,0,0.521574338,0,0,0.978868127,0.204059005,0.013302381,-0.000308066,0.411104878,0.02617127,0.004827502,0.008470563,0.001718849,0.005372614,0.138618838,-0.017112881,0.003541168,0.150108859,0.117372088,0.125651374,0.158388138,-0.125651374,-0.158388138,-0.150108859,-0.117372088,0.11046946,0.02617127,0.004827502
22.95482993,0.966296022,0.257433483,0,0,0.520730447,0,0,0.97885108,0.204140142,0.013321801,-0.000230224,0.411272851,0.0261771,0.004990049,0.000409037,-0.000730157,0.003472716,0.139957499,-0.015818873,0.003539867,0.152190506,0.117964767,0.125047103,0.15927285,-0.125047103,-0.15927285,-0.152190506,-0.117964767,0.109457596,0.0261771,0.004990049
23.0095799,0.966389775,0.257081316,0,0,0.52000158,0,0,0.978868306,0.204053193,0.013382502,-7.17E-05,0.411100072,0.026231664,0.005323069,-0.006267429,0.000936538,0.005627423,0.139389553,-0.017287523,0.003785543,0.152236462,0.120598741,0.127678469,0.159316197,-0.127678469,-0.159316197,-0.152236462,-0.120598741,0.108901508,0.026231664,0.005323069
23.05659986,0.966423343,0.256955098,0,0,0.519740371,0,0,0.978898823,0.203905389,0.013411217,3.20E-05,0.410801006,0.026246403,0.005533851,-0.004458428,0.004867464,0.007467717,0.140286046,-0.01639045,0.00298906,0.152891487,0.118316464,0.125887558,0.160462573,-0.125887558,-0.160462573,-0.152891487,-0.118316464,0.108939365,0.026246403,0.005533851
23.10309005,0.96649394,0.256689433,0,0,0.5191906,0,0,0.978959024,0.203614518,0.013427321,0.000154636,0.41020997,0.02622963,0.005772778,-0.008043647,0.001566857,0.005822629,0.139783239,-0.017503569,0.002559305,0.153687388,0.120906517,0.126884639,0.15966551,-0.126884639,-0.15966551,-0.153687388,-0.120906517,0.10898063,0.02622963,0.005772778
23.15360999,0.966569135,0.256406138,0,0,0.51860439,0,0,0.979009628,0.203368306,0.013471652,0.000224104,0.409709321,0.026289629,0.005920295,-0.011301041,-0.001804531,0.001820177,0.140260211,-0.016683745,0.00268961,0.154727459,0.119720347,0.124838956,0.159846067,-0.124838956,-0.159846067,-0.154727459,-0.119720347,0.108895069,0.026289629,0.005920295
23.20295,0.966648908,0.256105228,0,0,0.517981782,0,0,0.979050815,0.203170225,0.013467219,0.000266833,0.409305581,0.026264776,0.005996865,-0.00781268,0.002727658,0.000482053,0.140634257,-0.015859862,0.003288586,0.154254302,0.120886832,0.126266062,0.159633532,-0.126266062,-0.159633532,-0.154254302,-0.120886832,0.108676201,0.026264776,0.005996865
23.25144005,0.966822099,0.255450637,0,0,0.516627552,0,0,0.979089141,0.202984244,0.013485075,0.000262536,0.408925801,0.026302631,0.005990716,-0.01448691,0.003626198,0.001148135,0.141064493,-0.017329804,0.003351108,0.153205499,0.121485785,0.128062963,0.159782663,-0.128062963,-0.159782663,-0.153205499,-0.121485785,0.107701751,0.026302631,0.005990716
23.30392003,0.966963837,0.25491359,0,0,0.51551668,0,0,0.97918582,0.202518657,0.013467073,4.54E-05,0.407968976,0.026358207,0.005545481,-0.009584428,-0.000737607,-0.008960069,0.140102815,-0.016167888,0.004786745,0.155043155,0.120383561,0.127085775,0.161745369,-0.127085775,-0.161745369,-0.155043155,-0.120383561,0.107547704,0.026358207,0.005545481
23.35959006,0.96706392,0.254533641,0,0,0.514730862,0,0,0.979224026,0.202335864,0.013442973,-9.08E-05,0.407591771,0.026367174,0.005263935,-0.009192527,-0.0026986,-0.002761185,0.139160281,-0.01607494,0.005292778,0.151483923,0.119148158,0.128721654,0.161057413,-0.128721654,-0.161057413,-0.151483923,-0.119148158,0.107139091,0.026367174,0.005263935
23.40863991,0.967168445,0.254136184,0,0,0.513908918,0,0,0.979249239,0.202215046,0.013418915,-0.000277783,0.407339977,0.026396329,0.004884697,-0.005844236,0.001551956,-0.00923276,0.138782527,-0.015493493,0.00439778,0.149942398,0.117792539,0.128378093,0.160527959,-0.128378093,-0.160527959,-0.149942398,-0.117792539,0.106568941,0.026396329,0.004884697
23.45412994,0.967277381,0.253721239,0,0,0.513050906,0,0,0.979264736,0.202142492,0.013372261,-0.000530271,0.407184807,0.026407414,0.00436919,0.002022833,-0.008392335,-0.005359948,0.137839002,-0.016529122,0.005698658,0.149878204,0.118891232,0.127686799,0.158673763,-0.127686799,-0.158673763,-0.149878204,-0.118891232,0.105866099,0.026407414,0.00436919
23.50298,0.967390701,0.253288832,0,0,0.512156886,0,0,0.979264617,0.202144668,0.01333141,-0.00075288,0.40718316,0.026417412,0.003916587,0.005590171,-0.004513562,-0.010183454,0.136085361,-0.013762519,0.005334304,0.148669422,0.115611203,0.127008513,0.160066739,-0.127008513,-0.160066739,-0.148669422,-0.115611203,0.104973726,0.026417412,0.003916587
23.55110002,0.967568828,0.252607529,0,0,0.51074848,0,0,0.979265928,0.202138856,0.013322157,-0.000935118,0.407166577,0.026473002,0.003555645,0.00237748,-0.002305209,-0.002035499,0.135549773,-0.015201769,0.005233527,0.144513533,0.116988517,0.12765713,0.155182153,-0.12765713,-0.155182153,-0.144513533,-0.116988517,0.103581903,0.026473002,0.003555645
23.60504008,0.967821366,0.25163824,0,0,0.508745186,0,0,0.979272485,0.202108562,0.013267579,-0.001261062,0.407095863,0.026497992,0.002894156,-0.002916157,-0.002542138,-0.005674362,0.135455179,-0.016042638,0.005815717,0.145517975,0.115114458,0.125581518,0.155985028,-0.125581518,-0.155985028,-0.145517975,-0.115114458,0.101649323,0.026497992,0.002894156
23.65936995,0.967954001,0.251127563,0,0,0.507689944,0,0,0.979279637,0.202075109,0.013245303,-0.001369964,0.407024483,0.026498476,0.002670877,-0.001902878,0.001434237,-0.003224611,0.134643958,-0.014980356,0.006192245,0.145682067,0.113596804,0.125228241,0.157313496,-0.125228241,-0.157313496,-0.145682067,-0.113596804,0.100665461,0.026498476,0.002670877
23.70817995,0.968090831,0.250599568,0,0,0.506599072,0,0,0.979296207,0.201994553,0.013220022,-0.001499596,0.406856458,0.026501561,0.002404495,-0.003606081,-0.000119209,-0.006400049,0.133650955,-0.015984115,0.005889316,0.143432036,0.113471337,0.125855818,0.155816525,-0.125855818,-0.155816525,-0.143432036,-0.113471337,0.099742614,0.026501561,0.002404495
23.75487995,0.968231818,0.250054286,0,0,0.505472644,0,0,0.97933352,0.201812014,0.01323658,-0.001630364,0.406480518,0.026587237,0.002150024,-0.0114128,0.001975149,-0.004406274,0.133690743,-0.015499968,0.006568866,0.14374572,0.111777507,0.123556137,0.155524343,-0.123556137,-0.155524343,-0.14374572,-0.111777507,0.098992126,0.026587237,0.002150024
23.80271006,0.968376924,0.249491748,0,0,0.504310741,0,0,0.979401231,0.201482117,0.013227506,-0.001788255,0.405802672,0.026633823,0.001828023,-0.014925004,0.001160056,-1.04E-05,0.134531524,-0.016043997,0.006380035,0.1426218,0.111621886,0.124759622,0.155759543,-0.124759622,-0.155759543,-0.1426218,-0.111621886,0.098508069,0.026633823,0.001828023
23.85128999,0.968602218,0.248615656,0,0,0.502501548,0,0,0.979470074,0.201147273,0.0132128,-0.001904926,0.405115685,0.02665258,0.001584364,-0.016625226,-0.001940131,-0.003883243,0.135200172,-0.014898958,0.006602325,0.144195452,0.112107471,0.124867544,0.15695551,-0.124867544,-0.15695551,-0.144195452,-0.112107471,0.097385863,0.02665258,0.001584364
23.90494991,0.968916639,0.247387442,0,0,0.499965907,0,0,0.979558647,0.200713992,0.013222817,-0.002003312,0.404228492,0.026712409,0.00138378,-0.024683777,-0.00025332,-0.004652143,0.135547978,-0.015337778,0.00682958,0.143496767,0.11369887,0.126903519,0.156701416,-0.126903519,-0.156701416,-0.143496767,-0.11369887,0.095737415,0.026712409,0.00138378
23.95990992,0.969079765,0.246747662,0,0,0.498645407,0,0,0.979860723,0.199232906,0.013224926,-0.002122615,0.401201444,0.026766151,0.001110344,-0.035740439,-0.000490248,-0.001099706,0.135172791,-0.015037717,0.006384137,0.144056141,0.113380596,0.12703976,0.157715291,-0.12703976,-0.157715291,-0.144056141,-0.113380596,0.097443963,0.026766151,0.001110344
24.00720001,0.969246775,0.246090813,0,0,0.497289911,0,0,0.980027437,0.198410764,0.013227465,-0.00212756,0.399523131,0.026774014,0.001079195,-0.043337047,9.46E-05,0.002970547,0.136616529,-0.015258301,0.006343375,0.143826336,0.11375092,0.126519188,0.156594604,-0.126519188,-0.156594604,-0.143826336,-0.11375092,0.09776678,0.026774014,0.001079195
24.05602002,0.969417623,0.245416934,0,0,0.495899513,0,0,0.98020637,0.197523355,0.013255182,-0.002126905,0.3977123,0.026829066,0.001067189,-0.042712692,0.005992502,0.00057444,0.137330005,-0.015427641,0.005644075,0.145531416,0.115014829,0.127701581,0.15821816,-0.127701581,-0.15821816,-0.145531416,-0.115014829,0.098187213,0.026829066,0.001067189
24.11086989,0.969770642,0.244018242,0,0,0.493014406,0,0,0.98039484,0.196580872,0.013326597,-0.002114755,0.395790266,0.026965359,0.001093316,-0.048561405,0.00224486,0.002642721,0.137389608,-0.0170259,0.006047208,0.147113532,0.116258271,0.127546415,0.158401683,-0.127546415,-0.158401683,-0.147113532,-0.116258271,0.09722414,0.026965359,0.001093316
24.16246987,0.97004512,0.242924815,0,0,0.490759702,0,0,0.980587602,0.195615545,0.01335981,-0.002031665,0.393823353,0.026999056,0.001242775,-0.0501737,-0.001658499,0.009622426,0.138003765,-0.015148953,0.004475325,0.148368254,0.114316478,0.126410902,0.160462677,-0.126410902,-0.160462677,-0.148368254,-0.114316478,0.096936349,0.026999056,0.001242775
24.21482992,0.970327735,0.24179348,0,0,0.488427502,0,0,0.980993509,0.193561703,0.013505024,-0.001860545,0.389640536,0.027220297,0.00157833,-0.038109712,-0.001397729,0.005515665,0.137271641,-0.017134919,0.005595879,0.148677349,0.118379466,0.127330109,0.157628,-0.127330109,-0.157628,-0.148677349,-0.118379466,0.098786966,0.027220297,0.00157833
24.25902987,0.970423718,0.24140797,0,0,0.487632944,0,0,0.981141031,0.192809433,0.013550992,-0.001788139,0.388109144,0.027283793,0.001717324,-0.030180814,0.004408509,-0.000435114,0.135898232,-0.015465559,0.004922324,0.14881064,0.114540823,0.125732586,0.160002396,-0.125732586,-0.160002396,-0.14881064,-0.114540823,0.0995238,0.027283793,0.001717324
24.30642987,0.970618311,0.240624386,0,0,0.486018174,0,0,0.981266201,0.192167327,0.013616382,-0.001719362,0.386802675,0.027386825,0.001859643,-0.028441848,0.002596527,0.005074591,0.13418665,-0.017078868,0.005841947,0.14644143,0.11551033,0.125354975,0.156286076,-0.125354975,-0.156286076,-0.14644143,-0.11551033,0.099215499,0.027386825,0.001859643
24.36037994,0.971017814,0.239007121,0,0,0.482686418,0,0,0.981399179,0.191484675,0.013669386,-0.001575917,0.385415505,0.027437216,0.002142556,-0.0239715,0.00788644,0.005189329,0.133027059,-0.016710005,0.004831398,0.145423532,0.111265816,0.122949712,0.157107428,-0.122949712,-0.157107428,-0.145423532,-0.111265816,0.097270913,0.027437216,0.002142556
24.40960002,0.971222615,0.238173535,0,0,0.480969666,0,0,0.981492758,0.191004783,0.013681473,-0.001445818,0.384440906,0.027412279,0.002389234,-0.020235777,-0.00307858,0.012912602,0.130950628,-0.018227808,0.004630029,0.144905627,0.111485638,0.12114843,0.154568419,-0.12114843,-0.154568419,-0.144905627,-0.111485638,0.09652876,0.027412279,0.002389234
24.45661998,0.971535966,0.2368921,0,0,0.478331283,0,0,0.981579065,0.190556392,0.013745341,-0.001367367,0.383529975,0.027508869,0.002555137,-0.02220571,0.011346489,0.002428144,0.129717463,-0.015381783,0.003167796,0.144548371,0.10809277,0.117352828,0.15380843,-0.117352828,-0.15380843,-0.144548371,-0.10809277,0.094801308,0.027508869,0.002555137
24.50815988,0.971856524,0.235573548,0,0,0.475617367,0,0,0.981665254,0.19011198,0.0137536,-0.001265828,0.382627089,0.027487623,0.002745249,-0.02206862,0.001210719,0.008273871,0.129653225,-0.016657744,0.003737326,0.141931415,0.111167863,0.117503457,0.148267001,-0.117503457,-0.148267001,-0.141931415,-0.111167863,0.092990278,0.027487623,0.002745249
24.55896998,0.971964944,0.235125813,0,0,0.474696016,0,0,0.981893301,0.188926458,0.013830156,-0.001110255,0.380216633,0.027582481,0.003046624,-0.028361382,-0.003631413,0.00262484,0.130246425,-0.017152508,0.00509904,0.14257361,0.109258138,0.116732791,0.150048256,-0.116732791,-0.150048256,-0.14257361,-0.109258138,0.094479383,0.027582481,0.003046624
24.60680986,0.972184089,0.234218055,0,0,0.472828345,0,0,0.98202318,0.188249081,0.01384406,-0.001073368,0.378837902,0.027597998,0.003105305,-0.035876036,0.002285093,0.000783056,0.129560357,-0.015512011,0.004494242,0.142299861,0.107994854,0.118192941,0.152497932,-0.118192941,-0.152497932,-0.142299861,-0.107994854,0.093990443,0.027597998,0.003105305
24.65600992,0.972406257,0.233293958,0,0,0.470927489,0,0,0.982186735,0.187392548,0.013868222,-0.001064414,0.377093823,0.027644809,0.003107889,-0.044435266,0.004122406,-0.003236532,0.130282256,-0.017112993,0.004743278,0.140578091,0.109554082,0.118542567,0.149566576,-0.118542567,-0.149566576,-0.140578091,-0.109554082,0.093833666,0.027644809,0.003107889
24.70876003,0.972859416,0.231396968,0,0,0.467026758,0,0,0.982474506,0.185875982,0.013879287,-0.001214045,0.374001786,0.027726964,0.002775185,-0.047336519,-0.001251698,-0.008861721,0.130776172,-0.017635849,0.00538918,0.14265193,0.108425967,0.117912523,0.152138487,-0.117912523,-0.152138487,-0.14265193,-0.108425967,0.093024972,0.027726964,0.002775185
24.76192999,0.973206756,0.229931751,0,0,0.464015109,0,0,0.982683957,0.184763372,0.013890315,-0.001344052,0.371733427,0.027799823,0.002492251,-0.057433553,0.002350658,-0.005379319,0.130153704,-0.016184838,0.006490386,0.143022805,0.107751124,0.118529484,0.153801158,-0.118529484,-0.153801158,-0.143022805,-0.107751124,0.092281682,0.027799823,0.002492251
24.80675006,0.973560259,0.228430345,0,0,0.460930187,0,0,0.982907355,0.183569089,0.013905024,-0.001490483,0.36929889,0.027885527,0.002175899,-0.065277517,-0.000627339,-0.007429718,0.133533475,-0.01631507,0.006559185,0.139848113,0.107478462,0.120459236,0.152828887,-0.120459236,-0.152828887,-0.139848113,-0.107478462,0.091631297,0.027885527,0.002175899
24.85915995,0.973679425,0.227921869,0,0,0.45988568,0,0,0.983411312,0.180845216,0.013932277,-0.00180763,0.363748633,0.028059798,0.001484468,-0.05821437,-0.004598499,-0.002819299,0.13219262,-0.016812967,0.006371406,0.143289328,0.110659204,0.123777568,0.156407684,-0.123777568,-0.156407684,-0.143289328,-0.110659204,0.096137047,0.028059798,0.001484468
24.90668989,0.973919703,0.226892951,0,0,0.457772479,0,0,0.983614147,0.179733574,0.013982895,-0.001959107,0.361484138,0.028215516,0.001172848,-0.055865943,0.006774813,-0.015476349,0.131844872,-0.015222885,0.006141448,0.142634138,0.10900823,0.12175104,0.155376956,-0.12175104,-0.155376956,-0.142634138,-0.10900823,0.096288341,0.028215516,0.001172848
24.95553994,0.974284865,0.225319777,0,0,0.454542483,0,0,0.983823597,0.178583413,0.013962771,-0.002082457,0.359141762,0.028221332,0.000889852,-0.058802966,-0.00577122,-0.00525564,0.131020269,-0.018252421,0.008452195,0.140926272,0.110480517,0.122763418,0.153209165,-0.122763418,-0.153209165,-0.140926272,-0.110480517,0.095400721,0.028221332,0.000889852
25.01293993,0.974655514,0.223711037,0,0,0.451240709,0,0,0.984031856,0.177440301,0.013853539,-0.002117009,0.356815631,0.028019594,0.000750237,-0.059692573,-0.005033614,-0.001899898,0.129442022,-0.01489373,0.006833287,0.140820459,0.104315631,0.121220022,0.157724842,-0.121220022,-0.157724842,-0.140820459,-0.104315631,0.094425078,0.028019594,0.000750237
25.06504989,0.97503142,0.222066949,0,0,0.447867679,0,0,0.984274209,0.176096588,0.013787033,-0.002130911,0.35408329,0.027894542,0.000661154,-0.05667508,0.003366917,-0.002387166,0.129139524,-0.014957716,0.006263615,0.137502432,0.107714988,0.121381558,0.151169002,-0.121381558,-0.151169002,-0.137502432,-0.107714988,0.093784389,0.027894542,0.000661154
25.11232996,0.975412346,0.220387737,0,0,0.444423926,0,0,0.984550655,0.174534187,0.013874978,-0.002316127,0.350904396,0.028133433,0.00028274,-0.04615188,-0.00025779,-0.004906953,0.127892464,-0.016817426,0.006513262,0.137833595,0.107918173,0.1204454,0.150360823,-0.1204454,-0.150360823,-0.137833595,-0.107918173,0.09351953,0.028133433,0.00028274
25.15896988,0.975540396,0.219820234,0,0,0.443260386,0,0,0.984813988,0.173031807,0.01398395,-0.002428083,0.347850357,0.028387262,5.69E-05,-0.047753755,0.007613748,-0.007525087,0.128245263,-0.017774003,0.006712591,0.138196588,0.104561761,0.117588282,0.151223108,-0.117588282,-0.151223108,-0.138196588,-0.104561761,0.095410029,0.028387262,0.0000569
25.20738006,0.975798055,0.218673631,0,0,0.440909993,0,0,0.985038936,0.171734333,0.014124103,-0.002514178,0.345214162,0.028693055,-0.000101981,-0.050617762,0.004557522,-0.002112985,0.126228243,-0.018401875,0.007567108,0.139306635,0.103758655,0.117183834,0.152731821,-0.117183834,-0.152731821,-0.139306635,-0.103758655,0.095695831,0.028693055,0.000101981
25.26215005,0.976319352,0.216334284,0,0,0.436116542,0,0,0.985220969,0.170685768,0.014136325,-0.002530123,0.343084615,0.028722462,-0.000159788,-0.048530102,0.00583306,-0.000940263,0.126287114,-0.017753025,0.006772182,0.137062967,0.100259244,0.11539346,0.152197182,-0.11539346,-0.152197182,-0.137062967,-0.100259244,0.093031927,0.028722462,0.000159788
25.31283999,0.976582846,0.215141685,0,0,0.433673819,0,0,0.98539871,0.16965279,0.014163649,-0.002590238,0.340986069,0.028796544,-0.000299154,-0.050021715,0.001918525,-0.003661216,0.124122372,-0.018118178,0.00656102,0.137267917,0.101761892,0.115306251,0.150812283,-0.115306251,-0.150812283,-0.137267917,-0.101761892,0.09268775,0.028796544,0.000299154
25.36253,0.976848139,0.213933898,0,0,0.43120066,0,0,0.985571027,0.168647081,0.014174403,-0.002650185,0.338943045,0.028837649,-0.000443133,-0.042971969,-0.000545383,-0.005677343,0.123117268,-0.017105868,0.007072028,0.135679498,0.09944316,0.112565197,0.148801535,-0.112565197,-0.148801535,-0.135679498,-0.09944316,0.092257615,0.028837649,0.000443133
25.41817999,0.97724929,0.212093906,0,0,0.427434232,0,0,0.985999703,0.166113004,0.014264115,-0.002797848,0.33379742,0.029062428,-0.000778773,-0.044715405,-0.006055832,-0.002411008,0.122372067,-0.016608449,0.006781663,0.133151069,0.098939359,0.113083415,0.147295132,-0.113083415,-0.147295132,-0.133151069,-0.098939359,0.093636812,0.029062428,0.000778773
25.46541,0.97778976,0.209588134,0,0,0.422307438,0,0,0.986179709,0.165042266,0.014248798,-0.00277016,0.331625942,0.029022209,-0.000760764,-0.046902899,-0.004887581,0.00391081,0.12176085,-0.015075239,0.007100901,0.132198811,0.098981939,0.112545267,0.145762146,-0.112545267,-0.145762146,-0.132198811,-0.098981939,0.090681496,0.029022209,0.000760764
25.50458002,0.97778976,0.209588134,0,0,0.422307438,0,0,0.986358941,0.163959742,0.014329268,-0.00284177,0.329428975,0.029203621,-0.000907552,-0.05491972,-0.001084805,-0.003501774,0.121476046,-0.015389306,0.005975198,0.129735157,0.099584691,0.113786496,0.143936962,-0.113786496,-0.143936962,-0.129735157,-0.099584691,0.092878463,0.029203621,0.000907552
25.56213999,0.978336078,0.207022992,0,0,0.41706209,0,0,0.986548305,0.162808731,0.014401416,-0.002915159,0.327093401,0.02936883,-0.001062995,-0.065319248,-0.000858307,3.35E-05,0.120841902,-0.016488745,0.007286365,0.130890116,0.100111522,0.112061918,0.14284052,-0.112061918,-0.14284052,-0.130890116,-0.100111522,0.089968689,0.02936883,0.001062995
25.61387992,0.978611239,0.205718357,0,0,0.414395417,0,0,0.986801326,0.161266774,0.014413439,-0.002916926,0.323967225,0.029391436,-0.001108513,-0.062435873,-0.004033745,-0.001122057,0.121946096,-0.016633534,0.006767588,0.130044252,0.097066775,0.111639507,0.144616976,-0.111639507,-0.144616976,-0.130044252,-0.097066775,0.090428192,0.029391436,0.001108513
25.66224003,0.978887633,0.204399122,0,0,0.41169966,0,0,0.987021744,0.159910023,0.014445652,-0.002916464,0.321217385,0.029453338,-0.001137712,-0.078529127,-0.000433624,0.001171976,0.121012771,-0.015811622,0.006949371,0.131812006,0.098544955,0.112080134,0.145347178,-0.112080134,-0.145347178,-0.131812006,-0.098544955,0.090482275,0.029453338,0.001137712
25.71123004,0.979165183,0.203065369,0,0,0.408975009,0,0,0.987262189,0.158416659,0.014466395,-0.002901872,0.318191706,0.029487927,-0.00114688,-0.082953282,0.005491823,-0.004024804,0.12389593,-0.018419948,0.007371065,0.129874989,0.09825176,0.112150505,0.143773735,-0.112150505,-0.143773735,-0.129874989,-0.09825176,0.090783303,0.029487927,0.00114688
25.77099991,0.979723438,0.200354648,0,0,0.403439791,0,0,0.987836063,0.154794723,0.014473164,-0.003004147,0.310852093,0.029528569,-0.001455105,-0.094389901,1.27E-05,0.000409037,0.123675723,-0.017377508,0.006887657,0.134944782,0.098104902,0.11284703,0.149686903,-0.11284703,-0.149686903,-0.134944782,-0.098104902,0.092587698,0.029528569,0.001455105
25.81854987,0.980144583,0.198284132,0,0,0.399213965,0,0,0.988102078,0.15308921,0.014446258,-0.003063052,0.307396886,0.029490866,-0.001630793,-0.092114516,0.005296618,0.00134185,0.123967908,-0.0169853,0.006691282,0.13416554,0.099410541,0.113185853,0.147940844,-0.113185853,-0.147940844,-0.13416554,-0.099410541,0.091817079,0.029490866,0.001630793
25.86330009,0.980426367,0.196886107,0,0,0.396361684,0,0,0.9883551,0.151447818,0.014436831,-0.003070553,0.304073997,0.029471751,-0.001697478,-0.087086864,0.003407151,0.001829118,0.123156509,-0.018350178,0.006576071,0.134261891,0.100291312,0.113673873,0.14764446,-0.113673873,-0.14764446,-0.134261891,-0.100291312,0.092287687,0.029471751,0.001697478
25.91275001,0.980708876,0.195474041,0,0,0.393481585,0,0,0.988602698,0.149811804,0.014543642,-0.003126334,0.30076227,0.029696851,-0.001824591,-0.084762283,0.015007706,-0.009472668,0.121826212,-0.017844113,0.006482017,0.134930581,0.098230243,0.111382388,0.148082718,-0.111382388,-0.148082718,-0.134930581,-0.098230243,0.092719315,0.029696851,0.001824591
25.96372009,0.980992031,0.194048024,0,0,0.390573871,0,0,0.988935888,0.147579715,0.014687744,-0.003249837,0.2962438,0.030014193,-0.002093479,-0.079225004,-0.003790855,0.003484637,0.120929548,-0.021035521,0.008455611,0.133188277,0.097500063,0.110464104,0.146152303,-0.110464104,-0.146152303,-0.133188277,-0.097500063,0.094330071,0.030014193,0.002093479
26.01232004,0.981275752,0.192608148,0,0,0.387638744,0,0,0.989159286,0.146083876,0.014612438,-0.003160787,0.293220415,0.029835961,-0.001984645,-0.076445937,0.000292808,0.002425164,0.12022977,-0.017228455,0.006487637,0.133509412,0.091438405,0.108349621,0.150420636,-0.108349621,-0.150420636,-0.133509412,-0.091438405,0.094418329,0.029835961,0.001984645
26.05945993,0.98155996,0.191154504,0,0,0.384676411,0,0,0.989505768,0.143703759,0.01476138,-0.003155946,0.288408885,0.030124531,-0.002004031,-0.070962317,0.013627857,-0.000208616,0.117634522,-0.018642076,0.006896022,0.130970553,0.096513659,0.109488934,0.143945828,-0.109488934,-0.143945828,-0.130970553,-0.096513659,0.096267526,0.030124531,0.002004031
26.11150003,0.982129519,0.188206293,0,0,0.378670962,0,0,0.989795029,0.141689807,0.014845528,-0.003108154,0.284339899,0.030273463,-0.001946844,-0.075057149,0.002349168,0.00469014,0.115469906,-0.020979338,0.006875798,0.129380539,0.092096411,0.105888456,0.143172577,-0.105888456,-0.143172577,-0.129380539,-0.092096411,0.094331063,0.030273463,0.001946844
26.16307998,0.982557372,0.185959701,0,0,0.37409702,0,0,0.989986122,0.140352562,0.014831088,-0.002987169,0.281640935,0.030208242,-0.001752149,-0.066520274,0.003153831,0.008500367,0.115809007,-0.018116552,0.005984052,0.129573405,0.08761476,0.101366356,0.143325001,-0.101366356,-0.143325001,-0.129573405,-0.08761476,0.092456085,0.030208242,0.001752149
26.21297002,0.982842784,0.184445282,0,0,0.371014862,0,0,0.990169525,0.139046595,0.014912036,-0.002861347,0.279006477,0.030331253,-0.001520202,-0.072126091,0.00698343,0.005225092,0.113613271,-0.018350785,0.005171003,0.127941474,0.091708384,0.10367649,0.13990958,-0.10367649,-0.13990958,-0.127941474,-0.091708384,0.092008385,0.030331253,0.001520202
26.26278997,0.983128243,0.182917625,0,0,0.367906664,0,0,0.990348339,0.137760654,0.014997824,-0.002743389,0.276412768,0.030466707,-0.001302207,-0.065681338,0.006709249,0.005232543,0.113770421,-0.019499921,0.005558408,0.126793012,0.090091467,0.100433476,0.137135029,-0.100433476,-0.137135029,-0.126793012,-0.090091467,0.091493896,0.030466707,0.001302207
26.31333995,0.98341367,0.18137683,0,0,0.364772645,0,0,0.990576386,0.136113361,0.015017752,-0.002516019,0.273092562,0.030442081,-0.0008968,-0.070130825,0.003588945,0.010796637,0.111869295,-0.019565492,0.005409949,0.127711892,0.088712081,0.099828891,0.13882871,-0.099828891,-0.13882871,-0.127711892,-0.088712081,0.091680083,0.030442081,0.0008968
26.35694003,0.983698983,0.179822998,0,0,0.361613026,0,0,0.990757167,0.134788498,0.015067711,-0.002373528,0.270421839,0.030501451,-0.00064157,-0.067594655,0.006329268,0.008123368,0.112343097,-0.019640991,0.004458085,0.126024798,0.086893842,0.097713739,0.136844695,-0.097713739,-0.136844695,-0.126024798,-0.086893842,0.091191187,0.030501451,0.00064157
26.40403009,0.984126567,0.177468028,0,0,0.35682608,0,0,0.991101861,0.132222563,0.015159817,-0.002157527,0.26524895,0.030625175,-0.000267843,-0.061568622,0.000946969,0.002401322,0.110500373,-0.019651103,0.004401191,0.12752597,0.088244006,0.097160175,0.13644214,-0.097160175,-0.13644214,-0.12752597,-0.088244006,0.09157713,0.030625175,0.000267843
26.46281004,0.984695535,0.1742834,0,0,0.350355966,0,0,0.991317213,0.130593404,0.015215321,-0.002061819,0.261964256,0.030709759,-0.000113846,-0.059595708,0.006585568,0.003477186,0.107217909,-0.01839358,0.005095615,0.125750244,0.086448066,0.09525045,0.134552628,-0.09525045,-0.134552628,-0.125750244,-0.086448066,0.08839171,0.030709759,0.000113846
26.50840998,0.984979349,0.172672178,0,0,0.347083912,0,0,0.991487265,0.129294068,0.015241307,-0.002039899,0.259343263,0.030755453,-0.000103896,-0.065095723,-0.002279878,0.005289167,0.106204046,-0.019985926,0.004780051,0.120515838,0.083728701,0.093919933,0.13070707,-0.093919933,-0.13070707,-0.120515838,-0.083728701,0.087740649,0.030755453,0.000103896
26.56088996,0.985262611,0.171048495,0,0,0.343787498,0,0,0.991657674,0.127975643,0.015277218,-0.00202088,0.256684253,0.030821662,-9.79E-05,-0.063148141,0.002463908,0.003070385,0.106246681,-0.017681444,0.004424195,0.121409886,0.081438057,0.090998158,0.130969986,-0.090998158,-0.130969986,-0.121409886,-0.081438057,0.087103245,0.030821662,0.0000979
26.60827995,0.98554524,0.169412457,0,0,0.340466956,0,0,0.991823435,0.126682401,0.015298207,-0.002037386,0.254075254,0.030867334,-0.000165506,-0.06521643,0.001234561,-0.002256036,0.106117328,-0.018683687,0.005677498,0.119503893,0.084141031,0.092989422,0.128352284,-0.092989422,-0.128352284,-0.119503893,-0.084141031,0.086391702,0.030867334,0.000165506
26.65338993,0.985827156,0.167764173,0,0,0.337122518,0,0,0.992085576,0.124605827,0.015338632,-0.002114524,0.249885421,0.03096638,-0.000373191,-0.064666569,-0.000321865,-0.006577373,0.105555914,-0.018308398,0.006481975,0.119123481,0.08175613,0.093111128,0.130478472,-0.093111128,-0.130478472,-0.119123481,-0.08175613,0.087237097,0.03096638,0.000373191
26.70130992,0.986108281,0.166103755,0,0,0.333754421,0,0,0.992226005,0.123480521,0.0153521,-0.002185367,0.247614398,0.031010165,-0.000545647,-0.07490664,-0.002408028,-0.007678568,0.106260995,-0.017766867,0.006723251,0.117382303,0.08076553,0.093729481,0.130346254,-0.093729481,-0.130346254,-0.117382303,-0.08076553,0.086140023,0.031010165,0.000545647
26.76413989,0.986807112,0.161900352,0,0,0.325232217,0,0,0.99263221,0.120161943,0.015404689,-0.002320955,0.240921247,0.031145188,-0.000906034,-0.090661645,0.000522286,-0.004656613,0.104514859,-0.018428178,0.006088509,0.117304578,0.081770867,0.095217369,0.130751073,-0.095217369,-0.130751073,-0.117304578,-0.081770867,0.08431097,0.031145188,0.000906034
26.81427002,0.987223286,0.159342975,0,0,0.320050178,0,0,0.992964506,0.117381737,0.015417536,-0.002340666,0.235318641,0.031172678,-0.001029422,-0.093626976,-0.000312924,0.000763685,0.104904355,-0.018619814,0.006277686,0.116854496,0.079998158,0.092175178,0.129031509,-0.092175178,-0.129031509,-0.116854496,-0.079998158,0.084731537,0.031172678,0.001029422
26.85965991,0.987361431,0.158484713,0,0,0.31831156,0,0,0.993193269,0.115432426,0.015404744,-0.002305755,0.231392888,0.031137121,-0.001024203,-0.101985052,-0.004629792,0.004201383,0.105283666,-0.018424996,0.005355773,0.117246449,0.080006845,0.092562214,0.129801825,-0.092562214,-0.129801825,-0.117246449,-0.080006845,0.086918672,0.031137121,0.001024203
26.90437007,0.987636794,0.156759571,0,0,0.314817599,0,0,0.993425429,0.113418981,0.015402629,-0.002266357,0.227339062,0.031121836,-0.001009502,-0.10343343,0.007636101,0.002317876,0.106083818,-0.017284457,0.00469612,0.118352853,0.081502885,0.092214428,0.129064396,-0.092214428,-0.129064396,-0.118352853,-0.081502885,0.087478537,0.031121836,0.001009502
26.95197988,0.987910855,0.155023036,0,0,0.311301543,0,0,0.993646085,0.111471169,0.015391574,-0.002177008,0.223419841,0.031077904,-0.000895349,-0.097085536,0.002468378,0.008872897,0.105788026,-0.01918663,0.003716599,0.118672125,0.084103227,0.093495466,0.128064364,-0.093495466,-0.128064364,-0.118672125,-0.084103227,0.087881702,0.031077904,0.000895349
27.00165987,0.988183538,0.153275228,0,0,0.307763639,0,0,0.993913412,0.109076366,0.015310755,-0.002048113,0.218602523,0.030886837,-0.000731559,-0.100754201,-0.001101196,0.0069879,0.106023817,-0.018170506,0.003833187,0.12125802,0.082884781,0.090317979,0.128691226,-0.090317979,-0.128691226,-0.12125802,-0.082884781,0.089161116,0.030886837,0.000731559
27.05909992,0.988858708,0.148857167,0,0,0.298824925,0,0,0.994327247,0.105264544,0.015146925,-0.001902418,0.210935398,0.030527246,-0.00059466,-0.094923392,-0.006893279,0.002660602,0.101680041,-0.017168988,0.004626225,0.120361105,0.084020108,0.091686487,0.128027469,-0.091686487,-0.128027469,-0.120361105,-0.084020108,0.087889527,0.030527246,0.00059466
27.11014986,0.989258947,0.146173652,0,0,0.293398528,0,0,0.994531989,0.103329241,0.015021066,-0.00188696,0.207041991,0.030272441,-0.000649351,-0.101095438,-0.003831089,-0.00244379,0.100125084,-0.016485345,0.004248824,0.114222772,0.07988482,0.089137264,0.123475224,-0.089137264,-0.123475224,-0.114222772,-0.07988482,0.086356537,0.030272441,0.000649351
27.15622998,0.989391492,0.145273793,0,0,0.291579391,0,0,0.994733334,0.101388611,0.014911665,-0.00190603,0.203137731,0.030057283,-0.000768584,-0.092975803,-0.005193055,-0.001065433,0.101365114,-0.017144664,0.005053574,0.112361573,0.079390906,0.087888546,0.120859221,-0.087888546,-0.120859221,-0.112361573,-0.079390906,0.08844166,0.030057283,0.000768584
27.20372987,0.989655227,0.143466136,0,0,0.2879258,0,0,0.994974792,0.099018075,0.014722846,-0.001978089,0.198367988,0.029693814,-0.001021092,-0.092691183,-0.005505979,-0.000619888,0.099300115,-0.016653663,0.004802347,0.113456175,0.079166867,0.089274012,0.123563319,-0.089274012,-0.123563319,-0.113456175,-0.079166867,0.089557812,0.029693814,0.001021092
27.25214005,0.98991709,0.141647998,0,0,0.284252002,0,0,0.995155096,0.097213127,0.014554015,-0.002047224,0.194736602,0.029369259,-0.001245466,-0.083926328,-0.010265411,-9.69E-05,0.098334347,-0.014852428,0.004732136,0.111151397,0.077844091,0.087448791,0.120756097,-0.087448791,-0.120756097,-0.111151397,-0.077844091,0.0895154,0.029369259,0.001245466
27.30263996,0.990306214,0.138901415,0,0,0.27870398,0,0,0.995331585,0.095412523,0.014399223,-0.00209642,0.191115314,0.029068139,-0.001426136,-0.094123192,-0.000691414,-0.005325675,0.097426188,-0.017205328,0.005588595,0.108454607,0.078749768,0.08821404,0.117918879,-0.08821404,-0.117918879,-0.108454607,-0.078749768,0.087588666,0.029068139,0.001426136
27.36262989,0.990817809,0.135203806,0,0,0.271238308,0,0,0.995760262,0.090740062,0.014855945,-0.002710553,0.181710187,0.030082358,-0.002703289,-0.091609366,0.011255592,-0.013449788,0.096605869,-0.019731483,0.007116251,0.10904289,0.074632257,0.085809447,0.12022008,-0.085809447,-0.12022008,-0.10904289,-0.074632257,0.089528121,0.030082358,0.002703289
27.41363001,0.991195762,0.132404537,0,0,0.265588969,0,0,0.995918334,0.088955179,0.015009692,-0.002924847,0.178118679,0.030421902,-0.003156903,-0.087377444,0.005126745,-0.010485948,0.095031687,-0.020853312,0.007706769,0.109221071,0.069758125,0.083990626,0.123453572,-0.083990626,-0.123453572,-0.109221071,-0.069758125,0.08747029,0.030421902,0.003156903
27.45796991,0.991320604,0.13146657,0,0,0.263696492,0,0,0.996068835,0.087225303,0.015131559,-0.003123203,0.17463847,0.03069381,-0.003583836,-0.082522631,0.005989522,-0.00910014,0.09253725,-0.019402273,0.007448515,0.108178198,0.066471599,0.081885137,0.123591736,-0.081885137,-0.123591736,-0.108178198,-0.066471599,0.089058022,0.03069381,0.003583836
27.50274992,0.991568524,0.129583419,0,0,0.259897691,0,0,0.996176839,0.085962683,0.015215149,-0.003249952,0.172099096,0.030877616,-0.003861034,-0.082519673,0.000775606,-0.007902087,0.091762581,-0.019757001,0.007461173,0.104490973,0.065686449,0.080583483,0.119388007,-0.080583483,-0.119388007,-0.104490973,-0.065686449,0.087798595,0.030877616,0.003861034
27.55348993,0.99181403,0.127690755,0,0,0.256080649,0,0,0.996379495,0.083546162,0.015369087,-0.003448532,0.167240911,0.031208169,-0.004306146,-0.078390546,0.000486523,-0.006429852,0.091267647,-0.018555133,0.007412197,0.104058377,0.064544395,0.079466745,0.118980721,-0.079466745,-0.118980721,-0.104058377,-0.064544395,0.088839738,0.031208169,0.004306146
27.60506988,0.992297528,0.123877421,0,0,0.248392916,0,0,0.996508062,0.081974536,0.015462095,-0.003574941,0.164081847,0.031407476,-0.0045922,-0.083069511,0.008989125,-0.007328392,0.089169065,-0.020929456,0.007665434,0.102410555,0.065300308,0.080124699,0.117234945,-0.080124699,-0.117234945,-0.102410555,-0.065300308,0.084311069,0.031407476,0.0045922
27.65630007,0.992535382,0.121957019,0,0,0.244522765,0,0,0.996769309,0.078593656,0.016082693,-0.003943526,0.157283968,0.032687155,-0.00533645,-0.083820514,0.010282546,-0.007767976,0.088231616,-0.023327526,0.00860711,0.102433056,0.060574166,0.07590504,0.117763922,-0.07590504,-0.117763922,-0.102433056,-0.060574166,0.087238797,0.032687155,0.00533645
27.71096993,0.992887105,0.119059631,0,0,0.238685446,0,0,0.996960521,0.076133087,0.01605935,-0.003938763,0.152346258,0.032626607,-0.005411194,-0.098130129,-0.009085241,-0.001071393,0.087391707,-0.022010437,0.00820721,0.102951996,0.056296974,0.073511198,0.12016622,-0.073511198,-0.12016622,-0.102951996,-0.056296974,0.086339188,0.032626607,0.005411194
27.76058007,0.993232559,0.116142511,0,0,0.232810436,0,0,0.997114182,0.074117444,0.015970619,-0.003867855,0.148304275,0.032428093,-0.00534882,-0.097781435,-0.006221236,0.004253537,0.08831393,-0.016875596,0.00700817,0.101194903,0.057174053,0.073588476,0.117609322,-0.073588476,-0.117609322,-0.101194903,-0.057174053,0.084506161,0.032428093,0.00534882
27.80382991,0.993346279,0.115165833,0,0,0.230843883,0,0,0.997265518,0.072074868,0.015903873,-0.00371822,0.144211409,0.032262344,-0.005126257,-0.104054824,-0.004230441,0.007040055,0.086505066,-0.017558537,0.005958497,0.09818133,0.064430155,0.078446493,0.112197667,-0.078446493,-0.112197667,-0.09818133,-0.064430155,0.086632474,0.032262344,0.005126257
27.85856986,0.993793788,0.111238063,0,0,0.222937516,0,0,0.997413218,0.07003665,0.015797408,-0.003502485,0.140129993,0.032009155,-0.00477652,-0.100289293,-0.00794381,0.014645606,0.085807284,-0.01804538,0.0052402,0.098105073,0.06298802,0.074905016,0.110022068,-0.074905016,-0.110022068,-0.098105073,-0.06298802,0.082807523,0.032009155,0.00477652
27.90883994,0.994013009,0.109261788,0,0,0.218960724,0,0,0.997586608,0.067574419,0.015652567,-0.003163289,0.135202691,0.031662376,-0.004197997,-0.089065738,-0.007425249,0.015760215,0.083879186,-0.016975129,0.00302716,0.098612435,0.062521696,0.073002093,0.109092832,-0.073002093,-0.109092832,-0.098612435,-0.062521696,0.083758033,0.031662376,0.004197997
27.96027994,0.994229124,0.107277443,0,0,0.214968564,0,0,0.99783963,0.063815407,0.015417295,-0.002491442,0.127686455,0.031090961,-0.003005854,-0.086601079,-0.007194281,0.017666072,0.084273807,-0.017309066,0.002201612,0.097827129,0.06387689,0.069931209,0.103881449,-0.069931209,-0.103881449,-0.097827129,-0.06387689,0.087282109,0.031090961,0.003005854
28.00926996,0.994442071,0.105285168,0,0,0.210961317,0,0,0.997948349,0.062141199,0.015263053,-0.002181634,0.124339527,0.030739451,-0.002458551,-0.080193579,-0.008039177,0.015758723,0.08166771,-0.016848919,0.001785832,0.099381231,0.064763121,0.069166347,0.103784457,-0.069166347,-0.103784457,-0.099381231,-0.064763121,0.08662179,0.030739451,0.002458551
28.06248999,0.994755423,0.102282202,0,0,0.204922773,0,0,0.998100281,0.059686363,0.015169716,-0.001836413,0.119429363,0.030505741,-0.001855862,-0.095131993,0.007040055,0.005506724,0.079561736,-0.016476992,0.001681492,0.096730769,0.063032947,0.066604614,0.100302435,-0.066604614,-0.100302435,-0.096730769,-0.063032947,0.08549341,0.030505741,0.001855862
28.11265993,0.995161583,0.098251836,0,0,0.19682121,0,0,0.998208404,0.057785466,0.015420797,-0.001799302,0.11562122,0.030999244,-0.001810832,-0.088524826,0.013353676,-0.001333654,0.080486098,-0.020403776,0.002922009,0.094357207,0.061403245,0.064766228,0.097720191,-0.064766228,-0.097720191,-0.094357207,-0.061403245,0.08119999,0.030999244,0.001810832
28.16084004,0.995359544,0.096225662,0,0,0.192749565,0,0,0.998282611,0.056437153,0.015608768,-0.001805476,0.112919334,0.031372855,-0.00184383,-0.08764416,0.013772399,-0.000862777,0.076459831,-0.022400011,0.003997923,0.097967833,0.057160307,0.063004322,0.103811853,-0.063004322,-0.103811853,-0.097967833,-0.057160307,0.079830231,0.031372855,0.00184383
28.20766998,0.995554017,0.094192355,0,0,0.188664393,0,0,0.998376846,0.054677099,0.015833208,-0.001879334,0.109390494,0.031825898,-0.002022164,-0.081883371,0.00968203,-0.003631414,0.075084515,-0.021932117,0.004496513,0.094861887,0.050061893,0.05805774,0.102857739,-0.05805774,-0.102857739,-0.094861887,-0.050061893,0.079273899,0.031825898,0.002022164
28.25974989,0.995744946,0.092152063,0,0,0.18456598,0,0,0.998583734,0.050607897,0.016270723,-0.002212337,0.101227324,0.032725115,-0.002773041,-0.078211732,0.010653586,-0.007914007,0.073651744,-0.021848164,0.005327723,0.092520088,0.048655882,0.057648908,0.101513118,-0.057648908,-0.101513118,-0.092520088,-0.048655882,0.083338656,0.032725115,0.002773041
28.31004,0.995932277,0.090104933,0,0,0.180454613,0,0,0.99865371,0.049157638,0.016397176,-0.002372252,0.098316822,0.032989407,-0.003127729,-0.068894036,0.007166714,-0.008386374,0.072728476,-0.022707694,0.005605598,0.090172157,0.046475854,0.057131298,0.100827605,-0.057131298,-0.100827605,-0.090172157,-0.046475854,0.082137791,0.032989407,0.003127729
28.35863996,0.996115958,0.088051115,0,0,0.176330581,0,0,0.998719215,0.047776803,0.016480045,-0.002492967,0.095546771,0.033162149,-0.003406697,-0.082057707,0.000993163,0.000383705,0.069955668,-0.021930427,0.005865011,0.08983054,0.04441518,0.055626377,0.101041742,-0.055626377,-0.101041742,-0.08983054,-0.04441518,0.08078381,0.033162149,0.003406697
28.40644002,0.996384519,0.084958173,0,0,0.17012142,0,0,0.998829186,0.04545657,0.016373876,-0.002454282,0.090900681,0.032938488,-0.003416076,-0.090076029,-0.005845725,0.002541393,0.070930264,-0.020402371,0.00449023,0.086021058,0.042160228,0.053890251,0.097751081,-0.053890251,-0.097751081,-0.086021058,-0.042160228,0.079220739,0.032938488,0.003416076
28.46008993,0.996729342,0.080812242,0,0,0.16180092,0,0,0.998907566,0.043751076,0.016246323,-0.002390147,0.08748708,0.0326721,-0.00335528,-0.082054742,-0.004516542,0.005585701,0.068505792,-0.018486146,0.0039714,0.08684238,0.046037659,0.05501812,0.095822841,-0.05501812,-0.095822841,-0.08684238,-0.046037659,0.07431384,0.0326721,0.00335528
28.5074699,0.996895962,0.078730183,0,0,0.15762349,0,0,0.998976946,0.042203285,0.016090462,-0.002315619,0.084389901,0.032349086,-0.003270075,-0.076508522,-0.004042685,0.004822761,0.066009311,-0.018634601,0.003361939,0.083020516,0.046048243,0.053991042,0.090963311,-0.053991042,-0.090963311,-0.083020516,-0.046048243,0.073233589,0.032349086,0.003270075
28.56025005,0.997058656,0.076642267,0,0,0.153434998,0,0,0.999100685,0.039282579,0.015822608,-0.002174105,0.078546066,0.031792909,-0.003102765,-0.072133541,0.002297014,-0.000280142,0.063311898,-0.01648331,0.003798712,0.081281945,0.044012766,0.050736647,0.088005826,-0.050736647,-0.088005826,-0.081281945,-0.044012766,0.074888932,0.031792909,0.003102765
28.60910988,0.997217378,0.074548645,0,0,0.149235737,0,0,0.99917084,0.037435032,0.015869409,-0.002160143,0.074847266,0.031879623,-0.003130155,-0.065273054,-0.000970066,0.000294298,0.062813065,-0.0200078,0.003961311,0.075996473,0.043029871,0.050627295,0.083593898,-0.050627295,-0.083593898,-0.075996473,-0.043029871,0.074388471,0.031879623,0.003130155
28.65497995,0.997372084,0.072449471,0,0,0.145026002,0,0,0.999222219,0.036038596,0.015870072,-0.002118111,0.072052785,0.031873516,-0.003090631,-0.072978444,0.000620633,0.001176447,0.060638973,-0.019208056,0.003818831,0.07885953,0.038843952,0.046766575,0.08678215,-0.046766575,-0.08678215,-0.07885953,-0.038843952,0.072973217,0.031873516,0.003090631
28.70384002,0.997522729,0.070344899,0,0,0.140806089,0,0,0.999270558,0.03470394,0.015814673,-0.002027169,0.06938372,0.031752304,-0.002955211,-0.064645715,-0.002093613,0.007217378,0.06066,-0.019643252,0.003576256,0.076028176,0.037612084,0.045249745,0.083665833,-0.045249745,-0.083665833,-0.076028176,-0.037612084,0.071422369,0.031752304,0.002955211
28.75389004,0.997881297,0.065060873,0,0,0.130213721,0,0,0.999315202,0.033432677,0.015745321,-0.001878459,0.066843519,0.031599939,-0.002702882,-0.060877208,-0.00461638,0.008683652,0.054845842,-0.018882862,0.002352685,0.076726973,0.03744049,0.044593003,0.083879486,-0.044593003,-0.083879486,-0.076726973,-0.03744049,0.063370202,0.031599939,0.002702882
28.80198002,0.998017399,0.062938633,0,0,0.12596052,0,0,0.999380589,0.031425394,0.015759017,-0.001636455,0.062832968,0.031606622,-0.002281557,-0.063060232,0.000739843,0.00558272,0.054341643,-0.019598904,0.002107264,0.071375996,0.033610296,0.038315665,0.076081365,-0.038315665,-0.076081365,-0.071375996,-0.033610296,0.063127552,0.031606622,0.002281557
28.85727001,0.998149256,0.060811696,0,0,0.121698478,0,0,0.999426603,0.029926607,0.015779899,-0.001419864,0.059839698,0.031631956,-0.00189457,-0.050666932,0.001291186,0.00802502,0.050857767,-0.019803689,0.001446374,0.07183326,0.032635476,0.036850002,0.076047786,-0.036850002,-0.076047786,-0.07183326,-0.032635476,0.06185878,0.031631956,0.00189457
28.90648008,0.998276831,0.058680219,0,0,0.117427896,0,0,0.999481499,0.028021017,0.015825273,-0.001131154,0.056034627,0.031702833,-0.001374946,-0.025288766,-0.009784105,0.003930182,0.050525781,-0.020428015,0.000698152,0.069215059,0.029607706,0.032500453,0.072107807,-0.032500453,-0.072107807,-0.069215059,-0.029607706,0.061393269,0.031702833,0.001374946
28.95397997,0.998400088,0.056544361,0,0,0.113149072,0,0,0.999489963,0.027825804,0.015621305,-0.001314033,0.055638106,0.03130491,-0.001758237,-0.022323433,0.007938595,-0.006046891,0.043648652,-0.016936163,0.001683433,0.070255622,0.029399615,0.030795919,0.071651928,-0.030795919,-0.071651928,-0.070255622,-0.029399615,0.057510966,0.03130491,0.001758237
29.00866008,0.998633506,0.052260133,0,0,0.104567901,0,0,0.999499381,0.027419671,0.015716448,-0.001496975,0.054819472,0.031504462,-0.002131631,-0.015948713,0.006254763,-0.006425381,0.039070309,-0.021375604,0.003519282,0.056926612,0.014175428,0.021213992,0.063965172,-0.021213992,-0.063965172,-0.056926612,-0.014175428,0.049748429,0.031504462,0.002131631
29.05795002,0.99879698,0.04903664,0,0,0.098112627,0,0,0.999510348,0.026986841,0.015750613,-0.001688746,0.0539471,0.031582194,-0.002526982,-0.025060775,0.004125386,-0.009956957,0.036127689,-0.021040976,0.003783061,0.056926612,0.014175428,0.021213992,0.063965172,-0.021213992,-0.063965172,-0.056926612,-0.014175428,0.044165527,0.031582194,0.002526982
29.10557986,0.998950405,0.045804898,0,0,0.09164186,0,0,0.999523938,0.026475385,0.015730349,-0.001895907,0.052916928,0.031551343,-0.002958551,-0.023517014,-0.00192672,-0.009658935,0.03484452,-0.01876741,0.004765955,0.053385586,0.011303656,0.018869778,0.060951706,-0.018869778,-0.060951706,-0.053385586,-0.011303656,0.038724932,0.031551343,0.002958551
29.15598989,0.998999296,0.04472591,0,0,0.089481671,0,0,0.999544382,0.025728801,0.01562131,-0.002231697,0.051412331,0.031348359,-0.003659332,-0.027140975,-0.004459918,-0.011748076,0.032640496,-0.018060511,0.005473376,0.048845958,0.011311158,0.020843068,0.058377866,-0.020843068,-0.058377866,-0.048845958,-0.011311158,0.03806934,0.031348359,0.003659332
29.20459986,0.999093681,0.042565446,0,0,0.085156621,0,0,0.999581993,0.024369519,0.015306045,-0.002782236,0.048675699,0.030739737,-0.004818439,-0.031831864,-0.007818639,-0.008329749,0.032976162,-0.016150816,0.006347164,0.045227613,0.009106612,0.020053364,0.056174364,-0.020053364,-0.056174364,-0.045227613,-0.009106612,0.036480922,0.030739737,0.004818439
29.25560999,0.999226716,0.039318829,0,0,0.078657935,0,0,0.999600649,0.023701528,0.015093857,-0.002993664,0.047333176,0.030322214,-0.00527189,-0.028443338,-0.006388128,-0.009202957,0.028915991,-0.016774667,0.005469006,0.042779796,0.010478184,0.023172513,0.055474125,-0.023172513,-0.055474125,-0.042779796,-0.010478184,0.031324759,0.030322214,0.00527189
29.31207991,0.999349425,0.036065591,0,0,0.072146828,0,0,0.999625027,0.022830585,0.014778348,-0.00320484,0.045585197,0.029696311,-0.005735038,-0.032883883,-0.01204461,-0.006580353,0.026604267,-0.016889854,0.005837197,0.040221635,0.006672322,0.017610334,0.05115965,-0.017610334,-0.05115965,-0.040221635,-0.006672322,0.026561631,0.029696311,0.005735038
29.36072994,0.999425455,0.033893356,0,0,0.067799697,0,0,0.999645412,0.022116279,0.014456095,-0.003336989,0.044153359,0.029053624,-0.006034763,-0.036309659,-0.015898051,-0.006760656,0.025722921,-0.01500059,0.005604993,0.037656907,0.00387722,0.015551615,0.049331304,-0.015551615,-0.049331304,-0.037656907,-0.00387722,0.023646338,0.029053624,0.006034763
29.41351986,0.999530782,0.030630295,0,0,0.061270174,0,0,0.999666274,0.021355499,0.014124182,-0.003436463,0.042629752,0.028389524,-0.006269941,-0.039723516,-0.019650163,-0.000341237,0.024579619,-0.013583951,0.005752266,0.035118502,0.00511734,0.016327327,0.046328489,-0.016327327,-0.046328489,-0.035118502,-0.00511734,0.018640422,0.028389524,0.006269941
29.46456003,0.999654842,0.026271613,0,0,0.052549271,0,0,0.999722064,0.019217534,0.013188987,-0.003558357,0.038353394,0.02651051,-0.006610186,-0.044377152,-0.020396709,0.001027435,0.023057717,-0.012381717,0.005080242,0.032411292,0.005243404,0.016747937,0.043915823,-0.016747937,-0.043915823,-0.032411292,-0.005243404,0.014195877,0.02651051,0.006610186
29.50567007,0.999654842,0.026271613,0,0,0.052549271,0,0,0.999745846,0.018238699,0.012776348,-0.003546476,0.03639753,0.025678384,-0.006627334,-0.04949123,-0.023676455,0.001528114,0.021198697,-0.010843968,0.004567429,0.030359179,0.00559576,0.015756246,0.040519666,-0.015756246,-0.040519666,-0.030359179,-0.00559576,0.016151741,0.025678384,0.006627334
29.5634799,0.999760055,0.021905056,0,0,0.043813617,0,0,0.999769807,0.017192341,0.012343837,-0.003510788,0.034307378,0.024805254,-0.006597599,-0.053009395,-0.026601553,0.002858788,0.01941876,-0.009477655,0.004410328,0.027475225,0.005787301,0.01492216,0.036610086,-0.01492216,-0.036610086,-0.027475225,-0.005787301,0.009506239,0.024805254,0.006597599
29.61154008,0.999805557,0.019719233,0,0,0.039441023,0,0,0.99978745,0.016404865,0.011999917,-0.003477734,0.032734646,0.024111169,-0.00656223,-0.057782236,-0.019451978,0.005244464,0.018469808,-0.0081764,0.004100591,0.024486078,0.005530777,0.014351433,0.033306733,-0.014351433,-0.033306733,-0.024486078,-0.005530777,0.006706377,0.024111169,0.00656223
29.66297007,0.999846304,0.017531933,0,0,0.035065662,0,0,0.999823213,0.014678512,0.011275009,-0.003328889,0.029288459,0.022645691,-0.006327265,-0.057080399,-0.023174286,0.007165224,0.017588314,-0.009656503,0.003617378,0.022545608,0.006192819,0.014394,0.03074679,-0.014394,-0.03074679,-0.022545608,-0.006192819,0.005777203,0.022645691,0.006327265
29.72531987,0.999898484,0.014248569,0,0,0.028498102,0,0,0.999856472,0.013514143,0.009794001,-0.002935755,0.026975385,0.019665803,-0.005607064,-0.028285384,-0.036837164,0.010343642,0.011180492,-0.002305974,0.002366075,0.02362743,0.004314434,0.011549192,0.030862186,-0.011549192,-0.030862186,-0.02362743,-0.004314434,0.001522717,0.019665803,0.005607064
29.8336699,0.999970545,0.007675184,0,0,0.015350518,0,0,0.999890268,0.012179812,0.008066431,-0.002504274,0.024322131,0.016192798,-0.004812151,-0.030483311,-0.042901933,0.008138272,0.006791131,-0.002342863,0.001978821,0.007155171,0.002469447,0.006427088,0.011112813,-0.006427088,-0.011112813,-0.007155171,-0.002469447,0.008971613,0.016192798,0.004812151
29.87492991,0.99998497,0.005482685,0,0,0.010965426,0,0,0.999903679,0.011573033,0.007299568,-0.002327917,0.023114391,0.014652135,-0.004486927,-0.024265051,-0.033754114,0.013229996,0.0036438,0.001390579,0.001764461,0.007155171,0.002469447,0.006427088,0.011112813,-0.006427088,-0.011112813,-0.007155171,-0.002469447,0.012148965,0.014652135,0.004486927
29.94829989,0.999999399,0.001096619,0,0,0.002193239,0,0,0.999925852,0.010503897,0.005897321,-0.001793973,0.020988085,0.01183173,-0.00346404,-0.024273992,-0.034622852,0.015542656,-0.000380241,0.000597382,0.000179157,-0.001156779,3.80E-05,0.000396297,-0.000798465,-0.000396297,0.000798465,0.001156779,-3.80E-05,0.018794846,0.01183173,0.00346404
29.9792099,0.999999399,0.001096619,0,0,0.002193239,0,0,0.999934971,0.010026621,0.005238371,-0.001484869,0.020038825,0.01050603,-0.002864661,-0.020501018,-0.032705072,0.016918033,-0.000722169,0.001873386,-0.000407982,-0.001156779,3.80E-05,0.000396297,-0.000798465,-0.000396297,0.000798465,0.001156779,-3.80E-05,0.017845586,0.01050603,0.002864661
30.03379989,0.999994589,-0.003289776,0,0,-0.006579563,0,0,0.999944866,0.009452865,0.004468324,-0.001080153,0.018896912,0.008956694,-0.002075793,-0.023688382,-0.028340524,0.016040355,-0.005355007,0.002175875,-0.001047295,-0.002187572,0.001559199,0.000743234,-0.003003537,-0.000743234,0.003003537,0.002187572,-0.001559199,0.025476475,0.008956694,0.002075793
30.09490991,0.999978358,-0.006578996,0,0,-0.013158087,0,0,0.999952197,0.008937512,0.003907116,-0.000773342,0.017869622,0.00782776,-0.001476817,-0.024534764,-0.027327241,0.016591698,-0.004496841,0.001974099,-0.001397772,-0.005073166,-0.00112497,-0.003920513,-0.007868709,0.003920513,0.007868709,0.005073166,0.00112497,0.031027709,0.00782776,0.001476817
30.14326001,0.999951319,-0.009867107,0,0,-0.019734533,0,0,0.999955952,0.00867723,0.003584302,-0.000447101,0.017351804,0.007176106,-0.000831979,0.021519514,0.013855846,0.026161224,-0.010463597,0.002398666,-0.001895257,-0.005073166,-0.00112497,-0.003920513,-0.007868709,0.003920513,0.007868709,0.005073166,0.00112497,0.037086337,0.007176106,0.000831979
30.17848993,0.999939907,-0.010962801,0,0,-0.021926041,0,0,0.999950111,0.009211377,0.003862257,-6.20E-05,0.018422949,0.007725347,-5.28E-05,0.022933632,0.018208474,0.017973037,-0.019367355,-0.009271967,-0.002534581,-0.010967002,-0.006169674,-0.009960188,-0.014757516,0.009960188,0.014757516,0.010967002,0.006169674,0.04034899,0.007725347,0.0000528
30.21985007,0.999913488,-0.013153552,0,0,-0.026307863,0,0,0.999941885,0.009865128,0.004322655,0.000478965,0.019735266,0.008635465,0.0010432,0.021349644,0.014781209,0.017144531,-0.02179642,-0.009612058,-0.003023332,-0.007560808,-0.026104731,-0.031173894,-0.012629971,0.031173894,0.012629971,0.007560808,0.026104731,0.046043129,0.008635465,0.0010432
30.25674987,0.999882284,-0.015343318,0,0,-0.030687839,0,0,0.999936998,0.010200638,0.004635497,0.000824064,0.020409918,0.009253727,0.00174267,0.020151585,0.014748425,0.018282982,-0.024024581,-0.00926585,-0.003568032,-0.009161031,-0.028385136,-0.0344318,-0.015207695,0.0344318,0.015207695,0.009161031,0.028385136,0.051097757,0.009253727,0.00174267
30.29254008,0.999846304,-0.017531933,0,0,-0.035065662,0,0,0.99993217,0.010480048,0.00494996,0.001164126,0.020972759,0.009875008,0.002431967,0.016213208,0.018627195,0.015541165,-0.026138593,-0.009636684,-0.004203984,-0.012297925,-0.03157128,-0.039979249,-0.020705894,0.039979249,0.020705894,0.012297925,0.03157128,0.056038421,0.009875008,0.002431967
30.32852006,0.999805557,-0.019719233,0,0,-0.039441023,0,0,0.999928594,0.010644308,0.005250159,0.001486739,0.021305481,0.010468105,0.003085207,0.000228733,0.021605939,0.014341623,-0.027760119,-0.011045062,-0.004183972,-0.012531086,-0.034621198,-0.042989139,-0.020899029,0.042989139,0.020899029,0.012531086,0.034621198,0.060746504,0.010468105,0.003085207
30.3575399,0.999805557,-0.019719233,0,0,-0.039441023,0,0,0.999928594,0.010644308,0.005250159,0.001486739,0.021305481,0.010468105,0.003085207,0.000228733,0.021605939,0.014341623,-0.025162715,-0.012202244,-0.004385217,-0.012531086,-0.034621198,-0.042989139,-0.020899029,0.042989139,0.020899029,0.012531086,0.034621198,0.060746504,0.010468105,0.003085207
30.41025997,0.999709812,-0.024089237,0,0,-0.048183134,0,0,0.999924242,0.010595296,0.005939214,0.00205066,0.021216417,0.011834348,0.004227173,-0.008943677,0.017904492,0.012863429,-0.028385448,-0.011520198,-0.004502314,-0.008575255,-0.032979727,-0.041750163,-0.017345689,0.041750163,0.017345689,0.008575255,0.032979727,0.069399551,0.011834348,0.004227173
30.4525199,0.999625588,-0.027362072,0,0,-0.054730975,0,0,0.999925196,0.010294748,0.006218047,0.002277493,0.020619318,0.012388586,0.004683048,-0.015741587,0.012185427,0.015170129,-0.030398256,-0.012045707,-0.004891939,-0.012362937,-0.035403319,-0.044407945,-0.021367565,0.044407945,0.021367565,0.012362937,0.035403319,0.075350293,0.012388586,0.004683048
30.50628996,0.999563557,-0.029541434,0,0,-0.059091465,0,0,0.999928594,0.009684733,0.006518569,0.002589312,0.019404691,0.012986416,0.005304987,-0.032591823,0.009553881,0.013793263,-0.031835067,-0.010857912,-0.005590812,-0.013460611,-0.03755201,-0.047335889,-0.023244489,0.047335889,0.023244489,0.013460611,0.03755201,0.078496156,0.012986416,0.005304987
30.55384994,0.999496839,-0.031718583,0,0,-0.063447807,0,0,0.999931812,0.009504423,0.006142764,0.00286638,0.019045343,0.012230509,0.005849607,-0.000701845,-0.024214391,0.011325628,-0.030777798,-0.010514773,-0.005771627,-0.015386343,-0.037102155,-0.048283778,-0.026567968,0.048283778,0.026567968,0.015386343,0.037102155,0.08249315,0.012230509,0.005849607
30.60312987,0.999425455,-0.033893356,0,0,-0.067799696,0,0,0.99993515,0.009423582,0.005628159,0.003069223,0.018882792,0.011197974,0.006244554,-0.004324317,-0.027810041,0.013531002,-0.038154845,-0.001085361,-0.005677084,-0.014491396,-0.03552093,-0.047064185,-0.026034651,0.047064185,0.026034651,0.014491396,0.03552093,0.086682488,0.011197974,0.006244554
30.65514994,0.999349425,-0.03606559,0,0,-0.072146827,0,0,0.999939442,0.009175104,0.005126858,0.003281052,0.018384728,0.010193063,0.00665618,-0.015442075,-0.021721423,0.011544676,-0.037607538,-0.000461537,-0.006205928,-0.031392392,-0.033563111,-0.044917282,-0.042746563,0.044917282,0.042746563,0.031392392,0.033563111,0.090531555,0.010193063,0.00665618
30.70456004,0.999226716,-0.039318829,0,0,-0.078657934,0,0,0.999945104,0.008735869,0.004637825,0.003486644,0.017504754,0.009214352,0.007054294,-0.027666986,-0.022993982,0.016499313,-0.038473027,0.000509295,-0.007297826,-0.030940065,-0.031863138,-0.044274993,-0.043351922,0.044274993,0.043351922,0.030940065,0.031863138,0.096162688,0.009214352,0.007054294
30.75633002,0.999047056,-0.043646086,0,0,-0.087319911,0,0,0.999959946,0.007226752,0.003646894,0.003852685,0.014481908,0.007237873,0.007758051,-0.037045777,-0.016814472,0.00608936,-0.041003977,0.002323281,-0.006110114,-0.031684484,-0.030665897,-0.045261551,-0.046280138,0.045261551,0.046280138,0.031684484,0.030665897,0.101801819,0.007237873,0.007758051
30.8053,0.998950405,-0.045804897,0,0,-0.091641859,0,0,0.999960899,0.006999449,0.003649187,0.003975314,0.014028194,0.007242503,0.008001698,0.013355166,0.011863559,0.002517551,-0.042376535,0.000136723,-0.005971,-0.037217133,-0.032570574,-0.044790804,-0.049437363,0.044790804,0.049437363,0.037217133,0.032570574,0.105670053,0.007242503,0.008001698
30.8527999,0.998849244,-0.047960282,0,0,-0.095957375,0,0,0.999958694,0.00718537,0.003908461,0.003989721,0.014402263,0.007759341,0.008035606,0.006773323,0.013949723,0.00301078,-0.052834477,-0.00746318,-0.00552939,-0.036542248,-0.036268804,-0.048210803,-0.048484247,0.048210803,0.048484247,0.036542248,0.036268804,0.110359638,0.007759341,0.008035606
30.90559006,0.9987436,-0.050112081,0,0,-0.100266157,0,0,0.999957919,0.007077346,0.004282351,0.003994843,0.014189297,0.008507896,0.008050343,-0.010478495,0.015757231,0.001514703,-0.053928318,-0.008325079,-0.005654368,-0.039841898,-0.054768249,-0.065827034,-0.050900679,0.065827034,0.050900679,0.039841898,0.054768249,0.114455454,0.008507896,0.008050343
30.95536995,0.998576799,-0.053332705,0,0,-0.10671604,0,0,0.999958873,0.006782865,0.00451987,0.003979598,0.013602114,0.008985503,0.008020593,-0.018614532,0.011517853,0.001259893,-0.052571712,-0.00842073,-0.005396291,-0.039948866,-0.056599014,-0.067907751,-0.051257599,0.067907751,0.051257599,0.039948866,0.056599014,0.120318154,0.008985503,0.008020593
31.00885988,0.998339002,-0.057612828,0,0,-0.115289495,0,0,0.99996388,0.005715432,0.005009927,0.003816736,0.011469516,0.009976028,0.007690922,-0.027190151,0.007354467,-0.007882715,-0.054377933,-0.008645178,-0.004304525,-0.038754683,-0.055596136,-0.066388719,-0.049547266,0.066388719,0.049547266,0.038754683,0.055596136,0.126759011,0.009976028,0.007690922
31.05093003,0.998213581,-0.059746515,0,0,-0.119564236,0,0,0.999966919,0.005570796,0.004701329,0.003614621,0.011175932,0.009362211,0.007281767,-0.004072487,-0.018429752,-0.011335312,-0.056790713,-0.007913409,-0.003707401,-0.045169894,-0.060996704,-0.068411507,-0.052584697,0.068411507,0.052584697,0.045169894,0.060996704,0.130740168,0.009362211,0.007281767
31.10672999,0.998083861,-0.061875741,0,0,-0.123830585,0,0,0.999970853,0.005200505,0.004406173,0.003434532,0.010431565,0.00877648,0.006915014,-0.02382696,-0.014844539,-0.005650521,-0.062673251,-0.000711293,-0.00284641,-0.045169894,-0.060996704,-0.068411507,-0.052584697,0.068411507,0.052584697,0.045169894,0.060996704,0.13426215,0.00877648,0.006915014
31.15262008,0.997949876,-0.06400035,0,0,-0.128088243,0,0,0.999975622,0.00462121,0.004134858,0.003230696,0.009269358,0.008239748,0.006499716,-0.031401217,-0.01538098,-0.011827053,-0.061217968,-0.001289598,-0.003581852,-0.056346506,-0.058925699,-0.066089407,-0.063510209,0.066089407,0.063510209,0.056346506,0.058925699,0.137357601,0.008239748,0.006499716
31.20344997,0.997811666,-0.066120183,0,0,-0.132336912,0,0,0.999979377,0.00397989,0.004013408,0.003037728,0.00798434,0.008002557,0.006107511,-0.007943808,0.013900549,-0.007422268,-0.061692788,-0.000824517,-0.002275159,-0.058593098,-0.060242131,-0.064792447,-0.063143417,0.064792447,0.063143417,0.058593098,0.060242131,0.140321252,0.008002557,0.006107511
31.26330996,0.99766927,-0.068235085,0,0,-0.136576293,0,0,0.999979913,0.00372382,0.004354678,0.002742492,0.007471725,0.008688864,0.005517541,-0.018647315,0.01096651,-0.0114277,-0.067350554,-0.008435799,-0.002793707,-0.056121036,-0.07299263,-0.078580037,-0.06170845,0.078580037,0.06170845,0.056121036,0.07299263,0.144048018,0.008688864,0.005517541
31.30561996,0.997447917,-0.07139785,0,0,-0.142917299,0,0,0.999981105,0.003293974,0.004563587,0.002490261,0.006610874,0.009110722,0.005010721,-0.011762977,0.002691895,-0.009037554,-0.069414508,-0.006179538,-0.001894485,-0.061340474,-0.073699541,-0.077488512,-0.065129444,0.077488512,0.065129444,0.061340474,0.073699541,0.149528173,0.009110722,0.005010721
31.36247993,0.997138516,-0.075596159,0,0,-0.151336695,0,0,0.999985278,0.002351782,0.004488696,0.001966801,0.004721359,0.008968128,0.003954825,-0.031797588,-0.005134941,-0.015625358,-0.071393539,-0.005398637,-0.000908409,-0.061340474,-0.073699541,-0.077488512,-0.065129444,0.077488512,0.065129444,0.061340474,0.073699541,0.156058054,0.008968128,0.003954825
31.41057992,0.996977802,-0.077686948,0,0,-0.155530608,0,0,0.999988377,0.001569876,0.004267833,0.001662749,0.003154027,0.008530447,0.003338985,-0.035867099,-0.011651218,-0.010669231,-0.07166937,-0.00404662,-0.000156378,-0.065086484,-0.075883746,-0.077700563,-0.066903301,0.077700563,0.066903301,0.065086484,0.075883746,0.158684635,0.008530447,0.003338985
31.4600699,0.99681314,-0.079771954,0,0,-0.159713606,0,0,0.999990284,0.000915759,0.004104989,0.00141992,0.001843221,0.008207388,0.002847429,-0.014086067,-0.001822412,-0.013045967,-0.072587337,-0.002061509,-0.000608064,-0.067466356,-0.075559594,-0.075872347,-0.067779116,0.075872347,0.067779116,0.067466356,0.075559594,0.161556827,0.008207388,0.002847429
31.50966001,0.996644575,-0.081851026,0,0,-0.163885394,0,0,0.999990642,0.00052161,0.004160658,0.001093685,0.001052347,0.008320193,0.002191767,-0.033403937,0.004007667,-0.013329091,-0.077922589,-0.004485924,9.70E-05,-0.069917746,-0.074040763,-0.075256892,-0.071133874,0.075256892,0.071133874,0.069917746,0.074040763,0.164937741,0.008320193,0.002191767
31.56186986,0.996472157,-0.083924011,0,0,-0.168045681,0,0,0.999991,-0.000249765,0.004191156,0.00075822,-0.000493188,0.008382712,0.001514386,-0.04080832,-0.000159442,-0.014673172,-0.076483938,-0.006124291,0.000526527,-0.073533677,-0.082505517,-0.082311466,-0.073339626,0.082311466,0.073339626,0.073533677,0.082505517,0.167552493,0.008382712,0.001514386
31.61426997,0.996115958,-0.088051115,0,0,-0.176330581,0,0,0.999990404,-0.001745033,0.004037102,-6.77E-05,-0.0034907,0.008073977,-0.000149507,-0.026963651,-0.000728667,-0.022716822,-0.080395437,-0.004683752,0.001750367,-0.070886157,-0.083134733,-0.082081683,-0.069833107,0.082081683,0.069833107,0.070886157,0.083134733,0.172839881,0.008073977,0.000149507
31.66322995,0.995839065,-0.091129343,0,0,-0.182511897,0,0,0.999988556,-0.002469562,0.004083974,-0.00053301,-0.004943605,0.008165311,-0.001086215,-0.042228401,0.006911904,-0.021047892,-0.08336594,-0.004838491,0.003529975,-0.082057409,-0.091734387,-0.084674433,-0.074997462,0.084674433,0.074997462,0.082057409,0.091734387,0.177568292,0.008165311,0.001086215
31.70859003,0.995649928,-0.093173073,0,0,-0.186616823,0,0,0.999985576,-0.003232395,0.004178975,-0.00108551,-0.006474039,0.008350906,-0.002198084,-0.033453107,0.003818423,-0.031550232,-0.082398894,-0.006964384,0.003799671,-0.079234168,-0.093162924,-0.085563585,-0.071634829,0.085563585,0.071634829,0.079234168,0.093162924,0.180142784,0.008350906,0.002198084
31.75813008,0.99545722,-0.095209891,0,0,-0.190708652,0,0,0.999982238,-0.003951162,0.004174147,-0.001633117,-0.007916173,0.008335335,-0.003299282,-0.03215671,-0.005784632,-0.022216145,-0.085450987,-0.00633897,0.006241088,-0.085353091,-0.098031022,-0.085548848,-0.07287091,0.085548848,0.07287091,0.085353091,0.098031022,0.182792479,0.008335335,0.003299282
31.80678988,0.995260996,-0.09723965,0,0,-0.194787096,0,0,0.999977231,-0.004918356,0.004100704,-0.00219468,-0.009854974,0.008179721,-0.004429759,-0.029093027,-0.002498925,-0.022254881,-0.0872591,-0.003835663,0.005333166,-0.085353091,-0.098031022,-0.085548848,-0.07287091,0.085548848,0.07287091,0.085353091,0.098031022,0.184932122,0.008179721,0.004429759
31.85657001,0.995061312,-0.099262203,0,0,-0.198851869,0,0,0.999971449,-0.005753053,0.004125235,-0.002696464,-0.011528667,0.008219299,-0.005440449,-0.046811998,0.002004951,-0.02823621,-0.089221384,-0.004679608,0.006027713,-0.088756584,-0.09642791,-0.085761577,-0.078090258,0.085761577,0.078090258,0.088756584,0.09642791,0.187323202,0.008219299,0.005440449
31.90352989,0.994858225,-0.101277404,0,0,-0.202902686,0,0,0.999964595,-0.006574812,0.004154233,-0.003221323,-0.013176753,0.008265907,-0.006497313,-0.044572346,-0.003141165,-0.025229156,-0.087676603,-0.00470216,0.007776302,-0.090569474,-0.099928685,-0.087873258,-0.078514047,0.087873258,0.078514047,0.090569474,0.099928685,0.189725933,0.008265907,0.006497313
31.97605992,0.994229124,-0.107277443,0,0,-0.214968563,0,0,0.999945581,-0.008539965,0.004127447,-0.00436091,-0.017116406,0.00818005,-0.008792247,-0.053672493,0.004977733,-0.020851197,-0.093431369,-0.005519116,0.008366687,-0.090750732,-0.100155041,-0.084602438,-0.075198121,0.084602438,0.075198121,0.090750732,0.100155041,0.197852157,0.00818005,0.008792247
32.01768995,0.994121458,-0.108270615,0,0,-0.216966547,0,0,0.99993521,-0.00946331,0.004142982,-0.004812995,-0.018967043,0.008194423,-0.009704255,-0.048278276,0.004852563,-0.018368661,-0.091923655,-0.006973229,0.008398191,-0.096278921,-0.10731715,-0.090583771,-0.07954555,0.090583771,0.07954555,0.096278921,0.10731715,0.197999504,0.008194423,0.009704255
32.0629499,0.993903783,-0.110250943,0,0,-0.220951058,0,0,0.99992311,-0.010437733,0.004143876,-0.005256178,-0.020919648,0.008177481,-0.010598606,-0.049836934,0.004225225,-0.022386016,-0.094264764,-0.007018606,0.008523166,-0.0933486,-0.107295051,-0.090498671,-0.07655222,0.090498671,0.07655222,0.0933486,0.107295051,0.20003141,0.008177481,0.010598606
32.11062002,0.993683033,-0.112223129,0,0,-0.224920062,0,0,0.99990958,-0.011486357,0.00414875,-0.005643699,-0.023020263,0.008167187,-0.011382309,-0.048519671,-0.003087521,-0.018110873,-0.095402571,-0.006927305,0.00973661,-0.095769309,-0.109806508,-0.092760175,-0.078722976,0.092760175,0.078722976,0.095769309,0.109806508,0.201899799,0.008167187,0.011382309
32.15401006,0.99345927,-0.114187031,0,0,-0.22887328,0,0,0.999891341,-0.012789548,0.004138805,-0.006062774,-0.02563015,0.008121718,-0.012230803,-0.057001412,0.000996143,-0.013680756,-0.09697492,-0.005050309,0.009483699,-0.098211862,-0.112066463,-0.092593238,-0.078738637,0.092593238,0.078738637,0.098211862,0.112066463,0.20324313,0.008121718,0.012230803
32.21750999,0.993002964,-0.118089427,0,0,-0.236731251,0,0,0.999857724,-0.015008118,0.0041163,-0.006511387,-0.030071072,0.008036067,-0.01314528,-0.053489212,-0.00154376,-0.005926192,-0.099408356,-0.00550115,0.00901047,-0.101408295,-0.111508906,-0.092541508,-0.082440898,0.092541508,0.082440898,0.101408295,0.111508906,0.206660179,0.008036067,0.01314528
32.26461006,0.992653306,-0.120993444,0,0,-0.242581237,0,0,0.999838531,-0.016165588,0.004129766,-0.006693367,-0.03238794,0.008041878,-0.013518939,-0.059404973,0.001590699,-0.007987023,-0.100883608,-0.005555644,0.008454433,-0.102917656,-0.113919951,-0.095899008,-0.084896713,0.095899008,0.084896713,0.102917656,0.113919951,0.210193297,0.008041878,0.013518939
32.31998992,0.992297528,-0.123877421,0,0,-0.248392916,0,0,0.999806762,-0.01795665,0.00409727,-0.006879789,-0.035971625,0.007945963,-0.013904951,-0.06090552,-0.000573695,-0.005970895,-0.102089683,-0.006452619,0.009004904,-0.103782378,-0.11489366,-0.097984791,-0.086873509,0.097984791,0.086873509,0.103782378,0.11489366,0.212421291,0.007945963,0.013904951
32.35758996,0.992177615,-0.124834213,0,0,-0.250321471,0,0,0.999782979,-0.019196186,0.004105949,-0.006980713,-0.038452049,0.007942193,-0.014116946,-0.064146519,0.002264232,-0.001941622,-0.101784552,-0.005870483,0.008892823,-0.104641952,-0.117547184,-0.099537373,-0.08663214,0.099537373,0.08663214,0.104641952,0.117547184,0.211869422,0.007942193,0.014116946
32.40858007,0.991935857,-0.126740897,0,0,-0.254165371,0,0,0.99975723,-0.020477243,0.004089742,-0.007043632,-0.041014923,0.007889111,-0.01425226,-0.062362853,-0.002616644,0.000517815,-0.102430296,-0.006653659,0.008321213,-0.104097828,-0.117405139,-0.100762717,-0.087455407,0.100762717,0.087455407,0.104097828,0.117405139,0.213150448,0.007889111,0.01425226
32.45238996,0.991691583,-0.128638268,0,0,-0.257991433,0,0,0.99972856,-0.021810368,0.004076564,-0.007107257,-0.043682073,0.007840971,-0.014389417,-0.064510107,-0.000374019,-0.006616116,-0.103892482,-0.00536053,0.007977607,-0.104097828,-0.117405139,-0.100762717,-0.087455407,0.100762717,0.087455407,0.104097828,0.117405139,0.21430936,0.007840971,0.014389417
32.50083995,0.991195762,-0.132404537,0,0,-0.265588969,0,0,0.999689758,-0.023487709,0.00409406,-0.007217224,-0.047038727,0.007846627,-0.01462326,-0.06984324,-0.002135337,-0.002858043,-0.102824566,-0.005544052,0.008747125,-0.106509537,-0.117230594,-0.101275377,-0.090554327,0.101275377,0.090554327,0.106509537,0.117230594,0.218550242,0.007846627,0.01462326
32.55140996,0.990817809,-0.135203806,0,0,-0.271238308,0,0,0.999655426,-0.024890264,0.004068486,-0.007280296,-0.049844755,0.00777183,-0.014759087,-0.077961393,0.002405792,0.001537055,-0.102532883,-0.006731974,0.008070136,-0.106027618,-0.117115714,-0.099621467,-0.088533372,0.099621467,0.088533372,0.106027618,0.117115714,0.221393553,0.00777183,0.014759087
32.60615993,0.990434906,-0.137980784,0,0,-0.276844815,0,0,0.999575496,-0.027854376,0.004100528,-0.007512898,-0.055777304,0.007779116,-0.015248901,-0.077155225,0.001242012,-0.008137522,-0.10679148,-0.007000577,0.009651221,-0.109442107,-0.123443253,-0.104140811,-0.090139665,0.104140811,0.090139665,0.109442107,0.123443253,0.221067511,0.007779116,0.015248901
32.65418005,0.990306214,-0.138901415,0,0,-0.278703979,0,0,0.999519289,-0.029753819,0.004083456,-0.007707999,-0.05957898,0.007704375,-0.015652685,-0.078624494,-0.000227988,-0.007463992,-0.10745438,-0.006570842,0.009947624,-0.109442107,-0.123443253,-0.104140811,-0.090139665,0.104140811,0.090139665,0.109442107,0.123443253,0.219124999,0.007704375,0.015652685
32.70650006,0.990047296,-0.140735038,0,0,-0.282407605,0,0,0.999470353,-0.031312622,0.004065823,-0.007878898,-0.062699036,0.007633995,-0.016005221,-0.080065444,-0.003032387,-0.009815395,-0.107967246,-0.006207116,0.010064768,-0.110831141,-0.123972818,-0.10407757,-0.090935893,0.10407757,0.090935893,0.110831141,0.123972818,0.219708569,0.007633995,0.016005221
32.7525599,0.989786397,-0.142558369,0,0,-0.286091411,0,0,0.999418795,-0.03288424,0.004053703,-0.008021797,-0.065844742,0.007575184,-0.016302064,-0.077590369,-0.005051494,-0.005489589,-0.108666629,-0.005492677,0.010664111,-0.111824878,-0.124239102,-0.104109563,-0.091695338,0.104109563,0.091695338,0.111824878,0.124239102,0.220246669,0.007575184,0.016302064
32.80518008,0.989258947,-0.146173652,0,0,-0.293398528,0,0,0.999363661,-0.034486316,0.004059674,-0.008164666,-0.069051851,0.007551114,-0.016600179,-0.073596843,0.003276021,-0.006537141,-0.111796254,-0.004988256,0.010090104,-0.113838039,-0.124823391,-0.103495166,-0.092509821,0.103495166,0.092509821,0.113838039,0.124823391,0.224346677,0.007551114,0.016600179
32.85291004,0.988858708,-0.148857167,0,0,-0.298824925,0,0,0.999289691,-0.036537431,0.00404578,-0.008299327,-0.073157386,0.00747941,-0.016883782,-0.077046454,-0.0034675,-0.007614494,-0.1125184,-0.00547495,0.010771681,-0.117815107,-0.128765002,-0.107221641,-0.096271746,0.107221641,0.096271746,0.117815107,0.128765002,0.225667539,0.00747941,0.016883782
32.9167099,0.988454765,-0.151516264,0,0,-0.304204134,0,0,0.999162972,-0.039800949,0.004005463,-0.008572168,-0.079690371,0.007321924,-0.017450176,-0.080050536,-0.002355874,-0.00627637,-0.113833589,-0.006358863,0.010772153,-0.117815107,-0.128765002,-0.107221641,-0.096271746,0.107221641,0.096271746,0.117815107,0.128765002,0.224513763,0.007321924,0.017450176
32.96174002,0.988319338,-0.152397133,0,0,-0.305986571,0,0,0.999094963,-0.041433278,0.004021652,-0.008746499,-0.082959239,0.007311296,-0.017811842,-0.076201558,0.00377968,-0.011649729,-0.113713964,-0.005798766,0.010862193,-0.118246861,-0.130964577,-0.10942027,-0.096702553,0.10942027,0.096702553,0.118246861,0.130964577,0.223027332,0.007311296,0.017811842
33.00688005,0.988047374,-0.154150534,0,0,-0.309535306,0,0,0.999022782,-0.043100711,0.004037488,-0.008935611,-0.086298683,0.007296885,-0.018203278,-0.075362623,0.001100451,-0.009146334,-0.115196184,-0.0075002,0.011965903,-0.118777372,-0.130374894,-0.108650506,-0.097052984,0.108650506,0.097052984,0.118777372,0.130374894,0.223236623,0.007296885,0.018203278
33.05505991,0.987636794,-0.15675957,0,0,-0.314817598,0,0,0.99890542,-0.045676045,0.00402796,-0.009245549,-0.091456385,0.007202564,-0.018840424,-0.085130326,0.001543015,-0.008210538,-0.116143313,-0.006856417,0.011761825,-0.119661868,-0.134662256,-0.110730454,-0.095730059,0.110730454,0.095730059,0.119661868,0.134662256,0.223361213,0.007202564,0.018840424
33.11244989,0.987223286,-0.159342975,0,0,-0.320050178,0,0,0.998819649,-0.04747086,0.004042057,-0.009473629,-0.095051725,0.007175189,-0.019310346,-0.098226987,0.004180521,-0.010149183,-0.116502489,-0.007054409,0.011958908,-0.121048704,-0.134761527,-0.111237876,-0.097525053,0.111237876,0.097525053,0.121048704,0.134761527,0.224998453,0.007175189,0.019310346
33.16147995,0.986946117,-0.161050809,0,0,-0.323510537,0,0,0.998706639,-0.049741697,0.004035681,-0.009730414,-0.099600343,0.007092966,-0.019838938,-0.095461316,-0.001592934,-0.012983382,-0.114463851,-0.006354611,0.01328815,-0.121406965,-0.135515779,-0.111597963,-0.097489148,0.111597963,0.097489148,0.121406965,0.135515779,0.223910194,0.007092966,0.019838938
33.21717,0.986528312,-0.163590618,0,0,-0.328658428,0,0,0.998503625,-0.053621709,0.004036448,-0.009950052,-0.107372073,0.006993796,-0.020305099,-0.101830065,0.006202609,0.005244463,-0.115957462,-0.007553869,0.012666491,-0.121397369,-0.134106576,-0.107530281,-0.094821066,0.107530281,0.094821066,0.121397369,0.134106576,0.221286355,0.006993796,0.020305099
33.27126003,0.985967823,-0.166935474,0,0,-0.335441412,0,0,0.998394251,-0.055623796,0.00402484,-0.009937612,-0.111381772,0.006931274,-0.020292943,-0.103619702,0.000654906,0.005181879,-0.116833509,-0.008490701,0.010487488,-0.121070065,-0.136177793,-0.110844813,-0.095737085,0.110844813,0.095737085,0.121070065,0.136177793,0.22405964,0.006931274,0.020292943
33.3046999,0.985967823,-0.166935474,0,0,-0.335441412,0,0,0.99827975,-0.057665929,0.004005872,-0.009819999,-0.115471252,0.006865454,-0.020070032,-0.111854084,-0.004981458,0.009962172,-0.115414977,-0.007010381,0.010486754,-0.118830279,-0.135811672,-0.114836693,-0.0978553,0.114836693,0.0978553,0.118830279,0.135811672,0.21997016,0.006865454,0.020070032
33.35767007,0.985404009,-0.170232013,0,0,-0.342130228,0,0,0.998160839,-0.059731133,0.00393717,-0.009581801,-0.119605641,0.006715244,-0.019600393,-0.100840636,-0.008153915,0.014869126,-0.116180262,-0.005505403,0.009516964,-0.118891329,-0.132912084,-0.111938573,-0.097917818,0.111938573,0.097917818,0.118891329,0.132912084,0.222524587,0.006715244,0.019600393
33.40877986,0.985121054,-0.171861887,0,0,-0.345438735,0,0,0.99800086,-0.062417019,0.00392601,-0.009127339,-0.124984043,0.006696968,-0.01870979,-0.104804337,-0.003533065,0.018054994,-0.11851891,-0.004534521,0.008406373,-0.120191798,-0.131202593,-0.11216867,-0.101157874,0.11216867,0.101157874,0.120191798,0.131202593,0.220454692,0.006696968,0.01870979
33.4574399,0.984837506,-0.173479353,0,0,-0.348722998,0,0,0.997870445,-0.064527079,0.003885279,-0.008703777,-0.129209018,0.0066308,-0.017873238,-0.105819106,-0.005078316,0.022199007,-0.11661224,-0.005115871,0.006095738,-0.12239074,-0.131459773,-0.114647031,-0.10557799,0.114647031,0.10557799,0.12239074,0.131459773,0.21951398,0.0066308,0.017873238
33.50868988,0.984553445,-0.175084303,0,0,-0.351982787,0,0,0.997597873,-0.068731293,0.003808693,-0.007761587,-0.137628471,0.006532205,-0.016010459,-0.102066994,-0.006428361,0.026188048,-0.117128619,-0.006784818,0.005359544,-0.117592081,-0.127823815,-0.11563234,-0.105400607,0.11563234,0.105400607,0.117592081,0.127823815,0.214354316,0.006532205,0.016010459
33.56074,0.984126567,-0.177468028,0,0,-0.356826079,0,0,0.997420371,-0.071329303,0.003761709,-0.007110203,-0.142832254,0.006489724,-0.014721204,-0.100661814,-0.007061661,0.023644418,-0.118889614,-0.004500292,0.004267475,-0.115703322,-0.129272953,-0.118553862,-0.104984239,0.118553862,0.104984239,0.115703322,0.129272953,0.213993825,0.006489724,0.014721204
33.61530996,0.983556346,-0.180601537,0,0,-0.363196021,0,0,0.997271478,-0.073438235,0.003692037,-0.006552586,-0.147056539,0.006401548,-0.013612385,-0.107418001,-0.0075683,0.030941516,-0.12081878,-0.004170209,0.003896204,-0.118656777,-0.127657354,-0.119122401,-0.110121824,0.119122401,0.110121824,0.118656777,0.127657354,0.216139482,0.006401548,0.013612385
33.65969992,0.983270965,-0.182148863,0,0,-0.366342868,0,0,0.997120082,-0.075514585,0.003641639,-0.006013917,-0.151216649,0.006354067,-0.012543767,-0.108820207,0.000720471,0.026651474,-0.120051484,-0.003831085,0.001990946,-0.120544754,-0.128885165,-0.121092759,-0.112752341,0.121092759,0.112752341,0.120544754,0.128885165,0.215126219,0.006354067,0.012543767
33.70941997,0.982985513,-0.183683102,0,0,-0.369464004,0,0,0.996967673,-0.077542111,0.003569153,-0.005497205,-0.155279445,0.00626417,-0.011515068,-0.099308811,-0.007659198,0.023991616,-0.120191917,-0.005868923,0.00205855,-0.118211322,-0.125873491,-0.121891595,-0.114229426,0.121891595,0.114229426,0.118211322,0.125873491,0.214184559,0.00626417,0.011515068
33.75599003,0.982700067,-0.185204152,0,0,-0.372559209,0,0,0.996719301,-0.080711171,0.003532218,-0.004916021,-0.161633456,0.006247743,-0.01037035,-0.104029477,-0.002479553,0.01777634,-0.119610388,-0.004683449,0.002238474,-0.116381519,-0.128119364,-0.124002263,-0.112264417,0.124002263,0.112264417,0.116381519,0.128119364,0.210925753,0.006247743,0.01037035
33.80912996,0.982414709,-0.186711915,0,0,-0.375628267,0,0,0.996374011,-0.084903777,0.003411037,-0.004334772,-0.170042739,0.006061296,-0.009217626,-0.102879107,0.002039224,0.011039523,-0.120724605,-0.003808665,0.002737951,-0.117165387,-0.126532286,-0.122055329,-0.112688445,0.122055329,0.112688445,0.117165387,0.126532286,0.205585528,0.006061296,0.009217626
33.85908008,0.982129519,-0.188206293,0,0,-0.378670962,0,0,0.996192694,-0.087014042,0.003381765,-0.004151164,-0.174277594,0.006015397,-0.008859516,-0.101545453,-0.004126132,0.006277114,-0.120470678,-0.005634727,0.002678394,-0.119653866,-0.12727119,-0.121795289,-0.114177965,0.121795289,0.114177965,0.119653866,0.12727119,0.204393368,0.006015397,0.008859516
33.90635991,0.981702222,-0.190422549,0,0,-0.383185108,0,0,0.995964646,-0.089595169,0.00334112,-0.003995515,-0.179458798,0.005939352,-0.008557736,-0.104065247,0.00481978,0.007303804,-0.121745358,-0.003946383,0.00325681,-0.11751432,-0.128783762,-0.123426981,-0.112157531,0.123426981,0.112157531,0.11751432,0.128783762,0.20372631,0.005939352,0.008557736
33.96086002,0.981133826,-0.193329813,0,0,-0.389109721,0,0,0.995778322,-0.091646351,0.003352121,-0.003908295,-0.18357772,0.005959613,-0.008398258,-0.095956028,0.003235787,0.003822893,-0.122801404,-0.006240022,0.002886246,-0.121055759,-0.128948525,-0.122434899,-0.114542142,0.122434899,0.114542142,0.121055759,0.128948525,0.205532001,0.005959613,0.008398258
34.0101099,0.980850378,-0.194762771,0,0,-0.392031167,0,0,0.99559772,-0.093593948,0.003291501,-0.003818471,-0.187488649,0.005839284,-0.008219684,-0.098042198,-0.006620586,0.003335625,-0.124460861,-0.005827187,0.003360254,-0.119447604,-0.131927639,-0.126155153,-0.11367511,0.126155153,0.11367511,0.119447604,0.131927639,0.204542518,0.005839284,0.008219684
34.05846,0.980567536,-0.196181824,0,0,-0.394925099,0,0,0.995413423,-0.09553723,0.003276968,-0.003747585,-0.191392189,0.00580784,-0.008087162,-0.096613169,0.001516193,0.003185123,-0.123587575,-0.005252355,0.003282565,-0.121993907,-0.133648276,-0.126927763,-0.115273394,0.126927763,0.115273394,0.121993907,0.133648276,0.20353291,0.00580784,0.008087162
34.11048007,0.980285379,-0.19758688,0,0,-0.397791314,0,0,0.995001018,-0.099744365,0.003210435,-0.003731797,-0.199846179,0.005644349,-0.008066944,-0.095981352,-0.000308454,0.001268834,-0.124400176,-0.004460941,0.004083563,-0.121617757,-0.132122472,-0.125557333,-0.115052633,0.125557333,0.115052633,0.121617757,0.132122472,0.197945135,0.005644349,0.008066944
34.15542007,0.980003987,-0.198977851,0,0,-0.400629611,0,0,0.994812369,-0.101605162,0.003214965,-0.003803745,-0.203587247,0.005623643,-0.008221561,-0.089056797,-0.001895428,-0.007478893,-0.124146698,-0.00470038,0.00358833,-0.124022774,-0.132944643,-0.124777526,-0.115855649,0.124777526,0.115855649,0.124022774,0.132944643,0.197042364,0.005623643,0.008221561
34.20387006,0.979723438,-0.200354648,0,0,-0.40343979,0,0,0.994613051,-0.103532523,0.003219755,-0.003987725,-0.207463447,0.005579128,-0.008599423,-0.096745797,0.003302842,-0.006388129,-0.125658506,-0.004325823,0.005145035,-0.123034626,-0.132435381,-0.125258714,-0.115857966,0.125258714,0.115857966,0.123034626,0.132435381,0.195976343,0.005579128,0.008599423
34.25981999,0.979026269,-0.203734055,0,0,-0.410340935,0,0,0.994365811,-0.105868168,0.0032157,-0.004280026,-0.212162142,0.005488954,-0.00919297,-0.100189455,0.005974621,-0.01218915,-0.12669095,-0.005765276,0.005162121,-0.126477689,-0.135129333,-0.124839261,-0.116187625,0.124839261,0.116187625,0.126477689,0.135129333,0.198178793,0.005488954,0.00919297
34.30813003,0.978749287,-0.205060559,0,0,-0.413051162,0,0,0.994161308,-0.107759818,0.003257263,-0.004537463,-0.215969048,0.005498606,-0.009724243,-0.094211116,0.005095453,-0.0094831,-0.126142711,-0.006555543,0.006488501,-0.12608777,-0.137618318,-0.127294078,-0.11576353,0.127294078,0.11576353,0.12608777,0.137618318,0.197082114,0.005498606,0.009724243
34.35877991,0.9784735,-0.206372505,0,0,-0.4157324,0,0,0.993956327,-0.10962645,0.00323185,-0.00477632,-0.219725513,0.005377437,-0.01020382,-0.096705548,0.00019595,-0.011846421,-0.12593006,-0.005172059,0.007020921,-0.12607564,-0.139186725,-0.126209721,-0.113098644,0.126209721,0.113098644,0.12607564,0.139186725,0.196006887,0.005377437,0.01020382
34.40689993,0.978198983,-0.207669808,0,0,-0.418384461,0,0,0.993747115,-0.111495301,0.003248598,-0.005008187,-0.223487703,0.005339816,-0.010678503,-0.094895087,0.003933161,-0.0089854,-0.126491488,-0.006239717,0.006806973,-0.127778903,-0.138123006,-0.124081165,-0.113737054,0.124081165,0.113737054,0.127778903,0.138123006,0.194896758,0.005339816,0.010678503
34.45228005,0.977925815,-0.208952389,0,0,-0.421007158,0,0,0.993215799,-0.116110459,0.003258008,-0.005506852,-0.232781027,0.005193025,-0.011695984,-0.09178371,-0.003138185,-0.008514524,-0.127352112,-0.00573996,0.006467893,-0.127058715,-0.139538139,-0.1259242,-0.113444775,0.1259242,0.113444775,0.127058715,0.139538139,0.188226131,0.005193025,0.011695984
34.50391007,0.977518756,-0.21084848,0,0,-0.424885745,0,0,0.992998779,-0.117945097,0.003273784,-0.00564284,-0.236476565,0.005170659,-0.011979364,-0.090420268,0.00583157,-0.004726648,-0.126986736,-0.004516145,0.007314466,-0.128080025,-0.13955994,-0.126624152,-0.11514423,0.126624152,0.11514423,0.128080025,0.13955994,0.18840918,0.005170659,0.011979364
34.5622499,0.976981437,-0.213324333,0,0,-0.42995272,0,0,0.992786765,-0.119712904,0.003241801,-0.005731752,-0.240037406,0.005064525,-0.01215744,-0.084030636,-0.003242493,-0.004202127,-0.12933471,-0.006954849,0.006817785,-0.129785031,-0.13881731,-0.124188386,-0.115156099,0.124188386,0.115156099,0.129785031,0.13881731,0.189915314,0.005064525,0.01215744
34.61435986,0.976582846,-0.215141685,0,0,-0.433673819,0,0,0.992575645,-0.121449873,0.003225159,-0.005759199,-0.243536764,0.005003541,-0.012216727,-0.082951784,-0.001820922,-0.003449619,-0.131262163,-0.004544481,0.006836491,-0.129197627,-0.14310731,-0.129471749,-0.115562052,0.129471749,0.115562052,0.129197627,0.14310731,0.190137055,0.005003541,0.012216727
34.65706992,0.97645087,-0.215739887,0,0,-0.434898996,0,0,0.992317557,-0.123540066,0.00320447,-0.005786263,-0.247748688,0.004930053,-0.012275839,-0.079245865,-0.001162291,0.001656264,-0.13106255,-0.004910597,0.006742927,-0.133554146,-0.142643109,-0.128970116,-0.119881161,0.128970116,0.119881161,0.133554146,0.142643109,0.187150308,0.004930053,0.012275839
34.70326996,0.976188303,-0.216924866,0,0,-0.437326436,0,0,0.992112815,-0.125175729,0.003184499,-0.005759366,-0.251045166,0.004876917,-0.012225574,-0.082077093,-0.005042553,0.000823289,-0.130289711,-0.004008669,0.006025392,-0.132894859,-0.14271605,-0.129230186,-0.119409002,0.129230186,0.119409002,0.132894859,0.14271605,0.18628127,0.004876917,0.012225574
34.75243998,0.975798055,-0.218673631,0,0,-0.440909993,0,0,0.991691232,-0.128475457,0.003124002,-0.005738695,-0.257697367,0.004721545,-0.012185178,-0.081928074,-0.003194809,0.001079589,-0.12991217,-0.004158057,0.006289769,-0.132306412,-0.140323743,-0.128272951,-0.120255619,0.128272951,0.120255619,0.132306412,0.140323743,0.183212626,0.004721545,0.012185178
34.81064987,0.975412346,-0.220387737,0,0,-0.444423926,0,0,0.991410792,-0.130622074,0.003117869,-0.005740572,-0.262026967,0.004682504,-0.012197489,-0.088003278,0.004225225,0.001316518,-0.131968397,-0.004440514,0.005952937,-0.132043853,-0.140359968,-0.127780423,-0.119464315,0.127780423,0.119464315,0.132043853,0.140359968,0.182396959,0.004682504,0.012197489
34.86065007,0.975157849,-0.221511103,0,0,-0.446727593,0,0,0.991187215,-0.132307664,0.00310082,-0.005766505,-0.265427497,0.004621096,-0.01225233,-0.083890565,-0.002543628,0.002669543,-0.130859785,-0.006407762,0.005908567,-0.133480787,-0.14236182,-0.130455941,-0.121574916,0.130455941,0.121574916,0.133480787,0.14236182,0.181300096,0.004621096,0.01225233
34.91316986,0.974780244,-0.223166924,0,0,-0.450124257,0,0,0.990964293,-0.133964956,0.003071966,-0.005808124,-0.268771647,0.004532262,-0.012334798,-0.084578991,0.001182407,-0.001831353,-0.13228586,-0.004607859,0.005708053,-0.130360559,-0.143176079,-0.131358951,-0.118543431,0.131358951,0.118543431,0.130360559,0.143176079,0.18135261,0.004532262,0.012334798
34.96411991,0.974407816,-0.224787472,0,0,-0.453449841,0,0,0.990735948,-0.135642007,0.003045789,-0.005857634,-0.272156459,0.004446078,-0.012433453,-0.07968545,-0.003565848,-0.001229346,-0.132880092,-0.005590428,0.006514959,-0.133386031,-0.142601743,-0.131185636,-0.121969923,0.131185636,0.121969923,0.133386031,0.142601743,0.181293382,0.004446078,0.012433453
35.00208998,0.974284865,-0.225319777,0,0,-0.454542482,0,0,0.990457833,-0.137658373,0.00301226,-0.005879571,-0.276226945,0.004348302,-0.0124767,-0.083544858,0.001067668,0.000815839,-0.131474002,-0.005507424,0.00616574,-0.133804604,-0.144985452,-0.131955534,-0.120774679,0.131955534,0.120774679,0.133804604,0.144985452,0.178315537,0.004348302,0.0124767
35.05193997,0.973919703,-0.226892951,0,0,-0.457772478,0,0,0.990231454,-0.139278069,0.002980046,-0.005863013,-0.279497326,0.004268705,-0.012442024,-0.079853833,-0.003424287,-0.001126528,-0.132246927,-0.004284103,0.00647646,-0.132132292,-0.143147141,-0.130815655,-0.119800813,0.130815655,0.119800813,0.132132292,0.143147141,0.178275152,0.004268705,0.012442024
35.11012006,0.973560259,-0.228430345,0,0,-0.460930187,0,0,0.98978287,-0.142439827,0.002944175,-0.005672714,-0.285883168,0.004212159,-0.012068644,-0.080016255,0.002136082,0.008846074,-0.134730624,-0.00328832,0.005198932,-0.13443926,-0.143007457,-0.130054533,-0.121486336,0.130054533,0.121486336,0.13443926,0.143007457,0.175047019,0.004212159,0.012068644
35.15959001,0.973323916,-0.229435293,0,0,-0.462994919,0,0,0.989450276,-0.144741744,0.00279032,-0.005515146,-0.290532488,0.00392523,-0.011722033,-0.084678836,-0.003717839,0.006715209,-0.133541809,-0.005662662,0.004558879,-0.136641204,-0.143217847,-0.13281998,-0.126243338,0.13281998,0.126243338,0.136641204,0.143217847,0.172462431,0.00392523,0.011722033
35.21044994,0.97309028,-0.230424188,0,0,-0.465027157,0,0,0.98922652,-0.146270603,0.002769141,-0.005338461,-0.293622103,0.003916903,-0.01137231,-0.075680003,-0.000917912,0.011529772,-0.13244227,-0.003894387,0.004762646,-0.132438004,-0.143763319,-0.134645566,-0.123320244,0.134645566,0.123320244,0.132438004,0.143763319,0.171405054,0.003916903,0.01137231
35.2615099,0.972745043,-0.231877298,0,0,-0.468014275,0,0,0.989000618,-0.147796884,0.002740267,-0.005159859,-0.296707156,0.003895039,-0.011016517,-0.076167285,-0.003707409,0.00481084,-0.134574883,-0.00455993,0.003738397,-0.133310497,-0.141099274,-0.131573975,-0.123785213,0.131573975,0.123785213,0.133310497,0.141099274,0.171307119,0.003895039,0.011016517
35.31342006,0.972294799,-0.233758046,0,0,-0.471882056,0,0,0.988480031,-0.151247129,0.002610029,-0.005004564,-0.30368389,0.003646078,-0.010683613,-0.079531975,0.00275746,0.00352636,-0.133862756,-0.00321651,0.00464282,-0.13375333,-0.142873183,-0.135396376,-0.126276523,0.135396376,0.126276523,0.13375333,0.142873183,0.168198166,0.003646078,0.010683613
35.35938001,0.972074135,-0.23467398,0,0,-0.473766337,0,0,0.988236189,-0.152833074,0.00264785,-0.004946925,-0.306893326,0.003721302,-0.010587087,-0.076952584,0.003001839,0.005402416,-0.133923098,-0.005282297,0.004714324,-0.135289043,-0.141722053,-0.13243641,-0.126003399,0.13243641,0.126003399,0.135289043,0.141722053,0.166873011,0.003721302,0.010587087
35.41012001,0.971856524,-0.235573548,0,0,-0.475617367,0,0,0.988003314,-0.15433374,0.002568802,-0.004917494,-0.309929628,0.003558105,-0.010510165,-0.072833896,-0.009448827,-0.000926852,-0.134366633,-0.005378243,0.004314913,-0.13330327,-0.144059762,-0.135429934,-0.124673449,0.135429934,0.124673449,0.13330327,0.144059762,0.165687739,0.003558105,0.010510165
35.45957995,0.971642028,-0.236456698,0,0,-0.477435016,0,0,0.987763047,-0.155865312,0.002534237,-0.004861783,-0.313029726,0.003490892,-0.010394831,-0.078138717,0.001142174,0.007326156,-0.135106487,-0.00199072,0.005363669,-0.138479412,-0.142460838,-0.131733507,-0.127752066,0.131733507,0.127752066,0.138479412,0.142460838,0.16440529,0.003490892,0.010394831
35.50986004,0.971430705,-0.237323377,0,0,-0.479219157,0,0,0.987463474,-0.15775606,0.002482271,-0.004800508,-0.316857693,0.003387691,-0.010264075,-0.069512434,-0.003495812,0.000528246,-0.134209932,-0.004730983,0.003909975,-0.138479412,-0.142460838,-0.131733507,-0.127752066,0.131733507,0.127752066,0.138479412,0.142460838,0.162361464,0.003387691,0.010264075
35.55895996,0.971222615,-0.238173535,0,0,-0.480969665,0,0,0.987226546,-0.159234688,0.002436614,-0.004731315,-0.319852044,0.003304206,-0.010117971,-0.070928037,-0.00218004,0.004286319,-0.134345969,-0.003706081,0.004288568,-0.134928435,-0.142340586,-0.133763447,-0.126351297,0.133763447,0.126351297,0.134928435,0.142340586,0.161117621,0.003304206,0.010117971
35.60559988,0.970916666,-0.239417685,0,0,-0.483532097,0,0,0.986988366,-0.160707846,0.002415675,-0.004624723,-0.322836203,0.003282032,-0.009905744,-0.072921813,-0.003065169,0.007335097,-0.134435812,-0.003417131,0.003646715,-0.13466537,-0.141499624,-0.134206191,-0.127371937,0.134206191,0.127371937,0.13466537,0.141499624,0.160695894,0.003282032,0.009905744
35.66042996,0.970520579,-0.24101827,0,0,-0.48682983,0,0,0.986456275,-0.163950041,0.002305347,-0.004402933,-0.329405825,0.00310453,-0.009442709,-0.073885918,-0.002716482,0.008640439,-0.135232088,-0.002773961,0.003796954,-0.13466537,-0.141499624,-0.134206191,-0.127371937,0.134206191,0.127371937,0.13466537,0.141499624,0.157424005,0.00310453,0.009442709
35.71036005,0.970327735,-0.24179348,0,0,-0.488427502,0,0,0.986213744,-0.165406436,0.002301081,-0.004268412,-0.332358456,0.003126673,-0.009180532,-0.072696812,-0.000780821,0.005810708,-0.134837752,-0.003322626,0.003180583,-0.136255056,-0.141802967,-0.134209067,-0.128661141,0.134209067,0.128661141,0.136255056,0.141802967,0.156069046,0.003126673,0.009180532
35.75985003,0.970138429,-0.242551908,0,0,-0.489990895,0,0,0.985985756,-0.16676347,0.002226414,-0.004173772,-0.335109692,0.002998362,-0.008973286,-0.063170493,-0.003190339,0.007274002,-0.134972656,-0.003800704,0.003494872,-0.134695679,-0.141340926,-0.13497977,-0.128334522,0.13497977,0.128334522,0.134695679,0.141340926,0.154881203,0.002998362,0.008973286
35.80983997,0.969952714,-0.24329351,0,0,-0.491519898,0,0,0.985756636,-0.16811651,0.002186704,-0.004023811,-0.337853695,0.002958182,-0.008668383,-0.067962714,0.00096187,0.008245558,-0.136559778,-0.003044057,0.003153181,-0.136668876,-0.142756984,-0.136450619,-0.130362511,0.136450619,0.130362511,0.136668876,0.142756984,0.153666203,0.002958182,0.008668383
35.85505009,0.969770642,-0.244018242,0,0,-0.493014405,0,0,0.985424876,-0.170055583,0.002098517,-0.003849037,-0.341787142,0.002826765,-0.008299729,-0.064468391,-0.005380809,0.006290525,-0.135705847,-0.004055987,0.002817771,-0.134467602,-0.14257957,-0.136944026,-0.128832057,0.136944026,0.128832057,0.134467602,0.14257957,0.151227263,0.002826765,0.008299729
35.90496993,0.969504472,-0.245073621,0,0,-0.495191256,0,0,0.985199392,-0.171359807,0.002076526,-0.003712787,-0.344433895,0.002819144,-0.008027455,-0.064425178,-0.000691414,0.005247444,-0.135134761,-0.003403098,0.002978774,-0.134467602,-0.14257957,-0.136944026,-0.128832057,0.136944026,0.128832057,0.134467602,0.14257957,0.150757361,0.002819144,0.008027455
35.95900989,0.969162788,-0.246421368,0,0,-0.497972027,0,0,0.984747946,-0.173941121,0.002008433,-0.003493841,-0.349673996,0.002740158,-0.007579902,-0.06573499,-0.002026558,0.009130687,-0.13639119,-0.001775366,0.002905202,-0.134710416,-0.141516596,-0.135559052,-0.128752857,0.135559052,0.128752857,0.134710416,0.141516596,0.148298031,0.002740158,0.007579902
36.00879002,0.968997714,-0.247069688,0,0,-0.499310037,0,0,0.984515727,-0.175252646,0.001939608,-0.003420829,-0.352337198,0.002620134,-0.007415655,-0.063627958,-0.007717313,0.001514703,-0.135828663,-0.002905231,0.002072635,-0.137520999,-0.141071722,-0.135261327,-0.131710589,0.135261327,0.131710589,0.137520999,0.141071722,0.146972839,0.002620134,0.007415655
36.05811,0.968836546,-0.247700921,0,0,-0.500613003,0,0,0.984227359,-0.1768675,0.001900301,-0.003300173,-0.355617528,0.002573273,-0.007168528,-0.061231859,-0.001753867,0.005876274,-0.136070654,-0.001306744,0.003285599,-0.134996042,-0.140806496,-0.136661232,-0.130850762,0.136661232,0.130850762,0.134996042,0.140806496,0.144995475,0.002573273,0.007168528
36.10716987,0.96867933,-0.248315032,0,0,-0.501880835,0,0,0.983997405,-0.17814517,0.0018825,-0.003169784,-0.358213617,0.002575389,-0.006908911,-0.063769527,-0.000436604,0.004851073,-0.136161497,-0.002800113,0.002415943,-0.138049483,-0.140662968,-0.134091765,-0.13147828,0.134091765,0.13147828,0.138049483,0.140662968,0.143667218,0.002575389,0.006908911
36.15340996,0.968526109,-0.248911986,0,0,-0.503113443,0,0,0.983772099,-0.179386824,0.001852533,-0.003102002,-0.360737166,0.002532026,-0.006768039,-0.063785911,-0.001110137,0.005389005,-0.135598082,-0.003093629,0.002435934,-0.135777295,-0.141377524,-0.136545628,-0.130945414,0.136545628,0.130945414,0.135777295,0.141377524,0.142376277,0.002532026,0.006768039
36.20358992,0.968376924,-0.249491748,0,0,-0.504310741,0,0,0.983539522,-0.180659667,0.001822944,-0.003006473,-0.363324661,0.002499581,-0.006572701,-0.064094372,-0.007511675,0.00429824,-0.135464932,-0.002860013,0.002270647,-0.134940356,-0.141127616,-0.136255741,-0.130068496,0.136255741,0.130068496,0.134940356,0.141127616,0.14098608,0.002499581,0.006572701
36.25320006,0.968021894,-0.250865728,0,0,-0.507148957,0,0,0.983261287,-0.18216823,0.001796808,-0.002960392,-0.36639243,0.002454888,-0.006476384,-0.060586631,-0.000298023,0.005651266,-0.135232571,-0.002968775,0.00207053,-0.134875536,-0.140595555,-0.136054263,-0.130334243,0.136054263,0.130334243,0.134875536,0.140595555,0.140756527,0.002454888,0.006476384
36.30540991,0.967887156,-0.251385068,0,0,-0.508222024,0,0,0.982818663,-0.184544444,0.001736663,-0.002829846,-0.371226031,0.002369186,-0.006203489,-0.059244037,0.001250952,0.004491956,-0.135208414,-0.002439365,0.002669656,-0.134334296,-0.140271842,-0.13613078,-0.130193233,0.13613078,0.130193233,0.134334296,0.140271842,0.136995993,0.002369186,0.006203489
36.35774994,0.967756633,-0.251887076,0,0,-0.509259421,0,0,0.982603192,-0.185689136,0.00172137,-0.002785192,-0.373555463,0.002348489,-0.00611281,-0.055964291,-0.002631545,0.002358109,-0.135675021,-0.003274734,0.002122677,-0.135438681,-0.14031741,-0.134978086,-0.130099371,0.134978086,0.130099371,0.135438681,0.14031741,0.135703958,0.002348489,0.00611281
36.40744996,0.96763036,-0.252371724,0,0,-0.510261077,0,0,0.982347131,-0.187039405,0.001664453,-0.002784334,-0.376303757,0.002228582,-0.006093054,-0.053226955,-0.001135469,0.001450628,-0.136057588,-0.002217716,0.002431521,-0.13452293,-0.141072407,-0.136827052,-0.130277589,0.136827052,0.130277589,0.13452293,0.141072407,0.13395732,0.002228582,0.006093054
36.45325995,0.967508371,-0.252838985,0,0,-0.511226922,0,0,0.982148826,-0.188078448,0.001650943,-0.002739979,-0.378419213,0.002212284,-0.006003199,-0.049029291,0.000385195,0.002387911,-0.136206667,-0.002548552,0.002598544,-0.136271358,-0.140706792,-0.135843754,-0.131408319,0.135843754,0.131408319,0.136271358,0.140706792,0.132807709,0.002212284,0.006003199
36.50343991,0.967333495,-0.253507217,0,0,-0.512608393,0,0,0.981953681,-0.189095989,0.001623631,-0.002714241,-0.380491179,0.002162158,-0.00594461,-0.050839785,-0.009861588,0.004564971,-0.136769806,-0.002921954,0.00239075,-0.136256635,-0.141353726,-0.136156648,-0.131059542,0.136156648,0.131059542,0.136256635,0.141353726,0.132117214,0.002162158,0.00594461
36.55956006,0.967115629,-0.2543371,0,0,-0.514324402,0,0,0.981496394,-0.191456184,0.001550399,-0.002659519,-0.385298836,0.002025061,-0.005814327,-0.047907241,-0.00012815,0.002933294,-0.136594783,-0.002098956,0.002264601,-0.136238575,-0.142082483,-0.137300983,-0.131457075,0.137300983,0.131457075,0.136238575,0.142082483,0.129025566,0.002025061,0.005814327
36.61191988,0.966963837,-0.25491359,0,0,-0.51551668,0,0,0.981320262,-0.192357972,0.001525492,-0.002627956,-0.387136309,0.001982977,-0.005744656,-0.041092936,-0.005804002,0.00031814,-0.136448312,-0.002644006,0.002227228,-0.136760399,-0.140958309,-0.136429101,-0.132231191,0.136429101,0.132231191,0.136760399,0.140958309,0.128380371,0.001982977,0.005744656
36.65632987,0.966915469,-0.255096992,0,0,-0.515896025,0,0,0.98116678,-0.193139687,0.001526803,-0.002590949,-0.388729561,0.001995267,-0.005674119,-0.041198734,0.000814348,0.005794317,-0.137455069,-0.001102976,0.002635824,-0.136031508,-0.141319513,-0.136865065,-0.131577045,0.136865065,0.131577045,0.136031508,0.141319513,0.127166464,0.001995267,0.005674119
36.70367003,0.966822099,-0.255450637,0,0,-0.516627552,0,0,0.98101145,-0.193928167,0.001532128,-0.002515713,-0.39033679,0.002030335,-0.00553017,-0.039723516,-0.004236401,0.005748122,-0.137338868,-0.00284224,0.001668678,-0.138987884,-0.141193837,-0.135922194,-0.133716241,0.135922194,0.133716241,0.138987884,0.141193837,0.126290762,0.002030335,0.00553017
36.75345993,0.966733238,-0.255786722,0,0,-0.517322821,0,0,0.980821192,-0.19488956,0.001418337,-0.002467686,-0.392296169,0.001820417,-0.005393588,-0.033418838,-0.004465878,0.000496954,-0.137470029,-0.001486571,0.001583408,-0.136165276,-0.141849756,-0.138512403,-0.132827923,0.138512403,0.132827923,0.136165276,0.141849756,0.125026652,0.001820417,0.005393588
36.80355001,0.966648908,-0.256105228,0,0,-0.517981782,0,0,0.980683029,-0.195584133,0.001408715,-0.002393211,-0.393712419,0.001826859,-0.00524504,-0.031891469,-0.002257526,0.002839416,-0.13829865,-0.001281988,0.00244354,-0.137566835,-0.140539974,-0.137373164,-0.134400025,0.137373164,0.134400025,0.137566835,0.140539974,0.124269363,0.001826859,0.00524504
36.85326004,0.966530964,-0.256549988,0,0,-0.518902047,0,0,0.980549574,-0.196252823,0.001372638,-0.002328716,-0.395075925,0.001777847,-0.005105643,-0.032763183,-0.002686679,0.003375858,-0.138346191,-0.001654083,0.001804606,-0.139460176,-0.142024145,-0.13713707,-0.134573087,0.13713707,0.134573087,0.139460176,0.142024145,0.123826122,0.001777847,0.005105643
36.90877009,0.966389775,-0.257081316,0,0,-0.52000158,0,0,0.980252564,-0.197733536,0.001286296,-0.002215903,-0.398095805,0.001645473,-0.004853001,-0.032946467,-0.000841916,0.00243783,-0.138309957,-0.002004886,0.001688799,-0.138496682,-0.141804844,-0.138195634,-0.134887472,0.138195634,0.134887472,0.138496682,0.141804844,0.121905775,0.001645473,0.004853001
36.9600699,0.966326112,-0.257320509,0,0,-0.520496622,0,0,0.980124891,-0.198365346,0.001273185,-0.002201018,-0.399384887,0.001622549,-0.004819681,-0.031019749,-0.00204742,-0.000323355,-0.137947202,-0.002007654,0.001852508,-0.137993842,-0.142003611,-0.138626009,-0.134616241,0.138626009,0.134616241,0.137993842,0.142003611,0.121111735,0.001622549,0.004819681
37.00673008,0.966267095,-0.257542039,0,0,-0.520955134,0,0,0.980003834,-0.198963165,0.001261835,-0.002159304,-0.400604708,0.001613962,-0.004734392,-0.024916233,0.002486259,0.004892796,-0.138127666,-0.001671825,0.002303247,-0.137792021,-0.141807333,-0.138102323,-0.134087011,0.138102323,0.134087011,0.137792021,0.141807333,0.120350426,0.001613962,0.004734392
37.05463004,0.966212738,-0.257745891,0,0,-0.521377084,0,0,0.979885936,-0.199543312,0.001231926,-0.002135277,-0.401788554,0.001562135,-0.004676324,-0.030197205,-0.002996624,0.002897531,-0.139017955,-0.002841101,0.001378721,-0.138759062,-0.142102703,-0.137496218,-0.134152561,0.137496218,0.134152561,0.138759062,0.142102703,0.11958853,0.001562135,0.004676324
37.10586,0.966139976,-0.2580185,0,0,-0.521941389,0,0,0.979720473,-0.200355068,0.001186396,-0.002093081,-0.403445202,0.001485955,-0.004576691,-0.026287138,-0.002618134,0.002176315,-0.138145246,-0.001346687,0.001692581,-0.13755554,-0.14323774,-0.14048031,-0.13479811,0.14048031,0.13479811,0.13755554,0.14323774,0.118496187,0.001485955,0.004576691
37.15914989,0.966059404,-0.258320012,0,0,-0.522565573,0,0,0.97963798,-0.200758442,0.001180307,-0.002091436,-0.404268616,0.001472801,-0.004571633,-0.027641658,-0.002023578,0.002122671,-0.138007416,-0.001530697,0.001785929,-0.138491109,-0.141184479,-0.137799323,-0.135105953,0.137799323,0.135105953,0.138491109,0.141184479,0.118296957,0.001472801,0.004571633
37.21205998,0.96602619,-0.258444192,0,0,-0.522822662,0,0,0.979443073,-0.201706946,0.001114335,-0.002056102,-0.40620493,0.001353395,-0.004477228,-0.018878281,-0.001448393,0.003553182,-0.139347895,-0.002102662,0.00184759,-0.138262615,-0.141324013,-0.13775216,-0.134690762,0.13775216,0.134690762,0.138262615,0.141324013,0.116617732,0.001353395,0.004477228
37.26195002,0.965997704,-0.258550644,0,0,-0.523043058,0,0,0.979303122,-0.202386051,0.00110506,-0.002010872,-0.407591618,0.001350433,-0.004385822,-0.022810698,-0.002080202,0.001505762,-0.139287562,-0.001591198,0.001521818,-0.139092788,-0.143298119,-0.139602929,-0.135397613,0.139602929,0.135397613,0.139092788,0.143298119,0.11545144,0.001350433,0.004385822
37.31112004,0.965973954,-0.258639363,0,0,-0.523226744,0,0,0.979208827,-0.202842683,0.00107557,-0.00197072,-0.408523997,0.001306923,-0.004295851,-0.023078918,0.001925975,0.006204099,-0.13833022,-0.001401851,0.001815102,-0.139218152,-0.142400548,-0.139356911,-0.136174515,0.139356911,0.136174515,0.139218152,0.142400548,0.114702747,0.001306923,0.004295851
37.35618997,0.965954946,-0.258710345,0,0,-0.523373709,0,0,0.97911787,-0.203281656,0.001072831,-0.001918645,-0.409420556,0.001320805,-0.004193347,-0.017522277,0.000750274,0.00339523,-0.138065183,-0.002410934,0.000984934,-0.138743445,-0.141547143,-0.137916937,-0.135113239,0.137916937,0.135113239,0.138743445,0.141547143,0.113953153,0.001320805,0.004193347
37.40605998,0.965940685,-0.258763584,0,0,-0.523483942,0,0,0.979034424,-0.203684136,0.001023093,-0.001851587,-0.410242393,0.00124901,-0.004042324,-0.020742416,-0.003488362,0.00390634,-0.138782128,-0.002083147,0.001397124,-0.136639148,-0.141461015,-0.139491156,-0.134669289,0.139491156,0.134669289,0.136639148,0.141461015,0.113241549,0.00124901,0.004042324
37.45869994,0.965925826,-0.258819045,0,0,-0.523598776,0,0,0.978948474,-0.204097629,0.00098556,-0.00174668,-0.411086857,0.001216639,-0.003822133,-0.019077957,-0.00358373,0.007560106,-0.138045329,-0.000769025,0.000514621,-0.138096079,-0.142262369,-0.139468119,-0.135301828,0.139468119,0.135301828,0.138096079,0.142262369,0.112511919,0.001216639,0.003822133
37.50663996,0.965928204,-0.258810171,0,0,-0.523580402,0,0,0.978831887,-0.204657853,0.000940386,-0.001587841,-0.412231067,0.001191031,-0.003493383,-0.01986623,-0.008511543,0.005725772,-0.137630244,0.000616976,0.00068273,-0.137790889,-0.139328942,-0.138299704,-0.13676165,0.138299704,0.13676165,0.137790889,0.139328942,0.111349335,0.001191031,0.003493383
37.56040001,0.965935337,-0.25878355,0,0,-0.523525281,0,0,0.978715122,-0.205217302,0.000877373,-0.001340323,-0.413373739,0.001167282,-0.0029837,-0.006689131,-0.001609325,0.009842961,-0.138568684,-0.000475618,0.000284485,-0.138929918,-0.137695968,-0.136330515,-0.137564465,0.136330515,0.137564465,0.138929918,0.137695968,0.110151542,0.001167282,0.0029837
37.6103499,0.965947222,-0.258739182,0,0,-0.523433417,0,0,0.978663325,-0.205465212,0.000824668,-0.001182325,-0.413880022,0.001128292,-0.002653083,-0.011406838,-0.004966557,0.008632989,-0.139328237,-0.001033272,-0.000320669,-0.138377517,-0.139328763,-0.138759792,-0.137808546,0.138759792,0.137808546,0.138377517,0.139328763,0.109553395,0.001128292,0.002653083
37.65578008,0.965963857,-0.258677072,0,0,-0.523304818,0,0,0.978607118,-0.2057347,0.000746418,-0.000966922,-0.414430268,0.001063041,-0.002199605,-0.009289384,-9.09E-05,0.009835512,-0.138294059,-3.14E-05,-0.00029042,-0.137974262,-0.140040815,-0.140682146,-0.138615608,0.140682146,0.138615608,0.137974262,0.140040815,0.10887455,0.001063041,0.002199605
37.71152997,0.966011356,-0.258499634,0,0,-0.522937448,0,0,0.97857368,-0.205894709,0.000697273,-0.00077898,-0.414756975,0.001043891,-0.001811711,-0.003539026,-0.005021691,0.010142475,-0.138388788,-0.00116289,-0.000724898,-0.137972191,-0.138035029,-0.138615862,-0.138553023,0.138615862,0.138553023,0.137972191,0.138035029,0.108180473,0.001043891,0.001811711
37.76195002,0.966059404,-0.258320012,0,0,-0.522565573,0,0,0.978546143,-0.206025913,0.0006557,-0.00059666,-0.415024902,0.00103741,-0.001437903,-0.001168251,-0.007137656,0.00789389,-0.139471964,0.000929231,-0.000813396,-0.13650097,-0.138826743,-0.140276551,-0.137950763,0.140276551,0.137950763,0.13650097,0.138826743,0.107540671,0.00103741,0.001437903
37.81514001,0.966118068,-0.25810052,0,0,-0.522111179,0,0,0.978486657,-0.206309289,0.000554045,-0.000280091,-0.415603636,0.000968681,-0.00077674,-0.003561378,-0.003513694,0.008643419,-0.138448515,-0.000264495,-0.001092592,-0.13958776,-0.137729302,-0.139356092,-0.141214564,0.139356092,0.141214564,0.13958776,0.137729302,0.106507543,0.000968681,0.00077674
37.85824991,0.966139976,-0.2580185,0,0,-0.521941389,0,0,0.978462934,-0.206422284,0.000515133,-0.000147032,-0.415834414,0.000947375,-0.0005004,-0.004941226,-0.004808606,0.006490202,-0.138597136,0.000188692,-0.001285526,-0.137091398,-0.137620389,-0.13980557,-0.139276579,0.13980557,0.139276579,0.137091398,0.137620389,0.106106975,0.000947375,0.0005004
37.90287996,0.966187313,-0.257841184,0,0,-0.521574338,0,0,0.978452861,-0.206469789,0.000498968,-8.07E-05,-0.415931471,0.000943101,-0.000364004,0.000552088,-0.000864267,0.004095585,-0.138023017,0.000617679,-0.001069857,-0.137500271,-0.137122884,-0.139693946,-0.140071318,0.139693946,0.140071318,0.137500271,0.137122884,0.105642867,0.000943101,0.000364004
37.95634008,0.966239333,-0.257646175,0,0,-0.521170681,0,0,0.978444874,-0.206507578,0.000477611,-2.45E-05,-0.416008661,0.000924497,-0.000245284,-0.004227461,-0.002260507,0.005479903,-0.138500485,-0.00039253,-0.000738828,-0.137570813,-0.136335447,-0.138475165,-0.139710516,0.138475165,0.139710516,0.137570813,0.136335447,0.10516202,0.000924497,0.000245284
38.00134993,0.966296022,-0.257433483,0,0,-0.520730447,0,0,0.978428006,-0.206587881,0.000428721,5.81E-05,-0.416172685,0.000862967,-6.34E-05,-0.000628829,0.000631064,0.002025813,-0.137424555,2.29E-05,-0.001033271,-0.137369096,-0.138154149,-0.139631808,-0.138846755,0.139631808,0.138846755,0.137369096,0.138154149,0.104557762,0.000862967,0.0000634
38.05782986,0.966458065,-0.25682447,0,0,-0.519470043,0,0,0.978419542,-0.206627801,0.0004314,7.77E-05,-0.416254284,0.000876307,-2.62E-05,-0.00090152,0.002830476,0.001616031,-0.137727822,-0.000664666,-0.000534154,-0.136414185,-0.136368334,-0.138434872,-0.138480723,0.138434872,0.138480723,0.136414185,0.136368334,0.103215759,0.000876307,0.0000262
38.10501004,0.966569135,-0.256406138,0,0,-0.51860439,0,0,0.978412092,-0.206663057,0.00040858,7.35E-05,-0.416326353,0.000829891,-2.51E-05,0.000260025,-0.005204976,-0.000374019,-0.137555298,0.000910543,-0.000143837,-0.136528969,-0.137858301,-0.13892661,-0.137597278,0.13892661,0.137597278,0.136528969,0.137858301,0.102278037,0.000829891,0.0000251
38.15710998,0.966608451,-0.256257884,0,0,-0.518297633,0,0,0.978413701,-0.206655815,0.00038191,-2.44E-06,-0.416311566,0.000746323,-0.000162625,0.001303107,-0.003434718,-0.002466142,-0.137577286,-0.000161195,-0.000783621,-0.138321966,-0.136500895,-0.136788562,-0.138609648,0.136788562,0.138609648,0.138321966,0.136500895,0.101986067,0.000746323,0.000162625
38.20320988,0.966690505,-0.255948174,0,0,-0.517656843,0,0,0.978419602,-0.206627533,0.000414689,-8.33E-05,-0.416253853,0.000777047,-0.000334416,0.000370294,0.00340417,-0.005142391,-0.136961163,0.000446813,0.000307759,-0.136632442,-0.136954829,-0.138522074,-0.138199687,0.138522074,0.138199687,0.136632442,0.136954829,0.10140299,0.000777047,0.000334416
38.25477004,0.966822099,-0.255450637,0,0,-0.516627552,0,0,0.978432953,-0.206564307,0.000425918,-0.00018814,-0.416124689,0.000755738,-0.000544125,0.004076213,0.002566725,-0.001688302,-0.13611663,-0.001436385,0.000848398,-0.137715697,-0.136822075,-0.136206567,-0.13710019,0.136206567,0.13710019,0.137715697,0.136822075,0.100502863,0.000755738,0.000544125
38.30917001,0.966963837,-0.25491359,0,0,-0.51551668,0,0,0.978441894,-0.20652166,0.000434609,-0.000261182,-0.416037591,0.000742601,-0.000690615,0.006293505,-0.001096726,-0.001129508,-0.13640512,-0.001255361,0.000387647,-0.135528609,-0.138401389,-0.136704579,-0.133831814,0.136704579,0.133831814,0.135528609,0.138401389,0.099479089,0.000742601,0.000690615
38.35952998,0.96706392,-0.254533641,0,0,-0.514730862,0,0,0.978461742,-0.206427693,0.000434558,-0.000381883,-0.415845575,0.000692734,-0.000926725,0.006332249,0.002000481,-0.006082654,-0.136410127,-0.000314811,0.000376915,-0.135537371,-0.138048097,-0.137272805,-0.134762079,0.137272805,0.134762079,0.135537371,0.138048097,0.098885287,0.000692734,0.000926725
38.40916992,0.967222363,-0.253930896,0,0,-0.513484416,0,0,0.97848177,-0.206332743,0.000446838,-0.000509085,-0.415651568,0.000664365,-0.001180655,0.007673354,-0.002256036,-0.003919006,-0.136343074,-0.000100497,0.00113877,-0.136472195,-0.137101829,-0.136347994,-0.135718375,0.136347994,0.135718375,0.136472195,0.137101829,0.097832848,0.000664365,0.001180655
38.46082998,0.967390701,-0.253288832,0,0,-0.512156886,0,0,0.978568375,-0.205919996,0.000525904,-0.000815375,-0.414808333,0.000693461,-0.00181239,0.014347583,0.006898493,-0.005237757,-0.136832782,-0.002422667,0.001669852,-0.137381315,-0.137582317,-0.135304764,-0.135103777,0.135304764,0.135103777,0.137381315,0.137582317,0.097348553,0.000693461,0.00181239
38.50419998,0.967448994,-0.253066086,0,0,-0.511696393,0,0,0.97865355,-0.205513626,0.000545601,-0.001032967,-0.413978027,0.000643331,-0.002246093,0.019273909,0.003648549,-0.002728403,-0.13683966,-0.002720209,0.001707505,-0.136079937,-0.140925273,-0.137585565,-0.132740229,0.137585565,0.132740229,0.136079937,0.140925273,0.097718366,0.000643331,0.002246093
38.56488991,0.967692963,-0.252131572,0,0,-0.509764722,0,0,0.978721499,-0.205188915,0.000585016,-0.001202778,-0.41331466,0.000651543,-0.00259445,0.017689915,0.000774115,-0.005222857,-0.136712339,-0.0019427,0.00153821,-0.13582693,-0.141267344,-0.137852326,-0.132411912,0.137852326,0.132411912,0.13582693,0.141267344,0.096450062,0.000651543,0.00259445
38.60906005,0.967821366,-0.25163824,0,0,-0.508745186,0,0,0.978765726,-0.204976797,0.000616811,-0.001338184,-0.412881402,0.000658834,-0.002872407,0.015773622,0.001826137,-0.007276237,-0.136124118,-0.00128081,0.002149465,-0.136307821,-0.140193224,-0.137116805,-0.133231401,0.137116805,0.133231401,0.136307821,0.140193224,0.095863784,0.000658834,0.002872407
38.65879989,0.967954001,-0.251127563,0,0,-0.507689944,0,0,0.978827298,-0.204681739,0.000641919,-0.00150024,-0.412278655,0.000642511,-0.003199735,0.016128274,0.005432219,-0.006659329,-0.135393419,-0.001641083,0.002649046,-0.136992738,-0.139554366,-0.135255426,-0.132693812,0.135255426,0.132693812,0.136992738,0.139554366,0.095411289,0.000642511,0.003199735
38.7058599,0.968090831,-0.250599568,0,0,-0.506599072,0,0,0.978897929,-0.204341531,0.000686267,-0.001748224,-0.411583866,0.000629101,-0.003703141,0.01625344,0.001797825,-0.006023049,-0.135306482,-0.001838113,0.002907748,-0.136401355,-0.139683515,-0.134385422,-0.131103262,0.134385422,0.131103262,0.136401355,0.139683515,0.095015206,0.000629101,0.003703141
38.76102996,0.968303859,-0.249775172,0,0,-0.504896122,0,0,0.978970051,-0.203992873,0.000738645,-0.002017792,-0.410871948,0.000622991,-0.004252086,0.010619313,0.002070517,-0.004303456,-0.133956088,-0.002500286,0.003022137,-0.136376083,-0.140052319,-0.134236813,-0.130560592,0.134236813,0.130560592,0.136376083,0.140052319,0.094024174,0.000622991,0.004252086
38.81198001,0.968602218,-0.248615656,0,0,-0.502501548,0,0,0.979004979,-0.203823701,0.000763281,-0.002135819,-0.410526542,0.000623852,-0.00449312,0.010622294,0.001447648,-0.00654012,-0.132799532,-0.002049451,0.002926995,-0.134477913,-0.139478475,-0.133434206,-0.12843363,0.133434206,0.12843363,0.134477913,0.139478475,0.091975006,0.000623852,0.00449312
38.85940004,0.968757442,-0.248010119,0,0,-0.501251317,0,0,0.979045153,-0.203629732,0.000764234,-0.002258347,-0.410130335,0.000576707,-0.004733307,0.012103468,0.000409037,-0.004637241,-0.131962034,-0.001949623,0.00343931,-0.13367705,-0.137775943,-0.131921962,-0.127823055,0.131921962,0.127823055,0.13367705,0.137775943,0.091120982,0.000576707,0.004733307
38.91065002,0.968916639,-0.247387442,0,0,-0.499965907,0,0,0.97910279,-0.203350991,0.000787749,-0.002364109,-0.409561131,0.000581087,-0.004949811,0.012037904,0.007697195,-0.002276898,-0.131350643,-0.001706861,0.003265573,-0.1334517,-0.137350932,-0.130472317,-0.126573071,0.130472317,0.126573071,0.1334517,0.137350932,0.090404776,0.000581087,0.004949811
38.95905996,0.969079765,-0.246747662,0,0,-0.498645407,0,0,0.979147315,-0.203135595,0.000819851,-0.002421903,-0.409121369,0.00062156,-0.005075904,0.015383217,0.001489371,-0.00102073,-0.131171072,-0.003698109,0.002990646,-0.132909328,-0.13632305,-0.129791901,-0.126378179,0.129791901,0.126378179,0.132909328,0.13632305,0.089524038,0.00062156,0.005075904
39.00563002,0.969246775,-0.246090813,0,0,-0.497289911,0,0,0.979209721,-0.20283398,0.00081692,-0.002456116,-0.408505336,0.000603505,-0.005141528,0.016253442,0.004047901,0.00160262,-0.131514235,-0.00278512,0.002438122,-0.130463585,-0.137859792,-0.13187851,-0.124482289,0.13187851,0.124482289,0.130463585,0.137859792,0.088784575,0.000603505,0.005141528
39.05509997,0.969417623,-0.245416934,0,0,-0.495899513,0,0,0.97928834,-0.202454224,0.00081366,-0.002475429,-0.407729695,0.000591293,-0.005177799,0.020038338,-0.004209578,0.000617653,-0.131684856,-0.00059347,0.002626301,-0.131167203,-0.136737451,-0.13186121,-0.126290962,0.13186121,0.126290962,0.131167203,0.136737451,0.088169818,0.000591293,0.005177799
39.10895992,0.969680987,-0.24437427,0,0,-0.49374869,0,0,0.979549885,-0.201184958,0.000832078,-0.002464439,-0.405137938,0.000638507,-0.005162909,0.038991127,0.000528246,0.002699345,-0.132766814,-0.001540318,0.002314718,-0.133717656,-0.134904593,-0.129651994,-0.128465056,0.129651994,0.128465056,0.133717656,0.134904593,0.088610752,0.000638507,0.005162909
39.15983987,0.97004512,-0.242924815,0,0,-0.490759702,0,0,0.979710579,-0.200400978,0.000823861,-0.002442086,-0.403537351,0.000635498,-0.005115303,0.044304878,-0.004373491,0.004763157,-0.133456024,-0.001860789,0.002263695,-0.133541182,-0.136621818,-0.131992385,-0.128911749,0.131992385,0.128911749,0.133541182,0.136621818,0.087222351,0.000635498,0.005115303
39.20915008,0.970232636,-0.242174795,0,0,-0.48921349,0,0,0.979880452,-0.199569479,0.000799762,-0.00239909,-0.401839901,0.000609773,-0.00502088,0.043035302,0.002012402,0.002305955,-0.133666532,-0.000537222,0.001891328,-0.133858904,-0.137580484,-0.133053094,-0.129331514,0.133053094,0.129331514,0.133858904,0.137580484,0.087373589,0.000609773,0.00502088
39.26099992,0.970423718,-0.24140797,0,0,-0.487632944,0,0,0.980157316,-0.198205933,0.000807778,-0.002335025,-0.399057233,0.000657867,-0.004897617,0.044753406,0.001551956,0.002313405,-0.132748405,-0.002190826,0.002265528,-0.135020614,-0.136095047,-0.132312402,-0.131237954,0.132312402,0.131237954,0.135020614,0.136095047,0.088575711,0.000657867,0.004897617
39.30624986,0.970618311,-0.240624386,0,0,-0.486018174,0,0,0.980350614,-0.197248265,0.00081525,-0.002290087,-0.397103326,0.00069503,-0.004811809,0.050721321,0.00250712,0.001720339,-0.135034791,-0.002307855,0.002231276,-0.13282308,-0.137204722,-0.132673666,-0.128292024,0.132673666,0.128292024,0.13282308,0.137204722,0.088914848,0.00069503,0.004811809
39.35128999,0.970816361,-0.239824088,0,0,-0.484369293,0,0,0.980539203,-0.196309462,0.000810704,-0.002230166,-0.395188209,0.000714248,-0.004691846,0.043760985,-0.003118813,0.006338209,-0.13358571,-0.00078489,0.001380708,-0.134958178,-0.139573887,-0.135111332,-0.130495638,0.135111332,0.130495638,0.134958178,0.139573887,0.089181084,0.000714248,0.004691846
39.40640998,0.9711198,-0.238592403,0,0,-0.481832269,0,0,0.980909109,-0.194454744,0.000799302,-0.002044048,-0.391405703,0.000773136,-0.00432092,0.040759895,-0.002300739,0.007357448,-0.133390938,-0.00128593,0.001468242,-0.134181499,-0.135751277,-0.132989869,-0.131420091,0.132989869,0.131420091,0.134181499,0.135751277,0.090426566,0.000773136,0.00432092
39.46126986,0.971535966,-0.2368921,0,0,-0.478331283,0,0,0.981067121,-0.193656176,0.000819343,-0.001982554,-0.389777694,0.000839794,-0.004207393,0.039502233,0.00583604,0.005827099,-0.13159295,-0.000928636,0.000993368,-0.133573219,-0.136145085,-0.133208603,-0.130636737,0.133208603,0.130636737,0.133573219,0.136145085,0.088553589,0.000839794,0.004207393
39.50884009,0.971748883,-0.236017179,0,0,-0.476530372,0,0,0.981210411,-0.192929804,0.000824709,-0.001911499,-0.388296976,0.000880857,-0.0040694,0.037600845,0.002907962,0.002323836,-0.130958332,-0.00309553,0.001177307,-0.13165766,-0.133514926,-0.131528184,-0.129670918,0.131528184,0.129670918,0.13165766,0.133514926,0.088233396,0.000880857,0.0040694
39.56065989,0.971964944,-0.235125813,0,0,-0.474696016,0,0,0.981330395,-0.192318946,0.000795547,-0.001854182,-0.387051793,0.000848201,-0.003945139,0.031869859,0.002094358,0.005533546,-0.129692255,-0.002306138,0.00168263,-0.129040077,-0.135231137,-0.13287653,-0.12668547,0.13287653,0.12668547,0.129040077,0.135231137,0.087644223,0.000848201,0.003945139
39.61028004,0.972184089,-0.234218055,0,0,-0.472828345,0,0,0.981477439,-0.191567764,0.000827264,-0.001789451,-0.385521035,0.00093828,-0.003829576,0.03096536,0.005304069,0.006657094,-0.127484463,-0.002903225,0.000808233,-0.129068717,-0.133680999,-0.130315736,-0.125703454,0.130315736,0.125703454,0.129068717,0.133680999,0.08730731,0.00093828,0.003829576
39.65331006,0.972406257,-0.233293958,0,0,-0.470927489,0,0,0.981596768,-0.190955713,0.00081644,-0.001743673,-0.384273838,0.000936902,-0.003734986,0.033480678,-0.002540648,0.003921241,-0.127304723,-0.000795954,0.001216036,-0.125389442,-0.131195888,-0.129579425,-0.123772979,0.129579425,0.123772979,0.125389442,0.131195888,0.086653651,0.000936902,0.003734986
39.70300007,0.972745043,-0.231877298,0,0,-0.468014275,0,0,0.981820881,-0.189800858,0.000810732,-0.001695692,-0.381921009,0.0009483,-0.003637495,0.037997216,0.00134334,-0.000891089,-0.126843444,-0.001373688,0.001210329,-0.127724782,-0.129316688,-0.126884609,-0.125292704,0.126884609,0.125292704,0.127724782,0.129316688,0.086093266,0.0009483,0.003637495
39.75969005,0.973206756,-0.229931751,0,0,-0.464015109,0,0,0.982048392,-0.188620523,0.000783958,-0.001655796,-0.379516778,0.000915135,-0.003547894,0.04172549,0.001173466,0.001239032,-0.127215075,-0.002008133,0.001511749,-0.126680061,-0.129427433,-0.127006769,-0.124259397,0.127006769,0.124259397,0.126680061,0.129427433,0.084498331,0.000915135,0.003547894
39.81044007,0.973560259,-0.228430345,0,0,-0.460930187,0,0,0.982214868,-0.187752023,0.000779848,-0.00163457,-0.377748139,0.000918168,-0.003503842,0.049043447,-0.000740588,0.002800673,-0.127080093,-0.001715403,0.001577823,-0.12671867,-0.130734921,-0.12771143,-0.123695165,0.12771143,0.123695165,0.12671867,0.130734921,0.083182048,0.000918168,0.003503842
39.85557986,0.973679425,-0.227921869,0,0,-0.45988568,0,0,0.982412934,-0.186713174,0.000770646,-0.001625737,-0.375632982,0.000907091,-0.003482078,0.056438897,0.006314367,0.002690405,-0.127276388,-0.001191795,0.001291508,-0.126942486,-0.130373284,-0.12721765,-0.123786837,0.12721765,0.123786837,0.126942486,0.130373284,0.084252698,0.000907091,0.003482078
39.90271998,0.973919703,-0.226892951,0,0,-0.457772479,0,0,0.982634485,-0.185544029,0.000780507,-0.001605502,-0.373253112,0.000938124,-0.003444887,0.062160943,0.004775077,0.006120652,-0.127550135,-0.003048083,0.001307428,-0.12737608,-0.129759669,-0.127176642,-0.12479306,0.127176642,0.12479306,0.12737608,0.129759669,0.084519367,0.000938124,0.003444887
39.95217991,0.974162523,-0.225848131,0,0,-0.455627149,0,0,0.983015478,-0.18351455,0.000813103,-0.001597643,-0.369123368,0.001012203,-0.003439456,0.075661391,0.000558049,0.005880743,-0.131073786,-0.001556169,0.000725412,-0.125809461,-0.131905615,-0.12929076,-0.123194598,0.12929076,0.123194598,0.125809461,0.131905615,0.086503781,0.001012203,0.003439456
40.00934005,0.974655514,-0.223711037,0,0,-0.451240709,0,0,0.983587146,-0.18042551,0.000808881,-0.001584169,-0.362840368,0.001019562,-0.003408229,0.082906343,-0.001850724,0.001377612,-0.131495135,-0.003260053,0.000887815,-0.130243003,-0.133355334,-0.131904513,-0.128792182,0.131904513,0.128792182,0.130243003,0.133355334,0.088400341,0.001019562,0.003408229
40.05979991,0.974905549,-0.222618892,0,0,-0.448999907,0,0,0.983910978,-0.178651631,0.000825646,-0.001506662,-0.359234005,0.001086389,-0.003259856,0.099513702,8.72E-05,0.008723888,-0.131898852,-0.000908593,0.001472731,-0.129122868,-0.135642976,-0.133867338,-0.127347246,0.133867338,0.127347246,0.129122868,0.135642976,0.089765902,0.001086389,0.003259856
40.11299992,0.975284828,-0.220951363,0,0,-0.445579669,0,0,0.984344065,-0.176251262,0.000806771,-0.001373014,-0.354355625,0.001104289,-0.00298743,0.096113242,0.002896041,0.008443743,-0.134620458,-0.001411786,0.000138836,-0.132462963,-0.134280145,-0.131334677,-0.129517496,0.131334677,0.129517496,0.132462963,0.134280145,0.091224044,0.001104289,0.00298743
40.1633699,0.975668969,-0.219248862,0,0,-0.442089068,0,0,0.984670579,-0.174418807,0.000793811,-0.001209286,-0.350632853,0.001141441,-0.002658413,0.090808414,-0.003634393,0.009273738,-0.134306186,-0.002097658,3.27E-05,-0.133347481,-0.136171043,-0.135893375,-0.133069813,0.135893375,0.133069813,0.133347481,0.136171043,0.091456215,0.001141441,0.002658413
40.20418001,0.975798055,-0.218673631,0,0,-0.440909993,0,0,0.984967589,-0.172734946,0.000750552,-0.000963901,-0.347212859,0.001145541,-0.002158118,0.082535297,0.001440197,0.014867635,-0.132727898,-0.000303243,-0.000301986,-0.13224116,-0.136436462,-0.136371166,-0.132175848,0.136371166,0.132175848,0.13224116,0.136436462,0.093697134,0.001145541,0.002158118
40.2601099,0.976319352,-0.216334284,0,0,-0.436116542,0,0,0.985230029,-0.171233296,0.000730967,-0.000788412,-0.344163856,0.001170337,-0.001803869,0.070393831,-0.002433359,0.002727658,-0.128746616,-0.000442914,0.000313948,-0.132122636,-0.132729128,-0.133333102,-0.13272661,0.133333102,0.13272661,0.132122636,0.132729128,0.091952686,0.001170337,0.001803869
40.31537009,0.976582846,-0.215141685,0,0,-0.433673819,0,0,0.985628128,-0.168927684,0.00070519,-0.000522766,-0.339484111,0.001213491,-0.001268758,0.042393059,-0.003217161,0.00659898,-0.126292344,-0.000742284,-0.00060368,-0.128617629,-0.129503444,-0.128875554,-0.127989724,0.128875554,0.127989724,0.128617629,0.129503444,0.094189708,0.001213491,0.001268758
40.38327003,0.976981437,-0.213324333,0,0,-0.429952721,0,0,0.985735834,-0.1682982,0.000702257,-0.000511708,-0.33820683,0.00121224,-0.001245197,0.027760124,0.001006573,0.00083372,-0.121650458,-0.00012993,-0.000651145,-0.124946356,-0.126430914,-0.12763828,-0.126153708,0.12763828,0.126153708,0.124946356,0.126430914,0.091745891,0.00121224,0.001245197
40.45789004,0.977518756,-0.21084848,0,0,-0.424885745,0,0,0.985903084,-0.167314768,0.000754391,-0.00059754,-0.336211891,0.001287559,-0.001430677,0.026848167,0.006774813,-0.001399219,-0.118488433,-0.001880758,0.000507354,-0.117115006,-0.120876513,-0.119861811,-0.116100296,0.119861811,0.116100296,0.117115006,0.120876513,0.088673854,0.001287559,0.001430677
40.51604987,0.978062226,-0.208312944,0,0,-0.419699492,0,0,0.986008823,-0.166690454,0.00079107,-0.000726375,-0.334945677,0.001317844,-0.001696154,0.027046354,0.002079457,-0.001734495,-0.115470568,-0.002867768,0.00078574,-0.113388516,-0.119124047,-0.117552571,-0.111817032,0.117552571,0.111817032,0.113388516,0.119124047,0.084753815,0.001317844,0.001696154
40.59256006,0.9784735,-0.206372505,0,0,-0.415732401,0,0,0.986201525,-0.165544346,0.000862194,-0.000981275,-0.332621695,0.001375706,-0.002220936,0.030296296,0.004135818,-0.003319979,-0.114553763,-0.001697827,0.000988864,-0.113388516,-0.119124047,-0.117552571,-0.111817032,0.117552571,0.111817032,0.113388516,0.119124047,0.083110706,0.001375706,0.002220936
40.66641999,0.978887633,-0.204399122,0,0,-0.41169966,0,0,0.986537576,-0.163526759,0.000945327,-0.001394063,-0.328531554,0.001409269,-0.003059771,0.057686124,0.003700704,-0.007818639,-0.113099663,-0.00239234,0.001552231,-0.113844775,-0.117240429,-0.115262702,-0.111867048,0.115262702,0.111867048,0.113844775,0.117240429,0.083168106,0.001409269,0.003059771
40.71768999,0.979165183,-0.203065369,0,0,-0.408975009,0,0,0.986754596,-0.162210107,0.000946059,-0.001647375,-0.32586293,0.001332614,-0.003558039,0.076272339,0.003688782,-0.013822318,-0.116740689,-0.002368969,0.002494371,-0.11225953,-0.11704421,-0.113939747,-0.109155066,0.113939747,0.109155066,0.11225953,0.11704421,0.083112079,0.001332614,0.003558039
40.78018999,0.979723438,-0.200354648,0,0,-0.403439791,0,0,0.987326622,-0.158680782,0.0009191,-0.002424333,-0.318712431,0.001045514,-0.005078928,0.108417124,0.004873425,-0.01858771,-0.120099332,-0.002541607,0.004117652,-0.116866067,-0.121604003,-0.116615258,-0.111877322,0.116615258,0.111877322,0.116866067,0.121604003,0.08472736,0.001045514,0.005078928
40.83898998,0.980144583,-0.198284132,0,0,-0.399213965,0,0,0.987766027,-0.15591149,0.000890395,-0.003064406,-0.313104426,0.000803451,-0.00633152,0.119600452,0.003313273,-0.02371967,-0.119814596,-0.002560808,0.005321572,-0.12167535,-0.126758561,-0.118523255,-0.113440044,0.118523255,0.113440044,0.12167535,0.126758561,0.086109539,0.000803451,0.00633152
40.90738988,0.980708876,-0.195474041,0,0,-0.393481585,0,0,0.988529503,-0.150975809,0.000874704,-0.003925648,-0.303115229,0.000543985,-0.008025439,0.123479232,0.010214002,-0.013302267,-0.121967378,-0.002994932,0.005879631,-0.124852054,-0.130841911,-0.119082652,-0.113092788,0.119082652,0.113092788,0.124852054,0.130841911,0.090366356,0.000543985,0.008025439
40.94315005,0.980850378,-0.194762771,0,0,-0.392031167,0,0,0.988529503,-0.150975809,0.000874704,-0.003925648,-0.303115229,0.000543985,-0.008025439,0.123479232,0.010214002,-0.013302267,-0.126136132,-0.003208818,0.007527467,-0.130454749,-0.136872381,-0.121817455,-0.115399823,0.121817455,0.115399823,0.130454749,0.136872381,0.088915938,0.000543985,0.008025439
40.97343993,0.981133826,-0.193329813,0,0,-0.390573871,0,0,0.988907039,-0.148473933,0.00091395,-0.00421155,-0.298054997,0.000557011,-0.008601163,0.124693669,0.008504838,-0.00705719,-0.127552903,-0.004687251,0.006819567,-0.129685193,-0.139059693,-0.125420555,-0.116046056,0.125420555,0.116046056,0.129685193,0.139059693,0.092518874,0.000557011,0.008601163
41.01129008,0.981275752,-0.192608148,0,0,-0.387638744,0,0,0.989360213,-0.145417884,0.001011506,-0.004398945,-0.291876856,0.000722116,-0.008998584,0.121267892,0.008206815,-0.002340972,-0.127023055,-0.004328613,0.006106826,-0.128801242,-0.137458459,-0.125244811,-0.116587594,0.125244811,0.116587594,0.128801242,0.137458459,0.095761888,0.000722116,0.008998584
41.08589006,0.981987011,-0.188948432,0,0,-0.380182357,0,0,0.99004513,-0.140680417,0.001226817,-0.004278255,-0.282305463,0.001225475,-0.008816628,0.114692003,0.008281321,0.00673458,-0.125253911,-0.004390891,0.005523449,-0.126386449,-0.135168225,-0.124121323,-0.115339547,0.124121323,0.115339547,0.126386449,0.135168225,0.097876894,0.001225475,0.008816628
41.12758994,0.982129519,-0.188206293,0,0,-0.378670962,0,0,0.990336895,-0.138617396,0.001345406,-0.004045113,-0.27813939,0.001543364,-0.00838515,0.101841263,0.004262478,0.017451499,-0.126455148,-0.003007273,0.003964599,-0.126386449,-0.135168225,-0.124121323,-0.115339547,0.124121323,0.115339547,0.126386449,0.135168225,0.100531572,0.001543364,0.00838515
41.16316009,0.982414709,-0.186711916,0,0,-0.375628267,0,0,0.990336895,-0.138617396,0.001345406,-0.004045113,-0.27813939,0.001543364,-0.00838515,0.101841263,0.004262478,0.017451499,-0.122889784,-0.003637747,0.001687396,-0.127412453,-0.133426994,-0.125497788,-0.119483247,0.125497788,0.119483247,0.127412453,0.133426994,0.097488877,0.001543364,0.00838515
41.21185994,0.982700067,-0.185204152,0,0,-0.37255921,0,0,0.990846932,-0.134937689,0.001521476,-0.00346506,-0.270710651,0.002079967,-0.007277376,0.076276824,-0.004164875,0.002462417,-0.117684765,-0.003145836,0.001129171,-0.120939411,-0.128214896,-0.124840103,-0.117564619,0.124840103,0.117564619,0.120939411,0.128214896,0.101848559,0.002079967,0.007277376
41.2623899,0.983128243,-0.182917625,0,0,-0.367906664,0,0,0.991049528,-0.133445457,0.001398485,-0.003404467,-0.267697852,0.001863315,-0.007121304,0.069136165,-0.006765126,0.006026775,-0.117635198,-0.001500255,0.003484293,-0.115668073,-0.121959746,-0.1197014,-0.113409735,0.1197014,0.113409735,0.115668073,0.121959746,0.100208812,0.001863315,0.007121304
41.32757998,0.983698983,-0.179822998,0,0,-0.361613026,0,0,0.991218388,-0.132189542,0.001264569,-0.003270866,-0.265162369,0.00164218,-0.00681867,0.058636814,-0.006081164,0.0089474,-0.114178305,-0.000632434,0.002839006,-0.119619213,-0.122619718,-0.115651131,-0.112650625,0.115651131,0.112650625,0.119619213,0.122619718,0.096450657,0.00164218,0.00681867
41.37002993,0.983984104,-0.17825623,0,0,-0.358428027,0,0,0.991415143,-0.13071166,0.00104339,-0.003103986,-0.262178951,0.00125741,-0.006427491,0.048137456,-0.011934341,0.005037338,-0.110763125,-0.000611191,0.002214093,-0.116384856,-0.117649719,-0.111971706,-0.110706843,0.111971706,0.110706843,0.116384856,0.117649719,0.096249076,0.00125741,0.006427491
41.41927004,0.984268951,-0.176676631,0,0,-0.355217872,0,0,0.991535485,-0.129797325,0.000901976,-0.00304429,-0.260333589,0.000998402,-0.006271236,0.04540607,-0.002132356,-0.000156462,-0.107513081,-0.001170591,0.00355289,-0.112366006,-0.113588385,-0.1091602,-0.10793782,0.1091602,0.10793782,0.112366006,0.113588385,0.094884283,0.000998402,0.006271236
41.46550989,0.984695535,-0.1742834,0,0,-0.350355966,0,0,0.991761863,-0.128060117,0.000627772,-0.002971892,-0.256828117,0.00048404,-0.006055639,0.044140957,0.003986805,0.008843092,-0.10691754,0.000269765,0.003378158,-0.110565439,-0.110025913,-0.103269592,-0.103809126,0.103269592,0.103809126,0.110565439,0.110025913,0.093527849,0.00048404,0.006055639
41.51984001,0.985121054,-0.171861888,0,0,-0.345438735,0,0,0.991919458,-0.126838028,0.000987878,-0.002675632,-0.254365785,0.001281047,-0.005558655,0.050862886,0.011938066,0.014828893,-0.104251793,-0.002419644,0.00200367,-0.110565439,-0.110025913,-0.103269592,-0.103809126,0.103269592,0.103809126,0.110565439,0.110025913,0.09107295,0.001281047,0.005558655
41.60399008,0.98554524,-0.169412457,0,0,-0.340466956,0,0,0.992222488,-0.124445215,0.001536783,-0.002395584,-0.249544655,0.002453425,-0.005136433,0.069189824,0.017549843,0.004062802,-0.104449362,-0.004898066,0.00056934,-0.103835799,-0.108675085,-0.104667746,-0.099828459,0.104667746,0.099828459,0.103835799,0.108675085,0.090922301,0.002453425,0.005136433
41.64072991,0.985827156,-0.167764173,0,0,-0.337122518,0,0,0.992222488,-0.124445215,0.001536783,-0.002395584,-0.249544655,0.002453425,-0.005136433,0.069189824,0.017549843,0.004062802,-0.107266736,-0.007008872,0.001953819,-0.100120619,-0.109916739,-0.108778059,-0.098981939,0.108778059,0.098981939,0.100120619,0.109916739,0.087577863,0.002453425,0.005136433
41.68258,0.986108281,-0.166103755,0,0,-0.333754421,0,0,0.992589831,-0.121474415,0.001989355,-0.002386895,-0.243560273,0.003369339,-0.005221778,0.076810271,0.009075553,0.005533547,-0.106772843,-0.006319807,0.001970603,-0.102211662,-0.1162294,-0.112321764,-0.098304026,0.112321764,0.098304026,0.102211662,0.1162294,0.090194148,0.003369339,0.005221778
41.72988987,0.986388536,-0.164431313,0,0,-0.330362899,0,0,0.992848217,-0.119336106,0.002250113,-0.002496047,-0.239254362,0.003872314,-0.005493499,0.083782516,0.009102374,-0.001768768,-0.104395645,-0.005298506,0.001626032,-0.100723155,-0.11132016,-0.108068094,-0.097471088,0.108068094,0.097471088,0.100723155,0.11132016,0.091108537,0.003872314,0.005493499
41.76425004,0.98666784,-0.16274696,0,0,-0.326948191,0,0,0.992848217,-0.119336106,0.002250113,-0.002496047,-0.239254362,0.003872314,-0.005493499,0.083782516,0.009102374,-0.001768768,-0.106796655,-0.005652599,0.002948913,-0.100723155,-0.11132016,-0.108068094,-0.097471088,0.108068094,0.097471088,0.100723155,0.11132016,0.087693829,0.003872314,0.005493499
41.81730008,0.987084844,-0.160198345,0,0,-0.32178318,0,0,0.993261218,-0.115837432,0.002639281,-0.002672338,-0.232211434,0.004623892,-0.005920212,0.084569313,0.009087473,-0.000141561,-0.105432905,-0.00609188,0.003380176,-0.104092948,-0.115398139,-0.109500311,-0.098195121,0.109500311,0.098195121,0.104092948,0.115398139,0.089571746,0.004623892,0.005920212
41.87237001,0.987636794,-0.156759571,0,0,-0.314817599,0,0,0.993452609,-0.114178739,0.002810668,-0.002720732,-0.228873334,0.004963251,-0.006047784,0.079334535,0.010762364,-0.002369285,-0.103800942,-0.006144029,0.002838627,-0.102721184,-0.114904933,-0.108144581,-0.095960826,0.108144581,0.095960826,0.102721184,0.114904933,0.085944265,0.004963251,0.006047784
41.91681004,0.987910855,-0.155023036,0,0,-0.311301543,0,0,0.993709803,-0.111915901,0.002632369,-0.00299484,-0.224318393,0.004561296,-0.006541325,0.091321021,-0.007621944,-0.010499359,-0.102134911,-0.006805473,0.003251682,-0.100495525,-0.112783574,-0.107106321,-0.094818264,0.107106321,0.094818264,0.100495525,0.112783574,0.08698315,0.004561296,0.006541325
41.96700001,0.988183538,-0.153275228,0,0,-0.307763639,0,0,0.9939152,-0.110076524,0.00236251,-0.003237233,-0.22061568,0.003983592,-0.006955293,0.094368316,-0.011037291,-0.009377301,-0.102835839,-0.001758982,0.0049969,-0.098581105,-0.112192042,-0.105688676,-0.09207774,0.105688676,0.09207774,0.098581105,0.112192042,0.087147959,0.003983592,0.006955293
42.01172996,0.988454765,-0.151516264,0,0,-0.304204134,0,0,0.994121253,-0.10819988,0.002132473,-0.003397961,-0.216838597,0.003504561,-0.007217541,0.097631671,-0.009821356,-0.004787742,-0.101760611,-0.000553833,0.005155793,-0.106073737,-0.1095917,-0.099597894,-0.096079938,0.099597894,0.096079938,0.106073737,0.1095917,0.087365537,0.003504561,0.007217541
42.0783999,0.988724459,-0.149746266,0,0,-0.30062328,0,0,0.99462378,-0.10348209,0.001586768,-0.003540734,-0.207345846,0.002423671,-0.007371888,0.100033738,-0.012053549,0.001747161,-0.101776267,0.000183715,0.004331221,-0.106291182,-0.10592375,-0.09726131,-0.097628735,0.09726131,0.097628735,0.106291182,0.10592375,0.093277434,0.002423671,0.007371888
42.11716008,0.988992545,-0.147965355,0,0,-0.297021327,0,0,0.994829178,-0.101494513,0.00153501,-0.00338754,-0.203348904,0.002366515,-0.007051716,0.099670142,0.013080983,0.026655944,-0.103805814,0.000641135,0.003778274,-0.108225197,-0.106942929,-0.099386387,-0.100668654,0.099386387,0.100668654,0.108225197,0.106942929,0.093672423,0.002366515,0.007051716
42.16242004,0.989391492,-0.145273793,0,0,-0.291579391,0,0,0.995033562,-0.099478103,0.00190777,-0.002977292,-0.19929715,0.003204245,-0.006304647,0.097230822,0.013665111,0.023540111,-0.101287238,-0.005895108,-0.000600154,-0.108225197,-0.106942929,-0.099386387,-0.100668654,0.099386387,0.100668654,0.108225197,0.106942929,0.092282241,0.003204245,0.006304647
42.21376992,0.98991709,-0.141647998,0,0,-0.284252002,0,0,0.995229542,-0.097502172,0.002136918,-0.002633071,-0.195326352,0.003739996,-0.005657799,0.110337883,-0.001235306,0.010072441,-0.100216907,-0.006437341,-0.000627578,-0.094791956,-0.106582165,-0.107782476,-0.095992267,0.107782476,0.095992267,0.094791956,0.106582165,0.08892565,0.003739996,0.005657799
42.26402998,0.990177007,-0.139819505,0,0,-0.280558254,0,0,0.995469511,-0.095028557,0.002053835,-0.002441684,-0.190354808,0.003625009,-0.005251648,0.098539166,-0.00218451,0.010441992,-0.101736748,-0.002718655,0.00119809,-0.093151972,-0.106026642,-0.107281797,-0.094407126,0.107281797,0.094407126,0.093151972,0.106026642,0.090203446,0.003625009,0.005251648
42.31248999,0.990434906,-0.137980784,0,0,-0.276844815,0,0,0.995635033,-0.093283258,0.001979084,-0.002341057,-0.186847827,0.003504133,-0.005030958,0.075552613,0.000684708,0.004497916,-0.098412809,-0.002327036,0.000919981,-0.100216165,-0.105653472,-0.103257291,-0.097819984,0.103257291,0.097819984,0.100216165,0.105653472,0.089996988,0.003504133,0.005030958
42.36181999,0.990690713,-0.136131964,0,0,-0.273111947,0,0,0.995776057,-0.091767222,0.001918766,-0.002338587,-0.183802331,0.003392116,-0.005009625,0.075649463,-0.002102554,-0.002464652,-0.093646287,-0.002173853,0.003003028,-0.097005732,-0.101659805,-0.099819839,-0.095165774,0.099819839,0.095165774,0.097005732,0.101659805,0.089309616,0.003392116,0.005009625
42.41030002,0.990944355,-0.134273171,0,0,-0.26935991,0,0,0.9959113,-0.090285473,0.001714186,-0.002505727,-0.180825854,0.002961896,-0.005300545,0.08440242,-0.001300871,-0.009000302,-0.093187294,-0.002157203,0.004351885,-0.095381953,-0.099696361,-0.090992592,-0.086678185,0.090992592,0.086678185,0.095381953,0.099696361,0.088534056,0.002961896,0.005300545
42.46372986,0.991195762,-0.132404537,0,0,-0.265588969,0,0,0.996199846,-0.08703576,0.002321415,-0.00230051,-0.174303511,0.004224745,-0.004987693,0.061125316,0.017379973,0.008586797,-0.090094152,-0.005832779,0.001308938,-0.095381953,-0.099696361,-0.090992592,-0.086678185,0.090992592,0.086678185,0.095381953,0.099696361,0.091285458,0.004224745,0.004987693
42.51412988,0.99181403,-0.127690755,0,0,-0.256080649,0,0,0.996309459,-0.085767142,0.002497245,-0.002318681,-0.171757829,0.004578339,-0.005048685,0.066789247,-9.09E-05,-0.00783056,-0.087362378,-0.007804062,0.001049482,-0.085570291,-0.097235844,-0.09461797,-0.082952417,0.09461797,0.082952417,0.085570291,0.097235844,0.08432282,0.004578339,0.005048685
42.56520987,0.992057055,-0.125788711,0,0,-0.252245634,0,0,0.996421576,-0.084449627,0.002431888,-0.002554027,-0.169113843,0.004415011,-0.005500601,0.068963312,-0.000844896,-0.010311602,-0.08715881,-0.003401791,0.003829719,-0.080607779,-0.096215896,-0.094116934,-0.078508817,0.094116934,0.078508817,0.080607779,0.096215896,0.083131791,0.004415011,0.005500601
42.61648989,0.992297528,-0.123877421,0,0,-0.248392916,0,0,0.99655956,-0.08279793,0.002363157,-0.002868813,-0.165799714,0.004235,-0.006109306,0.059928745,-0.003173948,-0.013962388,-0.08638267,-0.003152762,0.004553378,-0.087586723,-0.094390295,-0.08673086,-0.079927281,0.08673086,0.079927281,0.087586723,0.094390295,0.082593202,0.004235,0.006109306
42.66193986,0.992535382,-0.121957019,0,0,-0.244522765,0,0,0.996669471,-0.081452362,0.002331471,-0.003195558,-0.163100589,0.004126852,-0.006749745,0.063564636,0.000389665,-0.018477442,-0.085737014,-0.004197006,0.006602754,-0.08778327,-0.094088793,-0.08498203,-0.078676514,0.08498203,0.078676514,0.08778327,0.094088793,0.081422176,0.004126852,0.006749745
42.71222997,0.99277055,-0.120027643,0,0,-0.240635452,0,0,0.996780217,-0.080068454,0.002317145,-0.003607359,-0.160325257,0.004041707,-0.00756268,0.073268265,-0.003728271,-0.019553304,-0.082915004,-0.002379465,0.007447225,-0.088142745,-0.096536756,-0.083331242,-0.074937239,0.083331242,0.074937239,0.088142745,0.096536756,0.080310195,0.004041707,0.00756268
42.76821995,0.993232559,-0.116142511,0,0,-0.232810436,0,0,0.997070551,-0.076297127,0.002102406,-0.004982521,-0.152762517,0.003432196,-0.010256903,0.080568343,4.10E-05,-0.031509995,-0.082157324,-0.00417517,0.009231389,-0.087982751,-0.092741676,-0.077847227,-0.073088296,0.077847227,0.073088296,0.087982751,0.092741676,0.080047919,0.003432196,0.010256903
42.81351996,0.993571524,-0.113206124,0,0,-0.226898662,0,0,0.997204006,-0.074502349,0.002250777,-0.005361376,-0.149165744,0.003690105,-0.011028444,0.104815535,0.009656698,-0.012458864,-0.082419244,-0.003287843,0.011201604,-0.087213531,-0.095563866,-0.077101082,-0.068750747,0.077101082,0.068750747,0.087213531,0.095563866,0.077732918,0.003690105,0.011028444
42.86257005,0.993793788,-0.111238063,0,0,-0.222937516,0,0,0.997329772,-0.072774671,0.002477553,-0.005582947,-0.145704575,0.004129292,-0.011497035,0.09554103,0.009950249,-0.007313489,-0.085572344,-0.006035762,0.008434375,-0.090332992,-0.096908674,-0.074505463,-0.067929782,0.074505463,0.067929782,0.090332992,0.096908674,0.077232941,0.004129292,0.011497035
42.91443992,0.994013009,-0.109261788,0,0,-0.218960724,0,0,0.997451365,-0.071074113,0.00266522,-0.005685228,-0.142297397,0.004508725,-0.011720718,0.086494535,0.010807068,-0.003626943,-0.083038763,-0.006406473,0.007814703,-0.087970942,-0.100042462,-0.083173707,-0.071102194,0.083173707,0.071102194,0.087970942,0.100042462,0.076663327,0.004508725,0.011720718
42.96270991,0.994229124,-0.107277443,0,0,-0.214968564,0,0,0.997603118,-0.06889765,0.002870346,-0.005738971,-0.137936628,0.00493615,-0.011846372,0.090350963,0.001297146,0.001684577,-0.079542347,-0.006858086,0.007304582,-0.084446982,-0.097259916,-0.081630513,-0.068817571,0.081630513,0.068817571,0.084446982,0.097259916,0.077031936,0.00493615,0.011846372
43.01067996,0.994442071,-0.105285168,0,0,-0.210961317,0,0,0.997720957,-0.067174099,0.002896054,-0.00569691,-0.134481645,0.005013557,-0.011757348,0.082830347,0.005800277,0.00584349,-0.077189126,-0.00578299,0.005703721,-0.07998883,-0.093704991,-0.079095826,-0.065379664,0.079095826,0.065379664,0.07998883,0.093704991,0.076479672,0.005013557,0.011757348
43.05970002,0.994755423,-0.102282202,0,0,-0.204922773,0,0,0.997890949,-0.064626858,0.002842823,-0.005404657,-0.129374004,0.004975102,-0.011154328,0.080583252,-0.012883545,0.013757499,-0.076528003,-0.00300846,0.004133168,-0.077109843,-0.088675819,-0.077268377,-0.065702401,0.077268377,0.065702401,0.077109843,0.088675819,0.075548769,0.004975102,0.011154328
43.1196599,0.995061312,-0.099262203,0,0,-0.19885187,0,0,0.99804908,-0.06218091,0.002558329,-0.005020438,-0.12446724,0.004482339,-0.010339731,0.08081869,-0.014796856,0.012699515,-0.074753154,-0.000595739,0.003886961,-0.077652693,-0.08366961,-0.075403273,-0.069386363,0.075403273,0.069386363,0.077652693,0.08366961,0.07438463,0.004482339,0.010339731
43.17299009,0.995359544,-0.096225662,0,0,-0.192749565,0,0,0.998175979,-0.06015024,0.002246304,-0.004650078,-0.120393496,0.003925017,-0.009553642,0.084362179,-0.01307875,0.016453117,-0.073714224,0.000215498,0.00376527,-0.078044362,-0.079235837,-0.071461916,-0.070270441,0.071461916,0.070270441,0.078044362,0.079235837,0.072356069,0.003925017,0.009553642
43.21386004,0.995649928,-0.093173073,0,0,-0.186616823,0,0,0.998287201,-0.058313675,0.002398331,-0.004062954,-0.11671295,0.004314608,-0.008391877,0.097552687,0.009384007,0.035793334,-0.073455053,0.00020129,0.002712504,-0.077694975,-0.077263981,-0.069733441,-0.070164435,0.069733441,0.070164435,0.077694975,0.077263981,0.069903873,0.004314608,0.008391877
43.26297999,0.995744946,-0.092152063,0,0,-0.18456598,0,0,0.998396277,-0.056451101,0.002612079,-0.003402642,-0.112980405,0.004831631,-0.00708942,0.096107274,0.007378311,0.036899,-0.073695823,-0.005848745,-0.001288258,-0.076368831,-0.075966254,-0.07054124,-0.070943825,0.07054124,0.070943825,0.076368831,0.075966254,0.071585575,0.004831631,0.00708942
43.30923009,0.995932277,-0.090104933,0,0,-0.180454613,0,0,0.998499334,-0.054628,0.00279499,-0.00269011,-0.109326237,0.005287704,-0.005677624,0.095788389,0.000647456,0.037210435,-0.071442559,-0.003866821,-0.003245373,-0.066558808,-0.078256287,-0.080832809,-0.069135323,0.080832809,0.069135323,0.066558808,0.078256287,0.071128376,0.005287704,0.005677624
43.35908008,0.996206412,-0.087021744,0,0,-0.174263906,0,0,0.99862653,-0.052280698,0.002903545,-0.001854312,-0.104620935,0.005605253,-0.004007201,0.098555543,0.005842,0.033774227,-0.071203102,-0.005293553,-0.003695376,-0.064330354,-0.07206399,-0.078554735,-0.070821099,0.078554735,0.070821099,0.064330354,0.07206399,0.069642971,0.005605253,0.004007201
43.41979003,0.996558845,-0.082888289,0,0,-0.165966994,0,0,0.998824596,-0.048372004,0.003043219,-0.00064449,-0.096786999,0.006016969,-0.001581908,0.104782753,0.002447516,0.032115728,-0.069865967,-0.003825536,-0.003727255,-0.062214162,-0.072801262,-0.080192015,-0.069604911,0.080192015,0.069604911,0.062214162,0.072801262,0.069179995,0.006016969,0.001581908
43.46016002,0.996729342,-0.080812242,0,0,-0.16180092,0,0,0.998917818,-0.046407409,0.003096849,-7.99E-05,-0.09284999,0.00617962,-0.00044705,0.095810749,-0.0003919,0.026760247,-0.070383235,-0.004448757,-0.004903811,-0.062313162,-0.06996423,-0.077418737,-0.069767676,0.077418737,0.069767676,0.062313162,0.06996423,0.06895093,0.00617962,0.00044705
43.51344991,0.996895962,-0.078730183,0,0,-0.15762349,0,0,0.99905318,-0.043394323,0.003047677,0.000587449,-0.086813537,0.006140606,0.000909299,0.098871447,-0.00103116,0.019652396,-0.067937474,-0.003715003,-0.004691637,-0.061030652,-0.069928162,-0.079735786,-0.070838273,0.079735786,0.070838273,0.061030652,0.069928162,0.070809953,0.006140606,0.000909299
43.56456995,0.997058656,-0.076642267,0,0,-0.153434998,0,0,0.999138355,-0.041388895,0.002972114,0.000911135,-0.082797101,0.006014563,0.001574705,0.099449612,-0.007364154,0.018263608,-0.068098594,-0.003432325,-0.004299006,-0.059530821,-0.066960827,-0.076344095,-0.068914093,0.076344095,0.068914093,0.059530821,0.066960827,0.070637897,0.006014563,0.001574705
43.61141992,0.997217378,-0.074548645,0,0,-0.149235737,0,0,0.999218464,-0.039411377,0.002817449,0.00113858,-0.078837664,0.005720272,0.002053337,0.09753184,-0.01165867,0.011063368,-0.067031231,-0.000293525,-0.003496041,-0.060367249,-0.067231894,-0.075829908,-0.068965264,0.075829908,0.068965264,0.060367249,0.067231894,0.070398073,0.005720272,0.002053337
43.67225004,0.997522729,-0.070344899,0,0,-0.140806089,0,0,0.999384165,-0.034989249,0.002354588,0.001371888,-0.069986842,0.004802296,0.002577348,0.095943369,-0.011093915,0.002517551,-0.064490601,-0.000776773,-0.002529716,-0.063241653,-0.063828699,-0.070820779,-0.070233732,0.070820779,0.070233732,0.063241653,0.063828699,0.070819247,0.004802296,0.002577348
43.72026992,0.997740989,-0.06717826,0,0,-0.134457783,0,0,0.999458671,-0.032780521,0.002421943,0.001446046,-0.065566302,0.004936087,0.002731777,0.117104508,0.011413544,0.00941977,-0.063064708,0.000131197,-0.002284988,-0.061184097,-0.062737644,-0.067797072,-0.066243529,0.067797072,0.066243529,0.061184097,0.062737644,0.068891481,0.004936087,0.002731777
43.76534987,0.997949876,-0.06400035,0,0,-0.128088244,0,0,0.99952966,-0.03051989,0.002629612,0.001494169,-0.061041976,0.005347979,0.002826465,0.111607485,0.012021514,0.00275746,-0.065793863,-0.005914913,-0.003543306,-0.056335632,-0.068165451,-0.075252064,-0.063422248,0.075252064,0.063422248,0.056335632,0.068165451,0.067046268,0.005347979,0.002826465
43.81362009,0.998017399,-0.062938633,0,0,-0.12596052,0,0,0.999593377,-0.028339194,0.002812754,0.001484918,-0.056678243,0.005707413,0.002809254,0.108961016,0.002334267,0.000376254,-0.064062553,-0.006338186,-0.002482426,-0.056335632,-0.068165451,-0.075252064,-0.063422248,0.075252064,0.063422248,0.056335632,0.068165451,0.069282277,0.005707413,0.002809254
43.86176992,0.998149256,-0.060811696,0,0,-0.121698478,0,0,0.999663532,-0.025721435,0.003059666,0.001385029,-0.05144075,0.006188562,0.00261178,0.100853302,0.005771965,-0.005039573,-0.062760576,-0.004002871,-0.002073188,-0.055241931,-0.067918293,-0.072883144,-0.060206782,0.072883144,0.060206782,0.055241931,0.067918293,0.070257728,0.006188562,0.00261178
43.9138,0.998276831,-0.058680219,0,0,-0.117427896,0,0,0.999715924,-0.023601303,0.003117991,0.001187199,-0.047200247,0.00629029,0.002226591,0.105860107,0.003442914,-0.01087785,-0.059684236,-0.004710334,0.000200232,-0.056684505,-0.06469024,-0.068836622,-0.06083088,0.068836622,0.06083088,0.056684505,0.06469024,0.070227649,0.00629029,0.002226591
43.96391988,0.998460085,-0.055474839,0,0,-0.111006663,0,0,0.999802649,-0.019621709,0.003066087,0.00058239,-0.039242914,0.006153857,0.001044247,0.098850586,-0.008887053,-0.018137693,-0.057408093,-0.005327128,0.000605359,-0.055174123,-0.064594783,-0.064194322,-0.054773659,0.064194322,0.054773659,0.055174123,0.064594783,0.071763749,0.006153857,0.001044247
44.02318001,0.998689108,-0.051186585,0,0,-0.102417928,0,0,0.999846518,-0.017284881,0.002902144,5.14E-05,-0.034571618,0.005805205,2.51E-06,0.090361387,-0.006087125,-0.024519861,-0.056550199,-0.00142132,0.002195217,-0.052686315,-0.063340567,-0.062129848,-0.051475596,0.062129848,0.051475596,0.052686315,0.063340567,0.06784631,0.005805205,0.00000251
44.06892991,0.998849244,-0.047960282,0,0,-0.095957376,0,0,0.999876261,-0.015496423,0.002696479,-0.000438531,-0.030996782,0.005378725,-0.00096054,0.092167415,-0.003026426,-0.021995606,-0.054334576,-0.001994297,0.003947589,-0.056287859,-0.060276449,-0.05238127,-0.04839268,0.05238127,0.04839268,0.056287859,0.060276449,0.064960594,0.005378725,0.00096054
44.11343003,0.998900386,-0.046883028,0,0,-0.093800441,0,0,0.999904394,-0.0134992,0.002887911,-0.000795236,-0.027004142,0.005753832,-0.001668318,0.098849088,0.015179069,-0.014872849,-0.053539395,-0.002574215,0.004142129,-0.056287859,-0.060276449,-0.05238127,-0.04839268,0.05238127,0.04839268,0.056287859,0.060276449,0.066796299,0.005753832,0.001668318
44.16281987,0.998999296,-0.04472591,0,0,-0.089481671,0,0,0.999927461,-0.011585452,0.003124785,-0.001121894,-0.023178754,0.006223161,-0.002316076,0.097493082,0.010021777,-0.017920136,-0.051573529,-0.007646225,0.003382914,-0.055107299,-0.060255725,-0.051971465,-0.04682304,0.051971465,0.04682304,0.055107299,0.060255725,0.066302917,0.006223161,0.002316076
44.21017003,0.999093681,-0.042565446,0,0,-0.085156621,0,0,0.999954581,-0.008802187,0.003275092,-0.001680447,-0.017615863,0.006520348,-0.003418476,0.092286617,0.007516891,-0.018800795,-0.050988061,-0.00613428,0.005131207,-0.047310211,-0.062602654,-0.055836823,-0.040544383,0.055836823,0.040544383,0.047310211,0.062602654,0.067540758,0.006520348,0.003418476
44.26058007,0.99926877,-0.038235125,0,0,-0.076488895,0,0,0.999967515,-0.007076842,0.003278839,-0.002097905,-0.014167754,0.006527817,-0.004242184,0.085743524,-0.001229346,-0.019370021,-0.04768738,-0.003830472,0.005756039,-0.04998498,-0.062253535,-0.05199112,-0.039722566,0.05199112,0.039722566,0.04998498,0.062253535,0.062321141,0.006527817,0.004242184
44.31564999,0.999349425,-0.036065591,0,0,-0.072146828,0,0,0.99998343,-0.003829989,0.003098416,-0.002992342,-0.007678616,0.006173847,-0.006008468,0.079091653,-0.009256602,-0.021676719,-0.044711243,-0.001798395,0.006611463,-0.049612939,-0.05727388,-0.045761801,-0.038100861,0.045761801,0.038100861,0.049612939,0.05727388,0.064468212,0.006173847,0.006008468
44.36480999,0.999461729,-0.032806276,0,0,-0.065624328,0,0,0.999987662,-0.001924327,0.002900485,-0.003561064,-0.003869338,0.005787225,-0.007133382,0.08404924,-0.003767014,-0.019900503,-0.044155916,-0.001499716,0.007275761,-0.049524304,-0.05312109,-0.039898165,-0.036301374,0.039898165,0.036301374,0.049524304,0.05312109,0.06175499,0.005787225,0.007133382
44.41485,0.999563557,-0.029541434,0,0,-0.059091465,0,0,0.999988019,-0.000252881,0.003016613,-0.003894046,-0.000529259,0.006031218,-0.007789741,0.082185119,0.006555766,-0.01231283,-0.041816489,-0.002709151,0.007698879,-0.049931951,-0.052931383,-0.038379859,-0.035380431,0.038379859,0.035380431,0.049931951,0.052931383,0.058562206,0.006031218,0.007789741
44.46390009,0.999595159,-0.02845202,0,0,-0.05691172,0,0,0.999985456,0.001317387,0.003133679,-0.004214366,0.002608377,0.00627841,-0.008420616,0.076748453,0.002245605,-0.014013054,-0.04031273,-0.005586325,0.006826998,-0.046806209,-0.052224509,-0.036826748,-0.031408451,0.036826748,0.031408451,0.046806209,0.052224509,0.059520097,0.00627841,0.008420616
44.51370001,0.999709812,-0.024089237,0,0,-0.048183135,0,0,0.999980688,0.002810896,0.003154314,-0.004577529,0.005592945,0.006334281,-0.009137456,0.069726251,-0.00655055,-0.017516315,-0.037810252,-0.002292063,0.00855966,-0.041553397,-0.052726042,-0.039072044,-0.027899399,0.039072044,0.027899399,0.041553397,0.052726042,0.05377608,0.006334281,0.009137456
44.56458998,0.999760055,-0.021905056,0,0,-0.043813617,0,0,0.999974132,0.004227309,0.003115163,-0.004915258,0.008424041,0.006271763,-0.009804275,0.065746158,6.33E-05,-0.013537706,-0.035805447,-0.003991501,0.008310003,-0.044077843,-0.048661966,-0.031542644,-0.026958521,0.031542644,0.026958521,0.044077843,0.048661966,0.052237658,0.006271763,0.009804275
44.61716986,0.999805557,-0.019719233,0,0,-0.039441023,0,0,0.99995321,0.007421548,0.003151335,-0.005354444,0.014809495,0.006381894,-0.010662029,0.071329623,0.009096413,-0.005462765,-0.034246445,-0.00444136,0.007772638,-0.040123943,-0.048106942,-0.031486932,-0.023503937,0.031486932,0.023503937,0.040123943,0.048106942,0.054250518,0.006381894,0.010662029
44.66869998,0.999846304,-0.017531933,0,0,-0.035065662,0,0,0.999941528,0.008797484,0.003147536,-0.005469774,0.017560764,0.006390987,-0.010883962,0.066139549,0.000905246,-0.003571808,-0.031079014,-0.006389375,0.007509928,-0.037577718,-0.046460435,-0.030915156,-0.022032442,0.030915156,0.022032442,0.037577718,0.046460435,0.052626426,0.006390987,0.010883962
44.71893001,0.999898484,-0.014248569,0,0,-0.028498102,0,0,0.999928832,0.010084228,0.003131533,-0.005579879,0.020133836,0.006375199,-0.011096256,0.065157562,0.002007932,-0.0041008,-0.028846436,-0.004200477,0.007340429,-0.032199565,-0.044978306,-0.029958451,-0.017179707,0.029958451,0.017179707,0.032199565,0.044978306,0.048631938,0.006375199,0.011096256
44.77168989,0.999951319,-0.009867107,0,0,-0.019734534,0,0,0.999910593,0.011672583,0.003173813,-0.005716156,0.023309391,0.006480548,-0.011357677,0.0577651,0.002352148,-0.008991359,-0.027269114,-0.004460313,0.007573851,-0.031986386,-0.040387332,-0.025706474,-0.017305527,0.025706474,0.017305527,0.031986386,0.040387332,0.043043925,0.006480548,0.011357677
44.81742001,0.999970545,-0.007675184,0,0,-0.015350518,0,0,0.999894321,0.012881345,0.003200054,-0.005940092,0.025725337,0.006552511,-0.011797013,0.062789768,-0.000700355,-0.010621549,-0.025628982,-0.003783391,0.00885564,-0.030701229,-0.038268007,-0.020556724,-0.012989948,0.020556724,0.012989948,0.030701229,0.038268007,0.041075855,0.006552511,0.011797013
44.86485005,0.99998497,-0.005482685,0,0,-0.010965426,0,0,0.999877036,0.014060169,0.003224137,-0.006166822,0.028081416,0.00662094,-0.012242036,0.058235973,0.002745539,-0.008474291,-0.02406454,-0.004745673,0.009055602,-0.028374467,-0.037865806,-0.019754604,-0.010263262,0.019754604,0.010263262,0.028374467,0.037865806,0.039046842,0.00662094,0.012242036
44.91931987,0.999994589,-0.003289776,0,0,-0.006579563,0,0,0.99983108,0.016762648,0.003245312,-0.006819356,0.033482375,0.006718197,-0.013528323,0.051399332,-0.000303984,-0.01280904,-0.022000215,-0.004133568,0.010054622,-0.028374467,-0.037865806,-0.019754604,-0.010263262,0.019754604,0.010263262,0.028374467,0.037865806,0.040061938,0.006718197,0.013528323
44.96791005,0.999999399,-0.001096619,0,0,-0.002193239,0,0,0.999814868,0.017554501,0.003415854,-0.007109473,0.03506199,0.007080109,-0.014097205,0.002577156,0.044117119,-0.022034349,-0.019095566,-0.003924524,0.010617107,-0.027921267,-0.036188398,-0.016079154,-0.007812022,0.016079154,0.007812022,0.027921267,0.036188398,0.037255229,0.007080109,0.014097205
45.01992989,0.999999399,0.001096619,0,0,0.002193239,0,0,0.999798059,0.018141121,0.004065647,-0.007643312,0.036221957,0.008407065,-0.015137136,0.047001988,0.02712235,-0.021882357,-0.00704577,-0.015895895,0.012541053,-0.025788147,-0.033637188,-0.012402975,-0.004553933,0.012402975,0.004553933,0.025788147,0.033637188,0.034028718,0.008407065,0.015137136
45.06651998,0.99999038,0.004386271,0,0,0.008772571,0,0,0.999776423,0.018996559,0.004483098,-0.008136368,0.037922388,0.009273449,-0.016100158,0.038325045,0.02098754,-0.022080541,-0.012723863,-0.012158026,0.013199886,-0.003690937,-0.035482708,-0.010400601,0.02139117,0.010400601,-0.02139117,0.003690937,0.035482708,0.029149817,0.009273449,0.016100158
45.12010002,0.999961532,0.008771227,0,0,0.01754268,0,0,0.999753416,0.019792123,0.004946426,-0.008774408,0.039500018,0.01023792,-0.017350467,0.026405605,0.012917072,-0.024093689,-0.009614743,-0.011025734,0.013857034,-0.013765727,-0.038081765,-0.011681993,0.012634045,0.011681993,-0.012634045,0.013765727,0.038081765,0.021957338,0.01023792,0.017350467
45.16575003,0.999939907,0.010962801,0,0,0.021926041,0,0,0.999737918,0.020246789,0.005277472,-0.009297405,0.040398226,0.010928879,-0.018378363,0.019492956,0.013100356,-0.020331146,-0.005022606,-0.009887461,0.015014849,-0.012446048,-0.034497503,-0.006783434,0.015268021,0.006783434,-0.015268021,0.012446048,0.034497503,0.018472185,0.010928879,0.018378363
45.21763993,0.999913488,0.013153552,0,0,0.026307863,0,0,0.999720752,0.020501535,0.005846308,-0.010204235,0.040886685,0.012108048,-0.020165895,-0.008201601,0.011373314,-0.02420396,-0.001099917,-0.010914792,0.015763919,-0.010149999,-0.029924911,0.000104789,0.019879699,-0.000104789,-0.019879699,0.010149999,0.029924911,0.014578822,0.012108048,0.020165895
45.26779008,0.999882284,0.015343318,0,0,0.030687839,0,0,0.999717832,0.020290771,0.006122486,-0.010732193,0.040452954,0.012677384,-0.021213161,-0.017935038,0.004657358,-0.016607342,0.003749186,-0.010083281,0.01682088,-0.005949051,-0.027778622,0.003749217,0.025578788,-0.003749217,-0.025578788,0.005949051,0.027778622,0.009765115,0.012677384,0.021213161
45.31643987,0.999846304,0.017531933,0,0,0.035065662,0,0,0.999719977,0.019893436,0.006318123,-0.011155647,0.039648535,0.013076927,-0.022057339,-0.025811793,0.013665111,-0.021447241,0.010823785,-0.008573716,0.016223401,-0.00298842,-0.02315497,0.010486791,0.030653341,-0.010486791,-0.030653341,0.00298842,0.02315497,0.004582873,0.013076927,0.022057339
45.36289001,0.999805557,0.019719233,0,0,0.039441023,0,0,0.99972403,0.019430291,0.006488749,-0.01150256,0.038713735,0.013421315,-0.022750625,-0.019474329,0.007214399,-0.01306087,0.014498965,-0.011171596,0.017583212,0.003174093,-0.013973329,0.018473472,0.035620894,-0.018473472,-0.035620894,-0.003174093,0.013973329,0.000727288,0.013421315,0.022750625
45.41305995,0.999735526,0.022997362,0,0,0.045998779,0,0,0.999730766,0.018877314,0.006597218,-0.011781444,0.037601359,0.013636107,-0.02331174,-0.028939545,0.001668185,-0.014054776,0.015814959,-0.009633997,0.01661116,0.008087339,-0.01425584,0.020910583,0.043253765,-0.020910583,-0.043253765,-0.008087339,0.01425584,0.00839742,0.013636107,0.02331174
45.46364999,0.999625588,0.027362072,0,0,0.054730975,0,0,0.999741852,0.01802836,0.006726535,-0.012081845,0.035896042,0.013885675,-0.023919501,-0.036503375,0.001467019,-0.009778142,0.021582353,-0.008370368,0.016787588,0.008837787,-0.010430196,0.022792125,0.042060107,-0.022792125,-0.042060107,-0.008837787,0.010430196,0.018834933,0.013885675,0.023919501
45.51751995,0.999563557,0.029541434,0,0,0.059091465,0,0,0.999765038,0.016405303,0.006849866,-0.01240669,0.032641967,0.014104051,-0.024587721,-0.037406385,0.003408641,-0.003615022,0.024300402,-0.009129018,0.016826119,0.013165123,-0.003575603,0.029999575,0.046740301,-0.029999575,-0.046740301,-0.013165123,0.003575603,0.026449498,0.014104051,0.024587721
45.56843996,0.999496839,0.031718583,0,0,0.063447807,0,0,0.9997769,0.015648825,0.00686286,-0.012420013,0.031128317,0.014111842,-0.02462463,-0.026400387,-0.006546081,0.005782396,0.029005423,-0.008943516,0.016192034,0.016603289,-0.001654735,0.031997502,0.05025553,-0.031997502,-0.05025553,-0.016603289,0.001654735,0.03231949,0.014111842,0.02462463
45.61467004,0.999425455,0.033893356,0,0,0.067799696,0,0,0.999784172,0.01562633,0.006412579,-0.012099242,0.031098459,0.013200905,-0.023997243,0.00724569,-0.017358365,0.017600507,0.030748277,-0.006274097,0.014640404,0.021756891,0.003869871,0.03625394,0.054140963,-0.03625394,-0.054140963,-0.021756891,-0.003869871,0.036701237,0.013200905,0.023997243
45.66329003,0.999309674,0.037150705,0,0,0.074318513,0,0,0.999790013,0.015660863,0.00608358,-0.011735886,0.031179855,0.012532521,-0.023280225,0.002307445,-0.017414989,0.021543354,0.027215384,-0.002821654,0.012244423,0.022381958,0.009833773,0.03911458,0.051662769,-0.03911458,-0.051662769,-0.022381958,-0.009833773,0.043138658,0.012532521,0.023280225
45.72158003,0.999139168,0.04148401,0,0,0.082991835,0,0,0.999796569,0.015686376,0.005772396,-0.01128619,0.031243368,0.011896803,-0.022390148,0.00250861,-0.015565756,0.024607036,0.03014223,-0.002391789,0.011124325,0.017792607,0.012149301,0.036638148,0.042281456,-0.036638148,-0.042281456,-0.017792607,-0.012149301,0.051748467,0.011896803,0.022390148
45.76500988,0.998999296,0.04472591,0,0,0.08948167,0,0,0.999802113,0.015790267,0.00544433,-0.010812009,0.031463726,0.011228188,-0.021450798,0.002367049,-0.015319887,0.02721921,0.032177664,-0.002175426,0.009003094,0.021409685,0.01662611,0.03887476,0.043658335,-0.03887476,-0.043658335,-0.021409685,-0.01662611,0.058017944,0.011228188,0.021450798
45.8132999,0.998950405,0.045804897,0,0,0.091641859,0,0,0.999808848,0.01592985,0.005062694,-0.01015466,0.031757853,0.010447164,-0.020146599,0.002380461,-0.01755953,0.02867654,0.034206112,-0.001117928,0.007935846,0.025349988,0.020999137,0.039005328,0.043356176,-0.039005328,-0.043356176,-0.025349988,-0.020999137,0.059884006,0.010447164,0.020146599
45.86407996,0.998849244,0.047960282,0,0,0.095957375,0,0,0.999821246,0.016046111,0.004500589,-0.008937491,0.03201288,0.009286525,-0.017729044,0.006794184,-0.01630038,0.030905755,0.037672889,-0.002273857,0.006859962,0.027388185,0.025152331,0.041024022,0.043259878,-0.041024022,-0.043259878,-0.027388185,-0.025152331,0.063944495,0.009286525,0.017729044
45.91399002,0.9987436,0.050112081,0,0,0.100266157,0,0,0.999825597,0.016150458,0.004261333,-0.008352364,0.032230924,0.008791083,-0.016565569,0.007048995,-0.013022126,0.029359013,0.039704918,-0.000756436,0.006054232,0.033086773,0.028539063,0.042258989,0.046806701,-0.042258989,-0.046806701,-0.033086773,-0.028539063,0.068035233,0.008791083,0.016565569
45.96331001,0.998633506,0.052260133,0,0,0.104567901,0,0,0.999827385,0.01636208,0.004036369,-0.00782045,0.03266232,0.008327358,-0.015507273,0.009316951,-0.005704165,0.026891386,0.042746038,-0.001333773,0.00559338,0.034407113,0.032894243,0.045002706,0.046515577,-0.045002706,-0.046515577,-0.034407113,-0.032894243,0.071905581,0.008327358,0.015507273
46.01598001,0.998400088,0.056544361,0,0,0.113149072,0,0,0.999827445,0.016685773,0.003785269,-0.007240418,0.03331815,0.007810935,-0.014352946,0.017753989,-0.009824337,0.019332021,0.045381654,-0.002998715,0.005354904,0.038486421,0.035818875,0.047005638,0.049673181,-0.047005638,-0.049673181,-0.038486421,-0.035818875,0.079830922,0.007810935,0.014352946
46.06665993,0.998213581,0.059746515,0,0,0.119564236,0,0,0.99982518,0.017014176,0.003643544,-0.00684816,0.033979997,0.007518916,-0.013570741,0.017205628,-0.001315773,0.01929328,0.044735387,-0.003721991,0.005422509,0.043025453,0.037028026,0.047737837,0.05373526,-0.047737837,-0.05373526,-0.043025453,-0.037028026,0.085584239,0.007518916,0.013570741
46.12046004,0.998083861,0.061875741,0,0,0.123830585,0,0,0.999818802,0.017661339,0.003401487,-0.006252489,0.035281923,0.007022651,-0.012383182,0.011587891,-0.004506111,0.016360732,0.049092414,-0.002639469,0.005696156,0.043034855,0.03559088,0.0464359,0.053879876,-0.0464359,-0.053879876,-0.043034855,-0.03559088,0.088548662,0.007022651,0.012383182
46.17030001,0.997949876,0.06400035,0,0,0.128088243,0,0,0.999815047,0.017981295,0.003305814,-0.005966248,0.035925055,0.006825019,-0.011811954,0.011587888,-0.003387034,0.011061878,0.051549623,-0.00257184,0.005187123,0.046035714,0.040756781,0.052149091,0.057428028,-0.052149091,-0.057428028,-0.046035714,-0.040756781,0.092163188,0.006825019,0.011811954
46.21486998,0.997811666,0.066120183,0,0,0.132336912,0,0,0.999813735,0.01812204,0.003259501,-0.005797452,0.03620826,0.006727961,-0.011475117,0.008707494,-0.00076294,0.003556162,0.053439762,-0.002752153,0.005731515,0.048934326,0.04379065,0.054164898,0.059308574,-0.054164898,-0.059308574,-0.048934326,-0.04379065,0.096128652,0.006727961,0.011475117
46.26952005,0.997522729,0.070344899,0,0,0.140806089,0,0,0.999813497,0.018183008,0.00318838,-0.005677845,0.036331804,0.006582098,-0.011238104,-0.000712276,0.000628084,0.002477318,0.055909955,-0.003382999,0.006798027,0.050460387,0.044956084,0.056419116,0.061923418,-0.056419116,-0.061923418,-0.050460387,-0.044956084,0.104474285,0.006582098,0.011238104
46.32239986,0.997295236,0.073499742,0,0,0.14713216,0,0,0.99981302,0.018248955,0.003128453,-0.005567135,0.036465098,0.006458971,-0.01101846,0.008038432,-0.000905991,0.005216151,0.060549254,-0.00365405,0.006836175,0.052494913,0.045728918,0.059324972,0.066090964,-0.059324972,-0.066090964,-0.052494913,-0.045728918,0.110667062,0.006458971,0.01101846
46.3745699,0.997058656,0.076642267,0,0,0.153434998,0,0,0.999809206,0.018542316,0.003109301,-0.00529759,0.037053853,0.006413919,-0.010478258,0.001285225,0.009832532,0.009792298,0.064233545,-0.005994908,0.005378046,0.057367112,0.050059017,0.063731365,0.071039461,-0.063731365,-0.071039461,-0.057367112,-0.050059017,0.116381145,0.006413919,0.010478258
46.41472006,0.996977802,0.077686948,0,0,0.155530608,0,0,0.999812722,0.018287381,0.003545265,-0.005250016,0.036539785,0.007281285,-0.010368859,-0.011175871,0.021316856,-4.02E-05,0.068400181,-0.009574789,0.006787714,0.06485039,0.05286058,0.063616671,0.07560648,-0.063616671,-0.07560648,-0.06485039,-0.05286058,0.118990823,0.007281285,0.010368859
46.46500993,0.99681314,0.079771954,0,0,0.159713606,0,0,0.999815583,0.017981721,0.004445302,-0.005079859,0.035920845,0.009071777,-0.009998553,-0.000911951,0.024066122,0.007418543,0.06896115,-0.008947142,0.005345703,0.071187235,0.052037667,0.065613098,0.084762663,-0.065613098,-0.084762663,-0.071187235,-0.052037667,0.123792761,0.009071777,0.009998553
46.51593995,0.996558845,0.082888289,0,0,0.165966994,0,0,0.999812305,0.018071169,0.004966655,-0.004918256,0.036096379,0.010109375,-0.009655803,0.011984259,0.016766043,0.008095056,0.070915346,-0.011413229,0.005411454,0.072562568,0.054668296,0.065359697,0.083253972,-0.065359697,-0.083253972,-0.072562568,-0.054668296,0.129870615,0.010109375,0.009655803
46.57009006,0.996295935,0.085990757,0,0,0.172194173,0,0,0.999806464,0.018328499,0.005347289,-0.004757435,0.036609358,0.010867113,-0.009317697,0.018302351,0.01595691,0.009158999,0.070720767,-0.010124506,0.005154473,0.076917097,0.054090656,0.064913563,0.087740004,-0.064913563,-0.087740004,-0.076917097,-0.054090656,0.135584815,0.010867113,0.009317697
46.61882997,0.996115958,0.088051115,0,0,0.176330581,0,0,0.999797821,0.018735114,0.005684829,-0.004587559,0.037421717,0.011539512,-0.008960968,0.026576966,0.015599282,0.010088829,0.071535823,-0.010384178,0.004823124,0.075690776,0.055441778,0.065750726,0.085999727,-0.065750726,-0.085999727,-0.075690776,-0.055441778,0.138908864,0.011539512,0.008960968
46.67102003,0.995839065,0.091129343,0,0,0.182511897,0,0,0.99978596,0.019310396,0.00597899,-0.004407053,0.038572224,0.012125921,-0.008582043,0.038269904,0.012730805,0.009556859,0.072939053,-0.010705563,0.004507555,0.077096857,0.056328513,0.065974757,0.086743101,-0.065974757,-0.086743101,-0.077096857,-0.056328513,0.143939673,0.012125921,0.008582043
46.7241199,0.995554017,0.094192355,0,0,0.188664393,0,0,0.999761164,0.020365106,0.006937034,-0.003849232,0.0406823,0.014027994,-0.007414876,0.02606139,0.019695612,0.012133271,0.078185374,-0.013782934,0.003475518,0.079137035,0.057725925,0.066741034,0.088152148,-0.066741034,-0.088152148,-0.079137035,-0.057725925,0.147982093,0.014027994,0.007414876
46.76092005,0.99545722,0.095209891,0,0,0.190708652,0,0,0.999761164,0.020365106,0.006937034,-0.003849232,0.0406823,0.014027994,-0.007414876,0.02606139,0.019695612,0.012133271,0.078122278,-0.013385151,0.003419482,0.088492766,0.060926914,0.067877948,0.0954438,-0.067877948,-0.0954438,-0.088492766,-0.060926914,0.150026352,0.014027994,0.007414876
46.82452989,0.995061312,0.099262203,0,0,0.198851869,0,0,0.999730825,0.021673247,0.007560397,-0.003369796,0.043302448,0.015263385,-0.006410851,0.040175766,0.016195329,0.012535603,0.078523853,-0.013294553,0.002964926,0.088087924,0.061317634,0.0681566,0.094926886,-0.0681566,-0.094926886,-0.088087924,-0.061317634,0.155549421,0.015263385,0.006410851
46.87061,0.994858225,0.101277404,0,0,0.202902686,0,0,0.999713659,0.022332149,0.008063747,-0.002997255,0.044623867,0.01625746,-0.005633406,0.028748065,0.019025059,0.017978996,0.07899011,-0.013259487,0.002860986,0.088853456,0.062264364,0.068194218,0.094783306,-0.068194218,-0.094783306,-0.088853456,-0.062264364,0.158278819,0.01625746,0.005633406
46.92557001,0.994651792,0.103285107,0,0,0.206939263,0,0,0.999697089,0.022980351,0.008411487,-0.00267125,0.045924559,0.016941456,-0.004955014,0.03689006,0.015542657,0.01443252,0.082524948,-0.014674014,0.001550684,0.089388587,0.062869631,0.068591602,0.095110558,-0.068591602,-0.095110558,-0.089388587,-0.062869631,0.161014704,0.016941456,0.004955014
46.96985007,0.994442071,0.105285168,0,0,0.210961316,0,0,0.999676764,0.023740629,0.008798221,-0.002332957,0.047450089,0.017702449,-0.004247333,0.027895721,0.022017211,0.020652266,0.085322122,-0.014192513,0.001841633,0.095648251,0.066300243,0.069401607,0.098749623,-0.069401607,-0.098749623,-0.095648251,-0.066300243,0.163511227,0.017702449,0.004247333
47.01999998,0.994121458,0.108270615,0,0,0.216966547,0,0,0.999656916,0.024429381,0.009250931,-0.001959043,0.048833589,0.018592298,-0.003465358,0.041604791,0.02175644,0.019200889,0.086060348,-0.016960634,0.000273739,0.097672977,0.069287963,0.072971232,0.101356238,-0.072971232,-0.101356238,-0.097672977,-0.069287963,0.168132958,0.018592298,0.003465358
47.07519007,0.993683033,0.112223129,0,0,0.224920062,0,0,0.999592781,0.026552696,0.010410424,-0.001002738,0.053099384,0.020867132,-0.001452126,0.047241896,0.020330401,0.020801276,0.087053518,-0.017952869,-0.000614647,0.102747217,0.068825968,0.069373444,0.103294693,-0.069373444,-0.103294693,-0.102747217,-0.068825968,0.171820678,0.020867132,0.001452126
47.11985994,0.99345927,0.114187031,0,0,0.22887328,0,0,0.999562502,0.027499378,0.010881165,-0.000592574,0.055002565,0.02178712,-0.000586319,0.043203682,0.024328386,0.022155792,0.087815611,-0.018124301,-0.000988012,0.105621003,0.069715284,0.06848599,0.104391709,-0.06848599,-0.104391709,-0.105621003,-0.069715284,0.173870715,0.02178712,0.000586319
47.17066002,0.99323256,0.11614251,0,0,0.232810435,0,0,0.999529243,0.028481169,0.011416384,-0.000133679,0.056978123,0.022831612,0.000383172,0.055404756,0.025577098,0.020205231,0.089900864,-0.019814748,-0.00163968,0.106927894,0.070679314,0.068703286,0.104951866,-0.068703286,-0.104951866,-0.106927894,-0.070679314,0.175832312,0.022831612,0.000383172
47.21958995,0.993002964,0.118089427,0,0,0.236731251,0,0,0.999481082,0.029834233,0.012138628,0.000424268,0.059700789,0.024241717,0.001572852,0.05160943,0.029111654,0.024686009,0.089224994,-0.020858226,-0.001775159,0.11135526,0.071725786,0.068446428,0.108075902,-0.068446428,-0.108075902,-0.11135526,-0.071725786,0.177030462,0.024241717,0.001572852
47.2699399,0.99277055,0.120027642,0,0,0.240635452,0,0,0.999433815,0.031120317,0.012775487,0.000839127,0.062287298,0.025487031,0.002473264,0.079130389,0.031758092,0.018586963,0.092938798,-0.022762491,-0.003073704,0.111858346,0.070141919,0.066591598,0.108308032,-0.066591598,-0.108308032,-0.111858346,-0.070141919,0.178348154,0.025487031,0.002473264
47.31736994,0.992535382,0.121957019,0,0,0.244522765,0,0,0.999383032,0.032413349,0.013471455,0.001305653,0.064890757,0.026844864,0.003484266,0.067608804,0.042402003,0.027302654,0.091663389,-0.028048848,-0.004362669,0.118774958,0.073250003,0.067102596,0.112627551,-0.067102596,-0.112627551,-0.118774958,-0.073250003,0.179632008,0.026844864,0.003484266
47.36655999,0.992177615,0.124834213,0,0,0.250321471,0,0,0.999261498,0.035324778,0.014957877,0.00225424,0.070755086,0.029738777,0.005564405,0.075726949,0.036289535,0.024142116,0.091588194,-0.028308453,-0.004204182,0.124074869,0.067977205,0.059251867,0.115349531,-0.059251867,-0.115349531,-0.124074869,-0.067977205,0.179566385,0.029738777,0.005564405
47.41975999,0.991691583,0.128638268,0,0,0.257991433,0,0,0.999173224,0.037307959,0.015918268,0.002828452,0.074751135,0.031604415,0.006843451,0.078905374,0.038238619,0.026977807,0.092445044,-0.028392798,-0.004722611,0.124100789,0.067483917,0.059075557,0.115692429,-0.059075557,-0.115692429,-0.124100789,-0.067483917,0.183240298,0.031604415,0.006843451
47.46902991,0.991444861,0.130526192,0,0,0.261799388,0,0,0.999095857,0.038962517,0.016699029,0.003280185,0.078086219,0.033118299,0.007860101,0.084646806,0.04108027,0.023289774,0.092682221,-0.030183138,-0.005733628,0.125560418,0.068774857,0.059329633,0.116115198,-0.059329633,-0.116115198,-0.125560418,-0.068774857,0.183713169,0.033118299,0.007860101
47.51911998,0.991195762,0.132404537,0,0,0.265588969,0,0,0.99901247,0.040671159,0.01749913,0.003730862,0.08153178,0.034667158,0.008883228,0.087221727,0.039879244,0.020021945,0.092656048,-0.031960618,-0.005510872,0.128598943,0.068232708,0.056765452,0.117131695,-0.056765452,-0.117131695,-0.128598943,-0.068232708,0.184057189,0.034667158,0.008883228
47.56886006,0.990944355,0.134273171,0,0,0.26935991,0,0,0.998948872,0.041963745,0.017988974,0.00409274,0.084139008,0.035604154,0.009692939,0.018694254,0.004147738,0.010266156,0.094970272,-0.032696066,-0.005318291,0.130127504,0.066206299,0.055184554,0.119105756,-0.055184554,-0.119105756,-0.130127504,-0.066206299,0.185220902,0.035604154,0.009692939
47.61949992,0.990690713,0.136131963,0,0,0.273111946,0,0,0.998925626,0.042544357,0.017891923,0.004187506,0.085303923,0.035396479,0.009894773,0.037903342,-0.00512898,0.005506724,0.104966953,-0.021310301,-0.003366417,0.132984594,0.067592494,0.056955915,0.122348003,-0.056955915,-0.122348003,-0.132984594,-0.067592494,0.187808023,0.035396479,0.009894773
47.66033006,0.990434906,0.137980784,0,0,0.276844815,0,0,0.998889327,0.043435223,0.017775031,0.004194027,0.08708683,0.035153478,0.009929159,0.053922091,-0.004528462,0.001021475,0.103592618,-0.021323352,-0.00258407,0.129643634,0.087023057,0.080290221,0.122910798,-0.080290221,-0.122910798,-0.129643634,-0.087023057,0.189757985,0.035153478,0.009929159
47.72001005,0.989786397,0.142558369,0,0,0.286091411,0,0,0.998769343,0.04628367,0.017405376,0.003864701,0.092775828,0.034416952,0.009336721,0.090675808,-0.011475385,-0.008904934,0.101515256,-0.019345217,-0.001847173,0.127500013,0.084853329,0.079685189,0.122331865,-0.079685189,-0.122331865,-0.127500013,-0.084853329,0.193315583,0.034416952,0.009336721
47.7671299,0.989523589,0.144371282,0,0,0.289755137,0,0,0.998636365,0.049234372,0.017025586,0.003411357,0.098666475,0.033675187,0.008494815,0.112701222,-0.014275315,-0.015571716,0.099422684,-0.018967569,-0.000462204,0.122707613,0.084017202,0.080322854,0.119013265,-0.080322854,-0.119013265,-0.122707613,-0.084017202,0.191088662,0.033675187,0.008494815
47.81947995,0.989258947,0.146173652,0,0,0.293398528,0,0,0.99852711,0.051502969,0.016796546,0.003029221,0.103195919,0.033237697,0.007784039,0.088248402,0.001191348,-0.012570621,0.097637549,-0.017677379,0.001244143,0.118852422,0.080917306,0.079992898,0.117928013,-0.079992898,-0.117928013,-0.118852422,-0.080917306,0.190202609,0.033237697,0.007784039
47.86923004,0.988992545,0.147965354,0,0,0.297021327,0,0,0.998453975,0.052797403,0.017147865,0.002862142,0.105787735,0.033946996,0.007530569,0.069767989,0.01824126,-0.00857562,0.102260889,-0.021432415,0.001190533,0.114070751,0.078716017,0.081204303,0.116559036,-0.081204303,-0.116559036,-0.114070751,-0.078716017,0.191233592,0.033946996,0.007530569
47.91384006,0.988724459,0.149746266,0,0,0.30062328,0,0,0.99836278,0.054391835,0.017500091,0.002661736,0.108979636,0.034660264,0.007222881,0.087177008,0.017189236,-0.009065867,0.102592082,-0.026476415,0.001205467,0.122502737,0.07963793,0.082018994,0.124883801,-0.082018994,-0.124883801,-0.122502737,-0.07963793,0.191643644,0.034660264,0.007222881
47.96126986,0.988454765,0.151516264,0,0,0.304204134,0,0,0.998222232,0.056798946,0.017910371,0.002347747,0.113797019,0.035497814,0.006726015,0.102532662,0.01679435,-0.009037553,0.101288747,-0.026820314,0.001718486,0.12786299,0.074910194,0.077321127,0.130273923,-0.077321127,-0.130273923,-0.12786299,-0.074910194,0.190407115,0.035497814,0.006726015
48.01844001,0.987773992,0.15589272,0,0,0.313062317,0,0,0.99803251,0.060031589,0.018014476,0.001710426,0.120254892,0.035760322,0.005580592,0.070571162,-0.008243322,-0.015704336,0.106244511,-0.020953856,0.002882859,0.126390532,0.072749943,0.07618691,0.129827514,-0.07618691,-0.129827514,-0.126390532,-0.072749943,0.192807425,0.035760322,0.005580592
48.06517005,0.987499271,0.157623573,0,0,0.316567356,0,0,0.997949481,0.061443936,0.017886987,0.001382483,0.123073277,0.035538195,0.00496054,0.081977993,-0.005291402,-0.01296401,0.108319044,-0.020190818,0.003677932,0.12431547,0.082407787,0.088173501,0.130081192,-0.088173501,-0.130081192,-0.12431547,-0.082407787,0.193494079,0.035538195,0.00496054
48.12012005,0.987223286,0.159342975,0,0,0.320050178,0,0,0.997822464,0.063530572,0.017698731,0.000970929,0.127240522,0.035204287,0.004189059,0.095807768,-0.009529294,-0.010317564,0.109039878,-0.020755236,0.003671141,0.124831893,0.084450282,0.091806144,0.132187754,-0.091806144,-0.132187754,-0.124831893,-0.084450282,0.192809656,0.035204287,0.004189059
48.16895008,0.986946117,0.161050809,0,0,0.323510537,0,0,0.997706592,0.06536822,0.017562615,0.000633028,0.130912219,0.034969029,0.003561409,0.094904751,-0.003686548,-0.018551948,0.107240869,-0.019327436,0.003736188,0.126123935,0.084613487,0.091955774,0.133466214,-0.091955774,-0.133466214,-0.126123935,-0.084613487,0.192598318,0.034969029,0.003561409
48.21420002,0.98666784,0.16274696,0,0,0.326948191,0,0,0.997573853,0.067409918,0.017391313,0.000210835,0.134990561,0.034676756,0.002767008,0.110021986,-0.007873773,-0.01591444,0.104349057,-0.019229278,0.005599315,0.122832082,0.084177233,0.091649607,0.130304456,-0.091649607,-0.130304456,-0.122832082,-0.084177233,0.19195763,0.034676756,0.002767008
48.26081992,0.986388536,0.164431313,0,0,0.330362899,0,0,0.997419655,0.069695905,0.017224347,-0.000238547,0.139558761,0.034399833,0.00192621,0.120715059,-0.00832677,-0.01878887,0.102936944,-0.018806413,0.00664267,0.117978983,0.079520449,0.090719081,0.129177615,-0.090719081,-0.129177615,-0.117978983,-0.079520449,0.190804138,0.034399833,0.00192621
48.32262993,0.985686292,0.168589839,0,0,0.338797709,0,0,0.997108579,0.074050605,0.017024545,-0.001181989,0.148261314,0.034132313,0.000164308,0.074528903,-0.002376735,-0.01783669,0.109691758,-0.019770626,0.006476452,0.115100652,0.077487849,0.090773188,0.128385991,-0.090773188,-0.128385991,-0.115100652,-0.077487849,0.190536395,0.034132313,0.000164308
48.37368989,0.985262611,0.171048495,0,0,0.343787498,0,0,0.996980429,0.075749062,0.017028805,-0.001524752,0.151657698,0.034192423,-0.000460734,0.098987676,-0.003962219,-0.01374334,0.114052936,-0.019936157,0.007670735,0.122985899,0.08344467,0.096397571,0.135938793,-0.096397571,-0.135938793,-0.122985899,-0.08344467,0.1921298,0.034192423,0.000460734
48.41699004,0.985121054,0.171861887,0,0,0.345438735,0,0,0.996835232,0.077636003,0.016995711,-0.001832127,0.155433835,0.034174976,-0.001014292,0.093240283,-0.001618266,-0.012443959,0.11060731,-0.01944923,0.00744503,0.126318321,0.086446032,0.1017875,0.141659796,-0.1017875,-0.141659796,-0.126318321,-0.086446032,0.1900049,0.034174976,0.001014292
48.46444989,0.984837506,0.173479353,0,0,0.348722998,0,0,0.99659574,0.080661289,0.016924042,-0.002118515,0.161496108,0.034081211,-0.001493243,0.106645398,-0.001484156,-0.000576675,0.112130375,-0.019962173,0.007620177,0.122611471,0.08371304,0.0986031,0.137501538,-0.0986031,-0.137501538,-0.122611471,-0.08371304,0.18722689,0.034081211,0.001493243
48.51444006,0.984411247,0.175882051,0,0,0.353603431,0,0,0.996438861,0.082603894,0.016763106,-0.002296151,0.16538943,0.033792591,-0.001807585,0.088264793,-0.013063849,-0.009812415,0.109783338,-0.019863637,0.005991021,0.124472335,0.084548011,0.099788368,0.139712691,-0.099788368,-0.139712691,-0.124472335,-0.084548011,0.188214001,0.033792591,0.001807585
48.55991006,0.984126567,0.177468028,0,0,0.356826079,0,0,0.996294081,0.084369548,0.016545,-0.002502868,0.168926947,0.033395905,-0.002196623,0.086776152,-0.007785856,-0.003284216,0.112628563,-0.017641109,0.006856233,0.123655915,0.083928667,0.095910713,0.135637954,-0.095910713,-0.135637954,-0.123655915,-0.083928667,0.187899132,0.033395905,0.002196623
48.62036991,0.983556346,0.180601537,0,0,0.363196021,0,0,0.995937526,0.088486783,0.01649197,-0.002603308,0.177192294,0.033316816,-0.002268082,0.097092263,0.007957966,0.004046411,0.111546578,-0.01812323,0.006639389,0.123413406,0.088131204,0.10184367,0.137125865,-0.10184367,-0.137125865,-0.123413406,-0.088131204,0.186003727,0.033316816,0.002268082
48.66509986,0.983128243,0.182917625,0,0,0.367906664,0,0,0.995766282,0.090382129,0.016571524,-0.002455699,0.181005026,0.033452869,-0.001896127,0.093147904,-0.000952184,0.007090719,0.112510247,-0.021711826,0.005811369,0.123030387,0.086783946,0.10006272,0.136309162,-0.10006272,-0.136309162,-0.123030387,-0.086783946,0.186901638,0.033452869,0.001896127
48.71637988,0.982985513,0.183683102,0,0,0.369464004,0,0,0.995606661,0.092135563,0.016529746,-0.002302238,0.184532943,0.033344662,-0.001539148,0.094581388,-0.002625584,0.011024622,0.115197441,-0.019468995,0.005184221,0.128410667,0.084987037,0.096609779,0.140033409,-0.096609779,-0.140033409,-0.128410667,-0.084987037,0.184931061,0.033344662,0.001539148
48.76300001,0.982700067,0.185204152,0,0,0.372559209,0,0,0.9954319,0.09402588,0.016439887,-0.00208928,0.188338185,0.033128522,-0.001068508,0.10105893,-0.001049042,0.015383215,0.115496689,-0.019006513,0.004353576,0.12948218,0.090544209,0.100912653,0.139850616,-0.100912653,-0.139850616,-0.12948218,-0.090544209,0.184221024,0.033128522,0.001068508
48.81295991,0.982414709,0.186711915,0,0,0.375628267,0,0,0.995206773,0.096394859,0.01639241,-0.001699697,0.193112165,0.032961324,-0.000222933,0.09043292,0.004763156,0.020434709,0.114856874,-0.019359557,0.003373122,0.130149588,0.092136584,0.100843735,0.138856739,-0.100843735,-0.138856739,-0.130149588,-0.092136584,0.182516102,0.032961324,0.000222933
48.86047006,0.981844576,0.189687188,0,0,0.381687081,0,0,0.995026112,0.098237053,0.016454233,-0.001322973,0.196828316,0.033010708,0.000600373,0.098504886,0.003185124,0.02136901,0.11441813,-0.020672606,0.001464697,0.130843267,0.092124179,0.098870426,0.137589514,-0.098870426,-0.137589514,-0.130843267,-0.092124179,0.184858765,0.033010708,0.000600373
48.91283989,0.98155996,0.191154504,0,0,0.384676411,0,0,0.994833767,0.100171141,0.016457627,-0.000894027,0.200731209,0.032930264,0.001519165,0.096655637,0.004405529,0.024206191,0.11512951,-0.021095082,0.00049308,0.133625999,0.092280813,0.095210209,0.136555389,-0.095210209,-0.136555389,-0.133625999,-0.092280813,0.183945202,0.032930264,0.001519165
48.96624995,0.981133826,0.193329813,0,0,0.389109721,0,0,0.994459927,0.103817567,0.016475955,-1.75E-05,0.208093803,0.032778858,0.003387967,0.092817113,0.003293902,0.024931878,0.116092492,-0.019857599,0.000212728,0.135731474,0.093541339,0.094527498,0.136717632,-0.094527498,-0.136717632,-0.135731474,-0.093541339,0.181015918,0.032778858,0.003387967
49.01841998,0.980708876,0.195474041,0,0,0.393481585,0,0,0.99417603,0.106504597,0.016453778,0.000669184,0.213521792,0.032579112,0.004837964,0.09543971,-0.002498925,0.02570376,0.118826773,-0.021005295,-0.000596187,0.13573733,0.096022151,0.096447609,0.136162788,-0.096447609,-0.136162788,-0.13573733,-0.096022151,0.179959793,0.032579112,0.004837964
49.06159997,0.980567536,0.196181824,0,0,0.394925099,0,0,0.993983269,0.10828498,0.016443985,0.001121266,0.217119054,0.032452954,0.005793396,0.09563639,0.006867199,0.025286527,0.118293876,-0.019600444,-0.001533765,0.140428215,0.098417655,0.097225279,0.139235839,-0.097225279,-0.139235839,-0.140428215,-0.098417655,0.177806045,0.032452954,0.005793396
49.11818004,0.980003987,0.198977851,0,0,0.400629611,0,0,0.993835747,0.109628603,0.01644112,0.001438916,0.219833499,0.032369695,0.006468358,0.088421263,0.000818819,0.023741275,0.118670197,-0.022171026,-0.001983831,0.139428049,0.100227185,0.097159654,0.136360511,-0.097159654,-0.136360511,-0.139428049,-0.100227185,0.180796112,0.032369695,0.006468358
49.16608,0.979723438,0.200354648,0,0,0.40343979,0,0,0.993635476,0.111416318,0.016481863,0.001858191,0.223446281,0.032345497,0.007369345,0.088835515,0.004125386,0.022717565,0.11944205,-0.021658318,-0.002410161,0.142825007,0.098482989,0.094515331,0.13885735,-0.094515331,-0.13885735,-0.142825007,-0.098482989,0.179993509,0.032345497,0.007369345
49.21532989,0.979443811,0.201717183,0,0,0.406221655,0,0,0.9931283,0.11583294,0.016501319,0.002612538,0.232364695,0.032176162,0.009016752,0.08693561,-0.003989041,0.007959456,0.119474798,-0.021747716,-0.001758991,0.143510491,0.10019388,0.095373556,0.138690174,-0.095373556,-0.138690174,-0.143510491,-0.10019388,0.17385696,0.032176162,0.009016752
49.2667799,0.979165183,0.203065369,0,0,0.408975009,0,0,0.992922246,0.117591396,0.016448861,0.002720879,0.235909668,0.032030443,0.00927662,0.08338616,0.001915544,0.0068672,0.121366647,-0.019681769,-0.000749045,0.14298147,0.09948606,0.095968075,0.139463484,-0.095968075,-0.139463484,-0.14298147,-0.09948606,0.173065341,0.032030443,0.00927662
49.31939006,0.978749287,0.205060559,0,0,0.413051162,0,0,0.992709041,0.11937803,0.016442344,0.002727774,0.239509761,0.03199911,0.009346401,0.079696625,0.001461059,-0.001206994,0.122980851,-0.021205615,-0.000670554,0.141797423,0.102433905,0.100935817,0.140299335,-0.100935817,-0.140299335,-0.141797423,-0.102433905,0.173541401,0.03199911,0.009346401
49.37260008,0.978198983,0.207669808,0,0,0.418384461,0,0,0.9924438,0.121573128,0.016389877,0.00260679,0.243929147,0.031903639,0.009164113,0.081007935,-0.003138185,-0.002871454,0.124562624,-0.021062964,0.000717642,0.144856974,0.102445774,0.101104669,0.14351587,-0.101104669,-0.14351587,-0.144856974,-0.102445774,0.174455314,0.031903639,0.009164113
49.41838003,0.977925815,0.208952389,0,0,0.421007158,0,0,0.992230773,0.123310395,0.016327094,0.002477303,0.247426239,0.031794891,0.008947354,0.078221411,-0.001983345,-0.007915497,0.123738846,-0.01974895,0.001147058,0.144907907,0.102782004,0.104217291,0.146343186,-0.104217291,-0.146343186,-0.144907907,-0.102782004,0.173580919,0.031794891,0.008947354
49.46487999,0.97765407,0.210220167,0,0,0.423600308,0,0,0.992022455,0.124982171,0.016308587,0.002259186,0.250790014,0.031797606,0.008563323,0.077452511,0.003334136,-0.008252263,0.123680467,-0.021270017,0.002480387,0.142340705,0.102842823,0.105136938,0.144634813,-0.105136938,-0.144634813,-0.142340705,-0.102842823,0.172810294,0.031797606,0.008563323
49.51605988,0.977383826,0.211473063,0,0,0.426163727,0,0,0.991766751,0.127017543,0.016178876,0.001944698,0.254883114,0.031602573,0.007971439,0.083961338,-0.009453298,-0.011532009,0.122928842,-0.017700119,0.003335474,0.142470062,0.099930048,0.104890823,0.147430837,-0.104890823,-0.147430837,-0.142470062,-0.099930048,0.171280613,0.031602573,0.007971439
49.56708002,0.977115157,0.212710999,0,0,0.428697237,0,0,0.991358697,0.130199239,0.015946615,0.001374422,0.261281064,0.031264825,0.006880981,0.084748119,-0.004220009,-0.013159216,0.126384942,-0.018938052,0.002752121,0.137293443,0.101893231,0.108564183,0.143964395,-0.108564183,-0.143964395,-0.137293443,-0.101893231,0.167416173,0.031264825,0.006880981
49.61813999,0.976848139,0.213933898,0,0,0.43120066,0,0,0.991151273,0.131778553,0.015896339,0.001087587,0.264458791,0.031229778,0.006348657,0.088018924,-0.004824996,-0.012964013,0.125114962,-0.018588122,0.004399208,0.142570838,0.104694754,0.110198997,0.148075074,-0.110198997,-0.148075074,-0.142570838,-0.104694754,0.166741869,0.031229778,0.006348657
49.66473008,0.97645087,0.215739887,0,0,0.434898996,0,0,0.990947425,0.13331157,0.015837476,0.000783946,0.267543176,0.031184241,0.005779176,0.079841167,-0.010007621,-0.010338425,0.124872692,-0.018291199,0.004724487,0.139303833,0.102127612,0.110926032,0.148102254,-0.110926032,-0.148102254,-0.139303833,-0.102127612,0.16735582,0.031184241,0.005779176
49.71912003,0.975927645,0.218094548,0,0,0.439723182,0,0,0.990692616,0.135197073,0.01580512,0.000457973,0.271339686,0.031197254,0.005183577,0.088148557,-0.005881487,-0.005248189,0.126576727,-0.016771258,0.004649418,0.138439372,0.101856992,0.111305967,0.147888333,-0.111305967,-0.147888333,-0.138439372,-0.101856992,0.168383496,0.031197254,0.005183577
49.75823999,0.975668969,0.219248862,0,0,0.442089068,0,0,0.990484238,0.136715561,0.015806474,0.000309101,0.274401744,0.031232683,0.004936728,0.07782802,-0.002869964,-0.010320544,0.125280419,-0.017746687,0.004203082,0.138698533,0.105156034,0.114454865,0.147997364,-0.114454865,-0.147997364,-0.138698533,-0.105156034,0.167687324,0.031232683,0.004936728
49.81050992,0.975412346,0.220387737,0,0,0.444423926,0,0,0.990305841,0.138004974,0.015784286,9.90E-05,0.276999512,0.031240302,0.004554867,0.06502644,-6.41E-05,-0.008168817,0.128739959,-0.01916414,0.005130067,0.138823986,0.103330635,0.111736797,0.147230148,-0.111736797,-0.147230148,-0.138823986,-0.103330635,0.167424414,0.031240302,0.004554867
49.85988999,0.975157849,0.221511103,0,0,0.446727593,0,0,0.989908814,0.14084214,0.015623095,-8.34E-05,0.28272429,0.030959316,0.004237704,0.0732489,-0.007086992,0.00044629,0.128796953,-0.019015327,0.003509073,0.142773986,0.104445733,0.114705868,0.153034121,-0.114705868,-0.153034121,-0.142773986,-0.104445733,0.164003303,0.030959316,0.004237704
49.91281009,0.974905549,0.222618892,0,0,0.448999907,0,0,0.989618003,0.142868444,0.015655886,-0.00012282,0.286818985,0.031026757,0.004232423,0.049183525,0.004547091,0.001890213,0.129015551,-0.018271876,0.003233598,0.144303173,0.106272534,0.113290682,0.151321307,-0.113290682,-0.151321307,-0.144303173,-0.106272534,0.162180922,0.031026757,0.004232423
49.96448994,0.974531369,0.224251222,0,0,0.452349243,0,0,0.989451885,0.144010141,0.015685752,-0.000162825,0.289126304,0.0310925,0.00419764,0.057236109,0.006506592,0.001320988,0.133715678,-0.020174191,0.00374806,0.144053787,0.10751006,0.113977253,0.15052098,-0.113977253,-0.15052098,-0.144053787,-0.10751006,0.163222939,0.0310925,0.00419764
50.01634002,0.9740408,0.226372525,0,0,0.45670382,0,0,0.989266455,0.145282567,0.01565701,-0.000127879,0.291699762,0.031020031,0.004298449,0.07270202,-0.003278256,0.006336719,0.133323224,-0.020710627,0.003933262,0.150141776,0.10979341,0.117289528,0.157637894,-0.117289528,-0.157637894,-0.150141776,-0.10979341,0.165004058,0.031020031,0.004298449
50.06476999,0.973799242,0.227409401,0,0,0.458833105,0,0,0.989039063,0.146835238,0.015537215,-3.31E-05,0.294841117,0.030748378,0.004499527,0.067777194,-0.003351272,0.00609234,0.130510223,-0.018097606,0.00305857,0.150100544,0.108679317,0.116545841,0.157967076,-0.116545841,-0.157967076,-0.150100544,-0.108679317,0.163991988,0.030748378,0.004499527
50.11470008,0.973560259,0.228430345,0,0,0.460930187,0,0,0.988859057,0.148054212,0.015422918,0.000102847,0.297309345,0.030476443,0.004772491,0.06294623,0.000410527,0.010479243,0.132661417,-0.018855485,0.002054743,0.145549223,0.109354027,0.115471169,0.151666358,-0.115471169,-0.151666358,-0.145549223,-0.109354027,0.163620842,0.030476443,0.004772491
50.16822005,0.973323916,0.229435293,0,0,0.462994919,0,0,0.988524139,0.150262967,0.015528508,0.000307613,0.301785939,0.030612941,0.005277382,0.057990115,-0.00384748,0.004809351,0.133207089,-0.020956279,0.002617741,0.149462119,0.111751169,0.115860656,0.153571606,-0.115860656,-0.153571606,-0.149462119,-0.111751169,0.16120898,0.030612941,0.005277382
50.21178007,0.97309028,0.230424188,0,0,0.465027157,0,0,0.988291383,0.151796937,0.015425741,0.000402801,0.304891838,0.030372626,0.005481885,0.063899904,-0.007477404,0.005760045,0.134251566,-0.01789442,0.002825299,0.151545584,0.109633051,0.114868537,0.156781062,-0.114868537,-0.156781062,-0.151545584,-0.109633051,0.160135319,0.030372626,0.005481885
50.25870991,0.972859416,0.231396968,0,0,0.467026758,0,0,0.988125384,0.152876616,0.015392567,0.00040672,0.307077094,0.030299849,0.005512665,0.053036958,0.000400096,0.002182275,0.133356806,-0.016832089,0.002546367,0.149320647,0.113531828,0.11918243,0.154971242,-0.11918243,-0.154971242,-0.149320647,-0.113531828,0.159949664,0.030299849,0.005512665
50.31080008,0.972406257,0.233293958,0,0,0.470927488,0,0,0.987945676,0.154033512,0.015392236,0.000354528,0.30941791,0.030308808,0.005444878,0.059760362,0.00160262,-0.001430511,0.136026709,-0.018870895,0.003154367,0.147642493,0.113978334,0.119071066,0.152735218,-0.119071066,-0.152735218,-0.147642493,-0.113978334,0.161509578,0.030308808,0.005444878
50.36282993,0.972074135,0.23467398,0,0,0.473766337,0,0,0.987778962,0.15510188,0.015369145,0.000159049,0.311575318,0.03031794,0.005084136,0.051277135,-0.000548363,-0.010442735,0.135638204,-0.019162724,0.003855009,0.151743189,0.114001431,0.120310165,0.158051923,-0.120310165,-0.158051923,-0.151743189,-0.114001431,0.162191019,0.03031794,0.005084136
50.40968991,0.971856524,0.235573548,0,0,0.475617367,0,0,0.987610459,0.156178832,0.015290095,-0.00013448,0.313746856,0.030247931,0.00451243,0.062147528,-0.003050268,-0.01167655,0.134439501,-0.017649849,0.006153166,0.150945872,0.112620451,0.120330468,0.158655897,-0.120330468,-0.158655897,-0.150945872,-0.112620451,0.161870511,0.030247931,0.00451243
50.45913005,0.971642028,0.236456698,0,0,0.477435016,0,0,0.98734355,0.1578684,0.015166212,-0.000697176,0.317151542,0.030173219,0.003413387,0.051262233,-0.007408857,-0.018599631,0.137111742,-0.016168143,0.007985852,0.145936146,0.110636465,0.122942798,0.158242479,-0.122942798,-0.158242479,-0.145936146,-0.110636465,0.160283474,0.030173219,0.003413387
50.51163006,0.971430705,0.237323377,0,0,0.479219157,0,0,0.986997724,0.160022959,0.015018242,-0.001664875,0.321487768,0.030183356,0.001520765,0.0535734,-0.003087521,-0.021883845,0.135247068,-0.015883614,0.009078511,0.145293996,0.112957723,0.128929436,0.161265701,-0.128929436,-0.161265701,-0.145293996,-0.112957723,0.157731389,0.030183356,0.001520765
50.56075001,0.971222615,0.238173535,0,0,0.480969665,0,0,0.986856759,0.160892054,0.014953909,-0.00201838,0.323238422,0.030168786,0.000828603,0.060524791,-0.005607307,-0.018943848,0.13721447,-0.016846272,0.009689446,0.142052129,0.110284925,0.128441945,0.160209149,-0.128441945,-0.160209149,-0.142052129,-0.110284925,0.157731243,0.030168786,0.000828603
50.61681986,0.970716907,0.240226323,0,0,0.48519799,0,0,0.986568868,0.16265665,0.014757623,-0.002668014,0.326795223,0.029991252,-0.000463717,0.054796785,-0.003680587,-0.014576317,0.136384155,-0.015998839,0.009617942,0.144371256,0.110678732,0.130057618,0.163750142,-0.130057618,-0.163750142,-0.144371256,-0.110678732,0.158402767,0.029991252,0.000463717
50.66909004,0.970423718,0.24140797,0,0,0.487632944,0,0,0.986374617,0.163828835,0.014703828,-0.003044979,0.329160935,0.030009173,-0.001189694,0.063856699,-0.005207955,-0.015811622,0.137572266,-0.016087938,0.009622929,0.142765015,0.11076735,0.130003244,0.162000895,-0.130003244,-0.162000895,-0.142765015,-0.11076735,0.158472009,0.030009173,0.001189694
50.71292997,0.970327735,0.24179348,0,0,0.488427502,0,0,0.986183345,0.16497907,0.014587103,-0.003397095,0.331482885,0.029896469,-0.001888027,0.056339063,-0.005368889,-0.012324753,0.137555567,-0.015217017,0.010095822,0.144037232,0.111861378,0.131107241,0.163283095,-0.131107241,-0.163283095,-0.144037232,-0.111861378,0.156944617,0.029896469,0.001888027
50.76051998,0.970138429,0.242551908,0,0,0.489990895,0,0,0.98599577,0.166094482,0.014550876,-0.003658472,0.333737882,0.029913965,-0.002381903,0.051447015,-0.006768108,-0.011493266,0.138506685,-0.014723644,0.010267706,0.142676726,0.112242706,0.132434353,0.162868366,-0.132434353,-0.162868366,-0.142676726,-0.112242706,0.156253013,0.029913965,0.002381903
50.81323004,0.969952714,0.24329351,0,0,0.491519898,0,0,0.985585392,0.168513209,0.01441678,-0.004125856,0.338631823,0.029812871,-0.003275392,0.056905303,-0.00461638,-0.00758022,0.137300755,-0.01488421,0.009532431,0.14296259,0.11351531,0.134050727,0.163497999,-0.134050727,-0.163497999,-0.14296259,-0.11351531,0.152888075,0.029812871,0.003275392
50.86829996,0.969592261,0.244726064,0,0,0.494474311,0,0,0.985405445,0.169563144,0.014365216,-0.004271497,0.34075857,0.02976409,-0.003548269,0.05378798,-0.003412366,-0.005137921,0.137669116,-0.014989631,0.010156569,0.142652497,0.112884089,0.131948963,0.161717355,-0.131948963,-0.161717355,-0.142652497,-0.112884089,0.153715741,0.02976409,0.003548269
50.91716004,0.969417623,0.245416934,0,0,0.495899513,0,0,0.985239863,0.170519888,0.014353816,-0.004386576,0.34269768,0.029784308,-0.003750109,0.048359487,-0.002732873,-0.00102967,0.138308353,-0.01520309,0.009913932,0.142502144,0.112522893,0.132836029,0.162815273,-0.132836029,-0.162815273,-0.142502144,-0.112522893,0.153201833,0.029784308,0.003750109
50.97009993,0.969162788,0.246421368,0,0,0.497972027,0,0,0.985027134,0.171745032,0.014323245,-0.00448452,0.345182474,0.029762349,-0.0039166,0.050798815,-0.004023315,-0.000752509,0.140264929,-0.015328039,0.009380501,0.143597469,0.113191307,0.133019179,0.163425341,-0.133019179,-0.163425341,-0.143597469,-0.113191307,0.152789553,0.029762349,0.0039166
51.01981998,0.968916639,0.247387442,0,0,0.499965906,0,0,0.984860599,0.172700524,0.014271383,-0.004537897,0.347121243,0.029682395,-0.004010818,0.047729164,0.003337115,0.000368804,0.139900554,-0.016791585,0.009309936,0.146212429,0.115556367,0.134317368,0.164973423,-0.134317368,-0.164973423,-0.146212429,-0.115556367,0.152844663,0.029682395,0.004010818
51.06476999,0.968757442,0.248010119,0,0,0.501251317,0,0,0.984550059,0.174463198,0.014226394,-0.004632297,0.350699179,0.029633859,-0.004159329,0.045650452,-0.003412366,0.003182143,0.140743568,-0.017023502,0.009770383,0.147382155,0.113799013,0.132418886,0.166002035,-0.132418886,-0.166002035,-0.147382155,-0.113799013,0.150552138,0.029633859,0.004159329
51.14813996,0.968526109,0.248911986,0,0,0.503113443,0,0,0.984334648,0.175678328,0.014196569,-0.004584231,0.353169538,0.029563352,-0.004038551,0.036475804,0.002517551,0.00404194,0.141104019,-0.014908194,0.008962851,0.147996649,0.113949664,0.133490428,0.167537406,-0.133490428,-0.167537406,-0.147996649,-0.113949664,0.149943905,0.029563352,0.004038551
51.22417999,0.968231818,0.250054286,0,0,0.505472644,0,0,0.984105051,0.176963851,0.014198272,-0.00442834,0.355786762,0.029516777,-0.003692358,0.040536378,-0.001522899,0.006688387,0.141815869,-0.016126205,0.007847901,0.147049323,0.117232949,0.135158658,0.164975032,-0.135158658,-0.164975032,-0.147049323,-0.117232949,0.149685882,0.029516777,0.003692358
51.27483988,0.968021894,0.250865728,0,0,0.507148957,0,0,0.983971298,0.177710369,0.014184063,-0.004300526,0.357307831,0.029446169,-0.003423369,0.041162223,0.001046807,0.005088001,0.141673209,-0.01543299,0.008136094,0.150094137,0.117841743,0.133537546,0.165789932,-0.133537546,-0.165789932,-0.150094137,-0.117841743,0.149841126,0.029446169,0.003423369
51.31343007,0.967954001,0.251127563,0,0,0.507689944,0,0,0.983783305,0.178753436,0.014189268,-0.004077756,0.359434848,0.029380373,-0.002951773,0.036311895,0.00185296,0.014700741,0.142174908,-0.016429578,0.006375536,0.148970068,0.1181041,0.134376287,0.165242255,-0.134376287,-0.165242255,-0.148970068,-0.1181041,0.148255096,0.029380373,0.002951773
51.35573006,0.967821366,0.25163824,0,0,0.508745186,0,0,0.983644366,0.179518074,0.01420649,-0.003896798,0.360995029,0.029351573,-0.002566591,0.03586188,0.003580004,0.005737692,0.14284122,-0.016939075,0.007689976,0.152228907,0.119369775,0.132120848,0.164979979,-0.132120848,-0.164979979,-0.152228907,-0.119369775,0.147750157,0.029351573,0.002566591
51.40688992,0.96763036,0.252371724,0,0,0.510261077,0,0,0.98345077,0.180578545,0.014216575,-0.003727451,0.363156708,0.029312995,-0.002198059,0.046505779,-0.003907085,0.009524077,0.14299805,-0.017144177,0.007374901,0.152090281,0.118212149,0.133592099,0.167470232,-0.133592099,-0.167470232,-0.152090281,-0.118212149,0.147104369,0.029312995,0.002198059
51.44708991,0.967508371,0.252838985,0,0,0.511226922,0,0,0.983370185,0.181018203,0.014221442,-0.003661516,0.364052904,0.029299673,-0.002053453,0.046505779,-0.003907085,0.009524077,0.14112661,-0.015038026,0.006797713,0.152767286,0.118478954,0.133228749,0.167517081,-0.133228749,-0.167517081,-0.152767286,-0.118478954,0.147174018,0.029299673,0.002053453
51.50335002,0.967277381,0.253721239,0,0,0.513050906,0,0,0.983050227,0.18275252,0.014180423,-0.003575144,0.367583576,0.029191011,-0.001846864,0.036071979,0.004924088,-0.000226498,0.140631366,-0.015516561,0.007382777,0.149366885,0.119290851,0.132886276,0.162962303,-0.132886276,-0.162962303,-0.149366885,-0.119290851,0.14546733,0.029191011,0.001846864
51.55208993,0.967168445,0.254136184,0,0,0.513908918,0,0,0.982912362,0.183494776,0.014166504,-0.003547168,0.369094723,0.029154759,-0.001774906,0.045967851,-0.003680588,0.005803258,0.14276773,-0.01733637,0.008333538,0.148765117,0.117732011,0.132497564,0.163530663,-0.132497564,-0.163530663,-0.148765117,-0.117732011,0.144814195,0.029154759,0.001774906
51.61145997,0.96706392,0.254533641,0,0,0.514730862,0,0,0.98275876,0.1843189,0.014139206,-0.003485554,0.370773569,0.029079854,-0.001639364,0.041718036,0.002097338,0.006242842,0.141281235,-0.015048388,0.007296365,0.151770517,0.117097802,0.133764878,0.1684376,-0.133764878,-0.1684376,-0.151770517,-0.117097802,0.143957293,0.029079854,0.001639364
51.6519599,0.966963837,0.25491359,0,0,0.51551668,0,0,0.982580781,0.185264617,0.014138381,-0.003485564,0.372698813,0.029079804,-0.001611695,0.03620759,0.005535036,9.76E-05,0.142291624,-0.016562495,0.007149519,0.149033219,0.118936457,0.133529186,0.163625941,-0.133529186,-0.163625941,-0.149033219,-0.118936457,0.142817867,0.029079804,0.001611695
51.69070006,0.966868222,0.255276008,0,0,0.516266318,0,0,0.98243475,0.186037526,0.014153751,-0.003443797,0.374273743,0.029095723,-0.001500989,0.03748909,-0.006441773,0.005475432,0.143017795,-0.017461305,0.008188679,0.151704565,0.118579589,0.132878631,0.1660036,-0.132878631,-0.1660036,-0.151704565,-0.118579589,0.141992575,0.029095723,0.001500989
51.72971988,0.966733238,0.255786722,0,0,0.517322821,0,0,0.982293427,0.186786115,0.0141117,-0.003410043,0.375798655,0.029001617,-0.001428188,0.043503199,-0.000713766,0.00327453,0.142345657,-0.014325126,0.007238889,0.152290374,0.117367789,0.133745149,0.168667734,-0.133745149,-0.168667734,-0.152290374,-0.117367789,0.141524166,0.029001617,0.001428188
51.77262998,0.966608451,0.256257884,0,0,0.518297633,0,0,0.98214674,0.187560216,0.014061043,-0.003360897,0.377376106,0.028884771,-0.001327757,0.038196892,0.003335626,0.003164262,0.141223944,-0.015796324,0.007565576,0.149431854,0.120781615,0.13525939,0.163909629,-0.13525939,-0.163909629,-0.149431854,-0.120781615,0.140921527,0.028884771,0.001327757
51.81583,0.966569135,0.256406137,0,0,0.51860439,0,0,0.982014835,0.188248634,0.014076565,-0.003355767,0.378778639,0.028914255,-0.001291577,0.032126158,2.76E-05,0.002036244,0.141989404,-0.016823189,0.007512732,0.149454653,0.117862023,0.132993177,0.164585799,-0.132993177,-0.164585799,-0.149454653,-0.117862023,0.139825751,0.028914255,0.001291577
51.8671,0.96649394,0.256689433,0,0,0.5191906,0,0,0.98179841,0.18937631,0.014063401,-0.003298457,0.381077453,0.028868154,-0.00115077,0.041457273,-0.001780689,0.001663715,0.143196857,-0.015960814,0.007708284,0.151299819,0.117653459,0.132678926,0.166325286,-0.132678926,-0.166325286,-0.151299819,-0.117653459,0.138113147,0.028868154,0.00115077
51.91630006,0.966423343,0.256955098,0,0,0.519740371,0,0,0.981655121,0.190122917,0.013995457,-0.003258289,0.382599239,0.028720322,-0.001075762,0.038372725,0.00262335,0.000741333,0.141341961,-0.015477543,0.007710145,0.151449353,0.119527735,0.134944305,0.166865915,-0.134944305,-0.166865915,-0.151449353,-0.119527735,0.137141132,0.028720322,0.001075762
51.95950008,0.966357364,0.25720312,0,0,0.520253666,0,0,0.981519222,0.190820187,0.014040133,-0.003245407,0.384021024,0.028803882,-0.001012997,0.036188215,0.002808124,0.001271814,0.141618502,-0.016682315,0.007707426,0.149109319,0.11815425,0.133574545,0.164529607,-0.133574545,-0.164529607,-0.149109319,-0.11815425,0.136232642,0.028803882,0.001012997
52.01803994,0.966212738,0.257745891,0,0,0.521377084,0,0,0.981207967,0.192418933,0.014016819,-0.003071506,0.387284385,0.028692797,-0.000633631,0.034444779,-0.004191697,0.001836568,0.141022176,-0.015243658,0.007235412,0.150593355,0.117228739,0.132643595,0.166008204,-0.132643595,-0.166008204,-0.150593355,-0.117228739,0.134092699,0.028692797,0.000633631
52.08772993,0.966118068,0.25810052,0,0,0.522111179,0,0,0.98107779,0.193084434,0.014003007,-0.00297532,0.388643676,0.02862896,-0.000430692,0.036645681,0.004947931,0.004481525,0.141572443,-0.014847841,0.00740904,0.149030387,0.118543081,0.133013904,0.163501203,-0.133013904,-0.163501203,-0.149030387,-0.118543081,0.133467503,0.02862896,0.000430692
52.13887,0.966077781,0.258251277,0,0,0.522423274,0,0,0.980958879,0.193688244,0.01400755,-0.002916085,0.38987656,0.028615183,-0.000295045,0.02842471,-0.004518032,0.00340119,0.142082169,-0.014800365,0.006959253,0.14901121,0.119315542,0.134133622,0.163829282,-0.134133622,-0.163829282,-0.14901121,-0.119315542,0.132546714,0.028615183,0.000295045
52.17878986,0.966042206,0.258384317,0,0,0.522698703,0,0,0.980835915,0.194312632,0.013992451,-0.002798218,0.391152941,0.028539927,-5.14E-05,0.034555048,-0.00077039,0.012365731,0.140749748,-0.015824619,0.005308358,0.149923235,0.120322526,0.13424103,0.163841754,-0.13424103,-0.163841754,-0.149923235,-0.120322526,0.131545762,0.028539927,0.0000514
52.21187997,0.966042206,0.258384317,0,0,0.522698703,0,0,0.980678022,0.195109472,0.014007878,-0.002579976,0.392784287,0.028485044,0.000406053,0.034108013,-0.002993643,0.008874387,0.140879768,-0.015823713,0.005310176,0.151265964,0.119616747,0.130233467,0.161882684,-0.130233467,-0.161882684,-0.151265964,-0.119616747,0.129914416,0.028485044,0.000406053
52.2683599,0.965985237,0.258597221,0,0,0.523139491,0,0,0.980584085,0.195578769,0.014069421,-0.002441981,0.393746014,0.028551576,0.000714517,0.031156095,0.006053597,0.008714945,0.140812909,-0.017831953,0.005523687,0.151393265,0.119745858,0.130366206,0.16201362,-0.130366206,-0.16201362,-0.151393265,-0.119745858,0.129393477,0.028551576,0.000714517
52.32063008,0.965963857,0.258677072,0,0,0.523304818,0,0,0.980397284,0.196510285,0.014165162,-0.002072741,0.395657628,0.028593497,0.001503595,0.021716204,0.002712756,0.009167939,0.142279416,-0.017225998,0.005630143,0.153121129,0.117457248,0.128504619,0.164168507,-0.128504619,-0.164168507,-0.153121129,-0.117457248,0.12764719,0.028593497,0.001503595
52.37568999,0.965940685,0.258763584,0,0,0.523483942,0,0,0.9802863,0.197069824,0.014116223,-0.001793751,0.396806189,0.028386674,0.00204781,0.027357789,-0.002090633,0.009376556,0.142103239,-0.017176504,0.005035816,0.154243886,0.119890898,0.129962534,0.164315522,-0.129962534,-0.164315522,-0.154243886,-0.119890898,0.126677753,0.028386674,0.00204781
52.40999008,0.965928204,0.258810171,0,0,0.523580402,0,0,0.98019129,0.197538048,0.014183921,-0.001653906,0.397766374,0.028463168,0.002362398,0.026746841,0.01058355,-0.000305474,0.140811466,-0.015928549,0.00465954,0.154243886,0.119890898,0.129962534,0.164315522,-0.129962534,-0.164315522,-0.154243886,-0.119890898,0.125814028,0.028463168,0.002362398
52.46483994,0.965926421,0.258816827,0,0,0.523594182,0,0,0.980102599,0.197976962,0.014205219,-0.001532421,0.398665717,0.028455749,0.002621817,0.019203871,-0.005011261,0.01237467,0.140668948,-0.019402414,0.006142483,0.153928831,0.115124032,0.127408996,0.16621381,-0.127408996,-0.16621381,-0.153928831,-0.115124032,0.124928465,0.028455749,0.002621817
52.50788999,0.965926421,0.258816827,0,0,0.523594182,0,0,0.980016112,0.198411256,0.014129146,-0.001414329,0.399554212,0.028258573,0.002835768,0.021185726,0.001647323,0.007418544,0.141683112,-0.01534777,0.003866788,0.153164059,0.122468531,0.130202115,0.160897627,-0.130202115,-0.160897627,-0.153164059,-0.122468531,0.12403997,0.028258573,0.002835768
52.56137991,0.965940685,0.258763584,0,0,0.523483942,0,0,0.979869723,0.199135125,0.014104619,-0.001316751,0.40103413,0.028169522,0.00303817,0.02994165,0.00339672,-0.002247095,0.139130875,-0.017501842,0.006050376,0.153164059,0.122468531,0.130202115,0.160897627,-0.130202115,-0.160897627,-0.153164059,-0.122468531,0.122449812,0.028169522,0.00303817
52.61236,0.965954946,0.258710345,0,0,0.523373709,0,0,0.979775369,0.199592188,0.014195875,-0.001342286,0.401967901,0.028357154,0.00303772,0.019095093,0.004354864,-0.000585616,0.1406528,-0.017863149,0.005820567,0.150582299,0.115578637,0.127679393,0.162683055,-0.127679393,-0.162683055,-0.150582299,-0.115578637,0.121405808,0.028357154,0.00303772
52.66185999,0.965973954,0.258639363,0,0,0.523226744,0,0,0.979626775,0.200332507,0.014029374,-0.001195736,0.403481009,0.027969838,0.003279619,0.020692499,-0.004373491,0.002711266,0.13984046,-0.016288905,0.003409327,0.152695343,0.116969064,0.128610194,0.164336473,-0.128610194,-0.164336473,-0.152695343,-0.116969064,0.119745735,0.027969838,0.003279619
52.71371007,0.966011356,0.258499634,0,0,0.522937448,0,0,0.979529619,0.200806409,0.014040973,-0.001203967,0.40444869,0.02799428,0.003281684,0.019776076,0.00609532,-0.001303852,0.13962972,-0.015397776,0.005041693,0.152720004,0.120142207,0.126960859,0.159538656,-0.126960859,-0.159538656,-0.152720004,-0.120142207,0.118488758,0.02799428,0.003281684
52.77278996,0.966077781,0.258251277,0,0,0.522423274,0,0,0.979458869,0.201146767,0.014095931,-0.001248356,0.405143453,0.028118682,0.003226557,0.018455833,0.008075685,0.001407414,0.139298344,-0.01818345,0.005725965,0.14998576,0.119190231,0.129273608,0.160069153,-0.129273608,-0.160069153,-0.14998576,-0.119190231,0.117279821,0.028118682,0.003226557
52.81291986,0.966118068,0.25810052,0,0,0.522111179,0,0,0.979390442,0.201477811,0.014126341,-0.001296074,0.405818718,0.028196398,0.003154821,0.017086418,0.000647455,-0.008772315,0.139243627,-0.018766274,0.005335729,0.151755795,0.115388907,0.126840845,0.163207725,-0.126840845,-0.163207725,-0.151755795,-0.115388907,0.116292461,0.028196398,0.003154821
52.86698008,0.966163058,0.257932055,0,0,0.521762441,0,0,0.979339838,0.201724589,0.014108606,-0.001316134,0.406321997,0.028168954,0.003115461,0.013842435,-0.00115782,0.00325963,0.139511164,-0.016314667,0.005105822,0.15071997,0.118090652,0.128302291,0.160931617,-0.128302291,-0.160931617,-0.15071997,-0.118090652,0.115440444,0.028168954,0.003115461
52.91259003,0.966212738,0.257745891,0,0,0.521377084,0,0,0.979284823,0.201993763,0.014065814,-0.001385295,0.406869402,0.028112221,0.002970396,0.016161056,-0.002427399,-0.002150238,0.138765136,-0.015898098,0.006086782,0.15071997,0.118090652,0.128302291,0.160931617,-0.128302291,-0.160931617,-0.15071997,-0.118090652,0.114507682,0.028112221,0.002970396
52.96545005,0.966267095,0.257542039,0,0,0.520955134,0,0,0.979246259,0.202183932,0.014011358,-0.001454958,0.407255254,0.028033149,0.002817328,0.005679578,-0.00500083,-0.00281483,0.140153388,-0.015766561,0.005601059,0.148576409,0.116780236,0.1289538,0.160749972,-0.1289538,-0.160749972,-0.148576409,-0.116780236,0.11369988,0.028033149,0.002817328
53.0136199,0.966326112,0.257320509,0,0,0.520496622,0,0,0.979231477,0.202253014,0.014034011,-0.001585589,0.40739325,0.028130181,0.002572545,0.002948195,-0.000946224,-0.006860495,0.139760955,-0.01513286,0.006251242,0.14864254,0.118376829,0.130879313,0.161145017,-0.130879313,-0.161145017,-0.14864254,-0.118376829,0.113103372,0.028130181,0.002572545
53.06127,0.966423343,0.256955098,0,0,0.519740371,0,0,0.979221165,0.202296898,0.014095513,-0.001783847,0.40747851,0.028330773,0.002210284,0.002392381,-0.004626811,-0.005221367,0.139783985,-0.016193683,0.007086787,0.14864254,0.118376829,0.130879313,0.161145017,-0.130879313,-0.161145017,-0.14864254,-0.118376829,0.112261861,0.028330773,0.002210284
53.11058998,0.966569135,0.256406138,0,0,0.51860439,0,0,0.979225755,0.20227772,0.014039804,-0.001870617,0.407436276,0.028256805,0.002017172,-0.004036725,0.005083532,-0.004571677,0.13941292,-0.015235218,0.00705868,0.148890838,0.116503492,0.130677074,0.16306442,-0.130677074,-0.16306442,-0.148890838,-0.116503492,0.111168114,0.028256805,0.002017172
53.20055986,0.966733238,0.255786723,0,0,0.517322821,0,0,0.979236543,0.202222317,0.014055605,-0.002141622,0.407316056,0.028397502,0.001491007,-0.001083314,0.003255159,-0.007337332,0.140039733,-0.017723846,0.007023009,0.150740534,0.115292855,0.129338875,0.164786547,-0.129338875,-0.164786547,-0.150740534,-0.115292855,0.110006765,0.028397502,0.001491007
53.23280001,0.966733238,0.255786723,0,0,0.517322821,0,0,0.979256809,0.202121913,0.014067732,-0.002245749,0.407108354,0.028463515,0.001288985,-0.001475215,-0.002329051,-0.000983477,0.139224815,-0.017172748,0.007813614,0.150740534,0.115292855,0.129338875,0.164786547,-0.129338875,-0.164786547,-0.150740534,-0.115292855,0.110214467,0.028463515,0.001288985
53.2769599,0.966915469,0.255096992,0,0,0.515896025,0,0,0.979283273,0.201992556,0.014079065,-0.00226587,0.406843725,0.028494017,0.001250384,-0.003349781,-0.003848969,-0.003129244,0.138993418,-0.015684174,0.006866255,0.148583904,0.114238434,0.129865661,0.164211139,-0.129865661,-0.164211139,-0.148583904,-0.114238434,0.1090523,0.028494017,0.001250384
53.31708002,0.967013321,0.254725806,0,0,0.51512829,0,0,0.979318082,0.201821998,0.01410465,-0.002235703,0.406496484,0.028532179,0.001314864,-0.00730753,0.00365898,0.004737824,0.139008191,-0.015288337,0.00724903,0.147811294,0.116442963,0.130175471,0.161543801,-0.130175471,-0.161543801,-0.147811294,-0.116442963,0.108631806,0.028532179,0.001314864
53.36565996,0.967115629,0.2543371,0,0,0.514324402,0,0,0.979356527,0.201635286,0.014118795,-0.002180076,0.406116751,0.0285377,0.001424131,-0.005742908,0.003200024,-0.000420213,0.139188417,-0.017336242,0.005880946,0.14704746,0.116470806,0.130968869,0.161545515,-0.130968869,-0.161545515,-0.14704746,-0.116470806,0.108207651,0.0285377,0.001424131
53.41855002,0.967222363,0.253930896,0,0,0.513484416,0,0,0.979394078,0.201452225,0.014129785,-0.002163207,0.405743438,0.028552698,0.001456283,-0.012165309,-0.001718104,0.002297014,0.138387654,-0.01724549,0.006679857,0.150643677,0.115971208,0.127733096,0.162405565,-0.127733096,-0.162405565,-0.150643677,-0.115971208,0.107740978,0.028552698,0.001456283
53.46415997,0.967333495,0.253507217,0,0,0.512608393,0,0,0.979438186,0.201239347,0.014116195,-0.002119536,0.405309617,0.028508805,0.001530182,-0.0074327,0.007795542,-0.002990663,0.138688595,-0.018478761,0.007034279,0.148953244,0.114462286,0.127821997,0.162312955,-0.127821997,-0.162312955,-0.148953244,-0.114462286,0.107298776,0.028508805,0.001530182
53.52768994,0.967448994,0.253066086,0,0,0.511696393,0,0,0.979504228,0.200915501,0.014157277,-0.002059519,0.40465035,0.028565681,0.001654892,-0.010207297,0.001285226,-0.001707673,0.138425484,-0.01528416,0.005553358,0.148156241,0.117587946,0.128694668,0.15926297,-0.128694668,-0.15926297,-0.148156241,-0.117587946,0.107046043,0.028565681,0.001654892
53.5713799,0.967692963,0.252131572,0,0,0.509764722,0,0,0.979533076,0.200772643,0.014187397,-0.002027938,0.404359877,0.028612258,0.001724724,-0.003178418,0.004150718,0.000765175,0.13791678,-0.016829807,0.006737612,0.148156241,0.117587946,0.128694668,0.15926297,-0.128694668,-0.15926297,-0.148156241,-0.117587946,0.105404845,0.028612258,0.001724724
53.61897993,0.967887156,0.251385068,0,0,0.508222024,0,0,0.979577363,0.200556427,0.014204824,-0.001939567,0.403920909,0.028611331,0.001898604,-0.008828937,0.00609383,0.005745142,0.136297251,-0.017641278,0.006287159,0.148008943,0.114349343,0.12782456,0.161484152,-0.12782456,-0.161484152,-0.148008943,-0.114349343,0.104301115,0.028611331,0.001898604
53.67100001,0.968021894,0.250865728,0,0,0.507148957,0,0,0.979610264,0.200394571,0.014223308,-0.00189643,0.403591809,0.028630573,0.001985837,-0.012302401,-0.001831353,0.001492352,0.13658515,-0.018217055,0.0053313,0.14765133,0.112368792,0.124943115,0.160225645,-0.124943115,-0.160225645,-0.14765133,-0.112368792,0.103557148,0.028630573,0.001985837
53.72108007,0.968160807,0.250329086,0,0,0.506040297,0,0,0.979645789,0.200219408,0.014245345,-0.001824492,0.403236402,0.028645302,0.002130552,-0.006756186,0.008360297,0.003517419,0.136420198,-0.016149084,0.005990207,0.149470866,0.113036774,0.123699374,0.160133466,-0.123699374,-0.160133466,-0.149470866,-0.113036774,0.102803895,0.028645302,0.002130552
53.76799989,0.968303859,0.249775172,0,0,0.504896122,0,0,0.979685366,0.200025782,0.014261818,-0.001739056,0.402843514,0.028643814,0.002298951,-0.010687115,0.003973395,0.006813557,0.135297714,-0.018905743,0.00556454,0.146579042,0.114280887,0.126261294,0.158559442,-0.126261294,-0.158559442,-0.146579042,-0.114280887,0.102052608,0.028643814,0.002298951
53.81732989,0.968451009,0.249204018,0,0,0.503716511,0,0,0.97973609,0.19977276,0.014331868,-0.001635592,0.402330673,0.028740345,0.00252238,-0.009693203,0.00288561,0.00428781,0.134855836,-0.017621915,0.005215361,0.148638874,0.110827416,0.12195649,0.159767956,-0.12195649,-0.159767956,-0.148638874,-0.110827416,0.101385838,0.028740345,0.00252238
53.86708999,0.96867933,0.248315032,0,0,0.501880835,0,0,0.979835689,0.19928056,0.014402269,-0.001404157,0.401333003,0.02878733,0.002989742,-0.009518862,0.001231581,0.005409867,0.134658399,-0.016839822,0.00477476,0.14726235,0.112018541,0.122449264,0.157693073,-0.122449264,-0.157693073,-0.14726235,-0.112018541,0.100547832,0.02878733,0.002989742
53.91684008,0.968997714,0.247069688,0,0,0.499310037,0,0,0.979901493,0.198954701,0.014444353,-0.00124262,0.400672755,0.028806518,0.003313633,-0.018319491,0.005354733,0.00479445,0.133843965,-0.017345068,0.004750711,0.146723419,0.1130438,0.122593321,0.156272948,-0.122593321,-0.156272948,-0.146723419,-0.1130438,0.098637282,0.028806518,0.003313633
53.96920991,0.969162788,0.246421368,0,0,0.497972028,0,0,0.980030894,0.198310167,0.014546434,-0.001046507,0.399363907,0.028931007,0.003719758,-0.019350648,0.003623218,0.009063632,0.134868519,-0.018542496,0.004656295,0.146438286,0.111748166,0.121249586,0.155939698,-0.121249586,-0.155939698,-0.146438286,-0.111748166,0.098608121,0.028931007,0.003719758
54.01792002,0.969331723,0.245756,0,0,0.496599068,0,0,0.98014307,0.197751984,0.014593187,-0.000907724,0.398229145,0.02896988,0.003993951,-0.028036535,0.00352785,0.006807596,0.134401889,-0.018274596,0.003714037,0.148754686,0.111669712,0.120982297,0.158067271,-0.120982297,-0.158067271,-0.148754686,-0.111669712,0.098369923,0.02896988,0.003993951
54.06566,0.969504472,0.245073621,0,0,0.495191256,0,0,0.980283141,0.197053477,0.014637217,-0.000814799,0.39680687,0.029022425,0.004172931,-0.03759563,0.001720339,0.003866106,0.135137985,-0.018350368,0.003919347,0.148962408,0.112413235,0.119841315,0.156390488,-0.119841315,-0.156390488,-0.148962408,-0.112413235,0.098384386,0.029022425,0.004172931
54.11497999,0.969680987,0.24437427,0,0,0.49374869,0,0,0.980444014,0.196249798,0.014669214,-0.000754637,0.395169091,0.029064968,0.004279721,-0.040853024,-0.001114607,0.000501424,0.13709617,-0.017253731,0.004795779,0.14956896,0.112868249,0.120706946,0.157407656,-0.120706946,-0.157407656,-0.14956896,-0.112868249,0.098579599,0.029064968,0.004279721
54.17988992,0.970138429,0.242551908,0,0,0.489990895,0,0,0.980896115,0.193972692,0.01473123,-0.000793131,0.390524057,0.029211452,0.004160741,-0.052121282,0.003857166,-0.004515052,0.139004731,-0.017514066,0.004890932,0.149554089,0.115046643,0.1246382,0.159145638,-0.1246382,-0.159145638,-0.149554089,-0.115046643,0.099466838,0.029211452,0.004160741
54.22199989,0.970327735,0.24179348,0,0,0.488427502,0,0,0.981112301,0.192873865,0.014759606,-0.000829105,0.388282832,0.029285667,0.00406835,-0.057853758,-0.002315641,8.72E-05,0.138824232,-0.018639272,0.005669407,0.151627824,0.116599716,0.126381576,0.161409691,-0.126381576,-0.161409691,-0.151627824,-0.116599716,0.10014467,0.029285667,0.00406835
54.2690599,0.970520579,0.24101827,0,0,0.48682983,0,0,0.981343567,0.19169265,0.01477183,-0.000899124,0.385872934,0.029341394,0.00390029,-0.058884919,0.001046807,-0.00217557,0.139657921,-0.017034717,0.004929117,0.151794061,0.114515536,0.125854343,0.163132876,-0.125854343,-0.163132876,-0.151794061,-0.114515536,0.100956896,0.029341394,0.00390029
54.32125998,0.970716907,0.240226323,0,0,0.48519799,0,0,0.981626093,0.190240338,0.014773512,-0.00089918,0.382912923,0.029350458,0.003857389,-0.056000065,0.001222641,-0.000269711,0.139722219,-0.017922724,0.005381918,0.151763484,0.117694065,0.127552301,0.16162172,-0.127552301,-0.16162172,-0.151763484,-0.117694065,0.102285067,0.029350458,0.003857389
54.37178994,0.970916666,0.239417685,0,0,0.483532097,0,0,0.981830597,0.189168468,0.014931163,-0.001046851,0.380727091,0.029720181,0.003594945,-0.057093803,0.000988692,-0.001935661,0.138847906,-0.017978788,0.005041715,0.152262986,0.116417557,0.127181396,0.163026825,-0.127181396,-0.163026825,-0.152262986,-0.116417557,0.102805006,0.029720181,0.003594945
54.41779995,0.9711198,0.238592403,0,0,0.481832269,0,0,0.9820382,0.188094065,0.014852872,-0.001081134,0.378536135,0.029583195,0.003465567,-0.048035383,-0.005191565,-0.003549457,0.137040747,-0.016323426,0.005811622,0.151784942,0.115827382,0.125910819,0.161868364,-0.125910819,-0.161868364,-0.151784942,-0.115827382,0.103296134,0.029583195,0.003465567
54.46352005,0.971430705,0.237323377,0,0,0.479219157,0,0,0.982405901,0.18615827,0.014919878,-0.001209278,0.374590957,0.029769374,0.003180326,-0.027196111,0.00916943,-0.013391674,0.136111035,-0.01806588,0.004528455,0.147552505,0.114905678,0.126528919,0.159175754,-0.126528919,-0.159175754,-0.147552505,-0.114905678,0.1046282,0.029769374,0.003180326
54.52563,0.971856524,0.235573548,0,0,0.475617367,0,0,0.98252219,0.185534388,0.015004665,-0.001445844,0.373315179,0.030025848,0.002727848,-0.03400892,-0.005488098,-0.00757724,0.132857876,-0.020172605,0.007620716,0.149648413,0.113516681,0.122573592,0.158705324,-0.122573592,-0.158705324,-0.149648413,-0.113516681,0.102302188,0.030025848,0.002727848
54.56692005,0.972184089,0.234218055,0,0,0.472828345,0,0,0.982649326,0.184872359,0.014847909,-0.001513993,0.371963243,0.029744746,0.002515601,-0.030472877,-0.00757128,0.002317876,0.133459997,-0.016332353,0.006931301,0.145409718,0.105064534,0.12030597,0.160651162,-0.12030597,-0.160651162,-0.145409718,-0.105064534,0.100865102,0.029744746,0.002515601
54.61610008,0.972294799,0.233758046,0,0,0.471882056,0,0,0.982752442,0.184331834,0.014725662,-0.001648573,0.370857523,0.029555428,0.002189495,-0.024817888,-0.001624227,-0.014032425,0.13232207,-0.015586957,0.005290567,0.142618418,0.111444525,0.122025661,0.153199553,-0.122025661,-0.153199553,-0.142618418,-0.111444525,0.101024533,0.029555428,0.002189495
54.66683007,0.972518456,0.2328258,0,0,0.469964658,0,0,0.982872963,0.1836721,0.014856327,-0.002125744,0.369502908,0.029989142,0.001279289,-0.018154087,0.002828985,-0.011935831,0.130716535,-0.016963335,0.008164454,0.142618418,0.111444525,0.122025661,0.153199553,-0.122025661,-0.153199553,-0.142618418,-0.111444525,0.10046175,0.029989142,0.001279289
54.71591997,0.972859416,0.231396968,0,0,0.467026758,0,0,0.982949376,0.183259711,0.014851568,-0.002399742,0.368655733,0.03008077,0.000726067,-0.022481384,-0.012476742,-0.004447997,0.128495299,-0.014054338,0.007447475,0.13951537,0.105588727,0.121917635,0.155844286,-0.121917635,-0.155844286,-0.13951537,-0.105588727,0.098371025,0.03008077,0.000726067
54.77482009,0.973206756,0.229931751,0,0,0.464015109,0,0,0.983121991,0.182329923,0.014784704,-0.002896779,0.366748659,0.030131232,-0.000304525,-0.021487476,-0.00308305,-0.010909141,0.127630674,-0.016862306,0.009919207,0.135102123,0.106993467,0.121888414,0.14999707,-0.121888414,-0.14999707,-0.135102123,-0.106993467,0.09726645,0.030131232,0.000304525
54.81675005,0.973441753,0.228934822,0,0,0.461966606,0,0,0.983209729,0.181849658,0.014812764,-0.003180753,0.365763571,0.03028957,-0.000867699,-0.023347145,-0.004284084,-0.016714634,0.126831377,-0.016335701,0.009082407,0.134573728,0.100849144,0.120687559,0.15441215,-0.120687559,-0.15441215,-0.134573728,-0.100849144,0.096203035,0.03028957,0.000867699
54.87080002,0.973799242,0.227409401,0,0,0.458833105,0,0,0.983334899,0.181167781,0.014793226,-0.003453112,0.364368286,0.030349234,-0.001431679,-0.030849874,-0.006602705,-0.008346141,0.126379262,-0.015974677,0.010393221,0.134084627,0.10141325,0.119578063,0.152249455,-0.119578063,-0.152249455,-0.134084627,-0.10141325,0.094464819,0.030349234,0.001431679
54.91929007,0.974162523,0.225848131,0,0,0.455627149,0,0,0.983458757,0.180497572,0.01471763,-0.003588062,0.363000343,0.03024825,-0.001745228,-0.03408343,0.000306219,-0.00539124,0.126998045,-0.015281336,0.009283118,0.131960675,0.100011349,0.120797791,0.152747124,-0.120797791,-0.152747124,-0.131960675,-0.100011349,0.092626806,0.03024825,0.001745228
54.96745992,0.974407816,0.224787472,0,0,0.453449841,0,0,0.983598471,0.179730341,0.014725831,-0.003797476,0.361433823,0.030338301,-0.002178029,-0.039833788,-0.003366173,-0.013020635,0.125778606,-0.017007711,0.008890489,0.133895785,0.09988039,0.117661364,0.151676774,-0.117661364,-0.151676774,-0.133895785,-0.09988039,0.092016018,0.030338301,0.002178029
55.01006008,0.974655514,0.223711037,0,0,0.451240709,0,0,0.983770549,0.178782225,0.01472525,-0.003961548,0.359500973,0.03039372,-0.002530454,-0.053261232,-0.003528596,-0.006039442,0.125545643,-0.01599672,0.010397893,0.133895785,0.09988039,0.117661364,0.151676774,-0.117661364,-0.151676774,-0.133895785,-0.09988039,0.091739736,0.03039372,0.002530454
55.06297994,0.97503142,0.222066949,0,0,0.447867679,0,0,0.984018564,0.177408949,0.014721774,-0.004114132,0.356704371,0.03043746,-0.002874551,-0.059151653,-0.005951524,-0.005315245,0.129045958,-0.015240511,0.009454418,0.131144434,0.099151015,0.1199468,0.151940212,-0.1199468,-0.151940212,-0.131144434,-0.099151015,0.091163308,0.03043746,0.002874551
55.11566997,0.975284828,0.220951363,0,0,0.445579669,0,0,0.984491944,0.174764991,0.014660514,-0.004238148,0.351326589,0.030352333,-0.003222046,-0.079901516,0.004594774,-0.001654029,0.130938135,-0.017340405,0.009051754,0.13483201,0.104351006,0.123259842,0.153740853,-0.123259842,-0.153740853,-0.13483201,-0.104351006,0.09425308,0.030352333,0.003222046
55.16700006,0.975668969,0.219248862,0,0,0.442089068,0,0,0.984760761,0.173246309,0.014625343,-0.004267617,0.348239982,0.030288253,-0.003339127,-0.090366624,-0.001308322,0.003582985,0.131816906,-0.017960923,0.008918172,0.13922675,0.104545958,0.122649468,0.15733026,-0.122649468,-0.15733026,-0.13922675,-0.104545958,0.093849086,0.030288253,0.003339127
55.22065997,0.976057731,0.217511624,0,0,0.438528656,0,0,0.985096157,0.171339646,0.014532034,-0.004163206,0.344369771,0.030062068,-0.00322395,-0.088322163,3.50E-05,0.006114692,0.132115585,-0.01637215,0.008021688,0.140859619,0.104937792,0.122774139,0.158695966,-0.122774139,-0.158695966,-0.140859619,-0.104937792,0.094158885,0.030062068,0.00322395
55.26107002,0.976188303,0.216924866,0,0,0.437326436,0,0,0.985373974,0.16974923,0.014402398,-0.003999119,0.341144359,0.029745574,-0.002992992,-0.09073019,-0.005793572,0.011735409,0.132893996,-0.016644057,0.007445323,0.140466005,0.107721724,0.123765104,0.156509385,-0.123765104,-0.156509385,-0.140466005,-0.107721724,0.096182077,0.029745574,0.002992992
55.31187988,0.976582846,0.215141685,0,0,0.433673819,0,0,0.985629737,0.168258503,0.014425163,-0.003902754,0.338121264,0.029753466,-0.002840288,-0.067904592,0.00712201,-0.000801682,0.131810416,-0.015007556,0.006232692,0.14209269,0.108804598,0.123695247,0.156983331,-0.123695247,-0.156983331,-0.14209269,-0.108804598,0.095552555,0.029753466,0.002840288
55.36356998,0.976981437,0.213324333,0,0,0.429952721,0,0,0.985869467,0.166839048,0.014557081,-0.003789087,0.335244898,0.029971582,-0.002614888,-0.055643924,0.005634875,0.007184595,0.12572044,-0.018281524,0.006770939,0.140585244,0.110570148,0.123035535,0.153050631,-0.123035535,-0.153050631,-0.140585244,-0.110570148,0.094707823,0.029971582,0.002614888
55.41722989,0.97724929,0.212093906,0,0,0.427434232,0,0,0.986367643,0.163835689,0.015000963,-0.003455321,0.329165372,0.030729967,-0.001901946,-0.04208684,0.013565272,-0.002552569,0.126274079,-0.019984081,0.006834494,0.137230992,0.100667961,0.114209838,0.15077287,-0.114209838,-0.15077287,-0.137230992,-0.100667961,0.09826886,0.030729967,0.001901946
55.46705008,0.97765407,0.210220167,0,0,0.423600308,0,0,0.986522853,0.162873134,0.015279932,-0.003404754,0.327217184,0.03126218,-0.001741205,-0.044232618,0.016529115,0.001635403,0.122649516,-0.021013983,0.008081307,0.139423624,0.099455491,0.113124475,0.153092608,-0.113124475,-0.153092608,-0.139423624,-0.099455491,0.096383124,0.03126218,0.001741205
55.51701999,0.978062226,0.208312944,0,0,0.419699492,0,0,0.986682951,0.161898896,0.015336646,-0.003228253,0.325247547,0.031315229,-0.001405241,-0.041830543,-0.006327034,0.014837831,0.120989808,-0.022177579,0.0073346,0.135582149,0.093554214,0.109716825,0.151744768,-0.109716825,-0.151744768,-0.135582149,-0.093554214,0.094451945,0.031315229,0.001405241
55.56279993,0.978198983,0.207669809,0,0,0.418384461,0,0,0.98688978,0.160664603,0.015074166,-0.002892682,0.322752975,0.030687397,-0.000866155,-0.050528347,-0.007934869,0.014931707,0.119841346,-0.016249333,0.004893819,0.135832742,0.091477618,0.106146812,0.150501952,-0.106146812,-0.150501952,-0.135832742,-0.091477618,0.095631486,0.030687397,0.000866155
55.6182499,0.978749287,0.205060559,0,0,0.413051162,0,0,0.987056136,0.159658507,0.01491267,-0.002657254,0.320719191,0.03029242,-0.00048407,-0.054329634,-0.005547703,0.01135245,0.120706063,-0.015595554,0.00438652,0.131196827,0.098698176,0.108485818,0.140984461,-0.108485818,-0.140984461,-0.131196827,-0.098698176,0.092331971,0.03029242,0.00048407
55.66541004,0.979026269,0.203734055,0,0,0.410340935,0,0,0.987211168,0.158711269,0.014801585,-0.002443963,0.318804724,0.030004845,-0.000127116,-0.05685091,0.001659244,0.006490201,0.12157083,-0.017917209,0.005178763,0.131915063,0.100723974,0.109497011,0.140688106,-0.109497011,-0.140688106,-0.131915063,-0.100723974,0.091536211,0.030004845,0.000127116
55.71848989,0.979304367,0.202393075,0,0,0.407601908,0,0,0.987573385,0.156468198,0.014586546,-0.002039716,0.314269773,0.029453116,0.000536155,-0.059838597,-0.000950694,0.007583946,0.120148392,-0.015901902,0.003873549,0.134309232,0.098474838,0.108832367,0.144666761,-0.108832367,-0.144666761,-0.134309232,-0.098474838,0.093332135,0.029453116,0.000536155
55.76956988,0.979583504,0.201037704,0,0,0.404834274,0,0,0.987750471,0.155354425,0.014518414,-0.001871616,0.312018023,0.029266837,0.000813969,-0.054258108,-0.001682341,0.004269928,0.11857089,-0.017087649,0.004381532,0.132176712,0.100372925,0.108120024,0.139923811,-0.108120024,-0.139923811,-0.132176712,-0.100372925,0.092816251,0.029266837,0.000813969
55.82121992,0.980003987,0.198977852,0,0,0.400629611,0,0,0.987935662,0.154178828,0.014459081,-0.00176434,0.309639834,0.029117441,0.000972871,-0.058859594,-0.005818905,0.006957354,0.11686748,-0.016852394,0.004704408,0.131276965,0.097101696,0.105864756,0.14004004,-0.105864756,-0.14004004,-0.131276965,-0.097101696,0.090989777,0.029117441,0.000972871
55.87406993,0.980567536,0.196181824,0,0,0.3949251,0,0,0.988128185,0.15294762,0.014387714,-0.001673182,0.307148918,0.02894967,0.001094956,-0.059844553,-0.00870824,0.004490465,0.116911458,-0.015718175,0.004084089,0.129015431,0.095310666,0.104719475,0.138424248,-0.104719475,-0.138424248,-0.129015431,-0.095310666,0.087776182,0.02894967,0.001094956
55.91899991,0.980850378,0.194762771,0,0,0.392031167,0,0,0.988371909,0.151370868,0.014338384,-0.001595381,0.303958902,0.028830286,0.001187661,-0.056265295,-0.005017221,0.004088134,0.11635849,-0.014889727,0.004352878,0.128545508,0.097109176,0.105277352,0.136713684,-0.105277352,-0.136713684,-0.128545508,-0.097109176,0.088072265,0.028830286,0.001187661
55.96535993,0.981133826,0.193329813,0,0,0.389109721,0,0,0.9885692,0.150077581,0.014328765,-0.001621448,0.301340799,0.028820618,0.001095481,-0.070381172,0.000224262,-0.002458692,0.118357224,-0.017199709,0.005417571,0.126895308,0.097115867,0.105821624,0.135601059,-0.105821624,-0.135601059,-0.126895308,-0.097115867,0.087768922,0.028820618,0.001095481
56.01853991,0.9814178,0.191883041,0,0,0.386160965,0,0,0.989001811,0.147202104,0.01428889,-0.001745229,0.295519596,0.028781245,0.000754952,-0.0817433,-0.005725027,-0.007633865,0.118832617,-0.017342937,0.005731101,0.130139321,0.095739931,0.106575072,0.140974462,-0.106575072,-0.140974462,-0.130139321,-0.095739931,0.090641369,0.028781245,0.000754952
56.06721998,0.981702222,0.190422549,0,0,0.383185108,0,0,0.989355981,0.144803107,0.014250464,-0.001941947,0.290662321,0.028763928,0.000284587,-0.074291237,-0.002583861,-0.009299816,0.118263865,-0.015557849,0.006371396,0.130444422,0.095758565,0.107220761,0.141906619,-0.107220761,-0.141906619,-0.130444422,-0.095758565,0.092522787,0.028763928,0.000284587
56.11891008,0.981987011,0.188948432,0,0,0.380182357,0,0,0.989601195,0.143118858,0.014221449,-0.002079888,0.287253206,0.028746425,-4.58E-05,-0.0841856,-0.000724196,-0.008752942,0.115394032,-0.01631197,0.006840072,0.127450287,0.096334599,0.109077394,0.140193075,-0.109077394,-0.140193075,-0.127450287,-0.096334599,0.092929151,0.028746425,0.0000458
56.16507006,0.982414709,0.186711916,0,0,0.375628267,0,0,0.98984313,0.141438156,0.014180151,-0.002193802,0.283852699,0.028696761,-0.000331947,-0.078590214,-0.004196167,-0.006654859,0.116522076,-0.016749258,0.006878622,0.124865897,0.092241973,0.105922118,0.138546035,-0.105922118,-0.138546035,-0.124865897,-0.092241973,0.091775568,0.028696761,0.000331947
56.21866989,0.982985513,0.183683102,0,0,0.369464004,0,0,0.990063787,0.139890403,0.014120522,-0.002309541,0.280721425,0.028610493,-0.00062279,-0.073219836,-0.002869964,-0.003668666,0.115017821,-0.015761819,0.006634614,0.126392677,0.092894182,0.106651425,0.140149921,-0.106651425,-0.140149921,-0.126392677,-0.092894182,0.088742579,0.028610493,0.00062279
56.26562,0.983270965,0.182148863,0,0,0.366342869,0,0,0.990270078,0.138405904,0.01424197,-0.002532728,0.27771697,0.028911903,-0.001074272,-0.075273216,0.00967756,-0.014524162,0.114659984,-0.019442972,0.008360096,0.124144994,0.092621371,0.105890602,0.137414217,-0.105890602,-0.137414217,-0.124144994,-0.092621371,0.088625899,0.028911903,0.001074272
56.31476999,0.983556346,0.180601537,0,0,0.363196022,0,0,0.990733683,0.135002658,0.0145767,-0.002945625,0.270834187,0.029682945,-0.001901713,-0.084172197,0.00430122,-0.005996227,0.115316226,-0.01960379,0.00825299,0.125742823,0.086856902,0.103577092,0.142463014,-0.103577092,-0.142463014,-0.125742823,-0.086856902,0.092361835,0.029682945,0.001901713
56.36795998,0.983841573,0.179041224,0,0,0.360023685,0,0,0.990959346,0.13332592,0.014670536,-0.002969486,0.267448837,0.029872063,-0.001974235,-0.091333687,0.00756532,0.001128018,0.115003519,-0.018368122,0.007433801,0.126666993,0.08745943,0.103965417,0.143172964,-0.103965417,-0.143172964,-0.126666993,-0.08745943,0.092574848,0.029872063,0.001974235
56.41531992,0.984126567,0.177468028,0,0,0.35682608,0,0,0.99119699,0.131543577,0.014719227,-0.002889555,0.263853891,0.029943981,-0.00185663,-0.086784355,0.000428408,0.001437217,0.11481069,-0.019367884,0.006234357,0.125937805,0.089201577,0.104069181,0.140805408,-0.104069181,-0.140805408,-0.125937805,-0.089201577,0.092972189,0.029943981,0.00185663
56.4619999,0.984411247,0.175882051,0,0,0.353603432,0,0,0.991506815,0.12918824,0.014746682,-0.00268812,0.259107128,0.02994189,-0.001521064,-0.088311732,0.00480786,0.011075288,0.111860073,-0.017569631,0.006049267,0.127944186,0.089208432,0.10167715,0.140412897,-0.10167715,-0.140412897,-0.127944186,-0.089208432,0.094496304,0.02994189,0.001521064
56.51739002,0.985121054,0.171861888,0,0,0.345438735,0,0,0.991756499,0.127267316,0.014714148,-0.002402267,0.255240102,0.029801569,-0.00102012,-0.098593533,-0.002115965,0.02085641,0.111861202,-0.018825973,0.004151235,0.1233804,0.08824116,0.100339696,0.135478929,-0.100339696,-0.135478929,-0.1233804,-0.08824116,0.090198633,0.029801569,0.00102012
56.56455994,0.985404009,0.170232013,0,0,0.342130228,0,0,0.991990268,0.1254462,0.014643343,-0.002121498,0.251574863,0.029588682,-0.000535342,-0.085352369,-0.006157161,0.016766047,0.113075445,-0.017028389,0.002113312,0.126535907,0.088883981,0.097186454,0.134838372,-0.097186454,-0.134838372,-0.126535907,-0.088883981,0.090555365,0.029588682,0.000535342
56.61548996,0.985686292,0.168589839,0,0,0.338797709,0,0,0.99220705,0.123723283,0.014638828,-0.001899103,0.248107241,0.029523707,-0.000146343,-0.08023382,0.007899851,0.002167374,0.110355758,-0.019676609,0.004626542,0.127990484,0.093933731,0.098160349,0.132217109,-0.098160349,-0.132217109,-0.127990484,-0.093933731,0.090690468,0.029523707,0.000146343
56.66710997,0.985967823,0.166935474,0,0,0.335441412,0,0,0.992650926,0.120061107,0.015045898,-0.001800529,0.240731205,0.030307631,3.83E-05,-0.076335661,0.004165619,-0.00140965,0.108672574,-0.021319897,0.004289119,0.125405788,0.086052597,0.095305681,0.134658873,-0.095305681,-0.134658873,-0.125405788,-0.086052597,0.094710207,0.030307631,0.0000383
56.7125299,0.986248522,0.16526903,0,0,0.332061573,0,0,0.992838204,0.118480466,0.0152219,-0.001757576,0.23754866,0.030647039,0.000117073,-0.080347054,0.009522588,0.003547221,0.105950507,-0.0192276,0.005093901,0.12570332,0.083063543,0.091641784,0.134281561,-0.091641784,-0.134281561,-0.12570332,-0.083063543,0.094512913,0.030647039,0.000117073
56.76165009,0.986528312,0.163590619,0,0,0.328658428,0,0,0.99301964,0.116935171,0.01534572,-0.001702446,0.23443789,0.030880254,0.000207884,-0.071521111,0.005180389,-0.002698601,0.105843356,-0.020886273,0.004201902,0.120084174,0.081628993,0.091816798,0.130271971,-0.091816798,-0.130271971,-0.120084174,-0.081628993,0.094220538,0.030880254,0.000207884
56.81507993,0.987084844,0.160198345,0,0,0.32178318,0,0,0.993275404,0.114691205,0.015710192,-0.001850291,0.229916013,0.031638786,-7.21E-05,-0.070111446,0.013753027,-0.011973083,0.10352741,-0.019896476,0.005190647,0.122527689,0.080755167,0.089158975,0.130931497,-0.089158975,-0.130931497,-0.122527689,-0.080755167,0.091867167,0.031638786,0.0000721
56.86457992,0.98749927,0.157623573,0,0,0.316567356,0,0,0.993446469,0.113158867,0.015987566,-0.001950248,0.226828923,0.032212521,-0.000256797,-0.073161714,0.016271319,-0.00911355,0.102848405,-0.022587442,0.006970917,0.118233204,0.078440279,0.088821568,0.1286145,-0.088821568,-0.1286145,-0.118233204,-0.078440279,0.089738433,0.032212521,0.000256797
56.91611004,0.987773992,0.15589272,0,0,0.313062317,0,0,0.993598044,0.11178384,0.016206075,-0.002168221,0.224054781,0.032695216,-0.000685893,-0.064252324,0.005923957,-0.015248358,0.101785319,-0.021064726,0.007972258,0.118464895,0.073290035,0.087231874,0.132406726,-0.087231874,-0.132406726,-0.118464895,-0.073290035,0.089007536,0.032695216,0.000685893
56.95896006,0.988047374,0.154150534,0,0,0.309535306,0,0,0.9937374,0.110505857,0.016401289,-0.002424131,0.221474758,0.033138961,-0.001193678,-0.061848763,0.00661239,-0.01270175,0.100373257,-0.02145216,0.007857629,0.114877753,0.072748326,0.088692844,0.130822271,-0.088692844,-0.130822271,-0.114877753,-0.072748326,0.088060548,0.033138961,0.001193678
57.01287008,0.988319338,0.152397133,0,0,0.305986571,0,0,0.994082808,0.10736338,0.016259741,-0.00289644,0.215133486,0.032954956,-0.002268434,-0.071603067,-0.008884072,-0.006593764,0.098222582,-0.016584477,0.006677407,0.113967754,0.071063459,0.086778715,0.129683018,-0.086778715,-0.129683018,-0.113967754,-0.071063459,0.090853085,0.032954956,0.002268434
57.06028009,0.988589808,0.150632637,0,0,0.30241636,0,0,0.994251966,0.105815783,0.016037874,-0.003022377,0.212014243,0.032536737,-0.002617276,-0.077071793,-0.0138551,-0.004707277,0.097652997,-0.01712826,0.007267797,0.108129621,0.074960686,0.088315502,0.121484436,-0.088315502,-0.121484436,-0.108129621,-0.074960686,0.090402117,0.032536737,0.002617276
57.11751008,0.989258947,0.146173652,0,0,0.293398528,0,0,0.994417906,0.104277462,0.015794059,-0.003169075,0.208913647,0.03207821,-0.003010393,-0.077395149,-0.014373662,-0.003667176,0.097675277,-0.015528819,0.007033583,0.107513428,0.073256925,0.087792523,0.122049019,-0.087792523,-0.122049019,-0.107513428,-0.073256925,0.084484881,0.03207821,0.003010393
57.16328001,0.989523589,0.144371282,0,0,0.289755138,0,0,0.994621813,0.102357008,0.01547757,-0.003339435,0.205044239,0.031477477,-0.003476203,-0.075225525,-0.011233986,-0.005877017,0.096814828,-0.015078261,0.00696759,0.106170483,0.075112864,0.08918003,0.120237648,-0.08918003,-0.120237648,-0.106170483,-0.075112864,0.084710899,0.031477477,0.003476203
57.21147991,0.989786397,0.142558369,0,0,0.286091411,0,0,0.99478364,0.100807779,0.015215411,-0.003484936,0.201923346,0.030979645,-0.003867716,-0.078006096,-0.012968483,-0.007036328,0.097085948,-0.014693759,0.007801504,0.104925469,0.074768968,0.088704146,0.118860647,-0.088704146,-0.118860647,-0.104925469,-0.074768968,0.084168065,0.030979645,0.003867716
57.25946999,0.990047296,0.140735038,0,0,0.282407606,0,0,0.994948506,0.099186033,0.015043819,-0.003679243,0.198656115,0.030670311,-0.004339094,-0.078186393,-0.00744164,-0.010217727,0.096225884,-0.015924547,0.008520266,0.103978172,0.074590668,0.090193681,0.119581185,-0.090193681,-0.119581185,-0.103978172,-0.074590668,0.083751491,0.030670311,0.004339094
57.31109,0.990306214,0.138901415,0,0,0.27870398,0,0,0.995343149,0.095179796,0.014690512,-0.004152589,0.190588251,0.030039196,-0.005472516,-0.096783049,-0.005376339,-0.009088219,0.097353068,-0.015270912,0.008633616,0.103630133,0.071781062,0.08882159,0.120670669,-0.08882159,-0.120670669,-0.103630133,-0.071781062,0.088115729,0.030039196,0.005472516
57.36050988,0.990817809,0.135203806,0,0,0.271238308,0,0,0.995529473,0.093228765,0.0145131,-0.004347611,0.186661742,0.029711453,-0.005952935,-0.098502636,-0.015145541,-0.009389222,0.09522805,-0.016010135,0.00874333,0.103990331,0.073448531,0.090715759,0.121257566,-0.090715759,-0.121257566,-0.103990331,-0.073448531,0.084576566,0.029711453,0.005952935
57.41400004,0.991070343,0.133340076,0,0,0.267476786,0,0,0.995724559,0.09114404,0.014328736,-0.004475815,0.182469507,0.029355053,-0.006304157,-0.109770894,-0.009809435,-0.005257129,0.094769204,-0.013183962,0.008979983,0.102494828,0.070474572,0.087961234,0.119981483,-0.087961234,-0.119981483,-0.102494828,-0.070474572,0.085007279,0.029355053,0.006304157
57.46532989,0.991444861,0.130526192,0,0,0.261799388,0,0,0.995920956,0.089000829,0.014151036,-0.004498213,0.178163773,0.028991371,-0.006443572,-0.108483449,-0.00614226,0.0017263,0.095994463,-0.014372584,0.008374922,0.098973155,0.072605245,0.090565212,0.116933122,-0.090565212,-0.116933122,-0.098973155,-0.072605245,0.083635615,0.028991371,0.006443572
57.51406002,0.99181403,0.127690755,0,0,0.256080649,0,0,0.996208429,0.085774325,0.013857312,-0.004425513,0.17168651,0.028372536,-0.0064429,-0.10407865,-0.010347365,0.001616031,0.096211453,-0.013676469,0.007057624,0.101992093,0.073246941,0.089996792,0.118741937,-0.089996792,-0.118741937,-0.101992093,-0.073246941,0.084394139,0.028372536,0.0064429
57.55755997,0.991935857,0.126740897,0,0,0.254165371,0,0,0.996386051,0.083723947,0.013645673,-0.004352516,0.167572136,0.027925165,-0.006391168,-0.104309633,-0.009565056,0.006294996,0.095538314,-0.013651976,0.006119243,0.102830268,0.075477347,0.089592591,0.11694552,-0.089592591,-0.11694552,-0.102830268,-0.075477347,0.086593235,0.027925165,0.006391168
57.61256004,0.992177615,0.124834213,0,0,0.250321471,0,0,0.996717811,0.079753421,0.013282552,-0.00408706,0.159610042,0.027133153,-0.006030888,-0.09740293,-0.006389618,0.007023662,0.091959286,-0.014310612,0.005613361,0.103071019,0.075767085,0.088005565,0.115309507,-0.088005565,-0.115309507,-0.103071019,-0.075767085,0.090711429,0.027133153,0.006030888
57.66715002,0.992653306,0.120993444,0,0,0.242581237,0,0,0.996909082,0.077378415,0.013040712,-0.003873469,0.154850112,0.026603387,-0.005706902,-0.094889089,-0.008511543,0.009670109,0.089993589,-0.014126998,0.005530972,0.100656509,0.072035298,0.083262026,0.111883231,-0.083262026,-0.111883231,-0.100656509,-0.072035298,0.087731125,0.026603387,0.005706902
57.71801997,0.992887105,0.119059631,0,0,0.238685446,0,0,0.997049689,0.075585589,0.01285815,-0.003693672,0.151257985,0.026201797,-0.005423655,-0.082068153,-0.010310114,0.008522719,0.088043247,-0.013315384,0.004751186,0.098589584,0.070335604,0.081397556,0.109651528,-0.081397556,-0.109651528,-0.098589584,-0.070335604,0.087427461,0.026201797,0.005423655
57.77021003,0.993232559,0.116142511,0,0,0.232810436,0,0,0.997187614,0.073738575,0.012900311,-0.00361909,0.147554567,0.026264814,-0.005317181,-0.095945597,0.015500933,-0.005568564,0.084048887,-0.012652859,0.004662622,0.096607417,0.069976665,0.079479039,0.106109791,-0.079479039,-0.106109791,-0.096607417,-0.069976665,0.085255869,0.026264814,0.005317181
57.82054997,0.993571524,0.113206124,0,0,0.226898662,0,0,0.997324944,0.071798556,0.013203911,-0.003693262,0.14366077,0.026870754,-0.005472723,-0.092741847,0.012855977,-0.004236401,0.086000181,-0.019222205,0.006833411,0.092039101,0.066733398,0.076058641,0.101364344,-0.076058641,-0.101364344,-0.092039101,-0.066733398,0.083237892,0.026870754,0.005472723
57.86451006,0.993793788,0.111238063,0,0,0.222937516,0,0,0.997611284,0.067564763,0.013869684,-0.003801857,0.13516601,0.028190581,-0.005713648,-0.091338158,0.013949723,-0.00372678,0.085709862,-0.019956573,0.006814861,0.098388948,0.059944555,0.073611379,0.112055771,-0.073611379,-0.112055771,-0.098388948,-0.059944555,0.087771506,0.028190581,0.005713648
57.91842008,0.994121458,0.108270616,0,0,0.216966547,0,0,0.997730076,0.065733083,0.014124915,-0.003828753,0.131492105,0.028692984,-0.005785587,-0.089152142,0.013985486,-0.003612041,0.084254873,-0.020344063,0.006902515,0.098851539,0.058938421,0.072568141,0.112481266,-0.072568141,-0.112481266,-0.098851539,-0.058938421,0.085474442,0.028692984,0.005785587
57.96801997,0.994335997,0.106282287,0,0,0.212966808,0,0,0.997843921,0.063925274,0.014367556,-0.003856453,0.127866444,0.029170337,-0.005861903,-0.088819884,0.012441725,-0.004200638,0.0829608,-0.020677061,0.006917055,0.097696394,0.057008289,0.070813321,0.111501418,-0.070813321,-0.111501418,-0.097696394,-0.057008289,0.085100364,0.029170337,0.005861903
58.01796007,0.994547339,0.104286102,0,0,0.208952123,0,0,0.997952938,0.062144924,0.014589609,-0.003886302,0.124296156,0.029606838,-0.005945994,-0.086086988,0.005605072,-0.005316734,0.080973721,-0.02058158,0.007033193,0.096720777,0.055366676,0.069200791,0.110554889,-0.069200791,-0.110554889,-0.096720777,-0.055366676,0.084655967,0.029606838,0.005945994
58.06999994,0.994755423,0.102282202,0,0,0.204922773,0,0,0.998075664,0.060081005,0.014850742,-0.003861544,0.120159343,0.030112884,-0.005926452,-0.080908835,0.009638817,-0.002457202,0.077559808,-0.019062439,0.007224054,0.094522081,0.053358942,0.067425326,0.108588465,-0.067425326,-0.108588465,-0.094522081,-0.053358942,0.08476343,0.030112884,0.005926452
58.11899996,0.995061312,0.099262203,0,0,0.19885187,0,0,0.998165011,0.058532052,0.015038523,-0.003817576,0.117055814,0.030473468,-0.005863425,-0.071600087,0.005900115,0.002229959,0.075170646,-0.019719303,0.005884591,0.089398161,0.051273309,0.065721415,0.103846274,-0.065721415,-0.103846274,-0.089398161,-0.051273309,0.081796056,0.030473468,0.005863425
58.17272997,0.99545722,0.095209891,0,0,0.190708652,0,0,0.998338938,0.05519557,0.016033243,-0.003987508,0.1103618,0.032459103,-0.006195144,-0.084705651,0.029692804,-0.010715426,0.076608751,-0.026219846,0.007779454,0.089005329,0.049566746,0.061335929,0.100774512,-0.061335929,-0.100774512,-0.089005329,-0.049566746,0.080346852,0.032459103,0.006195144
58.2184999,0.995649928,0.093173073,0,0,0.186616823,0,0,0.998455167,0.052777722,0.01687899,-0.004145469,0.10550946,0.034150035,-0.006500295,-0.076305866,0.023292005,-0.009259582,0.075251157,-0.027254857,0.008309849,0.095049113,0.042609449,0.058168355,0.110608019,-0.058168355,-0.110608019,-0.095049113,-0.042609449,0.081107363,0.034150035,0.006500295
58.26780987,0.995839065,0.091129344,0,0,0.182511897,0,0,0.998527527,0.051210441,0.017386086,-0.004253305,0.102364007,0.035163841,-0.006717588,-0.081177063,0.024905058,-0.008426607,0.073185934,-0.026599173,0.008311055,0.094196133,0.039686449,0.05630615,0.110815831,-0.05630615,-0.110815831,-0.094196133,-0.039686449,0.08014789,0.035163841,0.006717588
58.31752992,0.996024577,0.089078851,0,0,0.178394162,0,0,0.998618305,0.04930884,0.017673386,-0.004229746,0.09855414,0.035722655,-0.006709225,-0.111508369,-0.006559491,0.007154794,0.072874153,-0.027657996,0.008310429,0.091474019,0.038275708,0.054897815,0.10809613,-0.054897815,-0.10809613,-0.091474019,-0.038275708,0.079840022,0.035722655,0.006709225
58.36793995,0.996206412,0.087021744,0,0,0.174263906,0,0,0.998726606,0.047096573,0.017637227,-0.004025469,0.094129737,0.035616229,-0.00638347,-0.106211014,-0.007089972,0.011038033,0.076026144,-0.019713076,0.005589941,0.092221685,0.036905728,0.053526588,0.108842544,-0.053526588,-0.108842544,-0.092221685,-0.036905728,0.080134169,0.035616229,0.00638347
58.41750002,0.996384519,0.084958173,0,0,0.17012142,0,0,0.99884963,0.04447956,0.017525561,-0.003726449,0.088898677,0.035349662,-0.005888979,-0.096198924,-0.003618002,0.011948497,0.072328063,-0.019574467,0.004603285,0.090149254,0.050723121,0.061903004,0.101329133,-0.061903004,-0.101329133,-0.090149254,-0.050723121,0.081222743,0.035349662,0.005888979
58.46302986,0.996644575,0.081851026,0,0,0.163885395,0,0,0.998940766,0.042454865,0.017409764,-0.003441936,0.084853882,0.035082096,-0.005401672,-0.09737312,-0.005382299,0.015016644,0.071416093,-0.0198138,0.003155654,0.08729922,0.048150305,0.057356879,0.096505791,-0.057356879,-0.096505791,-0.08729922,-0.048150305,0.079031513,0.035082096,0.005401672
58.51819992,0.996977802,0.077686948,0,0,0.155530609,0,0,0.999100387,0.038706783,0.017127791,-0.002659096,0.077375834,0.034437415,-0.003989859,-0.087894499,-0.003804267,0.020913035,0.069801409,-0.019273618,0.001579133,0.088074207,0.048446637,0.054757945,0.09438552,-0.054757945,-0.09438552,-0.088074207,-0.048446637,0.078154775,0.034437415,0.003989859
58.56738997,0.997138516,0.075596159,0,0,0.151336695,0,0,0.999182761,0.036668882,0.016891297,-0.002026051,0.073317147,0.033910063,-0.00281164,-0.072096273,-0.006233156,0.021479281,0.067849387,-0.019975197,0.00109663,0.087495863,0.048948653,0.052106921,0.090654135,-0.052106921,-0.090654135,-0.087495863,-0.048948653,0.078019548,0.033910063,0.00281164
58.61731005,0.997295236,0.073499742,0,0,0.14713216,0,0,0.999239445,0.035225149,0.016671252,-0.001494805,0.070444417,0.033428664,-0.001813855,-0.071582198,-0.00987053,0.031118842,0.064288328,-0.019098476,0.000173353,0.086727925,0.046777558,0.048970819,0.088921189,-0.048970819,-0.088921189,-0.086727925,-0.046777558,0.076687743,0.033428664,0.001813855
58.66626001,0.997447917,0.07139785,0,0,0.142917299,0,0,0.999289632,0.033914734,0.016409317,-0.000971188,0.067838027,0.032867107,-0.000828408,-0.060932342,-0.007307529,0.022613257,0.062969347,-0.017919141,-0.002170506,0.083213426,0.045016497,0.045363203,0.083560131,-0.045363203,-0.083560131,-0.083213426,-0.045016497,0.075079272,0.032867107,0.000828408
58.71503997,0.997596515,0.069290638,0,0,0.138692408,0,0,0.999332786,0.032754116,0.016157938,-0.000463823,0.065530637,0.032330326,0.00013152,-0.049073994,-0.014260412,0.025250765,0.057330398,-0.016280583,-0.002374984,0.083058968,0.047220711,0.042879697,0.078717954,-0.042879697,-0.078717954,-0.083058968,-0.047220711,0.073161771,0.032330326,0.00013152
58.75969005,0.997740989,0.06717826,0,0,0.134457783,0,0,0.999381185,0.031214181,0.016223324,-9.84E-05,0.062459961,0.032438395,0.000816476,-0.069570541,0.020674618,0.003331155,0.057639095,-0.025563422,0.000652353,0.075985946,0.043424796,0.038674828,0.071235977,-0.038674828,-0.071235977,-0.075985946,-0.043424796,0.071997822,0.032438395,0.000816476
58.81155992,0.997949876,0.06400035,0,0,0.128088244,0,0,0.999448717,0.028523419,0.016996786,1.30E-06,0.057079345,0.03398129,0.000972782,-0.054387752,0.021622326,0.001174957,0.056401563,-0.02515376,5.55E-06,0.082550138,0.031423323,0.032728028,0.083854839,-0.032728028,-0.083854839,-0.082550138,-0.031423323,0.071008899,0.03398129,0.000972782
58.86519003,0.998213581,0.059746515,0,0,0.119564236,0,0,0.999462128,0.028107695,0.016904004,-7.86E-05,0.056244236,0.033800667,0.000793586,0.057139251,-0.047293305,-0.008207561,0.052437246,-0.026782267,0.000879296,0.081549749,0.031242259,0.031253353,0.081560843,-0.031253353,-0.081560843,-0.081549749,-0.031242259,0.06332,0.033800667,0.000793586
58.91796995,0.998339002,0.057612828,0,0,0.115289495,0,0,0.999467492,0.02834186,0.016172895,-0.00039959,0.056700636,0.032356854,0.000118047,-0.040152673,0.002301484,-0.004200638,0.031810329,-0.008380716,0.002600421,0.078340188,0.024775688,0.02653428,0.080098785,-0.02653428,-0.080098785,-0.078340188,-0.024775688,0.058588859,0.032356854,0.000118047
58.96631003,0.998460085,0.055474839,0,0,0.111006663,0,0,0.999487519,0.027604073,0.016200818,-0.000549794,0.055219098,0.032421062,-0.000204715,-0.027725104,-0.003367663,-0.00756383,0.045969222,-0.020614244,0.00216874,0.037590612,0.02082919,0.026030032,0.042791456,-0.026030032,-0.042791456,-0.037590612,-0.02082919,0.055787565,0.032421062,0.000204715
59.01197005,0.998576799,0.053332705,0,0,0.10671604,0,0,0.999503911,0.027030649,0.016153665,-0.000730994,0.054065437,0.03233645,-0.000588282,-0.025762619,-0.001132488,-0.011721252,0.041152259,-0.019138744,0.002878813,0.064414702,0.02318624,0.027523721,0.068752185,-0.027523721,-0.068752185,-0.064414702,-0.02318624,0.052650603,0.03233645,0.000588282
59.06033993,0.998689108,0.051186585,0,0,0.102417928,0,0,0.999518454,0.026543504,0.016043978,-0.000945435,0.053083415,0.032128221,-0.00103877,-0.019390879,-0.011801718,-0.008971988,0.036147783,-0.016691468,0.003529553,0.05741217,0.019134704,0.02489233,0.063169792,-0.02489233,-0.063169792,-0.05741217,-0.019134704,0.049334513,0.032128221,0.00103877
59.11090994,0.998849244,0.047960282,0,0,0.095957376,0,0,0.999532044,0.026137181,0.015848426,-0.00118232,0.052262536,0.031749157,-0.001535841,-0.016558172,-0.013290346,-0.01076162,0.033795029,-0.016044928,0.004081083,0.049309682,0.015926765,0.02298587,0.056368787,-0.02298587,-0.056368787,-0.049309682,-0.015926765,0.04369484,0.031749157,0.001535841
59.17022991,0.999093681,0.042565446,0,0,0.085156621,0,0,0.999567509,0.025071986,0.015269617,-0.001770613,0.050112659,0.030619592,-0.002775319,-0.027802588,-0.016501546,-0.012756886,0.032867637,-0.014749834,0.00470368,0.045758858,0.01366902,0.021831186,0.053921025,-0.021831186,-0.053921025,-0.045758858,-0.01366902,0.035043962,0.030619592,0.002775319
59.21420002,0.999139168,0.04148401,0,0,0.082991836,0,0,0.999582887,0.024628364,0.014948527,-0.00204211,0.049217111,0.029989663,-0.003347713,-0.014075639,-0.014577807,-0.012761357,0.032067862,-0.014457043,0.005040193,0.042913776,0.013414123,0.022821484,0.052321136,-0.022821484,-0.052321136,-0.042913776,-0.013414123,0.033774725,0.029989663,0.003347713
59.26225996,0.999226716,0.039318829,0,0,0.078657935,0,0,0.999595821,0.024307508,0.014573115,-0.002227425,0.048570304,0.029246905,-0.003746189,-0.01642108,-0.020332633,-0.005869568,0.027896659,-0.014561282,0.005336511,0.041484695,0.012570628,0.022651013,0.051565081,-0.022651013,-0.051565081,-0.041484695,-0.012570628,0.030087631,0.029246905,0.003746189
59.31289006,0.999309674,0.037150706,0,0,0.074318513,0,0,0.999613225,0.023841353,0.014110973,-0.002459884,0.04763195,0.02833211,-0.004246731,-0.02001673,-0.02256185,-0.007887185,0.023193023,-0.012580757,0.004296628,0.037121415,0.007998868,0.018671891,0.047794439,-0.018671891,-0.047794439,-0.037121415,-0.007998868,0.026686563,0.02833211,0.004246731
59.36753989,0.999461729,0.032806276,0,0,0.065624328,0,0,0.999629676,0.023393292,0.013651877,-0.002641304,0.046731705,0.027420654,-0.004643689,-0.020441413,-0.022879245,-0.005477667,0.022262056,-0.010754805,0.004673746,0.031477138,0.006315641,0.014908897,0.040070396,-0.014908897,-0.040070396,-0.031477138,-0.006315641,0.018892623,0.027420654,0.004643689
59.41893006,0.999530782,0.030630295,0,0,0.061270174,0,0,0.999671042,0.022092756,0.012732485,-0.002776574,0.044129022,0.025582066,-0.004990384,-0.037123267,-0.023132563,0.002353639,0.021922244,-0.010854111,0.004680777,0.028343104,0.006833506,0.016180998,0.037690595,-0.016180998,-0.037690595,-0.028343104,-0.006833506,0.017141152,0.025582066,0.004990384
59.46953988,0.999625588,0.027362072,0,0,0.054730976,0,0,0.999702573,0.020984503,0.012137421,-0.002703705,0.04191561,0.024383506,-0.004897881,-0.045259304,-0.025297705,0.006090851,0.021562511,-0.009561767,0.003413376,0.028095568,0.006387358,0.015748912,0.03745712,-0.015748912,-0.03745712,-0.028095568,-0.006387358,0.012815366,0.024383506,0.004897881
59.52113009,0.999709812,0.024089237,0,0,0.048183135,0,0,0.999729395,0.019978845,0.011651156,-0.002550438,0.039908952,0.023400044,-0.004635227,-0.050851703,-0.02347827,0.00686273,0.019307701,-0.008267913,0.002611923,0.027710892,0.008587369,0.01541412,0.034537643,-0.01541412,-0.034537643,-0.027710892,-0.008587369,0.008274183,0.023400044,0.004635227
59.56458998,0.999735526,0.022997362,0,0,0.045998779,0,0,0.999756038,0.018913604,0.011159089,-0.00238994,0.037783107,0.022405011,-0.004357704,-0.054368388,-0.025404995,0.008987635,0.018687383,-0.0081591,0.002249258,0.024963683,0.008427865,0.013651712,0.030187529,-0.013651712,-0.030187529,-0.024963683,-0.008427865,0.008215672,0.022405011,0.004357704
59.61922002,0.999826526,0.018625758,0,0,0.03725367,0,0,0.999782681,0.017787559,0.010653677,-0.002217533,0.03553573,0.021383238,-0.004056034,-0.057587031,-0.022809209,0.008577853,0.017750005,-0.007048683,0.001651958,0.024597216,0.008279026,0.012777542,0.029095734,-0.012777542,-0.029095734,-0.024597216,-0.008279026,0.00171794,0.021383238,0.004056034
59.66816998,0.999864891,0.016437779,0,0,0.032877039,0,0,0.99982053,0.016036352,0.009898417,-0.002017579,0.032038794,0.019859289,-0.003717705,-0.056102876,-0.021108985,0.004271418,0.016458069,-0.006641024,0.001929573,0.023146722,0.009049364,0.012353281,0.02645064,-0.012353281,-0.02645064,-0.023146722,-0.009049364,0.000838245,0.019859289,0.003717705
59.72027994,0.999898484,0.014248569,0,0,0.028498102,0,0,0.999865949,0.013640585,0.00888567,-0.001809692,0.027253047,0.017819268,-0.003377028,-0.047384206,-0.029715896,0.007572025,0.014175821,-0.002644386,0.001873137,0.021169512,0.007887472,0.011746618,0.025028657,-0.011746618,-0.025028657,-0.021169512,-0.007887472,0.001245055,0.017819268,0.003377028
59.76794005,0.999927296,0.01205829,0,0,0.024117164,0,0,0.999878407,0.013272242,0.00803608,-0.001605254,0.026522004,0.016113511,-0.002997196,-0.007234514,-0.044463579,0.014617295,0.012072185,-0.003115091,0.001058871,0.014947066,0.009658297,0.01340457,0.018693339,-0.01340457,-0.018693339,-0.014947066,-0.009658297,0.00240484,0.016113511,0.002997196
59.82219005,0.999961532,0.008771227,0,0,0.01754268,0,0,0.999890625,0.012995148,0.006967236,-0.001247414,0.025975519,0.01396582,-0.002313701,-0.007075071,-0.041072074,0.016539544,0.001263148,0.001842473,-0.000420131,0.014128402,0.007898223,0.010015964,0.016246144,-0.010015964,-0.016246144,-0.014128402,-0.007898223,0.008432839,0.01396582,0.002313701
59.87580991,0.99999038,0.004386272,0,0,0.008772571,0,0,0.999898851,0.01280082,0.006142925,-0.000907138,0.025592634,0.012308141,-0.00165695,-0.006781519,-0.039622188,0.019551067,-0.000738625,0.002262601,-0.001214032,-0.000159193,0.00352575,0.002685488,-0.000999455,-0.002685488,0.000999455,0.000159193,-0.00352575,0.016820063,0.012308141,0.00165695
59.91875005,0.999997595,0.002193218,0,0,0.00438644,0,0,0.999906242,0.012590918,0.005375969,-0.000536944,0.025177815,0.010764657,-0.000938465,-0.013725462,-0.037747622,0.021643193,-0.002809967,0.002896537,-0.002164742,-0.001787192,0.002738008,0.000309943,-0.004215257,-0.000309943,0.004215257,0.001787192,-0.002738008,0.020791375,0.010764657,0.000938465
59.96935988,1,9.97E-11,0,0,1.99E-10,0,0,0.999912679,0.012378523,0.004650622,-0.000102761,0.024757523,0.009303108,-9.04E-05,-0.011150539,-0.036494438,0.021501631,-0.004396057,0.003132487,-0.003339167,-0.003541759,0.002251312,-0.002078173,-0.007871244,0.002078173,0.007871244,0.003541759,-0.002251312,0.024757523,0.009303108,0.0000904
60.01805997,0.999997595,-0.002193218,0,0,-0.004386439,0,0,0.99992311,0.011913942,0.003360525,0.000771611,0.023834029,0.006702196,0.001623214,-0.009329617,-0.03098846,0.020804262,-0.007029864,0.002961223,-0.004183768,-0.004189374,0.002075596,-0.004602738,-0.010867708,0.004602738,0.010867708,0.004189374,-0.002075596,0.028220468,0.006702196,0.001623214
