time,ref_qw,ref_qx,ref_qy,ref_qz,ref_phi,ref_theta,ref_psi,qw,qx,qy,qz,phi,theta,psi,p,q,r,u_4,u_5,u_6,m_1,m_2,m_3,m_4,m_5,m_6,m_7,m_8,phi_error,theta_error,psi_error
0,1,-1.38E-09,0,0,-2.76E-09,0,0,0.999836683,0.012239929,0.012565852,-0.004353344,0.024376628,0.025236846,-0.008400428,-0.012029707,-0.025245549,0.004880876,-0.003985999,-0.008883007,0.004549269,0.006844181,-0.015258831,-0.004484457,0.017618554,0.004484457,-0.017618554,-0.006844181,0.015258831,0.024376631,0.025236846,0.008400428
0.05475998,0.999994589,-0.003289777,0,0,-0.006579566,0,0,0.999855399,0.011660806,0.011673707,-0.004145429,0.02322992,0.023442856,-0.008019698,-0.011521577,-0.020772215,0.007621199,-0.007146118,-0.008049094,0.004380948,0.000347734,-0.017418269,-0.008319731,0.009446273,0.008319731,-0.009446273,-0.000347734,0.017418269,0.029809486,0.023442856,0.008019698
0.10722995,0.999970545,-0.007675185,0,0,-0.015350521,0,0,0.999865353,0.01131023,0.011212706,-0.003961721,0.022536188,0.022513908,-0.007670756,-0.014220178,-0.020244719,0.008880348,-0.010682676,-0.008981211,0.003739649,-0.003477976,-0.019576155,-0.010814257,0.005283921,0.010814257,-0.005283921,0.003477976,0.019576155,0.037886709,0.022513908,0.007670756
0.15346003,0.999951319,-0.009867108,0,0,-0.019734536,0,0,0.999877214,0.010896311,0.010650708,-0.003690368,0.021718002,0.021380848,-0.007149417,-0.012895466,-0.024122003,0.01339391,-0.013390974,-0.008554367,0.003259108,-0.005441118,-0.023403529,-0.01592423,0.00203818,0.01592423,-0.00203818,0.005441118,0.023403529,0.041452538,0.021380848,0.007149417
0.20140982,0.999927296,-0.012058291,0,0,-0.024117167,0,0,0.999886453,0.010511308,0.010249832,-0.003403573,0.020956423,0.020570337,-0.006592337,-0.022193791,-0.022350252,0.019169601,-0.015740621,-0.006825643,0.002139797,-0.008095717,-0.025204441,-0.018686226,-0.001577501,0.018686226,0.001577501,0.008095717,0.025204441,0.04507359,0.020570337,0.006592337
0.25259996,0.999898484,-0.01424857,0,0,-0.028498104,0,0,0.999896765,0.010030866,0.009841696,-0.003037871,0.020005093,0.019743583,-0.005878851,-0.023227928,-0.018714368,0.019047411,-0.015922974,-0.006793905,0.000781645,-0.011054776,-0.024706053,-0.02042646,-0.006775182,0.02042646,0.006775182,0.011054776,0.024706053,0.048503197,0.019743583,0.005878851
0.29992986,0.999864891,-0.016437781,0,0,-0.032877042,0,0,0.999907434,0.009470873,0.009409701,-0.002642584,0.018894746,0.018868834,-0.005107374,-0.02371222,-0.023117665,0.021577628,-0.017355793,-0.005534895,-0.000577029,-0.009910714,-0.023498517,-0.021935226,-0.008347424,0.021935226,0.008347424,0.009910714,0.023498517,0.051771788,0.018868834,0.005107374
0.35255003,0.999826526,-0.018625759,0,0,-0.037253672,0,0,0.999930024,0.008785971,0.007739027,-0.001744717,0.017546714,0.015508249,-0.003353608,-0.025592744,-0.033262376,0.017286088,-0.022366145,-0.001146427,-0.000666782,-0.011243869,-0.022313653,-0.02346771,-0.012397926,0.02346771,0.012397926,0.011243869,0.022313653,0.054800386,0.015508249,0.003353608
0.40130997,0.999760055,-0.021905057,0,0,-0.043813619,0,0,0.999937892,0.008480211,0.00711734,-0.001343666,0.016942771,0.014257065,-0.002566715,-0.018094478,-0.032578401,0.020229073,-0.02233942,-0.000736558,-0.000972451,-0.020552931,-0.022845784,-0.024179349,-0.021886496,0.024179349,0.021886496,0.020552931,0.022845784,0.06075639,0.014257065,0.002566715
0.45670986,0.999654842,-0.026271614,0,0,-0.052549274,0,0,0.99994576,0.008078025,0.006522888,-0.000974658,0.016144532,0.013061183,-0.001843984,-0.012493134,-0.029347837,0.015047939,-0.028299466,-0.000123119,-0.001984266,-0.020630406,-0.022103522,-0.024048423,-0.02257531,0.024048423,0.02257531,0.020630406,0.022103522,0.068693806,0.013061183,0.001843984
0.50409985,0.999595159,-0.028452021,0,0,-0.056911722,0,0,0.999953151,0.007612016,0.005961408,-0.000633816,0.01521743,0.011932187,-0.001176901,-0.021156672,-0.028394168,0.016909838,-0.031527672,-0.000237859,-0.001559275,-0.026192075,-0.026438311,-0.030406844,-0.030160608,0.030406844,0.030160608,0.026192075,0.026438311,0.072129152,0.011932187,0.001176901
0.55514002,0.999530782,-0.030630297,0,0,-0.061270176,0,0,0.999961138,0.007153654,0.005156258,-0.000246578,0.014305458,0.010315824,-0.000419386,-0.001554191,-0.036211312,0.01611039,-0.031787835,0.000227809,-0.002294261,-0.02973053,-0.030206248,-0.0333248,-0.032849081,0.0333248,0.032849081,0.02973053,0.030206248,0.075575634,0.010315824,0.000419386
0.60213995,0.999461729,-0.032806278,0,0,-0.06562433,0,0,0.999966204,0.006948248,0.004412407,4.17E-05,0.01389738,0.008824049,0.000144682,-0.01012981,-0.038039684,0.016377121,-0.035985562,0.004739955,-0.002989339,-0.029721376,-0.029265758,-0.03385428,-0.034309898,0.03385428,0.034309898,0.029721376,0.029265758,0.07952171,0.008824049,0.000144682
0.65462995,0.999388019,-0.034979802,0,0,-0.069973879,0,0,0.999972224,0.006525024,0.003549927,0.000607828,0.0130547,0.007091785,0.001261982,0.033219904,0.015459212,0.014341625,-0.034809121,0.004028086,-0.003199282,-0.037736166,-0.028256262,-0.034234941,-0.043714847,0.034234941,0.043714847,0.037736166,0.028256262,0.083028579,0.007091785,0.001261982
0.69806981,0.999309674,-0.037150707,0,0,-0.074318516,0,0,0.9999668,0.007040585,0.003963435,0.001071766,0.014090105,0.007911597,0.002199341,0.015480071,0.01967624,0.023367256,-0.049254549,-0.008440602,-0.003333237,-0.035637915,-0.027581748,-0.033980314,-0.042036477,0.033980314,0.042036477,0.035637915,0.027581748,0.088408621,0.007911597,0.002199341
0.74938989,0.999139168,-0.041484011,0,0,-0.082991838,0,0,0.99996388,0.007199496,0.004275379,0.001467238,0.014412041,0.008529426,0.002996044,0.002788753,0.016372651,0.018375369,-0.049286713,-0.010041888,-0.005473039,-0.037480704,-0.054361898,-0.061028372,-0.044147179,0.061028372,0.044147179,0.037480704,0.054361898,0.097403879,0.008529426,0.002996044
0.80155993,0.998999296,-0.044725912,0,0,-0.089481673,0,0,0.999962211,0.007162484,0.00457409,0.001875497,0.014342671,0.009121093,0.003816543,-0.008513034,0.014238806,0.02275333,-0.051301382,-0.009519759,-0.005153436,-0.033771779,-0.053855546,-0.064801626,-0.044717859,0.064801626,0.044717859,0.033771779,0.053855546,0.103824344,0.009121093,0.003816543
0.8557899,0.998900386,-0.04688303,0,0,-0.093800443,0,0,0.999961436,0.006954914,0.004881162,0.002269651,0.013932557,0.009730528,0.004607256,-0.011138619,0.017748028,0.017450007,-0.051222139,-0.009280305,-0.006428246,-0.036628183,-0.055667687,-0.065974563,-0.046935052,0.065974563,0.046935052,0.036628183,0.055667687,0.107733,0.009730528,0.004607256
0.90206981,0.99879698,-0.049036641,0,0,-0.09811263,0,0,0.999961913,0.006743232,0.004908152,0.002575235,0.013512287,0.009781355,0.005216741,-0.008428098,-0.008791684,0.004910678,-0.053281445,-0.003470056,-0.004293238,-0.03551358,-0.054074183,-0.066930674,-0.048370074,0.066930674,0.048370074,0.03551358,0.054074183,0.111624917,0.009781355,0.005216741
0.94911981,0.998689107,-0.051186587,0,0,-0.10241793,0,0,0.999968052,0.006086373,0.004402935,0.002746627,0.012197314,0.008772267,0.005546916,-0.026094915,-0.00550747,0.003366917,-0.05370591,-0.002121089,-0.004041977,-0.045518141,-0.052458249,-0.061044727,-0.054104619,0.061044727,0.054104619,0.045518141,0.052458249,0.114615244,0.008772267,0.005546916
0.99792981,0.998576798,-0.053332706,0,0,-0.106716043,0,0,0.99997282,0.005440549,0.004134737,0.002781008,0.010904386,0.008239082,0.005607074,-0.022801757,-0.014436247,0.004506857,-0.05381915,-0.003689217,-0.004239203,-0.047542833,-0.051785007,-0.059868962,-0.055626787,0.059868962,0.055626787,0.047542833,0.051785007,0.117620429,0.008239082,0.005607074
1.05711985,0.998276831,-0.058680221,0,0,-0.117427899,0,0,0.999976695,0.005018197,0.003513532,0.003029587,0.010057864,0.00699655,0.006094482,0.004681199,-0.010699034,0.008373708,-0.05977934,-0.000906901,-0.00447755,-0.045890719,-0.053269148,-0.061747555,-0.054369126,0.061747555,0.054369126,0.045890719,0.053269148,0.127485763,0.00699655,0.006094482
1.10821986,0.99808386,-0.061875743,0,0,-0.123830588,0,0,0.999975801,0.005192323,0.003448584,0.003103812,0.010406234,0.006864822,0.006243473,0.00827834,-0.000961125,0.004433841,-0.067454675,-0.001140784,-0.005401652,-0.054394875,-0.056208678,-0.065163776,-0.063349977,0.065163776,0.063349977,0.054394875,0.056208678,0.134236822,0.006864822,0.006243473
1.15278983,0.998017399,-0.062938634,0,0,-0.125960522,0,0,0.999976158,0.005158834,0.003376686,0.00314325,0.010339064,0.00672083,0.006321373,-0.005617738,-0.002752244,0.001115352,-0.070525636,-0.003672487,-0.004831848,-0.060912225,-0.063193791,-0.073997095,-0.071715526,0.073997095,0.071715526,0.060912225,0.063193791,0.136299586,0.00672083,0.006321373
1.20132995,0.997881297,-0.065060874,0,0,-0.130213723,0,0,0.99997741,0.004893443,0.00335424,0.003156056,0.009808213,0.00667749,0.006344982,-0.021205842,0.00173375,0.001095981,-0.06653687,-0.00426747,-0.004337121,-0.062021285,-0.069366254,-0.079029955,-0.071684986,0.079029955,0.071684986,0.062021285,0.069366254,0.140021936,0.00667749,0.006344982
1.24786997,0.997740989,-0.067178261,0,0,-0.134457785,0,0,0.999980748,0.004223946,0.003304523,0.003136417,0.008468742,0.00658247,0.006300807,-0.025595725,0.004000217,-0.002811849,-0.067511973,-0.004817698,-0.003656229,-0.057932265,-0.066467203,-0.075141445,-0.066606507,0.075141445,0.066606507,0.057932265,0.066467203,0.142926527,0.00658247,0.006300807
1.30374003,0.997447917,-0.071397851,0,0,-0.142917302,0,0,0.999983907,0.003479779,0.003666003,0.002559081,0.006978453,0.007314144,0.005143754,-0.03537536,0.010389835,-0.014856459,-0.071616261,-0.006581178,-0.000926345,-0.059038036,-0.068673424,-0.075985879,-0.06635049,0.075985879,0.06635049,0.059038036,0.068673424,0.149895755,0.007314144,0.005143754
1.35520983,0.997295236,-0.073499743,0,0,-0.147132163,0,0,0.999986053,0.00291104,0.003808704,0.002230871,0.005839195,0.007604385,0.004483999,-0.000916422,0.006280096,-0.017203391,-0.071767629,-0.007035129,-0.00096313,-0.064108729,-0.077271074,-0.079123765,-0.065961413,0.079123765,0.065961413,0.064108729,0.077271074,0.152971358,0.007604385,0.004483999
1.4066,0.997058656,-0.076642268,0,0,-0.153435,0,0,0.999987543,0.002726522,0.003758506,0.001843621,0.005467015,0.007506935,0.003707805,-0.016032159,-0.00320673,-0.013905765,-0.081870189,-0.00610461,-0.0001787,-0.063769355,-0.077839606,-0.079765871,-0.065695621,0.079765871,0.065695621,0.063769355,0.077839606,0.158902015,0.007506935,0.003707805
1.45752001,0.99681314,-0.079771956,0,0,-0.159713609,0,0,0.999989629,0.002177562,0.003703457,0.001504496,0.004366356,0.007400352,0.003025176,-0.028243663,-0.002805889,-0.017003715,-0.081961994,-0.003470075,-0.000266487,-0.075586863,-0.087796077,-0.088153474,-0.075944267,0.088153474,0.075944267,0.075586863,0.087796077,0.164079965,0.007400352,0.003025176
1.49581981,0.996729342,-0.080812243,0,0,-0.161800923,0,0,0.999991417,0.001463234,0.003721396,0.001172178,0.002935251,0.007439366,0.002355294,-0.013390183,0.004368275,-0.014230612,-0.082943982,-0.005562412,0.000612787,-0.078225419,-0.08516556,-0.085698538,-0.078758389,0.085698538,0.078758389,0.078225419,0.08516556,0.164736174,0.007439366,0.002355294
1.54639983,0.996558845,-0.08288829,0,0,-0.165966997,0,0,0.999991775,0.001160163,0.003782826,0.000872089,0.002326974,0.00756364,0.001752993,-0.023381412,-0.000557303,-0.014425817,-0.082919118,-0.004309246,0.001001301,-0.077994339,-0.089119159,-0.087893583,-0.076768771,0.087893583,0.076768771,0.077994339,0.089119159,0.168293971,0.00756364,0.001752993
1.60136986,0.996206412,-0.087021746,0,0,-0.174263909,0,0,0.999993443,-0.000258146,0.003617893,0.000363399,-0.000513673,0.007235989,0.000724944,-0.030821562,-0.00653565,-0.003696978,-0.08478231,-0.003953486,0.000860829,-0.07961116,-0.088229641,-0.086227044,-0.077608556,0.086227044,0.077608556,0.07961116,0.088229641,0.173750236,0.007235989,0.000724944
1.65320993,0.996024577,-0.089078852,0,0,-0.178394164,0,0,0.999993145,-0.00085082,0.003596528,0.000184705,-0.001700344,0.007193383,0.000363297,-0.033278756,-0.002390146,-0.009267032,-0.087176989,-0.00247335,-0.000194006,-0.081689641,-0.089596607,-0.087874949,-0.079967976,0.087874949,0.079967976,0.081689641,0.089596607,0.17669382,0.007193383,0.000363297
1.70162988,0.995839065,-0.091129345,0,0,-0.1825119,0,0,0.999992013,-0.00166321,0.003655664,-6.48E-05,-0.003326962,0.007311117,-0.000141741,-0.0428617,0.008549542,-0.016985834,-0.088528042,-0.003612511,0.00095928,-0.084509611,-0.089456312,-0.089844324,-0.08489763,0.089844324,0.08489763,0.084509611,0.089456312,0.179184938,0.007311117,0.000141741
1.75464988,0.995554017,-0.094192356,0,0,-0.188664395,0,0,0.999990225,-0.002341496,0.00373079,-0.000433835,-0.00468633,0.007459545,-0.000885157,-0.029370189,-0.00115633,-0.016735494,-0.089368941,-0.006742643,0.002545002,-0.085874796,-0.09309981,-0.091181248,-0.083956234,0.091181248,0.083956234,0.085874796,0.09309981,0.183978065,0.007459545,0.000885157
1.80817986,0.995161583,-0.098251838,0,0,-0.196821212,0,0,0.999986947,-0.003524847,0.003610261,-0.000846235,-0.007055953,0.007214524,-0.001717945,-0.040028993,-0.000627339,-0.015561285,-0.096078326,-0.004179598,0.002937449,-0.085171282,-0.098656565,-0.093566559,-0.080081284,0.093566559,0.080081284,0.085171282,0.098656565,0.189765259,0.007214524,0.001717945
1.85224986,0.99496019,-0.100270733,0,0,-0.200879043,0,0,0.99998337,-0.004357908,0.003608391,-0.001200114,-0.008724667,0.007206263,-0.002431704,-0.037822127,0.001209229,-0.018040836,-0.094995144,-0.004789553,0.004104313,-0.094836161,-0.103195347,-0.097320452,-0.088961259,0.097320452,0.088961259,0.094836161,0.103195347,0.192154376,0.007206263,0.002431704
1.90552998,0.994755423,-0.102282203,0,0,-0.204922775,0,0,0.999972641,-0.006154214,0.003598936,-0.002014024,-0.012323216,0.007172945,-0.004072351,-0.039249655,-0.002558529,-0.020596387,-0.097016744,-0.003539819,0.004755216,-0.094309889,-0.103888988,-0.095680363,-0.086101264,0.095680363,0.086101264,0.094309889,0.103888988,0.192599559,0.007172945,0.004072351
1.95564985,0.994547339,-0.104286103,0,0,-0.208952126,0,0,0.999963462,-0.007339787,0.003615288,-0.002512655,-0.014698112,0.007193487,-0.00507835,-0.050140925,-0.003373623,-0.018985571,-0.098440026,-0.003833186,0.005519615,-0.09823212,-0.105311759,-0.095801324,-0.088721693,0.095801324,0.088721693,0.09823212,0.105311759,0.194254014,0.007193487,0.00507835
2.00461984,0.994335997,-0.106282289,0,0,-0.212966811,0,0,0.999954581,-0.008344643,0.003599195,-0.002885007,-0.016710499,0.007149975,-0.005830001,-0.056135662,-0.00449717,-0.014737251,-0.09769415,-0.003680786,0.005847506,-0.100126438,-0.107792802,-0.096753575,-0.089087203,0.096753575,0.089087203,0.100126438,0.107792802,0.196256312,0.007149975,0.005830001
2.05497003,0.994121458,-0.108270617,0,0,-0.216966549,0,0,0.999943912,-0.009427186,0.00361028,-0.003247278,-0.018878362,0.007158988,-0.006562474,-0.058510911,0.007478149,-0.01578778,-0.098041804,-0.003384418,0.005579528,-0.099860854,-0.107222416,-0.095527403,-0.088165842,0.095527403,0.088165842,0.099860854,0.107222416,0.198088187,0.007158988,0.006562474
2.10414982,0.993793788,-0.111238064,0,0,-0.222937518,0,0,0.999930978,-0.010609846,0.003608337,-0.003573628,-0.021246149,0.007140403,-0.007223574,-0.062517829,0.004792959,-0.013066828,-0.098694286,-0.006093467,0.006121637,-0.100236893,-0.107005723,-0.095846668,-0.089077838,0.095846668,0.089077838,0.100236893,0.107005723,0.201691369,0.007140403,0.007223574
2.15355993,0.993346279,-0.115165834,0,0,-0.230843885,0,0,0.999912322,-0.012164299,0.00357629,-0.003837433,-0.024356925,0.007058651,-0.007761469,-0.06830395,0.000245124,-0.012120605,-0.100856084,-0.004817103,0.006271906,-0.098722436,-0.110909365,-0.098666087,-0.086479165,0.098666087,0.086479165,0.098722436,0.110909365,0.20648696,0.007058651,0.007761469
2.20283985,0.993118118,-0.117117049,0,0,-0.234772905,0,0,0.999872863,-0.014902583,0.003566354,-0.004427225,-0.029838109,0.006999903,-0.008959959,-0.071974106,0.002289563,-0.014427307,-0.100288465,-0.00455165,0.006049426,-0.102310866,-0.11194507,-0.099401258,-0.089767054,0.099401258,0.089767054,0.102310866,0.11194507,0.204934796,0.006999903,0.008959959
2.25384999,0.992887105,-0.119059632,0,0,-0.238685448,0,0,0.999848604,-0.016373059,0.003549252,-0.004722946,-0.03278134,0.006942826,-0.00956106,-0.068184741,-0.000986457,-0.014664236,-0.102805992,-0.005483284,0.007364566,-0.101786226,-0.110889517,-0.098790661,-0.08968737,0.098790661,0.08968737,0.101786226,0.110889517,0.205904108,0.006942826,0.00956106
2.30291987,0.992653306,-0.120993446,0,0,-0.242581239,0,0,0.999813914,-0.018276498,0.003569472,-0.005076058,-0.036591466,0.006952123,-0.010281128,-0.06942004,-0.000217557,-0.013394655,-0.104871896,-0.004590815,0.007761504,-0.104687251,-0.115653813,-0.100924686,-0.089958124,0.100924686,0.089958124,0.104687251,0.115653813,0.205989773,0.006952123,0.010281128
2.35601998,0.992416787,-0.122918352,0,0,-0.246460005,0,0,0.99978292,-0.019829065,0.003531873,-0.005343727,-0.03969862,0.006850343,-0.010825666,-0.079138599,-0.003035367,-0.012847783,-0.105671172,-0.0048902,0.007966191,-0.108042568,-0.117224187,-0.101701178,-0.092519559,0.101701178,0.092519559,0.108042568,0.117224187,0.206761385,0.006850343,0.010825666
2.40339995,0.992057055,-0.125788712,0,0,-0.252245636,0,0,0.999749482,-0.021384696,0.003515618,-0.005605995,-0.042812152,0.006789761,-0.011360046,-0.083352618,0.000330061,-0.01608729,-0.104235026,-0.005079935,0.009059272,-0.10874714,-0.118527539,-0.10259515,-0.092814758,0.10259515,0.092814758,0.10874714,0.118527539,0.209433484,0.006789761,0.011360046
2.48189998,0.991568524,-0.12958342,0,0,-0.259897693,0,0,0.999648511,-0.025532572,0.003534444,-0.006210324,-0.051114507,0.006749323,-0.012597388,-0.080583997,0.004792959,-0.012554228,-0.106775532,-0.00517258,0.008312823,-0.109915756,-0.120260909,-0.103635259,-0.093290105,0.103635259,0.093290105,0.109915756,0.120260909,0.208783186,0.006749323,0.012597388
2.54979992,0.991070342,-0.133340077,0,0,-0.267476788,0,0,0.999548674,-0.029076438,0.00354629,-0.006668605,-0.058208097,0.006701631,-0.013538134,-0.09794832,0.003471226,-0.008644164,-0.110682529,-0.006494177,0.009156197,-0.109915756,-0.120260909,-0.103635259,-0.093290105,0.103635259,0.093290105,0.109915756,0.120260909,0.209268691,0.006701631,0.013538134
2.63246989,0.990563075,-0.13705763,0,0,-0.274980796,0,0,0.999417305,-0.033200659,0.003525655,-0.007115314,-0.066463135,0.00657478,-0.014457256,-0.096739829,0.003578514,-0.010766089,-0.107245999,-0.006210245,0.009041992,-0.113344528,-0.126332879,-0.108020484,-0.095032133,0.108020484,0.095032133,0.113344528,0.126332879,0.208517661,0.00657478,0.014457256
2.6815598,0.990047296,-0.140735039,0,0,-0.282407608,0,0,0.99935019,-0.035109885,0.003544248,-0.007346161,-0.070285581,0.006568092,-0.014932528,-0.093688071,0.001955778,-0.007662177,-0.110266592,-0.006336438,0.00991994,-0.113850072,-0.126522943,-0.106683061,-0.094010197,0.106683061,0.094010197,0.113850072,0.126522943,0.212122027,0.006568092,0.014932528
2.72283983,0.98991709,-0.141647999,0,0,-0.284252004,0,0,0.999278963,-0.037042275,0.003537621,-0.007553249,-0.074154075,0.006510607,-0.015358616,-0.095194578,0.003715605,-0.009064376,-0.111855151,-0.005933964,0.009666462,-0.113850072,-0.126522943,-0.106683061,-0.094010197,0.106683061,0.094010197,0.113850072,0.126522943,0.210097929,0.006510607,0.015358616
2.75962997,0.989655227,-0.143466137,0,0,-0.287925803,0,0,0.999201834,-0.039017573,0.00356747,-0.007778738,-0.07810943,0.006522277,-0.015824444,-0.105278201,-0.001089275,-0.007952751,-0.112480618,-0.006484019,0.010144285,-0.116140865,-0.129108891,-0.108820327,-0.095852293,0.108820327,0.095852293,0.116140865,0.129108891,0.209816373,0.006522277,0.015824444
2.79904986,0.989391492,-0.145273794,0,0,-0.291579393,0,0,0.999100387,-0.041492119,0.003561509,-0.008013003,-0.083063868,0.006451701,-0.016308198,-0.098723195,-0.004377962,-0.006459654,-0.111302792,-0.005187058,0.010215826,-0.116140865,-0.129108891,-0.108820327,-0.095852293,0.108820327,0.095852293,0.116140865,0.129108891,0.208515525,0.006451701,0.016308198
2.89022994,0.988992545,-0.147965356,0,0,-0.297021329,0,0,0.998923779,-0.045484949,0.00359169,-0.008338192,-0.091059551,0.006417168,-0.016986339,-0.095538788,-0.000707805,-0.009374319,-0.113284156,-0.004297139,0.010240572,-0.119227566,-0.127821833,-0.107340693,-0.098746419,0.107340693,0.098746419,0.119227566,0.127821833,0.205961778,0.006417168,0.016986339
2.92434001,0.988724459,-0.149746267,0,0,-0.300623282,0,0,0.998923779,-0.045484949,0.00359169,-0.008338192,-0.091059551,0.006417168,-0.016986339,-0.095538788,-0.000707805,-0.009374319,-0.113569011,-0.005970391,0.01066927,-0.118267871,-0.130208641,-0.108870104,-0.096929327,0.108870104,0.096929327,0.118267871,0.130208641,0.209563731,0.006417168,0.016986339
2.96805,0.988183538,-0.153275229,0,0,-0.307763641,0,0,0.998830259,-0.047467981,0.003566527,-0.008494936,-0.09503037,0.006318278,-0.0173098,-0.098890066,-0.001467764,-0.006432832,-0.118505464,-0.005494461,0.011081072,-0.118267871,-0.130208641,-0.108870104,-0.096929327,0.108870104,0.096929327,0.118267871,0.130208641,0.212733271,0.006318278,0.0173098
3.00085998,0.988183538,-0.153275229,0,0,-0.307763641,0,0,0.998707056,-0.049959674,0.003568053,-0.00868955,-0.100020812,0.006258667,-0.01771442,-0.097072124,0.001675636,-0.004725158,-0.116779428,-0.005276669,0.010779667,-0.12409205,-0.135080963,-0.112918824,-0.10192991,0.112918824,0.10192991,0.12409205,0.135080963,0.207742829,0.006258667,0.01771442
3.03188992,0.987910855,-0.155023037,0,0,-0.311301545,0,0,0.998607099,-0.051892839,0.00359282,-0.008856179,-0.103893548,0.006256525,-0.018061899,-0.088225305,-0.00396967,-0.003673136,-0.117730403,-0.006234489,0.010715491,-0.122282401,-0.132835731,-0.111276403,-0.100723065,0.111276403,0.100723065,0.122282401,0.132835731,0.207407997,0.006256525,0.018061899
3.06739998,0.987636794,-0.156759572,0,0,-0.314817601,0,0,0.998503268,-0.053824622,0.003605718,-0.009020152,-0.107763689,0.006229668,-0.018402846,-0.093823656,8.20E-06,-0.007513165,-0.12040734,-0.004696204,0.010726302,-0.126437411,-0.135829821,-0.114377216,-0.104984812,0.114377216,0.104984812,0.126437411,0.135829821,0.207053912,0.006229668,0.018402846
3.09942985,0.987361431,-0.158484714,0,0,-0.318311562,0,0,0.998503268,-0.053824622,0.003605718,-0.009020152,-0.107763689,0.006229668,-0.018402846,-0.093823656,8.20E-06,-0.007513165,-0.118245789,-0.005898069,0.011567613,-0.123915307,-0.135711446,-0.112576216,-0.100780085,0.112576216,0.100780085,0.123915307,0.135711446,0.210547873,0.006229668,0.018402846
3.15018988,0.987084844,-0.160198346,0,0,-0.321783182,0,0,0.998225808,-0.058694113,0.003614489,-0.009341578,-0.117519995,0.006119599,-0.019075819,-0.105822094,0.002460927,0.000970811,-0.119502435,-0.005979462,0.011936237,-0.125459194,-0.137418106,-0.113545626,-0.101586714,0.113545626,0.101586714,0.125459194,0.137418106,0.204263187,0.006119599,0.019075819
3.19758988,0.986807112,-0.161900353,0,0,-0.325232219,0,0,0.998105824,-0.06070473,0.003594548,-0.00932447,-0.121547786,0.006043435,-0.019051524,-0.107289851,0.003347546,0.00301823,-0.118750482,-0.006694149,0.010489357,-0.122545667,-0.135933965,-0.114955246,-0.101566955,0.114955246,0.101566955,0.122545667,0.135933965,0.203684433,0.006043435,0.019051524
3.24896002,0.986388535,-0.164431314,0,0,-0.330362901,0,0,0.997977853,-0.062778644,0.003600766,-0.009278683,-0.12570327,0.006021999,-0.018973425,-0.102852292,0.001182407,-0.000815094,-0.120120318,-0.006939693,0.010109502,-0.123290107,-0.13716948,-0.116950475,-0.103071101,0.116950475,0.103071101,0.123290107,0.13716948,0.204659631,0.006021999,0.018973425
3.29718995,0.985967823,-0.166935475,0,0,-0.335441414,0,0,0.997841835,-0.064916514,0.003602871,-0.009209012,-0.129987228,0.00599459,-0.018847495,-0.101540983,-0.001464784,0.006648153,-0.122648775,-0.006347541,0.010680926,-0.126982138,-0.139677212,-0.118315361,-0.105620287,0.118315361,0.105620287,0.126982138,0.139677212,0.205454186,0.00599459,0.018847495
3.35275984,0.98554524,-0.169412458,0,0,-0.340466958,0,0,0.997702181,-0.067041703,0.003554971,-0.009121993,-0.134245319,0.00587053,-0.018680133,-0.102189183,0.001268834,0.007132441,-0.124470871,-0.005574259,0.009322912,-0.1282195,-0.139368013,-0.12072219,-0.109573677,0.12072219,0.109573677,0.1282195,0.139368013,0.206221639,0.00587053,0.018680133
3.39982987,0.985262611,-0.171048496,0,0,-0.3437875,0,0,0.997518301,-0.069744065,0.003574291,-0.00896236,-0.139662012,0.005880732,-0.018380159,-0.105345272,-0.000332296,0.007414074,-0.122923263,-0.005842979,0.008887322,-0.125967577,-0.13765353,-0.119878888,-0.108192936,0.119878888,0.108192936,0.125967577,0.13765353,0.204125488,0.005880732,0.018380159
3.46822,0.984979349,-0.172672179,0,0,-0.347083914,0,0,0.997208834,-0.074084662,0.003512797,-0.008591217,-0.148362201,0.00573306,-0.017656169,-0.109222539,-0.003276765,0.009930879,-0.122878393,-0.00755788,0.00813638,-0.125967577,-0.13765353,-0.119878888,-0.108192936,0.119878888,0.108192936,0.125967577,0.13765353,0.198721713,0.00573306,0.017656169
3.5067699,0.984695535,-0.174283401,0,0,-0.350355968,0,0,0.997045934,-0.076273985,0.003459426,-0.008364059,-0.152750898,0.005622521,-0.017207548,-0.107873999,-0.007240475,0.014933201,-0.123339051,-0.004867647,0.008003841,-0.123456873,-0.138572618,-0.122299865,-0.107184112,0.122299865,0.107184112,0.123456873,0.138572618,0.19760507,0.005622521,0.017207548
3.55525994,0.984268951,-0.176676632,0,0,-0.355217874,0,0,0.996833146,-0.079041697,0.003429499,-0.008033395,-0.158300595,0.005567358,-0.016559065,-0.114417098,-0.003193319,0.01749173,-0.125055425,-0.003619578,0.006882514,-0.126475215,-0.136210516,-0.120202824,-0.110467538,0.120202824,0.110467538,0.126475215,0.136210516,0.196917279,0.005567358,0.016559065
3.59687996,0.983841572,-0.179041225,0,0,-0.360023686,0,0,0.99665463,-0.081293419,0.003403191,-0.007709752,-0.162816264,0.005530136,-0.015922149,-0.109022856,-0.005783141,0.02046749,-0.12481152,-0.004687883,0.006042637,-0.12831834,-0.135557488,-0.121792458,-0.11455331,0.121792458,0.11455331,0.12831834,0.135557488,0.197207422,0.005530136,0.015922149
3.65491986,0.983413669,-0.181376831,0,0,-0.364772647,0,0,0.996471941,-0.083538167,0.003370888,-0.007341806,-0.167318451,0.005491376,-0.015195814,-0.112050779,-0.002983212,0.019579383,-0.127275115,-0.003851302,0.005142472,-0.126166254,-0.135542005,-0.123456739,-0.114080973,0.123456739,0.114080973,0.126166254,0.135542005,0.197454196,0.005491376,0.015195814
3.70086003,0.983128243,-0.182917626,0,0,-0.367906666,0,0,0.996281147,-0.08581835,0.003323987,-0.00694648,-0.171892308,0.005431005,-0.01441252,-0.111590311,-0.00564456,0.019078698,-0.126035209,-0.003657828,0.004461077,-0.128566265,-0.136268854,-0.125983909,-0.118281312,0.125983909,0.118281312,0.128566265,0.136268854,0.196014358,0.005431005,0.01441252
3.75169993,0.982842784,-0.184445283,0,0,-0.371014864,0,0,0.995840669,-0.090860114,0.003240494,-0.005966422,-0.182008862,0.005369836,-0.012472574,-0.106985889,-0.010167065,0.022488091,-0.124777342,-0.004810338,0.003700431,-0.126838431,-0.134154081,-0.125231922,-0.117916279,0.125231922,0.117916279,0.126838431,0.134154081,0.189006002,0.005369836,0.012472574
3.79818988,0.982557372,-0.185959702,0,0,-0.374097022,0,0,0.995627344,-0.093195029,0.00320249,-0.005546136,-0.186695854,0.005343254,-0.011641109,-0.107227266,-0.009219348,0.019023569,-0.127634208,-0.002060349,0.002706216,-0.123667412,-0.133288085,-0.125887215,-0.116266549,0.125887215,0.116266549,0.123667412,0.133288085,0.187401168,0.005343254,0.011641109
3.85281992,0.982272088,-0.187460784,0,0,-0.377152925,0,0,0.995407522,-0.095536225,0.003180268,-0.005161664,-0.191396918,0.005345099,-0.010883951,-0.117422663,-0.006301702,0.019162152,-0.127985674,-0.002213472,0.002782303,-0.128280044,-0.132400736,-0.126988307,-0.122867614,0.126988307,0.122867614,0.128280044,0.132400736,0.185756007,0.005345099,0.010883951
3.9060998,0.981844575,-0.189687189,0,0,-0.381687083,0,0,0.995070457,-0.099012196,0.003036357,-0.00472396,-0.198378046,0.005107339,-0.010002914,-0.123482943,-0.000466406,0.012054295,-0.127060557,-0.002934195,0.002289139,-0.128554478,-0.13298142,-0.127416819,-0.122989871,0.127416819,0.122989871,0.128554478,0.13298142,0.183309037,0.005107339,0.010002914
3.95345998,0.981275752,-0.192608149,0,0,-0.387638746,0,0,0.994832516,-0.101385832,0.003034908,-0.004501308,-0.20314817,0.005125734,-0.009571757,-0.113038719,-0.000269711,0.009725244,-0.127151108,-0.004383315,0.002974327,-0.126415476,-0.132283866,-0.127705589,-0.121837199,0.127705589,0.121837199,0.126415476,0.132283866,0.184490576,0.005125734,0.009571757
3.99913001,0.980992031,-0.194048025,0,0,-0.390573872,0,0,0.994594276,-0.103705116,0.002978184,-0.004332724,-0.207809891,0.005025539,-0.009236556,-0.115428865,-0.003625453,0.004927069,-0.127906373,-0.003356852,0.003706434,-0.125742093,-0.134508714,-0.128560066,-0.119793437,0.128560066,0.119793437,0.125742093,0.134508714,0.182763981,0.005025539,0.009236556
4.04948998,0.980708876,-0.195474042,0,0,-0.393481587,0,0,0.994044006,-0.108857527,0.002951705,-0.00424844,-0.218172723,0.004943319,-0.009089138,-0.10754019,-0.004330278,-0.000114739,-0.129779825,-0.004007496,0.004400463,-0.128255934,-0.134969637,-0.127556756,-0.12084306,0.127556756,0.12084306,0.128255934,0.134969637,0.175308864,0.004943319,0.009089138
4.10772991,0.980426367,-0.196886108,0,0,-0.396361686,0,0,0.993801296,-0.111051798,0.002944157,-0.004247542,-0.222587948,0.004908438,-0.009096565,-0.102841862,0.004065782,-0.000791252,-0.129910056,-0.00314746,0.004442992,-0.130172759,-0.138187751,-0.129386827,-0.121371835,0.129386827,0.121371835,0.130172759,0.138187751,0.173773738,0.004908438,0.009096565
4.15629983,0.980144582,-0.198284133,0,0,-0.399213967,0,0,0.993554413,-0.113237448,0.002976095,-0.004271251,-0.226987441,0.004946513,-0.009161689,-0.103063881,0.004743785,-0.00038296,-0.131253118,-0.00556221,0.004553316,-0.131205559,-0.13750048,-0.1286145,-0.122319579,0.1286145,0.122319579,0.131205559,0.13750048,0.172226526,0.004946513,0.009161689
4.19653988,0.979863602,-0.199668028,0,0,-0.40203823,0,0,0.993315816,-0.115310214,0.002942195,-0.004331271,-0.231160241,0.004846197,-0.00928341,-0.102205575,-0.002767146,-0.001510978,-0.131559093,-0.005805505,0.004498837,-0.130244195,-0.141368613,-0.132261977,-0.121137567,0.132261977,0.121137567,0.130244195,0.141368613,0.170877989,0.004846197,0.00928341
4.26352,0.979165183,-0.20306537,0,0,-0.408975011,0,0,0.992756605,-0.120022953,0.002922538,-0.004494123,-0.240652222,0.00472396,-0.009624941,-0.102031231,-0.004772842,-0.003540516,-0.134353863,-0.003640496,0.004747082,-0.130252406,-0.141863406,-0.132865727,-0.121254727,0.132865727,0.121254727,0.130252406,0.141863406,0.168322789,0.00472396,0.009624941
4.30718994,0.978749287,-0.20506056,0,0,-0.413051164,0,0,0.992503703,-0.122095853,0.002895794,-0.004562807,-0.244828716,0.004633988,-0.009764592,-0.108651817,-0.000922382,-0.002917648,-0.133338232,-0.003113603,0.005277582,-0.135502189,-0.141729385,-0.131174222,-0.124947019,0.131174222,0.124947019,0.135502189,0.141729385,0.168222448,0.004633988,0.009764592
4.35067988,0.978611239,-0.205718358,0,0,-0.414395419,0,0,0.992238343,-0.124228314,0.002913652,-0.004698897,-0.249127157,0.004614619,-0.010049042,-0.10484457,-0.002087653,-0.005146862,-0.132303671,-0.004203781,0.005255682,-0.133355543,-0.141763106,-0.131251737,-0.122844182,0.131251737,0.122844182,0.133355543,0.141763106,0.165268262,0.004614619,0.010049042
4.39775992,0.978336077,-0.207022993,0,0,-0.417062091,0,0,0.991899192,-0.126898468,0.002944648,-0.004910033,-0.254511369,0.004595452,-0.010488161,-0.102752447,0.000143796,-0.00718981,-0.132906781,-0.006703706,0.006211235,-0.132414281,-0.145821691,-0.133399218,-0.119991817,0.133399218,0.119991817,0.132414281,0.145821691,0.162550722,0.004595452,0.010488161
4.45163989,0.978062225,-0.208312945,0,0,-0.419699493,0,0,0.991622746,-0.129035205,0.002954919,-0.005049867,-0.258820993,0.004557124,-0.010778024,-0.105968133,0.000622124,-0.004671515,-0.133813184,-0.004694404,0.006360915,-0.135479674,-0.144868478,-0.132146642,-0.122757837,0.132146642,0.122757837,0.135479674,0.144868478,0.1608785,0.004557124,0.010778024
4.50004983,0.97778976,-0.209588134,0,0,-0.42230744,0,0,0.991341889,-0.131170347,0.002967788,-0.005197207,-0.263128634,0.004520761,-0.011083326,-0.107637048,-0.001102686,-0.00679791,-0.133400733,-0.004879947,0.006095297,-0.134616062,-0.14437595,-0.132185355,-0.122425467,0.132185355,0.122425467,0.134616062,0.14437595,0.159178806,0.004520761,0.011083326
4.55965996,0.977115157,-0.212711,0,0,-0.428697239,0,0,0.991058946,-0.133287266,0.002953014,-0.005286778,-0.26740018,0.004443916,-0.011266566,-0.104039907,-0.00115633,0.001119822,-0.135287981,-0.004460874,0.006604912,-0.134616062,-0.14437595,-0.132185355,-0.122425467,0.132185355,0.122425467,0.134616062,0.14437595,0.161297059,0.004443916,0.011266566
4.59596992,0.976981437,-0.213324334,0,0,-0.429952722,0,0,0.990635812,-0.136392236,0.002973507,-0.005384303,-0.273667987,0.004422585,-0.011479257,-0.105090447,0.007236749,-0.000354648,-0.13441977,-0.00690378,0.005743021,-0.137431994,-0.146353737,-0.133143917,-0.124222167,0.133143917,0.124222167,0.137431994,0.146353737,0.156284735,0.004422585,0.011479257
4.65204001,0.976582846,-0.215141685,0,0,-0.433673821,0,0,0.990289927,-0.13888444,0.002924207,-0.005347567,-0.278699437,0.00430625,-0.011403887,-0.100204349,-0.003573298,0.004059822,-0.13665516,-0.003430427,0.00532672,-0.133258983,-0.147066534,-0.135580495,-0.121772945,0.135580495,0.121772945,0.133258983,0.147066534,0.154974384,0.00430625,0.011403887
4.70776987,0.976319352,-0.216334285,0,0,-0.436116543,0,0,0.989794195,-0.142381728,0.002857489,-0.005173292,-0.285762632,0.004183499,-0.011055019,-0.093689561,-0.006702543,0.00866428,-0.136511795,-0.004130066,0.004926482,-0.13730818,-0.145568311,-0.135715351,-0.12745522,0.135715351,0.12745522,0.13730818,0.145568311,0.150353911,0.004183499,0.011055019
4.7516098,0.97605773,-0.217511625,0,0,-0.438528658,0,0,0.989517629,-0.144297943,0.002795513,-0.005023256,-0.289633655,0.00408274,-0.01074827,-0.096051402,-0.005218387,0.014842303,-0.137511597,-0.002766383,0.003977329,-0.13730818,-0.145568311,-0.135715351,-0.12745522,0.135715351,0.12745522,0.13730818,0.145568311,0.148895003,0.00408274,0.01074827
4.80340982,0.975668969,-0.219248863,0,0,-0.442089069,0,0,0.98916012,-0.146735564,0.002746576,-0.004849623,-0.294560045,0.004010393,-0.010400419,-0.090000048,-0.000201166,0.003518909,-0.137906822,-0.003063722,0.002770565,-0.137613639,-0.143741071,-0.13819994,-0.132072508,0.13819994,0.132072508,0.137613639,0.143741071,0.147529024,0.004010393,0.010400419
4.84908986,0.975412346,-0.220387737,0,0,-0.444423928,0,0,0.988866985,-0.148700044,0.002714816,-0.004809279,-0.298532034,0.003938914,-0.010319122,-0.104977198,-8.20E-05,0.004475564,-0.140360763,-0.00443383,0.004465991,-0.137613639,-0.143741071,-0.13819994,-0.132072508,0.13819994,0.132072508,0.137613639,0.143741071,0.145891894,0.003938914,0.010319122
4.90304995,0.974905549,-0.222618893,0,0,-0.448999909,0,0,0.988572061,-0.150649533,0.002712726,-0.004781019,-0.302475259,0.003922944,-0.010270364,-0.096559532,-0.001130998,0.003109127,-0.138093535,-0.004124278,0.004454129,-0.1403929,-0.149260551,-0.140328571,-0.13146092,0.140328571,0.13146092,0.1403929,0.149260551,0.14652465,0.003922944,0.010270364
4.95488,0.974655514,-0.223711038,0,0,-0.45124071,0,0,0.98789686,-0.15501219,0.00264287,-0.004901127,-0.311303896,0.003702305,-0.010503235,-0.098505639,-0.001075864,-0.002522767,-0.13775074,-0.00516374,0.005373959,-0.138423353,-0.146671906,-0.137763649,-0.129515097,0.137763649,0.129515097,0.138423353,0.146671906,0.139936814,0.003702305,0.010503235
5.00021982,0.974407816,-0.224787472,0,0,-0.453449842,0,0,0.987584293,-0.156987667,0.002679545,-0.005002268,-0.315304573,0.003721974,-0.010721913,-0.099717088,0.006216019,-0.004629791,-0.137718642,-0.00412933,0.005545097,-0.137960926,-0.148288414,-0.137540489,-0.127213016,0.137540489,0.127213016,0.137960926,0.148288414,0.138145269,0.003721974,0.010721913
5.04969001,0.974162523,-0.225848132,0,0,-0.45562715,0,0,0.987267613,-0.158964157,0.002659959,-0.005104566,-0.319307908,0.003629305,-0.01092511,-0.099739455,-0.000932813,-0.005283953,-0.137569161,-0.006278484,0.006008691,-0.139134377,-0.147393033,-0.136302844,-0.128044188,0.136302844,0.128044188,0.139134377,0.147393033,0.136319242,0.003629305,0.01092511
5.09965992,0.973799242,-0.227409402,0,0,-0.458833106,0,0,0.986950457,-0.160918638,0.002652499,-0.005211145,-0.323268065,0.003558637,-0.011140255,-0.101314485,0.003611297,-0.009381771,-0.138217792,-0.00427479,0.006228691,-0.137299344,-0.149856299,-0.137838915,-0.12528196,0.137838915,0.12528196,0.137299344,0.149856299,0.135565041,0.003558637,0.011140255
5.15284991,0.973323916,-0.229435294,0,0,-0.462994921,0,0,0.98646903,-0.163840026,0.002669523,-0.005325268,-0.329189969,0.003521827,-0.011381489,-0.095665455,-0.000691414,0.000365824,-0.139077201,-0.005604972,0.00703521,-0.140171662,-0.148721248,-0.136263862,-0.127714276,0.136263862,0.127714276,0.140171662,0.148721248,0.133804952,0.003521827,0.011381489
5.20695996,0.97309028,-0.230424188,0,0,-0.465027158,0,0,0.986162245,-0.16567491,0.002637508,-0.00540144,-0.33291037,0.00341226,-0.011527649,-0.09304285,0.003751368,0.000805408,-0.139759243,-0.004435087,0.005522988,-0.140507415,-0.15171735,-0.137646928,-0.126436993,0.137646928,0.126436993,0.140507415,0.15171735,0.132116788,0.00341226,0.011527649
5.2573998,0.972859416,-0.231396969,0,0,-0.467026759,0,0,0.985619068,-0.168874532,0.002641265,-0.005438914,-0.33940119,0.00336958,-0.011613804,-0.092810377,-0.000374019,0.002490729,-0.139810677,-0.0054216,0.00538032,-0.139769375,-0.150612563,-0.139851928,-0.129008725,0.139851928,0.129008725,0.139769375,0.150612563,0.127625569,0.00336958,0.011613804
5.30475998,0.972631387,-0.232353578,0,0,-0.468993582,0,0,0.985160112,-0.171531886,0.002627954,-0.005433927,-0.344794349,0.003313733,-0.011608455,-0.086885691,-0.001937151,0.004336983,-0.139742858,-0.004551096,0.005296867,-0.139769375,-0.150612563,-0.139851928,-0.129008725,0.139851928,0.129008725,0.139769375,0.150612563,0.124199233,0.003313733,0.011608455
5.3590498,0.972294799,-0.233758046,0,0,-0.471882058,0,0,0.984852552,-0.1732914,0.002607554,-0.005364253,-0.348366358,0.00327696,-0.011470042,-0.090162456,-0.001168251,0.005637855,-0.140569502,-0.004114048,0.004977662,-0.140488595,-0.14959079,-0.138997048,-0.129894868,0.138997048,0.129894868,0.140488595,0.14959079,0.1235157,0.00327696,0.011470042
5.39960981,0.972184089,-0.234218056,0,0,-0.472828346,0,0,0.984550953,-0.174998894,0.002561849,-0.005327688,-0.351833583,0.003179868,-0.011387703,-0.08075536,0.00018701,4.69E-05,-0.139944474,-0.004286259,0.004678637,-0.140336826,-0.14890933,-0.139552057,-0.130979553,0.139552057,0.130979553,0.140336826,0.14890933,0.120994763,0.003179868,0.011387703
5.45266986,0.971748883,-0.236017179,0,0,-0.476530373,0,0,0.984245718,-0.176709428,0.002525282,-0.005279873,-0.355308169,0.003104994,-0.01128616,-0.086711355,-0.003749132,0.001872331,-0.143481177,-0.004640741,0.005571376,-0.140336826,-0.14890933,-0.139552057,-0.130979553,0.139552057,0.130979553,0.140336826,0.14890933,0.121222204,0.003104994,0.01128616
5.50672984,0.971430705,-0.237323378,0,0,-0.479219158,0,0,0.98387301,-0.178775191,0.002524975,-0.005205505,-0.359506267,0.003107284,-0.0111462,-0.080227852,-0.007297099,0.000805408,-0.142252655,-0.003479778,0.005210303,-0.144411787,-0.153693259,-0.142550513,-0.133269027,0.142550513,0.133269027,0.144411787,0.153693259,0.119712891,0.003107284,0.0111462
5.55334997,0.971222615,-0.238173535,0,0,-0.480969667,0,0,0.983577728,-0.180394903,0.002488086,-0.005142427,-0.362798555,0.00303912,-0.011013902,-0.080479681,-0.005333126,0.004028529,-0.142467749,-0.002980507,0.004690218,-0.143983155,-0.150942698,-0.140522093,-0.13356255,0.140522093,0.13356255,0.143983155,0.150942698,0.118171112,0.00303912,0.011013902
5.59840989,0.971017814,-0.239007122,0,0,-0.482686419,0,0,0.983282268,-0.18200171,0.002484196,-0.005046723,-0.366065868,0.003048312,-0.010829221,-0.077748306,-0.000996888,0.004007668,-0.143087417,-0.004164945,0.004582562,-0.144177437,-0.150138438,-0.140758008,-0.134796992,0.140758008,0.134796992,0.144177437,0.150138438,0.116620551,0.003048312,0.010829221
5.64895988,0.970816361,-0.239824088,0,0,-0.484369294,0,0,0.982611656,-0.185591206,0.002442062,-0.004943881,-0.373368428,0.00296412,-0.010622526,-0.082974143,0.001075119,0.002459437,-0.143340789,-0.005013921,0.004866652,-0.143505007,-0.15183489,-0.142669767,-0.134339884,0.142669767,0.134339884,0.143505007,0.15183489,0.111000866,0.00296412,0.010622526
5.69689989,0.97061831,-0.240624387,0,0,-0.486018175,0,0,0.982308984,-0.187186062,0.0024218,-0.004970618,-0.376614839,0.002897054,-0.010672266,-0.080348551,0.000468641,0.001481921,-0.141806762,-0.004675196,0.004725501,-0.143193498,-0.153221324,-0.14348802,-0.133460194,0.14348802,0.133460194,0.143193498,0.153221324,0.109403336,0.002897054,0.010672266
5.75405002,0.970138429,-0.242551909,0,0,-0.489990896,0,0,0.981999516,-0.188803092,0.002407095,-0.004983812,-0.379907403,0.002845617,-0.01069738,-0.079454482,-0.000676513,0.001879782,-0.143618585,-0.004512544,0.00491377,-0.144019783,-0.153044865,-0.143217325,-0.134192243,0.143217325,0.134192243,0.144019783,0.153044865,0.110083493,0.002845617,0.01069738
5.81005001,0.969861219,-0.243657988,0,0,-0.492271472,0,0,0.981696606,-0.190371245,0.002406549,-0.005011233,-0.383101663,0.002817015,-0.010755542,-0.075949736,-0.000818074,-0.003851951,-0.144163554,-0.004186282,0.004859691,-0.144019783,-0.153044865,-0.143217325,-0.134192243,0.143217325,0.134192243,0.144019783,0.153044865,0.109169809,0.002817015,0.010755542
5.85149002,0.969770642,-0.244018243,0,0,-0.493014406,0,0,0.981235862,-0.192730501,0.00240316,-0.005054553,-0.387909249,0.002767803,-0.010845994,-0.077535212,-0.002598763,0.002007932,-0.142768799,-0.003696227,0.004916839,-0.144836932,-0.153209493,-0.143490106,-0.135117546,0.143490106,0.135117546,0.144836932,0.153209493,0.105105157,0.002767803,0.010845994
5.90806985,0.969504471,-0.245073621,0,0,-0.495191257,0,0,0.980704665,-0.195415497,0.002373472,-0.005081643,-0.393382941,0.002669288,-0.01089506,-0.076605387,-0.000756979,0.001510233,-0.142562101,-0.004496127,0.004888718,-0.143989384,-0.151381835,-0.141548157,-0.134155706,0.141548157,0.134155706,0.143989384,0.151381835,0.101808316,0.002669288,0.01089506
5.95110989,0.969417623,-0.245416935,0,0,-0.495899514,0,0,0.980397046,-0.196953356,0.002364855,-0.005068413,-0.396519449,0.002640513,-0.010869894,-0.075949736,-0.002236664,-0.001946092,-0.143032958,-0.004196873,0.005034353,-0.142954662,-0.151946917,-0.142169476,-0.133177221,0.142169476,0.133177221,0.142954662,0.151946917,0.099380065,0.002640513,0.010869894
6.00727987,0.969079765,-0.246747662,0,0,-0.498645408,0,0,0.979935288,-0.199237108,0.002347593,-0.005113564,-0.401179148,0.002563357,-0.010957632,-0.070983171,0.00198111,-0.0012815,-0.143804892,-0.003794547,0.005588958,-0.143870413,-0.152264148,-0.142195448,-0.133801699,0.142195448,0.133801699,0.143870413,0.152264148,0.09746626,0.002563357,0.010957632
6.05703998,0.968916639,-0.247387443,0,0,-0.499965907,0,0,0.979634702,-0.200709194,0.002357645,-0.005130061,-0.404184151,0.002559964,-0.01099783,-0.07532686,-0.000581145,0.000841171,-0.144287873,-0.004966463,0.005537454,-0.145599276,-0.153188363,-0.14201045,-0.134421363,0.14201045,0.134421363,0.145599276,0.153188363,0.095781756,0.002559964,0.01099783
6.10862994,0.96867933,-0.248315032,0,0,-0.501880836,0,0,0.979335368,-0.202164471,0.002326861,-0.005149771,-0.407155256,0.002475355,-0.011027777,-0.070470572,-0.001084805,0.002681464,-0.143586974,-0.004276768,0.005190602,-0.144858837,-0.154791757,-0.143716842,-0.133783922,0.143716842,0.133783922,0.144858837,0.154791757,0.09472558,0.002475355,0.011027777
6.15679002,0.968451009,-0.249204018,0,0,-0.503716512,0,0,0.979037702,-0.20360215,0.002332451,-0.005123306,-0.410091618,0.002480884,-0.010981854,-0.071053229,-0.000427663,0.002384932,-0.14385442,-0.004305594,0.004926604,-0.144500777,-0.153054312,-0.142673105,-0.13411957,0.142673105,0.13411957,0.144500777,0.153054312,0.093624894,0.002480884,0.010981854
6.19621992,0.968376924,-0.249491748,0,0,-0.504310741,0,0,0.9787485,-0.204987824,0.002314161,-0.005114864,-0.412922438,0.002432995,-0.010961331,-0.070875891,-0.001090765,0.001957268,-0.143430094,-0.004108968,0.004990572,-0.1444754,-0.153086588,-0.143233374,-0.134622186,0.143233374,0.134622186,0.1444754,0.153086588,0.091388303,0.002432995,0.010961331
6.24936986,0.968160807,-0.250329086,0,0,-0.506040298,0,0,0.978097677,-0.208073556,0.0022744,-0.005019481,-0.419229147,0.00236033,-0.010765807,-0.070633002,0.001753122,0.004703552,-0.143588243,-0.004093849,0.004725499,-0.144311666,-0.152529597,-0.142548457,-0.134330526,0.142548457,0.134330526,0.144311666,0.152529597,0.086811151,0.00236033,0.010765807
6.3031199,0.967954001,-0.251127563,0,0,-0.507689945,0,0,0.977817774,-0.209386975,0.002253728,-0.004966049,-0.421914709,0.002327821,-0.010655813,-0.065977894,0.003633649,0.004252046,-0.143581028,-0.004817739,0.004426939,-0.14421986,-0.152407557,-0.142956555,-0.134768873,0.142956555,0.134768873,0.14421986,0.152407557,0.085775236,0.002327821,0.010655813
6.35373998,0.967821366,-0.25163824,0,0,-0.508745186,0,0,0.977540553,-0.210678905,0.002235799,-0.004886507,-0.424557157,0.002312203,-0.01049581,-0.068452954,0.001000613,0.006677957,-0.144394693,-0.005300898,0.004445664,-0.143190205,-0.152825668,-0.143971786,-0.134336323,0.143971786,0.134336323,0.143190205,0.152825668,0.084188029,0.002312203,0.01049581
6.40411997,0.967692963,-0.252131572,0,0,-0.509764722,0,0,0.977192044,-0.212292776,0.002159288,-0.004799407,-0.427858447,0.00218232,-0.010296891,-0.064174838,-0.004264712,0.004821271,-0.143965517,-0.004533982,0.003945064,-0.143539429,-0.154141217,-0.145249888,-0.1346481,0.145249888,0.1346481,0.143539429,0.154141217,0.081906275,0.00218232,0.010296891
6.45507002,0.967508371,-0.252838985,0,0,-0.511226922,0,0,0.976930141,-0.213496819,0.002162987,-0.004689902,-0.430322858,0.002223619,-0.01008719,-0.060029335,-0.001385808,0.008051844,-0.144919036,-0.003757758,0.003499322,-0.143376574,-0.152444527,-0.144554406,-0.135486439,0.144554406,0.135486439,0.143376574,0.152444527,0.080904064,0.002223619,0.01008719
6.51062989,0.967277381,-0.25372124,0,0,-0.513050906,0,0,0.976430595,-0.215776011,0.002072183,-0.004456059,-0.434988481,0.002123665,-0.009596486,-0.056277227,-0.000552833,0.008151681,-0.14501244,-0.002655616,0.003916872,-0.144660577,-0.152176082,-0.145177439,-0.137661919,0.145177439,0.137661919,0.144660577,0.152176082,0.078062425,0.002123665,0.009596486
6.55528999,0.967168444,-0.254136184,0,0,-0.513908918,0,0,0.976063192,-0.21743688,0.001978002,-0.004243345,-0.438389587,0.002015992,-0.009143873,-0.052243475,-0.001168251,0.010380895,-0.145617004,-0.003815195,0.003231786,-0.146273673,-0.151584893,-0.143751144,-0.138439924,0.143751144,0.138439924,0.146273673,0.151584893,0.075519331,0.002015992,0.009143873
6.60481,0.96706392,-0.254533642,0,0,-0.514730862,0,0,0.975837409,-0.218450531,0.00196721,-0.004097364,-0.440466452,0.002049214,-0.008856333,-0.050312284,-0.001195073,0.008469076,-0.14597218,-0.003471726,0.002636257,-0.145033568,-0.152663946,-0.146200374,-0.138569996,0.146200374,0.138569996,0.145033568,0.152663946,0.07426441,0.002049214,0.008856333
6.65450001,0.966963837,-0.25491359,0,0,-0.515516681,0,0,0.97560513,-0.219488248,0.001918099,-0.003993394,-0.442592779,0.001989609,-0.008634075,-0.054396693,-0.007630885,0.0005804,-0.146229397,-0.003414358,0.002786428,-0.145136684,-0.152080134,-0.146807611,-0.139864162,0.146807611,0.139864162,0.145136684,0.152080134,0.072923902,0.001989609,0.008634075
6.70440984,0.966868222,-0.255276009,0,0,-0.516266318,0,0,0.975436985,-0.220236033,0.001898193,-0.003931687,-0.444125501,0.001971337,-0.008506443,-0.047914684,0.0043042,0.008542092,-0.145174963,-0.00161134,0.00398338,-0.145601436,-0.152430147,-0.146857291,-0.140028581,0.146857291,0.140028581,0.145601436,0.152430147,0.072140817,0.001971337,0.008506443
6.75465989,0.966777103,-0.255620876,0,0,-0.516979723,0,0,0.97510159,-0.221718758,0.001872483,-0.003782186,-0.447165617,0.00197456,-0.008206468,-0.047303736,-0.007127226,0.006156415,-0.146824889,-0.00170875,0.002985084,-0.147546977,-0.150769651,-0.142802894,-0.139580205,0.142802894,0.139580205,0.147546977,0.150769651,0.069814106,0.00197456,0.008206468
6.80338001,0.966648908,-0.256105229,0,0,-0.517981783,0,0,0.974833667,-0.222895846,0.001805094,-0.003699513,-0.449579421,0.001870121,-0.008017614,-0.043822829,0.000136346,0.005669147,-0.146693792,-0.003476444,0.002850181,-0.148101196,-0.151518688,-0.145548522,-0.142131016,0.145548522,0.142131016,0.148101196,0.151518688,0.068402362,0.001870121,0.008017614
6.8552599,0.966493939,-0.256689433,0,0,-0.5191906,0,0,0.974474609,-0.224462211,0.001797413,-0.003595625,-0.452793315,0.001888903,-0.007814685,-0.042472787,-0.005833806,0.003757328,-0.146312449,-0.003060329,0.002892272,-0.14614436,-0.152265012,-0.146480471,-0.140359819,0.146480471,0.140359819,0.14614436,0.152265012,0.066397285,0.001888903,0.007814685
6.90492988,0.966423343,-0.256955099,0,0,-0.519740372,0,0,0.97423476,-0.225502506,0.001751781,-0.003502839,-0.454928105,0.001833494,-0.007615322,-0.043615703,-0.002153218,0.002018363,-0.146738312,-0.001857399,0.003020143,-0.147901028,-0.151615813,-0.145575538,-0.141860738,0.145575538,0.141860738,0.147901028,0.151615813,0.064812267,0.001833494,0.007615322
6.95475984,0.966357364,-0.25720312,0,0,-0.520253666,0,0,0.974032342,-0.226376235,0.001737458,-0.003470981,-0.456721721,0.001813186,-0.007548416,-0.044722855,-0.004376471,0.003763288,-0.146180931,-0.002755472,0.003221105,-0.146646529,-0.152157471,-0.145715266,-0.140204325,0.145715266,0.140204325,0.146646529,0.152157471,0.063531945,0.001813186,0.007548416
7.00458002,0.966296022,-0.257433483,0,0,-0.520730447,0,0,0.973843694,-0.227187485,0.001701593,-0.00340158,-0.458387221,0.001768579,-0.007398454,-0.038804114,-0.000783801,0.002571195,-0.145701225,-0.002134028,0.002892367,-0.146646529,-0.152157471,-0.145715266,-0.140204325,0.145715266,0.140204325,0.146646529,0.152157471,0.062343226,0.001768579,0.007398454
7.05423999,0.966239333,-0.257646175,0,0,-0.521170681,0,0,0.973655164,-0.227995545,0.001715895,-0.003309805,-0.460046835,0.00183214,-0.007227723,-0.037755076,-0.004309416,0.006451459,-0.146477511,-0.002083851,0.00226189,-0.146655515,-0.150823221,-0.146299437,-0.142131746,0.146299437,0.142131746,0.146655515,0.150823221,0.061123846,0.00183214,0.007227723
7.09879995,0.966187313,-0.257841185,0,0,-0.521574338,0,0,0.973433256,-0.22894235,0.001660113,-0.00323518,-0.46199133,0.00175068,-0.007058672,-0.033149116,-0.005666912,0.001629442,-0.147225744,-0.001659339,0.002991591,-0.146655515,-0.150823221,-0.146299437,-0.142131746,0.146299437,0.142131746,0.146655515,0.150823221,0.059583008,0.00175068,0.007058672
7.15594983,0.966077781,-0.258251277,0,0,-0.522423274,0,0,0.973085582,-0.230418801,0.001664246,-0.002982823,-0.465024965,0.001864312,-0.00657209,-0.032953918,-0.002169609,0.008597224,-0.145780497,-0.0026701,0.001492255,-0.144602627,-0.149942815,-0.146958306,-0.141618118,0.146958306,0.141618118,0.144602627,0.149942815,0.057398309,0.001864312,0.00657209
7.20159984,0.966042206,-0.258384317,0,0,-0.522698703,0,0,0.97293824,-0.231041938,0.001640944,-0.002869924,-0.466305406,0.001866929,-0.006342824,-0.029134752,-0.00231117,0.007162243,-0.146928356,-0.002483136,0.001540276,-0.144602627,-0.149942815,-0.146958306,-0.141618118,0.146958306,0.141618118,0.144602627,0.149942815,0.056393297,0.001866929,0.006342824
7.25669003,0.966011356,-0.258499634,0,0,-0.522937448,0,0,0.972748756,-0.231840178,0.001549177,-0.002774775,-0.46794562,0.001727312,-0.006116687,-0.024290385,5.59E-05,0.010532886,-0.147504652,-0.002389938,0.001654412,-0.146769091,-0.151548967,-0.148240149,-0.143460274,0.148240149,0.143460274,0.146769091,0.151548967,0.054991828,0.001727312,0.006116687
7.30472994,0.965985237,-0.258597221,0,0,-0.523139491,0,0,0.972604275,-0.232447252,0.001505074,-0.002656174,-0.469193367,0.001692843,-0.005866555,-0.028969351,-0.003518165,0.005485864,-0.14817727,-0.002865192,0.001012971,-0.146325022,-0.152055398,-0.150029451,-0.144299075,0.150029451,0.144299075,0.146325022,0.152055398,0.053946124,0.001692843,0.005866555
7.35012984,0.965963857,-0.258677072,0,0,-0.523304818,0,0,0.972497106,-0.232896626,0.00145663,-0.002577592,-0.470117005,0.001632513,-0.005691928,-0.027191645,-0.001883507,0.008562953,-0.146922921,-0.001843189,0.001722537,-0.146802232,-0.150488615,-0.147043541,-0.143357158,0.147043541,0.143357158,0.146802232,0.150488615,0.053187813,0.001632513,0.005691928
7.39639998,0.965947222,-0.258739182,0,0,-0.523433418,0,0,0.972375631,-0.233404458,0.001428117,-0.002452941,-0.471161117,0.001632278,-0.005437051,-0.024753813,-0.003293157,0.008425862,-0.147327431,-0.001739033,0.001019125,-0.146802232,-0.150488615,-0.147043541,-0.143357158,0.147043541,0.143357158,0.146802232,0.150488615,0.052272301,0.001632278,0.005437051
7.45604992,0.965926421,-0.258816827,0,0,-0.523594182,0,0,0.972060144,-0.234719351,0.001333185,-0.002054284,-0.473864871,0.001627512,-0.004619645,-0.020538272,-0.001007318,0.006616861,-0.147188297,-0.001251595,0.000794866,-0.146607488,-0.150085554,-0.148047298,-0.144569248,0.148047298,0.144569248,0.146607488,0.150085554,0.049729311,0.001627512,0.004619645
7.50126982,0.965926421,-0.258816827,0,0,-0.523594182,0,0,0.971939206,-0.23522079,0.001308206,-0.001913432,-0.474896309,0.001642836,-0.004334932,-0.028516352,-0.001448393,0.010680407,-0.147541548,-0.00208962,0.00088976,-0.146341652,-0.150520891,-0.148741379,-0.14456214,0.148741379,0.14456214,0.146341652,0.150520891,0.048697873,0.001642836,0.004334932
7.55287981,0.965931176,-0.258799079,0,0,-0.523557434,0,0,0.971827865,-0.235681728,0.001308645,-0.00175273,-0.475844594,0.001717383,-0.004023567,-0.017800929,-0.005204976,0.00980124,-0.14554072,-0.001875105,5.55E-05,-0.143721029,-0.147471249,-0.14736034,-0.143610135,0.14736034,0.143610135,0.143721029,0.147471249,0.04771284,0.001717383,0.004023567
7.60194993,0.965940685,-0.258763584,0,0,-0.523483942,0,0,0.971725643,-0.236103848,0.001264326,-0.001652767,-0.476712976,0.001676707,-0.003809111,-0.022003051,-0.001680851,0.009151548,-0.147493826,-0.000860996,8.05E-06,-0.143721029,-0.147471249,-0.14736034,-0.143610135,0.14736034,0.143610135,0.143721029,0.147471249,0.046770966,0.001676707,0.003809111
7.6494,0.965954946,-0.258710345,0,0,-0.523373709,0,0,0.971589386,-0.236665294,0.001245662,-0.001456841,-0.477868232,0.001730978,-0.003420524,-0.022025404,-0.002852082,0.008856503,-0.146300229,-0.001681255,2.03E-05,-0.144639254,-0.14800176,-0.14796114,-0.144598633,0.14796114,0.144598633,0.144639254,0.14800176,0.045505477,0.001730978,0.003420524
7.69631982,0.965985237,-0.258597221,0,0,-0.52313949,0,0,0.971490324,-0.237072572,0.00120126,-0.001361369,-0.478706293,0.001688539,-0.003214695,-0.019614398,-0.006262959,0.00313446,-0.146153517,-0.000332801,0.000694477,-0.144639254,-0.14800176,-0.14796114,-0.144598633,0.14796114,0.144598633,0.144639254,0.14800176,0.044433197,0.001688539,0.003214695
7.75046992,0.96602619,-0.258444192,0,0,-0.522822662,0,0,0.971313119,-0.237798229,0.001135737,-0.001232303,-0.480199918,0.001620234,-0.002934064,-0.011073054,-0.001354516,0.001934916,-0.145058633,-0.00131343,0.000543883,-0.146515161,-0.147180766,-0.145791814,-0.145126209,0.145791814,0.145126209,0.146515161,0.147180766,0.042622744,0.001620234,0.002934064
7.80134988,0.966077781,-0.258251277,0,0,-0.522423274,0,0,0.971238732,-0.238102332,0.001081623,-0.001217213,-0.48082587,0.001521386,-0.00287949,-0.011046234,-0.005488099,0.000607222,-0.147094133,-0.00149096,0.000774262,-0.144289061,-0.146915913,-0.145828143,-0.143201292,0.145828143,0.143201292,0.144289061,0.146915913,0.041597404,0.001521386,0.00287949
7.85419989,0.966139976,-0.2580185,0,0,-0.521941389,0,0,0.971179485,-0.238344163,0.00107853,-0.001181402,-0.481323797,0.001531732,-0.002808837,-0.010232626,0.003439933,0.007162244,-0.146746442,-0.000360634,0.000985774,-0.1463774,-0.149359316,-0.147810802,-0.144828886,0.147810802,0.144828886,0.1463774,0.149359316,0.040617592,0.001531732,0.002808837
7.89795995,0.966163058,-0.257932055,0,0,-0.521762441,0,0,0.971131742,-0.238538668,0.001137068,-0.001106965,-0.481724466,0.001680378,-0.002692494,-0.007417799,0.000470132,0.004091114,-0.146588229,-0.002622817,-0.000128971,-0.147371545,-0.148092821,-0.146121264,-0.145400003,0.146121264,0.145400003,0.147371545,0.148092821,0.040037975,0.001680378,0.002692494
7.94894982,0.966239333,-0.257646175,0,0,-0.521170681,0,0,0.971099794,-0.238668591,0.001128941,-0.001101724,-0.481992023,0.001666736,-0.00267866,-0.004988909,-0.004446507,-0.007024408,-0.146855463,-0.001915071,0.000273802,-0.143836409,-0.149082035,-0.149339989,-0.144094348,0.149339989,0.144094348,0.143836409,0.149082035,0.039178658,0.001666736,0.00267866
7.99723983,0.966326112,-0.257320509,0,0,-0.520496622,0,0,0.971071303,-0.238784656,0.00120217,-0.001113153,-0.48223128,0.001803178,-0.002736027,0.005488843,0.002824515,0.003188103,-0.149204786,-0.002607969,0.000418017,-0.147014797,-0.15223074,-0.15139471,-0.146178767,0.15139471,0.146178767,0.147014797,0.15223074,0.038265342,0.001803178,0.002736027
8.05086994,0.966389775,-0.257081315,0,0,-0.52000158,0,0,0.971039653,-0.238912508,0.001179686,-0.001224545,-0.482494745,0.001705927,-0.002941856,0.001963228,-0.001725554,-0.00179112,-0.145995463,-0.001859145,0.001298558,-0.147014797,-0.15223074,-0.15139471,-0.146178767,0.15139471,0.146178767,0.147014797,0.15223074,0.037506835,0.001705927,0.002941856
8.1016798,0.966458065,-0.25682447,0,0,-0.519470043,0,0,0.971030176,-0.238950878,0.001193985,-0.001257048,-0.48257387,0.001718046,-0.003011879,0.001318008,0.001540035,-0.001345575,-0.147121092,-0.003048124,0.000767213,-0.145434842,-0.149153128,-0.14655602,-0.142837733,0.14655602,0.142837733,0.145434842,0.149153128,0.036896173,0.001718046,0.003011879
8.15474987,0.966569135,-0.256406137,0,0,-0.518604389,0,0,0.971032381,-0.238941565,0.00121749,-0.00129137,-0.482554841,0.001747321,-0.003089751,0.001243502,0.001692027,0.00018999,-0.146759032,-0.002334032,0.00134317,-0.145768136,-0.150436208,-0.147749856,-0.143081799,0.147749856,0.143081799,0.145768136,0.150436208,0.036049548,0.001747321,0.003089751
8.20157004,0.966690505,-0.255948174,0,0,-0.517656843,0,0,0.971019983,-0.238991991,0.001174318,-0.001352969,-0.482658602,0.001633876,-0.003188834,-0.006295741,0.001061708,-0.00025928,-0.146574395,-0.002410487,0.001121,-0.145768136,-0.150436208,-0.147749856,-0.143081799,0.147749856,0.143081799,0.145768136,0.150436208,0.034998241,0.001633876,0.003188834
8.25693989,0.966822099,-0.255450637,0,0,-0.516627552,0,0,0.970987141,-0.239124998,0.001204544,-0.001366973,-0.482932724,0.001685439,-0.00323071,-0.003440679,0.004450232,0.006151945,-0.144204672,-0.002215118,0.001280148,-0.143269673,-0.147699907,-0.145139605,-0.14070937,0.145139605,0.14070937,0.143269673,0.147699907,0.033694828,0.001685439,0.00323071
8.30318999,0.966915469,-0.255096992,0,0,-0.515896024,0,0,0.970980525,-0.239151612,0.001215038,-0.00140413,-0.482987641,0.001687958,-0.003307933,-0.00127554,0.00352785,0.001362711,-0.144768224,-0.00291182,0.001063464,-0.142919838,-0.14874348,-0.146616548,-0.140792906,0.146616548,0.140792906,0.142919838,0.14874348,0.032908383,0.001687958,0.003307933
8.35300994,0.967013322,-0.254725805,0,0,-0.51512829,0,0,0.970949054,-0.23927927,0.00120659,-0.001418261,-0.483250582,0.001664355,-0.003331553,-0.002737343,0.000796467,0.002685934,-0.145104942,-0.001722411,0.001181999,-0.142919838,-0.14874348,-0.146616548,-0.140792906,0.146616548,0.140792906,0.142919838,0.14874348,0.031877708,0.001664355,0.003331553
8.40497995,0.967115629,-0.2543371,0,0,-0.514324401,0,0,0.970936418,-0.239330828,0.001200481,-0.001407249,-0.483356719,0.001657585,-0.003307333,-0.000524521,0.000808388,0.004481525,-0.143516638,-0.002207226,0.00085785,-0.142167225,-0.14658168,-0.144865975,-0.140451536,0.144865975,0.140451536,0.142167225,0.14658168,0.030967682,0.001657585,0.003307333
8.45485997,0.967222363,-0.253930896,0,0,-0.513484416,0,0,0.970922649,-0.239386946,0.001183155,-0.001360935,-0.483472183,0.001645924,-0.003209198,-0.005914271,-0.000615418,0.005473942,-0.143251334,-0.002196216,0.000548878,-0.141603962,-0.145996392,-0.144898638,-0.140506208,0.144898638,0.140506208,0.141603962,0.145996392,0.030012233,0.001645924,0.003209198
8.50675988,0.967390701,-0.253288831,0,0,-0.512156886,0,0,0.970909834,-0.239439428,0.001150469,-0.001234593,-0.483580012,0.001642783,-0.002948301,0.000471622,-0.005890429,0.004976242,-0.141073249,-0.001788741,0.000333427,-0.141603962,-0.145996392,-0.144898638,-0.140506208,0.144898638,0.140506208,0.141603962,0.145996392,0.028576874,0.001642783,0.002948301
8.55561996,0.96763036,-0.252371724,0,0,-0.510261077,0,0,0.970930099,-0.239357829,0.001105447,-0.001134231,-0.483411625,0.00160365,-0.00273172,0.009953232,-0.009432435,0.004548579,-0.141855274,-0.000371845,0.000268613,-0.139617905,-0.143195391,-0.142528534,-0.138951048,0.142528534,0.138951048,0.139617905,0.143195391,0.026849452,0.00160365,0.00273172
8.60448981,0.967756633,-0.251887076,0,0,-0.509259421,0,0,0.970955849,-0.239254728,0.001095662,-0.000950811,-0.483198882,0.001672708,-0.002370682,0.006791205,-0.00358373,0.011549146,-0.143348864,0.000593395,0.00022923,-0.141752005,-0.142495707,-0.141958475,-0.141214788,0.141958475,0.141214788,0.141752005,0.142495707,0.026060539,0.001672708,0.002370682
8.65334988,0.967887157,-0.251385068,0,0,-0.508222023,0,0,0.971007347,-0.239046127,0.001066403,-0.000802754,-0.482768916,0.00168718,-0.002068803,0.027274342,-0.002376735,0.007528812,-0.143158232,-0.00174255,-0.001277837,-0.144171461,-0.142984673,-0.142526209,-0.143712997,0.142526209,0.143712997,0.144171461,0.142984673,0.025453107,0.00168718,0.002068803
8.70508981,0.968021894,-0.250865728,0,0,-0.507148957,0,0,0.971261442,-0.238012969,0.000965085,-0.00046026,-0.480640401,0.001655604,-0.001353474,0.027952345,-0.003756583,0.008422881,-0.145848891,-0.000636817,-0.001156995,-0.144055054,-0.145328686,-0.147642672,-0.14636904,0.147642672,0.14636904,0.144055054,0.145328686,0.026508556,0.001655604,0.001353474
8.75409985,0.968160807,-0.250329086,0,0,-0.506040297,0,0,0.971399188,-0.23745054,0.000924041,-0.000331836,-0.479482064,0.001637636,-0.00108352,0.030059369,-0.00461936,0.007349998,-0.146165709,-0.000430751,-0.001147091,-0.144055054,-0.145328686,-0.147642672,-0.14636904,0.147642672,0.14636904,0.144055054,0.145328686,0.026558233,0.001637636,0.00108352
8.79824996,0.968303859,-0.249775172,0,0,-0.504896121,0,0,0.971506298,-0.237012148,0.000925642,-0.000209906,-0.478579321,0.001699035,-0.000846628,0.033272058,-0.004072488,0.008682162,-0.1459858,-0.000123425,-0.001107095,-0.14458783,-0.14544934,-0.147743523,-0.146882012,0.147743523,0.146882012,0.14458783,0.14544934,0.0263168,0.001699035,0.000846628
8.85486984,0.96867933,-0.248315032,0,0,-0.501880834,0,0,0.971714079,-0.236158922,0.000900052,-2.84E-05,-0.476822695,0.001735784,-0.000480257,0.022561105,-0.000938773,0.008366258,-0.145580855,-0.000219199,-0.001469117,-0.144755244,-0.145002097,-0.14721629,-0.146969438,0.14721629,0.146969438,0.144755244,0.145002097,0.025058139,0.001735784,0.000480257
8.90198994,0.968836547,-0.247700921,0,0,-0.500613003,0,0,0.971802115,-0.235796243,0.000908414,0.000123517,-0.476076027,0.001823848,-0.000188333,0.01890287,0.001185387,0.00993088,-0.14312907,-0.000889504,-0.001614053,-0.143892512,-0.144330904,-0.147269145,-0.146830738,0.147269145,0.146830738,0.143892512,0.144330904,0.024536976,0.001823848,0.000188333
8.95385003,0.968997714,-0.247069687,0,0,-0.499310036,0,0,0.971887052,-0.235445976,0.000873972,0.000206864,-0.475355028,0.001796216,-9.45E-06,0.017424673,-0.000476837,0.006284566,-0.141747537,-0.000889826,-0.00153274,-0.140625477,-0.142404482,-0.145632595,-0.14385359,0.145632595,0.14385359,0.140625477,0.142404482,0.023955008,0.001796216,0.00000945
9.00496984,0.969162788,-0.246421368,0,0,-0.497972027,0,0,0.971986651,-0.235034019,0.000854956,0.00043085,-0.47450696,0.001864541,0.000435674,0.012024492,-0.001123548,0.008425862,-0.139499443,-0.000913072,-0.002319326,-0.136267021,-0.138093159,-0.142731816,-0.140905663,0.142731816,0.140905663,0.136267021,0.138093159,0.023465067,0.001864541,0.000435674
9.05084992,0.969331723,-0.245755999,0,0,-0.496599068,0,0,0.972070575,-0.234687179,0.000818266,0.000522824,-0.473793089,0.001836224,0.000632371,0.010886041,0.000820309,0.005506724,-0.139358655,-0.000617629,-0.002146882,-0.136594117,-0.137829378,-0.142123133,-0.140887871,0.142123133,0.140887871,0.136594117,0.137829378,0.022805979,0.001836224,0.000632371
9.09806991,0.969504472,-0.24507362,0,0,-0.495191255,0,0,0.972138882,-0.234404087,0.000789513,0.000604071,-0.473210505,0.001818227,0.000804354,0.020974129,-0.003241003,0.00352338,-0.138547866,-0.001035815,-0.00175267,-0.136594117,-0.137829378,-0.142123133,-0.140887871,0.142123133,0.140887871,0.136594117,0.137829378,0.02198075,0.001818227,0.000804354
9.1534698,0.969952714,-0.243293509,0,0,-0.491519898,0,0,0.972254813,-0.233922213,0.000776146,0.000626766,-0.472219218,0.001802454,0.000855638,0.028181821,-0.001545251,0.000282377,-0.138828383,3.54E-05,-0.00151579,-0.137348011,-0.137277111,-0.140308693,-0.140379593,0.140308693,0.140379593,0.137348011,0.137277111,0.01930068,0.001802454,0.000855638
9.20187998,0.970138429,-0.242551908,0,0,-0.489990894,0,0,0.972404242,-0.233300447,0.000788474,0.000662518,-0.470940201,0.001842564,0.000920569,0.040873144,0.002343208,0.000680238,-0.139777456,-0.000377479,-0.000993493,-0.137348011,-0.137277111,-0.140308693,-0.140379593,0.140308693,0.140379593,0.137348011,0.137277111,0.019050693,0.001842564,0.000920569
9.25008989,0.970327735,-0.24179348,0,0,-0.488427501,0,0,0.972666383,-0.23220478,0.000808636,0.000656709,-0.468687021,0.001878049,0.000901982,0.052282963,-0.000728667,-0.001801551,-0.144985797,-0.000628528,-0.000686388,-0.138406456,-0.139161408,-0.141148403,-0.140393436,0.141148403,0.140393436,0.138406456,0.139161408,0.01974048,0.001878049,0.000901982
9.29933,0.970520579,-0.24101827,0,0,-0.486829829,0,0,0.973221362,-0.229867846,0.000906938,0.000542452,-0.463883362,0.002014688,0.000638901,0.068866469,0.003745407,-0.000268221,-0.146132622,-0.002070934,-0.000523799,-0.143670857,-0.144927904,-0.146300673,-0.145043626,0.146300673,0.145043626,0.143670857,0.144927904,0.022946467,0.002014688,0.000638901
9.35008002,0.970716907,-0.240226323,0,0,-0.485197989,0,0,0.973541856,-0.228506833,0.000948412,0.000427722,-0.461087119,0.002042114,0.000399375,0.069282204,0.009111316,-0.00628531,-0.148048427,-0.001880981,-0.000823305,-0.143537864,-0.147679731,-0.148727328,-0.14458546,0.148727328,0.14458546,0.143537864,0.147679731,0.02411087,0.002042114,0.000399375
9.39919996,0.970916666,-0.239417684,0,0,-0.483532096,0,0,0.974022686,-0.2264487,0.001022675,0.000236905,-0.456860418,0.002099511,-1.67E-06,0.07291957,0.000727922,-0.0056386,-0.148008256,-0.003285037,0.00031621,-0.145344108,-0.14910607,-0.150752679,-0.146990716,0.150752679,0.146990716,0.145344108,0.14910607,0.026671678,0.002099511,0.00000167
9.44946981,0.971326252,-0.237750524,0,0,-0.480098622,0,0,0.97430408,-0.225234583,0.001063487,8.59E-05,-0.454368145,0.002111029,-0.000311624,0.057520717,0.008701534,-0.004823506,-0.148557616,-0.001424473,0.00039455,-0.145039394,-0.151609465,-0.150977045,-0.144406974,0.150977045,0.144406974,0.145039394,0.151609465,0.025730477,0.002111029,0.000311624
9.50168991,0.971642028,-0.236456698,0,0,-0.477435015,0,0,0.974516392,-0.224313959,0.001099858,-3.35E-05,-0.452478834,0.002128622,-0.000558756,0.037673861,0.006593019,-0.00346303,-0.144094693,-0.003467779,0.000443503,-0.147527665,-0.150376603,-0.149587512,-0.146738559,0.149587512,0.146738559,0.147527665,0.150376603,0.024956181,0.002128622,0.000558756
9.55286002,0.971856524,-0.235573548,0,0,-0.475617365,0,0,0.974656701,-0.223703101,0.0011354,-0.000120646,-0.451225511,0.002159275,-0.000743163,0.023085626,0.002954155,-0.001236796,-0.136761563,-0.002213295,5.52E-05,-0.141070381,-0.148005947,-0.147118941,-0.140183374,0.147118941,0.140183374,0.141070381,0.148005947,0.024391854,0.002159275,0.000743163
9.60435987,0.972074135,-0.234673979,0,0,-0.473766336,0,0,0.974763274,-0.223238409,0.001137913,-0.000210367,-0.45027217,0.002124469,-0.00091817,0.005724282,-0.00166595,0.000227243,-0.132044569,-0.001107027,-3.79E-05,-0.134603441,-0.139030024,-0.138919637,-0.134493038,0.138919637,0.134493038,0.134603441,0.139030024,0.023494166,0.002124469,0.00091817
9.65155983,0.972294799,-0.233758045,0,0,-0.471882055,0,0,0.974784553,-0.223145232,0.001135005,-0.000242951,-0.450081074,0.002104345,-0.000980193,0.003319234,-0.001224876,0.000380725,-0.13133351,-0.001068513,-9.21E-05,-0.130899653,-0.133113697,-0.13318944,-0.130975381,0.13318944,0.130975381,0.130899653,0.133113697,0.021800981,0.002104345,0.000980193
9.69858003,0.972518456,-0.232825799,0,0,-0.469964656,0,0,0.974809408,-0.223036766,0.001155852,-0.000276377,-0.449858612,0.002130189,-0.001054427,0.00868067,-0.001612306,-0.00076443,-0.129831575,-0.001186429,-7.64E-05,-0.130172908,-0.132309943,-0.132494047,-0.130357027,0.132494047,0.130357027,0.130172908,0.132309943,0.020106044,0.002130189,0.001054427
9.75415993,0.97309028,-0.230424187,0,0,-0.465027156,0,0,0.974895418,-0.222660378,0.00116039,-0.000295178,-0.449086471,0.00213107,-0.001092283,0.021923335,-0.000521541,0.000465661,-0.128318377,-0.001135342,0.000152025,-0.128568694,-0.13094154,-0.131094396,-0.12872155,0.131094396,0.12872155,0.128568694,0.13094154,0.015940685,0.00213107,0.001092283
9.80084992,0.973323916,-0.229435293,0,0,-0.462994918,0,0,0.975050747,-0.22197932,0.001147146,-0.000366697,-0.447689484,0.002074253,-0.001224385,0.04330799,0.000125915,-0.004220009,-0.130207184,-0.001431421,-2.85E-05,-0.127335027,-0.129605711,-0.129301667,-0.127030984,0.129301667,0.127030984,0.127335027,0.129605711,0.015305434,0.002074253,0.001224385
9.85049987,0.973560259,-0.228430344,0,0,-0.460930186,0,0,0.975286365,-0.220941335,0.001160603,-0.000488863,-0.445560932,0.002047822,-0.001466417,0.062479835,-0.001201034,-0.003530086,-0.138571941,-0.001371825,0.00086804,-0.128747255,-0.131610096,-0.131667048,-0.128804207,0.131667048,0.128804207,0.128747255,0.131610096,0.015369254,0.002047822,0.001466417
9.90083981,0.973799242,-0.227409401,0,0,-0.458833103,0,0,0.975687206,-0.219164193,0.001134567,-0.000687587,-0.441917611,0.001912577,-0.001839057,0.085287526,-0.001096725,-0.005115568,-0.14325893,-0.001416466,0.001900823,-0.138068125,-0.140811771,-0.139075696,-0.13633205,0.139075696,0.13633205,0.138068125,0.140811771,0.016915492,0.001912577,0.001839057
9.94947982,0.9740408,-0.226372524,0,0,-0.456703819,0,0,0.976570308,-0.215193599,0.001090269,-0.001103432,-0.433782784,0.001654546,-0.002624403,0.123434521,0.000218302,-0.007613003,-0.146791887,-0.00155501,0.002564595,-0.143743262,-0.146576181,-0.142774537,-0.139941603,0.142774537,0.139941603,0.143743262,0.146576181,0.022921035,0.001654546,0.002624403
10.00539994,0.974531369,-0.224251222,0,0,-0.452349242,0,0,0.977109253,-0.212731823,0.001060574,-0.001358725,-0.428742766,0.001494505,-0.003106488,0.134613365,0.000420958,-0.009986759,-0.151092936,-0.001885686,0.002298958,-0.147801444,-0.150911465,-0.145782262,-0.142672256,0.145782262,0.142672256,0.147801444,0.150911465,0.023606476,0.001494505,0.003106488
10.05654001,0.974780244,-0.223166924,0,0,-0.450124256,0,0,0.977645397,-0.210252643,0.001015193,-0.001584112,-0.423669778,0.001318871,-0.003524302,0.121190399,0.001103431,-0.008210541,-0.152406911,-0.001989801,0.003007759,-0.151506171,-0.15527755,-0.150679633,-0.146908253,0.150679633,0.146908253,0.151506171,0.15527755,0.026454478,0.001318871,0.003524302
10.10892987,0.97515785,-0.221511102,0,0,-0.446727592,0,0,0.978375435,-0.206826657,0.000958955,-0.001860941,-0.416663865,0.001106652,-0.004038085,0.108435027,0.004976243,-0.010320546,-0.149177453,-0.002140321,0.002992931,-0.153424844,-0.157404438,-0.151388913,-0.14740932,0.151388913,0.14740932,0.153424844,0.157404438,0.030063727,0.001106652,0.004038085
10.16210985,0.975668969,-0.219248861,0,0,-0.442089067,0,0,0.97908473,-0.203442007,0.001339237,-0.001687636,-0.409748994,0.001935782,-0.003849607,0.061989576,0.013553352,0.021813067,-0.146582966,-0.003060437,0.003698034,-0.150030032,-0.154310673,-0.148324803,-0.144044176,0.148324803,0.144044176,0.150030032,0.154310673,0.032340073,0.001935782,0.003849607
10.19955993,0.975668969,-0.219248861,0,0,-0.442089067,0,0,0.97908473,-0.203442007,0.001339237,-0.001687636,-0.409748994,0.001935782,-0.003849607,0.061989576,0.013553352,0.021813067,-0.138187054,-0.005531111,-0.0019552,-0.147220537,-0.153341398,-0.14594534,-0.139824465,0.14594534,0.139824465,0.147220537,0.153341398,0.032340073,0.001935782,0.003849607
10.26257992,0.976188303,-0.216924865,0,0,-0.437326434,0,0,0.979454935,-0.201652661,0.001542591,-0.001366526,-0.406094852,0.002470672,-0.003299053,0.013341755,0.008044393,0.014167279,-0.132516568,-0.006008,-0.001944243,-0.130700722,-0.141762927,-0.145673335,-0.134611115,0.145673335,0.134611115,0.130700722,0.141762927,0.031231582,0.002470672,0.003299053
10.30551982,0.97645087,-0.215739887,0,0,-0.434898994,0,0,0.979491651,-0.201475054,0.001633087,-0.001173879,-0.405732082,0.002726178,-0.002957676,0.004411488,-0.004470348,0.009997935,-0.125123434,-0.004364258,-0.001111264,-0.124564297,-0.136580288,-0.140468776,-0.128452793,0.140468776,0.128452793,0.124564297,0.136580288,0.029166912,0.002726178,0.002957676
10.35741997,0.976715273,-0.214539684,0,0,-0.432441032,0,0,0.979491115,-0.201477557,0.001732006,-0.000951065,-0.405737025,0.003009736,-0.002561055,0.001566857,-0.002071262,0.017211586,-0.122013345,-0.001219908,-0.000683768,-0.119647883,-0.128376395,-0.130598933,-0.121870413,0.130598933,0.121870413,0.119647883,0.128376395,0.026704007,0.003009736,0.002561055
10.40619993,0.976981438,-0.213324332,0,0,-0.429952719,0,0,0.979499817,-0.201436147,0.001769243,-0.000760456,-0.405652022,0.003159585,-0.002202524,0.008795411,0.000395626,0.006305427,-0.120063817,-0.001874214,-0.00217277,-0.12010964,-0.122549459,-0.123916991,-0.121477179,0.123916991,0.121477179,0.12010964,0.122549459,0.024300697,0.003159585,0.002202524
10.45864988,0.977383826,-0.211473062,0,0,-0.426163726,0,0,0.979541123,-0.201235324,0.001771488,-0.000643974,-0.405241658,0.003211315,-0.001974581,0.013092908,-0.003305078,0.006557257,-0.119542344,-0.002527078,-0.00057099,-0.116016805,-0.119765237,-0.124110773,-0.120362349,0.124110773,0.120362349,0.116016805,0.119765237,0.020922068,0.003211315,0.001974581
10.51378989,0.977925815,-0.208952389,0,0,-0.421007157,0,0,0.979856133,-0.199697331,0.001657389,-0.000609121,-0.402101426,0.003004729,-0.001855664,0.060991198,-0.002713501,-0.003293157,-0.123209604,-0.001613452,0.000451926,-0.116444252,-0.121498406,-0.122640386,-0.117586233,0.122640386,0.117586233,0.116444252,0.121498406,0.018905731,0.003004729,0.001855664
10.55610991,0.978198983,-0.207669808,0,0,-0.41838446,0,0,0.980143428,-0.198283106,0.001567648,-0.000682611,-0.399215158,0.002802342,-0.001959797,0.083596267,-0.001260638,-0.003503263,-0.127219716,-0.001636616,0.00088896,-0.12204805,-0.125274956,-0.124371104,-0.121144198,0.124371104,0.121144198,0.12204805,0.125274956,0.019169302,0.002802342,0.001959797
10.60569,0.9784735,-0.206372504,0,0,-0.415732399,0,0,0.980524242,-0.19639121,0.001467481,-0.000801815,-0.395355475,0.002562866,-0.002148807,0.111282624,-0.007669628,-0.00513345,-0.131275009,-0.001932056,0.001038082,-0.126472026,-0.12974526,-0.127967343,-0.124694116,0.127967343,0.124694116,0.126472026,0.12974526,0.020376924,0.002562866,0.002148807
10.65584994,0.978749287,-0.205060559,0,0,-0.413051161,0,0,0.981131911,-0.19333224,0.001309944,-0.001055241,-0.389118011,0.002162433,-0.002577179,0.142557174,-0.003658235,-0.01013875,-0.136633947,-0.000350959,0.001465112,-0.130381003,-0.134245113,-0.132168949,-0.128304839,0.132168949,0.128304839,0.130381003,0.134245113,0.02393315,0.002162433,0.002577179
10.70508981,0.979026269,-0.203734054,0,0,-0.410340933,0,0,0.981713057,-0.190358996,0.001182619,-0.00129211,-0.383058934,0.001830057,-0.002987215,0.16040878,-0.00564456,-0.00986904,-0.143368534,-0.001235293,0.002650265,-0.137748063,-0.138449982,-0.135519758,-0.134817854,0.135519758,0.134817854,0.137748063,0.138449982,0.027281999,0.001830057,0.002987215
10.75600982,0.979304367,-0.202393074,0,0,-0.407601906,0,0,0.982338727,-0.187102705,0.001031167,-0.001519588,-0.376426934,0.001457272,-0.003371378,0.179489747,-0.006651878,-0.012257696,-0.147236655,-0.000710291,0.002912669,-0.144783482,-0.147254065,-0.141953528,-0.139482945,0.141953528,0.139482945,0.144783482,0.147254065,0.031174972,0.001457272,0.003371378
10.80131984,0.979723438,-0.200354647,0,0,-0.403439789,0,0,0.983014286,-0.183519095,0.000881637,-0.00176485,-0.36913306,0.001085556,-0.00379335,0.176253185,-0.004200637,-0.006559492,-0.152065509,-0.000783189,0.002992851,-0.149439007,-0.150859579,-0.145034239,-0.143613666,0.145034239,0.143613666,0.149439007,0.150859579,0.034306729,0.001085556,0.00379335
10.85826993,0.980285379,-0.19758688,0,0,-0.397791313,0,0,0.984486938,-0.175442129,0.00055782,-0.002280426,-0.352711374,0.000298167,-0.004685848,0.137672588,-0.005884469,-0.011457506,-0.149376116,-0.000285329,0.003462208,-0.154275134,-0.155841514,-0.149855807,-0.148289442,0.149855807,0.148289442,0.154275134,0.155841514,0.045079939,0.000298167,0.004685848
10.90535999,0.980567536,-0.196181823,0,0,-0.394925098,0,0,0.984906614,-0.173068926,0.000423833,-0.002442807,-0.347890583,-1.07E-05,-0.004958598,0.115487747,-0.002580882,-0.009545685,-0.143976073,-2.44E-05,0.004503912,-0.152552962,-0.153123617,-0.146199211,-0.145628542,0.146199211,0.145628542,0.152552962,0.153123617,0.047034515,0.0000107,0.004958598
10.95616985,0.980850378,-0.19476277,0,0,-0.392031165,0,0,0.985214055,-0.171309024,0.000296184,-0.002557287,-0.344316738,-0.000292563,-0.005140451,0.081589073,-0.005061925,-0.003194809,-0.139141199,-0.000637823,0.004416258,-0.14845559,-0.148504317,-0.13949649,-0.139447764,0.13949649,0.139447764,0.14845559,0.148504317,0.047714427,0.000292563,0.005140451
11.00601983,0.981133826,-0.193329812,0,0,-0.389109719,0,0,0.98544544,-0.16997233,0.000147761,-0.002589878,-0.341602817,-0.000589194,-0.005154622,0.037977852,-0.000748038,0.003794581,-0.131513676,0.000163518,0.003515223,-0.1429196,-0.144195244,-0.135362729,-0.134087086,0.135362729,0.134087086,0.1429196,0.144195244,0.047506902,0.000589194,0.005154622
11.05506993,0.9814178,-0.19188304,0,0,-0.386160963,0,0,0.985583425,-0.169174433,0.001015669,-0.002123925,-0.339987757,0.001283426,-0.004530279,0.043331835,0.052549701,0.045051426,-0.123065428,-0.015113568,-0.005154366,-0.135192394,-0.134865358,-0.127834901,-0.128161937,0.127834901,0.128161937,0.135192394,0.134865358,0.046173206,0.001283426,0.004530279
11.09886003,0.981702222,-0.190422548,0,0,-0.383185106,0,0,0.985655248,-0.16875197,0.002137921,-0.001436975,-0.339134427,0.003729529,-0.003554311,0.014755875,0.047454983,0.046772514,-0.115780626,-0.015202695,-0.006515037,-0.102797478,-0.133024588,-0.143333331,-0.113106206,0.143333331,0.113106206,0.102797478,0.133024588,0.044050679,0.003729529,0.003554311
11.1478498,0.982272088,-0.187460783,0,0,-0.377152922,0,0,0.985697448,-0.168496847,0.00294407,-0.000832702,-0.338617899,0.005523337,-0.00263376,0.034090124,-0.014404951,0.00532195,-0.117549659,-0.000201474,-0.00053598,-0.09406288,-0.124468252,-0.137498319,-0.107092954,0.137498319,0.107092954,0.09406288,0.124468252,0.038535023,0.005523337,0.00263376
11.20285988,0.982700067,-0.185204151,0,0,-0.372559207,0,0,0.985947371,-0.167049944,0.000995618,-0.001189177,-0.335676065,0.00156595,-0.002677574,0.032623861,-0.040768094,-0.015272203,-0.115340344,0.008340071,0.003191099,-0.116812177,-0.117215127,-0.118287086,-0.117884137,0.118287086,0.117884137,0.116812177,0.117215127,0.036883142,0.00156595,0.002677574
11.25602985,0.982985513,-0.183683101,0,0,-0.369464002,0,0,0.986072421,-0.166310802,8.46E-05,-0.001442035,-0.334174226,-0.000312814,-0.002872045,0.044690818,-0.04559904,-0.0206545,-0.113035047,0.008841756,0.00372196,-0.126871482,-0.110191353,-0.103809156,-0.120489284,0.103809156,0.120489284,0.126871482,0.110191353,0.035289776,0.000312814,0.002872045
11.30643988,0.983270966,-0.182148862,0,0,-0.366342866,0,0,0.986253142,-0.165230274,-0.000804183,-0.001811742,-0.331979986,-0.002184967,-0.003307935,0.077327341,-0.031545762,-0.020210445,-0.114258072,0.011059982,0.005106563,-0.125598729,-0.10791523,-0.10047131,-0.118154816,0.10047131,0.118154816,0.125598729,0.10791523,0.03436288,0.002184967,0.003307935
11.35308004,0.983556346,-0.180601536,0,0,-0.36319602,0,0,0.9865762,-0.163284689,-0.001181587,-0.00205159,-0.328033646,-0.003001442,-0.003662255,0.087041415,-0.007846951,-0.012345614,-0.119975155,0.008364297,0.00567192,-0.130424589,-0.108304635,-0.098091505,-0.12021146,0.098091505,0.12021146,0.130424589,0.108304635,0.035162374,0.003001442,0.003662255
11.39680982,0.983841573,-0.179041223,0,0,-0.360023682,0,0,0.986868739,-0.161503226,-0.001427125,-0.002256495,-0.324421406,-0.003545639,-0.003992792,0.100212552,-0.007757544,-0.009000301,-0.125095964,0.003132778,0.004483465,-0.134011343,-0.117282756,-0.105938919,-0.122667499,0.105938919,0.122667499,0.134011343,0.117282756,0.035602276,0.003545639,0.003992792
11.45895982,0.984553446,-0.175084302,0,0,-0.351982785,0,0,0.987604976,-0.15692766,-0.001870756,-0.002599502,-0.315149342,-0.004511017,-0.004547476,0.142664492,-0.006212295,-0.011062623,-0.125553568,0.00290633,0.004400298,-0.13271217,-0.12644662,-0.117479697,-0.123745248,0.117479697,0.123745248,0.13271217,0.12644662,0.036833443,0.004511017,0.004547476
11.51126981,0.98497935,-0.172672177,0,0,-0.34708391,0,0,0.98827523,-0.152642488,-0.002100296,-0.002853888,-0.306472442,-0.00502261,-0.004999748,0.147675738,-0.000756979,-0.007525086,-0.129411703,0.003241771,0.005318553,-0.132860169,-0.127047509,-0.118246913,-0.124059573,0.118246913,0.124059573,0.132860169,0.127047509,0.040611468,0.00502261,0.004999748
11.55367995,0.985121054,-0.171861887,0,0,-0.345438733,0,0,0.988736928,-0.149616987,-0.002261378,-0.00304401,-0.300349521,-0.005382711,-0.005342871,0.162900239,-0.006181003,-0.009140373,-0.131900461,0.002185397,0.00508185,-0.137971997,-0.131488457,-0.120851353,-0.127334893,0.120851353,0.127334893,0.137971997,0.131488457,0.045089212,0.005382711,0.005342871
11.60282994,0.98540401,-0.170232012,0,0,-0.342130226,0,0,0.98917383,-0.146695375,-0.002391225,-0.003175048,-0.294439862,-0.005662233,-0.005579903,0.147166118,-0.003798307,-0.006514789,-0.134904524,0.003638095,0.005598,-0.139167681,-0.134796888,-0.124633186,-0.129003972,0.124633186,0.129003972,0.139167681,0.134796888,0.047690364,0.005662233,0.005579903
11.64982987,0.985686292,-0.168589838,0,0,-0.338797707,0,0,0.989563763,-0.144038543,-0.002474242,-0.0032523,-0.289068329,-0.005833785,-0.005724072,0.128296778,-0.002318621,6.63E-05,-0.131468206,0.003221628,0.005343396,-0.144140586,-0.136864409,-0.125668406,-0.132944584,0.125668406,0.132944584,0.144140586,0.136864409,0.049729378,0.005833785,0.005724072
11.70465994,0.986248522,-0.165269029,0,0,-0.332061571,0,0,0.989955485,-0.14132005,-0.002561275,-0.003244366,-0.283574771,-0.005988118,-0.005699769,0.099986054,0.001779944,0.006664545,-0.122859381,0.002053227,0.003256809,-0.1400332,-0.133589953,-0.122903153,-0.1293464,0.122903153,0.1293464,0.1400332,0.133589953,0.0484868,0.005988118,0.005699769
11.75520992,0.986528312,-0.163590618,0,0,-0.328658426,0,0,0.990392566,-0.138228551,-0.002612994,-0.002957247,-0.277331907,-0.005993367,-0.005135405,0.057309121,-0.002007187,0.010409206,-0.116024297,0.002478165,0.002498797,-0.128169388,-0.12406294,-0.117549323,-0.12165577,0.117549323,0.12165577,0.128169388,0.12406294,0.051326519,0.005993367,0.005135405
11.8076098,0.986946117,-0.161050808,0,0,-0.323510535,0,0,0.990519345,-0.137321219,-0.00261694,-0.002752228,-0.275500931,-0.005940172,-0.004733647,0.040378422,-0.006002188,0.013440102,-0.109329966,0.003136926,0.002278802,-0.121001236,-0.116044901,-0.111047313,-0.11600364,0.111047313,0.11600364,0.121001236,0.116044901,0.048009604,0.005940172,0.004733647
11.85994983,0.987361431,-0.158484712,0,0,-0.318311557,0,0,0.99059552,-0.13677679,-0.002576124,-0.002493046,-0.27440327,-0.005785807,-0.004234576,0.02147481,0.003548712,0.016620012,-0.10353739,0.004224646,0.001512874,-0.114745669,-0.108471818,-0.103914216,-0.11018806,0.103914216,0.11018806,0.114745669,0.108471818,0.043908287,0.005785807,0.004234576
11.89944983,0.987499271,-0.157623572,0,0,-0.316567354,0,0,0.99066335,-0.136291236,-0.002525451,-0.002111903,-0.273425224,-0.00557944,-0.003496038,0.019637495,0.00326261,0.016730281,-0.098982183,0.001756298,0.000670158,-0.109274887,-0.1008256,-0.097799852,-0.106249139,0.097799852,0.106249139,0.109274887,0.1008256,0.04314213,0.00557944,0.003496038
11.95684982,0.988047374,-0.154150533,0,0,-0.309535304,0,0,0.990726054,-0.135839343,-0.002490267,-0.001836715,-0.27251448,-0.005433368,-0.002962859,0.028818104,-0.001548231,0.014860186,-0.096992053,0.001855967,0.000177482,-0.101408616,-0.097896025,-0.096555702,-0.100068301,0.096555702,0.100068301,0.101408616,0.097896025,0.037020824,0.005433368,0.002962859
12.00598002,0.988319338,-0.152397131,0,0,-0.305986569,0,0,0.990812421,-0.135212973,-0.002429843,-0.001588675,-0.271251398,-0.00524468,-0.002491102,0.03799573,-0.000548363,0.011082739,-0.09536131,0.003138062,0.000137462,-0.09902548,-0.095313549,-0.094958581,-0.098670512,0.094958581,0.098670512,0.09902548,0.095313549,0.034735171,0.00524468,0.002491102
12.05464983,0.988589808,-0.150632636,0,0,-0.302416358,0,0,0.991125941,-0.132902205,-0.002260878,-0.001195022,-0.266589791,-0.00479929,-0.001767903,0.070812553,0.004113466,0.008378178,-0.098266978,0.001576313,0.00056415,-0.098636813,-0.09236069,-0.092085771,-0.098361887,0.092085771,0.098361887,0.098636813,0.09236069,0.035826567,0.00479929,0.001767903
12.10617995,0.988858708,-0.148857166,0,0,-0.298824923,0,0,0.991324425,-0.131415993,-0.002155979,-0.001099851,-0.263591527,-0.00456364,-0.001613974,0.077148527,0.005500763,0.006145984,-0.101816333,0.001573253,0.000409764,-0.100407422,-0.09725479,-0.096126497,-0.099279121,0.096126497,0.099279121,0.100407422,0.09725479,0.035233396,0.00456364,0.001613974
12.15913987,0.989258947,-0.146173651,0,0,-0.293398526,0,0,0.991556704,-0.129654199,-0.002056196,-0.001044422,-0.260037776,-0.004348509,-0.001538034,0.09129867,0.004512817,0.005134195,-0.101032995,0.001119613,0.000648971,-0.103799328,-0.100652821,-0.099833295,-0.102979802,0.099833295,0.102979802,0.103799328,0.100652821,0.03336075,0.004348509,0.001538034
12.21403003,0.989786397,-0.142558368,0,0,-0.286091409,0,0,0.991823435,-0.127599165,-0.001927002,-0.001040925,-0.25589335,-0.004088146,-0.001573073,0.110984601,0.006388873,0.002459437,-0.101010185,0.001279123,0.000726181,-0.102801554,-0.100562334,-0.099264391,-0.101503611,0.099264391,0.101503611,0.102801554,0.100562334,0.030198059,0.004088146,0.001573073
12.25699997,0.990047297,-0.140735037,0,0,-0.282407603,0,0,0.992277861,-0.124018341,-0.001716378,-0.001122614,-0.248674139,-0.003684706,-0.001802178,0.124716036,0.01223162,-0.005437435,-0.104213682,0.000673977,0.001150498,-0.103015468,-0.100457221,-0.099004857,-0.101563103,0.099004857,0.101563103,0.103015468,0.100457221,0.033733464,0.003684706,0.001802178
12.30606985,0.990306214,-0.138901414,0,0,-0.278703977,0,0,0.992602527,-0.121393539,-0.00157746,-0.001213394,-0.243384366,-0.003426185,-0.002025862,0.138663501,0.003892929,-0.005286932,-0.106991994,-0.001046768,0.002553238,-0.106038131,-0.104690179,-0.102389187,-0.103737138,0.102389187,0.103737138,0.106038131,0.104690179,0.035319611,0.003426185,0.002025862
12.35425997,0.990563076,-0.137057627,0,0,-0.274980791,0,0,0.993276536,-0.115750089,-0.001223971,-0.001550345,-0.232016786,-0.002790392,-0.002796508,0.150718555,0.012480469,-0.008524955,-0.112212126,0.00010883,0.003033393,-0.108498439,-0.110591978,-0.105485499,-0.103391968,0.105485499,0.103391968,0.108498439,0.110591978,0.042964005,0.002790392,0.002796508
12.40630985,0.990817809,-0.135203804,0,0,-0.271238305,0,0,0.993718863,-0.111886658,-0.001005411,-0.001859801,-0.224239137,-0.002414367,-0.003471271,0.158520803,0.010509042,-0.009354947,-0.11280493,-0.001776843,0.003515009,-0.115354322,-0.115136661,-0.109069876,-0.109287538,0.109069876,0.109287538,0.115354322,0.115136661,0.046999168,0.002414367,0.003471271
12.4562099,0.991070343,-0.133340075,0,0,-0.267476784,0,0,0.994070113,-0.108718179,-0.000814718,-0.002139209,-0.217863284,-0.002084916,-0.004075917,0.161492079,0.011269004,-0.010834635,-0.114476769,-0.001625944,0.003995172,-0.114543073,-0.118096754,-0.111066736,-0.107513055,0.111066736,0.107513055,0.114543073,0.118096754,0.0496135,0.002084916,0.004075917
12.50496984,0.991444862,-0.130526191,0,0,-0.261799385,0,0,0.99441433,-0.105519339,-0.000610394,-0.002393297,-0.211428919,-0.001719047,-0.004631064,0.167352736,0.012565407,-0.007076563,-0.113761362,-0.002103699,0.004557506,-0.116845973,-0.120097861,-0.112107515,-0.108855627,0.112107515,0.108855627,0.116845973,0.120097861,0.050370466,0.001719047,0.004631064
12.55641985,0.991935857,-0.126740896,0,0,-0.254165369,0,0,0.994742513,-0.102374353,-0.00037904,-0.002605361,-0.205105463,-0.00128754,-0.005105744,0.156522542,0.011008234,-0.007483365,-0.112614771,-0.002703474,0.004206234,-0.116215147,-0.120422542,-0.111307532,-0.107100129,0.111307532,0.107100129,0.116215147,0.120422542,0.049059906,0.00128754,0.005105744
12.60546994,0.992177615,-0.124834212,0,0,-0.250321469,0,0,0.995113254,-0.098700337,-9.12E-05,-0.002823564,-0.197721302,-0.000738802,-0.005601567,0.126753002,0.017819555,-0.005209446,-0.110031408,-0.002681897,0.004500814,-0.114117511,-0.119524457,-0.111111984,-0.105705038,0.111111984,0.105705038,0.114117511,0.119524457,0.052600167,0.000738802,0.005601567
12.65430999,0.992416787,-0.122918349,0,0,-0.24646,0,0,0.995340645,-0.096377164,0.000158718,-0.002937145,-0.193054066,-0.00025019,-0.005877546,0.101398677,0.014462323,-0.003938377,-0.09984634,-0.004376704,0.004241495,-0.111850299,-0.117214091,-0.108212464,-0.102848671,0.108212464,0.102848671,0.111850299,0.117214091,0.053405934,0.00025019,0.005877546
12.7055099,0.992653306,-0.120993443,0,0,-0.242581234,0,0,0.995666027,-0.092954285,0.00090714,-0.002813309,-0.186181853,0.001283399,-0.005770913,0.083268434,0.056637082,0.034793466,-0.095330651,-0.003592215,0.002960623,-0.099711113,-0.108464517,-0.099981524,-0.09122812,0.099981524,0.09122812,0.099711113,0.108464517,0.056399381,0.001283399,0.005770913
12.75554991,0.992887106,-0.11905963,0,0,-0.238685443,0,0,0.995841026,-0.091043711,0.002835321,-0.001967,-0.182352711,0.005288916,-0.00443399,0.062093895,0.073910512,0.042099513,-0.093724887,-0.016057864,-0.002500102,-0.09469904,-0.101883464,-0.095962219,-0.088777795,0.095962219,0.088777795,0.09469904,0.101883464,0.056332732,0.005288916,0.00443399
12.79895997,0.993118119,-0.117117047,0,0,-0.2347729,0,0,0.995986342,-0.089421995,0.003412392,-0.001838101,-0.179098355,0.006468702,-0.004271834,0.097755358,-0.028565526,-0.034171347,-0.088265007,-0.022918455,-0.005000261,-0.075166911,-0.107282616,-0.11228282,-0.080167115,0.11228282,0.080167115,0.075166911,0.107282616,0.055674545,0.006468702,0.004271834
12.85038996,0.993683033,-0.112223128,0,0,-0.224920059,0,0,0.99616468,-0.087426804,0.002566147,-0.002483691,-0.175090846,0.004678344,-0.005397114,0.096733131,-0.037543479,-0.03374368,-0.093423987,0.002639926,0.007568013,-0.060346287,-0.106183164,-0.116183691,-0.07034681,0.116183691,0.07034681,0.060346287,0.106183164,0.049829213,0.004678344,0.005397114
12.90287996,0.993903783,-0.110250942,0,0,-0.220951055,0,0,0.996323168,-0.085600391,0.001776544,-0.003152159,-0.171421523,0.003000376,-0.006585358,0.087051824,-0.038477778,-0.038756434,-0.090060928,0.005917087,0.008395819,-0.103631906,-0.098352052,-0.083216026,-0.08849588,0.083216026,0.08849588,0.103631906,0.098352052,0.049529532,0.003000376,0.006585358
12.95473004,0.994121458,-0.108270614,0,0,-0.216966544,0,0,0.996532738,-0.083094366,0.000597481,-0.004202748,-0.166384148,0.000492369,-0.008475747,0.081988417,-0.040569901,-0.042305887,-0.087220308,0.008999246,0.012184599,-0.104373813,-0.092539646,-0.075748004,-0.087582171,0.075748004,0.087582171,0.104373813,0.092539646,0.050582396,0.000492369,0.008475747
13.00525999,0.994335997,-0.106282286,0,0,-0.212966806,0,0,0.996762931,-0.080179721,-0.00095792,-0.005844224,-0.1605182,-0.002846818,-0.011497298,0.064495951,-0.036808852,-0.04153401,-0.08403851,0.008237386,0.013502378,-0.10840413,-0.09040565,-0.066036448,-0.084034927,0.066036448,0.084034927,0.10840413,0.09040565,0.052448606,0.002846818,0.011497298
13.0511899,0.994547339,-0.1042861,0,0,-0.20895212,0,0,0.99685061,-0.079007201,-0.001670321,-0.00665184,-0.158154485,-0.004381221,-0.012998334,0.055085868,-0.034764413,-0.039814416,-0.080939159,0.009846532,0.014256655,-0.105778247,-0.089303486,-0.062298734,-0.078773491,0.062298734,0.078773491,0.105778247,0.089303486,0.050797635,0.004381221,0.012998334
13.09939981,0.994858225,-0.101277402,0,0,-0.202902684,0,0,0.996978402,-0.077330127,-0.001746472,-0.007154515,-0.154786897,-0.004588924,-0.013996286,0.069288172,0.013712794,-0.004443527,-0.077496127,0.010144115,0.015040575,-0.105042323,-0.085349269,-0.056835961,-0.076529011,0.056835961,0.076529011,0.105042323,0.085349269,0.048115787,0.004588924,0.013996286
13.18211985,0.995260996,-0.097239649,0,0,-0.194787094,0,0,0.997214317,-0.074211761,-0.001204389,-0.007404672,-0.148538742,-0.003501102,-0.014589936,0.087351352,0.01749769,-0.002916157,-0.075983076,-0.002331184,0.009721601,-0.08337348,-0.088035844,-0.068592638,-0.063930273,0.068592638,0.063930273,0.08337348,0.088035844,0.046248352,0.003501102,0.014589936
13.23673988,0.995649928,-0.093173072,0,0,-0.186616821,0,0,0.997340858,-0.07249327,-0.000929264,-0.00742502,-0.145096396,-0.002930118,-0.01467641,0.091662258,0.00954196,0.000818819,-0.077035334,-0.003948538,0.009715539,-0.08337348,-0.088035844,-0.068592638,-0.063930273,0.068592638,0.063930273,0.08337348,0.088035844,0.041520425,0.002930118,0.01467641
13.29513002,0.995839065,-0.091129342,0,0,-0.182511895,0,0,0.997474968,-0.07064037,-0.000648438,-0.007318361,-0.141385418,-0.002327546,-0.014508696,0.096061081,0.013997409,0.010409206,-0.076670697,-0.002219782,0.009075138,-0.082802318,-0.09069939,-0.071268313,-0.063371241,0.071268313,0.063371241,0.082802318,0.09069939,0.041126477,0.002327546,0.014508696
13.35577989,0.996115958,-0.088051114,0,0,-0.176330578,0,0,0.99779582,-0.066022314,0.000105397,-0.006677548,-0.132139216,-0.000671404,-0.013339975,0.115842372,0.014986843,0.021230431,-0.079107819,-0.005263345,0.006127708,-0.083526038,-0.0879656,-0.069815323,-0.06537576,0.069815323,0.06537576,0.083526038,0.0879656,0.044191362,0.000671404,0.013339975
13.43330002,0.996384519,-0.084958172,0,0,-0.170121417,0,0,0.998094141,-0.061429773,0.000784331,-0.005848173,-0.122944055,0.000847169,-0.011770689,0.124696642,0.011182576,0.024539979,-0.078524147,-0.004716555,0.004616358,-0.07842394,-0.087857038,-0.078624323,-0.069191217,0.078624323,0.069191217,0.07842394,0.087857038,0.047177362,0.000847169,0.011770689
13.50027991,0.996895962,-0.078730182,0,0,-0.157623487,0,0,0.998279631,-0.058385026,0.001199183,-0.005270524,-0.116847673,0.0017788,-0.010663159,0.12704955,0.015442818,0.022273513,-0.076251101,-0.006315442,0.003804546,-0.073740192,-0.086371072,-0.07876198,-0.0661311,0.07876198,0.0661311,0.073740192,0.086371072,0.040775814,0.0017788,0.010663159
13.56102991,0.996977802,-0.077686946,0,0,-0.155530606,0,0,0.998563111,-0.053384304,0.001874238,-0.004319812,-0.106835039,0.003281874,-0.008827478,0.124209382,0.015053898,0.025133045,-0.077165335,-0.005988737,0.002628776,-0.073805362,-0.085782826,-0.080525279,-0.068547808,0.080525279,0.068547808,0.073805362,0.085782826,0.048695567,0.003281874,0.008827478
13.59932995,0.997138516,-0.075596158,0,0,-0.151336692,0,0,0.998563111,-0.053384304,0.001874238,-0.004319812,-0.106835039,0.003281874,-0.008827478,0.124209382,0.015053898,0.025133045,-0.076244408,-0.006462529,0.001464815,-0.073805362,-0.085782826,-0.080525279,-0.068547808,0.080525279,0.068547808,0.073805362,0.085782826,0.044501653,0.003281874,0.008827478
13.65917993,0.997447917,-0.071397848,0,0,-0.142917297,0,0,0.998875797,-0.047226746,0.002706948,-0.003135789,-0.094506096,0.005111644,-0.006520338,0.12456701,0.014475733,0.023693593,-0.072577879,-0.006611113,0.000937462,-0.066904217,-0.080126435,-0.078251511,-0.065029293,0.078251511,0.065029293,0.066904217,0.080126435,0.048411201,0.005111644,0.006520338
13.68781996,0.997447917,-0.071397848,0,0,-0.142917297,0,0,0.998875797,-0.047226746,0.002706948,-0.003135789,-0.094506096,0.005111644,-0.006520338,0.12456701,0.014475733,0.023693593,-0.07588682,-0.00739148,-0.000341765,-0.06815356,-0.08293651,-0.083620042,-0.068837091,0.083620042,0.068837091,0.06815356,0.08293651,0.048411201,0.005111644,0.006520338
13.71599984,0.997596516,-0.069290636,0,0,-0.138692405,0,0,0.998984933,-0.044864405,0.003043138,-0.002662994,-0.089776007,0.005841184,-0.005593764,0.118330866,0.017244371,0.025021285,-0.073663294,-0.007386642,-0.000334462,-0.065942176,-0.080715455,-0.081384376,-0.066611104,0.081384376,0.066611104,0.065942176,0.080715455,0.048916398,0.005841184,0.005593764
13.7432499,0.997669271,-0.068235083,0,0,-0.136576291,0,0,0.999087691,-0.042517077,0.003362538,-0.00220693,-0.085075814,0.006531323,-0.004695881,0.117667772,0.016329437,0.023547562,-0.073622637,-0.008475675,-0.00116579,-0.063981161,-0.080932498,-0.083264083,-0.066312738,0.083264083,0.066312738,0.063981161,0.080932498,0.051500477,0.006531323,0.004695881
13.7702899,0.997811666,-0.066120182,0,0,-0.13233691,0,0,0.999087691,-0.042517077,0.003362538,-0.00220693,-0.085075814,0.006531323,-0.004695881,0.117667772,0.016329437,0.023547562,-0.071375997,-0.008595412,-0.001489736,-0.061290838,-0.078481652,-0.081461124,-0.06427031,0.081461124,0.06427031,0.061290838,0.078481652,0.047261096,0.006531323,0.004695881
13.79751992,0.997949876,-0.064000348,0,0,-0.128088241,0,0,0.999179959,-0.040288251,0.003654286,-0.001761421,-0.080612629,0.007160709,-0.003814508,0.107508153,0.014001879,0.025052577,-0.06914107,-0.008593483,-0.001481079,-0.059066497,-0.076253451,-0.079215609,-0.062028654,0.079215609,0.062028654,0.059066497,0.076253451,0.047475612,0.007160709,0.003814508
13.84845996,0.998083861,-0.06187574,0,0,-0.123830583,0,0,0.999284446,-0.037592679,0.003991832,-0.001266725,-0.075214894,0.007882793,-0.002831856,0.107619926,0.011193009,0.018126523,-0.065985945,-0.008321204,-0.002299278,-0.055365454,-0.07200785,-0.076606408,-0.059964009,0.076606408,0.059964009,0.055365454,0.07200785,0.048615689,0.007882793,0.002831856
13.89828992,0.998213581,-0.059746514,0,0,-0.119564233,0,0,0.999360204,-0.035502452,0.004241658,-0.000908367,-0.071029401,0.008413489,-0.002116826,0.105721503,0.014918299,0.019206854,-0.065887208,-0.009224077,-0.002390338,-0.054272786,-0.07272093,-0.077501602,-0.059053458,0.077501602,0.059053458,0.054272786,0.07272093,0.048534832,0.008413489,0.002116826
13.95244003,0.998400088,-0.05654436,0,0,-0.113149069,0,0,0.999488711,-0.03162159,0.004749061,-0.000309071,-0.063258783,0.009473859,-0.000918212,0.094109029,0.010745972,0.014915318,-0.062933826,-0.009456963,-0.003056914,-0.050419942,-0.069333859,-0.075447686,-0.056533769,0.075447686,0.056533769,0.050419942,0.069333859,0.049890286,0.009473859,0.000918212
14.00823999,0.998576799,-0.053332703,0,0,-0.106716037,0,0,0.99955833,-0.029288908,0.005051158,-3.99E-05,-0.058588833,0.010095687,-0.000375648,0.094094135,0.009024888,0.010799618,-0.061038918,-0.008733509,-0.00241717,-0.050419942,-0.069333859,-0.075447686,-0.056533769,0.075447686,0.056533769,0.050419942,0.069333859,0.048127204,0.010095687,0.000375648
14.06111002,0.9987436,-0.05011208,0,0,-0.100266154,0,0,0.999608099,-0.02749755,0.00527559,0.000137341,-0.055002873,0.010554791,-1.56E-05,0.090106584,0.013574215,0.010112674,-0.056615298,-0.008651875,-0.002040212,-0.045923203,-0.063226946,-0.067307368,-0.050003625,0.067307368,0.050003625,0.045923203,0.063226946,0.045263281,0.010554791,0.0000156
14.1020999,0.998849244,-0.047960281,0,0,-0.095957373,0,0,0.99965328,-0.02575591,0.00547687,0.000274781,-0.051516824,0.010964315,0.000267265,0.086248666,0.013307483,0.006037205,-0.05447149,-0.010106901,-0.002141308,-0.042223275,-0.062437065,-0.066719681,-0.046505891,0.066719681,0.046505891,0.042223275,0.062437065,0.044440549,0.010964315,0.000267265
14.15720988,0.998950405,-0.045804896,0,0,-0.091641857,0,0,0.999693811,-0.024090849,0.00566853,0.000370763,-0.048184471,0.011351693,0.000468209,0.084591657,0.009658189,0.006505103,-0.052857969,-0.00956123,-0.001828377,-0.042223275,-0.062437065,-0.066719681,-0.046505891,0.066719681,0.046505891,0.042223275,0.062437065,0.043457386,0.011351693,0.000468209
14.22422981,0.999139168,-0.041484009,0,0,-0.082991833,0,0,0.999769568,-0.020585397,0.006081919,0.000441845,-0.04117061,0.012179525,0.000633136,0.076621048,0.012002142,0.000900775,-0.048020116,-0.009491783,-0.001121016,-0.041468356,-0.060590804,-0.064247556,-0.045125112,0.064247556,0.045125112,0.041468356,0.060590804,0.041821223,0.012179525,0.000633136
14.26744986,0.999226716,-0.039318828,0,0,-0.078657932,0,0,0.999798179,-0.019096475,0.006247106,0.000429522,-0.038192136,0.012508418,0.000620323,0.077400364,0.006818026,0.00096783,-0.046239664,-0.010696387,-0.000944038,-0.037407313,-0.056390867,-0.058632899,-0.039649345,0.058632899,0.039649345,0.037407313,0.056390867,0.040465796,0.012508418,0.000620323
14.30008984,0.99926877,-0.038235124,0,0,-0.076488892,0,0,0.999835491,-0.017136462,0.0059771,0.000251808,-0.034273421,0.011961143,0.000298702,0.145471856,-0.05393178,-0.020344555,-0.047180459,-0.009541693,-0.000948876,-0.034599233,-0.055991996,-0.057880074,-0.036487311,0.057880074,0.036487311,0.034599233,0.055991996,0.042215471,0.011961143,0.000298702
14.35337997,0.999425455,-0.033893354,0,0,-0.067799694,0,0,0.999907672,-0.012876196,0.004337877,-0.000440725,-0.025757648,0.008663709,-0.000993117,0.135649011,-0.050789129,-0.02271086,-0.056383114,0.006357993,0.002925679,-0.036689885,-0.055773262,-0.05767101,-0.038587637,0.05767101,0.038587637,0.036689885,0.055773262,0.042042046,0.008663709,0.000993117
14.39717984,0.999496839,-0.031718581,0,0,-0.063447804,0,0,0.99994266,-0.010165459,0.003267671,-0.000924715,-0.020337626,0.006516212,-0.001915801,0.13614969,-0.054126989,-0.025533143,-0.054350097,0.00764921,0.004248126,-0.066247419,-0.050949007,-0.042452753,-0.057751164,0.042452753,0.057751164,0.066247419,0.050949007,0.043110178,0.006516212,0.001915801
14.45085001,0.999563557,-0.029541433,0,0,-0.059091462,0,0,0.999969065,-0.007420309,0.00221929,-0.001505686,-0.014847526,0.004416109,-0.003044247,0.138557717,-0.047206882,-0.030143563,-0.05358856,0.009846408,0.005365754,-0.066247419,-0.050949007,-0.042452753,-0.057751164,0.042452753,0.057751164,0.066247419,0.050949007,0.044243936,0.004416109,0.003044247
14.49612999,0.999625588,-0.027362071,0,0,-0.054730973,0,0,0.999985874,-0.004725478,0.001217947,-0.002104869,-0.009456118,0.002415969,-0.004221214,0.133601576,-0.044688582,-0.028394168,-0.053668783,0.009956568,0.0073761,-0.071001433,-0.051088311,-0.036336109,-0.056249231,0.036336109,0.056249231,0.071001433,0.051088311,0.045274855,0.002415969,0.004221214
14.54630995,0.999682917,-0.025180659,0,0,-0.050366642,0,0,0.999994814,-0.001480748,6.55E-05,-0.002861795,-0.002961861,0.000122514,-0.005723786,0.137191281,-0.032423437,-0.019334259,-0.053846018,0.008207039,0.006810431,-0.071001433,-0.051088311,-0.036336109,-0.056249231,0.036336109,0.056249231,0.071001433,0.051088311,0.047404781,0.000122514,0.005723786
14.60354996,0.9997834,-0.020812338,0,0,-0.041627682,0,0,0.999986053,0.004529916,0.00033391,-0.002734723,0.009058004,0.000692587,-0.005466372,0.136376172,0.012049825,0.016625971,-0.055436733,-0.001222286,0.003183971,-0.068863474,-0.052449405,-0.038828541,-0.055242609,0.038828541,0.055242609,0.068863474,0.052449405,0.050685686,0.000692587,0.005466372
14.66373992,0.999826526,-0.018625756,0,0,-0.037253667,0,0,0.99997139,0.007152378,0.00056276,-0.002440481,0.014302094,0.001160398,-0.004872793,0.12601243,0.011538714,0.017935785,-0.04883293,-0.003599928,0.000562071,-0.057398409,-0.059842978,-0.053475033,-0.051030464,0.053475033,0.051030464,0.057398409,0.059842978,0.051555761,0.001160398,0.004872793
14.71161986,0.999882284,-0.015343316,0,0,-0.030687837,0,0,0.999951899,0.009572327,0.00079364,-0.002018775,0.019141721,0.001625853,-0.004022178,0.119688369,0.012009591,0.0239037,-0.044635249,-0.003745555,-2.61E-05,-0.040863615,-0.048354723,-0.048406862,-0.040915757,0.048406862,0.040915757,0.040863615,0.048354723,0.049829558,0.001625853,0.004022178
14.77154994,0.999939907,-0.0109628,0,0,-0.021926038,0,0,0.999901533,0.013944373,0.001425828,-0.000868101,0.027887245,0.002875588,-0.001696273,0.07435903,0.016548486,0.030060863,-0.043456865,-0.004146692,-0.001562199,-0.037747964,-0.046041347,-0.049165744,-0.040872365,0.049165744,0.040872365,0.037747964,0.046041347,0.049813283,0.002875588,0.001696273
14.80482984,0.999951319,-0.009867105,0,0,-0.019734531,0,0,0.999901533,0.013944373,0.001425828,-0.000868101,0.027887245,0.002875588,-0.001696273,0.07435903,0.016548486,0.030060863,-0.034127619,-0.006129398,-0.004038688,-0.037747964,-0.046041347,-0.049165744,-0.040872365,0.049165744,0.040872365,0.037747964,0.046041347,0.047621776,0.002875588,0.001696273
14.86610985,0.999978358,-0.006578995,0,0,-0.013158084,0,0,0.999862969,0.016439985,0.001950344,0.000182261,0.032882349,0.00389417,0.000428602,0.050529093,0.004046411,0.028502198,-0.029256725,-0.005301447,-0.004225898,-0.019729376,-0.030332265,-0.038784061,-0.028181173,0.038784061,0.028181173,0.019729376,0.030332265,0.046040433,0.00389417,0.000428602
14.9046998,0.99999038,-0.00438627,0,0,-0.008772568,0,0,0.999857903,0.016599717,0.002866973,0.000592372,0.033204757,0.005713496,0.001279778,-0.066299744,0.094559044,-0.001868606,-0.023634921,-0.003476745,-0.005066661,-0.015091511,-0.022044998,-0.03217832,-0.025224835,0.03217832,0.025224835,0.015091511,0.022044998,0.041977325,0.005713496,0.001279778
14.95561981,0.999997595,-0.002193217,0,0,-0.004386437,0,0,0.999873281,0.015241748,0.004595882,0.000506005,0.030490283,0.009175301,0.001152028,-0.03156513,0.05597249,-0.011536479,0.002568922,-0.028593262,-0.000468802,-0.015091511,-0.022044998,-0.03217832,-0.025224835,0.03217832,0.025224835,0.015091511,0.022044998,0.03487672,0.009175301,0.001152028
15.01602984,1,1.40E-09,0,0,2.80E-09,0,0,0.999848247,0.01689373,0.004268663,0.000149976,0.033791267,0.008531066,0.000444149,0.096497707,-0.022459034,-0.015464428,-0.000362605,-0.02054394,0.001310197,0.018871127,-0.02221673,-0.019596336,0.02149152,0.019596336,-0.02149152,-0.018871127,0.02221673,0.033791264,0.008531066,0.000444149
15.04868984,0.999994589,0.003289777,0,0,0.006579566,0,0,0.999819875,0.018605256,0.00377165,-0.000244183,0.037211608,0.007551098,-0.000347942,0.05075857,-0.008104743,-0.021579862,-0.024120062,0.000601522,0.002473374,0.018871127,-0.02221673,-0.019596336,0.02149152,0.019596336,-0.02149152,-0.018871127,0.02221673,0.030632042,0.007551098,0.000347942
15.10958982,0.999970545,0.007675185,0,0,0.015350521,0,0,0.999814987,0.018757202,0.004201823,-0.000833509,0.037510581,0.008433458,-0.001509135,-0.000230968,0.011029094,-0.014939904,-0.002310453,-0.007052766,0.003530507,0.001211802,-0.012893721,-0.005832707,0.008272816,0.005832707,-0.008272816,-0.001211802,0.012893721,0.02216006,0.008433458,0.001509135
15.14933992,0.999951319,0.009867108,0,0,0.019734536,0,0,0.99981457,0.018753136,0.004282559,-0.001006335,0.037500865,0.008601378,-0.001851744,-0.00192225,0.008707494,-0.014199317,-0.001399627,-0.007611419,0.003683868,0.00252792,-0.012694909,-0.005327174,0.009895656,0.005327174,-0.009895656,-0.00252792,0.012694909,0.017766329,0.008601378,0.001851744
15.19893003,0.999927296,0.012058291,0,0,0.024117167,0,0,0.999815285,0.018578369,0.004564613,-0.001879464,0.037142822,0.009197503,-0.003588786,-0.009931625,0.000105053,-0.020910801,0.003732589,-0.008291024,0.005555287,0.00252792,-0.012694909,-0.005327174,0.009895656,0.005327174,-0.009895656,-0.00252792,0.012694909,0.013025655,0.009197503,0.003588786
15.24914003,0.999898484,0.01424857,0,0,0.028498104,0,0,0.999821424,0.018141346,0.004712102,-0.002425425,0.036262939,0.009510665,-0.004679245,-0.022244453,0.003998727,-0.015173855,0.007237975,-0.005653414,0.005939396,0.00646832,-0.010113719,0.000996856,0.017578894,-0.000996856,-0.017578894,-0.00646832,0.010113719,0.007764835,0.009510665,0.004679245
15.29738999,0.999864891,0.016437781,0,0,0.032877042,0,0,0.99982667,0.017762907,0.004796371,-0.002879244,0.035501154,0.009693517,-0.005587386,-0.01436919,-0.003986061,-0.025095047,0.012299,-0.006851507,0.005652685,0.006951988,-0.004354834,0.007523958,0.01883078,-0.007523958,-0.01883078,-0.006951988,0.004354834,0.002624112,0.009693517,0.005587386
15.3505199,0.999805557,0.019719235,0,0,0.039441026,0,0,0.999830663,0.017426448,0.004868987,-0.003363301,0.034822968,0.009853705,-0.00655613,-0.021217763,0.00506267,-0.025911631,0.014319916,-0.004812515,0.007919174,0.013497815,-0.000205191,0.011100179,0.024803184,-0.011100179,-0.024803184,-0.013497815,0.000205191,0.004618058,0.009853705,0.00655613
15.39919996,0.999735526,0.022997363,0,0,0.045998782,0,0,0.999835014,0.017068973,0.004915024,-0.003824871,0.034103009,0.009959162,-0.00748113,-0.021201372,0.006415695,-0.021359323,0.019347284,-0.007269198,0.008672604,0.01121325,0.001588227,0.017426575,0.027051598,-0.017426575,-0.027051598,-0.01121325,-0.001588227,0.011895773,0.009959162,0.00748113
15.45045996,0.999654842,0.026271614,0,0,0.052549274,0,0,0.999841094,0.016539145,0.004973298,-0.004422568,0.033036734,0.010091477,-0.008679772,-0.022500755,0.002577156,-0.020867588,0.023513292,-0.006686123,0.009148811,0.01794387,0.003405482,0.02075069,0.035289079,-0.02075069,-0.035289079,-0.01794387,-0.003405482,0.01951254,0.010091477,0.008679772
15.50043988,0.999595159,0.028452021,0,0,0.056911722,0,0,0.999850929,0.015656229,0.005029293,-0.005289206,0.031261305,0.01022288,-0.010420086,-0.025485462,-0.000472367,-0.019957131,0.025154569,-0.007207349,0.009708555,0.021050595,0.007678356,0.02597598,0.039348219,-0.02597598,-0.039348219,-0.021050595,-0.007678356,0.025650417,0.01022288,0.010420086
15.55007982,0.999530782,0.030630297,0,0,0.061270176,0,0,0.999856591,0.01512862,0.005055388,-0.005700036,0.030201452,0.010281974,-0.011246305,-0.024400651,-0.003159047,-0.017367303,0.02916678,-0.005881888,0.010091901,0.022653352,0.008238664,0.027655775,0.042070463,-0.027655775,-0.042070463,-0.022653352,-0.008238664,0.031068724,0.010281974,0.011246305
15.60128999,0.999425455,0.033893357,0,0,0.067799699,0,0,0.999864876,0.014359506,0.00508196,-0.006187382,0.028657695,0.010340425,-0.0122281,-0.02488941,0.003419071,-0.016558172,0.032647162,-0.005156638,0.010180281,0.024956757,0.013192988,0.033376791,0.045140561,-0.033376791,-0.045140561,-0.024956757,-0.013192988,0.039142004,0.010340425,0.0122281
15.65050984,0.999309674,0.037150707,0,0,0.074318516,0,0,0.999869764,0.013860553,0.005117503,-0.00649225,0.027656071,0.010413833,-0.012841996,-0.021025538,0.003664941,-0.013379754,0.036573018,-0.006878057,0.010663628,0.027623508,0.017310239,0.037670802,0.047984071,-0.037670802,-0.047984071,-0.027623508,-0.017310239,0.046662445,0.010413833,0.012841996
15.69933987,0.99926877,0.038235127,0,0,0.076488898,0,0,0.999873936,0.013435723,0.005172818,-0.006703903,0.026803394,0.010524669,-0.013268237,-0.018441677,0.000455231,-0.007112325,0.037178517,-0.006961819,0.010510234,0.033630088,0.019706458,0.040726926,0.05465056,-0.040726926,-0.05465056,-0.033630088,-0.019706458,0.049685504,0.010524669,0.013268237
15.74764991,0.999139168,0.041484011,0,0,0.082991838,0,0,0.999877751,0.013046524,0.005236625,-0.006853207,0.026022493,0.01065099,-0.013569283,-0.017988682,0.00390932,-0.00550598,0.039256767,-0.007136881,0.009640023,0.033630088,0.019706458,0.040726926,0.05465056,-0.040726926,-0.05465056,-0.033630088,-0.019706458,0.056969345,0.01065099,0.013569283
15.79883981,0.998999296,0.044725912,0,0,0.089481673,0,0,0.999885857,0.012218477,0.005411539,-0.007049401,0.024361751,0.01099433,-0.01396625,-0.012063981,0.004132837,0.000604242,0.043246878,-0.006442737,0.009896668,0.036753614,0.022479858,0.041759904,0.05603366,-0.041759904,-0.05603366,-0.036753614,-0.022479858,0.065119922,0.01099433,0.01396625
15.85065985,0.998900386,0.04688303,0,0,0.093800443,0,0,0.999888718,0.011975663,0.005464994,-0.007030256,0.023875554,0.011097381,-0.013929359,-0.00551641,0.004782528,0.000282377,0.045284016,-0.007332846,0.008893646,0.039792933,0.026907466,0.046700802,0.059586272,-0.046700802,-0.059586272,-0.039792933,-0.026907466,0.069924889,0.011097381,0.013929359
15.90307999,0.9987436,0.050112082,0,0,0.10026616,0,0,0.999889433,0.011876037,0.005559627,-0.007015925,0.023675154,0.011284905,-0.013899578,-0.00257045,0.002170354,0.001751631,0.047459168,-0.007534389,0.008947565,0.0437232,0.029057518,0.04684481,0.061510496,-0.04684481,-0.061510496,-0.0437232,-0.029057518,0.076591006,0.011284905,0.013899578
15.94640994,0.998576798,0.053332706,0,0,0.106716043,0,0,0.999889255,0.01186638,0.00565692,-0.006992901,0.023654775,0.011478797,-0.013851351,0.003690273,0.000881404,0.000383705,0.049164134,-0.006930575,0.008699473,0.046045978,0.030977208,0.048872337,0.063941106,-0.048872337,-0.063941106,-0.046045978,-0.030977208,0.083061268,0.011478797,0.013851351
15.99616003,0.99851899,0.054404281,0,0,0.108862309,0,0,0.999888003,0.011935577,0.005741663,-0.006972575,0.023792269,0.011648747,-0.013807902,0.007564574,0.005542487,0.002156943,0.050135815,-0.006678133,0.00892271,0.047891222,0.034534965,0.052380387,0.065736644,-0.052380387,-0.065736644,-0.047891222,-0.034534965,0.08507004,0.011648747,0.013807902
16.04671002,0.998400088,0.056544363,0,0,0.113149075,0,0,0.999885619,0.012107785,0.005845081,-0.00692873,0.024135841,0.011856886,-0.013715726,0.014952571,0.006074458,0.001097471,0.049942623,-0.00827689,0.0087505,0.047891222,0.034534965,0.052380387,0.065736644,-0.052380387,-0.065736644,-0.047891222,-0.034534965,0.089013234,0.011856886,0.013715726
16.09874988,0.998149256,0.060811697,0,0,0.121698481,0,0,0.999881983,0.012372977,0.005970999,-0.006879691,0.024665185,0.012111129,-0.013611417,0.013212116,0.005253404,0.007108599,0.05465331,-0.008172436,0.007705635,0.049468998,0.032915227,0.050416227,0.066969998,-0.050416227,-0.066969998,-0.049468998,-0.032915227,0.097033296,0.012111129,0.013611417
16.15593982,0.998017399,0.062938634,0,0,0.125960522,0,0,0.999871969,0.013136145,0.006234585,-0.006685374,0.02619065,0.012643549,-0.013206678,0.016785413,0.009842962,0.006075949,0.055139443,-0.007583559,0.008087259,0.055120096,0.038775232,0.054186501,0.070531368,-0.054186501,-0.070531368,-0.055120096,-0.038775232,0.099769872,0.012643549,0.013206678
16.21433997,0.997811666,0.066120184,0,0,0.132336915,0,0,0.999868035,0.013479563,0.006347101,-0.006490146,0.026878638,0.012867848,-0.012808875,0.01533553,0.00711605,0.011894853,0.05910712,-0.009681995,0.00769454,0.061094556,0.041730579,0.057119656,0.076483637,-0.057119656,-0.076483637,-0.061094556,-0.041730579,0.105458277,0.012867848,0.012808875
16.25040984,0.997596515,0.069290639,0,0,0.138692411,0,0,0.999864578,0.013790424,0.00645531,-0.00624992,0.02750224,0.013081622,-0.012321469,0.017162412,0.003934652,0.016363712,0.062566496,-0.009074074,0.006496929,0.065143622,0.046995483,0.059989341,0.07813748,-0.059989341,-0.07813748,-0.065143622,-0.046995483,0.111190171,0.013081622,0.012321469
16.30462003,0.997447917,0.071397851,0,0,0.142917302,0,0,0.999861956,0.014086403,0.006525657,-0.005936984,0.028097577,0.013217156,-0.011689768,0.013057142,0.005165488,0.019442292,0.063139314,-0.008363865,0.005459789,0.065143622,0.046995483,0.059989341,0.07813748,-0.059989341,-0.07813748,-0.065143622,-0.046995483,0.114819725,0.013217156,0.011689768
16.35085988,0.997217378,0.074548646,0,0,0.14923574,0,0,0.999857247,0.014579278,0.006516949,-0.005529437,0.029088954,0.01319365,-0.010868429,0.031953309,-0.016398728,0.014036152,0.061896813,-0.002972948,0.004985913,0.066043369,0.04931565,0.060235228,0.076962948,-0.060235228,-0.076962948,-0.066043369,-0.04931565,0.120146786,0.01319365,0.010868429
16.39983988,0.997058656,0.076642268,0,0,0.153435,0,0,0.999841154,0.016009226,0.006008534,-0.005038827,0.031960621,0.012176794,-0.009884561,0.043407831,-0.0138551,0.013566765,0.066772914,-0.004172272,0.004450499,0.066494666,0.058150131,0.067051128,0.075395666,-0.067051128,-0.075395666,-0.066494666,-0.058150131,0.121474379,0.012176794,0.009884561
16.45556998,0.99681314,0.079771956,0,0,0.159713609,0,0,0.999827921,0.016989319,0.005702978,-0.00481734,0.033926613,0.011567934,-0.009440011,0.053184479,-0.012969972,0.011797994,0.065417506,-0.003001578,0.004459677,0.066494666,0.058150131,0.067051128,0.075395666,-0.067051128,-0.075395666,-0.066494666,-0.058150131,0.125786996,0.011567934,0.009440011
16.50089002,0.996644575,0.081851027,0,0,0.163885397,0,0,0.999801636,0.018669847,0.005293323,-0.00449426,0.037295506,0.010752566,-0.008789706,0.059968978,-0.009043514,0.016015019,0.065090688,-0.002861073,0.004472539,0.06395939,0.057956237,0.066875592,0.072878741,-0.066875592,-0.072878741,-0.06395939,-0.057956237,0.126589891,0.010752566,0.008789706
16.55179,0.996472157,0.083924012,0,0,0.168045684,0,0,0.999791265,0.019193353,0.005511593,-0.004323209,0.03834283,0.011187072,-0.008433669,-0.024831295,0.045818839,0.007789582,0.066101875,-0.003442195,0.003341027,0.063479207,0.057757065,0.066702142,0.072424285,-0.066702142,-0.072424285,-0.063479207,-0.057757065,0.129702854,0.011187072,0.008433669
16.60723996,0.996295935,0.085990759,0,0,0.172194176,0,0,0.99979353,0.018831812,0.006389231,-0.00419147,0.037614296,0.012934048,-0.008141338,-0.00923872,0.047304485,0.006388873,0.086525941,-0.018513531,0.004543534,0.100495905,0.063468866,0.072555937,0.109582976,-0.072555937,-0.109582976,-0.100495905,-0.063468866,0.13457988,0.012934048,0.008141338
16.65186,0.996115958,0.088051116,0,0,0.176330583,0,0,0.99979049,0.018730717,0.007207097,-0.004046953,0.037407934,0.014563291,-0.00782313,0.002170354,0.042661291,0.006755442,0.084477329,-0.019789986,0.004580096,0.099687189,0.060107242,0.069267429,0.10884738,-0.069267429,-0.10884738,-0.099687189,-0.060107242,0.138922649,0.014563291,0.00782313
16.70263982,0.995932277,0.090104935,0,0,0.180454615,0,0,0.999779284,0.018897535,0.008357171,-0.003807909,0.037737395,0.01685537,-0.007299378,0.00968203,0.034465645,0.011623651,0.085042877,-0.018766731,0.003634082,0.099687189,0.060107242,0.069267429,0.10884738,-0.069267429,-0.10884738,-0.099687189,-0.060107242,0.14271722,0.01685537,0.007299378
16.75890994,0.99545722,0.095209892,0,0,0.190708655,0,0,0.999757171,0.019545848,0.009533999,-0.003572879,0.039031176,0.019204215,-0.006772623,0.023912635,0.031100959,0.008957834,0.085185404,-0.01991685,0.004571252,0.100175492,0.062642053,0.069910221,0.10744366,-0.069910221,-0.10744366,-0.100175492,-0.062642053,0.151677479,0.019204215,0.006772623
16.79964996,0.995260996,0.097239651,0,0,0.194787099,0,0,0.999735892,0.020350661,0.010124478,-0.003442311,0.040640483,0.02038512,-0.006472112,0.051034246,0.029081853,0.007946044,0.086057398,-0.01948886,0.003935679,0.100530975,0.060697295,0.069839798,0.109673478,-0.069839798,-0.109673478,-0.100530975,-0.060697295,0.154146616,0.02038512,0.006472112
16.85430002,0.995061312,0.099262204,0,0,0.198851872,0,0,0.999695539,0.021953799,0.010786164,-0.003288747,0.043847651,0.02171186,-0.006103371,0.071018189,0.024620445,0.007195026,0.083268644,-0.019650076,0.004057841,0.101610549,0.062632851,0.070504211,0.109481908,-0.070504211,-0.109481908,-0.101610549,-0.062632851,0.155004221,0.02171186,0.006103371
16.90493989,0.994858225,0.101277405,0,0,0.202902689,0,0,0.99965322,0.023591036,0.01126884,-0.003192384,0.047123304,0.022682427,-0.005852403,0.093867637,0.024076551,0.006126613,0.081514764,-0.019207527,0.004115968,0.098860845,0.05956072,0.067676403,0.106976531,-0.067676403,-0.106976531,-0.098860845,-0.05956072,0.155779385,0.022682427,0.005852403
16.94981003,0.994651792,0.103285108,0,0,0.206939266,0,0,0.99959898,0.025605973,0.011690026,-0.003137043,0.051154516,0.023533496,-0.005674501,0.11344479,0.023814293,0.004742295,0.074049281,-0.020061786,0.004511245,0.096606292,0.058191262,0.0664232,0.10483823,-0.0664232,-0.10483823,-0.096606292,-0.058191262,0.15578475,0.023533496,0.005674501
16.99725986,0.994442071,0.105285169,0,0,0.210961319,0,0,0.999534905,0.027795987,0.012163102,-0.003105799,0.055535741,0.024489989,-0.005534224,0.077565759,0.051284585,0.008433312,0.082393491,-0.028233844,0.003916952,0.089599796,0.049476247,0.058498736,0.098622285,-0.058498736,-0.098622285,-0.089599796,-0.049476247,0.155425578,0.024489989,0.005534224
17.0511899,0.993903783,0.110250945,0,0,0.22095106,0,0,0.999433279,0.029997636,0.015132143,-0.002133877,0.059960247,0.030379822,-0.003359034,0.060515851,0.055804107,0.020714849,0.090792541,-0.033828263,0.002475966,0.106710345,0.050242692,0.058076598,0.11454425,-0.058076598,-0.11454425,-0.106710345,-0.050242692,0.160990813,0.030379822,0.003359034
17.10154987,0.993683032,0.11222313,0,0,0.224920064,0,0,0.999376118,0.031344842,0.016185295,-0.001755718,0.062667743,0.032466157,-0.002495913,0.072967269,0.052302331,0.018689783,0.088954852,-0.033114052,0.001072349,0.122144796,0.054488312,0.059440244,0.127096727,-0.059440244,-0.127096727,-0.122144796,-0.054488312,0.162252321,0.032466157,0.002495913
17.15012002,0.99345927,0.114187033,0,0,0.228873283,0,0,0.999329269,0.032455754,0.016904971,-0.001481423,0.064900652,0.033889901,-0.001864603,0.075399131,0.042631481,0.021665545,0.08882143,-0.033434794,0.001147965,0.120996512,0.054768451,0.056913149,0.123141214,-0.056913149,-0.123141214,-0.120996512,-0.054768451,0.163972631,0.033889901,0.001864603
17.20094991,0.993232559,0.116142512,0,0,0.232810438,0,0,0.999235988,0.034667555,0.018023971,-0.000985185,0.069347314,0.03609654,-0.00071964,0.026950987,0.004818291,0.010379404,0.090856375,-0.031613123,0.000459252,0.121108219,0.05423867,0.0565346,0.123404153,-0.0565346,-0.123404153,-0.121108219,-0.05423867,0.163463124,0.03609654,0.00071964
17.24905992,0.993002964,0.118089428,0,0,0.236731254,0,0,0.999233782,0.034800243,0.017886326,-0.000902707,0.069615694,0.035815729,-0.000559493,0.017454477,-0.010366739,0.006758423,0.102740288,-0.022496224,0.001920157,0.122010209,0.058784001,0.059702501,0.122928709,-0.059702501,-0.122928709,-0.122010209,-0.058784001,0.16711556,0.035815729,0.000559493
17.30318999,0.992535382,0.121957021,0,0,0.244522767,0,0,0.999217749,0.035362247,0.017684629,-0.000870321,0.070741679,0.03541054,-0.000488851,0.039266799,-0.007638336,0.002288073,0.101881339,-0.018583178,0.003144819,0.123316318,0.078323901,0.082164213,0.12715663,-0.082164213,-0.12715663,-0.123316318,-0.078323901,0.173781088,0.03541054,0.000488851
17.35512996,0.992297528,0.123877422,0,0,0.248392918,0,0,0.999131322,0.038037013,0.017009994,-0.000862054,0.076096111,0.034062592,-0.000428841,0.079358369,-0.016111137,0.000483543,0.098808342,-0.015042739,0.002796264,0.117319666,0.080153331,0.08644297,0.123609304,-0.08644297,-0.123609304,-0.117319666,-0.080153331,0.172296807,0.034062592,0.000428841
17.40719986,0.991935857,0.126740898,0,0,0.254165373,0,0,0.999069035,0.039784089,0.016657172,-0.000902176,0.079592298,0.033361302,-0.000477558,0.095766045,-0.014297664,0.001297146,0.096308068,-0.015251623,0.003444015,0.111054786,0.080969326,0.086561851,0.116647311,-0.086561851,-0.116647311,-0.111054786,-0.080969326,0.174573075,0.033361302,0.000477558
17.45566988,0.991568524,0.12958342,0,0,0.259897693,0,0,0.998984396,0.042000424,0.016291497,-0.00099364,0.084026683,0.032639156,-0.000617091,0.128597781,-0.020235773,-0.000596047,0.094047238,-0.015278308,0.003350766,0.108115643,0.077612415,0.084500447,0.115003675,-0.084500447,-0.115003675,-0.108115643,-0.077612415,0.17587101,0.032639156,0.000617091
17.49918986,0.991444861,0.130526193,0,0,0.26179939,0,0,0.998876035,0.044630893,0.015930338,-0.001088973,0.089290792,0.031927486,-0.000753911,0.139825791,-0.018638374,0.002520532,0.089146671,-0.013040823,0.003799559,0.105974749,0.075418152,0.082119681,0.112676285,-0.082119681,-0.112676285,-0.105974749,-0.075418152,0.172508598,0.031927486,0.000753911
17.55734992,0.990944355,0.134273172,0,0,0.269359912,0,0,0.998766422,0.046939034,0.016174188,-0.001039478,0.093915858,0.03241172,-0.000558283,0.054677583,0.037092727,0.010368974,0.089453205,-0.012979745,0.00340747,0.098387904,0.072306275,0.079905398,0.105987027,-0.079905398,-0.105987027,-0.098387904,-0.072306275,0.175444054,0.03241172,0.000558283
17.60407996,0.990690713,0.136131965,0,0,0.273111949,0,0,0.998698413,0.048130207,0.016864955,-0.000873314,0.096309308,0.033776488,-0.000120997,0.071383275,0.032710284,0.007218868,0.103727944,-0.02870783,0.00248783,0.099025451,0.073065981,0.079880916,0.105840392,-0.079880916,-0.105840392,-0.099025451,-0.073065981,0.176802641,0.033776488,0.000120997
17.65686989,0.990434906,0.137980786,0,0,0.276844817,0,0,0.998555481,0.050668024,0.017869515,-0.000750345,0.10140127,0.035771064,0.000312504,0.057318073,0.014313312,-0.000144541,0.104045987,-0.028378688,0.003168233,0.129947901,0.072532281,0.077507935,0.134923562,-0.077507935,-0.134923562,-0.129947901,-0.072532281,0.175443547,0.035771064,0.000312504
17.70676995,0.990177007,0.139819506,0,0,0.280558256,0,0,0.998495996,0.051718831,0.018179586,-0.000783634,0.103506719,0.036393571,0.000315752,0.055267666,0.016991049,-0.001972914,0.109221626,-0.02470147,0.003795936,0.129256397,0.072499059,0.078835525,0.135592863,-0.078835525,-0.135592863,-0.129256397,-0.072499059,0.177051537,0.036393571,0.000315752
17.75762987,0.989786397,0.14255837,0,0,0.286091413,0,0,0.998401225,0.053362571,0.018629013,-0.000727412,0.106804423,0.037284724,0.000536059,0.059513003,0.012142211,0.00390038,0.11104809,-0.025781515,0.004228924,0.130127117,0.08072421,0.088316083,0.13771899,-0.088316083,-0.13771899,-0.130127117,-0.08072421,0.17928699,0.037284724,0.000536059
17.81173992,0.989258946,0.146173653,0,0,0.293398531,0,0,0.998340607,0.054423954,0.018815124,-0.000710462,0.108932878,0.037654018,0.000629867,0.082658976,0.010358543,0.004113466,0.11415063,-0.024885809,0.003338744,0.132600635,0.081037641,0.089495488,0.14105849,-0.089495488,-0.14105849,-0.132600635,-0.081037641,0.184465653,0.037654018,0.000629867
17.85573983,0.988992545,0.147965356,0,0,0.29702133,0,0,0.998235703,0.056232493,0.019048685,-0.000690129,0.112559397,0.038117002,0.000765043,0.102487952,0.014140458,0.005085021,0.110743244,-0.024528749,0.003369259,0.135697648,0.085926063,0.092603557,0.142375141,-0.092603557,-0.142375141,-0.135697648,-0.085926063,0.184461933,0.038117002,0.000765043
17.90363002,0.988724459,0.149746267,0,0,0.300623282,0,0,0.99813056,0.058041591,0.019130506,-0.000773704,0.116182733,0.038288653,0.000676712,0.062940277,-0.000552833,-0.010313095,0.114796361,-0.021827253,0.005950334,0.131902695,0.082845226,0.089583747,0.138641208,-0.089583747,-0.138641208,-0.131902695,-0.082845226,0.184440549,0.038288653,0.000676712
17.95631004,0.988454764,0.151516265,0,0,0.304204137,0,0,0.997874618,0.06239428,0.01874717,-0.001355523,0.124884874,0.037592653,-0.00036611,0.121065244,-0.008550287,-0.010620059,0.1090886,-0.017454804,0.005937361,0.130673245,0.087018758,0.098919429,0.142573908,-0.098919429,-0.142573908,-0.130673245,-0.087018758,0.179319263,0.037592653,0.00036611
18.00564981,0.988183538,0.153275229,0,0,0.307763641,0,0,0.997716606,0.064934269,0.018502822,-0.001745662,0.12996235,0.037156391,-0.001081164,0.109750785,-0.023816526,-0.025318565,0.104308178,-0.018806307,0.006761657,0.120606005,0.085696422,0.097571142,0.132480726,-0.097571142,-0.132480726,-0.120606005,-0.085696422,0.177801291,0.037156391,0.001081164
18.05398989,0.987910855,0.155023037,0,0,0.311301545,0,0,0.997601807,0.066821158,0.017873207,-0.002505769,0.133716742,0.036003336,-0.002612599,0.102683157,-0.035607819,-0.033965707,0.107154551,-0.014089054,0.009693983,0.116352797,0.078740202,0.092263512,0.129876107,-0.092263512,-0.129876107,-0.116352797,-0.078740202,0.177584803,0.036003336,0.002612599
18.1052599,0.98749927,0.157623574,0,0,0.316567359,0,0,0.997409105,0.069800779,0.017057775,-0.003451844,0.139658576,0.034515897,-0.004507209,0.1280673,-0.041408837,-0.028553609,0.111314631,-0.009781142,0.012019712,0.111549586,0.083371498,0.102759466,0.130937561,-0.102759466,-0.130937561,-0.111549586,-0.083371498,0.176908783,0.034515897,0.004507209
18.15653992,0.986946116,0.16105081,0,0,0.323510539,0,0,0.997211456,0.07267689,0.01644177,-0.004151802,0.145404546,0.033401527,-0.005893896,0.155035421,-0.024810433,-0.028343502,0.107271524,-0.006856885,0.012170204,0.109076031,0.089513756,0.113553181,0.133115456,-0.113553181,-0.133115456,-0.109076031,-0.089513756,0.178105993,0.033401527,0.005893896
18.20534992,0.98666784,0.162746961,0,0,0.326948193,0,0,0.997007191,0.075530902,0.01576478,-0.004849856,0.151109062,0.032173367,-0.007293064,0.130022332,-0.049731135,-0.033614039,0.105987779,-0.003016071,0.01431422,0.101958178,0.088244416,0.112584822,0.126298591,-0.112584822,-0.126298591,-0.101958178,-0.088244416,0.175839131,0.032173367,0.007293064
18.25663996,0.986388535,0.164431314,0,0,0.330362901,0,0,0.996731102,0.079216808,0.014608898,-0.006211497,0.158468143,0.03011094,-0.010072578,0.077380992,-0.016796589,-0.01780838,0.117153598,-0.009126488,0.013873696,0.094689608,0.088657469,0.117285907,0.123318046,-0.117285907,-0.123318046,-0.094689608,-0.088657469,0.171894758,0.03011094,0.010072578
18.30552983,0.986108281,0.166103756,0,0,0.333754423,0,0,0.996596992,0.080906846,0.014345821,-0.006542956,0.161851878,0.029657088,-0.010724951,0.091531135,-0.011318922,-0.01051128,0.118269622,-0.010730585,0.013286142,0.112406358,0.094153397,0.121900789,0.140153751,-0.121900789,-0.140153751,-0.112406358,-0.094153397,0.171902545,0.029657088,0.010724951
18.35584998,0.985827156,0.167764174,0,0,0.33712252,0,0,0.996433616,0.082920074,0.014111705,-0.006735428,0.165888983,0.029243922,-0.011087493,0.110124812,-0.007732214,-0.004258753,0.118002525,-0.011812791,0.012465597,0.115714028,0.094252877,0.120825157,0.142286316,-0.120825157,-0.142286316,-0.115714028,-0.094252877,0.171233537,0.029243922,0.011087493
18.39956999,0.98554524,0.169412458,0,0,0.340466958,0,0,0.996254086,0.085080788,0.013889532,-0.006798637,0.170226639,0.028835866,-0.011187759,0.114617504,-0.008898973,0.00134781,0.113139858,-0.012501275,0.011607422,0.117349684,0.093724117,0.118655309,0.142280877,-0.118655309,-0.142280877,-0.117349684,-0.093724117,0.170240319,0.028835866,0.011187759
18.45723987,0.984837506,0.173479354,0,0,0.348723,0,0,0.995997906,0.088039704,0.013916478,-0.006597405,0.176174131,0.028887249,-0.010696265,0.093314797,0.010556729,0.016709417,0.115469431,-0.011810203,0.010752527,0.114033677,0.089031145,0.112245984,0.137248516,-0.112245984,-0.137248516,-0.114033677,-0.089031145,0.172548869,0.028887249,0.010696265
18.50288987,0.984553445,0.175084304,0,0,0.351982789,0,0,0.995828688,0.089922048,0.014158044,-0.006240729,0.179963971,0.029324529,-0.009887564,0.104384884,0.016238542,0.018993765,0.120073075,-0.017509179,0.007932839,0.116527073,0.092906684,0.114411734,0.138032123,-0.114411734,-0.138032123,-0.116527073,-0.092906684,0.172018818,0.029324529,0.009887564
18.55382991,0.984268951,0.176676632,0,0,0.355217874,0,0,0.995580614,0.092621058,0.014447772,-0.005666872,0.185401969,0.029821999,-0.008611252,0.110445194,0.01790449,0.028794263,0.114555049,-0.01952184,0.005490723,0.129649371,0.094631039,0.110496722,0.145515054,-0.110496722,-0.145515054,-0.129649371,-0.094631039,0.169815905,0.029821999,0.008611252
18.6071899,0.983984104,0.178256231,0,0,0.358428029,0,0,0.995139122,0.097212188,0.015096087,-0.00449658,0.194663082,0.030924581,-0.006017309,0.094369806,0.034698099,0.027286265,0.113499707,-0.019849044,0.003963359,0.128586128,0.089542471,0.100523919,0.139567569,-0.100523919,-0.139567569,-0.128586128,-0.089542471,0.163764947,0.030924581,0.006017309
18.65149999,0.983698983,0.179822999,0,0,0.361613027,0,0,0.994973361,0.098869711,0.015438329,-0.003820539,0.198016464,0.03148212,-0.004552174,0.062765934,0.008144228,0.031798333,0.120149297,-0.02618885,0.003917418,0.129385352,0.089687295,0.097614013,0.13731207,-0.097614013,-0.13731207,-0.129385352,-0.089687295,0.163596563,0.03148212,0.004552174
18.70075989,0.983270965,0.182148864,0,0,0.36634287,0,0,0.994830191,0.100307047,0.01555485,-0.003142731,0.200927891,0.031584582,-0.003134012,0.07862971,0.009454044,0.034884371,0.129167601,-0.019238123,0.002453462,0.142420694,0.090043016,0.097877853,0.150255516,-0.097877853,-0.150255516,-0.142420694,-0.090043016,0.165414979,0.031584582,0.003134012
18.75874996,0.982700067,0.185204153,0,0,0.372559211,0,0,0.994657815,0.102002971,0.015671453,-0.002387243,0.204362553,0.031667768,-0.001552689,0.092303015,0.008126346,0.039718293,0.126786712,-0.019851141,0.001178204,0.145952225,0.107475996,0.112382926,0.150859147,-0.112382926,-0.150859147,-0.145952225,-0.107475996,0.168196658,0.031667768,0.001552689
18.81149984,0.982272088,0.187460784,0,0,0.377152925,0,0,0.994408429,0.104408845,0.015769258,-0.001492034,0.209230438,0.031679021,0.000325682,0.100181259,0.0054501,0.038268421,0.125522705,-0.019735918,-0.000470726,0.145459607,0.105757348,0.108113758,0.147816017,-0.108113758,-0.147816017,-0.145459607,-0.105757348,0.167922487,0.031679021,0.000325682
18.8536799,0.982129518,0.188206294,0,0,0.378670964,0,0,0.994182348,0.106536813,0.015839327,-0.000799989,0.213533975,0.031670104,0.001785168,0.116197027,0.006369501,0.035319481,0.120595948,-0.019743069,-0.00154844,0.145729303,0.106257498,0.105316043,0.144787863,-0.105316043,-0.144787863,-0.145729303,-0.106257498,0.165136989,0.031670104,0.001785168
18.9028399,0.981844575,0.189687189,0,0,0.381687083,0,0,0.993753374,0.11053092,0.015405784,0.000107722,0.221596246,0.030600056,0.003621433,0.113872446,-0.016191602,0.019273909,0.125465269,-0.014925136,-0.000207995,0.141887411,0.102401301,0.099304423,0.138790533,-0.099304423,-0.138790533,-0.141887411,-0.102401301,0.160090837,0.030600056,0.003621433
18.95135999,0.98155996,0.191154505,0,0,0.384676413,0,0,0.993434131,0.113414466,0.015018716,0.000496348,0.227409163,0.029732003,0.004394814,0.10926798,-0.003348291,0.01483187,0.121325687,-0.012996618,1.14E-05,0.140598357,0.110748112,0.110332116,0.140182376,-0.110332116,-0.140182376,-0.140598357,-0.110748112,0.15726725,0.029732003,0.004394814
19.00686002,0.980992031,0.194048025,0,0,0.390573872,0,0,0.9932307,0.115168013,0.015122116,0.000730937,0.230948598,0.029875579,0.004937368,0.087826699,0.007928163,0.011383743,0.123930315,-0.016301679,0.000248497,0.134310916,0.108317696,0.108340405,0.134333625,-0.108340405,-0.134333625,-0.134310916,-0.108317696,0.159625274,0.029875579,0.004937368
19.05634999,0.980708876,0.195474042,0,0,0.393481587,0,0,0.993010819,0.117032841,0.015241038,0.000863991,0.234710245,0.030071326,0.005285722,0.09787605,0.011286885,0.005183369,0.129019268,-0.019738612,0.000576533,0.13998346,0.107380122,0.107877113,0.140480459,-0.107877113,-0.140480459,-0.13998346,-0.107380122,0.158771342,0.030071326,0.005285722
19.10918999,0.980285379,0.197586881,0,0,0.397791316,0,0,0.992773294,0.119018205,0.015336498,0.000934749,0.238713563,0.030233425,0.005509177,0.110160559,-0.000867248,0.007060916,0.127483309,-0.0208169,0.001514037,0.148181304,0.108704105,0.109857172,0.149334371,-0.109857172,-0.149334371,-0.148181304,-0.108704105,0.159077753,0.030233425,0.005509177
19.16111994,0.979863602,0.199668028,0,0,0.40203823,0,0,0.992173314,0.123925269,0.015299388,0.000819667,0.248600421,0.030160704,0.005420957,0.088176884,-0.002521276,-0.005806983,0.124539499,-0.017465776,0.001926777,0.146786138,0.105152354,0.108180434,0.149814203,-0.108180434,-0.149814203,-0.146786138,-0.105152354,0.153437809,0.030160704,0.005420957
19.19947982,0.979723438,0.200354649,0,0,0.403439792,0,0,0.992115557,0.1243902,0.015275481,0.000788709,0.249536623,0.030118418,0.00536768,0.090321161,-0.003401936,-0.003366173,0.130331724,-0.016975003,0.003501015,0.140078455,0.10514693,0.109000482,0.143932015,-0.109000482,-0.143932015,-0.140078455,-0.10514693,0.153903169,0.030118418,0.00536768
19.25620985,0.979165183,0.20306537,0,0,0.408975011,0,0,0.991733968,0.127420709,0.015080817,0.000548078,0.255638808,0.029777043,0.004932518,0.108914822,-0.007382037,-0.008527935,0.12809897,-0.015054371,0.004056461,0.143805668,0.109855689,0.116857715,0.150807709,-0.116857715,-0.150807709,-0.143805668,-0.109855689,0.153336203,0.029777043,0.004932518
19.30672002,0.978887633,0.204399123,0,0,0.411699662,0,0,0.991472065,0.129471406,0.014841126,0.000288865,0.259765384,0.029358541,0.004417724,0.085071482,-0.010809302,-0.01228154,0.127826595,-0.015163257,0.004304894,0.139096841,0.108988121,0.117101043,0.147209764,-0.117101043,-0.147209764,-0.139096841,-0.108988121,0.151934278,0.029358541,0.004417724
19.35715985,0.978611239,0.205718358,0,0,0.414395419,0,0,0.991142929,0.132001892,0.014543111,-0.000252679,0.264852941,0.028899324,0.003339955,0.08745268,-0.011616944,-0.014232099,0.133126052,-0.013951905,0.005199418,0.138684928,0.108358428,0.116968215,0.147294715,-0.116968215,-0.147294715,-0.138684928,-0.108358428,0.149542478,0.028899324,0.003339955
19.40714002,0.978336077,0.207022993,0,0,0.417062092,0,0,0.990904152,0.133803353,0.014341162,-0.000565377,0.268478328,0.028576611,0.002718433,0.092675559,-0.012332201,-0.011126698,0.132705084,-0.013235703,0.006126377,0.141878501,0.113974705,0.124373548,0.152277336,-0.124373548,-0.152277336,-0.141878501,-0.113974705,0.148583764,0.028576611,0.002718433
19.4571898,0.977925814,0.20895239,0,0,0.42100716,0,0,0.990441799,0.137185708,0.01429105,-0.001030428,0.275294699,0.028595519,0.001880666,0.084876277,-0.000618398,-0.005462766,0.133210996,-0.017086679,0.0059884,0.139814377,0.113342986,0.125595734,0.152067125,-0.125595734,-0.152067125,-0.139814377,-0.113342986,0.145712461,0.028595519,0.001880666
19.51365996,0.977383826,0.211473064,0,0,0.426163729,0,0,0.990146399,0.13930203,0.014275444,-0.001196927,0.279564921,0.028606924,0.001607588,0.083028518,0.002834946,-0.003676116,0.135372813,-0.015857304,0.005583141,0.144309238,0.110135898,0.122112699,0.156286031,-0.122112699,-0.156286031,-0.144309238,-0.110135898,0.146598808,0.028606924,0.001607588
19.55584002,0.977115157,0.212711,0,0,0.428697239,0,0,0.989909589,0.140964463,0.014367104,-0.001274894,0.282922698,0.028807681,0.001527077,0.086744875,0.005785376,0.000629574,0.135985529,-0.016783011,0.005493568,0.14564693,0.113932349,0.125098631,0.156813219,-0.125098631,-0.156813219,-0.14564693,-0.113932349,0.145774541,0.028807681,0.001527077
19.60558987,0.976848139,0.213933899,0,0,0.431200661,0,0,0.989699006,0.142430007,0.014417772,-0.00133042,0.285883522,0.028921523,0.001474234,0.066610433,-0.003628433,-0.006447732,0.135665567,-0.017694432,0.004905517,0.147274926,0.113708928,0.124696068,0.158262074,-0.124696068,-0.158262074,-0.147274926,-0.113708928,0.145317139,0.028921523,0.001474234
19.65658999,0.976582846,0.215141685,0,0,0.433673821,0,0,0.989501774,0.143796876,0.014376771,-0.001473409,0.288642149,0.028879433,0.001219295,0.076232113,-0.000843406,-0.008589029,0.140382265,-0.015145252,0.006185459,0.148454443,0.1130656,0.122876629,0.158265471,-0.122876629,-0.158265471,-0.148454443,-0.1130656,0.145031672,0.028879433,0.001219295
19.70335984,0.976319352,0.216334285,0,0,0.436116543,0,0,0.989206314,0.14582178,0.014293193,-0.001647158,0.292730749,0.028762178,0.000910136,0.089263171,-0.01295209,-0.003840029,0.138962803,-0.015784651,0.006725843,0.149342015,0.119051531,0.131422445,0.161712945,-0.131422445,-0.161712945,-0.149342015,-0.119051531,0.143385794,0.028762178,0.000910136
19.75216985,0.97605773,0.217511625,0,0,0.438528658,0,0,0.988978863,0.147374049,0.014083034,-0.001874795,0.295861956,0.028412057,0.000442862,0.083018102,-0.005987287,-0.006765128,0.136903811,-0.013894675,0.006850893,0.148021564,0.116452284,0.129903972,0.161473259,-0.129903972,-0.161473259,-0.148021564,-0.116452284,0.142666702,0.028412057,0.000442862
19.80427981,0.975668969,0.219248863,0,0,0.44208907,0,0,0.988512039,0.150474861,0.014007322,-0.002295835,0.302123217,0.028387549,-0.000323552,0.080213703,-0.007736682,-0.012399257,0.139010224,-0.015241112,0.007698848,0.143947557,0.116158225,0.129860014,0.157649338,-0.129860014,-0.157649338,-0.143947557,-0.116158225,0.139965853,0.028387549,0.000323552
19.85540986,0.975157849,0.221511103,0,0,0.446727595,0,0,0.988146663,0.152866468,0.013822355,-0.002686631,0.30695175,0.028142127,-0.00108405,0.092143573,-0.013412535,-0.005725027,0.140231577,-0.013143675,0.008334285,0.146552444,0.116070241,0.131467938,0.161950141,-0.131467938,-0.161950141,-0.146552444,-0.116070241,0.139775845,0.028142127,0.00108405
19.9059,0.974905549,0.222618893,0,0,0.448999909,0,0,0.987904489,0.154425129,0.013743315,-0.0029769,0.310099049,0.028077266,-0.001637806,0.080730766,-0.003767014,-0.014860928,0.137659221,-0.011191409,0.007660511,0.145040929,0.118753597,0.13542217,0.161709502,-0.13542217,-0.161709502,-0.145040929,-0.118753597,0.13890086,0.028077266,0.001637806
19.9558599,0.974655514,0.223711038,0,0,0.45124071,0,0,0.987651467,0.15603596,0.013677306,-0.003233364,0.313353822,0.028029531,-0.002119404,0.087990612,-0.003288687,-0.008514522,0.140423799,-0.013759402,0.009514837,0.141190082,0.118807279,0.134128302,0.156511098,-0.134128302,-0.156511098,-0.141190082,-0.118807279,0.137886888,0.028029531,0.002119404
20.00512982,0.974407816,0.224787472,0,0,0.453449842,0,0,0.987407207,0.157577649,0.013579099,-0.003485066,0.316469323,0.027918158,-0.002603851,0.077836961,-0.011543931,-0.007031858,0.139226711,-0.013728301,0.008757357,0.144668326,0.117149539,0.136179209,0.163698003,-0.136179209,-0.163698003,-0.144668326,-0.117149539,0.136980519,0.027918158,0.002603851
20.05588985,0.974162523,0.225848132,0,0,0.45562715,0,0,0.9870978,0.159505963,0.013492434,-0.003766455,0.320368403,0.027841833,-0.00313269,0.069306046,-0.000603497,-0.006884338,0.142417475,-0.014218912,0.009068752,0.144197613,0.116741031,0.134255752,0.161712334,-0.134255752,-0.161712334,-0.144197613,-0.116741031,0.135258747,0.027841833,0.00313269
20.10493994,0.973799242,0.227409402,0,0,0.458833106,0,0,0.986606956,0.162515581,0.013358195,-0.004160617,0.326457753,0.027714445,-0.003869452,0.078658015,-0.011496246,-0.006228686,0.141377398,-0.01221823,0.008759981,0.1475676,0.119129792,0.137267292,0.1657051,-0.137267292,-0.1657051,-0.1475676,-0.119129792,0.132375353,0.027714445,0.003869452
20.15715003,0.973323916,0.229435294,0,0,0.462994921,0,0,0.986363888,0.163987979,0.013250601,-0.004332835,0.329438388,0.02756438,-0.004203234,0.06974712,-0.001731515,-0.007759035,0.142790561,-0.010815256,0.009453503,0.144835606,0.120399162,0.137919128,0.162355572,-0.137919128,-0.162355572,-0.144835606,-0.120399162,0.133556533,0.02756438,0.004203234
20.20444989,0.97309028,0.230424188,0,0,0.465027158,0,0,0.986067772,0.165758103,0.013201222,-0.00452587,0.333023445,0.027538474,-0.00455095,0.071000315,-0.008504093,-0.00589937,0.14496954,-0.013403684,0.00988245,0.144152284,0.122521773,0.141428784,0.163059279,-0.141428784,-0.163059279,-0.144152284,-0.122521773,0.132003713,0.027538474,0.00455095
20.25397992,0.972859416,0.231396969,0,0,0.467026759,0,0,0.985818088,0.167241722,0.013091818,-0.004653426,0.336029703,0.027372211,-0.004797682,0.082082301,-0.009341539,-0.003629923,0.144808123,-0.011401489,0.009806318,0.148490727,0.121683381,0.141448289,0.168255642,-0.141448289,-0.168255642,-0.148490727,-0.121683381,0.130997056,0.027372211,0.004797682
20.30454993,0.972631387,0.232353578,0,0,0.468993582,0,0,0.985572934,0.168681249,0.013033433,-0.004775773,0.338947634,0.027305356,-0.005018645,0.078191608,0.001706928,-0.004129112,0.14274315,-0.01095225,0.009567341,0.146403253,0.123600289,0.143212929,0.166015893,-0.143212929,-0.166015893,-0.146403253,-0.123600289,0.130045948,0.027305356,0.005018645
20.35391998,0.972406257,0.233293959,0,0,0.47092749,0,0,0.985329032,0.170101583,0.012982947,-0.004889163,0.341827549,0.027251622,-0.00521999,0.070538379,-0.005666912,9.91E-05,0.143836247,-0.013951253,0.009777352,0.144128025,0.122223534,0.141358212,0.16326271,-0.141358212,-0.16326271,-0.144128025,-0.122223534,0.129099941,0.027251622,0.00521999
20.40699983,0.972074134,0.23467398,0,0,0.473766338,0,0,0.984766304,0.173331618,0.01287479,-0.005076938,0.348381584,0.02712063,-0.005538044,0.074183203,0.000456721,0.003559142,0.145019177,-0.012834471,0.009462191,0.148010105,0.120107621,0.139662325,0.167564809,-0.139662325,-0.167564809,-0.148010105,-0.120107621,0.125384754,0.02712063,0.005538044
20.45648003,0.971642028,0.236456699,0,0,0.477435017,0,0,0.984516323,0.174749285,0.012827705,-0.005109587,0.351260574,0.027047251,-0.005579747,0.070171811,0.000485033,0.001310557,0.145649759,-0.013347495,0.008841091,0.148391411,0.122722492,0.141646877,0.167315796,-0.141646877,-0.167315796,-0.148391411,-0.122722492,0.126174443,0.027047251,0.005579747
20.50551987,0.971430705,0.237323378,0,0,0.479219158,0,0,0.984263957,0.17617406,0.012731956,-0.005036055,0.354157343,0.026840871,-0.005429515,0.073862821,-0.001946092,0.009178371,0.1466777,-0.013297592,0.009250946,0.150156125,0.12346115,0.141143337,0.167838305,-0.141143337,-0.167838305,-0.150156125,-0.12346115,0.125061815,0.026840871,0.005429515
20.55525994,0.971222615,0.238173535,0,0,0.480969667,0,0,0.983925462,0.17805694,0.012758888,-0.00489362,0.357988381,0.026853495,-0.005088151,0.06358102,0.000349432,0.006323308,0.146068102,-0.012539614,0.007838037,0.150724307,0.124129139,0.142631024,0.169226199,-0.142631024,-0.169226199,-0.150724307,-0.124129139,0.122981286,0.026853495,0.005088151
20.60559988,0.971017814,0.239007122,0,0,0.482686419,0,0,0.983691394,0.179349259,0.01276045,-0.004738852,0.360619994,0.026807715,-0.004747705,0.069505729,0.001699478,0.011035055,0.148117206,-0.013291583,0.00815707,0.150769636,0.12569043,0.141366497,0.166445717,-0.141366497,-0.166445717,-0.150769636,-0.12569043,0.122066425,0.026807715,0.004747705
20.65473986,0.970816361,0.239824088,0,0,0.484369294,0,0,0.983456373,0.180643857,0.012660219,-0.004597686,0.363256001,0.026565757,-0.004470858,0.06383881,-0.0055179,0.013687463,0.146663094,-0.012716079,0.007744554,0.153251678,0.126668528,0.142982662,0.169565812,-0.142982662,-0.169565812,-0.153251678,-0.126668528,0.121113293,0.026565757,0.004470858
20.69910002,0.97061831,0.240624387,0,0,0.486018175,0,0,0.983205497,0.182005197,0.012690916,-0.004479628,0.366028452,0.026589319,-0.004190658,0.069529556,0.011024625,0.005232543,0.146509705,-0.016287236,0.007844412,0.151634574,0.126202434,0.141691551,0.16712369,-0.141691551,-0.16712369,-0.151634574,-0.126202434,0.119989723,0.026589319,0.004190658
20.74741984,0.970327735,0.241793481,0,0,0.488427503,0,0,0.983035088,0.182923585,0.012713833,-0.004425081,0.36789856,0.026618328,-0.004050146,0.06306842,0.002545864,0.007861108,0.14865684,-0.013999894,0.007368686,0.154952481,0.122378036,0.138066858,0.170641318,-0.138066858,-0.170641318,-0.154952481,-0.122378036,0.120528943,0.026618328,0.004050146
20.80264998,0.969952714,0.24329351,0,0,0.491519899,0,0,0.982389331,0.186367258,0.012643836,-0.00432296,0.374910457,0.026456738,-0.003782198,0.075099617,-0.008507074,-0.000219047,0.148677914,-0.013838549,0.008188673,0.155288011,0.127288237,0.142025605,0.170025378,-0.142025605,-0.170025378,-0.155288011,-0.127288237,0.116609442,0.026456738,0.003782198
20.85532999,0.969770642,0.244018243,0,0,0.493014406,0,0,0.982120931,0.187784687,0.012526827,-0.004310623,0.377796619,0.02622766,-0.003763716,0.079124421,-0.00512302,0.004606694,0.146694278,-0.010810953,0.008627497,0.15432775,0.126650661,0.143028021,0.170705095,-0.143028021,-0.170705095,-0.15432775,-0.126650661,0.115217787,0.02622766,0.003763716
20.90510988,0.969592261,0.244726065,0,0,0.494474312,0,0,0.981859863,0.189147055,0.012506762,-0.004300393,0.380571888,0.026189573,-0.003714814,0.062619895,0.0018619,-0.001049042,0.145864386,-0.011616669,0.007780598,0.148877695,0.127255797,0.144510791,0.166132689,-0.144510791,-0.166132689,-0.148877695,-0.127255797,0.113902424,0.026189573,0.003714814
20.95094991,0.969417623,0.245416935,0,0,0.495899514,0,0,0.981547356,0.190759555,0.012544736,-0.004304795,0.38385767,0.02627188,-0.003665935,0.071386248,-0.001211465,4.69E-05,0.149358942,-0.013586994,0.00869851,0.149700418,0.126467094,0.142028287,0.165261611,-0.142028287,-0.165261611,-0.149700418,-0.126467094,0.112041844,0.02627188,0.003665935
20.99705982,0.969246775,0.246090813,0,0,0.497289912,0,0,0.981288135,0.192088783,0.012526101,-0.004324486,0.386566355,0.026247809,-0.003676162,0.067607313,0.002301485,0.00262186,0.14742246,-0.01373728,0.008129031,0.154247388,0.127073407,0.144470438,0.171644405,-0.144470438,-0.171644405,-0.154247388,-0.127073407,0.110723557,0.026247809,0.003676162
21.05618,0.968836546,0.247700921,0,0,0.500613004,0,0,0.980728626,0.194939271,0.01233843,-0.004245842,0.392379367,0.025859541,-0.003518731,0.069012493,-0.001494587,0.00583604,0.146994086,-0.01322765,0.00811544,0.153030664,0.125556126,0.141814187,0.169288725,-0.141814187,-0.169288725,-0.153030664,-0.125556126,0.108233637,0.025859541,0.003518731
21.10744,0.968602217,0.248615656,0,0,0.502501548,0,0,0.980424702,0.196459815,0.01239035,-0.004218578,0.395482183,0.025956077,-0.003404737,0.059246283,0.001623482,0.000140816,0.148034234,-0.012489865,0.007479914,0.152106255,0.125650972,0.141881853,0.168337137,-0.141881853,-0.168337137,-0.152106255,-0.125650972,0.107019365,0.025956077,0.003404737
21.15224982,0.968526109,0.248911986,0,0,0.503113444,0,0,0.980166554,0.197741643,0.012423131,-0.00419095,0.39809875,0.026013856,-0.003303641,0.064145781,0.0018619,0.005082041,0.149909148,-0.01344867,0.008411458,0.153044149,0.128064424,0.143024251,0.168003976,-0.143024251,-0.168003976,-0.153044149,-0.128064424,0.105014694,0.026013856,0.003303641
21.20147991,0.968376924,0.249491748,0,0,0.504310741,0,0,0.979921877,0.198951259,0.012405392,-0.004198905,0.400567361,0.025986309,-0.003294178,0.065981612,-0.004254282,0.000265986,0.148812255,-0.013558893,0.007572588,0.154946312,0.128049001,0.144871905,0.171769232,-0.144871905,-0.171769232,-0.154946312,-0.128049001,0.10374338,0.025986309,0.003294178
21.24826002,0.968231818,0.250054287,0,0,0.505472645,0,0,0.979668915,0.200197726,0.012339832,-0.004201822,0.403111548,0.025863168,-0.003293083,0.065410875,-0.00589788,0.003705173,0.148367187,-0.011840193,0.008397292,0.154798523,0.127680749,0.142825931,0.16994369,-0.142825931,-0.16994369,-0.154798523,-0.127680749,0.102361097,0.025863168,0.003293083
21.29698992,0.968021894,0.250865728,0,0,0.507148958,0,0,0.979288936,0.202058643,0.012169461,-0.004196747,0.406910911,0.025533583,-0.003302848,0.065325946,-0.008091331,0.00276342,0.147360699,-0.010561035,0.007922214,0.15181005,0.128129676,0.144924253,0.168604627,-0.144924253,-0.168604627,-0.15181005,-0.128129676,0.100238047,0.025533583,0.003302848
21.35418987,0.967821366,0.25163824,0,0,0.508745186,0,0,0.978809893,0.204365417,0.01213952,-0.004341474,0.411620262,0.025541829,-0.003538321,0.063461818,-0.003552437,-0.005343557,0.148772211,-0.013209979,0.008747725,0.149999484,0.128877431,0.144721851,0.165843904,-0.144721851,-0.165843904,-0.149999484,-0.128877431,0.097124924,0.025541829,0.003538321
21.40836001,0.96763036,0.252371724,0,0,0.510261078,0,0,0.97857219,0.205500692,0.012112889,-0.004427069,0.413938362,0.025528968,-0.003687207,0.062110286,-0.006090106,-0.00025928,0.148461928,-0.011696939,0.009448916,0.153234422,0.126814485,0.144309938,0.170729876,-0.144309938,-0.170729876,-0.153234422,-0.126814485,0.096322716,0.025528968,0.003687207
21.45799995,0.967448994,0.253066087,0,0,0.511696394,0,0,0.978260696,0.206982836,0.011994873,-0.004517542,0.416965632,0.025341041,-0.003874455,0.058459494,-0.006818771,-0.003933907,0.148884573,-0.010965207,0.008703523,0.150709912,0.127316043,0.146213874,0.169607744,-0.146213874,-0.169607744,-0.150709912,-0.127316043,0.094730762,0.025341041,0.003874455
21.49805999,0.967390701,0.253288832,0,0,0.512156887,0,0,0.978039503,0.20802629,0.01196538,-0.004569368,0.419098053,0.025309022,-0.003961096,0.051467873,-0.002719463,0.002904982,0.149063101,-0.01062538,0.009389977,0.151146218,0.129215822,0.146622866,0.168553263,-0.146622866,-0.168553263,-0.151146218,-0.129215822,0.093058834,0.025309022,0.003961096
21.54846001,0.967222363,0.253930896,0,0,0.513484417,0,0,0.977814674,0.209080726,0.011948552,-0.004591567,0.421254253,0.025289647,-0.003984262,0.05480871,-0.002108514,0.004128367,0.150442547,-0.011745749,0.008295619,0.150298461,0.129047722,0.14782767,0.169078425,-0.14782767,-0.169078425,-0.150298461,-0.129047722,0.092230164,0.025289647,0.003984262
21.60327983,0.96706392,0.254533642,0,0,0.514730862,0,0,0.977577925,0.21018748,0.011910287,-0.004578604,0.423518652,0.025213864,-0.003946363,0.054190308,-0.00141561,0.001319498,0.149563102,-0.012025298,0.008563336,0.153892636,0.130401149,0.146992385,0.170483872,-0.146992385,-0.170483872,-0.153892636,-0.130401149,0.09121221,0.025213864,0.003946363
21.6573,0.966963837,0.25491359,0,0,0.515516681,0,0,0.977078736,0.212501466,0.011875371,-0.004396177,0.428258775,0.025077358,-0.003544876,0.052543737,0.006765874,0.007025153,0.149207921,-0.013088184,0.007098473,0.153025016,0.128974438,0.146101117,0.170151696,-0.146101117,-0.170151696,-0.153025016,-0.128974438,0.087257906,0.025077358,0.003544876
21.70431996,0.966868222,0.255276009,0,0,0.516266318,0,0,0.976865411,0.213481411,0.011893901,-0.004294347,0.430267643,0.025073628,-0.003312791,0.050482899,0.009336323,0.00904724,0.149447233,-0.014295704,0.007383058,0.155197591,0.129021242,0.143218189,0.169394538,-0.143218189,-0.169394538,-0.155197591,-0.129021242,0.085998675,0.025073628,0.003312791
21.75728989,0.966733238,0.255786723,0,0,0.517322821,0,0,0.976650417,0.214464098,0.011918379,-0.004149671,0.432283673,0.02506271,-0.002994371,0.054792318,0.007548183,0.004667789,0.149905067,-0.015059685,0.006933056,0.156359836,0.127768442,0.142534569,0.171125948,-0.142534569,-0.171125948,-0.156359836,-0.127768442,0.085039148,0.02506271,0.002994371
21.81362987,0.966569135,0.256406138,0,0,0.51860439,0,0,0.976388514,0.215658352,0.01189599,-0.003948677,0.434734481,0.024935927,-0.002580752,0.049046427,0.001173466,0.010902436,0.149134513,-0.014628426,0.00751445,0.158031657,0.127912298,0.141778409,0.171897769,-0.141778409,-0.171897769,-0.158031657,-0.127912298,0.083869909,0.024935927,0.002580752
21.85485983,0.966493939,0.256689433,0,0,0.5191906,0,0,0.976193607,0.21653907,0.011941614,-0.003788911,0.43654307,0.024958137,-0.002226464,0.043378025,0.004138798,0.009482355,0.149974146,-0.01300335,0.006244633,0.15624845,0.126991615,0.142020509,0.171277344,-0.142020509,-0.171277344,-0.15624845,-0.126991615,0.08264753,0.024958137,0.002226464
21.90517998,0.966423343,0.256955099,0,0,0.519740372,0,0,0.975995541,0.217432588,0.011948094,-0.003629331,0.438377889,0.024903412,-0.001889199,0.05049184,0.001358241,0.009403379,0.149595831,-0.01390656,0.006346999,0.156732827,0.130726144,0.143215403,0.169222087,-0.143215403,-0.169222087,-0.156732827,-0.130726144,0.081362483,0.024903412,0.001889199
21.95438981,0.966357364,0.25720312,0,0,0.520253666,0,0,0.97550565,0.219626889,0.01192853,-0.003257148,0.442884623,0.024705922,-0.00111542,0.044708703,0.003334135,0.010485202,0.14930395,-0.013106733,0.005402285,0.15715535,0.129342243,0.142036244,0.169849351,-0.142036244,-0.169849351,-0.15715535,-0.129342243,0.077369043,0.024705922,0.00111542
22.0051899,0.966296022,0.257433483,0,0,0.520730447,0,0,0.975320876,0.220446452,0.011961661,-0.003116761,0.444568841,0.024709582,-0.000806118,0.038296729,0.007847697,0.007497521,0.149456769,-0.013921651,0.00552183,0.157008365,0.130794913,0.141599476,0.167812929,-0.141599476,-0.167812929,-0.157008365,-0.130794913,0.076161606,0.024709582,0.000806118
22.05451989,0.966239333,0.257646175,0,0,0.521170681,0,0,0.97514838,0.221209362,0.011961958,-0.003019568,0.44613589,0.02466778,-0.000597041,0.035450608,0.007160753,0.006645173,0.150585705,-0.015240419,0.005858179,0.157856554,0.130013257,0.141056925,0.168900207,-0.141056925,-0.168900207,-0.157856554,-0.130013257,0.075034791,0.02466778,0.000597041
22.10496998,0.966163058,0.257932055,0,0,0.521762441,0,0,0.974972308,0.221984386,0.011980468,-0.002922614,0.447728234,0.024661295,-0.000380096,0.042232122,0.002465397,0.004332512,0.151070332,-0.015105914,0.005890579,0.159967899,0.129487082,0.141203448,0.171684265,-0.141203448,-0.171684265,-0.159967899,-0.129487082,0.074034207,0.024661295,0.000380096
22.1578598,0.966077781,0.258251277,0,0,0.522423274,0,0,0.974804342,0.222723603,0.011961272,-0.002804185,0.449247447,0.024571383,-0.000138991,0.029785188,0.00789538,0.00725016,0.149546768,-0.013880744,0.006184059,0.160285622,0.130073816,0.141854972,0.172066778,-0.141854972,-0.172066778,-0.160285622,-0.130073816,0.073175827,0.024571383,0.000138991
22.20552993,0.966042206,0.258384317,0,0,0.522698703,0,0,0.974597156,0.223629609,0.01195885,-0.002701243,0.451109104,0.024520732,8.35E-05,0.041668873,0.000726432,0.005149097,0.151907513,-0.015412443,0.00554048,0.157243416,0.129481941,0.141850054,0.169611529,-0.141850054,-0.169611529,-0.157243416,-0.129481941,0.071589599,0.024520732,0.0000835
22.25361991,0.966011356,0.258499634,0,0,0.522937448,0,0,0.974431098,0.224352852,0.011960338,-0.002629602,0.452595279,0.024491413,0.000242013,0.038843598,0.008242577,0.004901737,0.149185755,-0.015542009,0.005733368,0.161779433,0.130954564,0.142035529,0.172860399,-0.142035529,-0.172860399,-0.161779433,-0.130954564,0.070342169,0.024491413,0.000242013
22.30554986,0.965985237,0.258597221,0,0,0.523139491,0,0,0.974072337,0.225908786,0.011929054,-0.002437107,0.455793889,0.024343056,0.000642109,0.043077022,-0.003100932,0.006782264,0.148053851,-0.013531335,0.005214578,0.158994362,0.127910361,0.139377087,0.170461088,-0.139377087,-0.170461088,-0.158994362,-0.127910361,0.067345602,0.024343056,0.000642109
22.35703993,0.965963857,0.258677072,0,0,0.523304818,0,0,0.973845899,0.22688359,0.011942028,-0.002336019,0.45779831,0.024321795,0.000869312,0.039625917,0.000912696,0.00674054,0.147569068,-0.012563889,0.005210707,0.156370565,0.129307911,0.13973707,0.166799724,-0.13973707,-0.166799724,-0.156370565,-0.129307911,0.065506508,0.024321795,0.000869312
22.40627003,0.965940685,0.258763584,0,0,0.523483942,0,0,0.97365725,0.2276925,0.011949446,-0.00224249,0.459462152,0.024292912,0.001075083,0.042071193,0.002678484,0.005105883,0.147839161,-0.01371311,0.005096158,0.154922202,0.129794449,0.140215859,0.165343627,-0.140215859,-0.165343627,-0.154922202,-0.129794449,0.06402179,0.024292912,0.001075083
22.45775986,0.965926421,0.258816827,0,0,0.523594182,0,0,0.973481059,0.22844705,0.011920415,-0.002144734,0.461014276,0.024190869,0.001271024,0.035982583,-0.000958145,0.007272512,0.146916605,-0.014217746,0.005260517,0.156456068,0.12902987,0.13922219,0.166648388,-0.13922219,-0.166648388,-0.156456068,-0.12902987,0.062579906,0.024190869,0.001271024
22.50595999,0.965926421,0.258816827,0,0,0.523594182,0,0,0.973301291,0.229214221,0.011897761,-0.002028956,0.462593053,0.024092669,0.001505138,0.042352818,0.001505762,0.005938857,0.1477554,-0.013305693,0.004780822,0.15587379,0.127438322,0.137959346,0.16639483,-0.137959346,-0.16639483,-0.15587379,-0.127438322,0.061001129,0.024092669,0.001505138
22.55397988,0.965931176,0.258799079,0,0,0.523557434,0,0,0.973114133,0.230006814,0.0119344,-0.001871052,0.464226093,0.024090101,0.00184903,0.036976483,0.003819913,0.005256384,0.146626272,-0.014695129,0.004793908,0.156280234,0.129668862,0.139230505,0.165841877,-0.139230505,-0.165841877,-0.156280234,-0.129668862,0.059331341,0.024090101,0.00184903
22.60654998,0.965940685,0.258763584,0,0,0.523483942,0,0,0.972851396,0.231115937,0.011969067,-0.001534372,0.466514197,0.023999786,0.002547788,0.029527398,0.006253273,0.008309633,0.147416259,-0.014391063,0.003804025,0.156527445,0.127137214,0.136725023,0.166115269,-0.136725023,-0.166115269,-0.156527445,-0.127137214,0.056969745,0.023999786,0.002547788
22.65520001,0.965954946,0.258710345,0,0,0.523373709,0,0,0.972738028,0.23159188,0.012001851,-0.001361253,0.467497126,0.023982123,0.002911619,0.025524944,0.007272512,0.009515136,0.147454406,-0.015560139,0.00389454,0.158003256,0.129221141,0.136829197,0.165611312,-0.136829197,-0.165611312,-0.158003256,-0.129221141,0.055876583,0.023982123,0.002911619
22.70659995,0.965985237,0.258597221,0,0,0.52313949,0,0,0.972583234,0.232239693,0.012063416,-0.001044262,0.468837202,0.023952679,0.003572977,0.017551329,0.009509177,0.013358146,0.147893048,-0.015960206,0.003496712,0.159119964,0.127999708,0.135788783,0.166909039,-0.135788783,-0.166909039,-0.159119964,-0.127999708,0.054302288,0.023952679,0.003572977
22.75618983,0.966042206,0.258384317,0,0,0.522698703,0,0,0.972499251,0.232590526,0.01209743,-0.000832447,0.469563906,0.023918999,0.004009544,0.019112976,0.007414073,0.01134351,0.148956352,-0.016792535,0.002495136,0.160356507,0.128436103,0.135429531,0.16734992,-0.135429531,-0.16734992,-0.160356507,-0.128436103,0.053134797,0.023918999,0.004009544
22.80170989,0.966077781,0.258251277,0,0,0.522423274,0,0,0.972417712,0.232930005,0.012135775,-0.00061504,0.470267533,0.023890874,0.004458706,0.015946478,0.006028265,0.007367879,0.14826402,-0.016361054,0.002597442,0.16325371,0.129668653,0.134658933,0.168243974,-0.134658933,-0.168243974,-0.16325371,-0.129668653,0.052155741,0.023890874,0.004458706
22.85045982,0.966118068,0.25810052,0,0,0.522111179,0,0,0.972346485,0.233225748,0.012162898,-0.000430992,0.470880409,0.0238564,0.004836649,0.015946478,0.004405529,0.010421127,0.148378228,-0.015832504,0.002306127,0.162027583,0.129305497,0.134500384,0.16722247,-0.134500384,-0.16722247,-0.162027583,-0.129305497,0.05123077,0.0238564,0.004836649
22.8997798,0.966163058,0.257932055,0,0,0.521762441,0,0,0.972208083,0.233798802,0.012236803,-2.41E-06,0.47206991,0.023796804,0.005718871,0.01287833,0.006454439,0.006438048,0.148692063,-0.015488654,0.001663815,0.161904559,0.130239576,0.134851828,0.166516811,-0.134851828,-0.166516811,-0.161904559,-0.130239576,0.049692531,0.023796804,0.005718871
22.95679999,0.966239333,0.257646175,0,0,0.521170681,0,0,0.972142339,0.234069958,0.012265458,0.000150134,0.472631692,0.023779501,0.006035597,0.016734751,0.002218038,0.00815466,0.148172034,-0.016632333,0.002481504,0.162516862,0.131539568,0.134867206,0.165844485,-0.134867206,-0.165844485,-0.162516862,-0.131539568,0.048538989,0.023779501,0.006035597
23.01062989,0.966357364,0.25720312,0,0,0.520253665,0,0,0.972083807,0.234311283,0.012294251,0.000309054,0.473132213,0.02375949,0.006364056,0.00993088,0.004882366,0.007896869,0.146681517,-0.015621037,0.002029355,0.162322819,0.129058167,0.134021178,0.16728583,-0.134021178,-0.16728583,-0.162322819,-0.129058167,0.047121452,0.02375949,0.006364056
23.05027986,0.966423343,0.256955098,0,0,0.519740371,0,0,0.97201854,0.234578893,0.012349756,0.00046703,0.473687306,0.023791515,0.006703855,0.01453683,0.004588814,0.004065782,0.147980514,-0.0164466,0.001888186,0.160273165,0.129031107,0.133089811,0.164331868,-0.133089811,-0.164331868,-0.160273165,-0.129031107,0.046053065,0.023791515,0.006703855
23.10305,0.96649394,0.256689433,0,0,0.519190599,0,0,0.971962929,0.23480843,0.012370503,0.000587057,0.474162596,0.02377388,0.006952611,0.010944159,0.00109151,0.006514043,0.146262315,-0.016472298,0.002353522,0.162538886,0.129645705,0.133422077,0.166315258,-0.133422077,-0.166315258,-0.162538886,-0.129645705,0.045028003,0.02377388,0.006952611
23.15175986,0.966608451,0.256257883,0,0,0.518297633,0,0,0.971909225,0.235029221,0.012379046,0.000681373,0.474619273,0.023744564,0.007145416,0.012970717,0.005304067,0.004633517,0.146005106,-0.016793383,0.002011529,0.160786912,0.127200171,0.131223232,0.164809972,-0.131223232,-0.164809972,-0.160786912,-0.127200171,0.04367836,0.023744564,0.007145416
23.19889999,0.966690505,0.255948174,0,0,0.517656843,0,0,0.971854985,0.23525174,0.012403659,0.000780968,0.475079875,0.023743899,0.00735608,0.006393344,0.004886836,0.006922335,0.146915445,-0.016806512,0.001514864,0.160786912,0.127200171,0.131223232,0.164809972,-0.131223232,-0.164809972,-0.160786912,-0.127200171,0.042576968,0.023743899,0.00735608
23.25336003,0.966777103,0.255620876,0,0,0.516979722,0,0,0.971764565,0.235624254,0.012412198,0.000957021,0.475850549,0.023674682,0.007711463,0.009820612,0.003591926,0.006350131,0.146456023,-0.016042213,0.001970042,0.162207052,0.128594041,0.131623775,0.165236786,-0.131623775,-0.165236786,-0.162207052,-0.128594041,0.041129173,0.023674682,0.007711463
23.30852986,0.966868222,0.255276008,0,0,0.516266317,0,0,0.971737742,0.235733524,0.012429905,0.001038987,0.47607759,0.023669575,0.007881824,0.006233902,0.001614541,0.004991145,0.144609418,-0.016551441,0.001392518,0.160528153,0.128443748,0.132383823,0.164468229,-0.132383823,-0.164468229,-0.160528153,-0.128443748,0.040188727,0.023669575,0.007881824
23.35588002,0.966963837,0.25491359,0,0,0.51551668,0,0,0.971728325,0.235771045,0.012449701,0.001112054,0.476156781,0.023673282,0.008034123,0.006123632,-0.002665818,0.004666299,0.144860865,-0.016124025,0.001525369,0.159768298,0.126665443,0.12945047,0.16255334,-0.12945047,-0.16255334,-0.159768298,-0.126665443,0.039359899,0.023673282,0.008034123
23.40734983,0.967115629,0.2543371,0,0,0.514324401,0,0,0.971743882,0.235704795,0.012470663,0.00125623,0.476023974,0.023646585,0.00832268,0.001464039,0.002285093,0.005867332,0.144393784,-0.015086068,0.001502403,0.159459487,0.127211452,0.130262181,0.162510216,-0.130262181,-0.162510216,-0.159459487,-0.127211452,0.038300427,0.023646585,0.00832268
23.45852995,0.967333495,0.253507217,0,0,0.512608392,0,0,0.971807301,0.235439897,0.012522054,0.001353015,0.475481842,0.023703159,0.008528622,-0.007641316,-0.001397729,0.000341982,0.146805623,-0.016285249,0.001421965,0.157977402,0.127805293,0.130810097,0.160982221,-0.130810097,-0.160982221,-0.157977402,-0.127805293,0.03712655,0.023703159,0.008528622
23.50617981,0.967448994,0.253066086,0,0,0.511696392,0,0,0.971877158,0.235151395,0.012525388,0.001380151,0.474888662,0.023699402,0.008575912,-0.022572283,-0.002427399,0.004813822,0.146520374,-0.015688414,0.001942913,0.161668867,0.129098386,0.131942317,0.164512798,-0.131942317,-0.164512798,-0.161668867,-0.129098386,0.03680773,0.023699402,0.008575912
23.55623985,0.967568828,0.252607529,0,0,0.51074848,0,0,0.971976936,0.234737173,0.012553614,0.001384797,0.47403684,0.023755748,0.008588108,-0.019851329,0.000428408,0.001177937,0.149312247,-0.015575555,0.001156823,0.160265833,0.128889024,0.132774845,0.164151654,-0.132774845,-0.164151654,-0.160265833,-0.128889024,0.03671164,0.023755748,0.008588108
23.60612989,0.967692963,0.252131571,0,0,0.509764721,0,0,0.972124398,0.234125495,0.012553072,0.001384802,0.472778175,0.023760093,0.008572913,-0.02001971,-0.002071262,0.002326816,0.148185998,-0.016301524,0.001749119,0.163730934,0.132579848,0.134893492,0.166044578,-0.134893492,-0.166044578,-0.163730934,-0.132579848,0.036986546,0.023760093,0.008572913
23.65649986,0.967821366,0.25163824,0,0,0.508745185,0,0,0.972258866,0.233564734,0.012584011,0.001354079,0.471624405,0.023839561,0.008513915,-0.03220737,0.003337115,-0.000140071,0.147427135,-0.015681493,0.001546582,0.162738353,0.130135328,0.133633569,0.166236594,-0.133633569,-0.166236594,-0.162738353,-0.130135328,0.03712078,0.023839561,0.008513915
23.70580983,0.968021894,0.250865728,0,0,0.507148957,0,0,0.972391307,0.233012632,0.012593909,0.001292427,0.470487468,0.023892385,0.008385061,-0.025640428,0.002207607,-0.002296269,0.149731293,-0.017147167,0.001978477,0.161562011,0.13019903,0.133292198,0.164655164,-0.133292198,-0.164655164,-0.161562011,-0.13019903,0.036661489,0.023892385,0.008385061
23.75697994,0.968303859,0.249775172,0,0,0.504896121,0,0,0.972513616,0.232502311,0.012584828,0.0012155,0.469435943,0.023914901,0.008218626,-0.024379792,-0.000156462,-0.004372001,0.148050946,-0.016799634,0.002408831,0.164899945,0.130605623,0.134562582,0.168856889,-0.134562582,-0.168856889,-0.164899945,-0.130605623,0.035460178,0.023914901,0.008218626
23.80449987,0.968451009,0.249204017,0,0,0.50371651,0,0,0.972701192,0.23172015,0.012535899,0.00105315,0.467822805,0.023901569,0.007860766,-0.007137658,-0.003163517,-0.00372231,0.146223071,-0.014662086,0.00256508,0.162441701,0.128842458,0.133660123,0.167259365,-0.133660123,-0.167259365,-0.162441701,-0.128842458,0.035893705,0.023901569,0.007860766
23.85923982,0.968602218,0.248615655,0,0,0.502501547,0,0,0.972765386,0.231451198,0.012529047,0.00100124,0.467268475,0.023914447,0.007749961,-0.009076297,-0.004146994,-0.002451241,0.143604637,-0.015136874,0.002909721,0.15832004,0.12899588,0.134126037,0.163450196,-0.134126037,-0.163450196,-0.15832004,-0.12899588,0.035233072,0.023914447,0.007749961
23.91303992,0.968757442,0.248010119,0,0,0.501251316,0,0,0.972807586,0.231275722,0.012494446,0.000922914,0.466905311,0.023884759,0.007577192,-0.003348291,-0.006523728,-0.001095235,0.142433348,-0.014899468,0.002733313,0.155831754,0.125558019,0.131377459,0.161651194,-0.131377459,-0.161651194,-0.155831754,-0.125558019,0.034346005,0.023884759,0.007577192
23.99920988,0.969079765,0.246747661,0,0,0.498645406,0,0,0.972859979,0.231054485,0.012512869,0.000950525,0.466451336,0.023909567,0.007634019,-0.008244812,0.008340926,0.001423806,0.139112776,-0.015737371,0.001635074,0.154599458,0.124800548,0.130267173,0.160066083,-0.130267173,-0.160066083,-0.154599458,-0.124800548,0.03219407,0.023909567,0.007634019
24.06680989,0.969592262,0.244726064,0,0,0.49447431,0,0,0.9729442,0.230696961,0.012545704,0.00108581,0.465719901,0.023913831,0.007903719,-0.012867154,-0.000622868,0.006680936,0.139762834,-0.015491984,0.001486834,0.153215036,0.121740311,0.125010461,0.156485185,-0.125010461,-0.156485185,-0.153215036,-0.121740311,0.028754409,0.023913831,0.007903719
24.13815999,0.969770642,0.244018242,0,0,0.493014405,0,0,0.973046958,0.230259538,0.012594324,0.001264204,0.464825526,0.023929829,0.008262645,-0.015711786,0.00300929,0.003000349,0.13814857,-0.015853425,0.001803781,0.153767943,0.122783996,0.125757664,0.156741619,-0.125757664,-0.156741619,-0.153767943,-0.122783996,0.028188879,0.023929829,0.008262645
24.20773983,0.97004512,0.242924814,0,0,0.490759701,0,0,0.973267376,0.229318962,0.012689989,0.001621924,0.462901975,0.023959916,0.008979937,-0.028273463,0.005995483,0.008187443,0.139898158,-0.016985803,0.001451655,0.152198181,0.120491341,0.124098904,0.155805737,-0.124098904,-0.155805737,-0.152198181,-0.120491341,0.027857726,0.023959916,0.008979937
24.25456,0.970423718,0.24140797,0,0,0.487632943,0,0,0.973419368,0.228668079,0.012740128,0.001825693,0.461569966,0.023970314,0.009383684,-0.03691316,0.006449969,0.008613617,0.140951912,-0.018087764,0.0001522,0.155432269,0.121460676,0.124363989,0.158335581,-0.124363989,-0.158335581,-0.155432269,-0.121460676,0.026062977,0.023970314,0.009383684
24.30061984,0.970618311,0.240624386,0,0,0.486018172,0,0,0.973657787,0.227644712,0.012812715,0.002069197,0.459474225,0.024010622,0.009865876,-0.047911696,0.008579344,0.012540073,0.142254445,-0.018394204,-0.000160457,0.158887431,0.122711927,0.123016328,0.159191832,-0.123016328,-0.159191832,-0.158887431,-0.122711927,0.026543947,0.024010622,0.009865876
24.34841991,0.970816361,0.239824087,0,0,0.484369292,0,0,0.973899186,0.226604238,0.012875398,0.002268295,0.457342733,0.024052987,0.010256568,-0.053320825,0.002235919,0.009014458,0.144251445,-0.019173721,-0.001102208,0.16080907,0.124020681,0.123699762,0.160488144,-0.123699762,-0.160488144,-0.16080907,-0.124020681,0.027026559,0.024052987,0.010256568
24.39477992,0.971017815,0.239007121,0,0,0.482686416,0,0,0.974192083,0.225337505,0.01292612,0.002457327,0.454746675,0.024079912,0.010616569,-0.071059175,0.007653981,0.005998462,0.145039856,-0.017789336,-0.000731333,0.164527327,0.126179919,0.123975493,0.162322909,-0.123975493,-0.162322909,-0.164527327,-0.126179919,0.027939741,0.024079912,0.010616569
24.45010996,0.971222615,0.238173534,0,0,0.480969664,0,0,0.974915266,0.222177014,0.013061619,0.00268736,0.448268026,0.024276184,0.011047357,-0.069145858,0.003600866,0.006122142,0.148555587,-0.019356414,-0.000466757,0.16356048,0.127981827,0.126519173,0.162097812,-0.126519173,-0.162097812,-0.16356048,-0.127981827,0.032701638,0.024276184,0.011047357
24.49761987,0.971535966,0.236892099,0,0,0.478331282,0,0,0.975199342,0.220924571,0.013082027,0.002729036,0.445700203,0.02431174,0.0111065,-0.059866901,0.002617388,0.001544505,0.148189395,-0.018486482,-0.000665519,0.168378711,0.129665911,0.128732398,0.167445198,-0.128732398,-0.167445198,-0.168378711,-0.129665911,0.032631079,0.02431174,0.0111065
24.53245998,0.971856524,0.235573548,0,0,0.475617365,0,0,0.975199342,0.220924571,0.013082027,0.002729036,0.445700203,0.02431174,0.0111065,-0.059866901,0.002617388,0.001544505,0.146810112,-0.018262657,-1.14E-05,0.167341352,0.130368412,0.129037365,0.16601032,-0.129037365,-0.16601032,-0.167341352,-0.130368412,0.029917162,0.02431174,0.0111065
24.56469989,0.971964944,0.235125813,0,0,0.474696015,0,0,0.975456953,0.219785035,0.013082467,0.002701103,0.443362548,0.024337841,0.011023766,-0.054308776,-0.005090237,-0.003261864,0.14530791,-0.018279873,-3.51E-05,0.165084079,0.128558785,0.12853609,0.16506137,-0.12853609,-0.16506137,-0.165084079,-0.128558785,0.031333467,0.024337841,0.011023766
24.59857989,0.972184089,0.234218055,0,0,0.472828343,0,0,0.975694835,0.218728945,0.013077,0.002517911,0.441192987,0.024419267,0.010637433,-0.048197802,-0.005045532,-0.009593369,0.143751272,-0.016308231,0.000803486,0.163622871,0.12706314,0.126992896,0.163552612,-0.126992896,-0.163552612,-0.163622871,-0.12706314,0.031635356,0.024419267,0.010637433
24.64041996,0.972406257,0.233293958,0,0,0.470927487,0,0,0.975963831,0.217531264,0.013032571,0.002239715,0.438730741,0.024466659,0.01004492,-0.046715152,-0.004389883,-0.021064285,0.142044949,-0.016167912,0.002061236,0.156151578,0.123815782,0.127938256,0.160274059,-0.127938256,-0.160274059,-0.156151578,-0.123815782,0.032196746,0.024466659,0.01004492
24.66921997,0.972406257,0.233293958,0,0,0.470927487,0,0,0.976139724,0.21674563,0.01300001,0.001891979,0.437112159,0.024561965,0.009332012,-0.033882264,-0.008647145,-0.010466576,0.141372441,-0.016127383,0.004276411,0.156151578,0.123815782,0.127938256,0.160274059,-0.127938256,-0.160274059,-0.156151578,-0.123815782,0.033815328,0.024561965,0.009332012
24.70325995,0.972631387,0.232353577,0,0,0.46899358,0,0,0.976139724,0.21674563,0.01300001,0.001891979,0.437112159,0.024561965,0.009332012,-0.033882264,-0.008647145,-0.010466576,0.139129903,-0.014801428,0.002920276,0.153223366,0.120968625,0.129521444,0.1617762,-0.129521444,-0.1617762,-0.153223366,-0.120968625,0.031881421,0.024561965,0.009332012
24.74774981,0.972974498,0.230912595,0,0,0.466031045,0,0,0.976279795,0.216120601,0.012937755,0.0015429,0.435822243,0.02459731,0.008607545,-0.030180812,-0.00833571,-0.017644467,0.137644443,-0.014636092,0.004499072,0.147781417,0.118509255,0.127507403,0.156779572,-0.127507403,-0.156779572,-0.147781417,-0.118509255,0.030208802,0.02459731,0.008607545
24.80322981,0.973441754,0.228934822,0,0,0.461966605,0,0,0.976561844,0.214857593,0.012766565,0.00056638,0.433209357,0.024693805,0.006594255,-0.026381018,-0.003941357,-0.014573336,0.136570763,-0.01489438,0.005028517,0.147781417,0.118509255,0.127507403,0.156779572,-0.127507403,-0.156779572,-0.147781417,-0.118509255,0.028757248,0.024693805,0.006594255
24.85207987,0.973679425,0.227921868,0,0,0.459885679,0,0,0.976676166,0.21434319,0.012680759,0.000237587,0.432146751,0.024670637,0.005901989,-0.025686622,-0.002841652,-0.015643241,0.133709804,-0.015192327,0.005026216,0.143875882,0.113491237,0.123543672,0.15392831,-0.123543672,-0.15392831,-0.143875882,-0.113491237,0.027738928,0.024670637,0.005901989
24.90531993,0.973919704,0.22689295,0,0,0.457772477,0,0,0.976819158,0.213694364,0.012614526,-0.000128532,0.430808556,0.024701664,0.005141792,-0.039508943,-0.004610419,-0.017894804,0.132700165,-0.015268659,0.005554886,0.143875882,0.113491237,0.123543672,0.15392831,-0.123543672,-0.15392831,-0.143875882,-0.113491237,0.026963921,0.024701664,0.005141792
24.95644999,0.974162523,0.22584813,0,0,0.455627147,0,0,0.976983905,0.21294418,0.012532786,-0.000480873,0.42926313,0.024695968,0.004399313,-0.041867793,-0.007838012,-0.015170873,0.134786587,-0.014729565,0.006327588,0.142413899,0.111876599,0.122986369,0.153523669,-0.122986369,-0.153523669,-0.142413899,-0.111876599,0.026364017,0.024695968,0.004399313
25.0076499,0.974531369,0.224251222,0,0,0.452349242,0,0,0.97718215,0.212033868,0.012493349,-0.000841349,0.42739064,0.024775876,0.003654852,-0.049637262,-0.001724064,-0.019104779,0.13668098,-0.01512377,0.007314296,0.143188521,0.113729417,0.126384586,0.155843705,-0.126384586,-0.155843705,-0.143188521,-0.113729417,0.024958602,0.024775876,0.003654852
25.06808996,0.97503142,0.222066948,0,0,0.447867678,0,0,0.977736592,0.209463015,0.012401008,-0.00161905,0.422110331,0.024930683,0.002029728,-0.063861907,-0.009073316,-0.013805926,0.137302545,-0.01433624,0.007639375,0.144490421,0.114242896,0.128871486,0.15911901,-0.128871486,-0.15911901,-0.144490421,-0.114242896,0.025757347,0.024930683,0.002029728
25.10185981,0.97503142,0.222066948,0,0,0.447867678,0,0,0.978042126,0.208034113,0.012327861,-0.001887836,0.419180288,0.024902374,0.001436911,-0.08042603,-0.006747246,-0.011436642,0.138667212,-0.013061122,0.007301227,0.143999368,0.115326911,0.130605653,0.159278125,-0.130605653,-0.159278125,-0.143999368,-0.115326911,0.02868739,0.024902374,0.001436911
25.16158986,0.975540397,0.219820233,0,0,0.443260384,0,0,0.978370011,0.206489533,0.012248725,-0.002126799,0.416015301,0.024848441,0.000897151,-0.072923288,-0.010047852,-0.010472534,0.139811996,-0.013621163,0.007152969,0.144427076,0.118304841,0.132907301,0.159029528,-0.132907301,-0.159029528,-0.144427076,-0.118304841,0.027245083,0.024848441,0.000897151
25.20939994,0.975798055,0.21867363,0,0,0.440909992,0,0,0.978788137,0.204495519,0.012229427,-0.002436178,0.41193198,0.024938993,0.000232794,-0.080598898,-0.001500547,-0.007350743,0.137841488,-0.012566911,0.007250521,0.146280155,0.119037837,0.133343786,0.160586089,-0.133343786,-0.160586089,-0.146280155,-0.119037837,0.028978012,0.024938993,0.000232794
25.2586999,0.976057731,0.217511623,0,0,0.438528655,0,0,0.979127467,0.202860683,0.012260132,-0.002641073,0.408586974,0.025082626,-0.00019776,-0.08327961,0.001467019,-0.00910461,0.139309608,-0.014578746,0.007053577,0.14315784,0.118024036,0.132525072,0.157658875,-0.132525072,-0.157658875,-0.14315784,-0.118024036,0.029941681,0.025082626,0.00019776
25.30597997,0.976319352,0.216334284,0,0,0.43611654,0,0,0.979452848,0.201277077,0.01232756,-0.002836473,0.405348309,0.02529305,-0.000594062,-0.078827143,0.008463115,-0.011482836,0.138583152,-0.016948048,0.00796033,0.146834731,0.117677264,0.131784409,0.160941899,-0.131784409,-0.160941899,-0.146834731,-0.117677264,0.030768231,0.02529305,0.000594062
25.35072994,0.976715273,0.214539684,0,0,0.432441032,0,0,0.979762435,0.199752077,0.012477898,-0.003018724,0.402231421,0.025659556,-0.000930598,-0.074863441,0.000488013,-0.008054078,0.138164494,-0.015119239,0.007890312,0.147570834,0.113674752,0.129595414,0.163491488,-0.129595414,-0.163491488,-0.147570834,-0.113674752,0.030209611,0.025659556,0.000930598
25.4007299,0.977115158,0.212710998,0,0,0.428697236,0,0,0.980359375,0.196804985,0.012489366,-0.002751642,0.396222854,0.02557399,-0.000479414,-0.057515506,0.006578118,0.007408113,0.135826958,-0.015962481,0.005252001,0.146537393,0.114612453,0.125116453,0.157041401,-0.125116453,-0.157041401,-0.146537393,-0.114612453,0.032474382,0.02557399,0.000479414
25.46013999,0.977518756,0.210848479,0,0,0.424885743,0,0,0.980587184,0.195662767,0.012574528,-0.002617965,0.393896621,0.025688142,-0.000213623,-0.053705286,0.005646796,0.004623087,0.131462492,-0.016674304,0.004928615,0.146537393,0.114612453,0.125116453,0.157041401,-0.125116453,-0.157041401,-0.146537393,-0.114612453,0.030989122,0.025688142,0.000213623
25.50681997,0.97778976,0.209588133,0,0,0.422307436,0,0,0.980780244,0.194680959,0.012765518,-0.002563575,0.391897226,0.026041436,-5.82E-05,-0.053945191,0.004043431,0.004633516,0.129909129,-0.016568923,0.005243445,0.143208146,0.109859556,0.119716786,0.153065369,-0.119716786,-0.153065369,-0.143208146,-0.109859556,0.03041021,0.026041436,0.0000582
25.5572598,0.978062226,0.208312944,0,0,0.41969949,0,0,0.981016636,0.193491831,0.012767248,-0.002104884,0.389483479,0.025867201,0.000811134,-0.038476292,0.004399568,0.016250463,0.129087218,-0.016436401,0.0052071,0.141234562,0.108096741,0.118583634,0.151721463,-0.118583634,-0.151721463,-0.141234562,-0.108096741,0.030216011,0.025867201,0.000811134
25.60474992,0.978336078,0.207022991,0,0,0.417062088,0,0,0.98116076,0.192758039,0.01282448,-0.001830319,0.38799474,0.02587426,0.001352823,-0.035913289,0.005888194,0.01199767,0.125109273,-0.016603172,0.002705995,0.140316486,0.107443698,0.117857896,0.150730684,-0.117857896,-0.150730684,-0.140316486,-0.107443698,0.029067348,0.02587426,0.001352823
25.6585598,0.978611239,0.205718356,0,0,0.414395415,0,0,0.981473863,0.19115597,0.012915196,-0.001323559,0.38474247,0.025860747,0.002340341,-0.042088334,0.008828193,0.00906512,0.125060846,-0.017968625,0.002440386,0.139006406,0.105800085,0.111212082,0.144418404,-0.111212082,-0.144418404,-0.139006406,-0.105800085,0.029652945,0.025860747,0.002340341
25.70677996,0.979026269,0.203734054,0,0,0.410340933,0,0,0.981708884,0.189938769,0.013037163,-0.001105755,0.382268834,0.026020378,0.002782412,-0.051772594,0.007750839,0.007712096,0.122797565,-0.018163576,0.002947854,0.140589043,0.104651816,0.109532587,0.145469815,-0.109532587,-0.145469815,-0.140589043,-0.104651816,0.028072099,0.026020378,0.002782412
25.75738001,0.979583504,0.201037703,0,0,0.404834273,0,0,0.98192811,0.188798338,0.013112186,-0.000923241,0.379950782,0.026102013,0.003139079,-0.06253124,0.00480488,0.008239597,0.123247684,-0.018170484,0.002909945,0.138013244,0.10168612,0.107581824,0.143908963,-0.107581824,-0.143908963,-0.138013244,-0.10168612,0.024883491,0.026102013,0.003139079
25.81168986,0.979863602,0.199668026,0,0,0.402038226,0,0,0.982192218,0.187415913,0.013160056,-0.000799726,0.377138693,0.02615415,0.003362994,-0.077158198,0.003515929,0.004097074,0.123837854,-0.017660135,0.002589938,0.138508186,0.102167241,0.107987128,0.144328073,-0.107987128,-0.144328073,-0.138508186,-0.102167241,0.024899533,0.02615415,0.003362994
25.86061001,0.980144583,0.198284131,0,0,0.399213963,0,0,0.982492864,0.185829893,0.013215015,-0.000745996,0.373911142,0.026247581,0.003446811,-0.078840554,0.006196648,0.002094358,0.126879028,-0.017512406,0.003133666,0.138908014,0.103587762,0.108767644,0.144087896,-0.108767644,-0.144087896,-0.138908014,-0.103587762,0.025302821,0.026247581,0.003446811
25.90540981,0.980426367,0.196886106,0,0,0.396361682,0,0,0.982906342,0.183627233,0.013262137,-0.000725626,0.369428623,0.026340405,0.003445336,-0.086541466,-0.000400841,0.001434237,0.126579859,-0.018257988,0.003390955,0.141257733,0.106232941,0.112500273,0.147525057,-0.112500273,-0.147525057,-0.141257733,-0.106232941,0.026933059,0.026340405,0.003445336
25.95820999,0.980708876,0.19547404,0,0,0.393481583,0,0,0.983651996,0.179585829,0.013313417,-0.000731573,0.361207516,0.026457383,0.003343753,-0.11433363,0.001888722,0.003468245,0.132776812,-0.01839981,0.003727646,0.141446859,0.1049309,0.111712806,0.148228765,-0.111712806,-0.148228765,-0.141446859,-0.1049309,0.032274067,0.026457383,0.003343753
26.00485993,0.981133826,0.193329812,0,0,0.389109719,0,0,0.984049916,0.177394554,0.013290355,-0.000751547,0.356751438,0.026426455,0.00323729,-0.118948527,0.001127273,-0.002637506,0.132684183,-0.017548725,0.003093607,0.147448942,0.11064934,0.118104629,0.154904231,-0.118104629,-0.154904231,-0.147448942,-0.11064934,0.032358281,0.026426455,0.00323729
26.05930996,0.981702222,0.190422548,0,0,0.383185106,0,0,0.984544277,0.174631655,0.013264422,-0.000782151,0.351135439,0.026395058,0.003093733,-0.11501313,0.004019588,0.000391155,0.133254996,-0.017335595,0.004114728,0.147139266,0.112041831,0.118229046,0.153326482,-0.118229046,-0.153326482,-0.147139266,-0.112041831,0.032049667,0.026395058,0.003093733
26.10589981,0.981987011,0.188948431,0,0,0.380182355,0,0,0.984923661,0.172482073,0.013221095,-0.000817208,0.346767477,0.026328484,0.002952056,-0.10888578,-0.005479158,-0.002080203,0.13156314,-0.017948876,0.003602062,0.146475822,0.111804649,0.120034106,0.154705286,-0.120034106,-0.154705286,-0.146475822,-0.111804649,0.033414878,0.026328484,0.002952056
26.15791989,0.982272088,0.187460783,0,0,0.377152922,0,0,0.985289872,0.170382187,0.013166863,-0.000826993,0.342502569,0.026231165,0.002858129,-0.096671291,-0.003485382,0.000739843,0.129001677,-0.015530852,0.004037339,0.14590992,0.110012181,0.117216311,0.153114036,-0.117216311,-0.153114036,-0.14590992,-0.110012181,0.034650353,0.026231165,0.002858129
26.20034981,0.982557372,0.1859597,0,0,0.374097018,0,0,0.98561883,0.168474048,0.013093517,-0.000836043,0.338628248,0.026095096,0.002764741,-0.089165576,3.80E-05,0.000659376,0.126828136,-0.015825073,0.003556966,0.1390962,0.107446074,0.114560008,0.146210134,-0.114560008,-0.146210134,-0.1390962,-0.107446074,0.03546877,0.026095096,0.002764741
26.24938989,0.982842784,0.184445281,0,0,0.37101486,0,0,0.986051381,0.165934682,0.012951797,-0.000827658,0.33347428,0.025819815,0.002666971,-0.080151856,-0.002774596,0.000359863,0.124223238,-0.015552844,0.003564653,0.1390962,0.107446074,0.114560008,0.146210134,-0.114560008,-0.146210134,-0.1390962,-0.107446074,0.03754058,0.025819815,0.002666971
26.29719997,0.983128243,0.182917624,0,0,0.367906662,0,0,0.986301541,0.164448932,0.012864383,-0.000814056,0.330459948,0.025646866,0.002626125,-0.070048861,-0.003486872,0.002794713,0.119592639,-0.01522067,0.003082353,0.136211395,0.10510572,0.112235025,0.143340692,-0.112235025,-0.143340692,-0.136211395,-0.10510572,0.037446714,0.025646866,0.002626125
26.36302996,0.983841573,0.179041223,0,0,0.360023682,0,0,0.986780822,0.161549807,0.012840969,-0.000792996,0.32458192,0.025601452,0.002584735,-0.085784495,0.021166354,-0.015778841,0.117801699,-0.015545855,0.002917478,0.131730914,0.1012896,0.107454307,0.137895629,-0.107454307,-0.137895629,-0.131730914,-0.1012896,0.035441762,0.025601452,0.002584735
26.41444993,0.984268951,0.17667663,0,0,0.35521787,0,0,0.987045169,0.159884036,0.013345396,-0.001048382,0.321204672,0.026683416,0.002198614,-0.085264452,0.020513685,-0.014276803,0.121082085,-0.021376401,0.00607812,0.130430043,0.099338353,0.105173305,0.136264995,-0.105173305,-0.136264995,-0.130430043,-0.099338353,0.034013198,0.026683416,0.002198614
26.45553994,0.984411248,0.17588205,0,0,0.353603429,0,0,0.987386227,0.157709971,0.013944807,-0.001310258,0.316798974,0.027954739,0.001811718,-0.088313222,0.026301296,-0.017909706,0.11928299,-0.021804279,0.006197499,0.13638033,0.09362755,0.10578379,0.148536563,-0.10578379,-0.148536563,-0.13638033,-0.09362755,0.036804455,0.027954739,0.001811718
26.50226999,0.984695535,0.174283398,0,0,0.350355964,0,0,0.987659216,0.155947059,0.014409678,-0.001559399,0.313225948,0.028954107,0.001414577,-0.088205934,0.01941547,-0.016823411,0.118474621,-0.023946504,0.007190573,0.134889737,0.091281198,0.1036762,0.147284731,-0.1036762,-0.147284731,-0.134889737,-0.091281198,0.037130016,0.028954107,0.001414577
26.5492599,0.98497935,0.172672177,0,0,0.34708391,0,0,0.987933755,0.154156059,0.014822877,-0.001822037,0.309595745,0.029854225,0.000970402,-0.085769609,0.020039828,-0.016921759,0.117218102,-0.023369414,0.007782136,0.132805347,0.086066544,0.101630814,0.14836961,-0.101630814,-0.14836961,-0.132805347,-0.086066544,0.037488165,0.029854225,0.000970402
26.59697986,0.985262611,0.171048494,0,0,0.343787496,0,0,0.988229215,0.152214721,0.015153401,-0.002052879,0.30566194,0.030579785,0.00055597,-0.107996173,0.00044927,-0.011488796,0.121027358,-0.019024914,0.007200419,0.132805347,0.086066544,0.101630814,0.14836961,-0.101630814,-0.14836961,-0.132805347,-0.086066544,0.038125556,0.030579785,0.00055597
26.65170002,0.985827156,0.167764172,0,0,0.337122516,0,0,0.988897145,0.14779976,0.015267552,-0.002184809,0.296724943,0.030846791,0.000192069,-0.091969967,0.002635271,-0.004465878,0.117995356,-0.01890977,0.005838369,0.132851809,0.094802007,0.109202847,0.147252649,-0.109202847,-0.147252649,-0.132851809,-0.094802007,0.040397573,0.030846791,0.000192069
26.70272994,0.986248522,0.165269029,0,0,0.332061571,0,0,0.989179194,0.145898908,0.015284024,-0.002167814,0.29288084,0.030874738,0.000171213,-0.094543405,0.000565499,0.000991672,0.116544941,-0.01955946,0.006152884,0.131066725,0.093247205,0.104923941,0.142743453,-0.104923941,-0.142743453,-0.131066725,-0.093247205,0.039180731,0.030874738,0.000171213
26.7586,0.986528312,0.163590617,0,0,0.328658426,0,0,0.989454508,0.144022509,0.015254514,-0.00215686,0.289086705,0.030813443,0.000125816,-0.095079839,6.48E-05,0.002438575,0.115376615,-0.019106553,0.005177134,0.129306003,0.091092914,0.10144718,0.139660269,-0.10144718,-0.139660269,-0.129306003,-0.091092914,0.039571721,0.030813443,0.000125816
26.79760981,0.986807112,0.161900351,0,0,0.325232215,0,0,0.989785016,0.141739979,0.015209067,-0.002057631,0.284475211,0.030695525,0.000238353,-0.087594971,-0.008414685,0.002480298,0.113753511,-0.018961991,0.004873129,0.129306003,0.091092914,0.10144718,0.139660269,-0.10144718,-0.139660269,-0.129306003,-0.091092914,0.040757004,0.030695525,0.000238353
26.84736991,0.987084845,0.160198344,0,0,0.321783178,0,0,0.99003762,0.139971197,0.015160518,-0.001983928,0.280902505,0.030579111,0.000315892,-0.084871054,-0.002911687,0.001587719,0.112504021,-0.016731852,0.004743129,0.124492712,0.091029026,0.100515284,0.133978963,-0.100515284,-0.133978963,-0.124492712,-0.091029026,0.040880673,0.030579111,0.000315892
26.89684987,0.987499271,0.157623572,0,0,0.316567354,0,0,0.990283608,0.138229892,0.015075128,-0.00191125,0.277385891,0.030390364,0.000382485,-0.087079391,-0.003570318,0.007075815,0.112473584,-0.017783433,0.003735747,0.12652123,0.090954393,0.09842588,0.133992732,-0.09842588,-0.133992732,-0.12652123,-0.090954393,0.039181463,0.030390364,0.000382485
26.96333003,0.988047374,0.154150533,0,0,0.309535304,0,0,0.990896225,0.133801296,0.014800003,-0.001715137,0.268445898,0.029793914,0.000561723,-0.087425113,-0.001847744,0.006758423,0.109950968,-0.01641202,0.003675295,0.12652123,0.090954393,0.09842588,0.133992732,-0.09842588,-0.133992732,-0.12652123,-0.090954393,0.041089406,0.029793914,0.000561723
27.01221991,0.988319338,0.152397131,0,0,0.305986568,0,0,0.991137028,0.132022068,0.014664741,-0.001635093,0.26485555,0.029505549,0.000631211,-0.095044076,-0.004085899,0.003504009,0.108375503,-0.017930328,0.003401605,0.12268766,0.089863636,0.097214229,0.130038247,-0.097214229,-0.130038247,-0.12268766,-0.089863636,0.041131018,0.029505549,0.000631211
27.06395984,0.988589808,0.150632636,0,0,0.302416358,0,0,0.991374731,0.130243167,0.014516101,-0.001521421,0.261267593,0.029182238,0.000764975,-0.088338546,-0.010693071,0.008820743,0.108041304,-0.01726939,0.003785778,0.122904189,0.087043554,0.093846768,0.129707396,-0.093846768,-0.129707396,-0.122904189,-0.087043554,0.041148765,0.029182238,0.000764975
27.10747981,0.988858708,0.148857166,0,0,0.298824923,0,0,0.991608739,0.128470838,0.014342691,-0.001412002,0.257693391,0.028811453,0.000885296,-0.083449483,-0.010459126,0.005263835,0.106647874,-0.015392964,0.002728005,0.121524885,0.086986125,0.09455768,0.129096434,-0.09455768,-0.129096434,-0.121524885,-0.086986125,0.041131532,0.028811453,0.000885296
27.15746999,0.989125961,0.147070843,0,0,0.295212515,0,0,0.991899371,0.126232326,0.014134058,-0.001268224,0.253180511,0.028363101,0.001052872,-0.090895601,-0.005279481,0.010214001,0.105508371,-0.016330543,0.002059551,0.1193128,0.08852689,0.093982898,0.124768808,-0.093982898,-0.124768808,-0.1193128,-0.08852689,0.042032004,0.028363101,0.001052872
27.19811988,0.989391492,0.145273792,0,0,0.291579389,0,0,0.992140174,0.124346927,0.013960665,-0.001075928,0.249382484,0.027973088,0.001337512,-0.099614263,-0.011356176,0.014284999,0.106357344,-0.014688108,0.001088616,0.119779333,0.087118261,0.091237366,0.123898432,-0.091237366,-0.123898432,-0.119779333,-0.087118261,0.042196905,0.027973088,0.001337512
27.25299001,0.990047297,0.140735037,0,0,0.282407603,0,0,0.992648721,0.120261982,0.013618637,-0.000549341,0.241159734,0.027172513,0.00218581,-0.103674836,-0.007964671,0.016517192,0.105682415,-0.01602781,0.00113444,0.120575756,0.088520154,0.090789035,0.122844629,-0.090789035,-0.122844629,-0.120575756,-0.088520154,0.041247869,0.027172513,0.00218581
27.30571985,0.990306214,0.138901414,0,0,0.278703977,0,0,0.992989063,0.117450207,0.013351898,-0.000199093,0.235501351,0.026566465,0.002741942,-0.11096897,-0.008569658,0.01337752,0.105491828,-0.015223594,-4.24E-05,0.120575756,0.088520154,0.090789035,0.122844629,-0.090789035,-0.122844629,-0.120575756,-0.088520154,0.043202626,0.026566465,0.002741942
27.36166001,0.990563076,0.137057627,0,0,0.274980791,0,0,0.993266821,0.11509984,0.013166016,4.59E-05,0.230771899,0.026147144,0.003123023,-0.117385395,-0.010384619,0.008589775,0.10553995,-0.01483552,-2.37E-05,0.120757818,0.090310648,0.090225793,0.120672964,-0.090225793,-0.120672964,-0.120757818,-0.090310648,0.044208892,0.026147144,0.003123023
27.40937996,0.990817809,0.135203804,0,0,0.271238305,0,0,0.993543446,0.112710558,0.01296188,0.000214483,0.225963233,0.025710858,0.003349189,-0.123240069,-0.010398033,0.007712097,0.104127358,-0.014229854,0.000400895,0.120399125,0.090728104,0.090680726,0.120351754,-0.090680726,-0.120351754,-0.120399125,-0.090728104,0.045275072,0.025710858,0.003349189
27.4526999,0.991070343,0.133340075,0,0,0.267476784,0,0,0.993812978,0.110334054,0.012741013,0.000350133,0.221180601,0.025249781,0.003508593,-0.115345418,-0.011032821,0.011185557,0.104607414,-0.01402186,0.000284252,0.117956288,0.089496598,0.090298384,0.118758075,-0.090298384,-0.118758075,-0.117956288,-0.089496598,0.046296183,0.025249781,0.003508593
27.50100994,0.991444862,0.130526191,0,0,0.261799385,0,0,0.994134605,0.107428528,0.012470699,0.000487097,0.21533435,0.024692953,0.003649018,-0.109380484,-0.00833571,0.00532493,0.10259247,-0.013814159,0.000264169,0.118344992,0.09030129,0.090869792,0.118913494,-0.090869792,-0.118913494,-0.118344992,-0.09030129,0.046465035,0.024692953,0.003649018
27.5597899,0.991935857,0.126740896,0,0,0.254165368,0,0,0.994615078,0.102890812,0.012421653,0.000424247,0.206204293,0.024624709,0.003401109,-0.113457449,-0.001235306,-0.001743436,0.10232587,-0.015844391,0.001558286,0.116142429,0.088514127,0.089042462,0.116670765,-0.089042462,-0.116670765,-0.116142429,-0.088514127,0.047961075,0.024624709,0.003401109
27.60746002,0.992297528,0.123877419,0,0,0.248392913,0,0,0.994833648,0.100758135,0.012399239,0.000387294,0.201914606,0.024594791,0.003270229,-0.10846556,0.002221018,-0.002524257,0.101811956,-0.015511347,0.001462508,0.116611943,0.084923178,0.088039748,0.119728513,-0.088039748,-0.119728513,-0.116611943,-0.084923178,0.046478307,0.024594791,0.003270229
27.65235996,0.992416787,0.122918349,0,0,0.24646,0,0,0.995146871,0.097610578,0.012441078,0.000259868,0.195584106,0.024713185,0.002946879,-0.103294857,0.00379309,-0.00423193,0.099888486,-0.01631199,0.001608021,0.11586076,0.084838085,0.087763101,0.118785776,-0.087763101,-0.118785776,-0.11586076,-0.084838085,0.050875894,0.024713185,0.002946879
27.70859003,0.99277055,0.120027641,0,0,0.24063545,0,0,0.99534291,0.095579058,0.012537511,0.000130188,0.191498583,0.024935941,0.002656638,-0.099401176,0.00685677,-0.010044874,0.097423764,-0.016704454,0.002017952,0.114592426,0.081968464,0.085184507,0.117808469,-0.085184507,-0.117808469,-0.114592426,-0.081968464,0.049136867,0.024935941,0.002656638
27.75357986,0.993002964,0.118089426,0,0,0.236731249,0,0,0.995525777,0.093639985,0.012657161,-1.00E-06,0.187599654,0.02520391,0.00236919,-0.09303987,0.007811934,-0.00859201,0.093569109,-0.017565281,0.003113498,0.112110235,0.078701347,0.082737252,0.11614614,-0.082737252,-0.11614614,-0.112110235,-0.078701347,0.049131595,0.02520391,0.00236919
27.80475998,0.99334628,0.115165831,0,0,0.23084388,0,0,0.995700598,0.091736399,0.012842211,-0.000170748,0.183772119,0.025608115,0.002016831,-0.093716368,0.006888061,-0.009119512,0.092359083,-0.017869588,0.003340162,0.108020864,0.072890319,0.079117313,0.114247859,-0.079117313,-0.114247859,-0.108020864,-0.072890319,0.047071761,0.025608115,0.002016831
27.86208987,0.993571524,0.113206123,0,0,0.226898659,0,0,0.99606204,0.087648757,0.013336284,-0.000641323,0.175552565,0.026683117,0.001060599,-0.092627116,0.009774417,-0.012171269,0.091138551,-0.019386234,0.003971348,0.10688848,0.071149319,0.077829644,0.113568805,-0.077829644,-0.113568805,-0.10688848,-0.071149319,0.051346094,0.026683117,0.001060599
27.91368985,0.993903783,0.110250942,0,0,0.220951055,0,0,0.996214867,0.085857794,0.013562324,-0.000879181,0.171950996,0.027176282,0.000577369,-0.08781106,0.00763163,-0.01295358,0.090115973,-0.019140978,0.004432928,0.106553406,0.067780964,0.075723656,0.114496104,-0.075723656,-0.114496104,-0.106553406,-0.067780964,0.049000059,0.027176282,0.000577369
27.95237994,0.994229124,0.107277441,0,0,0.214968561,0,0,0.996365368,0.084049486,0.013800682,-0.001167456,0.168313605,0.027700831,-6.55E-06,-0.09200871,0.015676768,-0.01808852,0.087964937,-0.01882403,0.004858935,0.104823992,0.066542059,0.075407915,0.113689847,-0.075407915,-0.113689847,-0.104823992,-0.066542059,0.046654956,0.027700831,0.00000655
27.99812985,0.994335997,0.106282286,0,0,0.212966806,0,0,0.996514201,0.08222302,0.014028494,-0.001487188,0.164639034,0.028207485,-0.00065734,-0.088781126,0.010602919,-0.015835462,0.087680011,-0.021148389,0.006067588,0.10193,0.064281963,0.07399983,0.111647874,-0.07399983,-0.111647874,-0.10193,-0.064281963,0.048327772,0.028207485,0.00065734
28.04869986,0.994651792,0.103285105,0,0,0.206939261,0,0,0.996696889,0.079925604,0.014281881,-0.001872292,0.160017648,0.028772663,-0.00144984,-0.090588629,0.009185821,-0.017318131,0.084793073,-0.020093903,0.006065583,0.102760777,0.060464025,0.072599202,0.114895955,-0.072599202,-0.114895955,-0.102760777,-0.060464025,0.046921613,0.028772663,0.00144984
28.10282994,0.994960191,0.10027073,0,0,0.200879038,0,0,0.996836126,0.078109019,0.014554258,-0.002212874,0.156362895,0.029366331,-0.002139032,-0.089226671,0.011951477,-0.019031763,0.082788345,-0.02099951,0.007490599,0.098821364,0.058633581,0.07076475,0.110952526,-0.07076475,-0.110952526,-0.098821364,-0.058633581,0.044516143,0.029366331,0.002139032
28.15482998,0.995161583,0.098251835,0,0,0.196821207,0,0,0.997110784,0.0744057,0.015032557,-0.002835138,0.148914532,0.03040483,-0.003418463,-0.091773279,0.011052937,-0.015941262,0.08161359,-0.020977196,0.007376036,0.096297227,0.05429823,0.069279432,0.111278422,-0.069279432,-0.111278422,-0.096297227,-0.05429823,0.047906675,0.03040483,0.003418463
28.20459986,0.995359544,0.096225661,0,0,0.192749562,0,0,0.997336984,0.071284726,0.015107279,-0.003070583,0.142646703,0.030576624,-0.003972842,-0.109452032,-0.004780293,-0.00564903,0.080967435,-0.021309104,0.007717409,0.095214717,0.053260352,0.068012424,0.109966792,-0.068012424,-0.109966792,-0.095214717,-0.053260352,0.050102859,0.030576624,0.003972842
28.25603986,0.995649928,0.093173072,0,0,0.186616821,0,0,0.997452736,0.069657318,0.015044306,-0.003117841,0.139381198,0.030451031,-0.00412583,-0.105595589,-0.005348027,-0.001631677,0.084060855,-0.017399606,0.006244046,0.094559103,0.051940918,0.067375734,0.10999392,-0.067375734,-0.10999392,-0.094559103,-0.051940918,0.047235623,0.030451031,0.00412583
28.30999994,0.996024577,0.089078849,0,0,0.178394159,0,0,0.997605443,0.067461051,0.014923725,-0.003149186,0.134975847,0.030205459,-0.004271711,-0.108380616,-0.004921854,0.001285225,0.079798586,-0.017181636,0.005551706,0.095216386,0.060417194,0.072905287,0.107704483,-0.072905287,-0.107704483,-0.095216386,-0.060417194,0.043418312,0.030205459,0.004271711
28.35489989,0.996206412,0.087021743,0,0,0.174263903,0,0,0.997756243,0.065217681,0.014810611,-0.003142238,0.130477937,0.029969102,-0.00434051,-0.108218193,-0.005209446,-6.85E-05,0.078269659,-0.017163294,0.005033198,0.091428488,0.057065237,0.068168648,0.102531902,-0.068168648,-0.102531902,-0.091428488,-0.057065237,0.043785966,0.029969102,0.00434051
28.40587998,0.996384519,0.084958172,0,0,0.170121417,0,0,0.997972071,0.061870895,0.014623997,-0.003156483,0.123768288,0.029583582,-0.004492545,-0.107327104,-0.008268655,-0.001551211,0.076889062,-0.01596633,0.005207806,0.090399727,0.056073159,0.066139556,0.100466125,-0.066139556,-0.100466125,-0.090399727,-0.056073159,0.046353129,0.029583582,0.004492545
28.45562983,0.996558845,0.082888287,0,0,0.165966991,0,0,0.998224616,0.057727892,0.014301104,-0.003270331,0.115461846,0.028933039,-0.004879966,-0.093720838,-0.010262431,-0.004118681,0.07628688,-0.016127385,0.00542289,0.087647557,0.05571492,0.066130534,0.098063171,-0.066130534,-0.098063171,-0.087647557,-0.05571492,0.050505145,0.028933039,0.004879966
28.50443983,0.996729342,0.08081224,0,0,0.161800917,0,0,0.998339534,0.055676755,0.014362765,-0.003462614,0.111346017,0.0290675,-0.005316656,-0.101047754,0.006883592,-0.017096102,0.073833737,-0.014894142,0.005959401,0.086991347,0.054736596,0.06558238,0.097837128,-0.06558238,-0.097837128,-0.086991347,-0.054736596,0.0504549,0.0290675,0.005316656
28.55514002,0.996895962,0.078730182,0,0,0.157623487,0,0,0.998471618,0.053182304,0.014559554,-0.003798438,0.106337819,0.029482883,-0.006039303,-0.094656631,0.01214668,-0.0112772,0.07380308,-0.019393492,0.008339641,0.082768455,0.052980185,0.06489899,0.094687253,-0.06489899,-0.094687253,-0.082768455,-0.052980185,0.051285668,0.029482883,0.006039303
28.60444999,0.997138516,0.075596158,0,0,0.151336692,0,0,0.998565912,0.051331852,0.01466684,-0.00401952,0.102623799,0.029708639,-0.006524684,-0.090537973,0.004505367,-0.009958446,0.069836264,-0.02096839,0.007724568,0.084856905,0.046069942,0.062749222,0.101536185,-0.062749222,-0.101536185,-0.084856905,-0.046069942,0.048712893,0.029708639,0.006524684
28.65517998,0.997447917,0.071397848,0,0,0.142917297,0,0,0.998651922,0.049595416,0.014737714,-0.004192843,0.099139948,0.029856016,-0.006915672,-0.084811457,0.002299994,-0.008364022,0.066624879,-0.01912214,0.007744887,0.083080061,0.041143302,0.056592438,0.098529197,-0.056592438,-0.098529197,-0.083080061,-0.041143302,0.043777349,0.029856016,0.006915672
28.70538998,0.997596516,0.069290636,0,0,0.138692405,0,0,0.998732567,0.047886651,0.014864337,-0.004379559,0.09571111,0.030114991,-0.007327798,-0.088602312,0.014825913,-0.019361079,0.064136225,-0.018616834,0.007665949,0.078002103,0.039757848,0.055247623,0.093491882,-0.055247623,-0.093491882,-0.078002103,-0.039757848,0.042981295,0.030114991,0.007327798
28.75277996,0.997740989,0.067178259,0,0,0.13445778,0,0,0.998827219,0.04568002,0.015322411,-0.00479524,0.091276555,0.031051957,-0.008183411,-0.086216629,0.018999727,-0.018075109,0.06426334,-0.023622339,0.010053137,0.075087085,0.037853438,0.053185336,0.09041898,-0.053185336,-0.09041898,-0.075087085,-0.037853438,0.043181225,0.031051957,0.008183411
28.80523992,0.997881297,0.065060872,0,0,0.130213718,0,0,0.998964727,0.042372447,0.015728945,-0.005173575,0.084638343,0.031869147,-0.009008185,-0.090184815,-0.016416609,0.009555371,0.061468227,-0.023025637,0.00895879,0.077832513,0.030587863,0.050694138,0.097938791,-0.050694138,-0.097938791,-0.077832513,-0.030587863,0.045575375,0.031869147,0.009008185
28.85549998,0.998017399,0.062938631,0,0,0.125960517,0,0,0.999043107,0.04059111,0.015491785,-0.005032365,0.081077247,0.031367602,-0.008801885,-0.086176403,-0.0102669,0.009956212,0.060067408,-0.014974139,0.005773081,0.075535044,0.029483801,0.04740138,0.093452625,-0.04740138,-0.093452625,-0.075535044,-0.029483801,0.04488327,0.031367602,0.008801885
28.90040994,0.998149256,0.060811694,0,0,0.121698476,0,0,0.999152601,0.038000967,0.015100633,-0.004693269,0.075904003,0.030537115,-0.008234839,-0.085334487,-0.015455484,0.015517327,0.057942922,-0.016294986,0.005484005,0.069268443,0.039320182,0.050866343,0.080814607,-0.050866343,-0.080814607,-0.069268443,-0.039320182,0.045794473,0.030537115,0.008234839
28.95601988,0.998460086,0.055474837,0,0,0.11100666,0,0,0.99922049,0.036294445,0.014880073,-0.004462001,0.072495722,0.030065363,-0.00784054,-0.088502474,-0.001549721,0.00826046,0.056883535,-0.014488671,0.004068582,0.068753883,0.036163926,0.047131937,0.07972189,-0.047131937,-0.07972189,-0.068753883,-0.036163926,0.038510938,0.030065363,0.00784054
29.00284982,0.998576799,0.053332703,0,0,0.106716037,0,0,0.999284029,0.034546025,0.014826263,-0.004274498,0.06900145,0.029931096,-0.007521938,-0.090874739,-0.001135468,0.010391324,0.055077689,-0.017876974,0.004938167,0.067303605,0.038326278,0.046463441,0.075440764,-0.046463441,-0.075440764,-0.067303605,-0.038326278,0.037714587,0.029931096,0.007521938
29.05412984,0.998689108,0.051186584,0,0,0.102417925,0,0,0.999341786,0.032900922,0.014738025,-0.004044781,0.065715608,0.02972718,-0.007117653,-0.077249117,-0.002428889,0.014124067,0.051168853,-0.017482181,0.003378728,0.068016469,0.032262545,0.042138882,0.07789281,-0.042138882,-0.07789281,-0.068016469,-0.032262545,0.036702317,0.02972718,0.007117653
29.10433984,0.99879698,0.049036639,0,0,0.098112624,0,0,0.99945426,0.029505577,0.014460206,-0.003447311,0.058938305,0.02911216,-0.006040141,-0.065384813,-0.006441772,0.013893098,0.051129875,-0.017269136,0.002977998,0.065272287,0.030307943,0.037065402,0.07202974,-0.037065402,-0.07202974,-0.065272287,-0.030307943,0.039174319,0.02911216,0.006040141
29.15122986,0.998900386,0.046883027,0,0,0.093800438,0,0,0.999497771,0.028053001,0.014398037,-0.003214684,0.05603805,0.028966013,-0.005620708,-0.084374845,0.010647625,0.005406887,0.045312008,-0.016105923,0.002593754,0.065420993,0.03088274,0.036838736,0.071376987,-0.036838736,-0.071376987,-0.065420993,-0.03088274,0.037762388,0.028966013,0.005620708
29.19931984,0.998999296,0.044725909,0,0,0.089481668,0,0,0.999538243,0.026436605,0.014657319,-0.003106089,0.052805191,0.029469593,-0.005436718,-0.078283258,0.011690707,0.005944818,0.047265191,-0.02057396,0.003683575,0.058824155,0.02661233,0.031799838,0.064011663,-0.031799838,-0.064011663,-0.058824155,-0.02661233,0.036676477,0.029469593,0.005436718
29.25893998,0.999226716,0.039318828,0,0,0.078657932,0,0,0.999575555,0.024885966,0.014860871,-0.00296504,0.049705282,0.029861133,-0.005190245,-0.079828486,0.008574873,0.006798655,0.044588981,-0.021174838,0.003438715,0.064155556,0.023007657,0.030374808,0.071522705,-0.030374808,-0.071522705,-0.064155556,-0.023007657,0.02895265,0.029861133,0.005190245
29.30891991,0.999349425,0.036065589,0,0,0.072146825,0,0,0.999611855,0.02340956,0.014852471,-0.002779631,0.046756195,0.029827969,-0.004863907,0.010455401,-0.039246678,0.00557825,0.043441656,-0.020632097,0.003093023,0.062325083,0.019975431,0.026852861,0.069202513,-0.026852861,-0.069202513,-0.062325083,-0.019975431,0.02539063,0.029827969,0.004863907
29.35088992,0.99938802,0.034979799,0,0,0.069973873,0,0,0.99960804,0.024187071,0.013862567,-0.002583585,0.04832107,0.02784284,-0.004496313,-0.011350215,-0.0067994,0.001422316,0.026316306,-0.015259497,0.003489069,0.060980707,0.019716538,0.025902586,0.067166753,-0.025902586,-0.067166753,-0.060980707,-0.019716538,0.021652803,0.02784284,0.004496313
29.40404988,0.999461729,0.032806275,0,0,0.065624325,0,0,0.999638617,0.022493562,0.014416849,-0.00298286,0.04491879,0.028961515,-0.005317246,-0.04126877,0.013356658,-0.011853875,0.029352074,-0.022394549,0.005415184,0.03808672,0.007567743,0.01454588,0.045064855,-0.01454588,-0.045064855,-0.03808672,-0.007567743,0.020705535,0.028961515,0.005317246
29.45024991,0.999530782,0.030630294,0,0,0.061270171,0,0,0.999656796,0.021456853,0.014675431,-0.00324535,0.042835433,0.02948433,-0.005861277,-0.040100519,0.012842566,-0.010077655,0.026500365,-0.021324549,0.00612396,0.046331421,0.001542347,0.012372714,0.057161786,-0.012372714,-0.057161786,-0.046331421,-0.001542347,0.018434738,0.02948433,0.005861277
29.50567985,0.999654842,0.026271611,0,0,0.052549268,0,0,0.999670506,0.020676365,0.014824691,-0.003449938,0.041266816,0.029786673,-0.00628739,-0.039586425,0.007218869,-0.009039045,0.024512247,-0.021510582,0.00612054,0.041700937,-0.000948138,0.011299783,0.053948857,-0.011299783,-0.053948857,-0.041700937,0.000948138,0.011282452,0.029786673,0.00628739
29.55546999,0.999709812,0.024089235,0,0,0.048183132,0,0,0.999683499,0.019931773,0.014913797,-0.003642254,0.039770622,0.029967831,-0.00669074,-0.032891337,0.003043562,-0.007079542,0.022520984,-0.020214892,0.006167187,0.03990227,-0.003118868,0.009122213,0.05214335,-0.009122213,-0.05214335,-0.03990227,0.003118868,0.00841251,0.029967831,0.00669074
29.60786987,0.9997834,0.020812338,0,0,0.041627682,0,0,0.999696851,0.019184435,0.014961323,-0.003790312,0.038270451,0.030063532,-0.007007501,-0.038325787,0.004108996,-0.007887186,0.019240064,-0.01922064,0.0060441,0.036568671,-0.003861088,0.008473286,0.048903048,-0.008473286,-0.048903048,-0.036568671,0.003861088,0.003357231,0.030063532,0.007007501
29.65617991,0.999846304,0.017531931,0,0,0.035065659,0,0,0.99972856,0.017473219,0.014902724,-0.003942309,0.034842106,0.029939596,-0.007365047,-0.025269393,-0.004656613,0.00493899,0.018755863,-0.018864492,0.005642602,0.03241659,-0.006024668,0.006063532,0.044504788,-0.006063532,-0.044504788,-0.03241659,0.006024668,0.000223553,0.029939596,0.007365047
29.69623995,0.999864891,0.016437778,0,0,0.032877036,0,0,0.99972856,0.017473219,0.014902724,-0.003942309,0.034842106,0.029939596,-0.007365047,-0.025269393,-0.004656613,0.00493899,0.013224916,-0.017183005,0.004293007,0.031977739,-0.005751224,0.00553398,0.04326294,-0.00553398,-0.04326294,-0.031977739,0.005751224,0.00196507,0.029939596,0.007365047
29.75648999,0.999927296,0.012058288,0,0,0.024117161,0,0,0.999750018,0.016470745,0.014636685,-0.003794752,0.032842259,0.02939529,-0.007108584,-0.024577981,-0.007243455,0.006910415,0.009843955,-0.016755415,0.004512236,0.026114902,-0.008251089,0.000334925,0.034700915,-0.000334925,-0.034700915,-0.026114902,0.008251089,0.008725098,0.02939529,0.007108584
29.80616999,0.999951319,0.009867105,0,0,0.019734531,0,0,0.999769509,0.015587032,0.014315994,-0.003612724,0.031081277,0.028741969,-0.006780347,-0.02810657,-0.011692942,0.00687018,0.006715875,-0.016199481,0.003662945,0.022087121,-0.011423688,-0.002399217,0.031111592,0.002399217,-0.031111592,-0.022087121,0.011423688,0.011346746,0.028741969,0.006780347
29.85547996,0.999970545,0.007675182,0,0,0.015350515,0,0,0.999783039,0.014961882,0.014072386,-0.003487747,0.02983543,0.028246782,-0.006555544,-0.034326315,-0.007843972,0.008987635,0.005606808,-0.014635785,0.003404874,0.019252399,-0.013146542,-0.005820652,0.02657829,0.005820652,-0.02657829,-0.019252399,0.013146542,0.014484915,0.028246782,0.006555544
29.90580988,0.99998497,0.005482684,0,0,0.010965423,0,0,0.999795675,0.014390347,0.013790907,-0.0033772,0.028696588,0.027676909,-0.006358586,-0.027585035,-0.011993947,0.006382914,0.004916577,-0.015365939,0.0028497,0.016837709,-0.012433844,-0.005624095,0.023647457,0.005624095,-0.023647457,-0.016837709,0.012433844,0.017731165,0.027676909,0.006358586
29.95687986,0.999997595,0.002193217,0,0,0.004386437,0,0,0.99980849,0.013837839,0.013461486,-0.003230195,0.027596974,0.027010495,-0.006088855,-0.03054738,-0.017724933,0.010118634,0.002279394,-0.012211254,0.002401659,0.017432807,-0.013299054,-0.007599654,0.023132205,0.007599654,-0.023132205,-0.017432807,0.013299054,0.023210537,0.027010495,0.006088855
30.01114989,0.999997595,-0.002193219,0,0,-0.004386442,0,0,0.999836862,0.012666079,0.012556023,-0.002863328,0.02526682,0.025183144,-0.005409392,-0.021973249,-0.021228196,0.008995087,-0.004210698,-0.010296219,0.001702566,0.012088982,-0.012333512,-0.007530195,0.016892299,0.007530195,-0.016892299,-0.012088982,0.012333512,0.029653262,0.025183144,0.005409392
30.05298996,0.99999038,-0.004386273,0,0,-0.008772574,0,0,0.999848783,0.012176555,0.012124605,-0.002697901,0.02429357,0.024313636,-0.005101243,-0.020693243,-0.019340219,0.009702892,-0.006750303,-0.009944848,0.00193471,0.001259831,-0.018629855,-0.014760435,0.005129251,0.014760435,-0.005129251,-0.001259831,0.018629855,0.033066144,0.024313636,0.005101243
30.09985995,0.999978358,-0.006578998,0,0,-0.01315809,0,0,0.999860346,0.011728879,0.011669331,-0.002417161,0.023406603,0.023394231,-0.004561174,-0.016668441,-0.019995868,0.016979124,-0.009064147,-0.009908885,0.001585948,0.001259831,-0.018629855,-0.014760435,0.005129251,0.014760435,-0.005129251,-0.001259831,0.018629855,0.036564693,0.023394231,0.004561174
30.15223003,0.999961532,-0.008771229,0,0,-0.017542683,0,0,0.999874651,0.011160978,0.011058097,-0.001945944,0.022283436,0.022158673,-0.003645465,-0.024268031,-0.023767354,0.020035356,-0.011951919,-0.009164284,-1.82E-05,-0.000741214,-0.020558972,-0.017387075,0.002430682,0.017387075,-0.002430682,0.000741214,0.020558972,0.039826119,0.022158673,0.003645465
30.20463991,0.999939907,-0.010962802,0,0,-0.021926044,0,0,0.999885142,0.010765141,0.010570527,-0.001488217,0.021502819,0.021172246,-0.002749125,-0.012440979,-0.023022296,0.025003403,-0.012387406,-0.007397483,-0.001142749,-0.002769454,-0.021098012,-0.02113438,-0.002805822,0.02113438,0.002805822,0.002769454,0.021098012,0.043428863,0.021172246,0.002749125
30.25419998,0.999913488,-0.013153554,0,0,-0.026307866,0,0,0.999894977,0.01038826,0.010057876,-0.000967571,0.020760574,0.020135103,-0.001726322,-0.018651783,-0.023038687,0.026535247,-0.015627709,-0.006972331,-0.002828443,-0.003847176,-0.018642133,-0.02092763,-0.006132673,0.02092763,0.006132673,0.003847176,0.018642133,0.04706844,0.020135103,0.001726322
30.30111981,0.999864891,-0.016437781,0,0,-0.032877042,0,0,0.999904037,0.010075762,0.009509983,-0.000391189,0.020147155,0.019027167,-0.00059077,-0.013417007,-0.02871752,0.030190498,-0.01863186,-0.004122414,-0.004808499,-0.005826935,-0.019771589,-0.025428476,-0.011483821,0.025428476,0.011483821,0.005826935,0.019771589,0.053024197,0.019027167,0.00059077
30.35566998,0.9997834,-0.020812341,0,0,-0.041627688,0,0,0.999923348,0.009285741,0.00812779,0.00106643,0.018590911,0.01623524,0.002283944,-0.015707314,-0.035715107,0.027579818,-0.023602665,-0.004431135,-0.006059242,-0.009700947,-0.017945768,-0.027562765,-0.019317944,0.027562765,0.019317944,0.009700947,0.017945768,0.060218599,0.01623524,0.002283944
30.40648985,0.999735526,-0.022997363,0,0,-0.045998782,0,0,0.999930382,0.008955139,0.007524924,0.0015831,0.017935839,0.01502101,0.00330113,-0.013610721,-0.031502549,0.025767833,-0.026915932,-0.000462478,-0.006222643,-0.013112285,-0.021974551,-0.034093034,-0.025230769,0.034093034,0.025230769,0.013112285,0.021974551,0.063934621,0.01502101,0.00330113
30.45574999,0.999682917,-0.025180662,0,0,-0.050366647,0,0,0.9999367,0.008651518,0.006892186,0.002075713,0.017333058,0.013748016,0.004270835,-0.016364455,-0.030332806,0.026196986,-0.028318097,-0.000819723,-0.006546823,-0.020230806,-0.02115576,-0.033601046,-0.032676093,0.033601046,0.032676093,0.020230806,0.02115576,0.067699705,0.013748016,0.004270835
30.50434995,0.999625588,-0.027362074,0,0,-0.054730978,0,0,0.999943554,0.008282646,0.006095455,0.002702421,0.016599285,0.012145751,0.005505943,-0.014211238,-0.031659007,0.028491765,-0.029881355,-0.00031516,-0.007227577,-0.020951545,-0.022590991,-0.035684638,-0.03404519,0.035684638,0.03404519,0.020951545,0.022590991,0.071330263,0.012145751,0.005505943
30.55393982,0.999563557,-0.029541435,0,0,-0.059091468,0,0,0.999948144,0.007998596,0.005450178,0.003177172,0.016032624,0.010849177,0.006441626,-0.009177625,-0.031684343,0.025277587,-0.033302194,0.001876139,-0.008398267,-0.02233861,-0.022968931,-0.037424088,-0.036793765,0.037424088,0.036793765,0.02233861,0.022968931,0.075124092,0.010849177,0.006441626
30.59794998,0.999496839,-0.031718584,0,0,-0.06344781,0,0,0.99995178,0.007759909,0.004794701,0.003661695,0.015555514,0.009532253,0.007397851,-0.008542837,-0.029990077,0.028791279,-0.035593477,0.00227413,-0.009581705,-0.026780058,-0.023027781,-0.039824314,-0.043576591,0.039824314,0.043576591,0.026780058,0.023027781,0.079003324,0.009532253,0.007397851
30.64713001,0.999388019,-0.034979802,0,0,-0.069973879,0,0,0.999955416,0.0074578,0.004131196,0.004085093,0.014949744,0.008201182,0.008231809,-0.020883977,-0.031702217,0.022146853,-0.035181235,0.003591371,-0.008964924,-0.028285893,-0.023737635,-0.042901047,-0.047449302,0.042901047,0.047449302,0.028285893,0.023737635,0.084923623,0.008201182,0.008231809
30.70312,0.999226716,-0.039318831,0,0,-0.078657937,0,0,0.999944091,0.008387943,0.003854696,0.005168478,0.016816073,0.007622328,0.010401533,0.022310765,0.00211969,0.029834365,-0.053102692,-0.005169534,-0.009951091,-0.029807672,-0.022624934,-0.040554781,-0.04773752,0.040554781,0.04773752,0.029807672,0.022624934,0.09547401,0.007622328,0.010401533
30.75446987,0.999139168,-0.041484011,0,0,-0.082991838,0,0,0.99993819,0.008688451,0.003932294,0.005712823,0.017422164,0.007764908,0.011493871,0.009115786,0.004219264,0.028423226,-0.052529917,-0.004990464,-0.011628822,-0.037982058,-0.04832112,-0.068223305,-0.057884239,0.068223305,0.057884239,0.037982058,0.04832112,0.100414002,0.007764908,0.011493871
30.80463982,0.999047055,-0.043646088,0,0,-0.087319914,0,0,0.999933958,0.008773784,0.004016449,0.006249728,0.017598072,0.007922783,0.012569833,-0.000856817,0.00634715,0.030019132,-0.052242252,-0.005596647,-0.01207806,-0.035910621,-0.045891542,-0.069149189,-0.059168268,0.069149189,0.059168268,0.035910621,0.045891542,0.104917986,0.007922783,0.012569833
30.85044003,0.998950405,-0.045804899,0,0,-0.091641862,0,0,0.999930918,0.008680097,0.004104164,0.006787333,0.017416156,0.00809002,0.013645846,-0.003728271,0.005812198,0.02893582,-0.052501312,-0.006215495,-0.013027644,-0.034567539,-0.045760825,-0.069916941,-0.058723658,0.069916941,0.058723658,0.034567539,0.045760825,0.109058018,0.00809002,0.013645846
30.89607001,0.998849243,-0.047960284,0,0,-0.095957378,0,0,0.999929428,0.00829707,0.004193826,0.007405415,0.01665642,0.008264267,0.014880432,-0.021962823,0.005049259,0.024392452,-0.050170861,-0.005998579,-0.013524871,-0.033258166,-0.045689147,-0.071744435,-0.059313454,0.071744435,0.059313454,0.033258166,0.045689147,0.112613798,0.008264267,0.014880432
30.95651984,0.998576798,-0.053332706,0,0,-0.106716043,0,0,0.999932885,0.007364613,0.003894524,0.008060676,0.014791994,0.007669873,0.016178813,0.015186518,-0.024795532,0.014258177,-0.051174768,-0.006065457,-0.013119198,-0.030647404,-0.042644553,-0.069694296,-0.057697147,0.069694296,0.057697147,0.030647404,0.042644553,0.121508037,0.007669873,0.016178813
31.00707984,0.998400088,-0.056544363,0,0,-0.113149075,0,0,0.999930799,0.00760041,0.003564571,0.008242777,0.015259498,0.007003408,0.016539756,0.008108468,-0.021085141,0.007601827,-0.065216762,0.002502721,-0.01261292,-0.031990103,-0.044121012,-0.070359409,-0.0582285,0.070359409,0.0582285,0.031990103,0.044121012,0.128408573,0.007003408,0.016539756
31.05294991,0.998339001,-0.05761283,0,0,-0.115289498,0,0,0.999931633,0.007578894,0.003090646,0.008353619,0.015209252,0.006054284,0.016754033,-0.010256469,-0.012677909,0.002484769,-0.067258193,0.001972879,-0.01170173,-0.055106547,-0.050101109,-0.075326949,-0.080332391,0.075326949,0.080332391,0.055106547,0.050101109,0.13049875,0.006054284,0.016754033
31.10152984,0.998213581,-0.059746517,0,0,-0.119564239,0,0,0.999933064,0.00758923,0.002901532,0.008249379,0.015226147,0.005677493,0.016542712,0.002913922,-0.009615719,-0.004716218,-0.064595961,0.000316028,-0.010947709,-0.057529327,-0.05358357,-0.076987028,-0.080932789,0.076987028,0.080932789,0.057529327,0.05358357,0.134790386,0.005677493,0.016542712
31.15145993,0.99808386,-0.061875743,0,0,-0.123830588,0,0,0.999935746,0.007463379,0.002761313,0.008076968,0.014971182,0.005401735,0.016195058,-0.009621681,-0.007523596,-0.008094311,-0.069551482,-0.000279284,-0.009591699,-0.053964265,-0.05333221,-0.075227626,-0.075859688,0.075227626,0.075859688,0.053964265,0.05333221,0.13880177,0.005401735,0.016195058
31.19692993,0.997881297,-0.065060874,0,0,-0.130213723,0,0,0.999938786,0.007280102,0.002714603,0.007888767,0.014602866,0.005314035,0.015816973,-0.015915927,0.006172806,-0.013251603,-0.069982648,-0.004313397,-0.007706242,-0.059680484,-0.060239051,-0.079422452,-0.078863882,0.079422452,0.078863882,0.059680484,0.060239051,0.144816589,0.005314035,0.015816973
31.25632,0.99766927,-0.068235086,0,0,-0.136576296,0,0,0.999953985,0.006165216,0.003036377,0.00670174,0.012371098,0.005989875,0.013440948,-0.028926136,0.014045091,-0.032229725,-0.069828185,-0.00512356,-0.005495465,-0.057962995,-0.066589788,-0.082002267,-0.073375478,0.082002267,0.073375478,0.057962995,0.066589788,0.148947394,0.005989875,0.013440948
31.30731988,0.997447917,-0.071397851,0,0,-0.142917302,0,0,0.999961853,0.005452582,0.003286101,0.005999611,0.010944626,0.00650657,0.012035143,-0.035955023,0.017903,-0.036810342,-0.071169781,-0.00694187,-0.003071145,-0.059209146,-0.069456264,-0.08044719,-0.070200078,0.08044719,0.070200078,0.059209146,0.069456264,0.153861928,0.00650657,0.012035143
31.35887003,0.997217378,-0.074548646,0,0,-0.14923574,0,0,0.999968886,0.004658379,0.003666991,0.005226931,0.009355185,0.007285118,0.010488169,-0.034947697,0.02209023,-0.041799258,-0.072673119,-0.008348408,-0.001463659,-0.061156753,-0.075040489,-0.081182778,-0.067299046,0.081182778,0.067299046,0.061156753,0.075040489,0.158590925,0.007285118,0.010488169
31.4010098,0.997138516,-0.07559616,0,0,-0.151336698,0,0,0.99997592,0.003682802,0.004127423,0.004215016,0.007400537,0.008223692,0.008460614,-0.009396672,0.008862464,-0.031708185,-0.075775187,-0.010015072,0.000286743,-0.06286104,-0.079557844,-0.082485162,-0.065788358,0.082485162,0.065788358,0.06286104,0.079557844,0.158737235,0.008223692,0.008460614
31.45576,0.99681314,-0.079771956,0,0,-0.159713609,0,0,0.999978423,0.003593252,0.004118087,0.003667454,0.007216859,0.008209731,0.007364658,-0.00834167,-0.001329184,-0.025039913,-0.083823444,-0.007001343,-0.000216553,-0.066046849,-0.086076982,-0.085503496,-0.065473363,0.085503496,0.065473363,0.066046849,0.086076982,0.166930468,0.008209731,0.007364658
31.50299001,0.996644575,-0.081851027,0,0,-0.163885397,0,0,0.999981999,0.00314603,0.004058582,0.00312576,0.006317567,0.008097438,0.006277191,-0.032494966,0.000212342,-0.028479099,-0.081057841,-0.004643672,0.000413115,-0.076605536,-0.090608209,-0.091041319,-0.077038638,0.091041319,0.077038638,0.076605536,0.090608209,0.170202964,0.008097438,0.006277191
31.55625987,0.996472157,-0.083924012,0,0,-0.168045684,0,0,0.999989748,0.000954555,0.003933562,0.00203982,0.001925199,0.007863229,0.004087245,-0.022704901,0.008041414,-0.01497716,-0.079461963,-0.003650591,0.000747827,-0.076827273,-0.086114608,-0.085288376,-0.076001041,0.085288376,0.076001041,0.076827273,0.086114608,0.169970883,0.007863229,0.004087245
31.60573983,0.996295935,-0.085990759,0,0,-0.172194176,0,0,0.999990702,0.00059111,0.003915203,0.001749248,0.001195943,0.007828345,0.003503206,-0.02359152,-0.000369549,-0.013896826,-0.086221305,-0.006710018,-0.000375649,-0.076559186,-0.08386036,-0.082364708,-0.075063527,0.082364708,0.075063527,0.076559186,0.08386036,0.173390119,0.007828345,0.003503206
31.65826988,0.996024577,-0.089078852,0,0,-0.178394164,0,0,0.999991417,-0.000287434,0.003876718,0.001494848,-0.00056329,0.007754306,0.002987535,-0.053586069,-0.003513694,-0.01153201,-0.088022777,-0.00439655,-0.000203848,-0.079135627,-0.09255565,-0.093306951,-0.079886921,0.093306951,0.079886921,0.079135627,0.09255565,0.177830874,0.007754306,0.002987535
31.71046996,0.995649928,-0.093173074,0,0,-0.186616826,0,0,0.999991059,-0.001313823,0.003834771,0.001219628,-0.002618348,0.007672753,0.002429233,-0.016821923,-0.0033319,-0.017073752,-0.084642956,-0.003476987,-0.000302988,-0.083422363,-0.092215456,-0.092623152,-0.083830059,0.092623152,0.083830059,0.083422363,0.092215456,0.183998478,0.007672753,0.002429233
31.75693989,0.99545722,-0.095209892,0,0,-0.190708655,0,0,0.99998945,-0.002406813,0.003871685,0.000730718,-0.00480808,0.007746882,0.001442828,-0.050619245,0.006785244,-0.014078617,-0.09597824,-0.003519054,0.000965674,-0.080862962,-0.087816931,-0.088422909,-0.08146894,0.088422909,0.08146894,0.080862962,0.087816931,0.185900575,0.007746882,0.001442828
31.80448985,0.995260996,-0.097239651,0,0,-0.194787099,0,0,0.999986172,-0.0035804,0.00384459,0.000406804,-0.007157845,0.007692062,0.00078609,-0.045345727,-0.007495284,-0.015415252,-0.091548076,-0.002452884,0.001379881,-0.093424842,-0.100462943,-0.098531596,-0.091493495,0.098531596,0.091493495,0.093424842,0.100462943,0.187629254,0.007692062,0.00078609
31.85491991,0.995061312,-0.099262204,0,0,-0.198851872,0,0,0.999978483,-0.005411197,0.003738624,-0.000294558,-0.010824874,0.007473966,-0.000629581,-0.064285107,-0.000268221,-0.013411046,-0.091916504,-0.004850322,0.002071743,-0.090475053,-0.09538082,-0.092621058,-0.08771529,0.092621058,0.08771529,0.090475053,0.09538082,0.188026998,0.007473966,0.000629581
31.90602994,0.994858225,-0.101277405,0,0,-0.202902689,0,0,0.999970257,-0.006621867,0.003886834,-0.000877996,-0.01325095,0.007761886,-0.00180747,-0.052006543,0.001332909,-0.020593407,-0.090493073,-0.004393567,0.002184766,-0.089137904,-0.098838545,-0.094695061,-0.08499442,0.094695061,0.08499442,0.089137904,0.098838545,0.189651739,0.007761886,0.00180747
31.95553994,0.994651792,-0.103285108,0,0,-0.206939266,0,0,0.999961615,-0.007788287,0.003842556,-0.001229402,-0.015586512,0.007665741,-0.00251864,-0.05970747,-0.009875,-0.012238326,-0.09451261,-0.0051054,0.004089748,-0.088284254,-0.097071387,-0.092701852,-0.08391472,0.092701852,0.08391472,0.088284254,0.097071387,0.191352754,0.007665741,0.00251864
32.00485993,0.994335997,-0.106282289,0,0,-0.212966811,0,0,0.999951899,-0.00895537,0.003722488,-0.001532652,-0.017922737,0.007417234,-0.00313192,-0.055174537,0.001544506,-0.01292527,-0.095488072,-0.001938025,0.003105842,-0.093496941,-0.103707731,-0.095528238,-0.085317448,0.095528238,0.085317448,0.093496941,0.103707731,0.195044074,0.007417234,0.00313192
32.05511999,0.993903783,-0.110250945,0,0,-0.220951061,0,0,0.999938488,-0.010266691,0.003754424,-0.001904507,-0.020548437,0.00746935,-0.003885988,-0.071898103,0.005549937,-0.018683078,-0.100018575,-0.005030062,0.003585986,-0.096655868,-0.100531921,-0.09432023,-0.090444185,0.09432023,0.090444185,0.096655868,0.100531921,0.200402624,0.00746935,0.003885988
32.10409999,0.993683032,-0.11222313,0,0,-0.224920064,0,0,0.999923885,-0.011526752,0.003800004,-0.002258112,-0.023071611,0.007547443,-0.004603631,-0.064143538,-0.003884733,-0.019498171,-0.097985184,-0.006254146,0.004996354,-0.098574482,-0.108634599,-0.101462625,-0.091402508,0.101462625,0.091402508,0.098574482,0.108634599,0.201848453,0.007547443,0.004603631
32.15257001,0.99345927,-0.114187033,0,0,-0.228873283,0,0,0.999902308,-0.013211303,0.00374651,-0.002650529,-0.02644369,0.007422322,-0.005399706,-0.063909598,-0.000311434,-0.017797949,-0.100175597,-0.004706841,0.005758203,-0.096727371,-0.109235659,-0.099242948,-0.086734667,0.099242948,0.086734667,0.096727371,0.109235659,0.202429593,0.007422322,0.005399706
32.20451999,0.993232559,-0.116142512,0,0,-0.232810438,0,0,0.999857664,-0.016087661,0.00375055,-0.003477859,-0.032203263,0.007388197,-0.007075652,-0.075669587,-0.000180304,-0.019690394,-0.09913123,-0.004523029,0.006414366,-0.101226941,-0.110640615,-0.099124208,-0.089710534,0.099124208,0.089710534,0.101226941,0.110640615,0.200607175,0.007388197,0.007075652
32.25480986,0.993002964,-0.118089428,0,0,-0.236731254,0,0,0.999831259,-0.017567413,0.003736536,-0.003892474,-0.03516617,0.007335113,-0.00791521,-0.072877117,0.003472716,-0.0207603,-0.100396932,-0.004872867,0.007069973,-0.101022549,-0.110068597,-0.097239867,-0.088193819,0.097239867,0.088193819,0.101022549,0.110068597,0.201565084,0.007335113,0.00791521
32.29911995,0.99277055,-0.120027644,0,0,-0.240635455,0,0,0.999792755,-0.019513385,0.003746758,-0.004465066,-0.039063109,0.007317769,-0.00907487,-0.080163777,0.004207342,-0.017797945,-0.102259325,-0.005957505,0.007749206,-0.102594018,-0.11233975,-0.0981998,-0.088454075,0.0981998,0.088454075,0.102594018,0.11233975,0.201572346,0.007317769,0.00907487
32.3492198,0.992416787,-0.122918352,0,0,-0.246460005,0,0,0.999758899,-0.021082001,0.003720489,-0.004915048,-0.042204027,0.007232007,-0.00998502,-0.073327124,-0.003156066,-0.018793346,-0.1028164,-0.006264015,0.007932256,-0.104051009,-0.115966015,-0.1004676,-0.088552594,0.1004676,0.088552594,0.104051009,0.115966015,0.204255978,0.007232007,0.00998502
32.40298987,0.991935857,-0.126740898,0,0,-0.254165373,0,0,0.999722123,-0.022664122,0.00371247,-0.005344314,-0.04537205,0.007180687,-0.010854426,-0.070439279,-0.003162027,-0.01960993,-0.107467615,-0.004231101,0.008638424,-0.104484625,-0.117012642,-0.101148136,-0.088620111,0.101148136,0.088620111,0.104484625,0.117012642,0.208793323,0.007180687,0.010854426
32.45308995,0.991691583,-0.128638269,0,0,-0.257991435,0,0,0.999681294,-0.02429392,0.003714225,-0.005774737,-0.048635664,0.00714556,-0.011726827,-0.079226501,-0.002352893,-0.01886189,-0.106599145,-0.004599042,0.009690297,-0.111874916,-0.120337114,-0.103060268,-0.09459807,0.103060268,0.09459807,0.111874916,0.120337114,0.209355771,0.00714556,0.011726827
32.50562,0.991444861,-0.130526193,0,0,-0.26179939,0,0,0.99956429,-0.028528189,0.003697424,-0.006622381,-0.05711293,0.007013833,-0.013450686,-0.085902199,0.003954023,-0.014016033,-0.105249973,-0.006545748,0.009923356,-0.11169038,-0.120888457,-0.101507865,-0.092309788,0.101507865,0.092309788,0.11169038,0.120888457,0.20468646,0.007013833,0.013450686
32.55139995,0.991195762,-0.132404538,0,0,-0.265588971,0,0,0.9995116,-0.030258682,0.003688172,-0.006900262,-0.060577197,0.00695521,-0.014017777,-0.087480262,-0.004018843,-0.012950602,-0.107030597,-0.006518856,0.009885742,-0.108627565,-0.121719047,-0.10187234,-0.08878085,0.10187234,0.08878085,0.108627565,0.121719047,0.205011774,0.00695521,0.014017777
32.59872985,0.990944355,-0.134273172,0,0,-0.269359912,0,0,0.9994542,-0.032039154,0.0036898,-0.007165799,-0.06414171,0.006916454,-0.014561072,-0.083260246,0.00147596,-0.011616943,-0.107791633,-0.004294158,0.010038585,-0.110397466,-0.123435169,-0.103663683,-0.090625979,0.103663683,0.090625979,0.110397466,0.123435169,0.205218202,0.006916454,0.014561072
32.65779996,0.990306214,-0.138901416,0,0,-0.278703982,0,0,0.999376237,-0.034320809,0.003724813,-0.00744729,-0.068709975,0.006933839,-0.015141907,-0.091429055,0.000242144,-0.009144843,-0.112671653,-0.005925991,0.01010812,-0.113536038,-0.122124352,-0.102047183,-0.093458869,0.102047183,0.093458869,0.113536038,0.122124352,0.209994007,0.006933839,0.015141907
32.70764995,0.98991709,-0.141647999,0,0,-0.284252004,0,0,0.99931109,-0.036132373,0.003708122,-0.007626053,-0.072336279,0.006860093,-0.01551055,-0.088098645,0.001796335,-0.004729629,-0.111756763,-0.005667042,0.010016828,-0.116853759,-0.12870574,-0.108489498,-0.096637517,0.108489498,0.096637517,0.116853759,0.12870574,0.211915725,0.006860093,0.01551055
32.75013995,0.989786397,-0.14255837,0,0,-0.286091413,0,0,0.999240339,-0.038010061,0.003694811,-0.007788034,-0.076095068,0.006792011,-0.015846139,-0.091916323,-1.34E-05,-0.009553134,-0.111680739,-0.005642046,0.010493822,-0.116106525,-0.127440602,-0.107406951,-0.096072875,0.107406951,0.096072875,0.116106525,0.127440602,0.209996345,0.006792011,0.015846139
32.79903984,0.989523589,-0.144371283,0,0,-0.28975514,0,0,0.999165773,-0.039871328,0.003711734,-0.008035297,-0.079822327,0.006776569,-0.01635427,-0.09515284,0.00339821,-0.010097025,-0.111982258,-0.00669552,0.010870647,-0.116532497,-0.127816573,-0.106828935,-0.095544852,0.106828935,0.095544852,0.116532497,0.127816573,0.209932813,0.006776569,0.01635427
32.84864998,0.989258946,-0.146173653,0,0,-0.293398531,0,0,0.998985469,-0.044021867,0.00372192,-0.008745815,-0.088135509,0.006666322,-0.017802907,-0.087328263,0.002304465,-0.012604892,-0.113307679,-0.006068667,0.012121607,-0.116157368,-0.129548401,-0.1078071,-0.094416067,0.1078071,0.094416067,0.116157368,0.129548401,0.205263022,0.006666322,0.017802907
32.89731002,0.988858708,-0.148857168,0,0,-0.298824928,0,0,0.998897135,-0.045921918,0.003737176,-0.009047421,-0.091941657,0.006635207,-0.018419566,-0.087302923,-0.000759959,-0.012892487,-0.115275341,-0.006567682,0.0121336,-0.120841235,-0.133976594,-0.109709397,-0.096574038,0.109709397,0.096574038,0.120841235,0.133976594,0.206883271,0.006635207,0.018419566
32.94972992,0.988454764,-0.151516265,0,0,-0.304204137,0,0,0.998807132,-0.047794327,0.00370366,-0.009301545,-0.095691504,0.006509407,-0.018936456,-0.098247848,0.003325195,-0.00550598,-0.119035024,-0.005794531,0.012516763,-0.125757232,-0.137346283,-0.112312764,-0.100723706,0.112312764,0.100723706,0.125757232,0.137346283,0.208512633,0.006509407,0.018936456
33.00335002,0.988047374,-0.154150535,0,0,-0.309535308,0,0,0.9986884,-0.050163366,0.0037436,-0.009552601,-0.10043756,0.006519044,-0.019457365,-0.093126297,0.003043562,-0.00836104,-0.117682942,-0.006968503,0.011572518,-0.125757232,-0.137346283,-0.112312764,-0.100723706,0.112312764,0.100723706,0.125757232,0.137346283,0.209097748,0.006519044,0.019457365
33.05418992,0.987636794,-0.156759572,0,0,-0.314817601,0,0,0.998590589,-0.052055936,0.003719444,-0.009655759,-0.104227714,0.006423168,-0.019673212,-0.093758114,-0.003948808,0.000374764,-0.118250093,-0.004984088,0.010997964,-0.122286938,-0.136223927,-0.1130789,-0.099141896,0.1130789,0.099141896,0.122286938,0.136223927,0.210589887,0.006423168,0.019673212
33.09531999,0.98749927,-0.157623574,0,0,-0.316567359,0,0,0.998488486,-0.053968713,0.003757255,-0.009715952,-0.108059668,0.00645448,-0.019809781,-0.095470235,0.003794581,-0.000950694,-0.118760845,-0.007280796,0.011272972,-0.12426395,-0.134232119,-0.112236187,-0.102268018,0.112236187,0.102268018,0.12426395,0.134232119,0.208507691,0.00645448,0.019809781
33.1483798,0.987084844,-0.160198346,0,0,-0.321783183,0,0,0.998213649,-0.058882471,0.003770003,-0.009398788,-0.117900801,0.006419731,-0.019209545,-0.093173988,-0.000151992,0.013480336,-0.120040367,-0.005608161,0.010101313,-0.122753002,-0.137314588,-0.114768639,-0.100207053,0.114768639,0.100207053,0.122753002,0.137314588,0.203882382,0.006419731,0.019209545
33.20213986,0.98666784,-0.162746961,0,0,-0.326948193,0,0,0.998094738,-0.060889926,0.003777287,-0.009218243,-0.121921817,0.006417629,-0.018862865,-0.106316805,-0.001835823,0.011803955,-0.12217398,-0.006112346,0.008419615,-0.124533497,-0.135749817,-0.115547188,-0.104330868,0.115547188,0.104330868,0.124533497,0.135749817,0.205026376,0.006417629,0.018862865
33.24828983,0.986388535,-0.164431314,0,0,-0.330362901,0,0,0.997967124,-0.062984444,0.003745317,-0.008984129,-0.126116674,0.006343726,-0.01840493,-0.098964587,-0.010192395,0.015398115,-0.120222302,-0.005608856,0.008468093,-0.124481224,-0.136705905,-0.119866677,-0.107641995,0.119866677,0.107641995,0.124481224,0.136705905,0.204246227,0.006343726,0.01840493
33.29850984,0.986108281,-0.166103756,0,0,-0.333754423,0,0,0.997833848,-0.065101773,0.003730428,-0.008698205,-0.130357849,0.006312199,-0.01784574,-0.107772648,-0.000345707,0.018008798,-0.123336873,-0.003134244,0.007569651,-0.123081513,-0.134299219,-0.117363036,-0.10614533,0.117363036,0.10614533,0.123081513,0.134299219,0.203396574,0.006312199,0.01784574
33.34899998,0.985686292,-0.16858984,0,0,-0.338797711,0,0,0.99765873,-0.067780606,0.003698868,-0.008317825,-0.135724318,0.006252882,-0.017099292,-0.106009841,-0.002211333,0.015053899,-0.122048183,-0.005269073,0.006809669,-0.127772257,-0.134040743,-0.118901439,-0.112632953,0.118901439,0.112632953,0.127772257,0.134040743,0.203073393,0.006252882,0.017099292
33.39911986,0.985262611,-0.171048496,0,0,-0.3437875,0,0,0.997512877,-0.069933645,0.003683805,-0.007993571,-0.14003827,0.006231286,-0.016463684,-0.110286474,-0.005629659,0.017664583,-0.120918174,-0.004200349,0.005974464,-0.123588756,-0.134126902,-0.120507561,-0.109969415,0.120507561,0.109969415,0.123588756,0.134126902,0.20374923,0.006231286,0.016463684
33.45449996,0.984837506,-0.173479354,0,0,-0.348723,0,0,0.997197449,-0.074364252,0.003660291,-0.007355365,-0.148918152,0.006206152,-0.015214767,-0.110602379,0.0001885,0.015255065,-0.123818722,-0.004284835,0.005526802,-0.122692265,-0.131092951,-0.11914403,-0.110743336,0.11914403,0.110743336,0.122692265,0.131092951,0.199804848,0.006206152,0.015214767
33.50250983,0.984553445,-0.175084304,0,0,-0.351982789,0,0,0.996987283,-0.077170536,0.003619693,-0.006941487,-0.154543657,0.006146256,-0.014400582,-0.11449606,-0.001387298,0.018667432,-0.123775891,-0.005753341,0.005580723,-0.125060663,-0.133630335,-0.122576728,-0.114007063,0.122576728,0.114007063,0.125060663,0.133630335,0.197439132,0.006146256,0.014400582
33.55218983,0.984268951,-0.176676632,0,0,-0.355217874,0,0,0.996812999,-0.079425126,0.0035689,-0.006560347,-0.159063602,0.006072974,-0.01364647,-0.113040216,-0.004938245,0.020498784,-0.123219092,-0.005165738,0.004503909,-0.123603247,-0.135109931,-0.123948477,-0.112441801,0.123948477,0.112441801,0.123603247,0.135109931,0.196154272,0.006072974,0.01364647
33.60121989,0.983984104,-0.178256231,0,0,-0.358428029,0,0,0.996631682,-0.081702314,0.003530391,-0.006140281,-0.163629739,0.006033684,-0.012816663,-0.107248135,-0.00604093,0.02172366,-0.124044249,-0.00400752,0.003736103,-0.122557238,-0.132888705,-0.123880893,-0.113549419,0.123880893,0.113549419,0.122557238,0.132888705,0.19479829,0.006033684,0.012816663
33.65214992,0.983698983,-0.179822999,0,0,-0.361613028,0,0,0.996446013,-0.083971098,0.003472526,-0.005678097,-0.168179415,0.005966812,-0.011899509,-0.111998625,-0.001734495,0.023973735,-0.124412876,-0.00464219,0.002092904,-0.123772807,-0.131787837,-0.124315634,-0.116300598,0.124315634,0.116300598,0.123772807,0.131787837,0.193433613,0.005966812,0.011899509
33.70531988,0.983270965,-0.182148864,0,0,-0.36634287,0,0,0.996103883,-0.08798974,0.003376157,-0.004877607,-0.176240685,0.005867678,-0.010311698,-0.11395067,-0.003708899,0.022573026,-0.124889485,-0.003785007,0.001485592,-0.121863566,-0.131147936,-0.126962125,-0.117677756,0.126962125,0.117677756,0.121863566,0.131147936,0.190102185,0.005867678,0.010311698
33.75642991,0.982700067,-0.185204153,0,0,-0.372559211,0,0,0.995798111,-0.091423228,0.003304427,-0.004151194,-0.183130521,0.005822084,-0.00887197,-0.111424923,-0.004562736,0.024413319,-0.126633577,-0.003794836,0.000698245,-0.122590043,-0.130160049,-0.127188876,-0.119618863,0.127188876,0.119618863,0.122590043,0.130160049,0.18942869,0.005822084,0.00887197
33.80544996,0.982414709,-0.186711916,0,0,-0.375628269,0,0,0.99558872,-0.093698882,0.003239936,-0.003650218,-0.187697995,0.005767276,-0.0078756,-0.116185859,-0.011345746,0.022917246,-0.127239388,-0.003314661,0.000182208,-0.123536959,-0.131126627,-0.129730135,-0.122140467,0.129730135,0.122140467,0.123536959,0.131126627,0.187930274,0.005767276,0.0078756
33.85627985,0.982129518,-0.188206294,0,0,-0.378670964,0,0,0.995370865,-0.096000984,0.003175156,-0.00327842,-0.19232042,0.005691483,-0.007136298,-0.11449457,-0.005780161,0.017891075,-0.126672198,-0.001171081,-0.000164257,-0.124106906,-0.130736232,-0.130371809,-0.123742491,0.130371809,0.123742491,0.124106906,0.130736232,0.186350544,0.005691483,0.007136298
33.90622997,0.981844575,-0.189687189,0,0,-0.381687083,0,0,0.995029628,-0.099488944,0.003130084,-0.002877935,-0.199327366,0.005656436,-0.006350223,-0.115835674,-0.001469254,0.013303012,-0.1274229,-0.002640902,0.000241469,-0.125336841,-0.12767899,-0.128007501,-0.125665352,0.128007501,0.125665352,0.125336841,0.12767899,0.182359717,0.005656436,0.006350223
33.95561981,0.98155996,-0.191154505,0,0,-0.384676413,0,0,0.994793594,-0.101827599,0.003115017,-0.002689984,-0.204027432,0.005649799,-0.005986478,-0.11498034,-0.001619756,0.010269136,-0.125838759,-0.003674499,0.000821651,-0.12502344,-0.130305246,-0.129822299,-0.1245405,0.129822299,0.1245405,0.12502344,0.130305246,0.180648981,0.005649799,0.005986478
34.00048995,0.981133825,-0.193329814,0,0,-0.389109723,0,0,0.994554639,-0.104140967,0.003041793,-0.002582825,-0.208677819,0.005512529,-0.005771189,-0.1183182,0.000243634,0.005281717,-0.126292651,-0.004117025,0.001537757,-0.122985885,-0.130334884,-0.128691584,-0.121342584,0.128691584,0.121342584,0.122985885,0.130334884,0.180431904,0.005512529,0.005771189
34.05812001,0.980567536,-0.196181825,0,0,-0.394925101,0,0,0.994008362,-0.109228648,0.003027383,-0.002721768,-0.218912323,0.005423924,-0.0060724,-0.111904755,-0.00038147,-0.006581844,-0.129087786,-0.003314049,0.002884571,-0.123713359,-0.131947398,-0.128871888,-0.120637842,0.128871888,0.120637842,0.123713359,0.131947398,0.176012778,0.005423924,0.0060724
34.1052599,0.980285379,-0.197586881,0,0,-0.397791316,0,0,0.9937554,-0.111501791,0.003016138,-0.002921948,-0.223487555,0.005343028,-0.006480149,-0.114132464,0.003407151,-0.01115799,-0.129574432,-0.004001364,0.003681241,-0.12865828,-0.135286376,-0.129517227,-0.122889139,0.129517227,0.122889139,0.12865828,0.135286376,0.174303761,0.005343028,0.006480149
34.15627003,0.980003987,-0.198977852,0,0,-0.400629613,0,0,0.99350512,-0.113701679,0.003031812,-0.003216895,-0.227917184,0.005292733,-0.007081605,-0.107654944,0.002349168,-0.012236835,-0.12942558,-0.005145677,0.004686517,-0.129254282,-0.13725701,-0.129894525,-0.121891804,0.129894525,0.121891804,0.129254282,0.13725701,0.172712429,0.005292733,0.007081605
34.2058599,0.979723438,-0.200354649,0,0,-0.403439792,0,0,0.993251264,-0.115886725,0.003078772,-0.003566409,-0.232318602,0.005289415,-0.007798446,-0.107629605,0.00289157,-0.017599763,-0.131108494,-0.004946004,0.005210181,-0.128966391,-0.139257744,-0.129884705,-0.11959336,0.129884705,0.11959336,0.128966391,0.139257744,0.17112119,0.005289415,0.007798446
34.25638986,0.97944381,-0.201717183,0,0,-0.406221657,0,0,0.992933631,-0.118562996,0.003092063,-0.004027645,-0.237710789,0.005185391,-0.008731803,-0.109300017,0.003994256,-0.012834371,-0.129666902,-0.005708397,0.006259302,-0.131372645,-0.141264647,-0.13084428,-0.120952286,0.13084428,0.120952286,0.131372645,0.141264647,0.168510868,0.005185391,0.008731803
34.29936981,0.979165183,-0.20306537,0,0,-0.408975011,0,0,0.992672741,-0.120715067,0.003123543,-0.004363575,-0.242048101,0.005147837,-0.009417585,-0.108696528,0.002904982,-0.013373792,-0.130120704,-0.005528197,0.006735944,-0.130217776,-0.141634569,-0.129115969,-0.117699176,0.129115969,0.117699176,0.130217776,0.141634569,0.16692691,0.005147837,0.009417585
34.34749985,0.978749287,-0.20506056,0,0,-0.413051164,0,0,0.99240762,-0.12286263,0.003151265,-0.00468813,-0.246377375,0.00510271,-0.010079719,-0.113964103,0.003496558,-0.011311473,-0.130065643,-0.005813423,0.006759568,-0.131328419,-0.142384812,-0.128912926,-0.11785654,0.128912926,0.11785654,0.131328419,0.142384812,0.166673789,0.00510271,0.010079719
34.40228987,0.978198983,-0.207669809,0,0,-0.418384463,0,0,0.99181217,-0.12755698,0.003192815,-0.005268333,-0.255843861,0.004989341,-0.011265304,-0.107419491,0.000641495,-0.009688735,-0.13397145,-0.005434834,0.007216952,-0.131011769,-0.142638609,-0.129119471,-0.117492624,0.129119471,0.117492624,0.131011769,0.142638609,0.162540602,0.004989341,0.011265304
34.45463991,0.977925814,-0.20895239,0,0,-0.42100716,0,0,0.991542757,-0.129626617,0.003203133,-0.005458366,-0.260018808,0.004937007,-0.011655233,-0.100868948,0.001401454,-0.008963049,-0.133190955,-0.005217862,0.007144634,-0.135753542,-0.146623209,-0.132189304,-0.121319637,0.132189304,0.121319637,0.135753542,0.146623209,0.160988352,0.004937007,0.011655233
34.50430989,0.97765407,-0.210220168,0,0,-0.423600309,0,0,0.99127543,-0.131648943,0.003179112,-0.005607661,-0.264098806,0.004826285,-0.011954952,-0.097483419,-5.51E-05,-0.006540121,-0.134841436,-0.005512469,0.007239267,-0.135117695,-0.145553425,-0.13126415,-0.120828435,0.13126415,0.120828435,0.135117695,0.145553425,0.159501503,0.004826285,0.011954952
34.54968,0.977383826,-0.211473064,0,0,-0.426163729,0,0,0.991009951,-0.133628577,0.003172841,-0.005711277,-0.268093728,0.004762272,-0.012168266,-0.099419065,-0.000479817,-0.003430248,-0.135840411,-0.005117608,0.007007391,-0.136568204,-0.147593141,-0.133114606,-0.122089677,0.133114606,0.122089677,0.136568204,0.147593141,0.158070001,0.004762272,0.012168266
34.60090995,0.976981437,-0.213324334,0,0,-0.429952722,0,0,0.990617692,-0.136507422,0.003157287,-0.005701625,-0.273904335,0.004698717,-0.012158679,-0.095979869,-0.003600121,0.001368672,-0.134901583,-0.004116982,0.005786549,-0.137730166,-0.147965372,-0.133950591,-0.123715386,0.133950591,0.123715386,0.137730166,0.147965372,0.156048387,0.004698717,0.012158679
34.67361999,0.97645087,-0.215739888,0,0,-0.434898997,0,0,0.990086794,-0.140314519,0.003094362,-0.005528974,-0.281590841,0.004575798,-0.011817093,-0.094018884,-0.004948676,0.005174429,-0.13675353,-0.004996829,0.004975742,-0.136571124,-0.144805089,-0.133231983,-0.124998026,0.133231983,0.124998026,0.136571124,0.144805089,0.153308156,0.004575798,0.011817093
34.7201798,0.97605773,-0.217511625,0,0,-0.438528658,0,0,0.989816964,-0.142212883,0.003055,-0.005370152,-0.28542476,0.004520386,-0.011500224,-0.098282099,-0.002671778,0.012066215,-0.138560485,-0.003628291,0.004928185,-0.136732414,-0.146726072,-0.136774585,-0.126780927,0.136774585,0.126780927,0.136732414,0.146726072,0.153103898,0.004520386,0.011500224
34.75487995,0.975927645,-0.218094549,0,0,-0.439723184,0,0,0.989473522,-0.144592375,0.002998665,-0.005135168,-0.290231691,0.004449201,-0.011029725,-0.092931099,-0.009179116,0.007425994,-0.137292265,-0.004171861,0.00359174,-0.139860347,-0.147116929,-0.137260556,-0.130003974,0.137260556,0.130003974,0.139860347,0.147116929,0.149491493,0.004449201,0.011029725
34.79883981,0.975668969,-0.219248863,0,0,-0.44208907,0,0,0.989195049,-0.146490365,0.002939232,-0.005019358,-0.294067284,0.004344386,-0.010791697,-0.097595155,-0.006085634,0.010249765,-0.138393814,-0.00223058,0.004092303,-0.136712119,-0.14505583,-0.137872353,-0.129528642,0.137872353,0.129528642,0.136712119,0.14505583,0.148021786,0.004344386,0.010791697
34.84964991,0.975412346,-0.220387737,0,0,-0.444423928,0,0,0.988907814,-0.14842017,0.002965924,-0.004918908,-0.297969407,0.004405934,-0.010609398,-0.095747396,0.008765608,0.005085021,-0.137656662,-0.003001499,0.003492061,-0.140255511,-0.144716665,-0.136532053,-0.132070899,0.136532053,0.132070899,0.140255511,0.144716665,0.146454521,0.004405934,0.010609398
34.90718985,0.974905549,-0.222618893,0,0,-0.448999909,0,0,0.988620698,-0.150321603,0.002956153,-0.004893652,-0.301815179,0.004373798,-0.010564974,-0.095398709,-0.002656877,-0.000324845,-0.138512427,-0.004010244,0.005099948,-0.13960211,-0.147622585,-0.137422696,-0.129402205,0.137422696,0.129402205,0.13960211,0.147622585,0.14718473,0.004373798,0.010564974
34.97402001,0.974531369,-0.224251223,0,0,-0.452349245,0,0,0.987961829,-0.154586092,0.002950662,-0.00510249,-0.310445778,0.004252748,-0.010994712,-0.094309449,0.004052371,-0.005432963,-0.138121606,-0.004582397,0.005954332,-0.13960211,-0.147622585,-0.137422696,-0.129402205,0.137422696,0.129402205,0.13960211,0.147622585,0.141903467,0.004252748,0.010994712
35.01734996,0.974162523,-0.225848132,0,0,-0.45562715,0,0,0.987646043,-0.156583354,0.003000453,-0.005292791,-0.31449094,0.004269259,-0.0113948,-0.098480292,0.00699386,-0.008638204,-0.140010138,-0.006001097,0.006190501,-0.13949351,-0.148658305,-0.13674964,-0.127584845,0.13674964,0.127584845,0.13949351,0.148658305,0.14113621,0.004269259,0.0113948
35.08751989,0.973799242,-0.227409402,0,0,-0.458833106,0,0,0.987018049,-0.160476238,0.003080948,-0.0057575,-0.322379356,0.004234031,-0.012354777,-0.091697276,0.002067536,-0.006736815,-0.139785587,-0.006962944,0.006932386,-0.140199512,-0.152201697,-0.139820695,-0.12781851,0.139820695,0.12781851,0.140199512,0.152201697,0.13645375,0.004234031,0.012354777
35.16121984,0.973323916,-0.229435294,0,0,-0.462994921,0,0,0.986624122,-0.162875742,0.003091652,-0.005903027,-0.327242993,0.00417769,-0.012655695,-0.096875437,-0.002618134,-0.00654608,-0.140210733,-0.005816345,0.007130403,-0.141524762,-0.153157443,-0.138896644,-0.127263963,0.138896644,0.127263963,0.141524762,0.153157443,0.135751928,0.00417769,0.012655695
35.22963,0.97309028,-0.230424188,0,0,-0.465027158,0,0,0.985979676,-0.166725144,0.003059121,-0.006131815,-0.335048832,0.003987816,-0.013112233,-0.095830858,0.000993163,-0.004374981,-0.140030409,-0.004556008,0.007249673,-0.141524762,-0.153157443,-0.138896644,-0.127263963,0.138896644,0.127263963,0.141524762,0.153157443,0.129978326,0.003987816,0.013112233
35.29069996,0.972859416,-0.231396969,0,0,-0.467026759,0,0,0.98565644,-0.168622062,0.003055399,-0.006211868,-0.338897377,0.003928242,-0.013276444,-0.092051931,0.002674013,-0.00050813,-0.139222587,-0.005624323,0.007160823,-0.142724052,-0.151836053,-0.137336716,-0.128224701,0.137336716,0.128224701,0.142724052,0.151836053,0.128129382,0.003928242,0.013276444
35.33659983,0.972406257,-0.233293959,0,0,-0.47092749,0,0,0.985174894,-0.171413019,0.003028437,-0.006252289,-0.344561367,0.00382364,-0.013357915,-0.095166266,-0.000798702,-0.000812113,-0.140567787,-0.006123618,0.006600763,-0.1410449,-0.153292134,-0.140090615,-0.12784338,0.140090615,0.12784338,0.1410449,0.153292134,0.126366123,0.00382364,0.013357915
35.37837982,0.972074134,-0.23467398,0,0,-0.473766338,0,0,0.9848544,-0.173245952,0.003017286,-0.006225872,-0.348282594,0.003785969,-0.013309106,-0.096301734,-0.004388392,0.002446026,-0.140439466,-0.005142877,0.006689977,-0.1410449,-0.153292134,-0.140090615,-0.12784338,0.140090615,0.12784338,0.1410449,0.153292134,0.125483744,0.003785969,0.013309106
35.40907002,0.971964944,-0.235125814,0,0,-0.474696017,0,0,0.984530032,-0.175081104,0.002996049,-0.006189503,-0.352009387,0.003732079,-0.013237084,-0.091840327,-0.002549589,0.003001839,-0.13918505,-0.004113343,0.006112187,-0.141986534,-0.152272284,-0.138892338,-0.128606588,0.138892338,0.128606588,0.141986534,0.152272284,0.12268663,0.003732079,0.013237084
35.4438498,0.971856524,-0.235573549,0,0,-0.475617368,0,0,0.984213591,-0.176853433,0.002976814,-0.006149157,-0.355609726,0.00368465,-0.013157554,-0.09200573,-0.000672042,0.003891438,-0.140114675,-0.004613218,0.005977466,-0.141183868,-0.149410546,-0.13718617,-0.128959492,0.13718617,0.128959492,0.141183868,0.149410546,0.120007642,0.00368465,0.013157554
35.47870994,0.971642028,-0.236456699,0,0,-0.477435017,0,0,0.983813584,-0.179067522,0.002957766,-0.006091089,-0.360109185,0.003638355,-0.013044725,-0.086839497,0.001396984,0.00301972,-0.140088894,-0.005113488,0.005782232,-0.141478896,-0.150705323,-0.138750389,-0.129523963,0.138750389,0.129523963,0.141478896,0.150705323,0.117325832,0.003638355,0.013044725
35.52398992,0.971326252,-0.237750525,0,0,-0.480098624,0,0,0.983491957,-0.180826649,0.002955654,-0.00606629,-0.363685643,0.003619837,-0.013001665,-0.087118156,0.001924485,0.000409037,-0.141397078,-0.00567629,0.005858182,-0.140757605,-0.150984585,-0.139420122,-0.129193142,0.139420122,0.129193142,0.140757605,0.150984585,0.116412981,0.003619837,0.013001665
35.55966997,0.9711198,-0.238592403,0,0,-0.48183227,0,0,0.983171582,-0.182561219,0.002941386,-0.006049959,-0.367213191,0.003574805,-0.012970704,-0.085715957,0.000401586,0.002782793,-0.140360639,-0.00582909,0.006266447,-0.140797973,-0.152456149,-0.139923245,-0.128265068,0.139923245,0.128265068,0.140797973,0.152456149,0.114619079,0.003574805,0.012970704
35.61671996,0.970916666,-0.239417685,0,0,-0.483532098,0,0,0.98285526,-0.184258059,0.002936558,-0.006002951,-0.370665162,0.003560245,-0.012882669,-0.084708631,0.001925975,0.004350394,-0.141560042,-0.005390816,0.005841067,-0.140797973,-0.152456149,-0.139923245,-0.128265068,0.139923245,0.128265068,0.140797973,0.152456149,0.112866936,0.003560245,0.012882669
35.65734983,0.970716907,-0.240226324,0,0,-0.485197991,0,0,0.982456625,-0.186374083,0.002891679,-0.005948142,-0.374970933,0.003464745,-0.012765874,-0.082169481,-0.003165007,0.002183765,-0.141735543,-0.005802435,0.005521272,-0.142010272,-0.152791888,-0.14110975,-0.130328134,0.14110975,0.130328134,0.142010272,0.152791888,0.110227058,0.003464745,0.012765874
35.70649982,0.970520578,-0.241018271,0,0,-0.486829831,0,0,0.982135177,-0.1880631,0.002899239,-0.005881101,-0.378409575,0.003482859,-0.012642963,-0.084464252,0.00609234,0.006649644,-0.141973624,-0.004341951,0.005819383,-0.141454354,-0.153059214,-0.142016664,-0.130411804,0.142016664,0.130411804,0.141454354,0.153059214,0.108420256,0.003482859,0.012642963
35.76861,0.970138429,-0.242551909,0,0,-0.489990896,0,0,0.981747329,-0.190080002,0.002859748,-0.005815206,-0.382516643,0.003404396,-0.012505682,-0.079809129,-0.00115484,0.003544241,-0.142279252,-0.006896109,0.004993825,-0.143451035,-0.152134925,-0.140496165,-0.13181226,0.140496165,0.13181226,0.143451035,0.152134925,0.107474253,0.003404396,0.012505682
35.81016994,0.969952714,-0.24329351,0,0,-0.491519899,0,0,0.981518328,-0.191261202,0.002842801,-0.005747745,-0.384922711,0.003381887,-0.012370853,-0.07963331,-0.004340709,0.007990749,-0.14233054,-0.003918099,0.004609638,-0.14037694,-0.154169157,-0.144181505,-0.130389288,0.144181505,0.130389288,0.14037694,0.154169157,0.106597188,0.003381887,0.012370853
35.8582499,0.969680987,-0.24437427,0,0,-0.493748691,0,0,0.98081547,-0.194838986,0.002779441,-0.005582131,-0.392213996,0.003277009,-0.012033522,-0.083436094,-0.002238154,0.00722632,-0.142823243,-0.004527276,0.005573718,-0.143022045,-0.150858238,-0.141638964,-0.133802772,0.141638964,0.133802772,0.143022045,0.150858238,0.101534695,0.003277009,0.012033522
35.90956998,0.969417623,-0.245416935,0,0,-0.495899514,0,0,0.980501354,-0.196416184,0.002758062,-0.005513143,-0.395429976,0.003242831,-0.011895085,-0.07485003,-0.00064373,-0.000983477,-0.141915258,-0.004390774,0.004550304,-0.143869653,-0.15292421,-0.14177677,-0.132722214,0.14177677,0.132722214,0.143869653,0.15292421,0.100469538,0.003242831,0.011895085
35.95182991,0.969331723,-0.245756,0,0,-0.496599069,0,0,0.980186582,-0.197982565,0.002742951,-0.005447064,-0.398625082,0.003220365,-0.011764723,-0.078062713,0.000344962,0.007999688,-0.143218287,-0.004830615,0.005846628,-0.142074764,-0.150856301,-0.1417557,-0.132974148,0.1417557,0.132974148,0.142074764,0.150856301,0.097973987,0.003220365,0.011764723
36.00459981,0.969162788,-0.246421369,0,0,-0.497972028,0,0,0.979726672,-0.200250417,0.002700276,-0.005332307,-0.403252448,0.003155475,-0.01153018,-0.074890263,-0.003635883,0.004649908,-0.142410758,-0.005043576,0.004269825,-0.14423427,-0.153895497,-0.142202243,-0.132541016,0.142202243,0.132541016,0.14423427,0.153895497,0.09471958,0.003155475,0.01153018
36.04761982,0.968997714,-0.247069688,0,0,-0.499310038,0,0,0.979414821,-0.201772824,0.002676149,-0.005224012,-0.406360076,0.003133997,-0.011313193,-0.079928339,-0.00526011,0.007311256,-0.142526106,-0.003890204,0.004697074,-0.141636983,-0.15172413,-0.143184468,-0.133097336,0.143184468,0.133097336,0.141636983,0.15172413,0.092949962,0.003133997,0.011313193
36.10887003,0.96867933,-0.248315032,0,0,-0.501880836,0,0,0.979103923,-0.203280136,0.002641328,-0.005093303,-0.409437614,0.003101539,-0.01104788,-0.074678667,-0.002563,0.002031774,-0.142008578,-0.003371531,0.004122957,-0.143332943,-0.151113346,-0.141719207,-0.133938804,0.141719207,0.133938804,0.143332943,0.151113346,0.092443222,0.003101539,0.01104788
36.15281987,0.968526109,-0.248911986,0,0,-0.503113444,0,0,0.97880888,-0.204699352,0.002614993,-0.004966232,-0.412336302,0.003085993,-0.010792817,-0.071839988,-0.000725687,0.011862069,-0.142734339,-0.004480443,0.003081184,-0.142759979,-0.149503037,-0.141257122,-0.134514064,0.141257122,0.134514064,0.142759979,0.149503037,0.090777142,0.003085993,0.010792817
36.20997,0.968303859,-0.249775173,0,0,-0.504896123,0,0,0.978149116,-0.207838684,0.002518577,-0.004596353,-0.418750708,0.003016492,-0.010038966,-0.060674556,-0.001421571,0.00594482,-0.143081223,-0.002928042,0.003353098,-0.141335055,-0.150295928,-0.144133568,-0.13517268,0.144133568,0.13517268,0.141335055,0.150295928,0.086145415,0.003016492,0.010038966
36.25836992,0.968090831,-0.250599568,0,0,-0.506599072,0,0,0.97787118,-0.209146902,0.002475376,-0.004422823,-0.421424919,0.002991163,-0.00968553,-0.065925725,-0.005169213,0.016186386,-0.145214426,-0.004107106,0.003653537,-0.143506244,-0.149362326,-0.142656133,-0.136800051,0.142656133,0.136800051,0.143506244,0.149362326,0.085174153,0.002991163,0.00968553
36.29855991,0.968021894,-0.250865728,0,0,-0.507148958,0,0,0.977588356,-0.21047011,0.002462415,-0.004177622,-0.424130723,0.003055932,-0.009204689,-0.06390661,-0.007788837,0.014407189,-0.143660444,-0.002949509,0.00174615,-0.144760832,-0.152975038,-0.145667955,-0.13745375,0.145667955,0.13745375,0.144760832,0.152975038,0.083018235,0.003055932,0.009204689
36.35018993,0.967887156,-0.251385068,0,0,-0.508222024,0,0,0.977240324,-0.212085113,0.002315364,-0.004001738,-0.427433298,0.002827919,-0.008803576,-0.059525669,-0.002755225,0.006143004,-0.143917362,-0.002157625,0.00175375,-0.142457053,-0.148356065,-0.144863769,-0.138964757,0.144863769,0.138964757,0.142457053,0.148356065,0.080788726,0.002827919,0.008803576
36.40420985,0.96763036,-0.252371724,0,0,-0.510261078,0,0,0.97697556,-0.213304728,0.002340602,-0.003824533,-0.429929382,0.002941844,-0.00847161,-0.059248518,-0.002498925,0.011516363,-0.14449451,-0.00332985,0.002975368,-0.143513456,-0.147828698,-0.144321203,-0.140005961,0.144321203,0.140005961,0.143513456,0.147828698,0.080331696,0.002941844,0.00847161
36.47825003,0.967448994,-0.253066087,0,0,-0.511696394,0,0,0.976438344,-0.215757489,0.0022624,-0.003470339,-0.434950098,0.002920689,-0.007753513,-0.061507523,-0.011520089,0.0040479,-0.144836633,-0.004112471,0.001561976,-0.14413999,-0.150799692,-0.144848958,-0.138189256,0.144848958,0.138189256,0.14413999,0.150799692,0.076746296,0.002920689,0.007753513
36.52745986,0.967222363,-0.253930896,0,0,-0.513484417,0,0,0.976164281,-0.216997579,0.002083569,-0.003352858,-0.437488553,0.00261269,-0.007450233,-0.055633489,-0.008517504,0.005600602,-0.144045128,-0.000737557,0.002697457,-0.142286107,-0.150511041,-0.147387087,-0.139162153,0.147387087,0.139162153,0.142286107,0.150511041,0.075995864,0.00261269,0.007450233
36.55866981,0.967222363,-0.253930896,0,0,-0.513484417,0,0,0.975865185,-0.218341306,0.002084492,-0.003148416,-0.440241567,0.002693512,-0.007055204,-0.051626567,0.003584475,0.01353547,-0.144817236,-0.00131637,0.002356602,-0.14600499,-0.147480115,-0.142085195,-0.140610084,0.142085195,0.140610084,0.14600499,0.147480115,0.07324285,0.002693512,0.007055204
36.59961987,0.967115629,-0.2543371,0,0,-0.514324402,0,0,0.975626707,-0.219407022,0.002118069,-0.002940038,-0.442425701,0.002842763,-0.006666275,-0.053733587,-0.004453957,0.009857862,-0.145363279,-0.004489584,0.000812593,-0.145857438,-0.148490176,-0.143776968,-0.141144231,0.143776968,0.141144231,0.145857438,0.148490176,0.071898701,0.002842763,0.006666275
36.64880991,0.967013321,-0.254725806,0,0,-0.515128291,0,0,0.975383699,-0.220487595,0.001996388,-0.002837877,-0.44463984,0.002643057,-0.00641646,-0.052683059,-0.008322299,0.00225082,-0.144741325,-0.002312035,0.001158622,-0.141686261,-0.150665417,-0.149040237,-0.140061066,0.149040237,0.140061066,0.141686261,0.150665417,0.070488451,0.002643057,0.00641646
36.70196986,0.966822099,-0.255450638,0,0,-0.516627553,0,0,0.975151539,-0.221514955,0.00185929,-0.002688067,-0.446745289,0.002435286,-0.006066322,-0.049278148,-0.002497435,0.008701534,-0.144759054,-0.001122736,0.002335931,-0.145972222,-0.148217693,-0.143545821,-0.14130035,0.143545821,0.14130035,0.145972222,0.148217693,0.069882264,0.002435286,0.006066322
36.75664997,0.966733238,-0.255786723,0,0,-0.517322821,0,0,0.974837959,-0.222894534,0.001829186,-0.002401093,-0.449574314,0.002495941,-0.005496828,-0.039999191,-0.006210804,0.009384006,-0.146838723,-0.001357538,0.000686743,-0.145972222,-0.148217693,-0.143545821,-0.14130035,0.143545821,0.14130035,0.145972222,0.148217693,0.067748507,0.002495941,0.005496828
36.80748987,0.966608451,-0.256257884,0,0,-0.518297633,0,0,0.974443316,-0.224617913,0.001678396,-0.002076023,-0.453109054,0.00233838,-0.004799961,-0.037896633,-0.002713502,0.006444008,-0.146576468,-0.001631921,0.000922853,-0.146167889,-0.14888297,-0.147509485,-0.144794405,0.147509485,0.144794405,0.146167889,0.14888297,0.065188579,0.00233838,0.004799961
36.85382986,0.966493939,-0.256689433,0,0,-0.5191906,0,0,0.97424376,-0.225484043,0.001637206,-0.001875092,-0.454886239,0.00234447,-0.004391946,-0.037439164,-0.006118417,0.007612257,-0.147319101,-0.00200812,0.000846012,-0.145867363,-0.149131209,-0.147285506,-0.14402166,0.147285506,0.14402166,0.145867363,0.149131209,0.064304361,0.00234447,0.004391946
36.89635992,0.966458065,-0.25682447,0,0,-0.519470043,0,0,0.974009156,-0.226497918,0.001628077,-0.001601344,-0.456967141,0.002446123,-0.00385698,-0.036272403,-0.004348158,0.013030321,-0.147065816,-0.00098759,0.000422989,-0.146156967,-0.150173202,-0.148481175,-0.14446494,0.148481175,0.14446494,0.146156967,0.150173202,0.062502902,0.002446123,0.00385698
36.9474299,0.966389775,-0.257081316,0,0,-0.520001581,0,0,0.973823011,-0.227298424,0.001527308,-0.001406349,-0.458610163,0.002335336,-0.003433395,-0.039371848,-0.01153499,0.009978563,-0.14701973,-0.001339635,-0.000793671,-0.146501184,-0.148476362,-0.147630379,-0.1456552,0.147630379,0.1456552,0.146501184,0.148476362,0.061391418,0.002335336,0.003433395
37.00163984,0.966267095,-0.257542039,0,0,-0.520955135,0,0,0.973636329,-0.228098527,0.001444939,-0.001216815,-0.460252763,0.002258584,-0.00302866,-0.040155649,0.003004819,0.015293807,-0.146418647,0.000746921,-0.000496327,-0.144886389,-0.147565663,-0.149153009,-0.146473736,0.149153009,0.146473736,0.144886389,0.147565663,0.060702372,0.002258584,0.00302866
37.05227995,0.966212738,-0.257745891,0,0,-0.521377084,0,0,0.973454475,-0.228874415,0.001426711,-0.000977826,-0.461846154,0.00233008,-0.002556823,-0.037801266,-0.005483628,0.012751669,-0.146032343,-0.00292137,-0.001552965,-0.146669209,-0.145175368,-0.146168023,-0.147661865,0.146168023,0.147661865,0.146669209,0.145175368,0.05953093,0.00233008,0.002556823
37.10193992,0.966139976,-0.2580185,0,0,-0.521941389,0,0,0.973238945,-0.229790509,0.001383511,-0.000679977,-0.463727722,0.002380472,-0.001959403,-0.031177701,-0.00460744,0.011015683,-0.147254877,-0.000672769,-0.0014596,-0.141557977,-0.147400722,-0.150506645,-0.1446639,0.150506645,0.1446639,0.141557977,0.147400722,0.058213667,0.002380472,0.001959403
37.16215992,0.966059404,-0.258320012,0,0,-0.522565573,0,0,0.972909331,-0.231183961,0.001195992,-0.000327672,-0.4665905,0.00217568,-0.001190582,-0.031563643,-0.001700223,0.010565668,-0.14643227,0.001503574,-0.000297797,-0.145122483,-0.146468014,-0.149387211,-0.14804168,0.149387211,0.14804168,0.145122483,0.146468014,0.055975073,0.00217568,0.001190582
37.2025199,0.966042206,-0.258384317,0,0,-0.522698703,0,0,0.972751677,-0.231846496,0.001200139,-0.000140746,-0.467952217,0.002269614,-0.00083032,-0.03007949,-0.005429984,0.009915978,-0.146708719,-0.0010877,-0.001734053,-0.147638008,-0.144630864,-0.145226464,-0.148233607,0.145226464,0.148233607,0.147638008,0.144630864,0.054746486,0.002269614,0.00083032
37.24952984,0.966011356,-0.258499634,0,0,-0.522937448,0,0,0.972578347,-0.232572675,0.001132952,-5.95E-06,-0.469445024,0.002201003,-0.000538565,-0.019626319,-0.004254282,0.0017263,-0.146776025,-5.24E-05,-0.0018512,-0.143886939,-0.146062329,-0.149530441,-0.147355035,0.149530441,0.147355035,0.143886939,0.146062329,0.053492424,0.002201003,0.000538565
37.30725002,0.965973954,-0.258639363,0,0,-0.523226744,0,0,0.97246176,-0.233060464,0.001044588,2.99E-05,-0.470447927,0.002045588,-0.000428727,-0.024230782,-0.004045666,0.006843359,-0.148786116,-0.000267137,-0.000620544,-0.144872352,-0.144977227,-0.148679629,-0.148574755,0.148679629,0.148574755,0.144872352,0.144977227,0.052778817,0.002045588,0.000428727
37.35939002,0.965954946,-0.258710345,0,0,-0.523373709,0,0,0.972319365,-0.233653516,0.001043295,0.000151807,-0.471667505,0.002099774,-0.000192331,-0.027385356,-0.00641197,0.009144098,-0.147609909,-0.000183277,-0.00148908,-0.147898406,-0.148432672,-0.14967376,-0.149139494,0.14967376,0.149139494,0.147898406,0.148432672,0.051706204,0.002099774,0.000192331
37.4031198,0.965940685,-0.258763584,0,0,-0.523483942,0,0,0.971999705,-0.234980091,0.000955324,0.000215382,-0.474396427,0.001958372,-3.03E-05,-0.026787817,-0.000718236,0.004860014,-0.14616148,-0.001020506,-0.000662075,-0.145937517,-0.146304071,-0.149282232,-0.148915678,0.149282232,0.148915678,0.145937517,0.146304071,0.049087515,0.001958372,0.0000303
37.46341992,0.965928204,-0.258810171,0,0,-0.523580402,0,0,0.971885383,-0.235452443,0.000935384,0.000210478,-0.475368406,0.001917289,-3.14E-05,-0.018316507,-0.000655651,-0.003127754,-0.146062913,-0.000882139,-0.001341456,-0.144478872,-0.146519884,-0.147844031,-0.145803019,0.147844031,0.145803019,0.144478872,0.146519884,0.048211996,0.001917289,0.0000314
37.51612997,0.965928204,-0.258810171,0,0,-0.523580402,0,0,0.971766174,-0.235944211,0.000907194,0.000173736,-0.476380481,0.001845145,-9.04E-05,-0.021015113,-0.000867248,-0.001828373,-0.147578058,-0.0009019,1.93E-06,-0.146678045,-0.148481846,-0.148478001,-0.146674201,0.148478001,0.146674201,0.146678045,0.148481846,0.047199921,0.001845145,0.0000904
37.55973983,0.965935337,-0.25878355,0,0,-0.523525281,0,0,0.971630871,-0.236501038,0.000885467,0.000182775,-0.477526515,0.001807149,-6.36E-05,-0.028288364,0.000173599,0.006211549,-0.146689146,-0.000821835,-0.000164178,-0.146678045,-0.148481846,-0.148478001,-0.146674201,0.148478001,0.146674201,0.146678045,0.148481846,0.045998766,0.001807149,0.0000636
37.60817981,0.965947222,-0.258739182,0,0,-0.523433417,0,0,0.971470594,-0.237158522,0.000894136,0.000145382,-0.478880061,0.001806212,-0.000141635,-0.021868946,-0.001356006,-0.000758469,-0.144773683,-0.001039705,-0.001506631,-0.145703107,-0.147346765,-0.147675127,-0.146031454,0.147675127,0.146031454,0.145703107,0.147346765,0.044553356,0.001806212,0.000141635
37.65953994,0.965963857,-0.258677071,0,0,-0.523304818,0,0,0.971362531,-0.237600774,0.000876517,8.38E-05,-0.47979068,0.001742673,-0.000253646,-0.016516447,0.00377968,-0.000485778,-0.145674981,-0.000688181,-0.000306599,-0.142227322,-0.144306719,-0.147319987,-0.145240575,0.147319987,0.145240575,0.142227322,0.144306719,0.043514138,0.001742673,0.000253646
37.71109986,0.965985237,-0.258597221,0,0,-0.52313949,0,0,0.971170187,-0.238385901,0.000927923,-2.64E-06,-0.481407552,0.001801083,-0.000447543,-0.018230081,0.005168468,-0.002422929,-0.145825537,-0.00111333,-0.000472014,-0.144680172,-0.146056533,-0.146669731,-0.14529337,0.146669731,0.14529337,0.144680172,0.146056533,0.041731938,0.001801083,0.000447543
37.75664997,0.966011356,-0.258499634,0,0,-0.522937447,0,0,0.971048236,-0.238882199,0.000921463,-6.14E-05,-0.482429764,0.001760247,-0.000559443,-0.01655072,0.000678748,0.002338737,-0.145521705,-0.002477978,0.000146194,-0.144240156,-0.146466821,-0.147410855,-0.145184189,0.147410855,0.145184189,0.144240156,0.146466821,0.040507683,0.001760247,0.000559443
37.80673981,0.966059404,-0.258320012,0,0,-0.522565573,0,0,0.970977485,-0.239169359,0.000904672,-0.000109333,-0.483021317,0.001704535,-0.00064506,-0.009943545,-0.003272295,-8.20E-05,-0.14538009,-0.001321207,-0.000586046,-0.143472806,-0.146115214,-0.147287309,-0.144644901,0.147287309,0.144644901,0.143472806,0.146115214,0.039544256,0.001704535,0.00064506
37.86161995,0.966139976,-0.2580185,0,0,-0.521941389,0,0,0.970931351,-0.239356399,0.000893003,-0.00020831,-0.483406737,0.001634369,-0.000832002,-0.009049476,0.003299862,-0.000989437,-0.146262507,-0.000313677,-0.000129492,-0.143472806,-0.146115214,-0.147287309,-0.144644901,0.147287309,0.144644901,0.143472806,0.146115214,0.038534652,0.001634369,0.000832002
37.90918994,0.966187313,-0.257841184,0,0,-0.521574338,0,0,0.970883608,-0.239550099,0.000948347,-0.000199221,-0.483805787,0.001746022,-0.000841195,-0.011630356,-0.001452863,0.002618879,-0.146140454,-0.002024243,0.000153706,-0.145819306,-0.14644666,-0.146705642,-0.146078289,0.146705642,0.146078289,0.145819306,0.14644666,0.037768551,0.001746022,0.000841195
37.9605999,0.966239333,-0.257646175,0,0,-0.521170681,0,0,0.970827103,-0.2397791,0.000894895,-0.000245925,-0.484277525,0.001619642,-0.000906656,-0.007387996,-0.001737475,0.003739446,-0.145257133,-0.000860307,-0.000483826,-0.144269884,-0.148318365,-0.148010954,-0.143962473,0.148010954,0.143962473,0.144269884,0.148318365,0.036893156,0.001619642,0.000906656
38.00313997,0.966296022,-0.257433483,0,0,-0.520730446,0,0,0.970774233,-0.239993021,0.000916296,-0.000209164,-0.484718216,0.001678637,-0.000845912,-0.008557738,0.002735108,0.000668317,-0.145404065,-0.001905132,-0.000128917,-0.143369988,-0.147180244,-0.147438079,-0.143627822,0.147438079,0.143627822,0.143369988,0.147180244,0.03601223,0.001678637,0.000845912
38.05597997,0.966357364,-0.25720312,0,0,-0.520253665,0,0,0.970714748,-0.240233526,0.000873142,-0.000182471,-0.485213632,0.001607472,-0.000773772,-0.007845462,9.16E-05,0.006551296,-0.146639798,-1.43E-05,0.000118217,-0.143369988,-0.147180244,-0.147438079,-0.143627822,0.147438079,0.143627822,0.143369988,0.147180244,0.035040033,0.001607472,0.000773772
38.10250998,0.966458065,-0.25682447,0,0,-0.519470043,0,0,0.970674515,-0.240395904,0.00084915,-0.000152846,-0.485548142,0.00157501,-0.000704992,-0.006687642,-0.004155934,0.00237599,-0.144716995,-0.001152281,-0.001132613,-0.142432064,-0.144736633,-0.147001863,-0.144697294,0.147001863,0.144697294,0.142432064,0.144736633,0.033921901,0.00157501,0.000704992
38.14886999,0.966608451,-0.256257883,0,0,-0.518297633,0,0,0.970633388,-0.240562499,0.000820458,-9.17E-05,-0.485891223,0.001548592,-0.000572823,-0.003184379,-0.000305474,0.002474338,-0.144217313,-3.87E-05,-0.000472271,-0.143706352,-0.143783674,-0.144728214,-0.144650891,0.144728214,0.144650891,0.143706352,0.143783674,0.03240641,0.001548592,0.000572823
38.19774986,0.966690505,-0.255948174,0,0,-0.517656843,0,0,0.970616758,-0.240629226,0.00078437,-2.11E-05,-0.486028633,0.001512493,-0.00041844,0.006446989,-0.005622209,0.00685081,-0.144507752,-0.000966482,-0.000542996,-0.142998248,-0.144931212,-0.146017194,-0.14408423,0.146017194,0.14408423,0.142998248,0.144931212,0.03162821,0.001512493,0.00041844
38.24941993,0.966777103,-0.255620876,0,0,-0.516979722,0,0,0.970624804,-0.240597069,0.000743625,2.26E-05,-0.485962248,0.001454433,-0.000313978,-0.002837181,0.002207607,0.002641231,-0.146126804,0.000453548,-0.001354686,-0.142998248,-0.144931212,-0.146017194,-0.14408423,0.146017194,0.14408423,0.142998248,0.144931212,0.031017474,0.001454433,0.000313978
38.29821992,0.966868222,-0.255276008,0,0,-0.516266317,0,0,0.970627069,-0.240588039,0.000715575,9.52E-05,-0.485943515,0.001434901,-0.000159589,0.004728884,-0.005105139,0.003186614,-0.144919036,-0.000821702,-0.001045865,-0.143051445,-0.144694835,-0.146786571,-0.145143166,0.146786571,0.145143166,0.143051445,0.144694835,0.030322802,0.001434901,0.000159589
38.34720993,0.966963837,-0.25491359,0,0,-0.51551668,0,0,0.97065866,-0.240460858,0.000668173,0.000109495,-0.485681382,0.001349794,-0.000108775,0.012861937,-0.003671646,0.001821667,-0.14677428,0.00013297,-0.000630099,-0.146277115,-0.146011174,-0.14727138,-0.147537321,0.14727138,0.147537321,0.146277115,0.146011174,0.029835298,0.001349794,0.000108775
38.39833999,0.96706392,-0.254533641,0,0,-0.514730861,0,0,0.970763624,-0.240036726,0.000664911,0.000260518,-0.484807322,0.001416012,0.000186598,0.013641268,-0.003160537,0.004001707,-0.146536977,-0.000226367,-0.001164309,-0.145146266,-0.145599008,-0.147927627,-0.147474885,0.147927627,0.147474885,0.145146266,0.145599008,0.029923539,0.001416012,0.000186598
38.45179987,0.967277382,-0.253721239,0,0,-0.513050905,0,0,0.970801115,-0.239884749,0.00063734,0.000342687,-0.484494136,0.001401872,0.000359586,0.006823987,-0.002110004,0.003426522,-0.146067049,6.74E-05,-0.001166336,-0.145146266,-0.145599008,-0.147927627,-0.147474885,0.147927627,0.147474885,0.145146266,0.145599008,0.028556769,0.001401872,0.000359586
38.50319982,0.967448994,-0.253066086,0,0,-0.511696392,0,0,0.97084856,-0.239692688,0.000592794,0.000428682,-0.484098347,0.001356532,0.000548194,0.009001047,-0.000792742,0.005174428,-0.143731744,-0.000129912,-0.001155707,-0.144968122,-0.144833237,-0.147165909,-0.147300795,0.147165909,0.147300795,0.144968122,0.144833237,0.027598045,0.001356532,0.000548194
38.56039,0.967568828,-0.252607529,0,0,-0.51074848,0,0,0.970885932,-0.23954092,0.000554793,0.000517084,-0.483785626,0.001325008,0.000738269,0.007248669,-0.003437697,0.004149228,-0.143781856,-0.000372985,-0.001531446,-0.142446101,-0.142705917,-0.145017326,-0.144757509,0.145017326,0.144757509,0.142446101,0.142705917,0.026962854,0.001325008,0.000738269
38.60629988,0.967692963,-0.252131571,0,0,-0.509764721,0,0,0.970889747,-0.239525616,0.000520807,0.000618125,-0.48375395,0.001307406,0.00095077,-0.001870096,-0.003503263,0.005681068,-0.142958044,0.00037184,-0.001458161,-0.141877398,-0.142623365,-0.145686254,-0.144940287,0.145686254,0.144940287,0.141877398,0.142623365,0.026010771,0.001307406,0.00095077
38.64856982,0.967821366,-0.25163824,0,0,-0.508745185,0,0,0.97089529,-0.239502639,0.000504135,0.000724102,-0.483706527,0.001325774,0.001164572,0.004480035,-0.003488362,0.006050617,-0.141834038,0.000528594,-0.002002028,-0.141871691,-0.141128004,-0.14404434,-0.144788012,0.14404434,0.144788012,0.141871691,0.141128004,0.025038658,0.001325774,0.001164572
38.69625998,0.967954001,-0.251127562,0,0,-0.507689944,0,0,0.970966399,-0.239213973,0.000468479,0.000923507,-0.483111649,0.001351587,0.001569258,0.014617294,-0.001353026,0.003377348,-0.141071317,-0.000254698,-0.002209263,-0.140360579,-0.139303386,-0.143307447,-0.144364625,0.143307447,0.144364625,0.140360579,0.139303386,0.024578295,0.001351587,0.001569258
38.75533986,0.968303859,-0.249775172,0,0,-0.504896121,0,0,0.971041441,-0.238909051,0.000441932,0.000953617,-0.482483589,0.001313924,0.001640843,0.02020672,0.000175089,0.006911904,-0.142021947,9.16E-05,-0.00177342,-0.138607323,-0.139116719,-0.143535241,-0.143025845,0.143535241,0.143025845,0.138607323,0.139116719,0.022412532,0.001313924,0.001640843
38.80119991,0.968451009,-0.249204017,0,0,-0.50371651,0,0,0.971116126,-0.238605171,0.000450013,0.001028957,-0.481857605,0.001365058,0.001783724,0.018914791,-0.001469254,0.003308803,-0.142729739,-0.000240413,-0.002386954,-0.140340135,-0.140156865,-0.143703699,-0.143886968,0.143703699,0.143886968,0.140340135,0.140156865,0.021858905,0.001365058,0.001783724
38.85092998,0.968602218,-0.248615655,0,0,-0.502501547,0,0,0.971290529,-0.237893805,0.000429051,0.001064398,-0.480392706,0.001339894,0.001863546,0.028628858,0.000526756,0.00262633,-0.141966527,0.000178232,-0.00187986,-0.140102342,-0.140583172,-0.145357072,-0.144876242,0.145357072,0.144876242,0.140102342,0.140583172,0.022108841,0.001339894,0.001863546
38.90048003,0.968757442,-0.248010119,0,0,-0.501251316,0,0,0.971443176,-0.2372697,0.000432325,0.00108381,-0.479107663,0.001354269,0.001900567,0.038089603,-0.001770258,0.003557652,-0.146099614,0.000287739,-0.001980119,-0.140264869,-0.139908403,-0.14366813,-0.144024596,0.14366813,0.144024596,0.140264869,0.139908403,0.022143653,0.001354269,0.001900567
38.94781995,0.968916639,-0.247387442,0,0,-0.499965906,0,0,0.971616745,-0.236557752,0.000468392,0.0010702,-0.477642033,0.001416524,0.001858049,0.036092851,0.001440197,0.000885874,-0.145388781,-0.000562346,-0.001521908,-0.144407198,-0.14383173,-0.147791967,-0.148367435,0.147791967,0.148367435,0.144407198,0.14383173,0.022323873,0.001416524,0.001858049
38.99606991,0.969079765,-0.246747661,0,0,-0.498645406,0,0,0.971975446,-0.235079944,0.000460036,0.001023326,-0.474600692,0.001375415,0.001773008,0.037076328,0.001513213,-0.002409518,-0.146023045,0.000348994,-0.001535719,-0.143304497,-0.144429192,-0.147473007,-0.146348312,0.147473007,0.146348312,0.143304497,0.144429192,0.024044714,0.001375415,0.001773008
39.05541992,0.969504472,-0.24507362,0,0,-0.495191255,0,0,0.972209215,-0.234111518,0.000472617,0.000951248,-0.472608316,0.001364362,0.001628337,0.044026226,0.005120785,-2.38E-05,-0.14448369,-0.000109374,-0.000302332,-0.144836292,-0.144138306,-0.147209734,-0.147907719,0.147209734,0.147907719,0.144836292,0.144138306,0.022582939,0.001364362,0.001628337
39.10276985,0.969770642,-0.244018242,0,0,-0.493014405,0,0,0.972381413,-0.233395547,0.00051789,0.000878374,-0.471135612,0.00141719,0.001466484,0.031494353,-0.001573563,-0.004379451,-0.145064818,-0.001520709,-0.00122422,-0.144071952,-0.144290701,-0.14489536,-0.144676611,0.14489536,0.144676611,0.144071952,0.144290701,0.021878793,0.00141719,0.001466484
39.15085983,0.96986122,-0.243657987,0,0,-0.49227147,0,0,0.972509801,-0.232860103,0.000536007,0.000792583,-0.470034497,0.001411667,0.001291962,0.025016816,0.003720075,-0.00038743,-0.142036821,3.53E-05,-0.000439894,-0.142319858,-0.145361274,-0.147809714,-0.144768298,0.147809714,0.144768298,0.142319858,0.145361274,0.022236973,0.001411667,0.001291962
39.2014699,0.97004512,-0.242924814,0,0,-0.490759701,0,0,0.972652793,-0.232262194,0.000560061,0.000648524,-0.468805172,0.001390745,0.001001416,0.023140758,0.005016476,-0.006537139,-0.140109452,-0.001747483,0.000191293,-0.141632199,-0.141561598,-0.142441377,-0.142511979,0.142441377,0.142511979,0.141632199,0.141561598,0.021954529,0.001390745,0.001001416
39.24656987,0.970232637,-0.242174794,0,0,-0.489213489,0,0,0.972761571,-0.231806949,0.000593184,0.00053724,-0.467869206,0.001403125,0.000770204,0.023110956,0.004469604,-0.004413724,-0.139519312,-0.001687478,-4.28E-05,-0.137789011,-0.14116396,-0.141249552,-0.137874603,0.141249552,0.137874603,0.137789011,0.14116396,0.021344283,0.001403125,0.000770204
39.29597998,0.970423718,-0.24140797,0,0,-0.487632943,0,0,0.972868025,-0.231360108,0.000618453,0.000426958,-0.466950671,0.001400908,0.000544578,0.027687103,0.001514703,-0.003103912,-0.139874601,-0.001016939,-0.000144988,-0.137789011,-0.14116396,-0.141249552,-0.137874603,0.141249552,0.137874603,0.137789011,0.14116396,0.020682272,0.001400908,0.000544578
39.35309982,0.970816361,-0.239824087,0,0,-0.484369292,0,0,0.973105371,-0.230359554,0.000687623,0.000141268,-0.464894444,0.001403344,-4.19E-05,0.028318917,-0.000733137,-0.005419552,-0.137699054,-0.002561748,0.000794184,-0.135931462,-0.141054958,-0.139466584,-0.134343088,0.139466584,0.134343088,0.135931462,0.141054958,0.019474848,0.001403344,0.0000419
39.40199995,0.9711198,-0.238592402,0,0,-0.481832267,0,0,0.973247945,-0.229756698,0.000727848,-1.71E-05,-0.463655701,0.001408912,-0.00036767,0.032913689,0.004130602,-0.005325676,-0.137404443,-0.000651549,0.000554665,-0.135931462,-0.141054958,-0.139466584,-0.134343088,0.139466584,0.134343088,0.135931462,0.141054958,0.018176566,0.001408912,0.00036767
39.45455003,0.971430705,-0.237323377,0,0,-0.479219156,0,0,0.973418295,-0.229033545,0.000751935,-0.000180557,-0.462170028,0.001381187,-0.000695952,0.040084869,0.00494495,-0.006350875,-0.137287193,-0.001966808,0.000725473,-0.137307525,-0.138610631,-0.137501299,-0.136198193,0.137501299,0.136198193,0.137307525,0.138610631,0.017049128,0.001381187,0.000695952
39.49756003,0.971535966,-0.236892099,0,0,-0.478331282,0,0,0.973608494,-0.228223085,0.000795986,-0.000341174,-0.460505308,0.001394231,-0.001027666,0.044091791,0.007282943,-0.004270673,-0.138727015,-0.00225504,0.001084161,-0.136045828,-0.139979437,-0.138528496,-0.134594887,0.138528496,0.134594887,0.136045828,0.139979437,0.017825974,0.001394231,0.001027666
39.54663992,0.971748883,-0.236017178,0,0,-0.476530371,0,0,0.973819911,-0.227318883,0.000841235,-0.00052689,-0.458648396,0.001398878,-0.001408652,0.048353516,0.002666563,-0.006192923,-0.140470751,-0.001925139,0.001436301,-0.137556106,-0.142066181,-0.139897868,-0.135387778,0.139897868,0.135387778,0.137556106,0.142066181,0.017881975,0.001398878,0.001408652
39.60255981,0.972184089,-0.234218055,0,0,-0.472828343,0,0,0.974457502,-0.224568427,0.000950451,-0.000970863,-0.453002267,0.001416299,-0.002319017,0.064224757,0.003086776,-0.004684925,-0.141213343,-0.002665472,0.002215379,-0.139981881,-0.143832162,-0.140959561,-0.13710928,0.140959561,0.13710928,0.139981881,0.143832162,0.019826076,0.001416299,0.002319017
39.65299988,0.972406257,-0.233293958,0,0,-0.470927487,0,0,0.974762559,-0.223239481,0.001037146,-0.001116205,-0.450275616,0.001523581,-0.002639139,0.0694938,0.009470434,-0.00218004,-0.14231808,-0.002316112,0.001681773,-0.140763223,-0.146094158,-0.141663402,-0.136332467,0.141663402,0.136332467,0.140763223,0.146094158,0.020651871,0.001523581,0.002639139
39.70243001,0.972631387,-0.232353577,0,0,-0.46899358,0,0,0.975067556,-0.22190243,0.001065022,-0.001293889,-0.447533059,0.001502703,-0.002995927,0.068048388,0.004657358,-0.007095933,-0.142590965,-0.004014864,0.001428211,-0.141683713,-0.146315932,-0.142952383,-0.138320163,0.142952383,0.138320163,0.141683713,0.146315932,0.021460521,0.001502703,0.002995927
39.75574994,0.972974498,-0.230912595,0,0,-0.466031045,0,0,0.975436866,-0.220271856,0.00110487,-0.001459261,-0.444189576,0.001512594,-0.003333586,0.067999214,0.002711267,-0.001081824,-0.141425947,-0.002956,0.002443007,-0.140004277,-0.148034006,-0.145177588,-0.137147859,0.145177588,0.137147859,0.140004277,0.148034006,0.021841469,0.001512594,0.003333586
39.80878997,0.973441754,-0.228934822,0,0,-0.461966605,0,0,0.975702226,-0.21909301,0.001129488,-0.001549408,-0.441773047,0.001525158,-0.003518458,0.057413429,0.003413112,-0.000444055,-0.140682239,-0.002573859,0.001621461,-0.14091292,-0.146824926,-0.14193891,-0.136026904,0.14193891,0.136026904,0.14091292,0.146824926,0.020193558,0.001525158,0.003518458
39.85290003,0.973679425,-0.227921868,0,0,-0.459885679,0,0,0.97593075,-0.218072087,0.001152896,-0.001609937,-0.439680808,0.001548129,-0.003645215,0.050307069,0.001961738,-0.000622869,-0.137119149,-0.002486787,0.00171039,-0.139729813,-0.144877523,-0.141634598,-0.136486888,0.141634598,0.136486888,0.139729813,0.144877523,0.020204871,0.001548129,0.003645215
39.90402985,0.973919704,-0.22689295,0,0,-0.457772477,0,0,0.976302326,-0.216401532,0.001203836,-0.001684609,-0.436258309,0.001621511,-0.003810413,0.033534322,-0.001187622,0.002547354,-0.134178815,-0.003199319,0.002116397,-0.136342719,-0.141316295,-0.13789551,-0.132921949,0.13789551,0.132921949,0.136342719,0.141316295,0.021514168,0.001621511,0.003810413
39.95446992,0.974162523,-0.22584813,0,0,-0.455627147,0,0,0.976418972,-0.215874717,0.001193752,-0.001653883,-0.435179096,0.001617142,-0.003745182,0.028704857,-0.000803173,0.003489107,-0.132224946,-0.001769708,0.001253472,-0.13309586,-0.139494494,-0.1352617,-0.128863066,0.1352617,0.128863066,0.13309586,0.139494494,0.020448051,0.001617142,0.003745182
40.00394988,0.974407816,-0.224787471,0,0,-0.45344984,0,0,0.97652173,-0.215409979,0.001189287,-0.001583233,-0.434227098,0.001640641,-0.003604504,0.025575608,-0.002868474,0.00404194,-0.130326491,-0.001834084,0.001065517,-0.131708682,-0.135248095,-0.132741153,-0.12920174,0.132741153,0.12920174,0.131708682,0.135248095,0.019222742,0.001640641,0.003604504
40.05471993,0.974655515,-0.223711036,0,0,-0.451240708,0,0,0.976632893,-0.214905486,0.001186842,-0.001525198,-0.433193849,0.001662672,-0.003489247,0.028189277,0.001785905,0.004827232,-0.128120549,-0.001280911,0.000890291,-0.129557893,-0.133226067,-0.131095022,-0.127426863,0.131095022,0.127426863,0.129557893,0.133226067,0.018046859,0.001662672,0.003489247
40.10477996,0.97503142,-0.222066948,0,0,-0.447867678,0,0,0.976827383,-0.214021459,0.001169579,-0.001353713,-0.431383291,0.001705507,-0.003145327,0.03393219,-0.003112853,0.009665638,-0.127106532,-0.002425808,0.000704119,-0.127729908,-0.13029173,-0.128511146,-0.125949323,0.128511146,0.125949323,0.127729908,0.13029173,0.016484387,0.001705507,0.003145327
40.15339995,0.975540397,-0.219820233,0,0,-0.443260384,0,0,0.977007151,-0.213200271,0.001155909,-0.001245616,-0.429701866,0.001727532,-0.002926839,0.051497672,-0.003878772,0.005095452,-0.130822689,-0.000944735,0.000391173,-0.125384822,-0.130236432,-0.128828198,-0.123976581,0.128828198,0.123976581,0.125384822,0.130236432,0.013558518,0.001727532,0.002926839
40.20407987,0.975798055,-0.21867363,0,0,-0.440909992,0,0,0.977436423,-0.211224332,0.001124918,-0.001084719,-0.42565753,0.001740834,-0.002595715,0.069040813,-0.001400709,0.006007403,-0.131186333,-0.002215704,0.000232441,-0.130269095,-0.132158563,-0.131376222,-0.129486755,0.131376222,0.129486755,0.130269095,0.132158563,0.015252462,0.001740834,0.002595715
40.25519991,0.976057731,-0.217511623,0,0,-0.438528655,0,0,0.977938831,-0.208886281,0.001128304,-0.000966041,-0.420874548,0.00180324,-0.002360838,0.090157241,0.003287941,0.005093962,-0.133289072,-0.001441202,3.27E-06,-0.129203036,-0.133634448,-0.133169562,-0.128738165,0.133169562,0.128738165,0.129203036,0.133634448,0.017654107,0.00180324,0.002360838
40.30429983,0.976319352,-0.216334284,0,0,-0.43611654,0,0,0.978346646,-0.206967682,0.001131647,-0.000932149,-0.416951586,0.001828437,-0.002292364,0.105404124,-0.000160933,0.004567952,-0.137713923,-0.002552794,2.74E-05,-0.131851107,-0.134733513,-0.134726971,-0.13184458,0.134726971,0.13184458,0.131851107,0.134733513,0.019164954,0.001828437,0.002292364
40.35390997,0.976582846,-0.215141684,0,0,-0.433673818,0,0,0.978790939,-0.204856902,0.001131034,-0.000896663,-0.41263747,0.001846717,-0.002218696,0.113426894,0.000772625,0.006134063,-0.140647726,-0.001730477,6.94E-05,-0.13518852,-0.140294105,-0.140239269,-0.135133684,0.140239269,0.135133684,0.13518852,0.140294105,0.021036348,0.001846717,0.002218696
40.39862991,0.97684814,-0.213933897,0,0,-0.431200658,0,0,0.979255736,-0.202623352,0.001133712,-0.000883692,-0.408074657,0.001862275,-0.002190159,0.119359054,-0.001198053,0.003563613,-0.141488339,-0.001938148,-0.000229068,-0.138986662,-0.142447621,-0.142308727,-0.138847768,0.142308727,0.138847768,0.138986662,0.142447621,0.023126001,0.001862275,0.002190159
40.44731999,0.97724929,-0.212093905,0,0,-0.42743423,0,0,0.979844272,-0.199757963,0.001182863,-0.000838499,-0.402224296,0.00198305,-0.002115774,0.120491542,0.003450364,0.006087868,-0.141228064,-0.001480961,0.000185005,-0.139321089,-0.143197387,-0.143655524,-0.139779225,0.143655524,0.139779225,0.139321089,0.143197387,0.025209934,0.00198305,0.002115774
40.49805999,0.97778976,-0.209588133,0,0,-0.422307436,0,0,0.980301559,-0.197501525,0.001280131,-0.000754588,-0.397619771,0.002211766,-0.001985109,0.114890188,0.001158565,0.004283339,-0.141792589,-0.002172,-0.000115343,-0.139932081,-0.142894,-0.142523989,-0.13956207,0.142523989,0.13956207,0.139932081,0.142894,0.024687665,0.002211766,0.001985109
40.55322004,0.978062226,-0.208312944,0,0,-0.41969949,0,0,0.981034279,-0.193828464,0.001336287,-0.000801247,-0.390129115,0.002311279,-0.00209013,0.084639348,0.000297278,-0.001035631,-0.137293513,-0.002463746,0.000363772,-0.139505222,-0.143849209,-0.144079894,-0.139735907,0.144079894,0.139735907,0.139505222,0.143849209,0.029570375,0.002311279,0.00209013
40.60317993,0.978336078,-0.207022991,0,0,-0.417062088,0,0,0.981384993,-0.192044497,0.001384221,-0.000852381,-0.386493101,0.00238952,-0.002204699,0.061324991,0.001998991,0.001021475,-0.134727641,-0.002034104,0.000819554,-0.135193512,-0.140120998,-0.139393449,-0.134465963,0.139393449,0.134465963,0.135193512,0.140120998,0.030568987,0.00238952,0.002204699
40.64890003,0.978611239,-0.205718356,0,0,-0.414395415,0,0,0.981589496,-0.190996021,0.001395506,-0.000913665,-0.384356778,0.002390616,-0.002326768,0.047928844,0.003341585,-0.000865758,-0.129432863,-0.002505831,0.000529886,-0.133513063,-0.137581274,-0.135942161,-0.13187395,0.135942161,0.13187395,0.133513063,0.137581274,0.030038637,0.002390616,0.002326768
40.69804001,0.978887634,-0.204399121,0,0,-0.411699659,0,0,0.981740773,-0.190216437,0.001391572,-0.000984691,-0.382768646,0.002357718,-0.002462831,0.034248088,-0.003500283,-0.004395843,-0.12576955,-0.002870249,0.000921152,-0.127456889,-0.132468551,-0.131408781,-0.126397118,0.131408781,0.126397118,0.127456889,0.132468551,0.028931013,0.002357718,0.002462831
40.75530982,0.979583504,-0.201037703,0,0,-0.404834272,0,0,0.981844425,-0.189680427,0.001428646,-0.001062506,-0.381677019,0.002402345,-0.002628414,0.021219999,0.007276983,-0.002737343,-0.119631614,-0.001159099,0.001592717,-0.123820424,-0.129560918,-0.127718613,-0.121978126,0.127718613,0.121978126,0.123820424,0.129560918,0.023157253,0.002402345,0.002628414
40.79805994,0.979863602,-0.199668026,0,0,-0.402038226,0,0,0.981978118,-0.188985914,0.00144082,-0.001161606,-0.38026271,0.002390654,-0.002825945,0.027859958,0.000230223,-0.002974272,-0.117478152,-0.002204042,0.001563739,-0.120065205,-0.122383401,-0.119197972,-0.116879769,0.119197972,0.116879769,0.120065205,0.122383401,0.021775516,0.002390654,0.002825945
40.8513,0.980144583,-0.198284131,0,0,-0.399213963,0,0,0.982206225,-0.187795982,0.001450937,-0.001266248,-0.37783973,0.002374647,-0.003032406,0.045368824,0.002064556,-0.005418063,-0.116798965,-0.002702613,0.001749246,-0.116837822,-0.121245906,-0.118118428,-0.113710344,0.118118428,0.113710344,0.116837822,0.121245906,0.021374233,0.002374647,0.003032406
40.90134001,0.980426367,-0.196886106,0,0,-0.396361682,0,0,0.982343554,-0.187075779,0.001450866,-0.001333538,-0.376373488,0.002351554,-0.003162842,0.056137897,-0.000558794,-0.002484024,-0.118724574,-0.002723074,0.002106331,-0.115845576,-0.121250793,-0.117752306,-0.112347081,0.117752306,0.112347081,0.115845576,0.121250793,0.019988194,0.002351554,0.003162842
40.94881988,0.980708876,-0.19547404,0,0,-0.393481583,0,0,0.98257488,-0.185856581,0.001449232,-0.001433844,-0.37389175,0.00231498,-0.003356431,0.070140511,0.001826137,-0.003249943,-0.119811904,-0.002086484,0.001693063,-0.118107803,-0.123553954,-0.119341291,-0.113895148,0.119341291,0.113895148,0.118107803,0.123553954,0.019589833,0.00231498,0.003356431
41.0007999,0.981275752,-0.192608147,0,0,-0.387638742,0,0,0.983071685,-0.183208629,0.001485148,-0.001566688,-0.368503797,0.002345954,-0.003624535,0.105873503,0.00186041,-0.002381206,-0.121836246,-0.002714346,0.001949617,-0.121071488,-0.126500174,-0.122600943,-0.117172256,0.122600943,0.117172256,0.121071488,0.126500174,0.019134945,0.002345954,0.003624535
41.05212999,0.98155996,-0.191154503,0,0,-0.384676409,0,0,0.983507335,-0.180854976,0.001531083,-0.001667768,-0.363716886,0.002408416,-0.003834351,0.134212524,0.006154926,-0.003653765,-0.126739507,-0.00282139,0.001964341,-0.121071488,-0.126500174,-0.122600943,-0.117172256,0.122600943,0.117172256,0.121071488,0.126500174,0.020959523,0.002408416,0.003834351
41.09734988,0.981987011,-0.188948431,0,0,-0.380182355,0,0,0.984027386,-0.178001508,0.001588564,-0.001767021,-0.357916358,0.002497318,-0.004043151,0.15155451,0.002694875,-0.002376735,-0.137462397,-0.003232369,0.002187085,-0.125882432,-0.131525204,-0.127596527,-0.121953748,0.127596527,0.121953748,0.125882432,0.131525204,0.022265997,0.002497318,0.004043151
41.14779997,0.982414709,-0.186711914,0,0,-0.375628265,0,0,0.984594166,-0.174836993,0.001651665,-0.001876542,-0.351487093,0.002596265,-0.004272837,0.171711296,0.006049126,-0.003609062,-0.14173551,-0.004123798,0.00252271,-0.136417091,-0.142881826,-0.138507649,-0.132042915,0.138507649,0.132042915,0.136417091,0.142881826,0.024141172,0.002596265,0.004272837
41.19816995,0.982557372,-0.1859597,0,0,-0.374097018,0,0,0.985946953,-0.167034477,0.001747363,-0.002303805,-0.335650467,0.002675986,-0.005126638,0.180055946,0.007354469,-0.009895861,-0.146602064,-0.004100012,0.002869781,-0.14537181,-0.153571829,-0.14783226,-0.13963224,0.14783226,0.13963224,0.14537181,0.153571829,0.038446551,0.002675986,0.005126638
41.24955988,0.982985513,-0.183683101,0,0,-0.369464002,0,0,0.986496568,-0.163752541,0.001777591,-0.002550936,-0.328995799,0.002671733,-0.005615198,0.165667385,0.001411885,-0.012642145,-0.144444376,-0.004665493,0.004079214,-0.14537181,-0.153571829,-0.14783226,-0.13963224,0.14783226,0.13963224,0.14537181,0.153571829,0.040468203,0.002671733,0.005615198
41.30484986,0.98341367,-0.181376829,0,0,-0.364772643,0,0,0.986966848,-0.1608904,0.001845335,-0.002734023,-0.323195503,0.002762817,-0.005990631,0.131646559,0.000425428,-0.003761053,-0.139922952,-0.003389489,0.004827788,-0.141361222,-0.148140192,-0.138484627,-0.131705642,0.138484627,0.131705642,0.141361222,0.148140192,0.04157714,0.002762817,0.005990631
41.35571003,0.983698983,-0.179822997,0,0,-0.361613023,0,0,0.987394333,-0.158242121,0.001929425,-0.00289169,-0.317831227,0.002895036,-0.006321176,0.087305143,0.005259364,-0.005568563,-0.132781076,-0.00321947,0.003546549,-0.141361222,-0.148140192,-0.138484627,-0.131705642,0.138484627,0.131705642,0.141361222,0.148140192,0.043781796,0.002895036,0.006321176
41.40228987,0.983984104,-0.178256229,0,0,-0.358428024,0,0,0.987619996,-0.156825855,0.001979405,-0.002946036,-0.314963411,0.002985775,-0.006440043,0.057954341,0.006840379,0.001118332,-0.117194805,-0.004953194,0.002972331,-0.133108124,-0.139547065,-0.132453963,-0.126015037,0.132453963,0.126015037,0.133108124,0.139547065,0.043464613,0.002985775,0.006440043
41.45875001,0.984411248,-0.17588205,0,0,-0.353603429,0,0,0.987817347,-0.155577093,0.002064948,-0.002902606,-0.312435388,0.003176431,-0.006377082,0.056760766,-0.006696583,-0.000120699,-0.107566299,-0.004067606,0.002159849,-0.115213923,-0.125120297,-0.119175635,-0.109269254,0.119175635,0.109269254,0.115213923,0.125120297,0.041168041,0.003176431,0.006377082
41.51135993,0.98497935,-0.172672177,0,0,-0.34708391,0,0,0.988098025,-0.153788149,0.001981207,-0.002812257,-0.308812986,0.003050274,-0.006167009,0.055509072,0.003709645,0.010897964,-0.112390227,-0.00161058,0.003107467,-0.105658524,-0.113793731,-0.109474026,-0.101338819,0.109474026,0.101338819,0.105658524,0.113793731,0.038270924,0.003050274,0.006167009
41.55533982,0.985262611,-0.171048494,0,0,-0.343787496,0,0,0.988238275,-0.152885988,0.001931783,-0.002700963,-0.306986446,0.002992249,-0.005929135,0.044306368,-0.006823242,0.006934256,-0.111349318,-0.004090119,0.001183611,-0.113887087,-0.117108248,-0.110893317,-0.107672155,0.110893317,0.107672155,0.113887087,0.117108248,0.03680105,0.002992249,0.005929135
41.60484982,0.98554524,-0.169412456,0,0,-0.340466953,0,0,0.988398135,-0.151852965,0.001822212,-0.002563786,-0.304894863,0.002823508,-0.005621552,0.060852617,-0.003294647,0.007719548,-0.107732507,-0.001308977,0.001714216,-0.108442791,-0.116623022,-0.114255801,-0.106075563,0.114255801,0.106075563,0.108442791,0.116623022,0.03557209,0.002823508,0.005621552
41.65480995,0.985827156,-0.167764172,0,0,-0.337122516,0,0,0.988547981,-0.15087679,0.001757469,-0.002473187,-0.302919093,0.002728396,-0.005420098,0.069331385,-0.009384751,0.003997237,-0.109937,-0.002057125,0.001448188,-0.108137719,-0.110755675,-0.107327245,-0.10470929,0.107327245,0.10470929,0.108137719,0.110755675,0.034203423,0.002728396,0.005420098
41.70275998,0.986108282,-0.166103754,0,0,-0.333754418,0,0,0.988934577,-0.148324862,0.001577897,-0.002381109,-0.297755836,0.002414521,-0.005177644,0.097296409,-0.009761751,0.001580268,-0.115338808,-0.001089715,0.001854499,-0.109328039,-0.113442287,-0.110545911,-0.106431663,0.110545911,0.106431663,0.109328039,0.113442287,0.035998582,0.002414521,0.005177644
41.75494981,0.986388536,-0.164431312,0,0,-0.330362897,0,0,0.989549935,-0.144165471,0.001359606,-0.002355969,-0.289345303,0.002011498,-0.005054745,0.119408228,-0.006254017,-0.001294911,-0.116999913,-0.001505827,0.002150847,-0.116103567,-0.118282996,-0.114574,-0.112394571,0.114574,0.112394571,0.116103567,0.118282996,0.041017594,0.002011498,0.005054745
41.80659986,0.986807112,-0.161900351,0,0,-0.325232215,0,0,0.989900708,-0.141736537,0.001259765,-0.002407365,-0.284436577,0.001811662,-0.005123245,0.127813965,-0.002619624,-0.001721084,-0.118010469,-0.00076471,0.002813532,-0.117644906,-0.120656565,-0.116354868,-0.113343216,0.116354868,0.113343216,0.117644906,0.120656565,0.040795638,0.001811662,0.005123245
41.85672999,0.987361431,-0.158484712,0,0,-0.318311557,0,0,0.990389466,-0.138280362,0.001119404,-0.00250469,-0.277454799,0.001524593,-0.00527085,0.142999738,6.33E-05,-0.005917252,-0.119207778,-0.00153964,0.002974594,-0.120059267,-0.121588685,-0.115961619,-0.114432201,0.115961619,0.114432201,0.120059267,0.121588685,0.040856758,0.001524593,0.00527085
41.90556002,0.987636794,-0.156759569,0,0,-0.314817596,0,0,0.99079746,-0.135324001,0.001041083,-0.002608455,-0.271485694,0.001357033,-0.005450701,0.153391823,-0.002273917,-0.006680191,-0.122340616,-0.00204435,0.003830353,-0.120642707,-0.123721987,-0.117772795,-0.114693522,0.117772795,0.114693522,0.120642707,0.123721987,0.043331902,0.001357033,0.005450701
41.95586992,0.987910856,-0.155023035,0,0,-0.31130154,0,0,0.991204977,-0.132305458,0.000928274,-0.002712488,-0.26539327,0.001122465,-0.005622927,0.144330412,-0.003936887,-0.000317395,-0.124195798,-0.001405765,0.00409727,-0.124126591,-0.128215298,-0.120554581,-0.116465889,0.120554581,0.116465889,0.124126591,0.128215298,0.04590827,0.001122465,0.005622927
42.00462985,0.988183538,-0.153275226,0,0,-0.307763636,0,0,0.991597533,-0.129329026,0.000833462,-0.002783075,-0.259388348,0.000933053,-0.005734996,0.133176893,0.000754744,-0.001831353,-0.120981728,-0.001913398,0.003508232,-0.126887277,-0.129698813,-0.121504262,-0.118692733,0.121504262,0.118692733,0.126887277,0.129698813,0.048375288,0.000933053,0.005734996
42.05299998,0.988454765,-0.151516263,0,0,-0.304204132,0,0,0.992056787,-0.12575759,0.000699074,-0.002832152,-0.252185909,0.000674713,-0.005795171,0.134591013,-0.002372265,0.000729412,-0.121694816,-0.000925916,0.003185081,-0.122576535,-0.126403332,-0.119386867,-0.11556007,0.119386867,0.11556007,0.122576535,0.126403332,0.052018223,0.000674713,0.005795171
42.09959984,0.988724459,-0.149746265,0,0,-0.300623278,0,0,0.992673993,-0.120788336,0.000501748,-0.002878662,-0.242169903,0.000300727,-0.00583639,0.098297745,-0.005826354,0.001225621,-0.117955209,-0.000529613,0.003462779,-0.123953953,-0.12580578,-0.119435623,-0.117583789,0.119435623,0.117583789,0.123953953,0.12580578,0.058453375,0.000300727,0.00583639
42.1553998,0.989391493,-0.145273792,0,0,-0.291579389,0,0,0.992897332,-0.118941382,0.000425834,-0.002823811,-0.238448689,0.000173884,-0.005708836,0.085891046,-0.003348291,0.004059822,-0.110156776,0.000243832,0.003196471,-0.120888352,-0.121947579,-0.115022019,-0.113962792,0.115022019,0.113962792,0.120888352,0.121947579,0.0531307,0.000173884,0.005708836
42.19898987,0.989655227,-0.143466135,0,0,-0.287925798,0,0,0.993164539,-0.116691165,0.000357677,-0.002700585,-0.23391634,8.02E-05,-0.005447752,0.064844646,-0.002782046,0.007859618,-0.106645459,-0.000247471,0.00267064,-0.113597058,-0.113109395,-0.106716447,-0.107204109,0.106716447,0.107204109,0.113597058,0.113109395,0.054009458,0.0000802,0.005447752
42.25231981,0.98991709,-0.141647997,0,0,-0.284251999,0,0,0.993304133,-0.115499288,0.000326031,-0.002614433,-0.231516181,4.38E-05,-0.005269191,0.05203709,-0.000107288,0.006429106,-0.101554208,-0.000251192,0.001894859,-0.109068602,-0.109563544,-0.104222268,-0.103727326,0.104222268,0.103727326,0.109068602,0.109563544,0.052735818,0.0000438,0.005269191
42.30110002,0.990177008,-0.139819504,0,0,-0.280558251,0,0,0.993417263,-0.11452397,0.000292581,-0.002536228,-0.229552345,3.92E-07,-0.005106103,0.050611049,-0.001905859,0.002750009,-0.097583323,-0.000873126,0.002041873,-0.10319785,-0.103700235,-0.09991052,-0.099408135,0.09991052,0.099408135,0.10319785,0.103700235,0.051005906,0.000000392,0.005106103
42.34715986,0.990434906,-0.137980783,0,0,-0.276844813,0,0,0.993515611,-0.11366988,0.000300907,-0.002452384,-0.227832972,4.04E-05,-0.00494139,0.044829398,0.000134856,0.003895909,-0.095099382,-0.000869309,0.00227845,-0.098752052,-0.100498304,-0.096414551,-0.094668299,0.096414551,0.094668299,0.098752052,0.100498304,0.049011841,0.0000404,0.00494139
42.39675999,0.990690713,-0.136131962,0,0,-0.273111944,0,0,0.993669987,-0.11231456,0.000282574,-0.002312806,-0.225104794,4.20E-05,-0.004659822,0.05480871,-0.002111495,0.005496293,-0.095773529,-0.000229373,0.001860841,-0.096508503,-0.098247118,-0.093690217,-0.091951601,0.093690217,0.091951601,0.096508503,0.098247118,0.04800715,0.000042,0.004659822
42.45923996,0.991320605,-0.131466569,0,0,-0.263696489,0,0,0.993874013,-0.110496469,0.000322753,-0.002230547,-0.221446016,0.000148616,-0.004505107,0.056114055,0.004074723,0.004038961,-0.090950876,-0.001400122,0.001411035,-0.097404979,-0.097863719,-0.094142042,-0.093683295,0.094142042,0.093683295,0.097404979,0.097863719,0.042250473,0.000148616,0.004505107
42.50846982,0.991691583,-0.128638267,0,0,-0.25799143,0,0,0.994007826,-0.109287076,0.00034741,-0.002203254,-0.219012594,0.000209082,-0.004456052,0.058808178,-0.001068413,0.002399832,-0.090119422,-0.001848142,0.001994036,-0.090961769,-0.09376201,-0.090939939,-0.088139698,0.090939939,0.088139698,0.090961769,0.09376201,0.038978836,0.000209082,0.004456052
42.55377984,0.991814031,-0.127690754,0,0,-0.256080646,0,0,0.994155943,-0.107931852,0.000385117,-0.002174887,-0.216286187,0.000296254,-0.004407501,0.06772802,0.007333606,0.004320592,-0.089294986,-0.000546371,0.002229859,-0.090265296,-0.093961582,-0.089973509,-0.086277224,0.089973509,0.086277224,0.090265296,0.093961582,0.039794459,0.000296254,0.004407501
42.60408998,0.992057055,-0.12578871,0,0,-0.252245631,0,0,0.994361699,-0.106019937,0.000462671,-0.002156278,-0.212440629,0.000462908,-0.004386358,0.076510765,0.006923825,0.004071742,-0.09265685,-0.002722723,0.001885624,-0.090978451,-0.092071198,-0.087611482,-0.086518735,0.087611482,0.086518735,0.090978451,0.092071198,0.039805002,0.000462908,0.004386358
42.64760995,0.992297528,-0.123877419,0,0,-0.248392913,0,0,0.994538784,-0.104344785,0.000549913,-0.002164679,-0.209072054,0.000642074,-0.004420491,0.088667132,0.005053729,7.53E-05,-0.094011847,-0.00235264,0.00255867,-0.091819733,-0.097265176,-0.093493924,-0.088048488,0.093493924,0.088048488,0.091819733,0.097265176,0.039320859,0.000642074,0.004420491
42.69685984,0.992653306,-0.120993443,0,0,-0.242581234,0,0,0.9949283,-0.10055919,0.000757088,-0.00227161,-0.201461899,0.001049634,-0.00467246,0.104594983,0.003492087,-0.002107024,-0.093154966,-0.002949069,0.002603687,-0.094217859,-0.098923132,-0.093805797,-0.089100517,0.093805797,0.089100517,0.094217859,0.098923132,0.041119335,0.001049634,0.00467246
42.75252986,0.993002965,-0.118089426,0,0,-0.236731249,0,0,0.995213985,-0.097687855,0.001249653,-0.002186573,-0.195693139,0.002060143,-0.004596394,0.132892296,0.040919337,0.019261986,-0.092086264,-0.002217962,0.003038042,-0.092809565,-0.098707698,-0.093500324,-0.087602191,0.093500324,0.087602191,0.092809565,0.098707698,0.04103811,0.002060143,0.004596394
42.80204988,0.99334628,-0.115165831,0,0,-0.23084388,0,0,0.99545753,-0.095165662,0.002171666,-0.001863419,-0.19062872,0.003968945,-0.004123287,0.131959468,0.043804199,0.022668393,-0.097298049,-0.012117283,-0.00068588,-0.092906326,-0.097342245,-0.091266163,-0.086830243,0.091266163,0.086830243,0.092906326,0.097342245,0.04021516,0.003968945,0.004123287
42.85412002,0.993683033,-0.112223128,0,0,-0.224920059,0,0,0.995700002,-0.092572413,0.003051275,-0.001595119,-0.185422207,0.005781014,-0.003741519,0.137599573,0.041066859,0.02118573,-0.096354823,-0.013967402,-0.001761294,-0.084494874,-0.108729422,-0.110101186,-0.08586663,0.110101186,0.08586663,0.084494874,0.108729422,0.039497852,0.005781014,0.003741519
42.898,0.993793788,-0.111238061,0,0,-0.222937513,0,0,0.995945573,-0.089865737,0.003897747,-0.001319604,-0.179988295,0.007526781,-0.003329155,0.143175572,0.033702701,0.014551732,-0.096803868,-0.014345698,-0.001940757,-0.080626115,-0.108560905,-0.112083487,-0.084148705,0.112083487,0.084148705,0.080626115,0.108560905,0.042949218,0.007526781,0.003329155
42.94727993,0.994013009,-0.109261787,0,0,-0.218960721,0,0,0.996385813,-0.084835589,0.004049369,-0.001450412,-0.16989091,0.007823453,-0.003577517,0.174971685,0.002955645,-0.005616248,-0.106505775,-0.006170484,0.002260972,-0.080517404,-0.109208778,-0.113090292,-0.08439891,0.113090292,0.08439891,0.080517404,0.109208778,0.049069811,0.007823453,0.003577517
43.00485993,0.994442072,-0.105285166,0,0,-0.210961314,0,0,0.996932924,-0.078140438,0.004038864,-0.001672858,-0.156457283,0.007791593,-0.003966782,0.161246225,-0.006082654,-0.001701713,-0.100642251,-0.006717482,0.001871988,-0.102596246,-0.114937201,-0.110415258,-0.098074302,0.110415258,0.098074302,0.102596246,0.114937201,0.054504031,0.007791593,0.003966782
43.05535984,0.994651792,-0.103285105,0,0,-0.206939261,0,0,0.99717325,-0.075007752,0.004040827,-0.001763535,-0.150174054,0.007794329,-0.004123423,0.151803344,0.003262609,-0.00372082,-0.100869684,-0.003906641,0.001890968,-0.095796742,-0.109231696,-0.105487719,-0.092052765,0.105487719,0.092052765,0.095796742,0.109231696,0.056765207,0.007794329,0.004123423
43.10519982,0.994858225,-0.101277402,0,0,-0.202902684,0,0,0.997442842,-0.071330458,0.004021416,-0.001920367,-0.142800648,0.00774838,-0.004404757,0.139790058,-0.000107288,-0.008092823,-0.097395863,-0.006216086,0.002366194,-0.09885399,-0.106667265,-0.102885328,-0.095072053,0.102885328,0.095072053,0.09885399,0.106667265,0.060102036,0.00774838,0.004404757
43.15882993,0.995161583,-0.098251835,0,0,-0.196821207,0,0,0.997622073,-0.068778217,0.003988654,-0.002044859,-0.137684246,0.007677128,-0.004628809,0.121202342,-0.002521277,-0.001932681,-0.093653848,-0.00534661,0.003309404,-0.093545951,-0.105978116,-0.101245731,-0.088813566,0.101245731,0.088813566,0.093545951,0.105978116,0.059136961,0.007677128,0.004628809
43.21048999,0.995554017,-0.094192354,0,0,-0.18866439,0,0,0.997770607,-0.066587456,0.003927921,-0.002136946,-0.133292934,0.007553813,-0.004787619,0.103805222,0.002048165,-0.003258884,-0.087951082,-0.004661407,0.002434437,-0.085724093,-0.0950469,-0.090178028,-0.080855221,0.090178028,0.080855221,0.085724093,0.0950469,0.055371456,0.007553813,0.004787619
43.25346995,0.995744946,-0.092152062,0,0,-0.184565977,0,0,0.997898757,-0.064640753,0.003872667,-0.00220882,-0.129391251,0.007443567,-0.004909176,0.091787435,-0.001065433,-0.001060963,-0.081928198,-0.004850231,0.002506677,-0.079584628,-0.089285083,-0.084271729,-0.074571274,0.084271729,0.074571274,0.079584628,0.089285083,0.055174726,0.007443567,0.004909176
43.30455995,0.995932277,-0.090104932,0,0,-0.18045461,0,0,0.998087943,-0.061659329,0.00372096,-0.002243171,-0.123415732,0.007151124,-0.004936772,0.059387833,-0.027999282,-0.01076311,-0.073717817,-0.005093664,0.002352946,-0.070977084,-0.081164405,-0.076458514,-0.066271193,0.076458514,0.066271193,0.070977084,0.081164405,0.057038878,0.007151124,0.004936772
43.35501981,0.996115958,-0.088051114,0,0,-0.176330578,0,0,0.998207569,-0.059727952,0.002699096,-0.002654268,-0.119542149,0.005071469,-0.005621544,0.128713995,-0.006754696,0.001978129,-0.072459862,0.002405646,0.004202394,-0.079067886,-0.074256599,-0.065851808,-0.070663095,0.065851808,0.070663095,0.079067886,0.074256599,0.056788429,0.005071469,0.005621544
43.40498996,0.996295935,-0.085990756,0,0,-0.172194171,0,0,0.998350322,-0.057297956,0.002764045,-0.00248278,-0.114673293,0.005234477,-0.005274212,0.121068224,0.008668751,0.01145378,-0.085577356,-0.002001963,0.002676623,-0.086251996,-0.090255924,-0.084902674,-0.080898754,0.084902674,0.080898754,0.086251996,0.090255924,0.057520878,0.005234477,0.005274212
43.45626998,0.996472157,-0.08392401,0,0,-0.168045678,0,0,0.998504817,-0.054543618,0.002804837,-0.00227913,-0.109155115,0.005352689,-0.004857506,0.10763631,0.002954155,0.008980186,-0.082010837,-0.005961851,0.00087885,-0.076927818,-0.088851519,-0.087093815,-0.075170122,0.087093815,0.075170122,0.076927818,0.088851519,0.058890563,0.005352689,0.004857506
43.50760985,0.996729342,-0.08081224,0,0,-0.161800917,0,0,0.998616874,-0.052459434,0.002849074,-0.002108102,-0.104980029,0.005469114,-0.004509375,0.104454912,0.002532452,0.011380763,-0.076747308,-0.004435686,0.000430966,-0.076927818,-0.088851519,-0.087093815,-0.075170122,0.087093815,0.075170122,0.076927818,0.088851519,0.056820888,0.005469114,0.004509375
43.55347991,0.997058656,-0.076642265,0,0,-0.153434995,0,0,0.998722851,-0.05040846,0.002874013,-0.001919653,-0.100871693,0.005547179,-0.004124226,0.107394919,-0.002510846,0.010059029,-0.075951536,-0.0031495,0.000490458,-0.073292479,-0.079591475,-0.078610562,-0.072311565,0.078610562,0.072311565,0.073292479,0.079591475,0.052563302,0.005547179,0.004124226
43.60255981,0.997217378,-0.074548643,0,0,-0.149235734,0,0,0.998819768,-0.048453808,0.002938695,-0.001694643,-0.096956595,0.00570626,-0.003670135,0.090945512,0.002828986,0.011952966,-0.071659909,-0.004562263,-0.000169111,-0.073292479,-0.079591475,-0.078610562,-0.072311565,0.078610562,0.072311565,0.073292479,0.079591475,0.052279139,0.00570626,0.003670135
43.65472985,0.997372084,-0.072449469,0,0,-0.145025999,0,0,0.998992324,-0.044767015,0.003022254,-0.001076358,-0.089571615,0.005942082,-0.002421186,0.061856959,-0.003170967,0.014678392,-0.066128428,-0.005160521,-0.001186182,-0.066928521,-0.076053046,-0.076391265,-0.06726674,0.076391265,0.06726674,0.066928521,0.076053046,0.055454384,0.005942082,0.002421186
43.70443988,0.997522729,-0.070344898,0,0,-0.140806086,0,0,0.999041855,-0.043653216,0.003057432,-0.000800106,-0.087340245,0.006039186,-0.001865647,0.053668778,0.003800542,0.013343248,-0.063176044,-0.003011225,-0.001390797,-0.058774009,-0.064796455,-0.067578048,-0.061555605,0.067578048,0.061555605,0.058774009,0.064796455,0.053465841,0.006039186,0.001865647
43.75405002,0.997669271,-0.068235083,0,0,-0.136576291,0,0,0.999085009,-0.042657621,0.003088635,-0.000526447,-0.085345572,0.006126739,-0.001315464,0.058477376,0.001380593,0.012845547,-0.059852581,-0.004852732,-0.001498208,-0.053501628,-0.06320709,-0.066203505,-0.056498047,0.066203505,0.056498047,0.053501628,0.06320709,0.051230719,0.006126739,0.001315464
43.79835987,0.997811666,-0.066120182,0,0,-0.13233691,0,0,0.999137282,-0.041410934,0.003121776,-0.000272059,-0.082848458,0.006215674,-0.000802216,0.057952851,-5.96E-05,0.005217642,-0.058016905,-0.004234645,-0.001742782,-0.052039467,-0.060508754,-0.063994318,-0.055525031,0.063994318,0.055525031,0.052039467,0.060508754,0.049488452,0.006215674,0.000802216
43.85212994,0.998149256,-0.060811694,0,0,-0.121698476,0,0,0.999181271,-0.040334355,0.003146353,-0.000194362,-0.080693014,0.006271915,-0.000642232,0.054483864,0.001137704,0.004106015,-0.053785066,-0.004208371,-0.000646923,-0.048929762,-0.0573465,-0.058640346,-0.050223608,0.058640346,0.050223608,0.048929762,0.0573465,0.041005462,0.006271915,0.000642232
43.90109992,0.998276831,-0.058680218,0,0,-0.117427893,0,0,0.999227822,-0.039164882,0.003175806,-0.000199045,-0.078352237,0.006331157,-0.000646555,0.057751689,-0.001399219,-0.001657009,-0.052977847,-0.003599652,0.000325278,-0.048929762,-0.0573465,-0.058640346,-0.050223608,0.058640346,0.050223608,0.048929762,0.0573465,0.039075656,0.006331157,0.000646555
43.95594001,0.998400088,-0.05654436,0,0,-0.113149069,0,0,0.999331713,-0.036414228,0.003204155,-0.000319762,-0.072847714,0.006380781,-0.000872467,0.074576586,0.004387647,-0.001960993,-0.053754485,-0.004931847,0.000722524,-0.049703464,-0.056902763,-0.056252208,-0.049052909,0.056252208,0.049052909,0.049703464,0.056902763,0.040301355,0.006380781,0.000872467
44.00528002,0.998518991,-0.054404278,0,0,-0.108862304,0,0,0.999404252,-0.034311946,0.003742506,-0.0001715,-0.06864008,0.007468853,-0.000599638,0.09014532,0.04493669,0.019776076,-0.053382175,-0.005167331,0.000544383,-0.049545154,-0.05940884,-0.057963792,-0.048100106,0.057963792,0.048100106,0.049545154,0.05940884,0.040222224,0.007468853,0.000599638
44.05145002,0.998633506,-0.052260132,0,0,-0.104567898,0,0,0.999473929,-0.032177892,0.004088548,-0.000135521,-0.064369604,0.008164161,-0.000534039,0.115539886,0.011462718,-0.002662838,-0.055399441,-0.016371914,-0.0033221,-0.048759218,-0.059093874,-0.058005109,-0.047670454,0.058005109,0.047670454,0.048759218,0.059093874,0.040198294,0.008164161,0.000534039
44.09802985,0.9987436,-0.05011208,0,0,-0.100266154,0,0,0.999545038,-0.029862514,0.004263256,-0.000214232,-0.05973735,0.008509938,-0.000682917,0.120685264,0.009363146,-0.000306964,-0.059507746,-0.008104575,0.000415276,-0.035705425,-0.068449236,-0.075093433,-0.042349622,0.075093433,0.042349622,0.035705425,0.068449236,0.040528804,0.008509938,0.000682917
44.14962983,0.998950405,-0.045804896,0,0,-0.091641857,0,0,0.99961257,-0.027475748,0.00445652,-0.000303669,-0.054962745,0.008893015,-0.000852029,0.120414063,0.011075291,-0.00320673,-0.058383419,-0.007785232,0.000119691,-0.051818438,-0.068027578,-0.067197025,-0.050987888,0.067197025,0.050987888,0.051818438,0.068027578,0.036679112,0.008893015,0.000852029
44.19999004,0.999093681,-0.042565445,0,0,-0.085156618,0,0,0.999689817,-0.024459932,0.004690002,-0.00037501,-0.048929864,0.009358884,-0.000979264,0.115966074,0.007877501,-0.00333339,-0.055710155,-0.007943464,0.000830945,-0.050717872,-0.066288322,-0.066048943,-0.050478488,0.066048943,0.050478488,0.050717872,0.066288322,0.036226754,0.009358884,0.000979264
44.25461984,0.999183514,-0.040401796,0,0,-0.080825591,0,0,0.999792278,-0.019737612,0.005080529,-0.000479846,-0.03948418,0.010140176,-0.001160108,0.115714222,0.010734052,-0.003257394,-0.056060261,-0.007768101,0.000937899,-0.04859763,-0.064484552,-0.062822655,-0.046935737,0.062822655,0.046935737,0.04859763,0.064484552,0.041341411,0.010140176,0.001160108
44.30341983,0.99926877,-0.038235124,0,0,-0.076488892,0,0,0.999831915,-0.017556434,0.005261915,-0.000543984,-0.035121847,0.010503153,-0.001272617,0.107104331,0.007226319,0.001005083,-0.053585643,-0.009175167,0.000955847,-0.04923005,-0.064766243,-0.062890448,-0.047354255,0.062890448,0.047354255,0.04923005,0.064766243,0.041367045,0.010503153,0.001272617
44.35061002,0.999349425,-0.036065589,0,0,-0.072146825,0,0,0.999879718,-0.014484353,0.005544955,-0.0006173,-0.028977888,0.011070916,-0.001395167,0.097098209,0.011206419,-0.003546476,-0.050680925,-0.008485432,0.000314995,-0.045366317,-0.063716643,-0.061804947,-0.043454621,0.061804947,0.043454621,0.045366317,0.063716643,0.043168937,0.011070916,0.001395167
44.39745999,0.999425455,-0.033893354,0,0,-0.067799694,0,0,0.999904513,-0.012567676,0.005726999,-0.000682069,-0.025145051,0.011436006,-0.001508056,0.095548473,0.009519608,-0.004839897,-0.047955135,-0.009877137,0.001178248,-0.042510483,-0.059481334,-0.058851346,-0.041880492,0.058851346,0.041880492,0.042510483,0.059481334,0.042654643,0.011436006,0.001508056
44.45612002,0.999595159,-0.028452018,0,0,-0.056911717,0,0,0.999924779,-0.010731068,0.005914188,-0.000728813,-0.021472286,0.011812117,-0.001584559,0.092188269,0.00672713,-0.002463162,-0.042927381,-0.00966498,0.001506186,-0.039256241,-0.059010506,-0.056654006,-0.036899745,0.056654006,0.036899745,0.039256241,0.059010506,0.035439431,0.011812117,0.001584559
44.50128985,0.999654842,-0.026271611,0,0,-0.052549268,0,0,0.999940276,-0.009037158,0.006106616,-0.000759293,-0.018084839,0.01219908,-0.00162899,0.082481638,0.008950381,-1.79E-05,-0.039803659,-0.009980098,0.000783721,-0.034768585,-0.054098532,-0.051086158,-0.031756211,0.051086158,0.031756211,0.034768585,0.054098532,0.034464429,0.01219908,0.00162899
44.55140996,0.999709812,-0.024089235,0,0,-0.048183132,0,0,0.999970257,-0.004868962,0.005904139,-0.001059748,-0.00975098,0.011797879,-0.00217708,0.107700385,-0.029891726,-0.013910235,-0.039797613,-0.007832829,0.00106743,-0.030607279,-0.050567463,-0.049000021,-0.029039837,0.049000021,0.029039837,0.030607279,0.050567463,0.038432152,0.011797879,0.00217708
44.60062003,0.999760056,-0.021905055,0,0,-0.043813613,0,0,0.999980748,-0.002748182,0.005417916,-0.001338437,-0.00551111,0.010828475,-0.002706764,0.104068987,-0.021955375,-0.010257962,-0.042560609,0.000399642,0.003543839,-0.033032209,-0.048697859,-0.046562999,-0.030897349,0.046562999,0.030897349,0.033032209,0.048697859,0.038302503,0.010828475,0.002706764
44.64810991,0.999805557,-0.019719232,0,0,-0.03944102,0,0,0.99998641,-0.000692357,0.004937354,-0.001584658,-0.001400413,0.009872537,-0.003176269,0.104726106,-0.023533406,-0.009575486,-0.040647691,-0.001055674,0.003293831,-0.04650408,-0.045704797,-0.038617119,-0.039416403,0.038617119,0.039416403,0.04650408,0.045704797,0.038040607,0.009872537,0.003176269
44.69711995,0.999864891,-0.016437778,0,0,-0.032877036,0,0,0.999986708,0.001871266,0.004406331,-0.001925002,0.003725672,0.008819863,-0.003833621,0.105045006,-0.016620757,-0.016367437,-0.039566741,-4.10E-05,0.003503932,-0.04288584,-0.044997185,-0.038409524,-0.036298178,0.038409524,0.036298178,0.04288584,0.044997185,0.036602708,0.008819863,0.003833621
44.75176001,0.999913488,-0.013153551,0,0,-0.026307861,0,0,0.999981999,0.003918866,0.00397567,-0.002227973,0.007820203,0.007968742,-0.00442486,0.105723001,-0.023333728,-0.016319752,-0.03639355,-0.001182038,0.005108447,-0.043029685,-0.043111645,-0.036103781,-0.036021817,0.036103781,0.036021817,0.043029685,0.043111645,0.034128064,0.007968742,0.00442486
44.80034995,0.999951319,-0.009867105,0,0,-0.019734531,0,0,0.999973118,0.005914323,0.003573237,-0.002518465,0.011810904,0.007176132,-0.004994675,0.096466415,-0.020797554,-0.014133753,-0.033303042,0.000973542,0.005485599,-0.040319953,-0.042684026,-0.032467131,-0.030103058,0.032467131,0.030103058,0.040319953,0.042684026,0.031545435,0.007176132,0.004994675
44.85842991,0.999978358,-0.006578995,0,0,-0.013158084,0,0,0.999937832,0.010259294,0.003123275,-0.00305749,0.020500057,0.006308938,-0.006050671,0.102134809,0.027900195,0.014386328,-0.030417331,0.001378646,0.006251684,-0.039762177,-0.037815094,-0.026843894,-0.028790977,0.026843894,0.028790977,0.039762177,0.037815094,0.033658141,0.006308938,0.006050671
44.89838982,0.99998497,-0.005482684,0,0,-0.010965423,0,0,0.999914825,0.012217975,0.003634055,-0.002843927,0.024416277,0.007337049,-0.005598746,0.089306384,0.027199836,0.014159828,-0.03215755,-0.011231137,0.001338132,-0.038047653,-0.035290364,-0.022786995,-0.025544286,0.022786995,0.025544286,0.038047653,0.035290364,0.0353817,0.007337049,0.005598746
44.94927001,0.999997595,-0.002193217,0,0,-0.004386437,0,0,0.999890804,0.013941619,0.004165403,-0.002618776,0.027862959,0.008403014,-0.005121037,0.084010519,0.025071949,0.016359242,-0.028248059,-0.011687005,0.001116521,-0.022264544,-0.044726808,-0.04205054,-0.01958828,0.04205054,0.01958828,0.022264544,0.044726808,0.032249396,0.008403014,0.005121037
45.00513983,0.999999399,0.001096621,0,0,0.002193242,0,0,0.999867082,0.015457758,0.004657682,-0.002372173,0.030895571,0.009387597,-0.004599937,0.07159932,0.028751047,0.010124592,-0.023463044,-0.011779058,0.000483799,-0.017677575,-0.04105157,-0.038818531,-0.015444533,0.038818531,0.015444533,0.017677575,0.04105157,0.028702329,0.009387597,0.004599937
45.05570984,0.999994589,0.003289777,0,0,0.006579566,0,0,0.999834239,0.017288512,0.00535619,-0.002046367,0.034558247,0.010781567,-0.003907091,0.056200478,0.020826608,0.007868557,-0.019404017,-0.013366207,0.001245461,-0.012167786,-0.035725888,-0.034758292,-0.011200189,0.034758292,0.011200189,0.012167786,0.035725888,0.027978681,0.010781567,0.003907091
45.10308981,0.99998497,0.005482687,0,0,0.010965428,0,0,0.999810636,0.018545797,0.005539796,-0.002011705,0.037073078,0.011152342,-0.003817415,0.083681203,-0.012004374,-0.015199185,-0.021211488,-0.003702861,0.005118151,-0.007283275,-0.034015674,-0.031524751,-0.004792353,0.031524751,0.004792353,0.007283275,0.034015674,0.02610765,0.011152342,0.003817415
45.15807986,0.999961532,0.008771229,0,0,0.017542683,0,0,0.999789774,0.019304704,0.006323726,-0.002795425,0.038578639,0.012753068,-0.005345979,0.033024698,0.01350269,-0.016671419,0.003139444,-0.017880981,0.007039536,-0.022626774,-0.030032493,-0.019796193,-0.012390474,0.019796193,0.012390474,0.022626774,0.030032493,0.021035956,0.012753068,0.005345979
45.21291995,0.999913488,0.013153554,0,0,0.026307866,0,0,0.999773383,0.019995663,0.006538931,-0.003245815,0.03995393,0.013205088,-0.006229243,0.023006644,0.00800714,-0.014987589,-0.003141889,-0.011371881,0.006382385,0.013980878,-0.021781063,-0.007701991,0.02805995,0.007701991,-0.02805995,-0.013980878,0.021781063,0.013646064,0.013205088,0.006229243
45.25550986,0.999882284,0.015343319,0,0,0.030687842,0,0,0.999765515,0.020292517,0.006688945,-0.003554181,0.04054277,0.013519409,-0.006835901,0.011699648,0.001115352,-0.015819073,0.000854475,-0.010163048,0.00667133,0.001847601,-0.020896148,-0.008131378,0.014612371,0.008131378,-0.014612371,-0.001847601,0.020896148,0.009854928,0.013519409,0.006835901
45.30508995,0.999846304,0.017531934,0,0,0.035065665,0,0,0.999761105,0.020407109,0.006818822,-0.00386036,0.040766984,0.01379238,-0.007441346,0.003746897,0.008630008,-0.014273825,0.005322488,-0.008503955,0.007210777,0.004346187,-0.015979897,-0.002637238,0.017688846,0.002637238,-0.017688846,-0.004346187,0.015979897,0.005701319,0.01379238,0.007441346
45.35521984,0.999805557,0.019719235,0,0,0.039441026,0,0,0.99976033,0.020358471,0.006915594,-0.004123107,0.040665345,0.013996211,-0.00796352,-0.001911819,0.010485202,-0.0100106,0.009194377,-0.01063879,0.007342942,0.00661566,-0.010392241,0.004029313,0.021037214,-0.004029313,-0.021037214,-0.00661566,0.010392241,0.001224319,0.013996211,0.00796352
45.40562988,0.999760055,0.021905057,0,0,0.043813619,0,0,0.99976337,0.020136163,0.006967898,-0.004392325,0.040216423,0.014109853,-0.008502906,-0.012387336,0.000383705,-0.013954937,0.012679082,-0.01123147,0.006962155,0.012490217,-0.008787352,0.005898533,0.027176101,-0.005898533,-0.027176101,-0.012490217,0.008787352,0.003597196,0.014109853,0.008502906
45.45387984,0.999709812,0.024089238,0,0,0.048183137,0,0,0.999780416,0.019117782,0.007054286,-0.004898516,0.038171219,0.014293256,-0.009526271,-0.029247999,0.000291318,-0.010131299,0.020978002,-0.008604269,0.008104356,0.016948387,-0.005514538,0.008409771,0.030872697,-0.008409771,-0.030872697,-0.016948387,0.005514538,0.010011918,0.014293256,0.009526271
45.50494981,0.999625588,0.027362074,0,0,0.054730978,0,0,0.999794781,0.018291939,0.007059966,-0.00509642,0.036516258,0.014303969,-0.009933646,-0.032560527,-0.000655651,-0.006660819,0.025266244,-0.009097024,0.008008462,0.021477904,0.004269378,0.020478088,0.037686616,-0.020478088,-0.037686616,-0.021477904,-0.004269378,0.01821472,0.014303969,0.009933646
45.55708003,0.999496839,0.031718584,0,0,0.06344781,0,0,0.999807298,0.017576119,0.007041847,-0.005188089,0.035083159,0.014263837,-0.010127844,-0.039410599,-0.000983477,-0.002729893,0.030375008,-0.008364726,0.007672331,0.026354795,0.008160757,0.024177682,0.04237172,-0.024177682,-0.04237172,-0.026354795,-0.008160757,0.028364651,0.014263837,0.010127844
45.60747981,0.999425455,0.033893357,0,0,0.067799699,0,0,0.999824822,0.016548939,0.006990733,-0.005265272,0.033027771,0.014153756,-0.010298533,-0.043357909,-0.004309416,-0.005172194,0.034444952,-0.008239586,0.007133858,0.031067392,0.014337949,0.029682612,0.046412054,-0.029682612,-0.046412054,-0.031067392,-0.014337949,0.034771928,0.014153756,0.010298533
45.6661098,0.999349425,0.036065592,0,0,0.07214683,0,0,0.999838114,0.015728313,0.006945826,-0.005316926,0.031385922,0.014057116,-0.010414853,-0.035619736,-0.002498925,-0.003157556,0.036917137,-0.007689164,0.007381045,0.035550665,0.019071504,0.033339221,0.049818382,-0.033339221,-0.049818382,-0.035550665,-0.019071504,0.040760908,0.014057116,0.010414853
45.73318982,0.999183514,0.040401799,0,0,0.080825597,0,0,0.999863744,0.014078044,0.006795746,-0.005323924,0.028086229,0.01373997,-0.01045623,-0.035214428,-0.004315377,-0.003896653,0.042733008,-0.006535691,0.006784833,0.037225243,0.021846924,0.036609016,0.051987331,-0.036609016,-0.051987331,-0.037225243,-0.021846924,0.052739368,0.01373997,0.01045623
45.78533983,0.999047055,0.043646088,0,0,0.087319914,0,0,0.999877512,0.013108264,0.006672456,-0.005362495,0.026147106,0.013484271,-0.010549902,-0.027240815,0.000307709,0.000796467,0.045666431,-0.006948152,0.007566355,0.042483851,0.029412478,0.042982146,0.056053519,-0.042982146,-0.056053519,-0.042483851,-0.029412478,0.061172808,0.013484271,0.010549902
45.83470988,0.998900386,0.04688303,0,0,0.093800443,0,0,0.999884188,0.012617573,0.006614158,-0.005348484,0.025166377,0.013362152,-0.010529955,-0.017966326,-0.006075204,0.001909584,0.047939901,-0.00798393,0.006838633,0.045048214,0.031151917,0.046284627,0.060180925,-0.046284627,-0.060180925,-0.045048214,-0.031151917,0.068634066,0.013362152,0.010529955
45.87612987,0.998849243,0.047960284,0,0,0.095957378,0,0,0.999889016,0.012303683,0.006529625,-0.005288378,0.024540169,0.013188316,-0.010416,-0.001557171,-0.003743172,0.002097338,0.04742047,-0.006199302,0.006640567,0.049085181,0.033117332,0.046794597,0.062762447,-0.046794597,-0.062762447,-0.049085181,-0.033117332,0.071417209,0.013188316,0.010416
45.92132998,0.9987436,0.050112082,0,0,0.10026616,0,0,0.999888718,0.012455923,0.006361679,-0.005190704,0.02484764,0.012851605,-0.010222793,0.016621502,-0.009806456,0.00672117,0.046472888,-0.006685224,0.006549868,0.046979193,0.034580596,0.047861729,0.060260326,-0.047861729,-0.060260326,-0.046979193,-0.034580596,0.07541852,0.012851605,0.010222793
45.97517991,0.998633506,0.052260135,0,0,0.104567904,0,0,0.999884009,0.013135986,0.006012842,-0.004833302,0.026215737,0.012151567,-0.009508359,0.022289904,-0.010110438,0.013167414,0.044939699,-0.005363428,0.004836839,0.046608228,0.033237789,0.046337526,0.059707966,-0.046337526,-0.059707966,-0.046608228,-0.033237789,0.078352167,0.012151567,0.009508359
46.03118992,0.998400088,0.056544363,0,0,0.113149075,0,0,0.999879658,0.013593894,0.005894111,-0.004612756,0.027135392,0.011912495,-0.009064921,0.025022777,-0.00025481,0.011896343,0.045646298,-0.004332083,0.004116015,0.045466274,0.034739427,0.044413105,0.055139955,-0.044413105,-0.055139955,-0.045466274,-0.034739427,0.086013683,0.011912495,0.009064921
46.09225989,0.998213581,0.059746517,0,0,0.119564239,0,0,0.999874353,0.014081944,0.005812984,-0.00439178,0.028114931,0.011748466,-0.00861944,0.025305901,-0.004772842,0.013176354,0.050468192,-0.006792927,0.004086724,0.045862354,0.037198193,0.045430224,0.054094385,-0.045430224,-0.054094385,-0.045862354,-0.037198193,0.091449308,0.011748466,0.00861944
46.15885997,0.997949876,0.064000351,0,0,0.128088246,0,0,0.999861419,0.015176086,0.005663768,-0.003866275,0.030310789,0.011443563,-0.007560136,0.025215,-0.003753603,0.013606996,0.054705733,-0.005676752,0.002967779,0.057414692,0.046061192,0.051996753,0.063350245,-0.051996753,-0.063350245,-0.057414692,-0.046061192,0.097777457,0.011443563,0.007560136
46.19179988,0.997811666,0.066120184,0,0,0.132336915,0,0,0.999856174,0.015590888,0.00562586,-0.003620105,0.031143596,0.011363225,-0.007064258,0.021138044,-0.000534952,0.016035885,0.056311912,-0.005581682,0.002899885,0.058993693,0.047830336,0.053630106,0.06479346,-0.053630106,-0.06479346,-0.058993693,-0.047830336,0.101193319,0.011363225,0.007064258
46.22974992,0.997740989,0.067178261,0,0,0.134457785,0,0,0.999856174,0.015590888,0.00562586,-0.003620105,0.031143596,0.011363225,-0.007064258,0.021138044,-0.000534952,0.016035885,0.057152738,-0.006450727,0.002485831,0.058993693,0.047830336,0.053630106,0.06479346,-0.053630106,-0.06479346,-0.058993693,-0.047830336,0.103314189,0.011363225,0.007064258
46.30243993,0.997522729,0.0703449,0,0,0.140806092,0,0,0.99984467,0.016466388,0.00550592,-0.003052356,0.032902011,0.01111088,-0.005922837,0.020366162,-0.003287196,0.011750311,0.061469135,-0.006019999,0.00242765,0.061117616,0.048216172,0.053187832,0.06608928,-0.053187832,-0.06608928,-0.061117616,-0.048216172,0.107904081,0.01111088,0.005922837
46.36851001,0.997138516,0.075596161,0,0,0.151336698,0,0,0.999822021,0.017959539,0.005354295,-0.002252414,0.03589835,0.010787795,-0.004311967,0.027412923,-0.003656745,0.013460965,0.065206128,-0.00625006,0.001313301,0.070705608,0.05705161,0.05834141,0.071995407,-0.05834141,-0.071995407,-0.070705608,-0.05705161,0.115438348,0.010787795,0.004311967
46.40418983,0.997138516,0.075596161,0,0,0.151336698,0,0,0.999822021,0.017959539,0.005354295,-0.002252414,0.03589835,0.010787795,-0.004311967,0.027412923,-0.003656745,0.013460965,0.064523522,-0.006827003,0.0006449,0.070705608,0.05705161,0.05834141,0.071995407,-0.05834141,-0.071995407,-0.070705608,-0.05705161,0.115438348,0.010787795,0.004311967
46.43115998,0.996895961,0.078730185,0,0,0.157623493,0,0,0.999822021,0.017959539,0.005354295,-0.002252414,0.03589835,0.010787795,-0.004311967,0.027412923,-0.003656745,0.013460965,0.067829268,-0.006805652,0.000663618,0.073971286,0.060359988,0.061687224,0.075298518,-0.061687224,-0.075298518,-0.073971286,-0.060359988,0.121725143,0.010787795,0.004311967
46.46653986,0.99681314,0.079771956,0,0,0.159713609,0,0,0.999805748,0.018901711,0.005299219,-0.001820651,0.037787917,0.010665407,-0.003440468,0.033738464,-0.000730157,0.019287318,0.068799161,-0.00527537,0.000988507,0.073971286,0.060359988,0.061687224,0.075298518,-0.061687224,-0.075298518,-0.073971286,-0.060359988,0.121925692,0.010665407,0.003440468
46.50546003,0.996644575,0.081851027,0,0,0.163885397,0,0,0.999793112,0.019591045,0.005277087,-0.001517455,0.039170179,0.010611643,-0.002827678,0.035033375,-0.001056492,0.015989691,0.069200193,-0.006041566,-0.000520572,0.073086008,0.062535271,0.064512283,0.07506302,-0.064512283,-0.07506302,-0.073086008,-0.062535271,0.124715218,0.010611643,0.002827678
46.54980993,0.996472157,0.083924012,0,0,0.168045684,0,0,0.999777138,0.020402547,0.005271493,-0.001240121,0.040796532,0.010591439,-0.002264715,0.045364343,0.000367314,0.014746934,0.070761626,-0.005941344,-0.000325684,0.077028632,0.065145954,0.064494587,0.076377265,-0.064494587,-0.076377265,-0.077028632,-0.065145954,0.127249152,0.010591439,0.002264715
46.61940003,0.996115958,0.088051116,0,0,0.176330584,0,0,0.999763846,0.020776462,0.006326062,-0.000793218,0.041548366,0.012682435,-0.001323302,0.002799183,0.039734695,0.012604149,0.070393432,-0.006335255,-0.000442769,0.077171437,0.064500935,0.063615397,0.076285899,-0.063615397,-0.076285899,-0.077171437,-0.064500935,0.134782218,0.012682435,0.001323302
46.64954996,0.996115958,0.088051116,0,0,0.176330584,0,0,0.999763846,0.020776462,0.006326062,-0.000793218,0.041548366,0.012682435,-0.001323302,0.002799183,0.039734695,0.012604149,0.081125482,-0.018322892,-0.000519198,0.099967547,0.063321784,0.062283386,0.098929144,-0.062283386,-0.098929144,-0.099967547,-0.063321784,0.134782218,0.012682435,0.001323302
46.69805002,0.995932277,0.090104935,0,0,0.180454615,0,0,0.999753773,0.02098649,0.007201793,-0.000544692,0.041971477,0.014423399,-0.000786916,0.020576268,0.031404942,0.009154529,0.079534629,-0.017163424,-0.000130669,0.096828692,0.06250187,0.06224053,0.096567355,-0.06224053,-0.096567355,-0.096828692,-0.06250187,0.138483138,0.014423399,0.000786916
46.75806999,0.99545722,0.095209892,0,0,0.190708655,0,0,0.999723017,0.021949682,0.008496425,-0.000263631,0.043903163,0.017000533,-0.00015415,0.032461435,0.029241294,0.007825346,0.081612214,-0.017936289,-9.44E-05,0.099642888,0.063770331,0.063581504,0.09945406,-0.063581504,-0.09945406,-0.099642888,-0.063770331,0.146805492,0.017000533,0.00015415
46.80191994,0.995260996,0.097239651,0,0,0.194787099,0,0,0.999702036,0.022663996,0.009078904,-0.000132046,0.045335075,0.018159376,0.000147539,0.036778301,0.029464815,0.006105752,0.084130853,-0.018152044,-4.37E-05,0.099642888,0.063770331,0.063581504,0.09945406,-0.063581504,-0.09945406,-0.099642888,-0.063770331,0.149452024,0.018159376,0.000147539
46.85799003,0.995161583,0.098251838,0,0,0.196821212,0,0,0.999666154,0.023927683,0.009752706,-1.98E-05,0.047866375,0.019501081,0.000427257,0.063001372,0.027383123,0.003751368,0.083940205,-0.01892369,0.000162469,0.102326594,0.06602253,0.065935068,0.102239139,-0.065935068,-0.102239139,-0.102326594,-0.06602253,0.148954837,0.019501081,0.000427257
46.90860987,0.994858225,0.101277405,0,0,0.202902689,0,0,0.99962908,0.025245363,0.010224413,2.14E-05,0.050504442,0.020441579,0.000559204,0.069674112,0.027600676,0.005619973,0.081084889,-0.019170288,0.000544058,0.102701396,0.064854041,0.065178975,0.103026338,-0.065178975,-0.103026338,-0.102701396,-0.064854041,0.152398247,0.020441579,0.000559204
46.96605993,0.994442071,0.105285169,0,0,0.210961319,0,0,0.999555945,0.027487222,0.011508384,0.000269819,0.054998489,0.022993736,0.001172375,0.036277622,0.045946982,0.020960718,0.083267486,-0.019787544,0.000282493,0.09971109,0.061370537,0.062458653,0.100799203,-0.062458653,-0.100799203,-0.09971109,-0.061370537,0.15596283,0.022993736,0.001172375
47.01055002,0.994229124,0.107277444,0,0,0.214968566,0,0,0.999508798,0.028734079,0.012495589,0.000648778,0.057505709,0.024944203,0.002015645,0.065932423,0.036432598,0.017205628,0.091077441,-0.026407869,-0.002449019,0.102772504,0.063197441,0.063762426,0.103337489,-0.063762426,-0.103337489,-0.102772504,-0.063197441,0.157462857,0.024944203,0.002015645
47.05410981,0.994013009,0.10926179,0,0,0.218960726,0,0,0.999457181,0.030162791,0.013229581,0.00095325,0.060375719,0.026390346,0.002704491,0.083140291,0.036703795,0.011204928,0.08643224,-0.025022934,-0.002113389,0.119934291,0.067118585,0.062220547,0.115036257,-0.062220547,-0.115036257,-0.119934291,-0.067118585,0.158585007,0.026390346,0.002704491
47.10645986,0.993793788,0.111238064,0,0,0.222937518,0,0,0.999398053,0.03174689,0.013936796,0.001262566,0.063558033,0.027780218,0.003409833,0.066571698,0.04210845,0.020489844,0.084239534,-0.026003237,-0.001339703,0.113568529,0.063522689,0.059295911,0.109341748,-0.059295911,-0.109341748,-0.113568529,-0.063522689,0.159379485,0.027780218,0.003409833
47.15859986,0.993571524,0.113206126,0,0,0.226898664,0,0,0.999347687,0.032874387,0.014860643,0.00169096,0.065832477,0.029595033,0.004358705,0.060292337,0.043266267,0.023437291,0.088912545,-0.028387237,-0.00317587,0.111582443,0.059575997,0.05689659,0.108903036,-0.05689659,-0.108903036,-0.111582443,-0.059575997,0.161066187,0.029595033,0.004358705
47.20602989,0.993232559,0.116142512,0,0,0.232810438,0,0,0.999252379,0.035073034,0.016112881,0.002242353,0.070259725,0.03204986,0.005614521,0.089921802,0.038627535,0.016164036,0.085488653,-0.03013247,-0.003291419,0.120475613,0.063701175,0.057349436,0.114123873,-0.057349436,-0.114123873,-0.120475613,-0.063701175,0.162550713,0.03204986,0.005614521
47.25427985,0.99277055,0.120027644,0,0,0.240635455,0,0,0.999225616,0.035760753,0.016221227,0.002475807,0.071644937,0.032245848,0.006111161,0.004281849,-0.010767582,0.005023926,0.089618049,-0.03010732,-0.003217632,0.122942962,0.06272836,0.056293093,0.116507702,-0.056293093,-0.116507702,-0.122942962,-0.06272836,0.168990518,0.032245848,0.006111161
47.30531001,0.992535382,0.121957021,0,0,0.244522767,0,0,0.999208868,0.03647498,0.015645383,0.002573959,0.073073055,0.03108324,0.006288253,0.033529848,-0.014571846,0.006877631,0.10492075,-0.015633284,-0.001473512,0.122942962,0.06272836,0.056293093,0.116507702,-0.056293093,-0.116507702,-0.122942962,-0.06272836,0.171449712,0.03108324,0.006288253
47.35818982,0.992297528,0.123877422,0,0,0.248392918,0,0,0.999170899,0.037652515,0.015270632,0.00258872,0.0754278,0.030325643,0.006326052,0.061614078,-0.01591295,-0.000962615,0.104542226,-0.01480733,-0.002098688,0.121448211,0.091833569,0.087636195,0.117250837,-0.087636195,-0.117250837,-0.121448211,-0.091833569,0.172965118,0.030325643,0.006326052
47.40583992,0.992057055,0.125788712,0,0,0.252245636,0,0,0.999125242,0.038972463,0.014956119,0.002538909,0.078066316,0.029692534,0.00624192,0.077285618,-0.014586748,-0.001353025,0.100185739,-0.013865534,-0.000795498,0.114846744,0.08711569,0.085524693,0.113255747,-0.085524693,-0.113255747,-0.114846744,-0.08711569,0.17417932,0.029692534,0.00624192
47.45092988,0.99181403,0.127690756,0,0,0.256080651,0,0,0.999065936,0.040590234,0.01463171,0.002432347,0.081299571,0.029042701,0.006050546,0.087242581,-0.014668703,-0.002975762,0.098299671,-0.013796644,-0.000671749,0.114846744,0.08711569,0.085524693,0.113255747,-0.085524693,-0.113255747,-0.114846744,-0.08711569,0.17478108,0.029042701,0.006050546
47.5071199,0.991320604,0.131466572,0,0,0.263696494,0,0,0.998991191,0.042479407,0.014390324,0.002306125,0.0850767,0.028559562,0.005832592,0.076577812,0.002785772,-0.002978742,0.098425013,-0.013315599,-0.000262031,0.112768032,0.085174762,0.083831266,0.111424536,-0.083831266,-0.111424536,-0.112768032,-0.085174762,0.178619794,0.028559562,0.005832592
47.54785991,0.990944355,0.134273172,0,0,0.269359912,0,0,0.998920143,0.043953527,0.014875702,0.00234624,0.088033881,0.029517306,0.00599774,0.073983528,0.024490807,-0.001244247,0.10364547,-0.017909095,-8.58E-05,0.121640362,0.085822195,0.085650533,0.1214687,-0.085650533,-0.1214687,-0.121640362,-0.085822195,0.181326031,0.029517306,0.00599774
47.60695982,0.990690713,0.136131965,0,0,0.273111949,0,0,0.998742819,0.047561903,0.015666539,0.002305105,0.095266406,0.031079416,0.006097657,0.103035577,0.022159517,0.003273785,0.101942842,-0.024035424,-0.00062204,0.126600266,0.078529447,0.077285372,0.125356182,-0.077285372,-0.125356182,-0.126600266,-0.078529447,0.177845543,0.031079416,0.006097657
47.65649986,0.990434906,0.137980786,0,0,0.276844818,0,0,0.998626351,0.049823537,0.016061893,0.002259249,0.099798907,0.031859919,0.006115953,0.113823287,0.016602132,-0.002601743,0.099500694,-0.024847376,-0.000855475,0.126600266,0.078529447,0.077285372,0.125356182,-0.077285372,-0.125356182,-0.126600266,-0.078529447,0.177045911,0.031859919,0.006115953
47.70653987,0.990177007,0.139819506,0,0,0.280558256,0,0,0.998560548,0.051229838,0.01578095,0.001873598,0.102601486,0.031329618,0.005361368,0.045167658,-0.019858778,-0.018091502,0.098051341,-0.023698438,0.00029473,0.125203505,0.075508788,0.073797837,0.123492561,-0.073797837,-0.123492561,-0.125203505,-0.075508788,0.17795677,0.031329618,0.005361368
47.75777984,0.989786397,0.14255837,0,0,0.286091413,0,0,0.998505652,0.052400738,0.015450057,0.001434499,0.10493101,0.030708422,0.004486029,0.06772206,-0.017906725,-0.01934916,0.114334603,-0.013125505,0.003330199,0.121455014,0.074058168,0.074647628,0.122044474,-0.074647628,-0.122044474,-0.121455014,-0.074058168,0.181160403,0.030708422,0.004486029
47.81087995,0.989258946,0.146173653,0,0,0.293398531,0,0,0.998430431,0.053908601,0.01515185,0.001007918,0.107936942,0.030152032,0.003647968,0.087564446,-0.018703938,-0.018054249,0.112953864,-0.013047503,0.004099547,0.124129876,0.097878881,0.104539283,0.130790278,-0.104539283,-0.130790278,-0.124129876,-0.097878881,0.185461589,0.030152032,0.003647968
47.85586,0.988992545,0.147965356,0,0,0.29702133,0,0,0.998336971,0.055695437,0.014873601,0.000578362,0.111502576,0.029637638,0.002812822,0.093167268,-0.013710558,-0.021228196,0.108077506,-0.012355705,0.004363272,0.121901788,0.0958068,0.104005888,0.130100876,-0.104005888,-0.130100876,-0.121901788,-0.0958068,0.185518754,0.029637638,0.002812822
47.90719986,0.988724459,0.149746267,0,0,0.300623283,0,0,0.998160005,0.058810536,0.014766384,-0.000296532,0.117718726,0.029517586,0.001145364,0.077872731,0.000404567,-0.021694599,0.113005915,-0.016739513,0.005508517,0.116069905,0.091358513,0.100085057,0.12479645,-0.100085057,-0.12479645,-0.116069905,-0.091358513,0.182904557,0.029517586,0.001145364
47.96270991,0.988319338,0.152397134,0,0,0.305986573,0,0,0.997988343,0.061610036,0.014918515,-0.000993783,0.12330978,0.029903916,-0.000145372,0.111652181,0.005701931,-0.020834807,0.111636825,-0.018856108,0.006557349,0.124236874,0.090757869,0.101774909,0.135253906,-0.101774909,-0.135253906,-0.124236874,-0.090757869,0.182676793,0.029903916,0.000145372
48.00900984,0.987910855,0.155023037,0,0,0.311301545,0,0,0.997843981,0.063848376,0.015138066,-0.001392896,0.127785567,0.030393394,-0.000847095,0.097078837,0.025198609,-0.0183329,0.108576321,-0.0184974,0.00738969,0.12393555,0.086223356,0.099338055,0.137050241,-0.099338055,-0.137050241,-0.12393555,-0.086223356,0.183515978,0.030393394,0.000847095
48.05640984,0.987773992,0.155892721,0,0,0.313062319,0,0,0.997723579,0.06558235,0.015619261,-0.001716012,0.131253511,0.03139764,-0.001376194,0.070632249,0.006426126,-0.021998584,0.111351543,-0.024249473,0.007492857,0.119683996,0.082689218,0.0974686,0.13446337,-0.0974686,-0.13446337,-0.119683996,-0.082689218,0.181808808,0.03139764,0.001376194
48.10646987,0.98749927,0.157623574,0,0,0.316567359,0,0,0.997616351,0.06715057,0.015730288,-0.002334809,0.134378888,0.031704448,-0.002547173,0.081276149,3.95E-05,-0.021490457,0.11774359,-0.019422832,0.008597763,0.128108114,0.0796092,0.094594918,0.143093839,-0.094594918,-0.143093839,-0.128108114,-0.0796092,0.182188471,0.031704448,0.002547173
48.15419984,0.987223286,0.159342976,0,0,0.32005018,0,0,0.997483134,0.069065608,0.01579757,-0.002789034,0.138205103,0.031906286,-0.00338362,0.107685484,0.001131743,-0.018687546,0.116562319,-0.017576426,0.009318627,0.128568619,0.089722984,0.106918506,0.145764142,-0.106918506,-0.145764142,-0.128568619,-0.089722984,0.181845077,0.031906286,0.00338362
48.2033,0.986807112,0.161900353,0,0,0.325232219,0,0,0.997334063,0.071167715,0.015803806,-0.003227363,0.14240738,0.031988164,-0.004190232,0.089641668,-0.011092424,-0.024521351,0.114541525,-0.014304687,0.010958665,0.124820083,0.089667253,0.108304508,0.143457338,-0.108304508,-0.143457338,-0.124820083,-0.089667253,0.182824839,0.031988164,0.004190232
48.25767994,0.986248522,0.165269031,0,0,0.332061575,0,0,0.99701947,0.075491846,0.01530921,-0.004353916,0.151047237,0.031189582,-0.006373579,0.120846182,-0.011384488,-0.015243888,0.117331565,-0.013167348,0.011217882,0.117887512,0.089278154,0.11119549,0.13980484,-0.11119549,-0.13980484,-0.117887512,-0.089278154,0.181014338,0.031189582,0.006373579
48.30238986,0.985967823,0.166935475,0,0,0.335441414,0,0,0.996825933,0.078025356,0.01509042,-0.004743614,0.156119519,0.030830168,-0.00710568,0.118482858,-0.022803249,-0.015780326,0.112164071,-0.013243694,0.01078105,0.119280994,0.092946321,0.115382083,0.141716763,-0.115382083,-0.141716763,-0.119280994,-0.092946321,0.179321895,0.030830168,0.00710568
48.35372997,0.985686292,0.16858984,0,0,0.338797711,0,0,0.996669412,0.080060899,0.014596109,-0.005239956,0.160191224,0.02993849,-0.008111575,0.111114256,-0.025840107,-0.017009677,0.11308693,-0.009632494,0.011324502,0.114626683,0.08813931,0.10970141,0.13618879,-0.10970141,-0.13618879,-0.114626683,-0.08813931,0.178606487,0.02993849,0.008111575
48.4029398,0.985404009,0.170232014,0,0,0.34213023,0,0,0.996524334,0.081871517,0.014343356,-0.005530882,0.163817924,0.029496926,-0.008678576,0.088410825,-0.003905595,-0.009101629,0.11530673,-0.00809809,0.012054672,0.11139489,0.092129916,0.114778921,0.134043902,-0.114778921,-0.134043902,-0.11139489,-0.092129916,0.178312306,0.029496926,0.008678576
48.45110989,0.985121054,0.171861889,0,0,0.345438737,0,0,0.996324897,0.08427047,0.01425825,-0.005648656,0.168630895,0.029367949,-0.008856629,0.105462223,-0.003500283,0.001371652,0.120839581,-0.01407848,0.011030703,0.123887323,0.095730379,0.117791787,0.145948723,-0.117791787,-0.145948723,-0.123887323,-0.095730379,0.176807842,0.029367949,0.008856629
48.52148986,0.984553445,0.175084304,0,0,0.351982789,0,0,0.995931327,0.088792868,0.014388578,-0.005457575,0.177717743,0.02963359,-0.008319279,0.107022375,0.023106486,0.012143702,0.114936133,-0.016286704,0.008645348,0.122577451,0.090004064,0.107294761,0.139868155,-0.107294761,-0.139868155,-0.122577451,-0.090004064,0.174265046,0.02963359,0.008319279
48.55751991,0.984126566,0.177468029,0,0,0.356826082,0,0,0.995742559,0.090856068,0.014672114,-0.005168053,0.181870071,0.030162966,-0.007629543,0.094001733,0.006405264,0.010890512,0.119427255,-0.02181239,0.007460626,0.133778974,0.090154223,0.105075479,0.148700237,-0.105075479,-0.148700237,-0.133778974,-0.090154223,0.174956011,0.030162966,0.007629543
48.60236001,0.983841572,0.179041225,0,0,0.360023687,0,0,0.995510399,0.093372755,0.014758761,-0.004792281,0.186937699,0.03028456,-0.006788563,0.09955243,-0.00077039,0.016149133,0.122729284,-0.017429656,0.007397022,0.132761881,0.097902589,0.112696633,0.147555918,-0.112696633,-0.147555918,-0.132761881,-0.097902589,0.173085988,0.03028456,0.006788563
48.6475699,0.983556345,0.180601538,0,0,0.363196024,0,0,0.995311201,0.09548521,0.014800205,-0.004410798,0.191194388,0.030308582,-0.0059566,0.113842659,0.002209097,0.023170561,0.121936937,-0.015559533,0.006105488,0.131390944,0.100271896,0.112482876,0.143601924,-0.112482876,-0.143601924,-0.131390944,-0.100271896,0.172001636,0.030308582,0.0059566
48.7245698,0.982985512,0.183683103,0,0,0.369464006,0,0,0.99510324,0.097659819,0.014711019,-0.003976793,0.195578423,0.030059233,-0.005043588,0.094739348,-0.005108118,0.020641835,0.12121187,-0.016476331,0.004528292,0.133159876,0.100207232,0.109263815,0.142216459,-0.109263815,-0.142216459,-0.133159876,-0.100207232,0.173885583,0.030059233,0.005043588
48.76711989,0.982700067,0.185204153,0,0,0.372559211,0,0,0.994868934,0.100084059,0.014383742,-0.003492367,0.20046614,0.029323135,-0.00407149,0.110084586,-0.008772316,0.028700385,0.125665076,-0.014418759,0.004425318,0.135658488,0.106820978,0.11567162,0.144509122,-0.11567162,-0.144509122,-0.135658488,-0.106820978,0.172093071,0.029323135,0.00407149
48.79826999,0.982700067,0.185204153,0,0,0.372559211,0,0,0.994651854,0.102272704,0.014108202,-0.003029402,0.204879992,0.028689078,-0.00314193,0.1099445,-0.001753867,0.031942878,0.123193748,-0.012019211,0.003585942,0.131626979,0.107588574,0.114760458,0.138798863,-0.114760458,-0.138798863,-0.131626979,-0.107588574,0.167679219,0.028689078,0.00314193
48.84694982,0.982129518,0.188206294,0,0,0.378670964,0,0,0.994461834,0.104099125,0.014254886,-0.002461013,0.208570178,0.028868261,-0.001927728,0.094269969,0.01431033,0.034042452,0.124021163,-0.019861876,0.000267984,0.131626979,0.107588574,0.114760458,0.138798863,-0.114760458,-0.138798863,-0.131626979,-0.107588574,0.170100786,0.028868261,0.001927728
48.9009099,0.981702222,0.19042255,0,0,0.38318511,0,0,0.994043589,0.10799899,0.014574751,-0.001090082,0.216457631,0.029215486,0.000981358,0.109805934,0.006256253,0.037799034,0.125998319,-0.019727142,-0.000329261,0.146054685,0.106600426,0.105941899,0.145396158,-0.105941899,-0.145396158,-0.146054685,-0.106600426,0.166727479,0.029215486,0.000981358
48.95098996,0.9814178,0.191883042,0,0,0.386160967,0,0,0.993755579,0.110609666,0.014682216,-0.000112874,0.221741071,0.029210184,0.003024946,0.114444643,0.005259365,0.04134253,0.124357678,-0.018181246,-0.001846322,0.144385204,0.108022735,0.104330093,0.140692562,-0.104330093,-0.140692562,-0.144385204,-0.108022735,0.164419896,0.029210184,0.003024946
49.0000999,0.981133825,0.193329814,0,0,0.389109723,0,0,0.993518353,0.112716101,0.014708168,0.000594505,0.226002304,0.029095745,0.004498916,0.098686673,-0.001625717,0.030624121,0.123584912,-0.018258059,-0.003563403,0.145406336,0.108890243,0.101763435,0.138279527,-0.101763435,-0.138279527,-0.145406336,-0.108890243,0.163107419,0.029095745,0.004498916
49.04846001,0.980850377,0.194762772,0,0,0.392031169,0,0,0.9933182,0.114486501,0.014521724,0.001079251,0.229578848,0.028606159,0.005471427,0.097010292,-0.007852913,0.027700514,0.127289721,-0.01651476,-0.002585734,0.145406336,0.108890243,0.101763435,0.138279527,-0.101763435,-0.138279527,-0.145406336,-0.108890243,0.162452321,0.028606159,0.005471427
49.1150198,0.980285379,0.197586881,0,0,0.397791316,0,0,0.992819965,0.118719175,0.014524764,0.001820533,0.238125691,0.02841251,0.007066569,0.109720983,0.0007011,0.014955551,0.129774746,-0.014614495,-0.00266656,0.146390185,0.113360681,0.10818921,0.141218707,-0.10818921,-0.141218707,-0.146390185,-0.113360681,0.159665625,0.02841251,0.007066569
49.15423989,0.979863602,0.199668028,0,0,0.40203823,0,0,0.992819965,0.118719175,0.014524764,0.001820533,0.238125691,0.02841251,0.007066569,0.109720983,0.0007011,0.014955551,0.126410329,-0.017202556,-0.001385775,0.14705576,0.11782679,0.112493671,0.141722649,-0.112493671,-0.141722649,-0.14705576,-0.11782679,0.163912539,0.02841251,0.007066569
49.20348001,0.97944381,0.201717183,0,0,0.406221657,0,0,0.992347062,0.122606404,0.014528866,0.002006233,0.245964901,0.028347193,0.007547526,0.092052676,-0.00962615,-0.001010299,0.128116177,-0.017823618,-4.67E-05,0.144998625,0.110593528,0.107821979,0.142227069,-0.107821979,-0.142227069,-0.144998625,-0.110593528,0.160256756,0.028347193,0.007547526
49.25213003,0.979304367,0.202393076,0,0,0.40760191,0,0,0.992102027,0.124593295,0.014379963,0.001904052,0.249965563,0.028061991,0.007364286,0.110516697,-0.013995172,-0.003238022,0.132461675,-0.014315983,0.001140854,0.145986497,0.110339284,0.110245794,0.145893008,-0.110245794,-0.145893008,-0.145986497,-0.110339284,0.157636347,0.028061991,0.007364286
49.29965997,0.979026269,0.203734056,0,0,0.410340936,0,0,0.991735041,0.127482414,0.014386947,0.001728216,0.255787252,0.028099139,0.007098891,0.090657905,0.000133365,-0.003957748,0.128285504,-0.012804798,0.001626309,0.145636767,0.117004819,0.119286522,0.147918478,-0.119286522,-0.147918478,-0.145636767,-0.117004819,0.154553684,0.028099139,0.007098891
49.35471988,0.978749287,0.20506056,0,0,0.413051164,0,0,0.991473198,0.129502192,0.01441161,0.001514136,0.25985627,0.028189017,0.006737849,0.102915615,-0.007595122,-0.008772314,0.133788327,-0.0168616,0.001984885,0.148664996,0.114941821,0.118911594,0.15263477,-0.118911594,-0.15263477,-0.148664996,-0.114941821,0.153194894,0.028189017,0.006737849
49.39909983,0.978473499,0.206372506,0,0,0.415732402,0,0,0.991228938,0.13137266,0.014315199,0.001232033,0.263621464,0.028059249,0.006206188,0.098607697,-0.007095933,-0.009039045,0.131564256,-0.014579378,0.00308744,0.143056154,0.11389742,0.120072298,0.149231032,-0.120072298,-0.149231032,-0.143056154,-0.11389742,0.152110938,0.028059249,0.006206188
49.45432997,0.97778976,0.209588134,0,0,0.42230744,0,0,0.990837157,0.134314194,0.014173251,0.000796986,0.269545128,0.027876281,0.005388823,0.087226175,-0.000317395,-0.014404953,0.13286694,-0.01455767,0.003464691,0.14395988,0.114844561,0.121773943,0.150889263,-0.121773943,-0.150889263,-0.14395988,-0.114844561,0.152762312,0.027876281,0.005388823
49.50758982,0.977518756,0.210848481,0,0,0.424885747,0,0,0.990409672,0.137434602,0.014159624,0.00025811,0.275831386,0.027980356,0.004405052,0.103060164,-0.007191301,-0.014218688,0.134313754,-0.015525621,0.00457487,0.145264462,0.114213243,0.123362981,0.154414207,-0.123362981,-0.154414207,-0.145264462,-0.114213243,0.149054361,0.027980356,0.004405052
49.55570984,0.97724929,0.212093907,0,0,0.427434234,0,0,0.990151286,0.139297232,0.014031163,-9.91E-05,0.279582722,0.027817141,0.003714196,0.095523156,-0.010116399,-0.01372546,0.132129961,-0.014088801,0.005510913,0.140707806,0.112530224,0.123552054,0.151729643,-0.123552054,-0.151729643,-0.140707806,-0.112530224,0.147851512,0.027817141,0.003714196
49.5982399,0.976981437,0.213324334,0,0,0.429952722,0,0,0.989885628,0.141190156,0.013849569,-0.000468984,0.283395486,0.027554891,0.002983501,0.104222447,-0.017523766,-0.014507771,0.134719118,-0.013037353,0.00584906,0.140707806,0.112530224,0.123552054,0.151729643,-0.123552054,-0.151729643,-0.140707806,-0.112530224,0.146557236,0.027554891,0.002983501
49.66011,0.976582846,0.215141685,0,0,0.433673821,0,0,0.989628375,0.142990112,0.01374873,-0.00081129,0.287023156,0.02744772,0.002326992,0.082328178,-0.004142523,-0.018018484,0.133863085,-0.010567392,0.006413506,0.141907379,0.115832686,0.127530798,0.153605491,-0.127530798,-0.153605491,-0.141907379,-0.115832686,0.146650665,0.02744772,0.002326992
49.70078993,0.976188303,0.216924867,0,0,0.437326437,0,0,0.989319444,0.145112857,0.013707239,-0.001226218,0.291303174,0.027481013,0.001552537,0.087156154,-0.005367398,-0.013139845,0.138789732,-0.014245079,0.007379891,0.145654887,0.117164738,0.131924525,0.160414666,-0.131924525,-0.160414666,-0.145654887,-0.117164738,0.146023263,0.027481013,0.001552537
49.75200987,0.975798054,0.218673631,0,0,0.440909995,0,0,0.989067316,0.14682968,0.013589081,-0.001576886,0.294764558,0.027347501,0.000871595,0.089588024,-0.007992983,-0.012552741,0.136481004,-0.01277951,0.007358329,0.141902149,0.116343141,0.131059796,0.156618804,-0.131059796,-0.156618804,-0.141902149,-0.116343141,0.146145437,0.027347501,0.000871595
49.80388999,0.975540396,0.219820234,0,0,0.443260387,0,0,0.988576949,0.150103718,0.013420518,-0.002153287,0.301371265,0.027184202,-0.000228525,0.080468506,-0.003245474,-0.01103729,0.138940929,-0.013501838,0.007546774,0.144895956,0.117892295,0.132985845,0.159989506,-0.132985845,-0.159989506,-0.144895956,-0.117892295,0.141889122,0.027184202,0.000228525
49.85440994,0.975284828,0.220951363,0,0,0.44557967,0,0,0.988276362,0.152073473,0.013333351,-0.002418412,0.30535003,0.027092935,-0.000725087,0.077041246,-0.006322564,-0.007450582,0.139154632,-0.013800128,0.007769818,0.144895956,0.117892295,0.132985845,0.159989506,-0.132985845,-0.159989506,-0.144895956,-0.117892295,0.14022964,0.027092935,0.000725087
49.90237999,0.97503142,0.222066949,0,0,0.447867681,0,0,0.988027215,0.153689623,0.013233244,-0.002622394,0.308615608,0.026958939,-0.001114774,0.07987842,-0.004522503,-0.010628999,0.140655703,-0.012775128,0.00748555,0.145184904,0.117584661,0.133124307,0.160724536,-0.133124307,-0.160724536,-0.145184904,-0.117584661,0.139252073,0.026958939,0.001114774
49.95523,0.974780244,0.223166925,0,0,0.450124258,0,0,0.987783015,0.155252531,0.013183946,-0.002768828,0.31177614,0.026908735,-0.001376819,0.08594618,-0.005567075,-0.004942715,0.14161378,-0.013057,0.008263724,0.145945236,0.120395005,0.135366097,0.160916343,-0.135366097,-0.160916343,-0.145945236,-0.120395005,0.138348118,0.026908735,0.001376819
50.00286985,0.974407816,0.224787472,0,0,0.453449842,0,0,0.987544298,0.156766415,0.013135131,-0.002876723,0.314839123,0.026848212,-0.001564052,0.07833913,-0.005728006,-0.001564622,0.142338404,-0.013002622,0.007141297,0.146407023,0.120293029,0.13682048,0.162934467,-0.13682048,-0.162934467,-0.146407023,-0.120293029,0.138610719,0.026848212,0.001564052
50.05384994,0.973919703,0.226892952,0,0,0.45777248,0,0,0.987199962,0.158925772,0.013049158,-0.002960216,0.319211121,0.026708336,-0.00169756,0.074707739,-0.003744663,9.31E-05,0.142197455,-0.013045575,0.006846352,0.148199692,0.122194462,0.136477053,0.162482291,-0.136477053,-0.162482291,-0.148199692,-0.122194462,0.138561359,0.026708336,0.00169756
50.10394001,0.973679424,0.227921869,0,0,0.459885682,0,0,0.986732602,0.161804482,0.013012771,-0.003017104,0.325043874,0.02665976,-0.00174372,0.071851164,-0.003351271,-8.64E-05,0.142645497,-0.014499875,0.007039551,0.148396641,0.122305505,0.135998204,0.162089348,-0.135998204,-0.162089348,-0.148396641,-0.122305505,0.134841808,0.02665976,0.00174372
50.15375996,0.973441753,0.228934823,0,0,0.461966607,0,0,0.986487389,0.163297907,0.012943805,-0.003036687,0.32807082,0.026532674,-0.001764535,0.073321916,-0.006023051,-0.000482798,0.143510993,-0.013102282,0.00695994,0.150105774,0.121106051,0.135185152,0.164184883,-0.135185152,-0.164184883,-0.150105774,-0.121106051,0.133895787,0.026532674,0.001764535
50.20305991,0.973206756,0.229931752,0,0,0.46401511,0,0,0.986173749,0.165180758,0.012926592,-0.003110389,0.331887421,0.026526391,-0.001864976,0.081533939,0.000903756,-0.002598763,0.144054788,-0.012249598,0.00705488,0.149653301,0.123448744,0.137368634,0.163573176,-0.137368634,-0.163573176,-0.149653301,-0.123448744,0.132127689,0.026526391,0.001864976
50.25480986,0.972974497,0.230912597,0,0,0.466031047,0,0,0.985923469,0.166670278,0.012870049,-0.003234691,0.334905588,0.026459103,-0.002088939,0.082471214,-0.007745623,-0.001823902,0.143487752,-0.01408714,0.00751424,0.149249464,0.124750286,0.138860047,0.163359225,-0.138860047,-0.163359225,-0.149249464,-0.124750286,0.131125459,0.026459103,0.002088939
50.29823995,0.972745043,0.231877299,0,0,0.468014277,0,0,0.985655069,0.168253243,0.012795674,-0.003368045,0.338113853,0.026360659,-0.002334447,0.072879352,9.16E-05,-0.002379716,0.143516787,-0.011556574,0.007538076,0.150060609,0.12188635,0.136914834,0.165089086,-0.136914834,-0.165089086,-0.150060609,-0.12188635,0.129900424,0.026360659,0.002334447
50.34939003,0.972294799,0.233758046,0,0,0.471882058,0,0,0.985382378,0.169844881,0.01272592,-0.003530249,0.34133993,0.026282007,-0.002635339,0.084359206,-0.003249944,-0.002928078,0.143480108,-0.01199826,0.008250703,0.14753525,0.124422111,0.139498264,0.162611395,-0.139498264,-0.162611395,-0.14753525,-0.124422111,0.130542128,0.026282007,0.002635339
50.4006598,0.971964944,0.235125814,0,0,0.474696017,0,0,0.985038698,0.171830282,0.01261622,-0.003741423,0.345365077,0.026143686,-0.003036238,0.085171312,-0.005064905,-0.003398956,0.142180565,-0.011879166,0.008353779,0.14722763,0.12323112,0.139732525,0.163729027,-0.139732525,-0.163729027,-0.14722763,-0.12323112,0.12933094,0.026143686,0.003036238
50.45418,0.971748883,0.236017179,0,0,0.476530373,0,0,0.984482884,0.174988687,0.012497463,-0.004035426,0.351772711,0.02602232,-0.003573004,0.088766962,-0.005486608,-0.003860892,0.143551671,-0.013475159,0.009077352,0.145705909,0.121947594,0.138655156,0.162413478,-0.138655156,-0.162413478,-0.145705909,-0.121947594,0.124757662,0.02602232,0.003573004
50.50205994,0.971535966,0.2368921,0,0,0.478331284,0,0,0.984197915,0.176589713,0.012391782,-0.004152394,0.355022741,0.025861349,-0.003798311,0.078681864,0.001982599,-0.005520881,0.141675736,-0.011519893,0.00876974,0.147949442,0.120999135,0.139153838,0.166104138,-0.139153838,-0.166104138,-0.147949442,-0.120999135,0.123308543,0.025861349,0.003798311
50.55382991,0.971326252,0.237750525,0,0,0.480098624,0,0,0.983779252,0.178909391,0.012314292,-0.004285226,0.3597347,0.025765269,-0.004026495,0.075192012,-0.00384301,-0.002734363,0.145311632,-0.013455507,0.009167934,0.144425854,0.121386081,0.138925552,0.161965325,-0.138925552,-0.161965325,-0.144425854,-0.121386081,0.120363924,0.025765269,0.004026495
50.59853983,0.9711198,0.238592403,0,0,0.48183227,0,0,0.983572125,0.180044517,0.012304883,-0.004334423,0.362041717,0.0257691,-0.004096953,0.080252439,-0.005340577,0.001936406,0.14567384,-0.011735656,0.008851749,0.149599165,0.122688167,0.141024038,0.167935029,-0.141024038,-0.167935029,-0.149599165,-0.122688167,0.119790553,0.0257691,0.004096953
50.64948988,0.970716907,0.240226324,0,0,0.485197991,0,0,0.983297884,0.181538388,0.012249827,-0.004380405,0.365078903,0.025683702,-0.004168245,0.075229257,-0.00255853,-0.000651181,0.144887808,-0.011279411,0.008140074,0.148557708,0.125086412,0.142789915,0.166261211,-0.142789915,-0.166261211,-0.148557708,-0.125086412,0.120119088,0.025683702,0.004168245
50.70010996,0.970423718,0.241407971,0,0,0.487632945,0,0,0.983027637,0.182997197,0.012216873,-0.004419126,0.368045864,0.025639229,-0.004218337,0.076382615,-0.000223517,0.002228469,0.144956041,-0.012613942,0.008167786,0.148027107,0.125468299,0.141748443,0.164307252,-0.141748443,-0.164307252,-0.148027107,-0.125468299,0.119587081,0.025639229,0.004218337
50.7537899,0.970232636,0.242174795,0,0,0.489213491,0,0,0.982382774,0.186435267,0.012116872,-0.004406757,0.375043872,0.025452704,-0.004141572,0.071188062,-0.003403426,-0.000709295,0.14612881,-0.014820959,0.007981243,0.149402156,0.124174289,0.140509859,0.165737733,-0.140509859,-0.165737733,-0.149402156,-0.124174289,0.114169619,0.025452704,0.004141572
50.80537987,0.97004512,0.242924815,0,0,0.490759703,0,0,0.982127309,0.187777668,0.012091787,-0.004415985,0.37777726,0.025412524,-0.004134329,0.068645932,-0.00397563,0.002906472,0.146683003,-0.011627038,0.008644819,0.152968481,0.123326585,0.139289066,0.168930978,-0.139289066,-0.168930978,-0.152968481,-0.123326585,0.112982443,0.025412524,0.004134329
50.85052991,0.969861219,0.243657988,0,0,0.492271472,0,0,0.981871247,0.189115867,0.01202435,-0.004447711,0.380502002,0.025297683,-0.004187519,0.069221102,-0.005973876,0.000739843,0.147683661,-0.011451208,0.008055919,0.149665177,0.126411125,0.143700764,0.166954815,-0.143700764,-0.166954815,-0.149665177,-0.126411125,0.11176947,0.025297683,0.004187519
50.89885998,0.969680987,0.24437427,0,0,0.493748691,0,0,0.981556416,0.190745234,0.011978365,-0.004465197,0.383821321,0.025220981,-0.004197401,0.064625598,-0.00192374,-0.001512468,0.147599138,-0.010804714,0.008447249,0.15107891,0.12817651,0.144288346,0.167190745,-0.144288346,-0.167190745,-0.15107891,-0.12817651,0.10992737,0.025220981,0.004197401
50.95672989,0.969246775,0.246090813,0,0,0.497289912,0,0,0.981300175,0.192062974,0.011922658,-0.004450575,0.386507129,0.02511163,-0.00415622,0.071864575,-0.003378093,0.003314764,0.148429069,-0.011883805,0.008831221,0.149956569,0.128347144,0.145241648,0.166851059,-0.145241648,-0.166851059,-0.149956569,-0.128347144,0.110782783,0.02511163,0.00415622
51.00180984,0.969079765,0.246747662,0,0,0.498645408,0,0,0.981051505,0.193330571,0.011901763,-0.004455233,0.389091116,0.025077773,-0.004140989,0.062563278,0.005643815,0.000365824,0.148175672,-0.013909319,0.008480392,0.151481614,0.127714023,0.145376459,0.169144064,-0.145376459,-0.169144064,-0.151481614,-0.127714023,0.109554292,0.025077773,0.004140989
51.05303002,0.968916639,0.247387443,0,0,0.499965907,0,0,0.980551243,0.195856363,0.011859707,-0.004360567,0.394244388,0.024968781,-0.003907149,0.060351945,0.000355393,0.004100055,0.147289001,-0.01295207,0.007544506,0.153604552,0.125785932,0.142746717,0.170565337,-0.142746717,-0.170565337,-0.153604552,-0.125785932,0.105721519,0.024968781,0.003907149
51.10267997,0.968757442,0.248010119,0,0,0.501251318,0,0,0.980264127,0.197292,0.011851332,-0.004198646,0.397177266,0.024894162,-0.003556327,0.060644012,0.002232939,0.00839457,0.149351921,-0.012449619,0.007761601,0.15269652,0.126792401,0.141881406,0.16778554,-0.141881406,-0.16778554,-0.15269652,-0.126792401,0.104074052,0.024894162,0.003556327
51.15024996,0.968602217,0.248615656,0,0,0.502501548,0,0,0.980034173,0.19843398,0.01186799,-0.004026813,0.399511941,0.024862744,-0.003183794,0.056568541,0.00620261,0.009202212,0.149160573,-0.013023855,0.006857102,0.154039904,0.129140675,0.14466387,0.1695631,-0.14466387,-0.1695631,-0.154039904,-0.129140675,0.102989607,0.024862744,0.003183794
51.2049799,0.968303859,0.249775173,0,0,0.504896123,0,0,0.979802668,0.199577704,0.011872598,-0.003831211,0.401851201,0.024797392,-0.002769504,0.059524916,0.001969189,0.012851506,0.150355953,-0.014198287,0.006528459,0.15532729,0.129279584,0.142993793,0.169041485,-0.142993793,-0.169041485,-0.15532729,-0.129279584,0.103044922,0.024797392,0.002769504
51.25588989,0.968160807,0.250329086,0,0,0.506040298,0,0,0.979560733,0.20076479,0.011874666,-0.003666189,0.404278831,0.024738514,-0.002415221,0.061155114,0.000724941,0.008782,0.150015636,-0.013108218,0.005709224,0.158025742,0.12962918,0.142686099,0.171082661,-0.142686099,-0.171082661,-0.158025742,-0.12962918,0.101761467,0.024738514,0.002415221
51.30407,0.967954001,0.251127563,0,0,0.507689945,0,0,0.97924912,0.202281743,0.011872667,-0.003536059,0.407379999,0.02468566,-0.002122766,0.066085905,0.001456589,0.004129857,0.147404116,-0.01304647,0.006827481,0.157414585,0.131198168,0.142616615,0.168833032,-0.142616615,-0.168833032,-0.157414585,-0.131198168,0.100309946,0.02468566,0.002122766
51.35561991,0.967756633,0.251887076,0,0,0.509259422,0,0,0.97872895,0.204788238,0.011833472,-0.003402876,0.412504107,0.024559726,-0.001814823,0.06836132,-0.005078316,0.003731996,0.148215415,-0.011894628,0.00592236,0.153623059,0.127530143,0.141185105,0.167278022,-0.141185105,-0.167278022,-0.153623059,-0.127530143,0.096755315,0.024559726,0.001814823
51.40060997,0.967692963,0.252131572,0,0,0.509764722,0,0,0.978459537,0.206072867,0.011814031,-0.003389904,0.415130103,0.024518689,-0.001765196,0.070879608,-0.003667176,0.001765043,0.147196971,-0.011247223,0.006755648,0.154187649,0.130398408,0.142243117,0.166032359,-0.142243117,-0.166032359,-0.154187649,-0.130398408,0.094634619,0.024518689,0.001765196
51.45694995,0.967448994,0.253066087,0,0,0.511696394,0,0,0.978052258,0.207998842,0.011790236,-0.003396153,0.41906789,0.024478164,-0.00173904,0.062351678,0.001487881,0.001513213,0.146468836,-0.011606054,0.007067875,0.151688501,0.129194081,0.142705366,0.165199801,-0.142705366,-0.165199801,-0.151688501,-0.129194081,0.092628504,0.024478164,0.00173904
51.50563002,0.967333495,0.253507217,0,0,0.512608394,0,0,0.977794409,0.209208563,0.011750322,-0.00344251,0.421540975,0.024421629,-0.00181614,0.060466677,0.00134036,0.002805144,0.147689367,-0.013039149,0.007103653,0.151006982,0.127794877,0.141930625,0.16514273,-0.141930625,-0.16514273,-0.151006982,-0.127794877,0.091067419,0.024421629,0.00181614
51.55645991,0.967222363,0.253930896,0,0,0.513484417,0,0,0.977532923,0.210429624,0.011697069,-0.00348739,0.424037757,0.024338637,-0.00189582,0.06194935,-0.001679361,0.002589077,0.148126206,-0.012950618,0.006937323,0.153624818,0.127546534,0.141753852,0.167832136,-0.141753852,-0.167832136,-0.153624818,-0.127546534,0.08944666,0.024338637,0.00189582
51.60530997,0.967115629,0.2543371,0,0,0.514324402,0,0,0.977278531,0.211609811,0.011644557,-0.003513264,0.426452081,0.024249211,-0.001939241,0.061460588,-0.006353855,0.002796203,0.147215446,-0.010729351,0.0070099,0.154139459,0.128238246,0.142112881,0.168014109,-0.142112881,-0.168014109,-0.154139459,-0.128238246,0.087872321,0.024249211,0.001939241
51.65743995,0.966963837,0.25491359,0,0,0.515516681,0,0,0.976729572,0.214132816,0.011594468,-0.003487986,0.431617728,0.024145447,-0.001848666,0.057221208,0.000797957,0.004052371,0.147524113,-0.011954937,0.007353841,0.15093486,0.129476175,0.143495962,0.164954662,-0.143495962,-0.164954662,-0.15093486,-0.129476175,0.083898953,0.024145447,0.001848666
51.7119298,0.966777103,0.255620876,0,0,0.516979723,0,0,0.976494372,0.215203464,0.011585945,-0.003474522,0.433810857,0.024125017,-0.001799556,0.054269284,-0.000452995,0.002231449,0.147722882,-0.012657352,0.006753379,0.152125165,0.128215313,0.142922997,0.166832849,-0.142922997,-0.166832849,-0.152125165,-0.128215313,0.083168866,0.024125017,0.001799556
51.7571199,0.966690505,0.255948174,0,0,0.517656843,0,0,0.976256013,0.216285169,0.011549461,-0.00343855,0.436027382,0.024040184,-0.001718353,0.058146574,-0.001078844,0.004059821,0.148110792,-0.012330367,0.007043359,0.153626814,0.128312126,0.141818881,0.16713357,-0.141818881,-0.16713357,-0.153626814,-0.128312126,0.081629461,0.024040184,0.001718353
51.80704999,0.966608451,0.256257884,0,0,0.518297633,0,0,0.975966156,0.217591465,0.011524234,-0.003380497,0.438705385,0.023967949,-0.001583807,0.048518926,0.002523512,0.004541128,0.14703387,-0.012126115,0.0066922,0.153397754,0.128737047,0.142823756,0.167484477,-0.142823756,-0.167484477,-0.153397754,-0.128737047,0.079592248,0.023967949,0.001583807
51.85665989,0.966530964,0.256549988,0,0,0.518902047,0,0,0.975751758,0.218551859,0.011527113,-0.003297122,0.440675865,0.023938668,-0.001396202,0.052254647,0.003006309,0.005485863,0.148663563,-0.013142995,0.006529785,0.152467743,0.128215522,0.141599923,0.165852144,-0.141599923,-0.165852144,-0.152467743,-0.128215522,0.078226182,0.023938668,0.001396202
51.90321994,0.966458065,0.25682447,0,0,0.519470043,0,0,0.975540161,0.219496876,0.011516031,-0.003183588,0.442615747,0.023868537,-0.001156299,0.048626225,0.004596265,0.007601828,0.147231381,-0.0111058,0.00546835,0.155276731,0.128990754,0.142050326,0.168336302,-0.142050326,-0.168336302,-0.155276731,-0.128990754,0.076854296,0.023868537,0.001156299
51.95281983,0.966389775,0.257081316,0,0,0.520001581,0,0,0.975334883,0.220408797,0.011510122,-0.003074492,0.444488164,0.023809984,-0.000923716,0.043345243,0.001869351,0.009448082,0.149172826,-0.013114553,0.005360229,0.152868792,0.130657211,0.141593903,0.163805485,-0.141593903,-0.163805485,-0.152868792,-0.130657211,0.075513417,0.023809984,0.000923716
52.00326991,0.966296022,0.257433483,0,0,0.520730447,0,0,0.974844456,0.222572774,0.011512967,-0.002707197,0.448935369,0.023654001,-0.000153289,0.041072816,0.008129329,0.004974753,0.14818677,-0.012534832,0.004371152,0.156927109,0.130698025,0.141418472,0.16764757,-0.141418472,-0.16764757,-0.156927109,-0.130698025,0.071795078,0.023654001,0.000153289
52.0555799,0.966187313,0.257841185,0,0,0.521574338,0,0,0.974651814,0.223416582,0.0115143,-0.002549998,0.450670396,0.023586471,0.0001743,0.045669824,-0.001618266,0.012453646,0.148897749,-0.014933868,0.005672624,0.156350404,0.131280765,0.140023068,0.165092722,-0.140023068,-0.165092722,-0.156350404,-0.131280765,0.070903942,0.023586471,0.0001743
52.10512996,0.966139976,0.2580185,0,0,0.521941389,0,0,0.974506319,0.224051371,0.011521513,-0.002438518,0.451975761,0.023550451,0.000410232,0.046072148,-0.001655519,0.011349468,0.14763351,-0.012401545,0.004264159,0.158158958,0.128291234,0.139636487,0.169504195,-0.139636487,-0.169504195,-0.158158958,-0.128291234,0.069965628,0.023550451,0.000410232
52.15555,0.966097336,0.258178112,0,0,0.522271809,0,0,0.974245012,0.225185797,0.011546887,-0.002221695,0.454309598,0.023501741,0.000871681,0.041665886,-0.002987683,0.00941977,0.147372534,-0.012440677,0.004322988,0.155770853,0.130967781,0.139496103,0.164299175,-0.139496103,-0.164299175,-0.155770853,-0.130967781,0.067962211,0.023501741,0.000871681
52.20454002,0.966059404,0.258320012,0,0,0.522565573,0,0,0.974062622,0.225974753,0.011549067,-0.002044731,0.455933479,0.023425283,0.001236542,0.040850792,0.000714511,0.011957438,0.147812407,-0.01222685,0.004402334,0.15549019,0.130608842,0.139254823,0.164136156,-0.139254823,-0.164136156,-0.15549019,-0.130608842,0.066632094,0.023425283,0.001236542
52.25353003,0.96602619,0.258444192,0,0,0.522822662,0,0,0.973890424,0.226714924,0.011594437,-0.001900344,0.45745722,0.023447237,0.001556239,0.035784394,0.003490597,0.010240823,0.148520838,-0.014164964,0.00389536,0.155636877,0.131183192,0.139987871,0.164441556,-0.139987871,-0.164441556,-0.155636877,-0.131183192,0.065365442,0.023447237,0.001556239
52.29991985,0.965997704,0.258550644,0,0,0.523043058,0,0,0.973528147,0.228265151,0.011634841,-0.001603051,0.460648808,0.023387664,0.002191029,0.03650859,-0.000454485,0.00865385,0.147389185,-0.013981186,0.004356105,0.158790395,0.130460486,0.138251215,0.166581124,-0.138251215,-0.166581124,-0.158790395,-0.130460486,0.06239425,0.023387664,0.002191029
52.35242987,0.965947222,0.258739182,0,0,0.523433418,0,0,0.973383784,0.228880987,0.011633973,-0.001479098,0.461916872,0.023327831,0.002446798,0.030408056,-0.002883375,0.009617954,0.147638103,-0.013289746,0.003835402,0.157014221,0.129051864,0.137764081,0.165726438,-0.137764081,-0.165726438,-0.157014221,-0.129051864,0.061516546,0.023327831,0.002446798
52.4024899,0.965935337,0.25878355,0,0,0.523525281,0,0,0.973253131,0.229436785,0.011638809,-0.001349892,0.463061893,0.023276542,0.002713907,0.030881166,0.001937151,0.013028086,0.148621477,-0.012740131,0.003533008,0.157092407,0.130512938,0.138183728,0.164763212,-0.138183728,-0.164763212,-0.157092407,-0.130512938,0.060463388,0.023276542,0.002713907
52.45569992,0.965928204,0.258810171,0,0,0.523580402,0,0,0.973120749,0.229998365,0.011642344,-0.001227004,0.4642188,0.023225313,0.002968198,0.031953309,0.001429767,0.005059689,0.148250454,-0.014073919,0.002807428,0.157828555,0.132348314,0.139414325,0.164894581,-0.139414325,-0.164894581,-0.157828555,-0.132348314,0.059361602,0.023225313,0.002968198
52.50528002,0.965925826,0.258819045,0,0,0.523598776,0,0,0.972991228,0.230544984,0.011665806,-0.001089654,0.465345737,0.023205961,0.003259421,0.031258911,0.000251085,0.008707496,0.147714918,-0.013970662,0.003995449,0.159516901,0.131369084,0.136983946,0.165131763,-0.136983946,-0.165131763,-0.159516901,-0.131369084,0.058253039,0.023205961,0.003259421
52.55059982,0.965928204,0.258810171,0,0,0.523580402,0,0,0.972842634,0.231170252,0.011698806,-0.000854789,0.466636756,0.023159466,0.003746695,0.027193874,0.00390485,0.01277402,0.148001644,-0.014886081,0.002286347,0.157690093,0.129748777,0.137739688,0.16568099,-0.137739688,-0.16568099,-0.157690093,-0.129748777,0.056943646,0.023159466,0.003746695
52.59807992,0.965935337,0.25878355,0,0,0.523525281,0,0,0.972624481,0.232083112,0.011788812,-0.000414984,0.468524585,0.023126856,0.004665986,0.029487165,0.004921108,0.011257083,0.149227554,-0.016344746,0.0027889,0.160601333,0.130829185,0.13540189,0.165174037,-0.13540189,-0.165174037,-0.160601333,-0.130829185,0.055000696,0.023126856,0.004665986
52.65781999,0.965973954,0.258639363,0,0,0.523226744,0,0,0.972522259,0.232509553,0.011822655,-0.000175845,0.469407247,0.023079409,0.00515713,0.018679352,0.004493444,0.011309235,0.146861155,-0.015419521,0.002051848,0.162783355,0.130093887,0.13567169,0.168361157,-0.13567169,-0.168361157,-0.162783355,-0.130093887,0.053819497,0.023079409,0.00515713
52.70823002,0.966011356,0.258499634,0,0,0.522937447,0,0,0.972371936,0.233133405,0.011900403,0.000221636,0.470700151,0.023041932,0.005981411,0.023744253,0.00378564,0.013992936,0.148799049,-0.015500672,0.001770877,0.160228789,0.129389763,0.133493453,0.164332479,-0.133493453,-0.164332479,-0.160228789,-0.129389763,0.052237296,0.023041932,0.005981411
52.75283003,0.96602619,0.258444192,0,0,0.522822662,0,0,0.972303331,0.233416945,0.011942266,0.000411963,0.471288172,0.023032727,0.006377894,0.025618821,0.005929918,0.014267118,0.147248873,-0.01554533,0.000886163,0.162528798,0.131527483,0.135069236,0.166070551,-0.135069236,-0.166070551,-0.162528798,-0.131527483,0.05153449,0.023032727,0.006377894
52.80074001,0.966059404,0.258320012,0,0,0.522565573,0,0,0.972200751,0.233840361,0.012004894,0.000648509,0.472165344,0.023041074,0.006877298,0.022631137,0.006664544,0.010833887,0.146788319,-0.016589589,0.000937481,0.161908001,0.130817354,0.132589683,0.16368033,-0.132589683,-0.16368033,-0.161908001,-0.130817354,0.050400229,0.023041074,0.006877298
52.84807992,0.966097336,0.258178112,0,0,0.522271808,0,0,0.972093523,0.234282181,0.012052592,0.000889059,0.473080382,0.023017944,0.007377934,0.026945025,-0.000914931,0.010328741,0.145424288,-0.014743423,0.000769764,0.162440389,0.129261225,0.131136194,0.164315343,-0.131136194,-0.164315343,-0.162440389,-0.129261225,0.049191426,0.023017944,0.007377934
52.89692998,0.966163058,0.257932055,0,0,0.521762441,0,0,0.971961141,0.234825611,0.012129407,0.001196472,0.474206553,0.023018731,0.008024652,0.020322951,0.000397116,0.014992803,0.146206974,-0.015358785,-0.000351361,0.1593979,0.12991108,0.131450608,0.160937428,-0.131450608,-0.160937428,-0.1593979,-0.12991108,0.047555888,0.023018731,0.008024652
52.95496988,0.966239333,0.257646175,0,0,0.521170681,0,0,0.971801877,0.235477567,0.012200232,0.001609896,0.475558439,0.022956243,0.008877217,0.017540902,0.002165884,0.011783094,0.145869417,-0.016302355,-0.000131716,0.161917076,0.131199524,0.1304968,0.161214352,-0.1304968,-0.161214352,-0.161917076,-0.131199524,0.045612242,0.022956243,0.008877217
53.00493002,0.966326112,0.257320509,0,0,0.520496622,0,0,0.97174257,0.235719562,0.012234919,0.001787816,0.476060925,0.022937542,0.009245175,0.011143835,0.003627688,0.005165489,0.145946435,-0.016081449,-0.000287187,0.162303448,0.129698753,0.129435331,0.16204001,-0.129435331,-0.16204001,-0.162303448,-0.129698753,0.044435697,0.022937542,0.009245175
53.05597997,0.966423343,0.256955098,0,0,0.519740371,0,0,0.971699595,0.235892043,0.012293541,0.001985499,0.476421318,0.022956542,0.009661207,0.003533811,-0.00063479,0.005332381,0.146609173,-0.016601697,0.000606428,0.162315026,0.130152151,0.129577771,0.161740661,-0.129577771,-0.161740661,-0.162315026,-0.130152151,0.043319053,0.022956542,0.009661207
53.09947992,0.966458065,0.25682447,0,0,0.519470042,0,0,0.971691668,0.235921472,0.012328028,0.002151122,0.476486095,0.022945099,0.010000145,0.00532791,0.001104921,0.012467057,0.147792403,-0.015711423,0.000367681,0.162604406,0.129401028,0.130613878,0.163817257,-0.130613878,-0.163817257,-0.162604406,-0.129401028,0.042983947,0.022945099,0.010000145
53.14880991,0.966569135,0.256406137,0,0,0.518604389,0,0,0.971693337,0.235911444,0.012360898,0.002264402,0.476468571,0.022955622,0.010235639,-0.003291667,0.002164394,-0.00038445,0.148900267,-0.016650386,0.0010035,0.16313611,0.131713271,0.132448643,0.163871467,-0.132448643,-0.163871467,-0.16313611,-0.131713271,0.042135818,0.022955622,0.010235639
53.20511985,0.966690505,0.255948174,0,0,0.517656843,0,0,0.971761465,0.235628158,0.012384489,0.002405774,0.475888912,0.022937811,0.010514903,-0.007601082,-0.003379584,0.002466887,0.149075157,-0.016585173,3.75E-06,0.164547116,0.131246358,0.133253351,0.166554108,-0.133253351,-0.166554108,-0.164547116,-0.131246358,0.041767931,0.022937811,0.010514903
53.25525999,0.966777103,0.255620876,0,0,0.516979722,0,0,0.971779943,0.235551596,0.012386109,0.002415165,0.475731574,0.022937362,0.010532118,0.000537187,0.001149625,0.004427881,0.149056207,-0.015368689,0.000367982,0.165656537,0.132486209,0.132493705,0.165664032,-0.132493705,-0.165664032,-0.165656537,-0.132486209,0.041248148,0.022937362,0.010532118
53.30519986,0.966868222,0.255276008,0,0,0.516266317,0,0,0.971795917,0.235486314,0.012384374,0.002410581,0.475597015,0.022936855,0.010520844,-0.004318356,-0.002923608,-0.003699958,0.146805638,-0.016475657,1.51E-05,0.163266182,0.130314887,0.130345032,0.163296327,-0.130345032,-0.163296327,-0.163266182,-0.130314887,0.040669302,0.022936855,0.010520844
53.35502982,0.967013322,0.254725805,0,0,0.51512829,0,0,0.971805096,0.235448971,0.012375827,0.002352144,0.475518801,0.022948177,0.010402328,0.000662357,-0.002039969,0.0007011,0.147209231,-0.015458136,0.001372174,0.163266182,0.130314887,0.130345032,0.163296327,-0.130345032,-0.163296327,-0.163266182,-0.130314887,0.039609489,0.022948177,0.010402328
53.41035986,0.967222363,0.253930896,0,0,0.513484416,0,0,0.9717834,0.235541135,0.012346685,0.002290212,0.475706518,0.022919729,0.010270359,0.001675636,0.000565499,-0.000828505,0.145732953,-0.015628647,0.000697119,0.161295146,0.130378902,0.133123249,0.164039493,-0.133123249,-0.164039493,-0.161295146,-0.130378902,0.037777898,0.022919729,0.010270359
53.45408988,0.967333495,0.253507217,0,0,0.512608392,0,0,0.971749306,0.235683814,0.012315657,0.002190751,0.47599751,0.022904815,0.010065733,0.007440895,-0.002297759,-0.003299117,0.143695843,-0.015379466,0.001530151,0.160664439,0.129407167,0.130801409,0.162058681,-0.130801409,-0.162058681,-0.160664439,-0.129407167,0.036610882,0.022904815,0.010065733
53.50586987,0.967448994,0.253066086,0,0,0.511696392,0,0,0.97167331,0.236002862,0.012241814,0.001975988,0.476648191,0.022859398,0.009620897,0.014462323,-0.003817678,-0.001966953,0.143658838,-0.014961219,0.001463831,0.15754512,0.126786202,0.129846513,0.160605416,-0.129846513,-0.160605416,-0.15754512,-0.126786202,0.035048201,0.022859398,0.009620897
53.55653,0.967568828,0.252607529,0,0,0.51074848,0,0,0.971630692,0.236181602,0.012199188,0.001788473,0.477011386,0.022863394,0.009240466,0.012182443,-0.000858307,-0.004108251,0.141020846,-0.014791299,0.001527468,0.157156184,0.127233773,0.130161434,0.160083845,-0.130161434,-0.160083845,-0.157156184,-0.127233773,0.033737094,0.022863394,0.009240466
53.60506988,0.967692963,0.252131571,0,0,0.509764721,0,0,0.971604109,0.236293375,0.012180711,0.00162571,0.477237675,0.022903369,0.008917991,0.009792298,-0.006048382,-0.007849932,0.140601845,-0.015458126,0.00207242,0.154284641,0.124702059,0.127756998,0.157339573,-0.127756998,-0.157339573,-0.154284641,-0.124702059,0.032527046,0.022903369,0.008917991
53.65698981,0.967821366,0.25163824,0,0,0.508745185,0,0,0.971594334,0.236338705,0.01210619,0.00146798,0.477326187,0.022832707,0.008577224,-0.001016259,-0.003400445,-0.006633997,0.139879397,-0.014073797,0.002874364,0.153987512,0.123071276,0.127216116,0.158132344,-0.127216116,-0.158132344,-0.153987512,-0.123071276,0.031418998,0.022832707,0.008577224
53.7049799,0.968021894,0.250865728,0,0,0.507148957,0,0,0.971615255,0.236254379,0.012091533,0.001318237,0.477149165,0.022875747,0.008277252,-0.005745888,0.003380329,-0.004331768,0.141540814,-0.014697533,0.002816581,0.15107879,0.122931212,0.128679946,0.156827524,-0.128679946,-0.156827524,-0.15107879,-0.122931212,0.029999792,0.022875747,0.008277252
53.75593996,0.968303859,0.249775172,0,0,0.504896121,0,0,0.971687615,0.235958055,0.012069112,0.001157006,0.476535411,0.022910807,0.007946273,-0.019367039,0.001373142,-0.004787744,0.141665307,-0.014228949,0.003057933,0.15342173,0.124026679,0.129659846,0.15905489,-0.129659846,-0.15905489,-0.15342173,-0.124026679,0.02836071,0.022910807,0.007946273
53.80315995,0.968451009,0.249204017,0,0,0.50371651,0,0,0.971796155,0.235511959,0.012050553,0.001063832,0.475614871,0.02292228,0.007745867,-0.025616586,0.001399964,-0.004209579,0.145959329,-0.01588354,0.002831912,0.152836278,0.124378406,0.130494267,0.158952147,-0.130494267,-0.158952147,-0.152836278,-0.124378406,0.028101639,0.02292228,0.007745867
53.85573983,0.968602218,0.248615655,0,0,0.502501547,0,0,0.97216773,0.233977675,0.011981861,0.000939344,0.472453575,0.022859174,0.007435386,-0.050574545,-0.001515448,-0.002244115,0.148905748,-0.014992041,0.002685588,0.159010917,0.127243862,0.132907674,0.164674744,-0.132907674,-0.164674744,-0.159010917,-0.127243862,0.030047972,0.022859174,0.007435386
53.90520001,0.968757442,0.248010119,0,0,0.501251316,0,0,0.972420752,0.232924655,0.011973273,0.000919877,0.470286675,0.02285958,0.007368745,-0.056241456,0.001382083,0.000599772,0.150749465,-0.015219101,0.002610668,0.161212161,0.131228089,0.136599272,0.166583329,-0.136599272,-0.166583329,-0.161212161,-0.131228089,0.030964641,0.02285958,0.007368745
53.95506001,0.968916639,0.247387442,0,0,0.499965906,0,0,0.972772598,0.231448412,0.012026633,0.000876828,0.467250688,0.022994497,0.007274984,-0.059109926,0.000978261,0.000888854,0.150781287,-0.015965055,0.002125144,0.163357854,0.132919669,0.138141006,0.168579191,-0.138141006,-0.168579191,-0.163357854,-0.132919669,0.032715218,0.022994497,0.007274984
53.99910999,0.969079765,0.246747661,0,0,0.498645406,0,0,0.97307384,0.230175912,0.012071408,0.000862285,0.464635096,0.02309784,0.007237222,-0.06154329,0.004186481,-0.000891089,0.151494304,-0.015924471,0.002132938,0.164621159,0.13269107,0.136941358,0.168871447,-0.136941358,-0.168871447,-0.164621159,-0.13269107,0.03401031,0.02309784,0.007237222
54.05520988,0.969504472,0.24507362,0,0,0.495191255,0,0,0.973333061,0.229075298,0.012115285,0.000846888,0.462373419,0.023198487,0.007201232,-0.047139827,0.001584738,0.009111314,0.151989232,-0.016757053,0.002441799,0.165285796,0.133436874,0.137702748,0.169551671,-0.137702748,-0.169551671,-0.165285796,-0.133436874,0.032817836,0.023198487,0.007201232
54.10002995,0.969680987,0.244374269,0,0,0.493748689,0,0,0.973515511,0.228296384,0.012144252,0.000902184,0.460774631,0.023235395,0.007303595,-0.03602951,0.011911242,-0.001519918,0.146973377,-0.018580181,0.002504281,0.166304439,0.132790357,0.137673959,0.171188042,-0.137673959,-0.171188042,-0.166304439,-0.132790357,0.032974058,0.023235395,0.007303595
54.15006995,0.96986122,0.243657987,0,0,0.49227147,0,0,0.973688424,0.227552354,0.012244204,0.00106889,0.459251373,0.023359741,0.007656087,-0.001001358,-8.94E-06,0.008126349,0.140544244,-0.015154075,0.001068758,0.154629529,0.124321386,0.126458898,0.15676704,-0.126458898,-0.15676704,-0.154629529,-0.124321386,0.033020097,0.023359741,0.007656087
54.19895983,0.97004512,0.242924814,0,0,0.490759701,0,0,0.973660111,0.227673933,0.012215812,0.001204783,0.459503563,0.023241592,0.007910761,0.011397151,0.001414865,0.004059821,0.138392703,-0.015578949,0.000742723,0.154629529,0.124321386,0.126458898,0.15676704,-0.126458898,-0.15676704,-0.154629529,-0.124321386,0.031256138,0.023241592,0.007910761
54.25200987,0.970232637,0.242174794,0,0,0.489213489,0,0,0.97360903,0.227888137,0.012282482,0.001255555,0.459945998,0.023346541,0.008045182,0.014928728,1.86E-05,0.005734712,0.133583436,-0.015892889,0.001225864,0.153228894,0.122071005,0.123556457,0.154714331,-0.123556457,-0.154714331,-0.153228894,-0.122071005,0.029267491,0.023346541,0.008045182
54.29806996,0.970423718,0.24140797,0,0,0.487632943,0,0,0.973558307,0.228107914,0.012216619,0.001358506,0.460398462,0.023169481,0.008220884,0.005853921,0.001435727,0.004585833,0.131821242,-0.015630682,0.000896645,0.148250416,0.116464667,0.118916392,0.150702149,-0.118916392,-0.150702149,-0.148250416,-0.116464667,0.027234481,0.023169481,0.008220884
54.34898997,0.970816361,0.239824087,0,0,0.484369292,0,0,0.973555624,0.228121847,0.012150082,0.00147883,0.460428407,0.022984879,0.008425171,-0.005879999,-0.000433624,0.006710738,0.132702519,-0.016019312,0.000930894,0.146555245,0.115293898,0.117087185,0.148348525,-0.117087185,-0.148348525,-0.146555245,-0.115293898,0.023940885,0.022984879,0.008425171
54.40083003,0.9711198,0.238592402,0,0,0.481832267,0,0,0.973619044,0.227853864,0.012096674,0.001548856,0.459878244,0.022851264,0.008530869,-0.020089746,-0.003649295,0.002925843,0.137363544,-0.014835728,0.000941307,0.147790894,0.115752295,0.117614083,0.14965269,-0.117614083,-0.14965269,-0.147790894,-0.115752295,0.021954023,0.022851264,0.008530869
54.45420981,0.971326252,0.237750524,0,0,0.480098622,0,0,0.974004567,0.226206228,0.011972117,0.001655656,0.456493814,0.022574666,0.008643877,-0.060653687,-0.000266731,0.003729016,0.14086296,-0.016390147,0.000387392,0.151257932,0.121586487,0.123469099,0.153140545,-0.123469099,-0.153140545,-0.151257932,-0.121586487,0.023604808,0.022574666,0.008643877
54.50421,0.971535966,0.236892099,0,0,0.478331282,0,0,0.974315047,0.224866569,0.011939029,0.001688546,0.453743192,0.022507253,0.008662029,-0.074194372,-0.006635488,0.000769645,0.143963143,-0.015867098,0.000587492,0.156865671,0.124085404,0.124860182,0.157640457,-0.124860182,-0.157640457,-0.156865671,-0.124085404,0.02458809,0.022507253,0.008662029
54.55033994,0.971748883,0.236017178,0,0,0.476530371,0,0,0.974693239,0.223222256,0.011925347,0.001663948,0.450367416,0.022506148,0.008569959,-0.087408714,0.0017412,-0.00730604,0.146028001,-0.01441312,0.00102552,0.159242705,0.127508536,0.128683507,0.160417691,-0.128683507,-0.160417691,-0.159242705,-0.127508536,0.026162955,0.022506148,0.008569959
54.59926987,0.971964944,0.235125813,0,0,0.474696015,0,0,0.975121856,0.221344113,0.011910027,0.00159324,0.446512236,0.022524046,0.008381857,-0.099167243,-0.003355742,-0.004188717,0.148746303,-0.016471284,0.002363029,0.159415558,0.130589336,0.132640377,0.161466599,-0.132640377,-0.161466599,-0.159415558,-0.130589336,0.028183779,0.022524046,0.008381857
54.65456987,0.972518456,0.232825799,0,0,0.469964656,0,0,0.97568047,0.218868092,0.011929847,0.00144557,0.441432069,0.022648595,0.008045105,-0.100377217,-0.001162291,-0.008530916,0.151218562,-0.015304214,0.001916469,0.162854522,0.129911959,0.134638026,0.167580575,-0.134638026,-0.167580575,-0.162854522,-0.129911959,0.028532587,0.022648595,0.008045105
54.69919992,0.972745043,0.231877297,0,0,0.468014274,0,0,0.976112425,0.216932952,0.011962294,0.001267254,0.437462563,0.022805244,0.007666063,-0.091989338,0.000909716,-0.010138751,0.151222706,-0.016118553,0.003288057,0.164606258,0.133997858,0.137830794,0.168439209,-0.137830794,-0.168439209,-0.164606258,-0.133997858,0.030551711,0.022805244,0.007666063
54.74885988,0.972974498,0.230912595,0,0,0.466031045,0,0,0.976510942,0.215132222,0.011976164,0.001034731,0.433768609,0.022946516,0.007175721,-0.086672589,0.001183897,-0.01691133,0.150073859,-0.016041893,0.004683669,0.164053157,0.131816074,0.13839218,0.170629278,-0.13839218,-0.170629278,-0.164053157,-0.131816074,0.032262436,0.022946516,0.007175721
54.80415988,0.973206756,0.229931751,0,0,0.464015108,0,0,0.977285385,0.211584881,0.012041699,0.000505754,0.426494938,0.023324445,0.006085908,-0.054578491,-0.004424155,-0.011327866,0.146551311,-0.016087587,0.004268526,0.161432043,0.129348278,0.13871561,0.170799375,-0.13871561,-0.170799375,-0.161432043,-0.129348278,0.03752017,0.023324445,0.006085908
54.8510499,0.973441754,0.228934822,0,0,0.461966605,0,0,0.977486312,0.21065484,0.012044934,0.000294399,0.424587027,0.023425622,0.005651768,-0.043424964,0.000879914,-0.008781255,0.142063385,-0.014315577,0.004372111,0.158370331,0.126195177,0.134732231,0.166907385,-0.134732231,-0.166907385,-0.158370331,-0.126195177,0.037379578,0.023425622,0.005651768
54.90443993,0.973919704,0.22689295,0,0,0.457772477,0,0,0.977619827,0.210033402,0.012068314,9.50E-05,0.423311419,0.023558729,0.005256655,-0.029358268,0.007344038,-0.014422835,0.138560694,-0.015496285,0.004167761,0.152006805,0.123375677,0.132119894,0.16075103,-0.132119894,-0.16075103,-0.152006805,-0.123375677,0.034461058,0.023558729,0.005256655
54.95372987,0.974162523,0.22584813,0,0,0.455627147,0,0,0.977723539,0.209516838,0.012621447,-0.000457908,0.422250426,0.024875013,0.004394769,-0.034207106,-0.005093217,-0.004439056,0.134228857,-0.016995685,0.005322663,0.149889186,0.118896626,0.127232149,0.158224702,-0.127232149,-0.158224702,-0.149889186,-0.118896626,0.033376721,0.024875013,0.004394769
55.00158,0.974531369,0.224251222,0,0,0.452349242,0,0,0.977848768,0.208969802,0.011982826,-0.000104279,0.421129838,0.023480518,0.004805502,-0.018556418,-0.016474724,0.023747237,0.131855887,-0.010940975,-0.000685952,0.145901844,0.111910492,0.122555815,0.156547159,-0.122555815,-0.156547159,-0.145901844,-0.111910492,0.031219404,0.023480518,0.004805502
55.0553298,0.974905549,0.222618891,0,0,0.448999906,0,0,0.978046238,0.208097801,0.01098461,0.000520034,0.41934474,0.021272079,0.005590275,-0.030492244,-0.020723041,0.025508555,0.129017598,-0.008186592,-0.000744351,0.143482774,0.121600844,0.120228939,0.142110869,-0.120228939,-0.142110869,-0.143482774,-0.121600844,0.029655166,0.021272079,0.005590275
55.09942985,0.97503142,0.222066948,0,0,0.447867678,0,0,0.978174686,0.20751515,0.010544053,0.000829876,0.418152829,0.020284817,0.0060009,-0.030536951,-0.01206547,0.025340172,0.13125002,-0.00882405,-0.002127543,0.137948513,0.121575333,0.120086633,0.136459813,-0.120086633,-0.136459813,-0.137948513,-0.121575333,0.029714849,0.020284817,0.0060009
55.15632987,0.975540397,0.219820233,0,0,0.443260384,0,0,0.97838968,0.206521764,0.010043726,0.001251911,0.416122257,0.01913743,0.006599466,-0.048089039,-0.014288726,0.0255473,0.130385814,-0.010549941,-0.002606182,0.142201573,0.124553487,0.120298401,0.137946486,-0.120298401,-0.137946486,-0.142201573,-0.124553487,0.027138127,0.01913743,0.006599466
55.20576,0.975798055,0.21867363,0,0,0.440909992,0,0,0.978619993,0.205439687,0.009752618,0.001553314,0.413911398,0.018451035,0.007048615,-0.063700981,-0.00936091,0.015036017,0.133349061,-0.009636686,-0.003276509,0.143541902,0.122442029,0.11722967,0.138329536,-0.11722967,-0.138329536,-0.143541902,-0.122442029,0.026998594,0.018451035,0.007048615
55.25580001,0.976057731,0.217511623,0,0,0.438528655,0,0,0.978909671,0.204065487,0.009496778,0.00178398,0.411103275,0.017865825,0.007369881,-0.076818474,-0.004507602,0.014335662,0.135306177,-0.010683501,-0.001980394,0.146262214,0.126988858,0.120435841,0.139709204,-0.120435841,-0.139709204,-0.146262214,-0.126988858,0.02742538,0.017865825,0.007369881
55.30603981,0.976319352,0.216334284,0,0,0.43611654,0,0,0.979251087,0.202427909,0.009291012,0.001992283,0.407758355,0.017390756,0.007664644,-0.085836649,-0.005832315,0.010164828,0.139070066,-0.011030979,-0.00219784,0.147970036,0.126603052,0.122642256,0.144009247,-0.122642256,-0.144009247,-0.147970036,-0.126603052,0.028358185,0.017390756,0.007664644
55.35688997,0.976715273,0.214539684,0,0,0.432441032,0,0,0.980160534,0.197989687,0.008978332,0.002227267,0.398696649,0.016719238,0.007922583,-0.106944159,-0.009904805,-0.001254678,0.141004458,-0.01174006,-0.001439759,0.152298853,0.130236909,0.125841215,0.147903174,-0.125841215,-0.147903174,-0.152298853,-0.130236909,0.033744383,0.016719238,0.007922583
55.41037989,0.97724929,0.212093905,0,0,0.42743423,0,0,0.980593801,0.195837155,0.008912276,0.002057407,0.394301575,0.016673584,0.007526788,-0.108027458,-0.002281368,-0.008612871,0.143184765,-0.009999951,-0.000300526,0.154184237,0.130704135,0.127824619,0.151304722,-0.127824619,-0.151304722,-0.154184237,-0.130704135,0.033132655,0.016673584,0.007526788
55.45495987,0.977518756,0.210848479,0,0,0.424885743,0,0,0.981026947,0.193659112,0.008909028,0.001779999,0.38985555,0.016791352,0.006944115,-0.104482472,0.000485033,-0.017957389,0.143275055,-0.011647021,0.00108657,0.153485209,0.133485317,0.132884264,0.152884156,-0.132884264,-0.152884156,-0.153485209,-0.133485317,0.035030193,0.016791352,0.006944115
55.50477982,0.97778976,0.209588133,0,0,0.422307436,0,0,0.981439114,0.191561699,0.008924934,0.001387178,0.385574199,0.016987912,0.006143137,-0.10484308,-0.003905595,-0.024011731,0.142381417,-0.012154227,0.002960155,0.153835461,0.130541444,0.132714584,0.156008601,-0.132714584,-0.156008601,-0.153835461,-0.130541444,0.036733237,0.016987912,0.006143137
55.55521989,0.978062226,0.208312944,0,0,0.41969949,0,0,0.98200345,0.188648447,0.008991067,0.000600102,0.379626808,0.017432981,0.004571615,-0.086243451,-0.007277729,-0.023587048,0.142213626,-0.01097046,0.004438279,0.151575446,0.127267003,0.133187324,0.157495767,-0.133187324,-0.157495767,-0.151575446,-0.127267003,0.040072682,0.017432981,0.004571615
55.6032598,0.978336078,0.207022991,0,0,0.417062088,0,0,0.982304573,0.18707101,0.009078246,6.28E-05,0.376406342,0.017812635,0.003520552,-0.071220107,0.004371256,-0.026908519,0.13521526,-0.012598108,0.006170251,0.148745775,0.126804858,0.135681421,0.157622322,-0.135681421,-0.157622322,-0.148745775,-0.126804858,0.040655746,0.017812635,0.003520552
55.65399003,0.978611239,0.205718356,0,0,0.414395415,0,0,0.982546508,0.185790956,0.009165777,-0.000472207,0.373791982,0.018188068,0.002478319,-0.060383983,-0.003215671,-0.024022166,0.131168646,-0.010595944,0.006669398,0.141643077,0.116446875,0.128787383,0.153983578,-0.128787383,-0.153983578,-0.141643077,-0.116446875,0.040603433,0.018188068,0.002478319
55.70538998,0.979026269,0.203734054,0,0,0.410340933,0,0,0.982928216,0.183745012,0.009353966,-0.001639539,0.369608808,0.018992204,0.000214429,-0.033602118,-0.003221632,-0.024282934,0.126235577,-0.011323721,0.007400588,0.135095149,0.113903284,0.127242073,0.148433954,-0.127242073,-0.148433954,-0.135095149,-0.113903284,0.040732125,0.018992204,0.000214429
55.75529981,0.979583504,0.201037703,0,0,0.404834272,0,0,0.983053982,0.183062449,0.009427832,-0.002059175,0.368212849,0.019291244,-0.000596907,-0.02579093,-0.003573298,-0.015921893,0.123769418,-0.010365523,0.008128148,0.130158678,0.107511245,0.122312427,0.144959852,-0.122312427,-0.144959852,-0.130158678,-0.107511245,0.036621423,0.019291244,0.000596907
55.80436993,0.979863602,0.199668026,0,0,0.402038226,0,0,0.983171165,0.182395473,0.009952041,-0.002751635,0.366845903,0.020574338,-0.001780619,-0.025826691,0.042284276,-0.059100986,0.121016627,-0.010239506,0.007232616,0.126006752,0.105275728,0.121532023,0.142263055,-0.121532023,-0.142263055,-0.126006752,-0.105275728,0.035192323,0.020574338,0.001780619
55.85421992,0.980144583,0.198284131,0,0,0.399213963,0,0,0.983282566,0.181719273,0.0109487,-0.003732802,0.365455293,0.022889967,-0.003362504,-0.039076805,0.04331395,-0.051721934,0.119871539,-0.022328029,0.015324382,0.124023482,0.103544481,0.118009716,0.13848871,-0.118009716,-0.13848871,-0.124023482,-0.103544481,0.03375867,0.022889967,0.003362504
55.90302992,0.980426367,0.196886106,0,0,0.396361682,0,0,0.983460009,0.180654138,0.012140559,-0.004834414,0.363268636,0.025629021,-0.005124126,-0.046637658,0.033865124,-0.04756153,0.121451803,-0.023563465,0.015451556,0.126875147,0.082219116,0.112867877,0.157523915,-0.112867877,-0.157523915,-0.126875147,-0.082219116,0.033093046,0.025629021,0.005124126
55.95139981,0.980708876,0.19547404,0,0,0.393481583,0,0,0.983646512,0.179550812,0.013015648,-0.005636094,0.361007688,0.027633038,-0.006416401,-0.060170889,0.036170337,-0.047643483,0.123113825,-0.023866394,0.017440541,0.129563674,0.08243677,0.113339879,0.16046679,-0.113339879,-0.16046679,-0.129563674,-0.08243677,0.032473895,0.027633038,0.006416401
56.00317002,0.981133826,0.193329812,0,0,0.389109719,0,0,0.984240174,0.176149905,0.01406253,-0.006703157,0.354067159,0.030047851,-0.008244618,-0.119289778,0.000671297,-0.00577122,0.126110436,-0.024072507,0.017291323,0.129539639,0.081806876,0.116687961,0.164420724,-0.116687961,-0.164420724,-0.129539639,-0.081806876,0.03504256,0.030047851,0.008244618
56.0556798,0.981702222,0.190422548,0,0,0.383185106,0,0,0.984779716,0.173120096,0.013929431,-0.006672652,0.347911535,0.029749565,-0.008323033,-0.136554256,-0.000476837,0.009406358,0.133979562,-0.016539331,0.011905348,0.13289158,0.084746592,0.119329236,0.167474225,-0.119329236,-0.167474225,-0.13289158,-0.084746592,0.035273571,0.029749565,0.008323033
56.10421992,0.981987011,0.188948431,0,0,0.380182355,0,0,0.98525089,0.170446366,0.013743989,-0.00632586,0.34249105,0.029243157,-0.007783297,-0.139503196,-0.008545816,0.025696311,0.137611967,-0.016251665,0.009269751,0.138613507,0.105534866,0.129345566,0.162424207,-0.129345566,-0.162424207,-0.138613507,-0.105534866,0.037691305,0.029243157,0.007783297
56.15377999,0.982272088,0.187460783,0,0,0.377152921,0,0,0.985734344,0.16766271,0.013562441,-0.005748656,0.336856275,0.028669526,-0.006788305,-0.13603121,-0.003746152,0.035878275,0.138050397,-0.014245574,0.006080802,0.144593835,0.112090528,0.130630031,0.163133338,-0.130630031,-0.163133338,-0.144593835,-0.112090528,0.040296646,0.028669526,0.006788305
56.20378995,0.982557372,0.1859597,0,0,0.374097018,0,0,0.986217737,0.164839223,0.013351892,-0.004952557,0.331148775,0.027972139,-0.005368893,-0.139528513,-0.008021294,0.044105198,0.137261924,-0.01528028,0.003619797,0.146215126,0.117724001,0.129885599,0.158376738,-0.129885599,-0.158376738,-0.146215126,-0.117724001,0.042948243,0.027972139,0.005368893
56.24991989,0.982842784,0.184445281,0,0,0.37101486,0,0,0.986913145,0.160693362,0.013005106,-0.003333749,0.322783419,0.026744426,-0.002401434,-0.133964434,-0.003401936,0.058170415,0.136539184,-0.015279663,-0.003171935,0.148922369,0.118361823,0.125601426,0.156161964,-0.125601426,-0.156161964,-0.148922369,-0.118361823,0.048231441,0.026744426,0.002401434
56.29691982,0.983128243,0.182917624,0,0,0.367906662,0,0,0.987322867,0.158193767,0.012794578,-0.002196549,0.317745441,0.025962631,-0.000289458,-0.121723115,0.001164526,0.056577478,0.133726177,-0.016297417,-0.004332976,0.154990748,0.124431431,0.118087567,0.148646876,-0.118087567,-0.148646876,-0.154990748,-0.124431431,0.050161221,0.025962631,0.000289458
56.34974981,0.983556346,0.180601536,0,0,0.36319602,0,0,0.987954199,0.15425089,0.0123842,-4.75E-05,0.309808007,0.024487142,0.003727805,-0.085507333,0.000629574,0.052376848,0.129438466,-0.01616456,-0.004792857,0.154356524,0.121761717,0.11309576,0.145690575,-0.11309576,-0.145690575,-0.154356524,-0.121761717,0.053388013,0.024487142,0.003727805
56.40105987,0.984126567,0.177468027,0,0,0.356826077,0,0,0.988212407,0.152597606,0.012212788,0.001094966,0.306485607,0.023805724,0.005893105,-0.061361503,0.00236407,0.039637845,0.125014832,-0.015934268,-0.006315841,0.147264898,0.115396388,0.102764703,0.134633228,-0.102764703,-0.134633228,-0.147264898,-0.115396388,0.05034047,0.023805724,0.005893105
56.45404983,0.984411248,0.17588205,0,0,0.353603429,0,0,0.988369226,0.151579872,0.012106945,0.001803341,0.304440447,0.023387695,0.007237114,-0.046418611,0.007932633,0.038077679,0.119213201,-0.016269749,-0.005597739,0.147264898,0.115396388,0.102764703,0.134633228,-0.102764703,-0.134633228,-0.147264898,-0.115396388,0.049162982,0.023387695,0.007237114
56.50475002,0.984695535,0.174283398,0,0,0.350355964,0,0,0.988465846,0.150944442,0.012059551,0.002374525,0.303166658,0.023126126,0.008337244,-0.029464066,-0.001481176,0.028989464,0.113205095,-0.017666489,-0.006260158,0.137131706,0.10179875,0.08927843,0.124611393,-0.08927843,-0.124611393,-0.137131706,-0.10179875,0.047189306,0.023126126,0.008337244
56.55205989,0.98497935,0.172672177,0,0,0.34708391,0,0,0.988526702,0.150538892,0.012049532,0.002809068,0.302355533,0.022978842,0.009184077,-0.016939642,0.0007011,0.020392986,0.105003944,-0.015814007,-0.00452203,0.125339955,0.09371195,0.084667891,0.116295889,-0.084667891,-0.116295889,-0.125339955,-0.09371195,0.044728377,0.022978842,0.009184077
56.61687994,0.985686292,0.168589838,0,0,0.338797707,0,0,0.988617361,0.149933547,0.012043662,0.003262712,0.301140662,0.022836751,0.010065439,-0.01296252,0.000927597,0.005314499,0.101391453,-0.015161094,-0.002476779,0.125339955,0.09371195,0.084667891,0.116295889,-0.084667891,-0.116295889,-0.125339955,-0.09371195,0.037657045,0.022836751,0.010065439
56.65904999,0.985967823,0.166935473,0,0,0.33544141,0,0,0.988683045,0.149478257,0.012353868,0.003105581,0.300221267,0.023501846,0.009837014,-0.032220785,0.048045069,-0.047153234,0.100936428,-0.01594111,-0.002582265,0.119029291,0.088707127,0.083753563,0.114075735,-0.083753563,-0.114075735,-0.119029291,-0.088707127,0.035220143,0.023501846,0.009837014
56.71801996,0.986248522,0.165269029,0,0,0.332061571,0,0,0.988788128,0.148686901,0.013648545,0.002083011,0.298617062,0.026374654,0.008180966,-0.044842068,0.055155903,-0.059609115,0.101573853,-0.028422446,0.006365204,0.12363106,0.0667862,0.079516605,0.136361465,-0.079516605,-0.136361465,-0.12363106,-0.0667862,0.033444509,0.026374654,0.008180966
56.76124001,0.986528312,0.163590617,0,0,0.328658426,0,0,0.988981903,0.147252262,0.015203598,0.000712378,0.29570178,0.029866805,0.005889246,-0.067180417,0.050447144,-0.067102917,0.102756247,-0.03159509,0.009884906,0.12363106,0.0667862,0.079516605,0.136361465,-0.079516605,-0.136361465,-0.12363106,-0.0667862,0.032956646,0.029866805,0.005889246
56.80302,0.986807112,0.161900351,0,0,0.325232215,0,0,0.989201784,0.145648748,0.016318688,-0.000431383,0.292439824,0.032416282,0.003902202,-0.104513764,0.042883303,-0.055286281,0.106286116,-0.032007015,0.013041181,0.124466389,0.061276246,0.08104606,0.144236207,-0.08104606,-0.144236207,-0.124466389,-0.061276246,0.032792391,0.032416282,0.003902202
56.85342002,0.987084845,0.160198344,0,0,0.321783178,0,0,0.989529252,0.143357143,0.016719537,-0.001191278,0.287786945,0.033436716,0.002437485,-0.128009915,0.010072441,-0.041218102,0.11901661,-0.023684444,0.01123999,0.125251904,0.061237916,0.087320276,0.151334271,-0.087320276,-0.151334271,-0.125251904,-0.061237916,0.033996233,0.033436716,0.002437485
56.91890001,0.987773992,0.155892719,0,0,0.313062315,0,0,0.990297496,0.137857884,0.017284654,-0.002709351,0.276628742,0.034988047,-0.000600844,-0.143954158,0.009181351,-0.03541559,0.120647721,-0.023706049,0.012398433,0.131461024,0.084092163,0.106572144,0.153941005,-0.106572144,-0.153941005,-0.131461024,-0.084092163,0.036433573,0.034988047,0.000600844
56.96600986,0.988047374,0.154150532,0,0,0.309535304,0,0,0.990915775,0.133286774,0.017561948,-0.003527383,0.267371034,0.035752735,-0.002310606,-0.154238939,0.003237278,-0.020444393,0.120576251,-0.023952525,0.012106369,0.131955296,0.084543228,0.109340094,0.156752169,-0.109340094,-0.156752169,-0.131955296,-0.084543228,0.04216427,0.035752735,0.002310606
57.02023983,0.988319338,0.152397131,0,0,0.305986568,0,0,0.99132055,0.13022016,0.017658651,-0.003802993,0.261171927,0.036009,-0.002942857,-0.148893893,0.000568479,-0.015474856,0.121341736,-0.022789251,0.010560847,0.132422373,0.084517345,0.108730085,0.156635106,-0.108730085,-0.156635106,-0.132422373,-0.084517345,0.044814641,0.036009,0.002942857
57.06590986,0.988589808,0.150632636,0,0,0.302416358,0,0,0.991689265,0.127375975,0.017678106,-0.003918953,0.255429005,0.036068553,-0.003271369,-0.139002502,-0.000669062,0.001377612,0.119981849,-0.022150854,0.010050666,0.133570105,0.087991625,0.109113321,0.1546918,-0.109113321,-0.1546918,-0.133570105,-0.087991625,0.046987353,0.036068553,0.003271369
57.12951994,0.989125961,0.147070843,0,0,0.295212515,0,0,0.992380857,0.121898502,0.017537508,-0.00367835,0.244390226,0.035712132,-0.003026991,-0.108647346,-0.007033349,0.009541958,0.117568371,-0.021777678,0.007333986,0.132082,0.087780319,0.10788165,0.152183324,-0.10788165,-0.152183324,-0.132082,-0.087780319,0.050822289,0.035712132,0.003026991
57.19660998,0.989523589,0.144371281,0,0,0.289755135,0,0,0.992629528,0.119885258,0.017397802,-0.003430092,0.240339868,0.035368942,-0.002639794,-0.094290078,-0.004062057,0.014729056,0.109431717,-0.019814173,0.005592612,0.132012025,0.08845669,0.103124663,0.146679997,-0.103124663,-0.146679997,-0.132012025,-0.08845669,0.049415267,0.035368942,0.002639794
57.25228,0.990047297,0.140735037,0,0,0.282407603,0,0,0.993030071,0.116602808,0.016979136,-0.002628542,0.233750314,0.03434132,-0.001261556,-0.073893376,-0.010578334,0.026854128,0.104646636,-0.020336728,0.004349432,0.123653241,0.084024921,0.095210142,0.134838462,-0.095210142,-0.134838462,-0.123653241,-0.084024921,0.048657289,0.03434132,0.001261556
57.29884982,0.990306214,0.138901414,0,0,0.278703977,0,0,0.993227422,0.114976637,0.016618501,-0.001949075,0.230494496,0.033466335,-5.03E-05,-0.060711797,-0.012153387,0.028360637,0.101232281,-0.01814442,0.001275239,0.120633893,0.079960465,0.088659331,0.129332766,-0.088659331,-0.129332766,-0.120633893,-0.079960465,0.048209481,0.033466335,0.0000503
57.34774995,0.990563076,0.137057627,0,0,0.274980791,0,0,0.993365288,0.113831937,0.016311696,-0.001362335,0.228205595,0.032722931,0.001007531,-0.053283576,-0.012448428,0.034482036,0.097427168,-0.017326148,0.000116578,0.118101425,0.081812613,0.084363088,0.120651908,-0.084363088,-0.120651908,-0.118101425,-0.081812613,0.046775196,0.032722931,0.001007531
57.38895989,0.990817809,0.135203804,0,0,0.271238305,0,0,0.993500471,0.112700157,0.01596842,-0.000779247,0.225941935,0.031910319,0.002051969,-0.057393312,-0.014002622,0.034951419,0.094538443,-0.016943531,-0.001705157,0.114636704,0.079984434,0.080217585,0.114869863,-0.080217585,-0.114869863,-0.114636704,-0.079984434,0.04529637,0.031910319,0.002051969
57.43379998,0.991070343,0.133340075,0,0,0.267476784,0,0,0.993640661,0.111511394,0.015605637,-0.000173669,0.223563637,0.031056511,0.0031368,-0.062565506,-0.015722217,0.033468753,0.094003152,-0.01626096,-0.002579741,0.113187097,0.079300061,0.075889744,0.109776787,-0.075889744,-0.109776787,-0.113187097,-0.079300061,0.043913147,0.031056511,0.0031368
57.46409989,0.991195762,0.132404536,0,0,0.265588966,0,0,0.993833423,0.109846555,0.015127245,0.000567932,0.220229337,0.029947621,0.004454221,-0.065144904,-0.022408368,0.032670051,0.093706491,-0.0155166,-0.003154775,0.112377837,0.081344657,0.075035103,0.106068283,-0.075035103,-0.106068283,-0.112377837,-0.081344657,0.045359629,0.029947621,0.004454221
57.50022984,0.991444862,0.130526191,0,0,0.261799385,0,0,0.993833423,0.109846555,0.015127245,0.000567932,0.220229337,0.029947621,0.004454221,-0.065144904,-0.022408368,0.032670051,0.092096282,-0.013357775,-0.004036142,0.112377837,0.081344657,0.075035103,0.106068283,-0.075035103,-0.106068283,-0.112377837,-0.081344657,0.041570048,0.029947621,0.004454221
57.55113983,0.991935857,0.126740896,0,0,0.254165368,0,0,0.994167447,0.106875509,0.014345764,0.00174241,0.21427447,0.028155458,0.006533552,-0.085277863,-0.017221274,0.0260286,0.090958859,-0.014190577,-0.004731024,0.109880432,0.081499293,0.072037242,0.100418381,-0.072037242,-0.100418381,-0.109880432,-0.081499293,0.039890898,0.028155458,0.006533552
57.60338998,0.992177615,0.124834212,0,0,0.250321468,0,0,0.99436152,0.105099142,0.013944162,0.002273235,0.21070986,0.027256614,0.00745471,-0.094161928,-0.019578636,0.029730054,0.093805472,-0.014044832,-0.004537669,0.109880432,0.081499293,0.072037242,0.100418381,-0.072037242,-0.100418381,-0.109880432,-0.081499293,0.039611608,0.027256614,0.00745471
57.65093994,0.992416787,0.122918349,0,0,0.24646,0,0,0.994673729,0.102158047,0.013381307,0.002980938,0.204805197,0.026013948,0.008667179,-0.100697577,-0.016106663,0.020461531,0.095562383,-0.013088898,-0.005881132,0.112387948,0.084298298,0.075222962,0.103312604,-0.075222962,-0.103312604,-0.112387948,-0.084298298,0.041654803,0.026013948,0.008667179
57.71212983,0.992653306,0.120993443,0,0,0.242581234,0,0,0.99489367,0.100030027,0.013012419,0.003386804,0.200531195,0.02521705,0.009345391,-0.107613213,-0.019338727,0.018530339,0.092332182,-0.01339584,-0.005357787,0.114532381,0.088354602,0.076592341,0.10277012,-0.076592341,-0.10277012,-0.114532381,-0.088354602,0.042050039,0.02521705,0.009345391
57.75574994,0.992887106,0.11905963,0,0,0.238685443,0,0,0.995123088,0.09775991,0.012629141,0.003713757,0.195969997,0.024411405,0.009863635,-0.118167698,-0.015242399,0.014635176,0.093849867,-0.012204365,-0.005588575,0.11108578,0.084294118,0.073578544,0.100370206,-0.073578544,-0.100370206,-0.11108578,-0.084294118,0.042715446,0.024411405,0.009863635
57.80126,0.99323256,0.116142509,0,0,0.232810433,0,0,0.995355129,0.095404714,0.012265444,0.003988527,0.191237652,0.023658097,0.010283421,-0.117382415,-0.015498696,0.016515702,0.096275187,-0.012339539,-0.006114924,0.111642778,0.087234065,0.076056913,0.100465626,-0.076056913,-0.100465626,-0.111642778,-0.087234065,0.041572781,0.023658097,0.010283421
57.84962988,0.993683033,0.112223128,0,0,0.224920059,0,0,0.995839536,0.090285808,0.011447994,0.004601021,0.180955052,0.021971681,0.011233886,-0.109240413,-0.01601428,0.01225695,0.095722818,-0.01197474,-0.006600545,0.114729621,0.090050556,0.077820711,0.102499776,-0.077820711,-0.102499776,-0.114729621,-0.090050556,0.043965007,0.021971681,0.011233886
57.90086985,0.993903783,0.110250942,0,0,0.220951055,0,0,0.996046305,0.08800891,0.011081928,0.004849949,0.176382026,0.021224141,0.011615041,-0.114856668,-0.017242134,0.012487919,0.093166066,-0.01115379,-0.006298187,0.114298075,0.090348609,0.077147521,0.101096988,-0.077147521,-0.101096988,-0.114298075,-0.090348609,0.044569029,0.021224141,0.011615041
57.95187998,0.994121458,0.108270614,0,0,0.216966544,0,0,0.996253073,0.085665151,0.01074957,0.005103499,0.171676116,0.02054564,0.012013301,-0.114066921,-0.008343162,0.012484941,0.090275976,-0.010394606,-0.006760191,0.110618018,0.08831045,0.075714074,0.098021641,-0.075714074,-0.098021641,-0.110618018,-0.08831045,0.045290428,0.02054564,0.012013301
58.00856996,0.994335997,0.106282286,0,0,0.212966806,0,0,0.996499121,0.082793333,0.010309977,0.005348043,0.165909234,0.019663465,0.012368539,-0.110927224,-0.019402802,0.006026775,0.088198506,-0.012259642,-0.00715353,0.107430749,0.08664155,0.073121168,0.093910366,-0.073121168,-0.093910366,-0.107430749,-0.08664155,0.047057572,0.019663465,0.012368539
58.05890989,0.994547339,0.1042861,0,0,0.20895212,0,0,0.996685266,0.080551691,0.009975906,0.005511259,0.161408272,0.018998937,0.012595739,-0.113150485,-0.018003585,0.007387251,0.089644153,-0.008830713,-0.006879462,0.107611649,0.083092384,0.068785325,0.093304589,-0.068785325,-0.093304589,-0.107611649,-0.083092384,0.047543848,0.018998937,0.012595739
58.10389996,0.994858225,0.101277402,0,0,0.202902684,0,0,0.996853292,0.078481019,0.009637836,0.005613602,0.157249893,0.01833492,0.012707125,-0.103008755,-0.009414555,0.005137175,0.086554004,-0.010525479,-0.006691652,0.105354302,0.087692887,0.073933966,0.091595381,-0.073933966,-0.091595381,-0.105354302,-0.087692887,0.045652791,0.01833492,0.012707125
58.14947987,0.995161583,0.098251835,0,0,0.196821207,0,0,0.997155547,0.074629009,0.008980123,0.005557821,0.149511376,0.017080437,0.01242651,-0.086565323,-0.014178456,-0.001855195,0.084823839,-0.008933699,-0.005283504,0.103771113,0.082720168,0.069336861,0.090387806,-0.069336861,-0.090387806,-0.103771113,-0.082720168,0.047309831,0.017080437,0.01242651
58.20450998,0.99545722,0.09520989,0,0,0.190708649,0,0,0.997324765,0.07238736,0.008606875,0.005419153,0.145007734,0.016383875,0.012057278,-0.088536739,-0.016094746,-0.004392862,0.080673392,-0.008464507,-0.005769992,0.099041015,0.081173629,0.070606619,0.088474005,-0.070606619,-0.088474005,-0.099041015,-0.081173629,0.045700915,0.016383875,0.012057278
58.25893998,0.995649928,0.093173072,0,0,0.186616821,0,0,0.997454286,0.070629619,0.008316607,0.005225494,0.141475735,0.015853385,0.011600897,-0.077478595,-0.013962388,-0.009122492,0.078202069,-0.007342702,-0.005033282,0.094907865,0.077978864,0.066438884,0.083367884,-0.066438884,-0.083367884,-0.094907865,-0.077978864,0.045141086,0.015853385,0.011600897
58.31103993,0.995839065,0.091129342,0,0,0.182511894,0,0,0.997573853,0.06897559,0.008025922,0.0049445,0.138151064,0.015331399,0.010973702,-0.081029542,-0.014618039,-0.014220179,0.073614412,-0.007432423,-0.004055669,0.090578035,0.075892635,0.065826073,0.080511466,-0.065826073,-0.080511466,-0.090578035,-0.075892635,0.04436083,0.015331399,0.010973702
58.35493994,0.996024577,0.089078849,0,0,0.178394159,0,0,0.997692525,0.06729874,0.007732537,0.00458507,0.134780201,0.014812787,0.010191051,-0.085449226,-0.013726952,-0.018021466,0.071953629,-0.006851838,-0.002907919,0.085102484,0.070237644,0.062126309,0.076991148,-0.062126309,-0.076991148,-0.085102484,-0.070237644,0.043613958,0.014812787,0.010191051
58.3997798,0.996295935,0.085990756,0,0,0.172194171,0,0,0.997862995,0.064809792,0.007311658,0.003994996,0.129777772,0.014074697,0.008921651,-0.083784759,-0.014044345,-0.019302964,0.07363452,-0.005968189,-0.000958248,0.081713364,0.068009697,0.062193859,0.07589753,-0.062193859,-0.07589753,-0.081713364,-0.068009697,0.042416399,0.014074697,0.008921651
58.46117997,0.996644575,0.081851025,0,0,0.163885392,0,0,0.998083889,0.061430261,0.006761394,0.003057782,0.122986804,0.013121569,0.006935205,-0.07962136,-0.01333803,-0.020730495,0.070739105,-0.004541011,0.00029113,0.080560938,0.068624564,0.066708073,0.07864444,-0.066708073,-0.07864444,-0.080560938,-0.068624564,0.040898588,0.013121569,0.006935205
58.51025987,0.996895962,0.078730182,0,0,0.157623487,0,0,0.998191118,0.059715755,0.006502201,0.002525419,0.119542399,0.012679602,0.00581877,-0.087043628,-0.012536348,-0.025674701,0.067987287,-0.005313706,0.000334195,0.074988969,0.065906949,0.066489212,0.075571232,-0.066489212,-0.075571232,-0.074988969,-0.065906949,0.038081088,0.012679602,0.00581877
58.55384994,0.996977802,0.077686946,0,0,0.155530606,0,0,0.99832952,0.057416484,0.006204595,0.00180934,0.114924888,0.012180988,0.004325459,-0.0944525,-0.011794269,-0.029733779,0.068215062,-0.005145035,0.001785274,0.072966777,0.062339373,0.063007765,0.073635168,-0.063007765,-0.073635168,-0.072966777,-0.062339373,0.040605718,0.012180988,0.004325459
58.60725999,0.997138516,0.075596158,0,0,0.151336692,0,0,0.998442709,0.055451889,0.006000052,0.001181589,0.110980686,0.01185065,0.003025143,-0.094258785,-0.013691187,-0.030966105,0.068742246,-0.004893155,0.003311496,0.071574807,0.06128474,0.064855292,0.075145356,-0.064855292,-0.075145356,-0.071574807,-0.06128474,0.040356006,0.01185065,0.003025143
58.65280986,0.997295236,0.07349974,0,0,0.147132157,0,0,0.998553395,0.053453539,0.005800766,0.000554399,0.10696982,0.011525735,0.001727451,-0.102156408,-0.01114905,-0.026026368,0.066412071,-0.004073605,0.004256202,0.070323884,0.060537584,0.067160577,0.076946877,-0.067160577,-0.076946877,-0.070323884,-0.060537584,0.040162337,0.011525735,0.001727451
58.70099998,0.997447917,0.071397848,0,0,0.142917296,0,0,0.998662114,0.051406041,0.005614519,-8.52E-05,0.102861318,0.011223012,0.000407035,-0.103910267,-0.010599196,-0.031097231,0.067196019,-0.004276997,0.005785142,0.066229455,0.058082253,0.066594653,0.074741863,-0.066594653,-0.074741863,-0.066229455,-0.058082253,0.040055978,0.011223012,0.000407035
58.75908995,0.997811666,0.066120182,0,0,0.13233691,0,0,0.998897433,0.046632707,0.005212596,-0.001520855,0.093287147,0.010555735,-0.002552345,-0.107002266,-0.007224083,-0.029300155,0.065495911,-0.004235488,0.006583697,0.065687858,0.057133868,0.068704151,0.07725814,-0.068704151,-0.07725814,-0.065687858,-0.057133868,0.039049763,0.010555735,0.002552345
58.80189991,0.997949876,0.064000348,0,0,0.128088241,0,0,0.998994887,0.044486396,0.005066976,-0.002155547,0.088983619,0.010315733,-0.003856153,-0.109229982,-0.008317829,-0.027057528,0.064766838,-0.004518935,0.00718837,0.063147686,0.054676715,0.067844108,0.076315083,-0.067844108,-0.076315083,-0.063147686,-0.054676715,0.039104622,0.010315733,0.003856153
58.86040998,0.998083861,0.06187574,0,0,0.123830582,0,0,0.999089479,0.042290129,0.004934264,-0.002724496,0.084581472,0.010090153,-0.005026966,-0.109064586,-0.007101893,-0.026245417,0.064112594,-0.004007805,0.007570391,0.062097386,0.053059522,0.067436263,0.07647413,-0.067436263,-0.07647413,-0.062097386,-0.053059522,0.03924911,0.010090153,0.005026966
58.90847993,0.998213581,0.059746514,0,0,0.119564233,0,0,0.999204099,0.039461017,0.004783618,-0.003349687,0.078912844,0.009824143,-0.006316854,-0.110836335,-0.006990136,-0.025142729,0.062990672,-0.004111945,0.008114563,0.060549993,0.052534387,0.067675166,0.075690776,-0.067675166,-0.075690776,-0.060549993,-0.052534387,0.040651389,0.009824143,0.006316854
58.95719981,0.998339002,0.057612827,0,0,0.115289492,0,0,0.999289274,0.037208777,0.004711615,-0.003797753,0.074400982,0.009699302,-0.007239883,-0.109148048,-0.006383658,-0.016480688,0.062594028,-0.003909844,0.008679151,0.058988038,0.050764151,0.066993281,0.075217165,-0.066993281,-0.075217165,-0.058988038,-0.050764151,0.04088851,0.009699302,0.007239883
59.02781987,0.998633506,0.052260132,0,0,0.104567898,0,0,0.999441028,0.032788675,0.004688552,-0.004542439,0.065548085,0.009669893,-0.008772859,-0.106427081,0.004307181,-0.011704862,0.05873859,-0.005246938,0.008759691,0.057824705,0.050005022,0.067363322,0.075183004,-0.067363322,-0.075183004,-0.057824705,-0.050005022,0.039019813,0.009669893,0.008772859
59.07394982,0.99879698,0.049036639,0,0,0.098112624,0,0,0.999554396,0.02888583,0.005436579,-0.005208424,0.057724933,0.011169444,-0.010098927,-0.135742128,0.037375838,-0.024583938,0.056170068,-0.006677515,0.007824471,0.055225823,0.044731952,0.062251333,0.072745204,-0.062251333,-0.072745204,-0.055225823,-0.044731952,0.040387691,0.011169444,0.010098927
59.11355996,0.998849244,0.047960281,0,0,0.095957373,0,0,0.999622166,0.026182398,0.006181237,-0.005640638,0.052303307,0.012653512,-0.010954429,-0.129474714,0.035009537,-0.020419061,0.06308043,-0.016079936,0.010838282,0.055023097,0.041668072,0.057317015,0.070672035,-0.057317015,-0.070672035,-0.055023097,-0.041668072,0.043654066,0.012653512,0.010954429
59.15175986,0.998950405,0.045804896,0,0,0.091641857,0,0,0.999678552,0.023634298,0.006954188,-0.006018062,0.047191946,0.014188841,-0.011704981,-0.123509765,0.039752573,-0.018079581,0.060947426,-0.016417501,0.010693779,0.068322062,0.036162209,0.057838771,0.089998625,-0.057838771,-0.089998625,-0.068322062,-0.036162209,0.044449911,0.014188841,0.011704981
59.22321987,0.999139168,0.041484009,0,0,0.082991833,0,0,0.999769866,0.018459778,0.008672437,-0.006661908,0.036809509,0.017587741,-0.013002942,-0.105810173,0.036469847,-0.010341407,0.056508712,-0.018649149,0.010769319,0.066671126,0.033836141,0.0552237,0.08805868,-0.0552237,-0.08805868,-0.066671126,-0.033836141,0.046182324,0.017587741,0.013002942
59.26910997,0.999226716,0.039318828,0,0,0.078657932,0,0,0.999769866,0.018459778,0.008672437,-0.006661908,0.036809509,0.017587741,-0.013002942,-0.105810173,0.036469847,-0.010341407,0.05558634,-0.019941706,0.010339989,0.064388521,0.027090244,0.048628882,0.085927159,-0.048628882,-0.085927159,-0.064388521,-0.027090244,0.041848423,0.017587741,0.013002942
59.30515003,0.99926877,0.038235124,0,0,0.076488892,0,0,0.999762177,0.019162582,0.007834652,-0.006861648,0.038222684,0.015929223,-0.013421872,0.149964541,-0.107829295,0.008554012,0.000528874,0.01926726,0.007417042,0.065188035,0.025304645,0.045984622,0.085868008,-0.045984622,-0.085868008,-0.065188035,-0.025304645,0.038266208,0.015929223,0.013421872
59.35581994,0.999425455,0.033893354,0,0,0.067799694,0,0,0.999759138,0.018130174,0.009581096,-0.007833977,0.036116166,0.019442861,-0.015320258,-0.039708607,0.069504239,-0.022955235,0.039091104,-0.027958351,0.014270989,-0.026155416,0.012379081,0.027213164,-0.011321332,-0.027213164,0.011321332,0.026155416,-0.012379081,0.031683528,0.019442861,0.015320258
59.40647984,0.999496839,0.031718581,0,0,0.063447804,0,0,0.999758065,0.017012922,0.011183514,-0.008332192,0.033846381,0.02264706,-0.016284717,-0.041189786,0.066075459,-0.0152722,0.031870331,-0.029907015,0.013888517,0.052778441,-0.003138228,0.025403751,0.08132042,-0.025403751,-0.08132042,-0.052778441,0.003138228,0.029601423,0.02264706,0.016284717
59.46093989,0.999563557,0.029541433,0,0,0.059091462,0,0,0.999753892,0.016247228,0.01238448,-0.008650627,0.032287926,0.025046579,-0.016900674,-0.036065284,0.065018982,-0.013361871,0.030471729,-0.030999677,0.013230773,0.047888804,-0.011925191,0.015851844,0.075665839,-0.015851844,-0.075665839,-0.047888804,0.011925191,0.026803536,0.025046579,0.016900674
59.50630999,0.999625588,0.027362071,0,0,0.054730972,0,0,0.99974829,0.015514114,0.013549038,-0.008911664,0.030795319,0.027371177,-0.017405831,-0.04311651,0.051452968,-0.00859052,0.027527021,-0.032236154,0.013312998,0.048240609,-0.01375871,0.012702838,0.074702159,-0.012702838,-0.074702159,-0.048240609,0.01375871,0.023935653,0.027371177,0.017405831
59.55727983,0.999682917,0.025180659,0,0,0.050366642,0,0,0.999739408,0.015085637,0.014498073,-0.009145083,0.029915503,0.029268678,-0.017856566,-0.01602173,0.040587038,-0.010721385,0.027074502,-0.030113569,0.012826173,0.046450149,-0.018022118,0.008603878,0.073076144,-0.008603878,-0.073076144,-0.046450149,0.018022118,0.020451139,0.029268678,0.017856566
59.63415003,0.999805557,0.019719232,0,0,0.03944102,0,0,0.999715149,0.014581772,0.016308455,-0.009547351,0.028863445,0.03289198,-0.018624798,-0.009424984,0.036751483,-0.002846122,0.01605956,-0.029390805,0.013184009,0.044361874,-0.015865227,0.009787118,0.070014223,-0.009787118,-0.070014223,-0.044361874,0.015865227,0.010577575,0.03289198,0.018624798
59.66903997,0.999864891,0.016437778,0,0,0.032877036,0,0,0.999703646,0.014495476,0.01699443,-0.009684315,0.028673958,0.034266246,-0.018882409,-0.004313887,0.04036352,-0.004015863,0.011443691,-0.029758054,0.01258045,0.032266334,-0.026515242,-0.000147222,0.058634356,0.000147222,-0.058634356,-0.032266334,0.026515242,0.004203078,0.034266246,0.018882409
59.70248985,0.999882284,0.015343316,0,0,0.030687837,0,0,0.999691188,0.014528451,0.017634939,-0.009774887,0.028725266,0.0355505,-0.019044502,0.004642456,0.028625878,-0.005647539,0.009282925,-0.031577832,0.012943134,0.027917603,-0.035238024,-0.009351755,0.053803872,0.009351755,-0.053803872,-0.027917603,0.035238024,0.001962571,0.0355505,0.019044502
59.75131989,0.999913488,0.013153551,0,0,0.026307861,0,0,0.999675453,0.014658032,0.018399691,-0.009783955,0.028970468,0.037082759,-0.019036387,-0.002044439,0.021766867,0.00635758,0.005122009,-0.02928688,0.013307678,0.027917603,-0.035238024,-0.009351755,0.053803872,0.009351755,-0.053803872,-0.027917603,0.035238024,0.002662607,0.037082759,0.019036387
59.80544996,0.999939907,0.010962799,0,0,0.021926038,0,0,0.999667048,0.014734115,0.018824445,-0.009720267,0.029117512,0.037931884,-0.018894049,0.003854185,0.022935124,0.003207475,0.004126626,-0.028448394,0.011243217,0.021101192,-0.037472531,-0.010857176,0.047716547,0.010857176,-0.047716547,-0.021101192,0.037472531,0.007191474,0.037931884,0.018894049
59.85048986,0.999961532,0.008771226,0,0,0.017542677,0,0,0.99965924,0.014839013,0.019180102,-0.00966004,0.029323443,0.038643442,-0.018759374,0.00584349,0.023452194,0.005138665,0.00057088,-0.029312479,0.011661104,0.021331785,-0.03556497,-0.013078534,0.04381822,0.013078534,-0.04381822,-0.021331785,0.03556497,0.011780766,0.038643442,0.018759374
59.90286994,0.99998497,0.005482684,0,0,0.010965423,0,0,0.999652743,0.014933561,0.01946412,-0.009628538,0.029508886,0.03921234,-0.018684498,0.003039092,0.007725508,0.003059953,-0.002195562,-0.029918082,0.011215651,0.018222237,-0.040402684,-0.017080477,0.041544445,0.017080477,-0.041544445,-0.018222237,0.040402684,0.018543463,0.03921234,0.018684498
59.94678998,0.999994589,0.003289774,0,0,0.00657956,0,0,0.9996472,0.015054251,0.019664288,-0.009600831,0.029748015,0.039614126,-0.018618507,0.010675935,0.010263176,0.007074326,-0.006754098,-0.027058767,0.010749313,0.016506851,-0.043329276,-0.020897975,0.038938154,0.020897975,-0.038938154,-0.016506851,0.043329276,0.023168455,0.039614126,0.018618507
59.99984002,0.999999399,-0.001096621,0,0,-0.002193242,0,0,0.999641657,0.0152052,0.019854378,-0.009559653,0.030048442,0.039995893,-0.018524544,0.003273041,0.005882234,0.001562387,-0.010080501,-0.025647225,0.010738523,0.009555341,-0.044562161,-0.023063533,0.031053968,0.023063533,-0.031053968,-0.009555341,0.044562161,0.032241684,0.039995893,0.018524544
60.05543995,0.999994589,-0.003289777,0,0,-0.006579566,0,0,0.999639094,0.015346193,0.019890217,-0.009516443,0.030331733,0.04006888,-0.018431375,0.006493181,-0.001491606,0.002022833,-0.013262216,-0.02516751,0.011940363,0.004828187,-0.046466231,-0.024989186,0.026305234,0.024989186,-0.026305234,-0.004828187,0.046466231,0.036911299,0.04006888,0.018431375
