time,ref_qw,ref_qx,ref_qy,ref_qz,ref_phi,ref_theta,ref_psi,qw,qx,qy,qz,phi,theta,psi,p,q,r,u_4,u_5,u_6,m_1,m_2,m_3,m_4,m_5,m_6,m_7,m_8,phi_error,theta_error,psi_error
0,0.965925826,0.258819045,0,0,0.523598776,0,0,0.992071748,0.008565942,0.012144493,0.124791488,0.020033284,0.021960266,0.250483099,0.000951439,0.005032868,0.001042336,0.22360137,-0.056195505,-0.132075257,0.00842243,0.008369001,0.008426929,0.008480358,-0.008426929,-0.008480358,-0.00842243,-0.008369001,0.503565492,0.021960266,0.250483099
0.049520016,0.965925826,0.258819045,0,0,0.523598776,0,0,0.992069483,0.00855479,0.012140762,0.124810271,0.020010633,0.021955271,0.250520642,0.00147745,-0.003887713,0.002295524,0.22419824,-0.054783669,-0.132420333,0.411872059,0.299481124,0.03533059,0.147721529,-0.03533059,-0.147721529,-0.411872059,-0.299481124,0.503588143,0.021955271,0.250520642
0.100350142,0.965925826,0.258819045,0,0,0.523598776,0,0,0.992066801,0.008559581,0.012155479,0.124829821,0.02002426,0.021982882,0.250560537,0.00416562,0.001502782,-0.001183152,0.223578832,-0.056058288,-0.131909177,0.41154623,0.299429715,0.035611346,0.147727862,-0.035611346,-0.147727862,-0.41154623,-0.299429715,0.503574516,0.021982882,0.250560537
0.152060032,0.965925826,0.258819045,0,0,0.523598776,0,0,0.992064655,0.00853464,0.012140272,0.124850452,0.019971406,0.021958524,0.250601191,-0.002259016,0.000972301,0.002769381,0.225134498,-0.05596381,-0.132434406,0.41154623,0.299429715,0.035611346,0.147727862,-0.035611346,-0.147727862,-0.41154623,-0.299429715,0.50362737,0.021958524,0.250601191
0.199750185,0.965925826,0.258819045,0,0,0.523598776,0,0,0.992062926,0.008532855,0.012149706,0.124863088,0.019970506,0.021977437,0.250626879,8.57E-05,-0.001733005,-0.000160933,0.224569382,-0.055303093,-0.132050261,0.413532645,0.301605076,0.036736265,0.148663819,-0.036736265,-0.148663819,-0.413532645,-0.301605076,0.50362827,0.021977437,0.250626879
0.250560045,0.965925826,0.258819045,0,0,0.523598776,0,0,0.992062807,0.008557151,0.012134929,0.12486352,0.020015037,0.021942033,0.250627902,0.003736466,-0.002832711,0.000824779,0.223654474,-0.055033059,-0.132286736,0.411922663,0.30131653,0.037216008,0.147822127,-0.037216008,-0.147822127,-0.411922663,-0.30131653,0.503583739,0.021942033,0.250627902
0.301900148,0.965925826,0.258819045,0,0,0.523598776,0,0,0.992058992,0.008563607,0.012162473,0.12489067,0.020035352,0.021994526,0.250683484,0.001204759,0.002106279,0.002572685,0.223841159,-0.056292615,-0.132307291,0.410974205,0.300908148,0.036334656,0.146400705,-0.036334656,-0.146400705,-0.410974205,-0.300908148,0.503563424,0.021994526,0.250683484
0.355140209,0.965925826,0.258819045,0,0,0.523598776,0,0,0.99205631,0.00856652,0.012162728,0.124911547,0.020041661,0.021993883,0.250725648,0.000662357,-0.000394881,0.005608052,0.224386626,-0.055706998,-0.133002099,0.412440985,0.299855828,0.035241235,0.147826403,-0.035241235,-0.147826403,-0.412440985,-0.299855828,0.503557115,0.021993883,0.250725648
0.405120134,0.965925826,0.258819045,0,0,0.523598776,0,0,0.992054224,0.008557683,0.012163745,0.124929048,0.020024763,0.021997757,0.250760754,0.001244992,0.000143796,0.000924617,0.224279018,-0.055797882,-0.132296572,0.413095653,0.301681727,0.035677511,0.147091433,-0.035677511,-0.147091433,-0.413095653,-0.301681727,0.503574013,0.021997757,0.250760754
0.451370001,0.965925826,0.258819045,0,0,0.523598776,0,0,0.992058158,0.00866532,0.012166513,0.124889843,0.020238221,0.021977126,0.250684106,-0.010675192,0.007065387,-0.005877018,0.227268419,-0.057376007,-0.130905663,0.412373394,0.300777704,0.036184546,0.14778024,-0.036184546,-0.14778024,-0.412373394,-0.300777704,0.503360555,0.021977126,0.250684106
0.503840208,0.965925826,0.258819045,0,0,0.523598776,0,0,0.992109954,0.010305077,0.012760093,0.12429335,0.023627845,0.022759091,0.249533854,0.106794395,0.025565179,-0.040657818,0.198195402,-0.061790173,-0.126249893,0.415550023,0.300798059,0.038986728,0.153738678,-0.038986728,-0.153738678,-0.415550023,-0.300798059,0.499970931,0.022759091,0.249533854
0.549840212,0.965925826,0.258819045,0,0,0.523598776,0,0,0.992193282,0.012770828,0.013584233,0.123308055,0.028704426,0.023809126,0.247630345,0.134339198,0.024440141,-0.047631562,0.191006433,-0.061901334,-0.124041641,0.386235386,0.262655109,0.010155325,0.133735597,-0.010155325,-0.133735597,-0.386235386,-0.262655109,0.49489435,0.023809126,0.247630345
0.600840092,0.965925826,0.258819045,0,0,0.523598776,0,0,0.992740333,0.022508428,0.017407659,0.11686331,0.048798989,0.029305946,0.235072486,0.442742676,0.093387835,-0.323039353,0.164706149,-0.070539769,-0.107675955,0.37694934,0.253146738,0.00506345,0.128866047,-0.00506345,-0.128866047,-0.37694934,-0.253146738,0.474799787,0.029305946,0.235072486
0.649840117,0.965925826,0.258819045,0,0,0.523598776,0,0,0.993516743,0.033518136,0.019313848,0.106902488,0.070824716,0.031215983,0.215481365,0.227666661,-0.184386939,-0.386543602,0.163739837,-0.008956525,-0.052884194,0.342921793,0.201842338,-0.013509572,0.127569884,0.013509572,-0.127569884,-0.342921793,-0.201842338,0.45277406,0.031215983,0.215481365
0.70077014,0.965925826,0.258819045,0,0,0.523598776,0,0,0.994279623,0.038343478,0.017288726,0.098179467,0.079756304,0.02685379,0.197922017,0.284091443,-0.134648383,-0.478448063,0.148155092,-0.015102884,-0.029350897,0.225580513,0.20766747,0.101899087,0.119812123,-0.101899087,-0.119812123,-0.225580513,-0.20766747,0.443842472,0.02685379,0.197922017
0.749850035,0.965925826,0.258819045,0,0,0.523598776,0,0,0.995019019,0.045556497,0.016259678,0.087164119,0.09365841,0.024418015,0.175899177,0.411946416,-0.087706767,-0.591433167,0.113339119,-0.0208329,0.001380494,0.192608833,0.162403077,0.103701286,0.133907035,-0.103701286,-0.133907035,-0.192608833,-0.162403077,0.429940366,0.024418015,0.175899177
0.799669981,0.965925826,0.258819045,0,0,0.523598776,0,0,0.995617151,0.054140519,0.016109364,0.074538693,0.110464263,0.024008692,0.150782293,0.443212003,-0.062064834,-0.64061898,0.103501273,-0.02233063,0.02317075,0.132791489,0.091125712,0.093886703,0.135552481,-0.093886703,-0.135552481,-0.132791489,-0.091125712,0.413134513,0.024008692,0.150782293
0.849590063,0.965925826,0.258819045,0,0,0.523598776,0,0,0.996010065,0.065913387,0.016614351,0.057823356,0.133663051,0.025476207,0.117685047,0.509152591,-0.042748459,-0.671039581,0.084365978,-0.021905621,0.047221621,0.102661118,0.057999883,0.10434138,0.149002612,-0.10434138,-0.149002612,-0.102661118,-0.057999883,0.389935725,0.025476207,0.117685047
0.907540083,0.965925826,0.258819045,0,0,0.523598776,0,0,0.995649576,0.085610434,0.017564809,0.032319572,0.172540563,0.029447251,0.067445718,0.484084487,-0.038047146,-0.586043417,0.082902013,-0.018187123,0.053429544,0.059049945,0.015238729,0.109681971,0.153493196,-0.109681971,-0.153493196,-0.059049945,-0.015238729,0.351058213,0.029447251,0.067445718
0.955300093,0.965925826,0.258819045,0,0,0.523598776,0,0,0.995150328,0.094380103,0.018115131,0.020981707,0.189840366,0.032099553,0.045218007,0.427191705,-0.032217801,-0.529961348,0.100803589,-0.014931895,0.062975308,0.047659561,0.011285337,0.11814443,0.154518649,-0.11814443,-0.154518649,-0.047659561,-0.011285337,0.33375841,0.032099553,0.045218007
1.000300169,0.965925826,0.258819045,0,0,0.523598776,0,0,0.994389117,0.103828624,0.018313617,0.008645089,0.208438856,0.034633422,0.02101026,0.361185521,-0.045642257,-0.454430312,0.116151014,-0.008339138,0.063685443,0.052760143,0.022896372,0.148846984,0.178710759,-0.148846984,-0.178710759,-0.052760143,-0.022896372,0.31515992,0.034633422,0.02101026
1.049770117,0.965925826,0.258819045,0,0,0.523598776,0,0,0.993699729,0.110571548,0.018297236,-1.55E-05,0.221706556,0.036375371,0.004018127,0.333321899,-0.047124922,-0.394310147,0.122015742,-0.005531814,0.063404418,0.060804676,0.04412641,0.1714973,0.188175574,-0.1714973,-0.188175574,-0.060804676,-0.04412641,0.30189222,0.036375371,0.004018127
1.100900173,0.965925826,0.258819045,0,0,0.523598776,0,0,0.992979407,0.11662513,0.018244747,-0.0075983,0.233622033,0.038014772,-0.010842362,0.296818495,-0.043246161,-0.348119497,0.13002153,-0.004241789,0.064343888,0.064143106,0.053079486,0.179888323,0.190951943,-0.179888323,-0.190951943,-0.064143106,-0.053079486,0.289976743,0.038014772,0.010842362
1.149730206,0.965925826,0.258819045,0,0,0.523598776,0,0,0.992245197,0.122128032,0.018173121,-0.014277942,0.244459948,0.039562181,-0.023916537,0.280653656,-0.037436191,-0.300316513,0.132845951,-0.003717237,0.064102034,0.0699194,0.061435826,0.190123603,0.198607177,-0.190123603,-0.198607177,-0.0699194,-0.061435826,0.279138828,0.039562181,0.023916537
1.204840183,0.965925826,0.258819045,0,0,0.523598776,0,0,0.990219116,0.135892078,0.018003026,-0.025988791,0.271768158,0.042730221,-0.046635711,0.289300799,-0.019228457,-0.155031681,0.128728077,-0.004411823,0.058724685,0.072461121,0.065026648,0.193230718,0.200665191,-0.193230718,-0.200665191,-0.072461121,-0.065026648,0.251830618,0.042730221,0.046635711
1.251700163,0.965925826,0.258819045,0,0,0.523598776,0,0,0.989339828,0.141639546,0.01793783,-0.028692538,0.283269087,0.043635057,-0.051764289,0.301647961,-0.00639707,-0.099337116,0.127412746,-0.005064331,0.053897927,0.074415185,0.065591544,0.183040917,0.19186455,-0.183040917,-0.19186455,-0.074415185,-0.065591544,0.240329689,0.043635057,0.051764289
1.300270081,0.965925826,0.258819045,0,0,0.523598776,0,0,0.988429606,0.147561297,0.01785196,-0.030233663,0.295180842,0.044227858,-0.054579608,0.300305337,6.18E-05,-0.039415065,0.121896616,-0.008856198,0.040345574,0.07857912,0.068450466,0.176246315,0.186374977,-0.176246315,-0.186374977,-0.07857912,-0.068450466,0.228417934,0.044227858,0.054579608
1.349940062,0.965925826,0.258819045,0,0,0.523598776,0,0,0.987469077,0.153775856,0.017723352,-0.030721419,0.307742745,0.044465595,-0.055304874,0.325147092,0.004654379,0.00659749,0.114374447,-0.009924752,0.033514405,0.090407208,0.072694823,0.153385967,0.171098351,-0.153385967,-0.171098351,-0.090407208,-0.072694823,0.215856031,0.044465595,0.055304874
1.451950073,0.965925826,0.258819045,0,0,0.523598776,0,0,0.985135913,0.168426573,0.017476566,-0.028887561,0.337532123,0.044178812,-0.051101377,0.317446172,0.022638591,0.079759233,0.110060967,-0.011628377,0.026183569,0.090784766,0.070935272,0.137964085,0.157813579,-0.137964085,-0.157813579,-0.090784766,-0.070935272,0.186066653,0.044178812,0.051101377
1.470650196,0.965925826,0.258819045,0,0,0.523598776,0,0,0.984098136,0.174685076,0.017389864,-0.027090376,0.35032165,0.043705133,-0.047306463,0.302146405,0.0236094,0.100824252,0.112517113,-0.014977718,0.020325468,0.095505744,0.072249003,0.124616146,0.14787288,-0.124616146,-0.14787288,-0.095505744,-0.072249003,0.173277126,0.043705133,0.047306463
1.51831007,0.965925826,0.258819045,0,0,0.523598776,0,0,0.983110487,0.180471227,0.017363651,-0.02495547,0.362175585,0.043161647,-0.042853688,0.275369704,0.02686009,0.118453063,0.116589105,-0.017521189,0.011134701,0.10716933,0.077213913,0.117864847,0.147820264,-0.117864847,-0.147820264,-0.10716933,-0.077213913,0.161423191,0.043161647,0.042853688
1.550540209,0.965925826,0.258819045,0,0,0.523598776,0,0,0.982014239,0.186720461,0.017375665,-0.021946261,0.375018571,0.042334575,-0.036655338,0.232615367,0.031786412,0.126733646,0.119353093,-0.017312369,0.010785806,0.122975558,0.087933198,0.110202603,0.145244956,-0.110202603,-0.145244956,-0.122975558,-0.087933198,0.148580205,0.042334575,0.036655338
1.600280046,0.965925826,0.258819045,0,0,0.523598776,0,0,0.981256783,0.190938696,0.017450815,-0.019312151,0.383717488,0.041634364,-0.031268475,0.193942353,0.033880025,0.139241651,0.135727138,-0.020967095,0.0033524,0.125879616,0.091254905,0.112826511,0.147451237,-0.112826511,-0.147451237,-0.125879616,-0.091254905,0.139881288,0.041634364,0.031268475
1.650140047,0.965925826,0.258819045,0,0,0.523598776,0,0,0.980626643,0.194398448,0.017567845,-0.016493693,0.390881273,0.040879073,-0.025542099,0.154618174,0.041001294,0.139746815,0.143989043,-0.023695419,0.001393417,0.153341785,0.111407623,0.118112423,0.160046592,-0.118112423,-0.160046592,-0.153341785,-0.111407623,0.132717503,0.040879073,0.025542099
1.700740099,0.965925826,0.258819045,0,0,0.523598776,0,0,0.9801355,0.197065488,0.017733939,-0.013615381,0.396432275,0.040140337,-0.019717496,0.118439659,0.041712079,0.140769035,0.1516653,-0.0249334,-0.000666926,0.166290998,0.118900187,0.121687025,0.169077829,-0.121687025,-0.169077829,-0.166290998,-0.118900187,0.127166501,0.040140337,0.019717496
1.750080109,0.965925826,0.258819045,0,0,0.523598776,0,0,0.979691207,0.199441716,0.018054841,-0.010117092,0.401414466,0.039422081,-0.012631623,0.077226028,0.044133522,0.132704541,0.160582229,-0.026899144,-0.001630774,0.177265584,0.127398804,0.126064956,0.175931722,-0.126064956,-0.175931722,-0.177265584,-0.127398804,0.12218431,0.039422081,0.012631623
1.800140142,0.965925826,0.258819045,0,0,0.523598776,0,0,0.979431689,0.20079878,0.018364493,-0.007492992,0.404284642,0.03899258,-0.007308232,0.054409366,0.038578372,0.122795269,0.165544136,-0.026640839,-0.00192762,0.189112097,0.135313839,0.132052287,0.185850546,-0.132052287,-0.185850546,-0.189112097,-0.135313839,0.119314134,0.03899258,0.007308232
1.885800123,0.965925826,0.258819045,0,0,0.523598776,0,0,0.978981614,0.203026414,0.01918124,-0.002782806,0.409018588,0.038695771,0.002341719,0.051399332,0.045978289,0.102385148,0.165530525,-0.029797,-0.002402031,0.194112539,0.140830889,0.136975661,0.190257296,-0.136975661,-0.190257296,-0.194112539,-0.140830889,0.114580188,0.038695771,0.002341719
1.900520086,0.965925826,0.258819045,0,0,0.523598776,0,0,0.978622794,0.204692468,0.019963833,0.000183638,0.412548937,0.03900883,0.008538915,0.061320517,0.042866915,0.08501932,0.163482202,-0.031573474,-0.003765399,0.197729498,0.138135538,0.133331478,0.192925438,-0.133331478,-0.192925438,-0.197729498,-0.138135538,0.111049839,0.03900883,0.008538915
1.950100183,0.965925826,0.258819045,0,0,0.523598776,0,0,0.978277504,0.206270799,0.020555224,0.001766381,0.41585019,0.039498985,0.011945506,0.099783398,0.046507269,0.065764025,0.154399017,-0.033511069,-0.003482532,0.198821023,0.135674104,0.128143311,0.19129023,-0.128143311,-0.19129023,-0.198821023,-0.135674104,0.107748586,0.039498985,0.011945506
1.999870062,0.965925826,0.258819045,0,0,0.523598776,0,0,0.977810502,0.208389372,0.021235786,0.003073767,0.420253385,0.040258947,0.014874349,0.123768322,0.04446581,0.056716062,0.148286853,-0.034106594,-0.003916646,0.191392571,0.124370463,0.1174054,0.1844275,-0.1174054,-0.1844275,-0.191392571,-0.124370463,0.103345391,0.040258947,0.014874349
2.049679995,0.965925826,0.258819045,0,0,0.523598776,0,0,0.977200985,0.211134687,0.021987263,0.004150901,0.425938498,0.041230821,0.017412749,0.161155328,0.050791353,0.045048453,0.138766209,-0.036737314,-0.003984089,0.186310038,0.118096896,0.110263601,0.178476751,-0.110263601,-0.178476751,-0.186310038,-0.118096896,0.097660278,0.041230821,0.017412749
2.147530079,0.965925826,0.258819045,0,0,0.523598776,0,0,0.974590659,0.222515792,0.024930069,0.006193632,0.449470927,0.045852925,0.023193632,0.187975928,0.052662939,0.010182709,0.132947376,-0.037691953,-0.00268663,0.179487556,0.106012978,0.098044798,0.171519384,-0.098044798,-0.171519384,-0.179487556,-0.106012978,0.074127849,0.045852925,0.023193632
2.193970203,0.965925826,0.258819045,0,0,0.523598776,0,0,0.973753989,0.22602953,0.025937013,0.006403208,0.456742431,0.04763593,0.02422521,0.17221348,0.053112946,0.000991672,0.129081963,-0.040816278,-0.000110021,0.173325911,0.097942047,0.092568785,0.167952642,-0.092568785,-0.167952642,-0.173325911,-0.097942047,0.066856345,0.04763593,0.02422521
2.201810122,0.965925826,0.258819045,0,0,0.523598776,0,0,0.973753989,0.22602953,0.025937013,0.006403208,0.456742431,0.04763593,0.02422521,0.17221348,0.053112946,0.000991672,0.130712377,-0.040946476,0.001372144,0.170008212,0.088375703,0.088155657,0.169788167,-0.088155657,-0.169788167,-0.170008212,-0.088375703,0.066856345,0.04763593,0.02422521
2.251110077,0.965925826,0.258819045,0,0,0.523598776,0,0,0.972777605,0.230050415,0.027194828,0.006432763,0.465069923,0.049970093,0.025061551,0.152041778,0.050199788,-0.009861588,0.135296283,-0.042596799,0.00472918,0.170286655,0.088393755,0.091138043,0.173030943,-0.091138043,-0.173030943,-0.170286655,-0.088393755,0.058528853,0.049970093,0.025061551
2.301290035,0.965925826,0.258819045,0,0,0.523598776,0,0,0.972092152,0.232808158,0.028241428,0.006297508,0.470790264,0.051997745,0.025430293,0.13795422,0.050795827,-0.021725897,0.137774782,-0.043761553,0.007572656,0.173163846,0.087970302,0.097428657,0.182622209,-0.097428657,-0.182622209,-0.173163846,-0.087970302,0.052808512,0.051997745,0.025430293
2.355830193,0.965925826,0.258819045,0,0,0.523598776,0,0,0.971486926,0.235206589,0.029233688,0.006057405,0.475768064,0.053977,0.025561291,0.1120575,0.044035178,-0.020401184,0.143001297,-0.043066452,0.008840601,0.177227095,0.091094241,0.108775437,0.194908291,-0.108775437,-0.194908291,-0.177227095,-0.091094241,0.047830712,0.053977,0.025561291
2.406800032,0.965925826,0.258819045,0,0,0.523598776,0,0,0.97047323,0.239095196,0.03145615,0.005105181,0.483851233,0.058647047,0.024996477,0.058563799,0.031863894,-0.023147466,0.148774332,-0.044175634,0.011011857,0.177227095,0.091094241,0.108775437,0.194908291,-0.108775437,-0.194908291,-0.177227095,-0.091094241,0.039747543,0.058647047,0.024996477
2.459310055,0.965925826,0.258819045,0,0,0.523598776,0,0,0.970274806,0.239831135,0.032015108,0.004820709,0.485384024,0.059850295,0.024758108,0.048888486,0.029612333,-0.02910346,0.153927351,-0.042086135,0.012997654,0.181938052,0.093586832,0.115610547,0.20396176,-0.115610547,-0.20396176,-0.181938052,-0.093586832,0.038214752,0.059850295,0.024758108
2.507150173,0.965925826,0.258819045,0,0,0.523598776,0,0,0.970060647,0.240622997,0.032612015,0.004424381,0.487028404,0.061180195,0.024326139,0.029212236,0.023363532,-0.020556152,0.159926415,-0.040995053,0.014864339,0.183015779,0.098843552,0.124838859,0.209011078,-0.124838859,-0.209011078,-0.183015779,-0.098843552,0.036570372,0.061180195,0.024326139
2.55340004,0.965925826,0.258819045,0,0,0.523598776,0,0,0.969887435,0.241260782,0.033096451,0.004053126,0.488350148,0.062284193,0.023880469,0.033097714,0.019655379,-0.022380054,0.158819877,-0.040488269,0.015556451,0.186057076,0.104067013,0.133795694,0.215785742,-0.133795694,-0.215785742,-0.186057076,-0.104067013,0.035248628,0.062284193,0.023880469
2.607660055,0.965925826,0.258819045,0,0,0.523598776,0,0,0.969682455,0.24201411,0.033649433,0.003570103,0.489907784,0.063573319,0.02326009,0.027765334,0.011165441,-0.016145408,0.159634017,-0.03886454,0.015506718,0.183751643,0.102775149,0.133888051,0.214864537,-0.133888051,-0.214864537,-0.183751643,-0.102775149,0.033690992,0.063573319,0.02326009
2.658380032,0.965925826,0.258819045,0,0,0.523598776,0,0,0.96953094,0.242593318,0.033868734,0.003335143,0.491101941,0.06409929,0.022948846,0.031722337,0.003340096,-0.010120869,0.15845424,-0.037139724,0.014754907,0.182991788,0.105262749,0.136276186,0.214005217,-0.136276186,-0.214005217,-0.182991788,-0.105262749,0.032496835,0.06409929,0.022948846
2.707080126,0.965925826,0.258819045,0,0,0.523598776,0,0,0.969111264,0.244250029,0.03399149,0.003164494,0.494520051,0.064381673,0.022787514,0.050134216,-0.001645088,0.004399568,0.15622807,-0.037460728,0.013778363,0.180839002,0.106559597,0.136069417,0.210348815,-0.136069417,-0.210348815,-0.180839002,-0.106559597,0.029078725,0.064381673,0.022787514
2.75308013,0.965925826,0.258819045,0,0,0.523598776,0,0,0.968839645,0.245332941,0.033924781,0.003261108,0.496759227,0.064179278,0.023014122,0.057910383,-0.005856157,0.012715161,0.153548475,-0.036064504,0.012061383,0.179910377,0.10498897,0.132545695,0.207467109,-0.132545695,-0.207467109,-0.179910377,-0.10498897,0.026839549,0.064179278,0.023014122
2.806440115,0.965925826,0.258819045,0,0,0.523598776,0,0,0.968456626,0.246868581,0.033699185,0.003524917,0.499935383,0.063574807,0.023515659,0.066251315,-0.005966425,0.020089,0.149359931,-0.035027658,0.008926628,0.177551538,0.105422579,0.129545346,0.201674312,-0.129545346,-0.201674312,-0.177551538,-0.105422579,0.023663393,0.063574807,0.023515659
2.850610018,0.965925826,0.258819045,0,0,0.523598776,0,0,0.968138397,0.248150051,0.033392027,0.003845187,0.502585697,0.062789076,0.024067553,0.081028797,-0.011506678,0.01764968,0.145052366,-0.033324265,0.00816913,0.175460905,0.105405636,0.123258889,0.193314165,-0.123258889,-0.193314165,-0.175460905,-0.105405636,0.021013079,0.062789076,0.024067553
2.900240183,0.965925826,0.258819045,0,0,0.523598776,0,0,0.967778027,0.249591291,0.033056382,0.004169992,0.505565479,0.061940478,0.024622119,0.077264756,-0.012283027,0.024048241,0.145332711,-0.032898717,0.006953946,0.170207456,0.103558958,0.119897217,0.186545715,-0.119897217,-0.186545715,-0.170207456,-0.103558958,0.018033297,0.061940478,0.024622119
2.95554018,0.965925826,0.258819045,0,0,0.523598776,0,0,0.967423141,0.251003653,0.032702651,0.004509206,0.508485934,0.061048852,0.025191175,0.0688456,-0.014021993,0.024887176,0.146725481,-0.03220897,0.006773793,0.171277434,0.105480038,0.119387925,0.185185328,-0.119387925,-0.185185328,-0.171277434,-0.105480038,0.015112842,0.061048852,0.025191175
3.001420021,0.965925826,0.258819045,0,0,0.523598776,0,0,0.967003822,0.252667934,0.032235119,0.004866156,0.511922768,0.059919758,0.025749791,0.059809536,-0.013571979,0.020802766,0.148204971,-0.031929858,0.007363747,0.172160611,0.107742704,0.121290289,0.185708195,-0.121290289,-0.185708195,-0.172160611,-0.107742704,0.011676008,0.059919758,0.025749791
3.050770044,0.965925826,0.258819045,0,0,0.523598776,0,0,0.966749549,0.253683478,0.031847067,0.005084929,0.51401459,0.059030623,0.026038142,0.048232824,-0.019770859,0.017539408,0.150465879,-0.030069584,0.008081818,0.172771037,0.10891135,0.123638846,0.187498525,-0.123638846,-0.187498525,-0.172771037,-0.10891135,0.009584186,0.059030623,0.026038142
3.107650042,0.965925826,0.258819045,0,0,0.523598776,0,0,0.966514587,0.25468412,0.030948957,0.005282054,0.516045814,0.057165847,0.026020211,0.010103732,-0.015836956,0.008393079,0.155180871,-0.030345943,0.009593513,0.172453597,0.112314463,0.128478095,0.188617229,-0.128478095,-0.188617229,-0.172453597,-0.112314463,0.007552962,0.057165847,0.026020211
3.152230024,0.965925826,0.258819045,0,0,0.523598776,0,0,0.966540635,0.254663676,0.03029706,0.005266176,0.515966427,0.055913599,0.025653967,-0.013135375,-0.023558738,0.005178899,0.163738931,-0.027503726,0.012154111,0.175933242,0.115241401,0.134428427,0.195120275,-0.134428427,-0.195120275,-0.175933242,-0.115241401,0.007632349,0.055913599,0.025653967
3.208340168,0.965925826,0.258819045,0,0,0.523598776,0,0,0.966637969,0.254361153,0.029746793,0.005153557,0.515304425,0.054914627,0.02513664,-0.017514821,-0.028119983,-0.002175569,0.164903151,-0.025766125,0.013488097,0.179088488,0.124081075,0.148389295,0.203396723,-0.148389295,-0.203396723,-0.179088488,-0.124081075,0.008294351,0.054914627,0.02513664
3.260570049,0.965925826,0.258819045,0,0,0.523598776,0,0,0.966794193,0.253837138,0.029165188,0.005006882,0.514181402,0.053877667,0.024525708,-0.028041003,-0.030937787,0.001179427,0.16731788,-0.024424144,0.013433586,0.177181125,0.125648901,0.152625099,0.204157323,-0.152625099,-0.204157323,-0.177181125,-0.125648901,0.009417374,0.053877667,0.024525708
3.302560091,0.965925826,0.258819045,0,0,0.523598776,0,0,0.96698755,0.253174752,0.028531386,0.004860276,0.51277036,0.052742438,0.023881981,-0.034631792,-0.032189488,0.000784546,0.168987918,-0.023405558,0.013764686,0.178308383,0.129460126,0.156327307,0.205175564,-0.156327307,-0.205175564,-0.178308383,-0.129460126,0.010828416,0.052742438,0.023881981
3.357380152,0.965925826,0.258819045,0,0,0.523598776,0,0,0.967304111,0.252166688,0.026695225,0.004713927,0.510586253,0.049287358,0.022612277,0.003605336,-0.034438074,0.014349074,0.163737489,-0.019987493,0.010683038,0.178628743,0.131817654,0.159347028,0.206158116,-0.159347028,-0.206158116,-0.178628743,-0.131817654,0.013012523,0.049287358,0.022612277
3.403330088,0.965925826,0.258819045,0,0,0.523598776,0,0,0.967289031,0.252304405,0.025874961,0.004995417,0.510844114,0.04755432,0.022748433,0.009142607,-0.03926307,0.028642269,0.160953448,-0.020971441,0.0095291,0.173041895,0.133066937,0.154433012,0.19440797,-0.154433012,-0.19440797,-0.173041895,-0.133066937,0.012754662,0.04755432,0.022748433
3.453380108,0.965925826,0.258819045,0,0,0.523598776,0,0,0.96719259,0.25275147,0.025014805,0.005458734,0.511747552,0.045644694,0.023230625,0.0281401,-0.033295158,0.039390475,0.15508859,-0.019799468,0.003353767,0.172395736,0.130452886,0.149511084,0.191453949,-0.149511084,-0.191453949,-0.172395736,-0.130452886,0.011851224,0.045644694,0.023230625
3.500960112,0.965925826,0.258819045,0,0,0.523598776,0,0,0.966950834,0.253759712,0.023941282,0.006261094,0.513814972,0.043135822,0.024283973,0.056538735,-0.035651028,0.050344322,0.148334684,-0.018394568,-0.000599933,0.17153424,0.131935328,0.138642862,0.178241774,-0.138642862,-0.178241774,-0.17153424,-0.131935328,0.009783804,0.043135822,0.024283973
3.550590038,0.965925826,0.258819045,0,0,0.523598776,0,0,0.9666875,0.254819989,0.02307627,0.007052262,0.515998146,0.041032474,0.025419382,0.061280277,-0.028629601,0.050743673,0.14691627,-0.019445542,-0.001865545,0.167329147,0.130540028,0.129340157,0.166129276,-0.129340157,-0.166129276,-0.167329147,-0.130540028,0.00760063,0.041032474,0.025419382
3.600720167,0.965925826,0.258819045,0,0,0.523598776,0,0,0.966421723,0.255875915,0.022243688,0.007876134,0.518173745,0.038972796,0.026629941,0.055847321,-0.035248689,0.054086003,0.147731745,-0.017216874,-0.003177102,0.168227315,0.129336253,0.125605166,0.164496228,-0.125605166,-0.164496228,-0.168227315,-0.129336253,0.005425031,0.038972796,0.026629941
3.65121007,0.965925826,0.258819045,0,0,0.523598776,0,0,0.966168642,0.256868392,0.021465078,0.008723756,0.520220106,0.037004498,0.027907363,0.056485087,-0.028043987,0.052260607,0.147278184,-0.018411294,-0.003970405,0.168125674,0.133691952,0.127337754,0.161771476,-0.127337754,-0.161771476,-0.168125674,-0.133691952,0.00337867,0.037004498,0.027907363
3.705190182,0.965925826,0.258819045,0,0,0.523598776,0,0,0.965818286,0.258246601,0.019966073,0.010256164,0.523049935,0.033276096,0.03014477,0.015599282,-0.021228194,0.032868236,0.153476753,-0.018881221,-0.002055767,0.169659838,0.132837281,0.124896467,0.161719024,-0.124896467,-0.161719024,-0.169659838,-0.132837281,0.000548841,0.033276096,0.03014477
3.750540018,0.965925826,0.258819045,0,0,0.523598776,0,0,0.965824842,0.258246988,0.019443119,0.010626141,0.5230363,0.032074453,0.030588734,-0.009776653,-0.015251338,0.018259138,0.161810171,-0.019874857,0.001811202,0.174413696,0.136651278,0.132539749,0.170302168,-0.132539749,-0.170302168,-0.174413696,-0.136651278,0.000562476,0.032074453,0.030588734
3.800410032,0.965925826,0.258819045,0,0,0.523598776,0,0,0.965913117,0.257943034,0.019001959,0.010779724,0.52239007,0.03115241,0.030647064,-0.021272894,-0.015507639,0.009682029,0.164533828,-0.019371832,0.003410523,0.179873779,0.140124083,0.143746495,0.183496177,-0.143746495,-0.183496177,-0.179873779,-0.140124083,0.001208706,0.03115241,0.030647064
3.856980085,0.965925826,0.258819045,0,0,0.523598776,0,0,0.96620208,0.256905407,0.018454414,0.010609934,0.520211368,0.030214485,0.030002952,-0.045232475,-0.022231042,-0.009895862,0.170336504,-0.017050225,0.007645233,0.179741442,0.145641014,0.160931483,0.195031911,-0.160931483,-0.195031911,-0.179741442,-0.145641014,0.003387408,0.030214485,0.030002952
3.899870157,0.965925826,0.258819045,0,0,0.523598776,0,0,0.966464281,0.255952388,0.018168177,0.01026047,0.51821624,0.029869841,0.029150257,-0.047653913,-0.017884374,-0.017003717,0.171318257,-0.017687168,0.009104969,0.179741442,0.145641014,0.160931483,0.195031911,-0.160931483,-0.195031911,-0.179741442,-0.145641014,0.005382536,0.029869841,0.029150257
3.953660011,0.965925826,0.258819045,0,0,0.523598776,0,0,0.966817081,0.254678458,0.0177537,0.009418193,0.515811835,0.029581951,0.027553216,-0.033222143,-0.017163159,-0.02053678,0.168602111,-0.017486892,0.009332483,0.176756471,0.141782716,0.160447672,0.195421442,-0.160447672,-0.195421442,-0.176756471,-0.141782716,0.007786941,0.029581951,0.027553216
4.005660057,0.965925826,0.258819045,0,0,0.523598776,0,0,0.966945946,0.254237264,0.017467769,0.008588268,0.514592784,0.029418106,0.025504499,0.000759214,-0.010754168,-0.022917988,0.167713356,-0.017260783,0.009715278,0.176756471,0.141782716,0.160447672,0.195421442,-0.160447672,-0.195421442,-0.176756471,-0.141782716,0.009005992,0.029418106,0.025504499
4.052090168,0.965925826,0.258819045,0,0,0.523598776,0,0,0.966893613,0.254463434,0.017305365,0.008112112,0.515041334,0.029340626,0.02450726,0.019786509,-0.010503829,-0.020086767,0.161556162,-0.018229763,0.009205847,0.175258815,0.140737265,0.160167828,0.194689363,-0.160167828,-0.194689363,-0.175258815,-0.140737265,0.008557442,0.029340626,0.02450726
4.105770111,0.965925826,0.258819045,0,0,0.523598776,0,0,0.966735423,0.255084842,0.017164476,0.007733335,0.516311317,0.029245868,0.023721339,0.042467568,-0.01090765,-0.013397635,0.151843291,-0.017681359,0.006772876,0.162751734,0.127389029,0.14093478,0.176297486,-0.14093478,-0.176297486,-0.162751734,-0.127389029,0.007287459,0.029245868,0.023721339
4.157890081,0.965925826,0.258819045,0,0,0.523598776,0,0,0.966497064,0.256004155,0.017035872,0.007432358,0.518200626,0.029128925,0.023101063,0.05716607,-0.008134545,-0.009100139,0.148135298,-0.018154918,0.005827045,0.162751734,0.127389029,0.14093478,0.176297486,-0.14093478,-0.176297486,-0.162751734,-0.127389029,0.00539815,0.029128925,0.023101063
4.201300144,0.965925826,0.258819045,0,0,0.523598776,0,0,0.966206908,0.257104903,0.016981928,0.007275111,0.520472794,0.029079275,0.022802413,0.061590228,-0.004598498,-0.003376603,0.146648871,-0.018927877,0.004961887,0.160463125,0.124153316,0.13580741,0.172117218,-0.13580741,-0.172117218,-0.160463125,-0.124153316,0.003125982,0.029079275,0.022802413
4.25014019,0.965925826,0.258819045,0,0,0.523598776,0,0,0.96577394,0.258733779,0.016952062,0.007099097,0.523839723,0.029074256,0.022495786,0.067593895,-0.00243187,-0.002606213,0.144660532,-0.019380773,0.004875878,0.160614818,0.122759089,0.13268286,0.170538589,-0.13268286,-0.170538589,-0.160614818,-0.122759089,0.000240947,0.029074256,0.022495786
4.299360037,0.965925826,0.258819045,0,0,0.523598776,0,0,0.965449035,0.259944737,0.016961014,0.007013782,0.526346296,0.029107708,0.022372094,0.055357073,0.001744181,-0.003428757,0.146949487,-0.02037165,0.005666549,0.159165382,0.120403863,0.130155623,0.168917134,-0.130155623,-0.168917134,-0.159165382,-0.120403863,0.00274752,0.029107708,0.022372094
4.350160122,0.965925826,0.258819045,0,0,0.523598776,0,0,0.965117216,0.261174381,0.017043887,0.006793566,0.528891678,0.029354303,0.022027299,0.015427918,0.004584342,-0.006134808,0.155330702,-0.021045137,0.008143338,0.161654547,0.12091127,0.132244363,0.17298764,-0.132244363,-0.17298764,-0.161654547,-0.12091127,0.005292902,0.029354303,0.022027299
4.405530214,0.965925826,0.258819045,0,0,0.523598776,0,0,0.965144932,0.261070192,0.017167764,0.006554243,0.528674105,0.029720899,0.021626806,-0.017449262,0.003566593,-0.012339653,0.162571885,-0.020811105,0.010913831,0.168232456,0.126142204,0.142428875,0.184519127,-0.142428875,-0.184519127,-0.168232456,-0.126142204,0.005075329,0.029720899,0.021626806
4.452620029,0.965925826,0.258819045,0,0,0.523598776,0,0,0.965303481,0.260480404,0.017298419,0.006335796,0.527450951,0.030100285,0.021254953,-0.040391084,0.002623349,-0.009815396,0.167648158,-0.020631573,0.011845702,0.172469109,0.130846918,0.152674586,0.194296777,-0.152674586,-0.194296777,-0.172469109,-0.130846918,0.003852175,0.030100285,0.021254953
4.500210047,0.965925826,0.258819045,0,0,0.523598776,0,0,0.965568542,0.259494275,0.017415417,0.006086643,0.525405474,0.030477371,0.020803701,-0.055192411,0.004977733,-0.013273954,0.171200997,-0.021226982,0.013337212,0.17643398,0.135170862,0.158862263,0.200125381,-0.158862263,-0.200125381,-0.17643398,-0.135170862,0.001806698,0.030477371,0.020803701
4.550029993,0.965925826,0.258819045,0,0,0.523598776,0,0,0.96590215,0.258246213,0.017542768,0.005858779,0.522818952,0.030868078,0.020389844,-0.064609952,0.005272776,-0.013016167,0.173655668,-0.021350218,0.013950517,0.179090723,0.136636779,0.163311198,0.205765143,-0.163311198,-0.205765143,-0.179090723,-0.136636779,0.000779824,0.030868078,0.020389844
4.605790138,0.965925826,0.258819045,0,0,0.523598776,0,0,0.9665851,0.255667895,0.017778698,0.00557635,0.517482238,0.031523083,0.019882105,-0.050112605,0.00340268,0.001098961,0.170840019,-0.021737782,0.011644351,0.180933401,0.137457862,0.16074656,0.204222098,-0.16074656,-0.204222098,-0.180933401,-0.137457862,0.006116538,0.031523083,0.019882105
4.652260065,0.965925826,0.258819045,0,0,0.523598776,0,0,0.966747403,0.255045891,0.01786698,0.005638625,0.516200168,0.031674795,0.020027436,-0.014466048,0.005897135,0.001920015,0.171408292,-0.021095322,0.011178824,0.181324735,0.139134124,0.161491767,0.203682393,-0.161491767,-0.203682393,-0.181324735,-0.139134124,0.007398608,0.031674795,0.020027436
4.70758009,0.965925826,0.258819045,0,0,0.523598776,0,0,0.966765881,0.254964948,0.017973764,0.005790791,0.516040996,0.031805308,0.020373751,0.011561066,0.007046014,0.008960814,0.158331692,-0.022323902,0.006812984,0.173842564,0.129194781,0.142820761,0.187468529,-0.142820761,-0.187468529,-0.173842564,-0.129194781,0.00755778,0.031805308,0.020373751
4.755210161,0.965925826,0.258819045,0,0,0.523598776,0,0,0.966571629,0.255676776,0.018175092,0.006201103,0.517533316,0.031969542,0.021294005,0.040625781,0.013972075,0.019196423,0.151545516,-0.024387538,0.003586572,0.173842564,0.129194781,0.142820761,0.187468529,-0.142820761,-0.187468529,-0.173842564,-0.129194781,0.00606546,0.031969542,0.021294005
4.805310011,0.965925826,0.258819045,0,0,0.523598776,0,0,0.9662925,0.256709546,0.018325787,0.006593469,0.519687999,0.032036399,0.022164428,0.057969254,0.007531793,0.029241297,0.147190403,-0.023126981,0.000986824,0.172346428,0.123571388,0.130744532,0.179519579,-0.130744532,-0.179519579,-0.172346428,-0.123571388,0.003910777,0.032036399,0.022164428
4.849830151,0.965925826,0.258819045,0,0,0.523598776,0,0,0.966402173,0.256381482,0.01670116,0.007524578,0.518970971,0.028425573,0.023118667,-0.045101348,-0.051659346,0.056862086,0.169330999,-0.007278941,2.88E-05,0.169330508,0.12307658,0.125050232,0.171304166,-0.125050232,-0.171304166,-0.169330508,-0.12307658,0.004627805,0.028425573,0.023118667
4.899749994,0.965925826,0.258819045,0,0,0.523598776,0,0,0.966593802,0.255645454,0.016897585,0.007508637,0.517454981,0.028831096,0.023166883,-0.028637053,0.011944024,-0.002685189,0.167026753,-0.022850983,0.008440471,0.1765811,0.162023231,0.162080824,0.176638693,-0.162080824,-0.176638693,-0.1765811,-0.162023231,0.006143795,0.028831096,0.023166883
4.952150106,0.965925826,0.258819045,0,0,0.523598776,0,0,0.967029512,0.253945559,0.017778236,0.007048404,0.513960075,0.030809205,0.022674136,-0.043644018,0.017260762,-0.020839278,0.171152329,-0.024632368,0.010813225,0.181437209,0.135735273,0.152616218,0.198318154,-0.152616218,-0.198318154,-0.181437209,-0.135735273,0.009638701,0.030809205,0.022674136
5.002860069,0.965925826,0.258819045,0,0,0.523598776,0,0,0.967325211,0.252793014,0.018264452,0.006649104,0.511584179,0.03197908,0.022111046,-0.070059299,0.022017213,-0.029839575,0.177275585,-0.026353841,0.015762751,0.184971422,0.135706708,0.157333165,0.206597865,-0.157333165,-0.206597865,-0.184971422,-0.135706708,0.012014597,0.03197908,0.022111046
5.049460173,0.965925826,0.258819045,0,0,0.523598776,0,0,0.967575312,0.251813233,0.018713597,0.006161122,0.509561577,0.033116777,0.021360697,-0.036089122,0.022984298,-0.033099949,0.170473942,-0.026938464,0.015158953,0.187866613,0.135158971,0.166684479,0.219392121,-0.166684479,-0.219392121,-0.187866613,-0.135158971,0.014037199,0.033116777,0.021360697
5.099920034,0.965925826,0.258819045,0,0,0.523598776,0,0,0.967692256,0.251335204,0.019317212,0.005409913,0.508573636,0.034673773,0.020193959,-0.010637939,0.017782301,-0.024415554,0.164987828,-0.026120013,0.013528467,0.182253405,0.128376499,0.158694416,0.212571308,-0.158694416,-0.212571308,-0.182253405,-0.128376499,0.01502514,0.034673773,0.020193959
5.149569988,0.965925826,0.258819045,0,0,0.523598776,0,0,0.967681944,0.251350999,0.019748118,0.004951139,0.508608172,0.035738447,0.019523377,0.011818856,0.017858297,-0.026956202,0.160066967,-0.026467561,0.013517218,0.177579328,0.125339329,0.152396262,0.204636261,-0.152396262,-0.204636261,-0.177579328,-0.125339329,0.014990604,0.035738447,0.019523377
5.200510025,0.965925826,0.258819045,0,0,0.523598776,0,0,0.967554927,0.251815051,0.02013783,0.004609249,0.509571283,0.03665576,0.019075387,0.04151985,0.018347055,-0.011232496,0.153080294,-0.026951982,0.010266037,0.173017263,0.12008217,0.147116601,0.200051695,-0.147116601,-0.200051695,-0.173017263,-0.12008217,0.014027493,0.03665576,0.019075387
5.252790213,0.965925826,0.258819045,0,0,0.523598776,0,0,0.966706395,0.254988432,0.020930275,0.004673599,0.516168489,0.038092636,0.019725535,0.078325719,0.012322516,0.005621464,0.147406406,-0.027608901,0.008535053,0.169766188,0.115862258,0.136394337,0.190298259,-0.136394337,-0.190298259,-0.169766188,-0.115862258,0.007430287,0.038092636,0.019725535
5.302810192,0.965925826,0.258819045,0,0,0.523598776,0,0,0.966304779,0.256481379,0.021165214,0.004958676,0.519277995,0.038369887,0.02045663,0.076334931,0.015119463,0.016412884,0.143200621,-0.027434379,0.004696698,0.166480199,0.111262433,0.12833254,0.183550313,-0.12833254,-0.183550313,-0.166480199,-0.111262433,0.004320781,0.038369887,0.02045663
5.349570036,0.965925826,0.258819045,0,0,0.523598776,0,0,0.965903461,0.257965446,0.021358203,0.005325775,0.522371735,0.038521711,0.021325157,0.073064126,0.016266853,0.019625574,0.143357442,-0.028030839,0.004062594,0.165938258,0.11106953,0.120462924,0.175331652,-0.120462924,-0.175331652,-0.165938258,-0.11106953,0.001227041,0.038521711,0.021325157
5.400460005,0.965925826,0.258819045,0,0,0.523598776,0,0,0.965564072,0.259210438,0.021510327,0.005783193,0.524973021,0.038550612,0.022337939,0.057793409,0.014118106,0.022702666,0.146290802,-0.027798188,0.003821308,0.167325646,0.11126399,0.119389184,0.175450832,-0.119389184,-0.175450832,-0.167325646,-0.11126399,0.001374245,0.038550612,0.022337939
5.44949007,0.965925826,0.258819045,0,0,0.523598776,0,0,0.965275049,0.260257691,0.021652156,0.006437561,0.527171856,0.038459194,0.02371807,0.031185897,0.013624877,0.026259573,0.151767206,-0.028006656,0.003779886,0.170267627,0.11467129,0.122313909,0.177910253,-0.122313909,-0.177910253,-0.170267627,-0.11467129,0.00357308,0.038459194,0.02371807
5.49980998,0.965925826,0.258819045,0,0,0.523598776,0,0,0.965193927,0.260532826,0.021776209,0.007008508,0.527767403,0.038394068,0.024896891,0.000507385,0.020002572,0.025894493,0.158376629,-0.029831446,0.004615981,0.175993919,0.119980648,0.127540424,0.183553696,-0.127540424,-0.183553696,-0.175993919,-0.119980648,0.004168627,0.038394068,0.024896891
5.552400112,0.965925826,0.258819045,0,0,0.523598776,0,0,0.965408444,0.259690791,0.02201842,0.007911867,0.526064804,0.038413698,0.026735228,-0.044368204,0.013829021,0.01762435,0.162783168,-0.028594094,0.005535948,0.183592036,0.123929188,0.133161142,0.192824006,-0.133161142,-0.192824006,-0.183592036,-0.123929188,0.002466028,0.038413698,0.026735228
5.599950075,0.965925826,0.258819045,0,0,0.523598776,0,0,0.965661287,0.258728474,0.022144388,0.008230265,0.524088107,0.038518664,0.027377783,-0.053758919,0.008460135,0.010011343,0.170940774,-0.027681533,0.008390721,0.185841262,0.128653109,0.139725,0.196913153,-0.139725,-0.196913153,-0.185841262,-0.128653109,0.000489331,0.038518664,0.027377783
5.649640083,0.965925826,0.258819045,0,0,0.523598776,0,0,0.966043651,0.257274866,0.022293989,0.008514361,0.521094693,0.038702523,0.027946412,-0.058148813,0.007244201,0.003416092,0.172561326,-0.027604422,0.009281356,0.190231532,0.134868503,0.151649937,0.207012981,-0.151649937,-0.207012981,-0.190231532,-0.134868503,0.002504083,0.038702523,0.027946412
5.700530052,0.965925826,0.258819045,0,0,0.523598776,0,0,0.966338515,0.256149024,0.02243915,0.00861352,0.51877439,0.038964793,0.028167783,-0.051583353,0.00685379,-0.001890957,0.171718266,-0.027683326,0.009642709,0.190884337,0.13567552,0.154238239,0.209447056,-0.154238239,-0.209447056,-0.190884337,-0.13567552,0.004824386,0.038964793,0.028167783
5.749560118,0.965925826,0.258819045,0,0,0.523598776,0,0,0.966569722,0.255260378,0.022609593,0.008610585,0.516943342,0.039321738,0.028213671,-0.038762394,0.011869521,-0.006756187,0.169426449,-0.029082049,0.009752472,0.189758822,0.134392202,0.153677627,0.209044248,-0.153677627,-0.209044248,-0.189758822,-0.134392202,0.006655434,0.039321738,0.028213671
5.800640106,0.965925826,0.258819045,0,0,0.523598776,0,0,0.966736138,0.254615366,0.022790994,0.008536306,0.515614919,0.039729256,0.028136497,-0.014384092,0.004630536,0.001557917,0.1643275,-0.027528221,0.00739269,0.188755974,0.130591914,0.150096849,0.208260924,-0.150096849,-0.208260924,-0.188755974,-0.130591914,0.007983857,0.039729256,0.028136497
5.849720001,0.965925826,0.258819045,0,0,0.523598776,0,0,0.966629684,0.254993945,0.023107989,0.008438259,0.516410512,0.040381298,0.02812477,0.037222359,0.001171976,-0.001062453,0.156260866,-0.027681643,0.006986882,0.184462979,0.129406571,0.144191951,0.199248359,-0.144191951,-0.199248359,-0.184462979,-0.129406571,0.007188264,0.040381298,0.02812477
5.908930063,0.965925826,0.258819045,0,0,0.523598776,0,0,0.966379344,0.255926698,0.023252381,0.008489439,0.518350099,0.040607042,0.028336989,0.057717424,0.010699779,0.004557521,0.147900932,-0.029551508,0.00402608,0.176955581,0.121592321,0.135566086,0.190929338,-0.135566086,-0.190929338,-0.176955581,-0.121592321,0.005248677,0.040607042,0.028336989
5.953320026,0.965925826,0.258819045,0,0,0.523598776,0,0,0.966088593,0.257016778,0.023253059,0.008650707,0.520612807,0.040493328,0.028694999,0.036329776,-0.019505622,0.029315803,0.151957516,-0.022274098,0.000989973,0.173426315,0.114323325,0.122375488,0.181478471,-0.122375488,-0.181478471,-0.173426315,-0.114323325,0.002985969,0.040493328,0.028694999
6.000880003,0.965925826,0.258819045,0,0,0.523598776,0,0,0.965876222,0.257907599,0.021930669,0.009268202,0.522412909,0.037592795,0.029240865,0.026912242,-0.033485893,0.034090132,0.153665295,-0.017680149,-0.000248376,0.1732416,0.128693432,0.130673364,0.175221547,-0.130673364,-0.175221547,-0.1732416,-0.128693432,0.001185867,0.037592795,0.029240865
6.049840212,0.965925826,0.258819045,0,0,0.523598776,0,0,0.965753794,0.258420706,0.021093559,0.009669499,0.523447376,0.035752384,0.029601969,0.027427828,-0.033970185,0.029113149,0.153441536,-0.016802764,-8.71E-05,0.17159377,0.136233494,0.135736749,0.171097025,-0.135736749,-0.171097025,-0.17159377,-0.136233494,0.0001514,0.035752384,0.029601969
6.100370169,0.965925826,0.258819045,0,0,0.523598776,0,0,0.965678453,0.258753926,0.020275243,0.010040959,0.524109066,0.033968974,0.029906971,0.014150888,-0.031897422,0.03149882,0.156208358,-0.01655951,-0.000457356,0.170331404,0.136725888,0.136551604,0.170157105,-0.136551604,-0.170157105,-0.170331404,-0.136725888,0.00051029,0.033968974,0.029906971
6.149830103,0.965925826,0.258819045,0,0,0.523598776,0,0,0.965729058,0.25861752,0.019401425,0.010396755,0.523795022,0.032100983,0.030136075,-0.015062095,-0.028657915,0.021058321,0.161522594,-0.016174625,0.0018048,0.173225179,0.140106186,0.139191464,0.172310472,-0.139191464,-0.172310472,-0.173225179,-0.140106186,0.000196246,0.032100983,0.030136075
6.209640026,0.965925826,0.258819045,0,0,0.523598776,0,0,0.96595186,0.257858753,0.018276498,0.010582958,0.522175969,0.029855047,0.029888529,-0.025586786,-0.022491815,0.005637854,0.165356387,-0.017358636,0.004497725,0.175892368,0.143543139,0.147152737,0.179501981,-0.147152737,-0.179501981,-0.175892368,-0.143543139,0.001422807,0.029855047,0.029888529
6.252530098,0.965925826,0.258819045,0,0,0.523598776,0,0,0.966109216,0.257300526,0.017853048,0.010530985,0.520999403,0.029080825,0.029552149,-0.034973025,-0.021490455,0.002049655,0.167817738,-0.016616877,0.005227509,0.178217247,0.1435,0.152495444,0.187212706,-0.152495444,-0.187212706,-0.178217247,-0.1435,0.002599373,0.029080825,0.029552149
6.301120043,0.965925826,0.258819045,0,0,0.523598776,0,0,0.966284931,0.256671309,0.017496472,0.010360524,0.519676453,0.028498508,0.029019971,-0.030057134,-0.019288065,-0.006265938,0.167133813,-0.016718796,0.006342434,0.179207057,0.145973325,0.156428337,0.189662084,-0.156428337,-0.189662084,-0.179207057,-0.145973325,0.003922323,0.028498508,0.029019971
6.350090027,0.965925826,0.258819045,0,0,0.523598776,0,0,0.966499746,0.25589624,0.017183216,0.010000575,0.518049514,0.028100629,0.028140172,-0.02533198,-0.011175873,-0.011244419,0.166480584,-0.018253635,0.007128986,0.177510127,0.144072562,0.156757429,0.190194994,-0.156757429,-0.190194994,-0.177510127,-0.144072562,0.005549262,0.028100629,0.028140172
6.400600195,0.965925826,0.258819045,0,0,0.523598776,0,0,0.966614366,0.255489349,0.017018769,0.009615003,0.517190686,0.02799176,0.027298305,-0.01410246,-0.008887053,-0.019367041,0.164314673,-0.018518904,0.008211782,0.177605182,0.141097933,0.155355915,0.191863164,-0.155355915,-0.191863164,-0.177605182,-0.141097933,0.00640809,0.02799176,0.027298305
6.458230019,0.965925826,0.258819045,0,0,0.523598776,0,0,0.966641426,0.255426675,0.016836032,0.00885293,0.517034165,0.028029927,0.025728898,0.011748821,-0.005228817,-0.01626909,0.159640808,-0.017648771,0.007057155,0.174621746,0.137583956,0.154007524,0.191045314,-0.154007524,-0.191045314,-0.174621746,-0.137583956,0.006564611,0.028029927,0.025728898
6.508480072,0.965925826,0.258819045,0,0,0.523598776,0,0,0.966538012,0.255807281,0.017303007,0.008222848,0.517824582,0.029245264,0.024760975,0.025159867,0.034042448,-0.051654883,0.155928751,-0.028827193,0.012980503,0.17023237,0.134934857,0.149049163,0.184346691,-0.149049163,-0.184346691,-0.17023237,-0.134934857,0.005774194,0.029245264,0.024760975
6.553420067,0.965925826,0.258819045,0,0,0.523598776,0,0,0.966412902,0.256257415,0.017922334,0.007566011,0.518763502,0.030767905,0.023822766,0.008978696,-0.017407537,-0.002597272,0.158647978,-0.01682806,0.006992653,0.171775386,0.114121035,0.140082046,0.197736397,-0.140082046,-0.197736397,-0.171775386,-0.114121035,0.004835274,0.030767905,0.023822766
6.603170156,0.965925826,0.258819045,0,0,0.523598776,0,0,0.966360807,0.256486565,0.017389093,0.007691229,0.519219798,0.02966723,0.023797857,0.008767098,-0.018699469,0.016940387,0.158351,-0.016033142,0.003682552,0.168483347,0.134827241,0.148812547,0.182468653,-0.148812547,-0.182468653,-0.168483347,-0.134827241,0.004378978,0.02966723,0.023797857
6.649700165,0.965925826,0.258819045,0,0,0.523598776,0,0,0.966298103,0.256751657,0.016845578,0.007933119,0.519753236,0.028485866,0.023993808,0.017254056,-0.023211535,0.019642707,0.156372105,-0.014454282,0.002516273,0.170701548,0.138635278,0.146000385,0.178066656,-0.146000385,-0.178066656,-0.170701548,-0.138635278,0.00384554,0.028485866,0.023993808
6.700910091,0.965925826,0.258819045,0,0,0.523598776,0,0,0.966253459,0.256946117,0.016237518,0.008328553,0.520141702,0.027102452,0.024450734,0.004346669,-0.015804173,0.027246777,0.159030788,-0.015746332,0.001322861,0.168310076,0.139401525,0.144434065,0.173342615,-0.144434065,-0.173342615,-0.168310076,-0.139401525,0.003457074,0.027102452,0.024450734
6.749660015,0.965925826,0.258819045,0,0,0.523598776,0,0,0.966252446,0.256958365,0.01586864,0.008771475,0.520163115,0.026161396,0.02511731,0.002654642,-0.008702278,0.024732208,0.159451794,-0.017217649,0.001215341,0.17345421,0.141961575,0.144607291,0.176099941,-0.144607291,-0.176099941,-0.17345421,-0.141961575,0.003435661,0.026161396,0.02511731
6.807430029,0.965925826,0.258819045,0,0,0.523598776,0,0,0.966315627,0.256714791,0.015470223,0.009612686,0.51966241,0.024965389,0.026532024,-0.011332333,0.000279397,0.016733261,0.162728775,-0.019213761,0.002086117,0.17545405,0.141018778,0.143449455,0.177884743,-0.143449455,-0.177884743,-0.17545405,-0.141018778,0.003936366,0.024965389,0.026532024
6.853730202,0.965925826,0.258819045,0,0,0.523598776,0,0,0.966405988,0.256363243,0.015413486,0.009997818,0.518941126,0.024667722,0.027238454,-0.020523369,0.006484241,0.013399869,0.164911439,-0.020765371,0.002578553,0.179856375,0.141428873,0.145601109,0.184028611,-0.145601109,-0.184028611,-0.179856375,-0.141428873,0.00465765,0.024667722,0.027238454
6.903160095,0.965925826,0.258819045,0,0,0.523598776,0,0,0.966505289,0.255976856,0.015485943,0.010177124,0.518148557,0.024726795,0.027612523,-0.014999509,0.00384152,0.006647408,0.163981111,-0.020242721,0.003187333,0.183098212,0.141567498,0.146724597,0.18825531,-0.146724597,-0.18825531,-0.183098212,-0.141567498,0.005450219,0.024726795,0.027612523
6.94987011,0.965925826,0.258819045,0,0,0.523598776,0,0,0.966596127,0.255621731,0.015612378,0.010279162,0.517421288,0.024929157,0.027865587,-0.021538137,0.011243669,0.002036243,0.165599193,-0.022190702,0.004099512,0.181036457,0.140551031,0.146925703,0.187411115,-0.146925703,-0.187411115,-0.181036457,-0.140551031,0.006177488,0.024929157,0.027865587
7.000830173,0.965925826,0.258819045,0,0,0.523598776,0,0,0.96667397,0.255313426,0.015836108,0.01029026,0.516792951,0.02536494,0.027993651,-0.01665652,0.01341626,-0.004324317,0.164759995,-0.022947038,0.00488529,0.183690339,0.139308959,0.14750798,0.191889361,-0.14750798,-0.191889361,-0.183690339,-0.139308959,0.006805825,0.02536494,0.027993651
7.054460049,0.965925826,0.258819045,0,0,0.523598776,0,0,0.966702282,0.255192041,0.016089961,0.010241675,0.516551418,0.025884105,0.028026416,0.003748387,0.011096151,-0.007623434,0.160417138,-0.022644883,0.004572415,0.182821691,0.136927649,0.146698222,0.192592278,-0.146698222,-0.192592278,-0.182821691,-0.136927649,0.007047358,0.025884105,0.028026416
7.110280037,0.965925826,0.258819045,0,0,0.523598776,0,0,0.966590822,0.255568236,0.016985931,0.009930441,0.517360455,0.027764643,0.027893839,0.02097711,0.016512724,-0.014378131,0.156557708,-0.024806242,0.005428267,0.178489551,0.133199811,0.142344654,0.187634394,-0.142344654,-0.187634394,-0.178489551,-0.133199811,0.006238321,0.027764643,0.027893839
7.153540134,0.965925826,0.258819045,0,0,0.523598776,0,0,0.966475666,0.255979121,0.017456438,0.00973712,0.518226139,0.02876141,0.0277734,0.032684207,0.019688906,-0.012138485,0.153766662,-0.026027082,0.004907719,0.175935626,0.126323178,0.137179717,0.186792165,-0.137179717,-0.186792165,-0.175935626,-0.126323178,0.005372637,0.02876141,0.0277734
7.203210115,0.965925826,0.258819045,0,0,0.523598776,0,0,0.966314852,0.256559342,0.017938923,0.009557257,0.519443279,0.029769678,0.027691236,0.031622503,0.024553388,-0.013275445,0.153783887,-0.027657533,0.0054688,0.174885973,0.122831844,0.132647276,0.184701413,-0.132647276,-0.184701413,-0.174885973,-0.122831844,0.004155497,0.029769678,0.027691236
7.249780178,0.965925826,0.258819045,0,0,0.523598776,0,0,0.966126204,0.257251918,0.018186644,0.009541688,0.520887438,0.030236553,0.027810336,0.005344301,-0.024245681,0.037062913,0.15861543,-0.016101738,-0.001038818,0.175972566,0.120657533,0.131595135,0.186910167,-0.131595135,-0.186910167,-0.175972566,-0.120657533,0.002711338,0.030236553,0.027810336
7.300170183,0.965925826,0.258819045,0,0,0.523598776,0,0,0.966088235,0.257421613,0.017517012,0.01004364,0.521222378,0.028678987,0.028440124,0.011039526,-0.021195412,0.030518329,0.157427794,-0.016290191,-0.000962121,0.175755948,0.143552482,0.141474843,0.173678309,-0.141474843,-0.173678309,-0.175755948,-0.143552482,0.002376398,0.028678987,0.028440124
7.355200052,0.965925826,0.258819045,0,0,0.523598776,0,0,0.966096282,0.257403225,0.016923305,0.010728002,0.521175172,0.027179587,0.02945593,-0.0074327,-0.000658631,0.014095753,0.160691774,-0.019057455,-4.87E-05,0.174680054,0.142099693,0.140175462,0.172755823,-0.140175462,-0.172755823,-0.174680054,-0.142099693,0.002423604,0.027179587,0.02945593
7.404110193,0.965925826,0.258819045,0,0,0.523598776,0,0,0.966186047,0.25704819,0.016946238,0.011117164,0.520450726,0.027034435,0.030210129,-0.015950203,0.010324272,0.008960813,0.162060514,-0.022423828,0.001634467,0.179797888,0.141682997,0.141585588,0.179700479,-0.141585588,-0.179700479,-0.179797888,-0.141682997,0.00314805,0.027034435,0.030210129
7.449480057,0.965925826,0.258819045,0,0,0.523598776,0,0,0.966264904,0.2567375,0.017075934,0.011250983,0.519816762,0.027226011,0.030526972,-0.015702846,0.012484938,0.003934652,0.163926394,-0.024316197,0.002921136,0.182849824,0.138002202,0.141271129,0.186118767,-0.141271129,-0.186118767,-0.182849824,-0.138002202,0.003782014,0.027226011,0.030526972
7.500390053,0.965925826,0.258819045,0,0,0.523598776,0,0,0.966367185,0.256334573,0.017291468,0.011318455,0.518994425,0.027620701,0.030756947,-0.016529858,0.015922638,0.002286583,0.164288881,-0.025392883,0.003162994,0.185321406,0.136689037,0.142531306,0.191163674,-0.142531306,-0.191163674,-0.185321406,-0.136689037,0.004604351,0.027620701,0.030756947
7.549800158,0.965925826,0.258819045,0,0,0.523598776,0,0,0.966494739,0.255832881,0.017562391,0.011373939,0.517970076,0.028131963,0.030988987,-0.02117604,0.01478568,-0.00128895,0.165539003,-0.025402277,0.003920442,0.186518714,0.135732979,0.142058969,0.192844704,-0.142058969,-0.192844704,-0.186518714,-0.135732979,0.0056287,0.028131963,0.030988987
7.605720043,0.965925826,0.258819045,0,0,0.523598776,0,0,0.966640353,0.255254298,0.017946132,0.011388662,0.516791324,0.028884914,0.031197204,-0.016380847,0.011951479,-0.008442999,0.16483329,-0.025105603,0.004865792,0.187020794,0.136216268,0.14405714,0.194861665,-0.14405714,-0.194861665,-0.187020794,-0.136216268,0.006807452,0.028884914,0.031197204
7.652890205,0.965925826,0.258819045,0,0,0.523598776,0,0,0.966718137,0.254934669,0.018315474,0.011360181,0.516146752,0.029623921,0.03132154,-0.014820695,0.018686799,-0.003674626,0.164549303,-0.027131112,0.004122944,0.185073048,0.134861872,0.144593462,0.194804639,-0.144593462,-0.194804639,-0.185073048,-0.134861872,0.007452024,0.029623921,0.03132154
7.700520039,0.965925826,0.258819045,0,0,0.523598776,0,0,0.966724694,0.254883677,0.018703345,0.01130401,0.516058338,0.030404243,0.031409767,0.008478017,0.018899888,-0.013263524,0.159622033,-0.027573862,0.004715464,0.187557414,0.133295223,0.141541108,0.1958033,-0.141541108,-0.1958033,-0.187557414,-0.133295223,0.007540438,0.030404243,0.031409767
7.75240016,0.965925826,0.258819045,0,0,0.523598776,0,0,0.966574311,0.255421311,0.019099563,0.011371438,0.517191702,0.0311183,0.031760263,0.01569316,-0.009444354,0.027317556,0.157417603,-0.021224696,-0.001636739,0.18248038,0.127332687,0.136763617,0.19191131,-0.136763617,-0.19191131,-0.18248038,-0.127332687,0.006407074,0.0311183,0.031760263
7.800360203,0.965925826,0.258819045,0,0,0.523598776,0,0,0.966484845,0.255767256,0.018728765,0.011809165,0.51790146,0.030165912,0.032427598,0.024796283,-0.01332313,0.029341137,0.155155232,-0.020005274,-0.003102889,0.180278987,0.137829617,0.134556144,0.177005515,-0.134556144,-0.177005515,-0.180278987,-0.137829617,0.005697316,0.030165912,0.032427598
7.849760056,0.965925826,0.258819045,0,0,0.523598776,0,0,0.966335475,0.256335944,0.018420191,0.012188969,0.519073267,0.029355436,0.033020998,0.032399599,-0.009740889,0.022001566,0.153375061,-0.02066273,-0.002732139,0.178263351,0.138252825,0.132047042,0.172057569,-0.132047042,-0.172057569,-0.178263351,-0.138252825,0.004525509,0.029355436,0.033020998
7.903360128,0.965925826,0.258819045,0,0,0.523598776,0,0,0.966169536,0.256956756,0.018225197,0.012545797,0.52035794,0.028773778,0.033629168,0.030238181,-0.000882149,0.02354607,0.15361325,-0.022723966,-0.003292497,0.176769882,0.135444447,0.129980177,0.171305612,-0.129980177,-0.171305612,-0.176769882,-0.135444447,0.003240836,0.028773778,0.033629168
7.949920177,0.965925826,0.258819045,0,0,0.523598776,0,0,0.965970814,0.257694244,0.01805217,0.012968719,0.521886746,0.028195546,0.034379122,0.02814159,0.000441819,0.013823062,0.153939089,-0.022973809,-0.002120512,0.179629669,0.134181768,0.127596766,0.173044667,-0.127596766,-0.173044667,-0.179629669,-0.134181768,0.00171203,0.028195546,0.034379122
8.000970125,0.965925826,0.258819045,0,0,0.523598776,0,0,0.965849817,0.258139908,0.018074771,0.013091482,0.522813638,0.028159878,0.034641104,0.01801029,0.007192046,0.001258403,0.156170527,-0.02464606,0.000189986,0.179033369,0.133085772,0.128844753,0.174792334,-0.128844753,-0.174792334,-0.179033369,-0.133085772,0.000785138,0.028159878,0.034641104
8.052380085,0.965925826,0.258819045,0,0,0.523598776,0,0,0.965741932,0.258541435,0.018298225,0.01281361,0.523649221,0.028720973,0.034231774,-0.001212955,0.004401058,-0.014510752,0.156542731,-0.023494171,0.001433825,0.180626556,0.131334454,0.131714433,0.181006521,-0.131714433,-0.181006521,-0.180626556,-0.131334454,5.0445E-05,0.028720973,0.034231774
8.100239992,0.965925826,0.258819045,0,0,0.523598776,0,0,0.965791464,0.258363307,0.018546952,0.012308444,0.523279615,0.029469133,0.033379164,-0.007104874,-0.005279481,-0.00230968,0.161570822,-0.021836936,0.002894265,0.178603023,0.131614715,0.134482369,0.181470677,-0.134482369,-0.181470677,-0.178603023,-0.131614715,0.000319161,0.029469133,0.033379164
8.150370121,0.965925826,0.258819045,0,0,0.523598776,0,0,0.965851128,0.25816226,0.018263526,0.01226079,0.522848079,0.028953192,0.033134048,-0.014248492,-0.00897497,-0.000585616,0.163167216,-0.02062418,0.002935411,0.180513442,0.136839598,0.142628133,0.186301976,-0.142628133,-0.186301976,-0.180513442,-0.136839598,0.000750697,0.028953192,0.033134048
8.200190067,0.965925826,0.258819045,0,0,0.523598776,0,0,0.965920508,0.257924616,0.018047385,0.012112469,0.52234164,0.028620379,0.03272834,-0.005809964,-0.011862815,-0.007914008,0.16153197,-0.019646203,0.003790858,0.18085593,0.139607593,0.145478427,0.186726764,-0.145478427,-0.186726764,-0.18085593,-0.139607593,0.001257136,0.028620379,0.03272834
8.249690056,0.965925826,0.258819045,0,0,0.523598776,0,0,0.965988278,0.257692367,0.017886259,0.011891198,0.521847322,0.02843112,0.032210405,-0.013920665,-0.004202128,-0.008407236,0.163375598,-0.021267762,0.004406969,0.177387267,0.138094887,0.145676598,0.184968978,-0.145676598,-0.184968978,-0.177387267,-0.138094887,0.001751454,0.02843112,0.032210405
8.300280094,0.965925826,0.258819045,0,0,0.523598776,0,0,0.966072559,0.257395297,0.017805422,0.011592345,0.52122086,0.028438863,0.031582177,-0.001180172,-0.004664064,-0.008182228,0.16071004,-0.020994621,0.004058275,0.18023634,0.137700841,0.146514788,0.189050287,-0.146514788,-0.189050287,-0.18023634,-0.137700841,0.002377916,0.028438863,0.031582177
8.352110147,0.965925826,0.258819045,0,0,0.523598776,0,0,0.966069043,0.257432997,0.017788542,0.011073531,0.521284744,0.028672459,0.030571626,0.009281188,-0.011496247,0.001171976,0.160198383,-0.022137297,0.005271897,0.177646339,0.135657117,0.143773675,0.185762882,-0.143773675,-0.185762882,-0.177646339,-0.135657117,0.002314032,0.028672459,0.030571626
8.400910139,0.965925826,0.258819045,0,0,0.523598776,0,0,0.966008782,0.257675141,0.017484376,0.011172513,0.521774536,0.028026033,0.030612872,0.014703724,0.003882498,0.002289564,0.156967465,-0.02265019,0.002054761,0.177063733,0.132789165,0.143332958,0.187607527,-0.143332958,-0.187607527,-0.177063733,-0.132789165,0.00182424,0.028026033,0.030612872
8.449810028,0.965925826,0.258819045,0,0,0.523598776,0,0,0.965914965,0.258027494,0.017544493,0.011061644,0.522503997,0.028188291,0.030439928,0.022799522,0.002587586,-0.005193054,0.155144151,-0.02235887,0.003032324,0.177562848,0.132262498,0.136372015,0.181672364,-0.136372015,-0.181672364,-0.177562848,-0.132262498,0.001094779,0.028188291,0.030439928
8.499850035,0.965925826,0.258819045,0,0,0.523598776,0,0,0.965755939,0.258621305,0.017670086,0.010882953,0.523734805,0.028504708,0.030177106,0.025289506,0.001399964,-0.005961955,0.154365765,-0.022148835,0.003307623,0.174470648,0.129752934,0.135817587,0.180535302,-0.135817587,-0.180535302,-0.174470648,-0.129752934,0.000136029,0.028504708,0.030177106
8.554400206,0.965925826,0.258819045,0,0,0.523598776,0,0,0.965639114,0.259058625,0.017620314,0.01091928,0.524639179,0.02837607,0.030234333,0.028146062,-0.001858175,0.006402284,0.153407079,-0.021339247,0.001223375,0.173206925,0.12890929,0.135524526,0.179822177,-0.135524526,-0.179822177,-0.173206925,-0.12890929,0.001040403,0.02837607,0.030234333
8.60029006,0.965925826,0.258819045,0,0,0.523598776,0,0,0.965518534,0.259505361,0.017599616,0.011008056,0.52556577,0.02827598,0.030408193,0.017011911,0.002744049,0.007171184,0.155676035,-0.022456358,0.001512464,0.173522905,0.130844429,0.133291185,0.17596966,-0.133291185,-0.17596966,-0.173522905,-0.130844429,0.001966994,0.02827598,0.030408193
8.653370142,0.965925826,0.258819045,0,0,0.523598776,0,0,0.965397894,0.259939402,0.017741689,0.011121501,0.526474349,0.028477594,0.030714155,0.003994257,0.001718849,0.007837267,0.15606001,-0.022452918,0.002462866,0.176619887,0.131707191,0.134732127,0.179644808,-0.134732127,-0.179644808,-0.176619887,-0.131707191,0.002875573,0.028477594,0.030714155
8.700829983,0.965925826,0.258819045,0,0,0.523598776,0,0,0.965413988,0.259868741,0.017815644,0.011264397,0.526335034,0.028548286,0.031026682,-0.008575618,0.005637855,0.006441028,0.161120873,-0.023437594,0.002592851,0.176050022,0.131144211,0.136069939,0.18097575,-0.136069939,-0.18097575,-0.176050022,-0.131144211,0.002736258,0.028548286,0.031026682
8.754980087,0.965925826,0.258819045,0,0,0.523598776,0,0,0.965472877,0.259637117,0.01789174,0.011429144,0.52586308,0.028617025,0.031377769,-0.013607741,0.007734448,0.001702458,0.162373471,-0.024062633,0.003395755,0.18196556,0.135090411,0.140276104,0.187151268,-0.140276104,-0.187151268,-0.18196556,-0.135090411,0.002264304,0.028617025,0.031377769
8.805289984,0.965925826,0.258819045,0,0,0.523598776,0,0,0.965577483,0.25923565,0.018020349,0.01150842,0.525039632,0.028837292,0.031585953,-0.02269447,0.007016212,0.003566593,0.164460337,-0.02403945,0.003454173,0.183040306,0.134915069,0.141706571,0.189831808,-0.141706571,-0.189831808,-0.183040306,-0.134915069,0.001440856,0.028837292,0.031585953
8.851000071,0.965925826,0.258819045,0,0,0.523598776,0,0,0.965757489,0.258548528,0.018111138,0.011714071,0.523626288,0.028928654,0.032009973,-0.022682548,0.00390932,0.004110485,0.164732166,-0.023439471,0.003132023,0.18504557,0.13696669,0.143875033,0.191953912,-0.143875033,-0.191953912,-0.18504557,-0.13696669,2.7512E-05,0.028928654,0.032009973
8.903150082,0.965925826,0.258819045,0,0,0.523598776,0,0,0.965890944,0.258037031,0.018202668,0.011842149,0.522574925,0.029056247,0.032289612,-0.019469859,0.009541959,0.007375331,0.16420403,-0.024953117,0.002300082,0.185039565,0.138160646,0.144424692,0.191303611,-0.144424692,-0.191303611,-0.185039565,-0.138160646,0.001023851,0.029056247,0.032289612
8.952520132,0.965925826,0.258819045,0,0,0.523598776,0,0,0.966004193,0.25758782,0.018246341,0.012305779,0.521659097,0.028916478,0.033194912,-0.003769994,0.006299467,0.009504706,0.162461162,-0.023112758,0.000790461,0.186857015,0.136950806,0.141550973,0.191457182,-0.141550973,-0.191457182,-0.186857015,-0.136950806,0.001939679,0.028916478,0.033194912
9.008110046,0.965925826,0.258819045,0,0,0.523598776,0,0,0.965964556,0.257719487,0.018220343,0.012699931,0.521940531,0.02865829,0.033947293,0.011014193,0.001818687,0.021245332,0.15757652,-0.023402106,-0.002201906,0.184783414,0.138557926,0.14013885,0.186364338,-0.14013885,-0.186364338,-0.184783414,-0.138557926,0.001658245,0.02865829,0.033947293
9.055270195,0.965925826,0.258819045,0,0,0.523598776,0,0,0.965877533,0.258032024,0.018185779,0.013018176,0.522594015,0.028416079,0.034553772,0.016551465,0.001693517,0.016475471,0.156324446,-0.023427132,-0.002026457,0.183180481,0.136376292,0.131972492,0.178776667,-0.131972492,-0.178776667,-0.183180481,-0.136376292,0.001004761,0.028416079,0.034553772
9.101510048,0.965925826,0.258819045,0,0,0.523598776,0,0,0.965763867,0.258444548,0.018134728,0.013327193,0.523453481,0.028142767,0.035136628,0.027183443,0.003173202,0.021012874,0.153784596,-0.023843891,-0.003530022,0.181777984,0.134923756,0.130870834,0.177725077,-0.130870834,-0.177725077,-0.181777984,-0.134923756,0.000145295,0.028142767,0.035136628
9.149830103,0.965925826,0.258819045,0,0,0.523598776,0,0,0.965634346,0.258919358,0.018068507,0.013592055,0.52443992,0.02786025,0.035627838,0.024192782,0.000903755,0.013452025,0.15437093,-0.023286018,-0.002470478,0.181158468,0.133470714,0.126410663,0.174098417,-0.126410663,-0.174098417,-0.181158468,-0.133470714,0.000841144,0.02786025,0.035627838
9.200340033,0.965925826,0.258819045,0,0,0.523598776,0,0,0.965483248,0.259471685,0.018057717,0.013803674,0.525588559,0.027709065,0.036047002,0.023432821,0.00237152,0.006187708,0.154430258,-0.023682324,-0.001489825,0.180127382,0.133555368,0.128614411,0.175186425,-0.128614411,-0.175186425,-0.180127382,-0.133555368,0.001989783,0.027709065,0.036047002
9.249690056,0.965925826,0.258819045,0,0,0.523598776,0,0,0.965272844,0.260240853,0.018253699,0.013784184,0.52719152,0.028068865,0.0361338,0.020562857,0.006937237,-0.003939867,0.15537412,-0.024435032,-0.000376817,0.179602355,0.132237732,0.129258096,0.176622704,-0.129258096,-0.176622704,-0.179602355,-0.132237732,0.003592744,0.028068865,0.0361338
9.308690071,0.965925826,0.258819045,0,0,0.523598776,0,0,0.965199828,0.260509431,0.018351352,0.013692572,0.527750736,0.028295127,0.036015731,0.006709248,0.004536659,-0.004887581,0.157944409,-0.024373281,0.001119308,0.180185914,0.131315887,0.130562246,0.179432288,-0.130562246,-0.179432288,-0.180185914,-0.131315887,0.00415196,0.028295127,0.036015731
9.353290081,0.965925826,0.258819045,0,0,0.523598776,0,0,0.965161085,0.260654658,0.01846654,0.013501329,0.528052768,0.028611904,0.035710895,0.007524341,0.001854449,-0.004024804,0.157576914,-0.023860125,0.001335147,0.181198329,0.132451802,0.134690419,0.183436945,-0.134690419,-0.183436945,-0.181198329,-0.132451802,0.004453992,0.028611904,0.035710895
9.400390148,0.965925826,0.258819045,0,0,0.523598776,0,0,0.965148866,0.260702252,0.018544706,0.013354224,0.52815161,0.02883784,0.035469094,-0.004278123,0.001776219,-0.009004773,0.16018778,-0.023858098,0.002841884,0.180101842,0.132381618,0.135051921,0.18277213,-0.135051921,-0.18277213,-0.180101842,-0.132381618,0.004552834,0.02883784,0.035469094
9.4494102,0.965925826,0.258819045,0,0,0.523598776,0,0,0.965187669,0.260558158,0.018671105,0.013184689,0.527855193,0.029175616,0.035203457,-0.001311303,0.000771135,-0.006738306,0.159559491,-0.023701209,0.00255199,0.181203946,0.133487776,0.139171541,0.186887711,-0.139171541,-0.186887711,-0.181203946,-0.133487776,0.004256417,0.029175616,0.035203457
9.500510216,0.965925826,0.258819045,0,0,0.523598776,0,0,0.965217352,0.260450006,0.018739339,0.013051486,0.52763114,0.029380771,0.034978579,-0.001677871,0.005251914,-0.007425249,0.159684633,-0.024821633,0.002815711,0.180708662,0.133306265,0.138410255,0.185812637,-0.138410255,-0.185812637,-0.180708662,-0.133306265,0.004032364,0.029380771,0.034978579
9.550090075,0.965925826,0.258819045,0,0,0.523598776,0,0,0.965274036,0.260237753,0.018873015,0.012883373,0.52719394,0.02973417,0.034717235,-0.003264845,0.007783621,-0.001642108,0.160022277,-0.025535461,0.00216934,0.181690499,0.132047266,0.137678698,0.187321931,-0.137678698,-0.187321931,-0.181690499,-0.132047266,0.003595164,0.02973417,0.034717235
9.605100155,0.965925826,0.258819045,0,0,0.523598776,0,0,0.965294182,0.260153264,0.019004222,0.012891555,0.527025856,0.029986265,0.034798973,0.007132442,-0.002574921,0.004833193,0.157702665,-0.023105371,0.000744834,0.183388352,0.132317454,0.136656135,0.187727034,-0.136656135,-0.187727034,-0.183388352,-0.132317454,0.00342708,0.029986265,0.034798973
9.651170015,0.965925826,0.258819045,0,0,0.523598776,0,0,0.965270579,0.260232657,0.01905751,0.012977076,0.527195403,0.030041711,0.034994484,0.008719415,0.002796203,0.008394569,0.157283179,-0.024570647,-1.04E-06,0.180063158,0.133852437,0.135342106,0.181552827,-0.135342106,-0.181552827,-0.180063158,-0.133852437,0.003596627,0.030041711,0.034994484
9.701270103,0.965925826,0.258819045,0,0,0.523598776,0,0,0.96523273,0.260361254,0.019095669,0.01316218,0.527468753,0.030014189,0.035375983,0.007135422,0.007063895,0.009576232,0.157571497,-0.0257054,-0.000306191,0.181854814,0.132713556,0.13271147,0.181852743,-0.13271147,-0.181852743,-0.181854814,-0.132713556,0.003869977,0.030014189,0.035375983
9.750200033,0.965925826,0.258819045,0,0,0.523598776,0,0,0.96521163,0.260430187,0.019118406,0.013316862,0.527616885,0.029974871,0.035688797,0.007093699,0.00122413,0.010108204,0.157553339,-0.024354478,-0.000526598,0.183583036,0.132172272,0.131559893,0.182970658,-0.131559893,-0.182970658,-0.183583036,-0.132172272,0.004018109,0.029974871,0.035688797
9.80092001,0.965925826,0.258819045,0,0,0.523598776,0,0,0.965174973,0.26055944,0.019125575,0.013424454,0.527888024,0.029927785,0.035904383,0.004989654,0.003027171,0.008287282,0.157991179,-0.024827999,-0.000253318,0.182434365,0.133725435,0.132672235,0.181381166,-0.132672235,-0.181381166,-0.182434365,-0.133725435,0.004289248,0.029927785,0.035904383
9.868290186,0.965925826,0.258819045,0,0,0.523598776,0,0,0.965191841,0.260491371,0.019125341,0.013535803,0.527749935,0.029871766,0.036117226,-0.006368757,0.00083521,-0.003343821,0.159570844,-0.024436177,0.000538417,0.183072448,0.133416474,0.132909849,0.182565808,-0.132909849,-0.182565808,-0.183072448,-0.133416474,0.004151159,0.029871766,0.036117226
9.902530193,0.965925826,0.258819045,0,0,0.523598776,0,0,0.965252817,0.260273993,0.019077145,0.013440357,0.527294435,0.029836607,0.035900935,-0.002759695,-0.004723667,-0.001370907,0.16065135,-0.024295603,0.001984403,0.18346855,0.134596229,0.135673061,0.184545383,-0.135673061,-0.184545383,-0.18346855,-0.134596229,0.003695659,0.029836607,0.035900935
9.952920198,0.965925826,0.258819045,0,0,0.523598776,0,0,0.965309083,0.260075659,0.019001143,0.013341187,0.526876928,0.029748903,0.035663544,-0.0130862,-0.002887845,-9.98E-05,0.162209952,-0.023200508,0.001948069,0.182962507,0.134371325,0.13834013,0.186931312,-0.13834013,-0.186931312,-0.182962507,-0.134371325,0.003278152,0.029748903,0.035663544
10.00019002,0.965925826,0.258819045,0,0,0.523598776,0,0,0.965380371,0.259822696,0.01893398,0.013209418,0.526345852,0.029697134,0.035366142,-0.009392203,-0.00601709,-0.006513298,0.161597583,-0.022321071,0.002899251,0.183462337,0.137061357,0.14095749,0.187358484,-0.14095749,-0.187358484,-0.183462337,-0.137061357,0.002747076,0.029697134,0.035366142
10.04972005,0.965925826,0.258819045,0,0,0.523598776,0,0,0.965432703,0.25964731,0.018768832,0.013070265,0.525970278,0.029457026,0.035005803,-0.01012534,-0.008523464,-0.006420911,0.161817005,-0.02149663,0.003022136,0.181019351,0.136377245,0.142175734,0.186817855,-0.142175734,-0.186817855,-0.181019351,-0.136377245,0.002371502,0.029457026,0.035005803
10.10136008,0.965925826,0.258819045,0,0,0.523598776,0,0,0.965496123,0.259434372,0.018576801,0.012890054,0.525514605,0.02918755,0.034551096,-0.003568829,-0.006979705,-0.000606477,0.16038982,-0.021635664,0.001927664,0.180291444,0.137298211,0.143342495,0.186335728,-0.143342495,-0.186335728,-0.180291444,-0.137298211,0.001915829,0.02918755,0.034551096
10.1565001,0.965925826,0.258819045,0,0,0.523598776,0,0,0.96551162,0.259412169,0.018173994,0.012745761,0.525444562,0.028485444,0.03406187,0.007938595,-0.009560585,0.003450364,0.160019343,-0.019787166,0.00208343,0.180097774,0.13682647,0.140681803,0.183953106,-0.140681803,-0.183953106,-0.180097774,-0.13682647,0.001845786,0.028485444,0.03406187
10.20791006,0.965925826,0.258819045,0,0,0.523598776,0,0,0.965486348,0.25952515,0.017921897,0.012716148,0.525665261,0.028010033,0.033876663,0.004515052,-0.012236835,0.002004207,0.158552959,-0.019634659,0.001190523,0.177723035,0.138148725,0.142315581,0.181889892,-0.142315581,-0.181889892,-0.177723035,-0.138148725,0.002066485,0.028010033,0.033876663
10.25437021,0.965925826,0.258819045,0,0,0.523598776,0,0,0.965443671,0.259707421,0.017565299,0.012739693,0.526025723,0.027302812,0.033741555,0.009090454,-0.01051873,0.006488711,0.157424458,-0.019701051,0.00017141,0.176997051,0.137727752,0.140108794,0.179378092,-0.140108794,-0.179378092,-0.176997051,-0.137727752,0.002426947,0.027302812,0.033741555
10.3036902,0.965925826,0.258819045,0,0,0.523598776,0,0,0.96540761,0.259851873,0.017418368,0.012715194,0.526317235,0.027026808,0.033621695,0.009254368,0.006061049,-0.009985268,0.157558441,-0.023548292,0.002710904,0.176954046,0.137551978,0.137894794,0.177296877,-0.137894794,-0.177296877,-0.176954046,-0.137551978,0.002718459,0.027026808,0.033621695
10.34988999,0.965925826,0.258819045,0,0,0.523598776,0,0,0.96532464,0.260163814,0.017438093,0.012619248,0.526961999,0.027104012,0.033455382,0.022976846,-0.007213653,0.00096336,0.154272041,-0.020340611,0.000535779,0.178395778,0.131299227,0.13672103,0.183817595,-0.13672103,-0.183817595,-0.178395778,-0.131299227,0.003363223,0.027104012,0.033455382
10.40136003,0.965925826,0.258819045,0,0,0.523598776,0,0,0.965231478,0.260509551,0.017450081,0.012599682,0.527678363,0.027125379,0.033433561,0.015234204,0.001793355,0.001768023,0.155826219,-0.022534599,0.000777784,0.174076825,0.133395627,0.134467185,0.175148383,-0.134467185,-0.175148383,-0.174076825,-0.133395627,0.004079587,0.027125379,0.033433561
10.4503901,0.965925826,0.258819045,0,0,0.523598776,0,0,0.965140641,0.260848552,0.017646998,0.012256131,0.528381981,0.027673213,0.032882679,0.004967303,0.001741201,-0.007538499,0.157265457,-0.021694451,0.002778894,0.177582994,0.132513821,0.134069383,0.179138556,-0.134069383,-0.179138556,-0.177582994,-0.132513821,0.004783205,0.027673213,0.032882679
10.50972009,0.965925826,0.258819045,0,0,0.523598776,0,0,0.965112388,0.260953426,0.017650038,0.012248171,0.528599214,0.027679666,0.032871904,0.008543582,0.000656396,0.004080683,0.158045347,-0.0225988,0.003146062,0.176180974,0.132792085,0.138349876,0.181738749,-0.138349876,-0.181738749,-0.176180974,-0.132792085,0.005000438,0.027679666,0.032871904
10.55471015,0.965925826,0.258819045,0,0,0.523598776,0,0,0.965124547,0.260908604,0.017624682,0.012283493,0.528505966,0.027613792,0.032925555,-0.0037238,0.001365691,0.001322478,0.159787208,-0.022499516,0.002123411,0.177498043,0.132300466,0.138592586,0.183790162,-0.138592586,-0.183790162,-0.177498043,-0.132300466,0.00490719,0.027613792,0.032925555
10.60093999,0.965925826,0.258819045,0,0,0.523598776,0,0,0.965198576,0.260632306,0.017701684,0.012215747,0.527935565,0.027807224,0.032827087,-0.01423955,-0.002890826,-0.006559491,0.162276244,-0.021498367,0.003941056,0.180163264,0.135164261,0.139411077,0.18441008,-0.139411077,-0.18441008,-0.180163264,-0.135164261,0.004336789,0.027807224,0.032827087
10.64993,0.965925826,0.258819045,0,0,0.523598776,0,0,0.965251505,0.260434806,0.017722825,0.012218749,0.527527442,0.027853188,0.032838244,-0.004015863,-0.001396239,0.008956344,0.159925829,-0.021922914,0.001003761,0.179833502,0.136836797,0.144718915,0.18771562,-0.144718915,-0.18771562,-0.179833502,-0.136836797,0.003928666,0.027853188,0.032838244
10.70125008,0.965925826,0.258819045,0,0,0.523598776,0,0,0.965293705,0.260275185,0.017698048,0.012319381,0.527198056,0.027758331,0.033015078,-0.007672608,0.002475827,0.00545159,0.160834559,-0.022860006,0.001590706,0.180844933,0.13699913,0.139006659,0.182852462,-0.139006659,-0.182852462,-0.180844933,-0.13699913,0.00359928,0.027758331,0.033015078
10.7552402,0.965925826,0.258819045,0,0,0.523598776,0,0,0.965381265,0.259935468,0.017635804,0.012714352,0.526501002,0.027444168,0.033735834,-0.002254546,0.001906604,0.017110258,0.162097244,-0.024484875,0.002025045,0.182103813,0.136383832,0.139565244,0.185285226,-0.139565244,-0.185285226,-0.182103813,-0.136383832,0.002902226,0.027444168,0.033735834
10.80780005,0.965925826,0.258819045,0,0,0.523598776,0,0,0.965366066,0.259983361,0.017574975,0.012972516,0.526603511,0.027190639,0.03420416,0.007901341,0.000553578,0.016476961,0.157457116,-0.022479094,-0.001316922,0.184557021,0.135587305,0.139637396,0.188607112,-0.139637396,-0.188607112,-0.184557021,-0.135587305,0.003004735,0.027190639,0.03420416
10.85347009,0.965925826,0.258819045,0,0,0.523598776,0,0,0.965355158,0.260017157,0.017502723,0.01319667,0.526675402,0.026933223,0.034600412,0.003599375,-0.000551343,0.011367352,0.158455741,-0.022202784,-0.000854296,0.181253091,0.136294916,0.133661076,0.178619236,-0.133661076,-0.178619236,-0.181253091,-0.136294916,0.003076626,0.026933223,0.034600412
10.90375018,0.965925826,0.258819045,0,0,0.523598776,0,0,0.96532166,0.260129929,0.017585302,0.013314119,0.526915988,0.027027434,0.034873543,0.008641928,0.001772493,0.00621602,0.157390782,-0.022885167,-0.000378041,0.181512773,0.137107238,0.135398641,0.179804176,-0.135398641,-0.179804176,-0.181512773,-0.137107238,0.003317212,0.027027434,0.034873543
10.94993019,0.965925826,0.258819045,0,0,0.523598776,0,0,0.965256572,0.260353595,0.01773691,0.013460698,0.527390553,0.027235622,0.035242151,0.008351354,0.005576759,0.003229826,0.157415039,-0.024007631,-9.57E-06,0.180653945,0.134883642,0.134127557,0.17989786,-0.134127557,-0.17989786,-0.180653945,-0.134883642,0.003791777,0.027235622,0.035242151
11.00111008,0.965925826,0.258819045,0,0,0.523598776,0,0,0.965215445,0.260499358,0.017768839,0.013545779,0.52769625,0.027247555,0.03542729,0.006306917,0.003498048,0.005901605,0.157770564,-0.023563074,-0.000404041,0.181432188,0.133416951,0.133397818,0.181413054,-0.133397818,-0.181413054,-0.181432188,-0.133416951,0.004097474,0.027247555,0.03542729
11.04980016,0.965925826,0.258819045,0,0,0.523598776,0,0,0.965195358,0.260569781,0.01780273,0.013580207,0.527844707,0.027292429,0.035513498,0.007034094,0.003937632,-0.002372265,0.157700351,-0.023701933,0.000839827,0.181737632,0.134611517,0.133803427,0.180929542,-0.133803427,-0.180929542,-0.181737632,-0.134611517,0.004245931,0.027292429,0.035513498
11.10050011,0.965925826,0.258819045,0,0,0.523598776,0,0,0.965172589,0.260649353,0.01783918,0.013621635,0.528012461,0.02733824,0.035614833,0.003764779,0.002735108,0.000119954,0.158594403,-0.022237881,-4.40E-05,0.180562407,0.133158565,0.134838223,0.182242066,-0.134838223,-0.182242066,-0.180562407,-0.133158565,0.004413685,0.02733824,0.035614833
11.15941,0.965925826,0.258819045,0,0,0.523598776,0,0,0.96516639,0.26067245,0.017837448,0.013622561,0.528060239,0.027333561,0.035616367,0.004211813,0.002742558,0.008846074,0.158348812,-0.023460796,0.000570893,0.18087627,0.136400536,0.13631247,0.180788204,-0.13631247,-0.180788204,-0.18087627,-0.136400536,0.004461463,0.027333561,0.035616367
11.20060015,0.965925826,0.258819045,0,0,0.523598776,0,0,0.965150833,0.26073122,0.01776696,0.013692111,0.528180093,0.027159009,0.035715466,-7.45E-06,0.000987202,0.004217775,0.159082623,-0.02298478,1.77E-05,0.181238666,0.1343171,0.135458887,0.182380453,-0.135458887,-0.182380453,-0.181238666,-0.1343171,0.004581317,0.027159009,0.035715466
11.24991012,0.965925826,0.258819045,0,0,0.523598776,0,0,0.965155184,0.260716885,0.017731961,0.013709083,0.528148973,0.027083115,0.035729524,-0.003312529,0.000477582,0.000915676,0.159852489,-0.022820319,0.000664557,0.182049677,0.136080146,0.136115506,0.182085037,-0.136115506,-0.182085037,-0.182049677,-0.136080146,0.004550197,0.027083115,0.035729524
11.30035019,0.965925826,0.258819045,0,0,0.523598776,0,0,0.96516633,0.260676414,0.017638581,0.0138096,0.528062801,0.02685188,0.035873667,-0.003258884,-0.005207956,0.005566329,0.159795478,-0.021377212,-0.000186469,0.181359112,0.138604715,0.138231769,0.180986181,-0.138231769,-0.180986181,-0.181359112,-0.138604715,0.004464025,0.02685188,0.035873667
11.35178018,0.965925826,0.258819045,0,0,0.523598776,0,0,0.965171397,0.260657638,0.017624564,0.013825484,0.528023581,0.026817229,0.03589649,0.001273304,0.005198271,-0.002337992,0.158932982,-0.023891186,0.000796515,0.181359112,0.138604715,0.138231769,0.180986181,-0.138231769,-0.180986181,-0.181359112,-0.138604715,0.004424805,0.026817229,0.03589649
11.40969014,0.965925826,0.258819045,0,0,0.523598776,0,0,0.965148926,0.260739207,0.017636085,0.013851302,0.52819372,0.026822951,0.035954643,0.006548316,-0.002527237,-0.000925362,0.158937109,-0.022918564,0.000774549,0.182027608,0.134245262,0.135838285,0.183620632,-0.135838285,-0.183620632,-0.182027608,-0.134245262,0.004594944,0.026822951,0.035954643
11.45344019,0.965925826,0.258819045,0,0,0.523598776,0,0,0.965133488,0.260795593,0.017608417,0.013895964,0.528310234,0.026744118,0.036027985,0.006388873,0.005092472,0.005199761,0.157732975,-0.022037603,0.000334019,0.181081071,0.135243982,0.136793077,0.182630166,-0.136793077,-0.182630166,-0.181081071,-0.135243982,0.004711458,0.026744118,0.036027985
11.50064015,0.965925826,0.258819045,0,0,0.523598776,0,0,0.965090036,0.26095587,0.017612197,0.013903581,0.528642677,0.026741449,0.036049111,0.010145457,1.42E-05,0.000492483,0.156846276,-0.02265307,-0.000107361,0.179436505,0.135361329,0.136029363,0.180104554,-0.136029363,-0.180104554,-0.179436505,-0.135361329,0.005043901,0.026741449,0.036049111
11.55040002,0.965925826,0.258819045,0,0,0.523598776,0,0,0.965048134,0.261109501,0.017614596,0.013916194,0.528961503,0.026733748,0.036078987,0.010985882,0.002314895,0.003380329,0.156563671,-0.023225328,-0.000608963,0.179606661,0.134300545,0.134085819,0.179391935,-0.134085819,-0.179391935,-0.179606661,-0.134300545,0.005362727,0.026733748,0.036078987
11.60064006,0.965925826,0.258819045,0,0,0.523598776,0,0,0.965008855,0.261257023,0.017591584,0.013904361,0.529265699,0.026690011,0.036048152,0.007652492,0.000744313,-0.001364946,0.157297701,-0.022804245,0.000311104,0.180397913,0.133947283,0.132729352,0.179179981,-0.132729352,-0.179179981,-0.180397913,-0.133947283,0.005666923,0.026690011,0.036048152
11.64959002,0.965925826,0.258819045,0,0,0.523598776,0,0,0.964978397,0.261372417,0.017570924,0.013878347,0.529503124,0.026659442,0.035990269,0.006330759,-0.000938773,0.002188236,0.157489688,-0.022370109,-0.000152298,0.179790795,0.134182334,0.134804532,0.180413008,-0.134804532,-0.180413008,-0.179790795,-0.134182334,0.005904348,0.026659442,0.035990269
11.7073102,0.965925826,0.258819045,0,0,0.523598776,0,0,0.964952171,0.261469781,0.017572146,0.013864098,0.529704632,0.026665632,0.035966086,0.00045225,-0.000602007,0.002058595,0.157452386,-0.023005079,3.82E-05,0.180012047,0.135271862,0.134967253,0.179707453,-0.134967253,-0.179707453,-0.180012047,-0.135271862,0.006105856,0.026665632,0.035966086
11.75238013,0.965925826,0.258819045,0,0,0.523598776,0,0,0.964958429,0.261448085,0.017565131,0.013847261,0.529658904,0.026661718,0.035929293,0.000495464,0.002358109,-0.003752112,0.1587305,-0.022443395,0.000160215,0.180419222,0.134409085,0.134485483,0.180495605,-0.134485483,-0.180495605,-0.180419222,-0.134409085,0.006060128,0.026661718,0.035929293
11.80392003,0.965925826,0.258819045,0,0,0.523598776,0,0,0.964978278,0.261377364,0.017550487,0.013820689,0.529510943,0.026649995,0.035868346,-0.004978478,-0.001896918,-0.00012368,0.15997261,-0.022083528,0.000794739,0.181013629,0.136126861,0.136447296,0.181334063,-0.136447296,-0.181334063,-0.181013629,-0.136126861,0.005912167,0.026649995,0.035868346
11.84974003,0.965925826,0.258819045,0,0,0.523598776,0,0,0.965003014,0.261290789,0.017532995,0.0137492,0.529328964,0.026656861,0.035718736,-0.003159046,-0.000585616,-0.003395975,0.159655823,-0.02235918,0.001287089,0.181261346,0.137094319,0.138683796,0.182850823,-0.138683796,-0.182850823,-0.181261346,-0.137094319,0.005730188,0.026656861,0.035718736
11.90044999,0.965925826,0.258819045,0,0,0.523598776,0,0,0.965018988,0.261237025,0.017514711,0.01366972,0.52921475,0.026665142,0.035554186,0.002097339,-0.002835691,0.000428408,0.158477983,-0.021780302,0.000524341,0.180727869,0.136009529,0.138583705,0.183302045,-0.138583705,-0.183302045,-0.180727869,-0.136009529,0.005615974,0.026665142,0.035554186
11.95524001,0.965925826,0.258819045,0,0,0.523598776,0,0,0.965032101,0.261192918,0.017479258,0.013636136,0.529120722,0.026615903,0.035469526,-0.000534952,-0.004149974,-0.003294647,0.159117706,-0.021404305,0.00125996,0.179733902,0.136173323,0.137221992,0.180782571,-0.137221992,-0.180782571,-0.179733902,-0.136173323,0.005521946,0.026615903,0.035469526
12.00102019,0.965925826,0.258819045,0,0,0.523598776,0,0,0.96503526,0.2611866,0.01744853,0.013568077,0.52910449,0.026592426,0.035321819,0.003614277,0.000468642,-0.00026077,0.158173084,-0.022485751,0.000642363,0.179261997,0.13645342,0.13897334,0.181781918,-0.13897334,-0.181781918,-0.179261997,-0.13645342,0.005505714,0.026592426,0.035321819
12.05252004,0.965925826,0.258819045,0,0,0.523598776,0,0,0.964991629,0.261353731,0.017386816,0.013533946,0.529446887,0.026485064,0.035228143,2.76E-05,0.00160113,0.003952533,0.158477513,-0.021789934,0.00068202,0.180016428,0.135044947,0.136329681,0.181301147,-0.136329681,-0.181301147,-0.180016428,-0.135044947,0.005848111,0.026485064,0.035228143
12.10096002,0.965925826,0.258819045,0,0,0.523598776,0,0,0.964979351,0.261399716,0.017392658,0.013516763,0.529542047,0.026503653,0.035199288,0.002480299,0.001824647,-0.000314415,0.158334061,-0.022741359,0.000754849,0.179585382,0.136005536,0.137369573,0.18094942,-0.137369573,-0.18094942,-0.179585382,-0.136005536,0.005943271,0.026503653,0.035199288
12.1498301,0.965925826,0.258819045,0,0,0.523598776,0,0,0.964977026,0.261406898,0.017413514,0.013516276,0.529557975,0.026543899,0.035209487,-0.002889335,0.005056709,0.00275448,0.159453424,-0.02355009,0.000517705,0.180320516,0.134837836,0.136347532,0.181830227,-0.136347532,-0.181830227,-0.180320516,-0.134837836,0.005959199,0.026543899,0.035209487
12.20558,0.965925826,0.258819045,0,0,0.523598776,0,0,0.96498239,0.261386693,0.017395221,0.013548017,0.52951593,0.026492716,0.035260625,0.003799051,0.000461191,0.002170354,0.158019199,-0.02242694,0.000273279,0.182485759,0.135385603,0.136421025,0.183521166,-0.136421025,-0.183521166,-0.182485759,-0.135385603,0.005917154,0.026492716,0.035260625
12.25254011,0.965925826,0.258819045,0,0,0.523598776,0,0,0.964993477,0.261347592,0.017363505,0.013549474,0.529433367,0.02643217,0.035245733,-0.005675852,-0.003936887,0.002460927,0.160084671,-0.02131504,0.000667929,0.180172816,0.135318965,0.13586551,0.180719376,-0.13586551,-0.180719376,-0.180172816,-0.135318965,0.005834591,0.02643217,0.035245733
12.30045009,0.965925826,0.258819045,0,0,0.523598776,0,0,0.965023041,0.261238545,0.017334243,0.013580472,0.529206682,0.026363458,0.035287266,-0.006408989,-0.002990663,0.000847131,0.160311168,-0.021520593,0.0009059,0.180731729,0.138101682,0.139437541,0.182067588,-0.139437541,-0.182067588,-0.180731729,-0.138101682,0.005607906,0.026363458,0.035287266
12.3532002,0.965925826,0.258819045,0,0,0.523598776,0,0,0.96508193,0.261024773,0.017299557,0.01355887,0.5287614,0.02631561,0.035221535,0.000493973,-0.002481044,0.000149757,0.160537801,-0.020855765,0.001015125,0.180925816,0.137884647,0.139696449,0.182737619,-0.139696449,-0.182737619,-0.180925816,-0.137884647,0.005162624,0.02631561,0.035221535
12.43789005,0.965925826,0.258819045,0,0,0.523598776,0,0,0.965107501,0.260931313,0.017300222,0.013531198,0.528567168,0.026334765,0.035165898,0.002219528,0.000696629,0.00249967,0.160079394,-0.023737146,0.001020689,0.180378392,0.138666883,0.140697137,0.182408646,-0.140697137,-0.182408646,-0.180378392,-0.138666883,0.004968392,0.026334765,0.035165898
12.45919013,0.965925826,0.258819045,0,0,0.523598776,0,0,0.965107501,0.260931313,0.017300222,0.013531198,0.528567168,0.026334765,0.035165898,0.002219528,0.000696629,0.00249967,0.158536954,-0.022379148,0.000257404,0.182795808,0.135321543,0.137362912,0.184837177,-0.137362912,-0.184837177,-0.182795808,-0.135321543,0.004968392,0.026334765,0.035165898
12.50864005,0.965925826,0.258819045,0,0,0.523598776,0,0,0.96510458,0.260942698,0.017300857,0.013517212,0.528590474,0.026342885,0.035139533,0.004670768,0.0055857,-0.004917384,0.158102325,-0.023555345,0.001313934,0.180658653,0.135900378,0.136415184,0.181173459,-0.136415184,-0.181173459,-0.180658653,-0.135900378,0.004991698,0.026342885,0.035139533
12.55198002,0.965925826,0.258819045,0,0,0.523598776,0,0,0.965111613,0.260920525,0.017272921,0.013483752,0.528542305,0.02630725,0.035059678,-0.005351007,-0.001507998,0.005879254,0.160131978,-0.021798633,0.000126479,0.181804091,0.13820684,0.138459802,0.182057038,-0.138459802,-0.182057038,-0.181804091,-0.13820684,0.004943529,0.02630725,0.035059678
12.61097002,0.965925826,0.258819045,0,0,0.523598776,0,0,0.965120137,0.260890365,0.017262887,0.013473555,0.528479046,0.026294303,0.035033906,-0.006732346,-0.000457466,0.004453212,0.159089026,-0.023632558,0.001142212,0.181804091,0.13820684,0.138459802,0.182057038,-0.138459802,-0.182057038,-0.181804091,-0.13820684,0.00488027,0.026294303,0.035033906
12.65373015,0.965925826,0.258819045,0,0,0.523598776,0,0,0.965126932,0.260867476,0.01726298,0.013427601,0.52843056,0.02631932,0.034944586,-0.001884997,0.000601262,-0.003930927,0.1604625,-0.022037048,0.000418923,0.181579322,0.134314239,0.136598662,0.183863744,-0.136598662,-0.183863744,-0.181579322,-0.134314239,0.004831784,0.02631932,0.034944586
12.70620012,0.965925826,0.258819045,0,0,0.523598776,0,0,0.965152442,0.260771245,0.017266652,0.013460571,0.528232116,0.026312673,0.035007557,-0.004886091,0.004354865,0.001943857,0.159538657,-0.022270926,0.001556739,0.182080582,0.138006508,0.138844356,0.182918429,-0.138844356,-0.182918429,-0.182080582,-0.138006508,0.00463334,0.026312673,0.035007557
12.7766602,0.965925826,0.258819045,0,0,0.523598776,0,0,0.965148032,0.260789394,0.017248081,0.013440734,0.528268386,0.026286529,0.034960026,-0.003235042,-0.003348291,-0.001090765,0.159822318,-0.021301441,0.001160709,0.179963008,0.137360141,0.139681563,0.182284415,-0.139681563,-0.182284415,-0.179963008,-0.137360141,0.00466961,0.026286529,0.034960026
12.82497001,0.965925826,0.258819045,0,0,0.523598776,0,0,0.965157866,0.260749102,0.017274929,0.013478024,0.52818715,0.026320344,0.035044999,-0.000736117,0.000367314,0.000298768,0.159378707,-0.022916338,0.000179737,0.182115257,0.136282608,0.136642084,0.182474732,-0.136642084,-0.182474732,-0.182115257,-0.136282608,0.004588374,0.026320344,0.035044999
12.88398004,0.965925826,0.258819045,0,0,0.523598776,0,0,0.96516782,0.260712653,0.017260479,0.013486964,0.528111133,0.026289106,0.035053711,-0.005534292,-0.001344085,0.002200156,0.159278873,-0.022249979,0.000779488,0.180749312,0.136249378,0.137808368,0.182308286,-0.137808368,-0.182308286,-0.180749312,-0.136249378,0.004512357,0.026289106,0.035053711
12.90089011,0.965925826,0.258819045,0,0,0.523598776,0,0,0.96516782,0.260712653,0.017260479,0.013486964,0.528111133,0.026289106,0.035053711,-0.005534292,-0.001344085,0.002200156,0.16030636,-0.021819725,0.000692869,0.180749312,0.136249378,0.137808368,0.182308286,-0.137808368,-0.182308286,-0.180749312,-0.136249378,0.004512357,0.026289106,0.035053711
12.94974017,0.965925826,0.258819045,0,0,0.523598776,0,0,0.965178907,0.260670871,0.017242657,0.013526754,0.528024586,0.026235448,0.035120099,0.00302121,0.002492219,0.005393474,0.160152886,-0.023033466,0.000544269,0.181433171,0.13779375,0.139179483,0.182818905,-0.139179483,-0.182818905,-0.181433171,-0.13779375,0.00442581,0.026235448,0.035120099
12.99949002,0.965925826,0.258819045,0,0,0.523598776,0,0,0.965188622,0.260630548,0.017264169,0.013592337,0.527943594,0.02624421,0.035256915,-0.012202563,0.007016213,0.003979355,0.161210905,-0.02301434,0.000661491,0.182642028,0.136575133,0.137663662,0.183730572,-0.137663662,-0.183730572,-0.182642028,-0.136575133,0.004344818,0.02624421,0.035256915
13.08428001,0.965925826,0.258819045,0,0,0.523598776,0,0,0.965228736,0.260462523,0.017326865,0.013880395,0.527605423,0.026221132,0.035841498,0.004213303,0.002985447,0.001428276,0.158418229,-0.024055005,-0.000714645,0.183187827,0.135077849,0.133648559,0.181758538,-0.133648559,-0.181758538,-0.183187827,-0.135077849,0.004006647,0.026221132,0.035841498
13.09976006,0.965925826,0.258819045,0,0,0.523598776,0,0,0.965228736,0.260462523,0.017326865,0.013880395,0.527605423,0.026221132,0.035841498,0.004213303,0.002985447,0.001428276,0.15832066,-0.023068187,-6.98E-05,0.183187827,0.135077849,0.133648559,0.181758538,-0.133648559,-0.181758538,-0.183187827,-0.135077849,0.004006647,0.026221132,0.035841498
13.15546012,0.965925826,0.258819045,0,0,0.523598776,0,0,0.965231597,0.260449022,0.017344434,0.013910475,0.527579071,0.026239861,0.035908415,0.003629178,-0.003896654,0.00366196,0.158422452,-0.021423339,-0.000404031,0.181458607,0.135322258,0.135182634,0.181318983,-0.135182634,-0.181318983,-0.181458607,-0.135322258,0.003980295,0.026239861,0.035908415
13.20010018,0.965925826,0.258819045,0,0,0.523598776,0,0,0.965229928,0.260451883,0.017345535,0.013973642,0.527586519,0.026208933,0.036031072,0.00108704,-0.002121926,0.001492352,0.159007896,-0.021869204,-1.72E-05,0.18024978,0.137403116,0.136595055,0.179441705,-0.136595055,-0.179441705,-0.18024978,-0.137403116,0.003987743,0.026208933,0.036031072
13.24954009,0.965925826,0.258819045,0,0,0.523598776,0,0,0.965227544,0.260462075,0.017341584,0.013948925,0.527606886,0.026213819,0.035981545,0.000170618,0.001784414,0.002000481,0.159195137,-0.022808778,-3.96E-05,0.180894211,0.137155816,0.137121513,0.180859894,-0.137121513,-0.180859894,-0.180894211,-0.137155816,0.00400811,0.026213819,0.035981545
13.31025004,0.965925826,0.258819045,0,0,0.523598776,0,0,0.965225101,0.260474741,0.017322753,0.013907094,0.52763117,0.026198813,0.035891247,-0.002378225,0.009516625,-0.00064075,0.158672153,-0.022206361,-0.00066173,0.181540191,0.137127504,0.135804042,0.18021673,-0.135804042,-0.18021673,-0.181540191,-0.137127504,0.004032394,0.026198813,0.035891247
13.3498702,0.965925826,0.258819045,0,0,0.523598776,0,0,0.965230405,0.260454327,0.017319366,0.013928419,0.527589182,0.026181911,0.035930111,0.000783056,0.005886704,0.002592057,0.159056492,-0.02377988,-0.000156533,0.181540191,0.137127504,0.135804042,0.18021673,-0.135804042,-0.18021673,-0.181540191,-0.137127504,0.003990406,0.026181911,0.035930111
13.40092015,0.965925826,0.258819045,0,0,0.523598776,0,0,0.965230227,0.260455877,0.017308781,0.013924954,0.527591773,0.026163225,0.035917928,-0.003033877,0.002212077,0.002454966,0.159885372,-0.022869348,5.36E-05,0.182701126,0.136962444,0.137069553,0.18280822,-0.137069553,-0.18280822,-0.182701126,-0.136962444,0.003992997,0.026163225,0.035917928
13.45139003,0.965925826,0.258819045,0,0,0.523598776,0,0,0.965252399,0.260370284,0.017315527,0.013980652,0.527416095,0.026150392,0.036026716,-0.002782046,0.00211522,0.005636364,0.159822309,-0.022875324,-0.00052215,0.183219731,0.137469113,0.13642481,0.182175428,-0.13642481,-0.182175428,-0.183219731,-0.137469113,0.003817319,0.026150392,0.036026716
13.50143003,0.965925826,0.258819045,0,0,0.523598776,0,0,0.965257347,0.260351568,0.017320994,0.013976946,0.527377543,0.026163577,0.03602191,-0.004698337,0.002569705,-3.43E-05,0.160325135,-0.022978561,0.000462285,0.183219731,0.137469113,0.13642481,0.182175428,-0.13642481,-0.182175428,-0.183219731,-0.137469113,0.003778767,0.026163577,0.03602191
13.55149007,0.965925826,0.258819045,0,0,0.523598776,0,0,0.965269446,0.260305911,0.017317375,0.01399874,0.527283264,0.026146932,0.036060877,0.007013977,0.001496077,-0.000201166,0.157800109,-0.022730753,-7.68E-05,0.182841361,0.136884272,0.137808844,0.183765933,-0.137808844,-0.183765933,-0.182841361,-0.136884272,0.003684488,0.026146932,0.036060877
13.60388017,0.965925826,0.258819045,0,0,0.523598776,0,0,0.965262651,0.260329843,0.01733312,0.014003704,0.527333754,0.026173847,0.036079339,0.001709908,0.001654774,0.000426918,0.159724092,-0.022367354,0.000319583,0.180607572,0.135146096,0.13499257,0.180454046,-0.13499257,-0.180454046,-0.180607572,-0.135146096,0.003734978,0.026173847,0.036079339
13.65376019,0.965925826,0.258819045,0,0,0.523598776,0,0,0.965244591,0.260403335,0.017292349,0.013931144,0.52748224,0.02613023,0.035919872,0.001958758,0.003436953,-0.004009903,0.158913203,-0.023145541,0.000822032,0.181771815,0.137037128,0.137676299,0.182410985,-0.137676299,-0.182410985,-0.181771815,-0.137037128,0.003883464,0.02613023,0.035919872
13.704,0.965925826,0.258819045,0,0,0.523598776,0,0,0.965237975,0.260430783,0.017290065,0.013877667,0.527537748,0.026152691,0.035816131,0.002693385,-0.002022088,0.001292676,0.158665007,-0.021808238,2.72E-05,0.181236669,0.134945616,0.136589676,0.182880729,-0.136589676,-0.182880729,-0.181236669,-0.134945616,0.003938972,0.026152691,0.035816131
13.75279999,0.965925826,0.258819045,0,0,0.523598776,0,0,0.965215862,0.260515392,0.017281167,0.013841892,0.527711722,0.026151038,0.035744671,0.00403598,0.003383309,-0.001001358,0.1583705,-0.02310155,0.000353072,0.180445999,0.136829555,0.136883944,0.180500388,-0.136883944,-0.180500388,-0.180445999,-0.136829555,0.004112946,0.026151038,0.035744671
13.80088019,0.965925826,0.258819045,0,0,0.523598776,0,0,0.965207756,0.2605488,0.017276842,0.013780026,0.527779296,0.026173732,0.035623827,0.007171184,-0.000809133,0.000751764,0.157646084,-0.022063928,1.22E-05,0.181118935,0.134915859,0.135621995,0.181825072,-0.135621995,-0.181825072,-0.181118935,-0.134915859,0.00418052,0.026173732,0.035623827
13.84965014,0.965925826,0.258819045,0,0,0.523598776,0,0,0.96518892,0.260619611,0.017267555,0.013771531,0.527925336,0.026157625,0.035604483,0.003080815,0.002687425,-0.002077222,0.158548798,-0.022894201,0.000647041,0.179697752,0.13556993,0.135594353,0.179722175,-0.135594353,-0.179722175,-0.179697752,-0.13556993,0.00432656,0.026157625,0.035604483
13.90706015,0.965925826,0.258819045,0,0,0.523598776,0,0,0.965177298,0.260660052,0.017283672,0.013802601,0.528010652,0.026171028,0.035674016,0.003238767,0.003509969,0.002305955,0.160145734,-0.023331005,0.000304167,0.180795908,0.13500753,0.136301622,0.182089999,-0.136301622,-0.182089999,-0.180795908,-0.13500753,0.004411876,0.026171028,0.035674016
13.96138,0.965925826,0.258819045,0,0,0.523598776,0,0,0.965177238,0.26066047,0.017277481,0.013807829,0.528011316,0.026156331,0.035680886,-0.000664592,0.001824648,-0.001740456,0.159343983,-0.022702356,0.00073605,0.181310236,0.135905549,0.13737765,0.182782337,-0.13737765,-0.182782337,-0.181310236,-0.135905549,0.00441254,0.026156331,0.035680886
14.00202012,0.965925826,0.258819045,0,0,0.523598776,0,0,0.965170681,0.260684043,0.017270315,0.013822772,0.528060199,0.026133828,0.035706638,0.003407151,0.001817197,0.002967566,0.158384509,-0.022709727,-0.000209055,0.181310236,0.135905549,0.13737765,0.182782337,-0.13737765,-0.182782337,-0.181310236,-0.135905549,0.004461423,0.026133828,0.035706638
14.04981017,0.965925826,0.258819045,0,0,0.523598776,0,0,0.965160012,0.260721296,0.017283222,0.01385239,0.528138704,0.026141899,0.035771601,0.004500897,0.001517684,0.002708287,0.158136909,-0.02265968,-0.000243631,0.181303248,0.135883823,0.135465711,0.180885136,-0.135465711,-0.180885136,-0.181303248,-0.135883823,0.004539928,0.026141899,0.035771601
14.1000402,0.965925826,0.258819045,0,0,0.523598776,0,0,0.96514684,0.260768056,0.017279377,0.013898529,0.528236441,0.02610865,0.035859961,0.00532642,0.00198111,0.002037734,0.157950504,-0.022781907,-0.000224276,0.181040168,0.135720834,0.135233581,0.180552915,-0.135233581,-0.180552915,-0.181040168,-0.135720834,0.004637665,0.02610865,0.035859961
14.1532402,0.965925826,0.258819045,0,0,0.523598776,0,0,0.965122163,0.26086089,0.017273793,0.013871807,0.528427918,0.026108383,0.035807943,0.007183105,-0.00178963,0.00031963,0.157531249,-0.02184887,4.91E-06,0.179375157,0.135677442,0.135687277,0.179384977,-0.135687277,-0.179384977,-0.179375157,-0.135677442,0.004829142,0.026108383,0.035807943
14.20358014,0.965925826,0.258819045,0,0,0.523598776,0,0,0.965092659,0.260974646,0.017229743,0.013834873,0.52866056,0.026038441,0.035716624,0.000869483,0.00429079,0.002311915,0.158752475,-0.021036295,0.000768434,0.179020286,0.136947721,0.138484597,0.180557162,-0.138484597,-0.180557162,-0.179020286,-0.136947721,0.005061784,0.026038441,0.035716624
14.25121021,0.965925826,0.258819045,0,0,0.523598776,0,0,0.96508193,0.261015952,0.017233722,0.013805975,0.528745624,0.026059695,0.035664011,0.005950779,-0.004471838,-0.003880263,0.157793532,-0.02112608,0.000800762,0.179020286,0.136947721,0.138484597,0.180557162,-0.138484597,-0.180557162,-0.179020286,-0.136947721,0.005146848,0.026059695,0.035664011
14.30113006,0.965925826,0.258819045,0,0,0.523598776,0,0,0.965076625,0.261036783,0.017240547,0.013778755,0.528788466,0.026086327,0.035615579,0.006593019,-0.002916157,0.000134856,0.157588545,-0.021511396,0.0001672,0.17811881,0.135866672,0.137468189,0.179720327,-0.137468189,-0.179720327,-0.17811881,-0.135866672,0.00518969,0.026086327,0.035615579
14.35133004,0.965925826,0.258819045,0,0,0.523598776,0,0,0.965079188,0.261034876,0.017192371,0.01369422,0.528780121,0.026037599,0.035427041,-0.000987947,-0.00076741,0.000617653,0.159227289,-0.021952798,0.000513177,0.178932697,0.13590993,0.136244327,0.179267094,-0.136244327,-0.179267094,-0.178932697,-0.13590993,0.005181345,0.026037599,0.035427041
14.40368009,0.965925826,0.258819045,0,0,0.523598776,0,0,0.96507585,0.261051178,0.01717962,0.013626437,0.528811739,0.026047824,0.035289905,0.003107637,0.000228733,-0.000968576,0.158350013,-0.022162935,0.000640799,0.180666864,0.136761293,0.13778764,0.181693211,-0.13778764,-0.181693211,-0.180666864,-0.136761293,0.005212963,0.026047824,0.035289905
14.45132017,0.965925826,0.258819045,0,0,0.523598776,0,0,0.965069056,0.261076093,0.017182693,0.013633671,0.528863634,0.026049062,0.035306154,0.005418806,0.006633252,0.002590567,0.157788995,-0.023735972,-4.88E-05,0.179872096,0.135546252,0.136827856,0.1811537,-0.136827856,-0.1811537,-0.179872096,-0.135546252,0.005264858,0.026049062,0.035306154
14.50358009,0.965925826,0.258819045,0,0,0.523598776,0,0,0.965045333,0.261165291,0.017194001,0.01358582,0.529047947,0.026092652,0.035222085,0.001431257,0.002128631,0.001937896,0.15853873,-0.023573694,0.000713441,0.181573749,0.134101838,0.134004176,0.181476086,-0.134004176,-0.181476086,-0.181573749,-0.134101838,0.005449171,0.026092652,0.035222085
14.55087018,0.965925826,0.258819045,0,0,0.523598776,0,0,0.965021312,0.261256844,0.017157119,0.01357978,0.529235661,0.026021285,0.035193559,0.003703684,0.005746633,-0.005301834,0.158626944,-0.022631893,0.000310021,0.181398928,0.13425158,0.135678455,0.182825819,-0.135678455,-0.182825819,-0.181398928,-0.13425158,0.005636885,0.026021285,0.035193559
14.60044003,0.965925826,0.258819045,0,0,0.523598776,0,0,0.96501255,0.261289448,0.017172681,0.01355506,0.52930343,0.026063067,0.035154863,-0.004129112,0.003459305,-0.000856817,0.159821863,-0.022914355,0.001040447,0.180948764,0.135685012,0.136305049,0.181568816,-0.136305049,-0.181568816,-0.180948764,-0.135685012,0.005704654,0.026063067,0.035154863
14.64953017,0.965925826,0.258819045,0,0,0.523598776,0,0,0.965000391,0.261335164,0.017168675,0.013542566,0.529397688,0.026060208,0.035129872,0.005071611,-0.00462532,0.001499802,0.157771439,-0.020950968,0.000281626,0.181695729,0.135867044,0.137947932,0.183776617,-0.137947932,-0.183776617,-0.181695729,-0.135867044,0.005798912,0.026060208,0.035129872
14.70035005,0.965925826,0.258819045,0,0,0.523598776,0,0,0.964977741,0.261420041,0.017155705,0.013533162,0.52957272,0.026037011,0.0351072,0.002045184,0.004962832,0.003927201,0.15836294,-0.023270507,2.48E-05,0.178440735,0.136538818,0.137102067,0.179003984,-0.137102067,-0.179003984,-0.178440735,-0.136538818,0.005973944,0.026037011,0.0351072
14.75049019,0.965925826,0.258819045,0,0,0.523598776,0,0,0.964951098,0.261518985,0.017131554,0.013552023,0.529776993,0.025976924,0.035133613,0.003417581,0.000508875,0.001763553,0.158056277,-0.022164162,0.000295222,0.181608647,0.135067657,0.135117158,0.181658149,-0.135117158,-0.181658149,-0.181608647,-0.135067657,0.006178217,0.025976924,0.035133613
14.80559015,0.965925826,0.258819045,0,0,0.523598776,0,0,0.964899361,0.261713535,0.017096383,0.013526696,0.530177817,0.025915241,0.035071473,0.006998332,0.00147,0.00302121,0.158000483,-0.021752351,0.000245709,0.179925174,0.135596871,0.136187315,0.180515617,-0.136187315,-0.180515617,-0.179925174,-0.135596871,0.006579041,0.025915241,0.035071473
14.85872006,0.965925826,0.258819045,0,0,0.523598776,0,0,0.964882374,0.261780322,0.017083138,0.013460785,0.530314058,0.025921805,0.034939053,-0.002147257,0.00340566,-0.001706183,0.157181772,-0.022359589,-3.84E-05,0.179507077,0.136002406,0.136493817,0.179998502,-0.136493817,-0.179998502,-0.179507077,-0.136002406,0.006715282,0.025921805,0.034939053
14.90071011,0.965925826,0.258819045,0,0,0.523598776,0,0,0.964862525,0.261855841,0.01704525,0.013462345,0.530468726,0.025845137,0.034924183,0.007808954,-0.001864135,0.00121668,0.156970347,-0.021473089,0.000283649,0.17957969,0.134860545,0.134783775,0.179502934,-0.134783775,-0.179502934,-0.17957969,-0.134860545,0.00686995,0.025845137,0.034924183
14.95071006,0.965925826,0.258819045,0,0,0.523598776,0,0,0.964841723,0.261933982,0.017045842,0.013440229,0.53063014,0.025855051,0.034883884,0.006202609,0.000644475,0.001008064,0.157291564,-0.022076083,0.00041212,0.178159744,0.135213584,0.135780886,0.178727046,-0.135780886,-0.178727046,-0.178159744,-0.135213584,0.007031364,0.025855051,0.034883884
15.00437999,0.965925826,0.258819045,0,0,0.523598776,0,0,0.964826465,0.261986494,0.017057095,0.013487252,0.5307407,0.025850199,0.034981997,0.002666562,-0.002463162,0.003109127,0.158012264,-0.02134549,0.000209343,0.17895548,0.13480334,0.135627583,0.179779723,-0.135627583,-0.179779723,-0.17895548,-0.13480334,0.007141924,0.025850199,0.034981997
15.0539701,0.965925826,0.258819045,0,0,0.523598776,0,0,0.964810848,0.262041241,0.017055308,0.013554848,0.530855555,0.025809295,0.035113016,0.004629046,0.000455231,0.00391826,0.15755677,-0.022077611,-8.56E-05,0.179148361,0.136457413,0.136876091,0.179567054,-0.136876091,-0.179567054,-0.179148361,-0.136457413,0.007256779,0.025809295,0.035113016
15.10051012,0.965925826,0.258819045,0,0,0.523598776,0,0,0.964810967,0.262037009,0.01706977,0.013597827,0.530848588,0.025814805,0.035203491,0.001414865,-0.00154376,0.005017966,0.15824287,-0.021617673,-0.000147122,0.179719925,0.13556473,0.135393545,0.17954874,-0.135393545,-0.17954874,-0.179719925,-0.13556473,0.007249812,0.025814805,0.035203491
15.15446019,0.965925826,0.258819045,0,0,0.523598776,0,0,0.964800119,0.262070268,0.01708219,0.01371462,0.530920808,0.025776265,0.035436388,0.001303107,0.003149361,0.006899983,0.157276781,-0.023139498,9.98E-05,0.180007622,0.13677229,0.136478052,0.179713368,-0.136478052,-0.179713368,-0.180007622,-0.13677229,0.007322032,0.025776265,0.035436388
15.20263004,0.965925826,0.258819045,0,0,0.523598776,0,0,0.964791298,0.262093306,0.017121691,0.013848573,0.530973609,0.025781335,0.035716384,4.69E-05,0.001824647,0.004621595,0.158535906,-0.022564794,-0.000281738,0.180316478,0.13403751,0.134237021,0.18051599,-0.134237021,-0.18051599,-0.180316478,-0.13403751,0.007374833,0.025781335,0.035716384
15.2499001,0.965925826,0.258819045,0,0,0.523598776,0,0,0.964794636,0.26207456,0.017122822,0.013966986,0.530937553,0.025722065,0.035945085,0.005639344,0.002103299,0.008303673,0.157283634,-0.022680616,-0.001247695,0.181382388,0.136252835,0.135689348,0.180818915,-0.135689348,-0.180818915,-0.181382388,-0.136252835,0.007338777,0.025722065,0.035945085
15.30004001,0.965925826,0.258819045,0,0,0.523598776,0,0,0.964796782,0.262061238,0.017145677,0.014044613,0.530912858,0.025725924,0.036106613,-0.001835823,0.005433709,0.003484637,0.158983105,-0.023523282,-0.0002309,0.181211904,0.135850698,0.133355305,0.178716511,-0.133355305,-0.178716511,-0.181211904,-0.135850698,0.007314082,0.025725924,0.036106613
15.35016012,0.965925826,0.258819045,0,0,0.523598776,0,0,0.964792073,0.26207605,0.017142035,0.014090355,0.530944467,0.025694338,0.036193405,-0.001013279,0.007405133,0.005444139,0.158773925,-0.024017306,-0.000631838,0.182737231,0.135690704,0.135228902,0.182275444,-0.135228902,-0.182275444,-0.182737231,-0.135690704,0.007345691,0.025694338,0.036193405
15.40908003,0.965925826,0.258819045,0,0,0.523598776,0,0,0.964774311,0.262138277,0.017149515,0.014142206,0.531074997,0.025679218,0.036299097,0.001315028,-5.96E-05,0.003346056,0.158247966,-0.02132884,-0.000256259,0.183423027,0.135388434,0.134124756,0.182159349,-0.134124756,-0.182159349,-0.183423027,-0.135388434,0.007476221,0.025679218,0.036299097
15.45490003,0.965925826,0.258819045,0,0,0.523598776,0,0,0.96477145,0.26214847,0.017153524,0.014141681,0.531096331,0.025686845,0.036300464,0.000371784,0.001191348,0.001651794,0.158275447,-0.022221646,-0.000437661,0.179833025,0.137175366,0.136662841,0.179320499,-0.136662841,-0.179320499,-0.179833025,-0.137175366,0.007497555,0.025686845,0.036300464
15.50304008,0.965925826,0.258819045,0,0,0.523598776,0,0,0.964758575,0.262199283,0.017149368,0.014091279,0.531200217,0.025703378,0.036202324,0.004803389,0.00211522,0.001133233,0.157522196,-0.022735358,-0.000198401,0.180934712,0.136491448,0.135616124,0.180059388,-0.135616124,-0.180059388,-0.180934712,-0.136491448,0.007601441,0.025703378,0.036202324
15.55014014,0.965925826,0.258819045,0,0,0.523598776,0,0,0.964728594,0.262314022,0.017105332,0.014054364,0.531435009,0.025633498,0.036110937,0.006497652,0.002335757,-0.001445412,0.157142109,-0.022729468,0.00016524,0.180455908,0.134985223,0.13458842,0.180059105,-0.13458842,-0.180059105,-0.180455908,-0.134985223,0.007836233,0.025633498,0.036110937
15.60101008,0.965925826,0.258819045,0,0,0.523598776,0,0,0.964706063,0.262402922,0.017078301,0.013974694,0.531616079,0.025619882,0.035945268,0.001446158,-0.001420081,9.16E-05,0.158179336,-0.021760905,0.000251671,0.17970629,0.134247378,0.134577855,0.180036768,-0.134577855,-0.180036768,-0.17970629,-0.134247378,0.008017303,0.025619882,0.035945268
15.66072011,0.965925826,0.258819045,0,0,0.523598776,0,0,0.964704931,0.262409955,0.017050369,0.013952513,0.531628753,0.025577382,0.035887929,0.002148002,-3.43E-05,-0.00102371,0.158038935,-0.022061391,0.000408054,0.179688528,0.136166736,0.136670083,0.18019186,-0.136670083,-0.18019186,-0.179688528,-0.136166736,0.008029977,0.025577382,0.035887929
15.7070601,0.965925826,0.258819045,0,0,0.523598776,0,0,0.964691579,0.262467176,0.017038669,0.013816887,0.53174364,0.025623965,0.035621472,0.004110484,-0.002205372,-0.003141165,0.158016882,-0.020554726,0.000663861,0.179692224,0.135569468,0.136385575,0.18050833,-0.136385575,-0.18050833,-0.179692224,-0.135569468,0.008144864,0.025623965,0.035621472
15.75397015,0.965925826,0.258819045,0,0,0.523598776,0,0,0.964686096,0.262494624,0.016980005,0.013754684,0.531796131,0.025542461,0.035471223,-0.001485646,-0.00589639,0.001197308,0.157612232,-0.021478417,0.000802417,0.177907705,0.136798277,0.138126001,0.179235429,-0.138126001,-0.179235429,-0.177907705,-0.136798277,0.008197355,0.025542461,0.035471223
15.80395007,0.965925826,0.258819045,0,0,0.523598776,0,0,0.964690387,0.262479663,0.016965628,0.013757397,0.531764456,0.025513844,0.035468492,-0.002270937,0.000762194,0.00429824,0.158884745,-0.022113766,-3.42E-05,0.178288192,0.135331377,0.136936218,0.179893017,-0.136936218,-0.179893017,-0.178288192,-0.135331377,0.00816568,0.025513844,0.035468492
15.85070014,0.965925826,0.258819045,0,0,0.523598776,0,0,0.964678228,0.262523025,0.016993742,0.01374684,0.53185552,0.025572045,0.035464071,0.003962964,0.004703552,-0.000400841,0.157581474,-0.023097482,0.000425824,0.181032673,0.136805177,0.136736736,0.180964246,-0.136736736,-0.180964246,-0.181032673,-0.136805177,0.008256744,0.025572045,0.035464071
15.9103601,0.965925826,0.258819045,0,0,0.523598776,0,0,0.964668274,0.262558401,0.01698634,0.013780661,0.531929238,0.025538681,0.035526392,0.010972471,0.004281849,0.003757328,0.155985088,-0.023010714,-0.000584453,0.180253088,0.134058148,0.134909794,0.181104735,-0.134909794,-0.181104735,-0.180253088,-0.134058148,0.008330462,0.025538681,0.035526392
15.95370007,0.965925826,0.258819045,0,0,0.523598776,0,0,0.964656353,0.262602359,0.016983991,0.013777685,0.532020196,0.025534096,0.035520576,0.005688518,-0.002111495,0.000735372,0.157159491,-0.021440723,0.000157019,0.179580212,0.13355881,0.132389903,0.178411305,-0.132389903,-0.178411305,-0.179580212,-0.13355881,0.00842142,0.025534096,0.035520576
16.00039005,0.965925826,0.258819045,0,0,0.523598776,0,0,0.964654148,0.262609005,0.016986348,0.013793693,0.532034523,0.025529981,0.035552898,0.000534207,-0.00063777,0.00314638,0.158243513,-0.021806027,-4.29E-06,0.178443149,0.13556172,0.135875762,0.178757191,-0.135875762,-0.178757191,-0.178443149,-0.13556172,0.008435747,0.025529981,0.035552898
16.04969001,0.965925826,0.258819045,0,0,0.523598776,0,0,0.964634359,0.262684077,0.016972849,0.013768484,0.532188864,0.025514432,0.035499106,-8.49E-05,0.003600866,0.001244992,0.158400195,-0.0218224,0.000380453,0.180053785,0.136441752,0.136433169,0.180045202,-0.136433169,-0.180045202,-0.180053785,-0.136441752,0.008590088,0.025514432,0.035499106
16.10397005,0.965925826,0.258819045,0,0,0.523598776,0,0,0.964624047,0.262724668,0.016922854,0.013780459,0.532270754,0.025410183,0.035496934,0.000274926,-0.003397465,-0.000458956,0.158303732,-0.021057669,0.000589706,0.1798421,0.136197314,0.136958227,0.180602998,-0.136958227,-0.180602998,-0.1798421,-0.136197314,0.008671978,0.025410183,0.035496934
16.1494801,0.965925826,0.258819045,0,0,0.523598776,0,0,0.964636683,0.262678623,0.016922629,0.01376976,0.53217508,0.025417071,0.035474953,0.007691234,0.002678484,-0.000615418,0.156712412,-0.022540411,0.000262582,0.178771645,0.136656329,0.137835741,0.179951057,-0.137835741,-0.179951057,-0.178771645,-0.136656329,0.008576304,0.025417071,0.035474953
16.20560002,0.965925826,0.258819045,0,0,0.523598776,0,0,0.964629173,0.262705088,0.016913949,0.013800992,0.532230219,0.025382922,0.03553136,0.004995614,0.002885611,0.000984222,0.157268022,-0.022591279,0.000100614,0.1789902,0.133909404,0.134434566,0.179515362,-0.134434566,-0.179515362,-0.1789902,-0.133909404,0.008631443,0.025382922,0.03553136
16.2527101,0.965925826,0.258819045,0,0,0.523598776,0,0,0.964620888,0.262733132,0.016953845,0.013802787,0.532290358,0.025457913,0.035556594,-0.000891089,0.004581362,-0.001190603,0.15856573,-0.023037032,0.000720466,0.179758638,0.134576112,0.134777337,0.179959863,-0.134777337,-0.179959863,-0.179758638,-0.134576112,0.008691582,0.025457913,0.035556594
16.30067015,0.965925826,0.258819045,0,0,0.523598776,0,0,0.964630425,0.262701571,0.016904453,0.013794478,0.532222287,0.025368157,0.035513687,-0.003232062,-0.00820309,0.00185594,0.159039819,-0.019873161,0.000381774,0.180882245,0.134808213,0.13624914,0.182323173,-0.13624914,-0.182323173,-0.180882245,-0.134808213,0.008623511,0.025368157,0.035513687
16.34994006,0.965925826,0.258819045,0,0,0.523598776,0,0,0.96465677,0.262607992,0.016879898,0.013767057,0.532026423,0.025338645,0.035445355,-0.011791289,0.000665337,-0.000227988,0.160954284,-0.021986922,0.001103981,0.178531155,0.138784856,0.139548406,0.179294705,-0.139548406,-0.179294705,-0.178531155,-0.138784856,0.008427647,0.025338645,0.035445355
16.40566015,0.965925826,0.258819045,0,0,0.523598776,0,0,0.964763284,0.262226611,0.016838646,0.013616621,0.531230458,0.025352051,0.035123221,-0.011076033,0.000234693,-0.003759563,0.160001017,-0.02167162,0.001366307,0.181837171,0.137863353,0.140071318,0.184045136,-0.140071318,-0.184045136,-0.181837171,-0.137863353,0.007631682,0.025352051,0.035123221
16.44948006,0.965925826,0.258819045,0,0,0.523598776,0,0,0.964868844,0.261851072,0.016745916,0.01348512,0.530444481,0.02525572,0.03481074,-0.012327732,-0.007481872,-0.005041062,0.161426132,-0.019770169,0.002125862,0.180306286,0.136963069,0.139695689,0.18303889,-0.139695689,-0.18303889,-0.180306286,-0.136963069,0.006845705,0.02525572,0.03481074
16.5007,0.965925826,0.258819045,0,0,0.523598776,0,0,0.964910328,0.261705577,0.016736716,0.013354106,0.530139515,0.02531187,0.034549144,-0.002020598,-0.000655651,-0.002920628,0.15921967,-0.021397169,0.001415405,0.179070398,0.139530078,0.143781796,0.183322117,-0.143781796,-0.183322117,-0.179070398,-0.139530078,0.006540739,0.02531187,0.034549144
16.55414009,0.965925826,0.258819045,0,0,0.523598776,0,0,0.964918852,0.26168099,0.016688781,0.013275332,0.530084464,0.025261519,0.034371238,0.002145022,-0.010092557,-0.00115037,0.158295148,-0.019033105,0.001040784,0.179201379,0.136407077,0.139237881,0.182032198,-0.139237881,-0.182032198,-0.179201379,-0.136407077,0.006485688,0.025261519,0.034371238
16.60512018,0.965925826,0.258819045,0,0,0.523598776,0,0,0.964911163,0.261713326,0.016679026,0.013212236,0.530149551,0.025274607,0.034245137,0.006299466,0.002580136,-0.001339615,0.157379679,-0.022093225,0.00091041,0.176287428,0.138221234,0.140302807,0.178368986,-0.140302807,-0.178368986,-0.176287428,-0.138221234,0.006550775,0.025274607,0.034245137
16.65022016,0.965925826,0.258819045,0,0,0.523598776,0,0,0.964880288,0.261829704,0.016661873,0.013173326,0.530389097,0.025257777,0.034164055,0.003208965,-0.001183152,-5.96E-05,0.157985893,-0.021146822,0.000907122,0.178562447,0.134376019,0.136196837,0.180383265,-0.136196837,-0.180383265,-0.178562447,-0.134376019,0.006790321,0.025257777,0.034164055
16.70600009,0.965925826,0.258819045,0,0,0.523598776,0,0,0.964838386,0.261989087,0.016661283,0.013076584,0.530717195,0.025301745,0.033981143,0.00724867,-0.00371784,0.000543147,0.158257375,-0.021238047,0.001290211,0.178225547,0.135931924,0.13774617,0.180039793,-0.13774617,-0.180039793,-0.178225547,-0.135931924,0.007118419,0.025301745,0.033981143
16.74945021,0.965925826,0.258819045,0,0,0.523598776,0,0,0.964811325,0.262095243,0.016597193,0.013033996,0.530933107,0.025196684,0.033868002,0.002606958,-0.004842878,0.000716001,0.157993461,-0.020147698,0.000974251,0.178205162,0.135729089,0.138309523,0.180785581,-0.138309523,-0.180785581,-0.178205162,-0.135729089,0.007334331,0.025196684,0.033868002
16.80080009,0.965925826,0.258819045,0,0,0.523598776,0,0,0.964796245,0.262156546,0.016556319,0.012964674,0.531056671,0.025152051,0.03371428,0.002948195,0.000468642,-0.000803173,0.157913544,-0.021375462,0.001250632,0.177166864,0.136871487,0.138819993,0.17911537,-0.138819993,-0.17911537,-0.177166864,-0.136871487,0.007457895,0.025152051,0.03371428
16.84920001,0.965925826,0.258819045,0,0,0.523598776,0,0,0.964784324,0.26220268,0.01654439,0.012937351,0.531151082,0.025141766,0.033656458,0.00403151,0.001385063,0.004529208,0.157584232,-0.021588127,0.000388196,0.178038329,0.135287434,0.137788698,0.180539593,-0.137788698,-0.180539593,-0.178038329,-0.135287434,0.007552306,0.025141766,0.033656458
16.90465021,0.965925826,0.258819045,0,0,0.523598776,0,0,0.964771569,0.262250483,0.016550705,0.01291705,0.531249975,0.025162942,0.033621833,0.003752858,0.002724677,0.000555068,0.157680462,-0.021907834,0.001049141,0.178784117,0.135607883,0.136384279,0.179560512,-0.136384279,-0.179560512,-0.178784117,-0.135607883,0.007651199,0.025162942,0.033621833
16.95100021,0.965925826,0.258819045,0,0,0.523598776,0,0,0.964771688,0.262252718,0.016524781,0.012887978,0.531252765,0.025128109,0.033552133,0.00121519,-0.003878772,-0.002390146,0.158269725,-0.020256913,0.001673682,0.178539112,0.13472347,0.136821747,0.180637389,-0.136821747,-0.180637389,-0.178539112,-0.13472347,0.007653989,0.025128109,0.033552133
17.00497007,0.965925826,0.258819045,0,0,0.523598776,0,0,0.964769006,0.262266397,0.016514979,0.012823763,0.5312792,0.025142442,0.033423368,0.001504273,0.002778322,0.001458079,0.159314965,-0.021363595,0.001450772,0.176852912,0.136339113,0.139686465,0.180200279,-0.139686465,-0.180200279,-0.176852912,-0.136339113,0.007680424,0.025142442,0.033423368
17.04945016,0.965925826,0.258819045,0,0,0.523598776,0,0,0.964760542,0.262300014,0.016517716,0.012774825,0.531347873,0.025172259,0.03333121,0.001996011,0.005242974,-0.00128001,0.158061292,-0.022439456,0.001558956,0.17922774,0.136500582,0.139402121,0.182129279,-0.139402121,-0.182129279,-0.17922774,-0.136500582,0.007749097,0.025172259,0.03333121
17.10075998,0.965925826,0.258819045,0,0,0.523598776,0,0,0.964762866,0.262293339,0.016500097,0.012749474,0.531332691,0.025151809,0.03327283,0.000772625,-0.002269448,0.003383309,0.158261722,-0.020591185,0.000925424,0.178941742,0.134062856,0.137180775,0.182059661,-0.137180775,-0.182059661,-0.178941742,-0.134062856,0.007733915,0.025151809,0.03327283
17.14946008,0.965925826,0.258819045,0,0,0.523598776,0,0,0.96475637,0.262321383,0.016463358,0.012720191,0.531388353,0.025095332,0.033197694,0.004085153,-0.000751018,0.003004819,0.157535773,-0.020916342,0.000851644,0.177927434,0.136745095,0.138595939,0.179778278,-0.138595939,-0.179778278,-0.177927434,-0.136745095,0.007789577,0.025095332,0.033197694
17.20479012,0.965925826,0.258819045,0,0,0.523598776,0,0,0.964745164,0.262361109,0.016480744,0.012723743,0.531471638,0.025125647,0.033214737,0.006415695,0.000660867,-0.00012368,0.157057027,-0.021276193,0.001235856,0.177600428,0.135767758,0.13747105,0.179303706,-0.13747105,-0.179303706,-0.177600428,-0.135767758,0.007872862,0.025125647,0.033214737
17.25489998,0.965925826,0.258819045,0,0,0.523598776,0,0,0.964730322,0.262418747,0.016479734,0.012658083,0.531589614,0.025156215,0.03308896,0.000823289,0.003559142,0.002034754,0.157586861,-0.021560016,0.001663097,0.177097321,0.134544954,0.137016669,0.179569036,-0.137016669,-0.179569036,-0.177097321,-0.134544954,0.007990838,0.025156215,0.03308896
17.30480003,0.965925826,0.258819045,0,0,0.523598776,0,0,0.964716911,0.262468636,0.01647277,0.012660242,0.531692709,0.025139931,0.033090758,0.002456457,0.001660735,-0.001583994,0.15821607,-0.021959695,0.001219758,0.177483737,0.134363726,0.137689918,0.18080993,-0.137689918,-0.18080993,-0.177483737,-0.134363726,0.008093933,0.025139931,0.033090758
17.3494401,0.965925826,0.258819045,0,0,0.523598776,0,0,0.964711547,0.262487531,0.01647111,0.012671146,0.5317321,0.025130352,0.033111429,-0.000269711,0.003003329,0.004536659,0.158391046,-0.021822557,0.000867019,0.178955957,0.135036588,0.137476116,0.181395471,-0.137476116,-0.181395471,-0.178955957,-0.135036588,0.008133324,0.025130352,0.033111429
17.40071011,0.965925826,0.258819045,0,0,0.523598776,0,0,0.964707255,0.262503058,0.016462935,0.012693408,0.531764351,0.025102343,0.033150498,-0.001090765,0.001553446,0.002909452,0.158586665,-0.021464121,0.0011408,0.179346532,0.135701448,0.137435481,0.18108058,-0.137435481,-0.18108058,-0.179346532,-0.135701448,0.008165575,0.025102343,0.033150498
17.45495009,0.965925826,0.258819045,0,0,0.523598776,0,0,0.964710176,0.262488484,0.016486285,0.012741514,0.53173634,0.025122614,0.033255274,0.00313744,0.003211945,0.005770475,0.157638227,-0.021915399,0.000443121,0.178909943,0.135981724,0.138263315,0.181191534,-0.138263315,-0.181191534,-0.178909943,-0.135981724,0.008137564,0.025122614,0.033255274
17.50109005,0.965925826,0.258819045,0,0,0.523598776,0,0,0.964703858,0.26250723,0.01650757,0.0128081,0.531777695,0.025128036,0.033395504,0.004837662,0.003979356,0.002314895,0.157313166,-0.022140037,0.000841791,0.179110453,0.135279685,0.136165932,0.179996699,-0.136165932,-0.179996699,-0.179110453,-0.135279685,0.008178919,0.025128036,0.033395504
17.55119014,0.965925826,0.258819045,0,0,0.523598776,0,0,0.964696109,0.262531757,0.016544964,0.012837455,0.531831012,0.025183907,0.033472503,0.004912168,0.001574308,0.002475827,0.157286081,-0.021602502,0.00079935,0.178611368,0.134331316,0.136014894,0.180294946,-0.136014894,-0.180294946,-0.178611368,-0.134331316,0.008232236,0.025183907,0.033472503
17.6047802,0.965925826,0.258819045,0,0,0.523598776,0,0,0.964675009,0.262609094,0.016547946,0.012836944,0.531991463,0.025187246,0.033475107,0.003360957,-0.00115335,0.002015382,0.156905216,-0.022358787,0.00074097,0.178089187,0.134884208,0.136482909,0.179687887,-0.136482909,-0.179687887,-0.178089187,-0.134884208,0.008392687,0.025187246,0.033475107
17.64991999,0.965925826,0.258819045,0,0,0.523598776,0,0,0.964664757,0.262645632,0.016561035,0.01284544,0.532068007,0.025206763,0.033499355,0.004991144,0.002899021,0.001778454,0.157234039,-0.021943142,0.000904855,0.178522989,0.133805439,0.135287374,0.180004925,-0.135287374,-0.180004925,-0.178522989,-0.133805439,0.008469231,0.025206763,0.033499355
17.70017004,0.965925826,0.258819045,0,0,0.523598776,0,0,0.964654863,0.2626867,0.016528264,0.012788638,0.532150308,0.025171987,0.033373517,-0.000242889,-0.001305342,0.000119954,0.1583737,-0.020860649,0.001475566,0.178272277,0.134386018,0.136195734,0.180081993,-0.136195734,-0.180081993,-0.178272277,-0.134386018,0.008551532,0.025171987,0.033373517
17.75501013,0.965925826,0.258819045,0,0,0.523598776,0,0,0.96465838,0.262675881,0.016505208,0.012783528,0.532126607,0.025130564,0.033351219,0.002130121,-0.006027521,0.003505499,0.15781506,-0.019693256,0.000845238,0.177758738,0.136037469,0.138988599,0.180709869,-0.138988599,-0.180709869,-0.177758738,-0.136037469,0.008527831,0.025130564,0.033351219
17.80094004,0.965925826,0.258819045,0,0,0.523598776,0,0,0.964661062,0.262667328,0.016484622,0.012770651,0.532107692,0.025097917,0.033315298,0.002560765,-0.001011789,-0.002446771,0.157808342,-0.020879604,0.001755854,0.176663026,0.137276545,0.138967022,0.178353503,-0.138967022,-0.178353503,-0.176663026,-0.137276545,0.008508916,0.025097917,0.033315298
17.85097003,0.965925826,0.258819045,0,0,0.523598776,0,0,0.964670777,0.262631983,0.016480178,0.012776592,0.532034292,0.025087437,0.033323501,0.001543015,-0.004376471,0.004615635,0.157944122,-0.020068445,0.000691295,0.176932052,0.135172859,0.138684571,0.180443749,-0.138684571,-0.180443749,-0.176932052,-0.135172859,0.008435516,0.025087437,0.033323501
17.90469003,0.965925826,0.258819045,0,0,0.523598776,0,0,0.964659154,0.262675732,0.01645394,0.012785922,0.532123961,0.025030398,0.033328822,0.00102967,0.006039441,0.001244247,0.157445953,-0.020625206,0.001073664,0.177321225,0.137184367,0.138566956,0.178703815,-0.138566956,-0.178703815,-0.177321225,-0.137184367,0.008525185,0.025030398,0.033328822
17.95114017,0.965925826,0.258819045,0,0,0.523598776,0,0,0.964651227,0.262706608,0.016448043,0.012758118,0.532187057,0.025032579,0.033272847,-0.001622737,0.008105488,-0.001043081,0.158680933,-0.023056151,0.001710194,0.176997453,0.13574706,0.137894392,0.179144785,-0.137894392,-0.179144785,-0.176997453,-0.13574706,0.008588281,0.025032579,0.033272847
18.00103998,0.965925826,0.258819045,0,0,0.523598776,0,0,0.964651406,0.262703359,0.016454928,0.012800223,0.532181609,0.025023826,0.033357664,0.002221018,-0.000587106,0.005226583,0.157761892,-0.020973553,0.000526444,0.180026844,0.13391456,0.137334958,0.183447227,-0.137334958,-0.183447227,-0.180026844,-0.13391456,0.008582833,0.025023826,0.033357664
18.05339003,0.965925826,0.258819045,0,0,0.523598776,0,0,0.964639068,0.26274702,0.016456645,0.012836162,0.532272972,0.025006722,0.033429067,0.002574176,0.001939386,0.001233071,0.157726069,-0.021594854,0.001096461,0.178208947,0.136261865,0.137314767,0.179261848,-0.137314767,-0.179261848,-0.178208947,-0.136261865,0.008674196,0.025006722,0.033429067
18.10046005,0.965925826,0.258819045,0,0,0.523598776,0,0,0.964639306,0.262745231,0.016456602,0.012857107,0.532269716,0.024995682,0.033469426,0.005047769,-0.002267957,0.001633912,0.157184396,-0.020579589,0.000908681,0.178224415,0.13503474,0.137227654,0.180417329,-0.137227654,-0.180417329,-0.178224415,-0.13503474,0.00867094,0.024995682,0.033469426
18.1494,0.965925826,0.258819045,0,0,0.523598776,0,0,0.964630008,0.262776017,0.016467422,0.012904855,0.532335169,0.024990367,0.033568092,0.005624443,0.002896041,0.004353375,0.15701203,-0.021867597,0.000393205,0.176855251,0.135696098,0.137513459,0.178672627,-0.137513459,-0.178672627,-0.176855251,-0.135696098,0.008736393,0.024990367,0.033568092
18.20010018,0.965925826,0.258819045,0,0,0.523598776,0,0,0.964622021,0.262804747,0.016489718,0.012893329,0.532395504,0.025038447,0.033558342,0.0031434,0.007558614,0.000726432,0.157590222,-0.023014308,0.001084809,0.178486377,0.134751201,0.135537609,0.179272786,-0.135537609,-0.179272786,-0.178486377,-0.134751201,0.008796728,0.025038447,0.033558342
18.2492702,0.965925826,0.258819045,0,0,0.523598776,0,0,0.964605093,0.262869984,0.01645969,0.012866342,0.532528719,0.024992452,0.03349211,0.001842529,0.001671165,0.001107901,0.157289015,-0.021025762,0.000725329,0.179519668,0.133491084,0.135660708,0.181689292,-0.135660708,-0.181689292,-0.179519668,-0.133491084,0.008929943,0.024992452,0.03349211
18.30540013,0.965925826,0.258819045,0,0,0.523598776,0,0,0.964598358,0.262891948,0.016483912,0.012888242,0.532575927,0.025026892,0.033547727,0.003672391,0.004409999,0.004588813,0.157386079,-0.022247107,0.000471486,0.177589402,0.135537907,0.136988565,0.179040059,-0.136988565,-0.179040059,-0.177589402,-0.135537907,0.008977151,0.025026892,0.033547727
18.35230017,0.965925826,0.258819045,0,0,0.523598776,0,0,0.964591682,0.262916684,0.016475959,0.01289727,0.532627002,0.025005934,0.033561595,0.000732392,0.006877632,0.002316386,0.158046655,-0.022835823,0.000948315,0.179161653,0.134667471,0.135610431,0.180104628,-0.135610431,-0.180104628,-0.179161653,-0.134667471,0.009028226,0.025005934,0.033561595
18.40063,0.965925826,0.258819045,0,0,0.523598776,0,0,0.964604497,0.262867838,0.016477192,0.012930336,0.532526553,0.024992609,0.033624803,0.00276491,-5.07E-05,0.003888459,0.15760394,-0.021164495,0.00058828,0.179934114,0.134262502,0.136159122,0.181830749,-0.136159122,-0.181830749,-0.179934114,-0.134262502,0.008927777,0.024992609,0.033624803
18.44940019,0.965925826,0.258819045,0,0,0.523598776,0,0,0.964608371,0.262853086,0.0165042,0.012907567,0.532496752,0.025057212,0.033594716,0.002571195,0.001557917,-0.001624227,0.157728075,-0.02156806,0.001490062,0.178180113,0.135851145,0.137027711,0.179356664,-0.137027711,-0.179356664,-0.178180113,-0.135851145,0.008897976,0.025057212,0.033594716
18.50033998,0.965925826,0.258819045,0,0,0.523598776,0,0,0.964625597,0.262791306,0.016493147,0.01288934,0.532367757,0.025047631,0.033552103,0.001562387,-0.002166629,0.000294298,0.157943276,-0.020646454,0.001258059,0.17780602,0.13466993,0.137650058,0.180786148,-0.137650058,-0.180786148,-0.17780602,-0.13466993,0.008768981,0.025047631,0.033552103
18.55345011,0.965925826,0.258819045,0,0,0.523598776,0,0,0.964680374,0.262598187,0.016438741,0.012795061,0.531962704,0.024998947,0.033336445,-0.005629658,0.001061708,-0.002862513,0.159197871,-0.021488884,0.001648353,0.177331626,0.136038736,0.138554856,0.179847747,-0.138554856,-0.179847747,-0.177331626,-0.136038736,0.008363928,0.024998947,0.033336445
18.60522008,0.965925826,0.258819045,0,0,0.523598776,0,0,0.9646945,0.262551308,0.016425807,0.012715967,0.531863089,0.025017189,0.033175741,0.002824515,-0.002969801,-0.000308454,0.157764333,-0.02032906,0.001448765,0.179038361,0.13606061,0.139357314,0.182335064,-0.139357314,-0.182335064,-0.179038361,-0.13606061,0.008264313,0.025017189,0.033175741
18.65205002,0.965925826,0.258819045,0,0,0.523598776,0,0,0.964702606,0.262524217,0.016396003,0.012695171,0.531805077,0.024971547,0.0331192,-0.000306964,-0.004425645,0.002345443,0.158415915,-0.019938884,0.001193557,0.176644579,0.135986492,0.138884008,0.179542109,-0.138884008,-0.179542109,-0.176644579,-0.135986492,0.008206301,0.024971547,0.0331192
18.70006013,0.965925826,0.258819045,0,0,0.523598776,0,0,0.964719653,0.262463152,0.016401932,0.012656572,0.531677901,0.025005366,0.033046233,-0.000670552,-0.000840425,-0.001202524,0.158567478,-0.020800072,0.001796973,0.177161202,0.137283444,0.139670566,0.179548308,-0.139670566,-0.179548308,-0.177161202,-0.137283444,0.008079125,0.025005366,0.033046233
18.74968004,0.965925826,0.258819045,0,0,0.523598776,0,0,0.964737475,0.26239866,0.016395299,0.012638928,0.531543542,0.025004048,0.033007013,-0.001062453,-0.000712276,0.002939254,0.158618654,-0.020825774,0.001175742,0.177570522,0.135970414,0.13956435,0.181164473,-0.13956435,-0.181164473,-0.177570522,-0.135970414,0.007944766,0.025004048,0.033007013
18.80012012,0.965925826,0.258819045,0,0,0.523598776,0,0,0.964745998,0.26236856,0.016397085,0.012616466,0.531480692,0.025020323,0.032963809,-2.98E-05,-0.001335144,0.001067668,0.158432054,-0.020667027,0.001446379,0.178268641,0.136617109,0.138968602,0.180620119,-0.138968602,-0.180620119,-0.178268641,-0.136617109,0.007881916,0.025020323,0.032963809
18.85319018,0.965925826,0.258819045,0,0,0.523598776,0,0,0.964764595,0.262302428,0.016384473,0.012587026,0.531342351,0.025013708,0.032898626,0.000128895,-0.001782179,0.003852696,0.159209388,-0.021693839,0.001371093,0.177652657,0.136318624,0.139211386,0.180545419,-0.139211386,-0.180545419,-0.177652657,-0.136318624,0.007743575,0.025013708,0.032898626
18.9030602,0.965925826,0.258819045,0,0,0.523598776,0,0,0.964770973,0.262276918,0.016405404,0.012596834,0.53129072,0.025049816,0.032927914,-0.000706315,0.001428276,0.002405793,0.158595476,-0.021344287,0.001275965,0.179532081,0.136144429,0.138886616,0.182274267,-0.138886616,-0.182274267,-0.179532081,-0.136144429,0.007691944,0.025049816,0.032927914
18.94977999,0.965925826,0.258819045,0,0,0.523598776,0,0,0.964779079,0.262249887,0.016357612,0.012602955,0.531232555,0.024955304,0.032913885,0.002919883,-0.000491738,0.001456589,0.157833134,-0.020830601,0.001242741,0.178663746,0.135975197,0.138527125,0.181215674,-0.138527125,-0.181215674,-0.178663746,-0.135975197,0.007633779,0.024955304,0.032913885
19.00100017,0.965925826,0.258819045,0,0,0.523598776,0,0,0.964780807,0.262244642,0.016353473,0.012581782,0.531221038,0.024958615,0.032870701,-0.000470877,-0.002856553,0.000906736,0.158577221,-0.020240061,0.001514392,0.177420944,0.135759771,0.138245255,0.179906428,-0.138245255,-0.179906428,-0.177420944,-0.135759771,0.007622262,0.024958615,0.032870701
19.04966998,0.965925826,0.258819045,0,0,0.523598776,0,0,0.964789629,0.262213796,0.016334755,0.012569699,0.53115597,0.024929892,0.032836731,0.000984222,0.002860278,-0.001882017,0.158313164,-0.021605495,0.001875644,0.177302837,0.136822745,0.139851525,0.180331632,-0.139851525,-0.180331632,-0.177302837,-0.136822745,0.007557194,0.024929892,0.032836731
19.10009003,0.965925826,0.258819045,0,0,0.523598776,0,0,0.964792132,0.262205422,0.016331207,0.01256603,0.531138301,0.024925255,0.032827562,0.000184029,0.004514307,0.002563745,0.158427667,-0.022010278,0.001210834,0.178042963,0.13483201,0.138583288,0.181794256,-0.138583288,-0.181794256,-0.178042963,-0.13483201,0.007539525,0.024925255,0.032827562
19.15212011,0.965925826,0.258819045,0,0,0.523598776,0,0,0.964800417,0.262178689,0.016290415,0.012537185,0.531080353,0.024862593,0.032749734,-0.003018975,-0.003661215,-9.54E-05,0.157827601,-0.01966463,0.001310587,0.179227069,0.135206535,0.137628198,0.181648731,-0.137628198,-0.181648731,-0.179227069,-0.135206535,0.007481577,0.024862593,0.032749734
19.20110011,0.965925826,0.258819045,0,0,0.523598776,0,0,0.964815855,0.262121409,0.01629751,0.01253823,0.53096198,0.024877679,0.032754006,-0.00461787,-0.000399351,0.002262741,0.159502831,-0.020765433,0.001511683,0.176181599,0.136852369,0.139473543,0.178802773,-0.139473543,-0.178802773,-0.176181599,-0.136852369,0.007363204,0.024877679,0.032754006
19.24975014,0.965925826,0.258819045,0,0,0.523598776,0,0,0.964832127,0.262061298,0.016304202,0.012532039,0.530837578,0.024895883,0.032744023,-0.001683831,0.008284301,3.95E-05,0.158923929,-0.022883747,0.001703931,0.178756535,0.137225688,0.140249059,0.181779906,-0.140249059,-0.181779906,-0.178756535,-0.137225688,0.007238802,0.024895883,0.032744023
19.30019999,0.965925826,0.258819045,0,0,0.523598776,0,0,0.964856684,0.261974037,0.016274145,0.012504343,0.530654693,0.024855367,0.032672507,-0.007225573,0.002329052,-0.002457201,0.160190853,-0.021384512,0.002389236,0.180103689,0.134336233,0.137744099,0.183511555,-0.137744099,-0.183511555,-0.180103689,-0.134336233,0.007055917,0.024855367,0.032672507
19.34961009,0.965925826,0.258819045,0,0,0.523598776,0,0,0.964870036,0.261927396,0.016266633,0.012467317,0.530556807,0.024861866,0.032595873,-0.000341237,0.001565367,-0.001578033,0.158704822,-0.021187774,0.001965903,0.179186076,0.136417076,0.141195551,0.18396455,-0.141195551,-0.18396455,-0.179186076,-0.136417076,0.006958031,0.024861866,0.032595873
19.40024018,0.965925826,0.258819045,0,0,0.523598776,0,0,0.964894295,0.2618424,0.016225357,0.012422819,0.530377771,0.024808411,0.032486094,-0.003981591,-0.002579391,-0.003014505,0.159544973,-0.020116337,0.002404926,0.177926645,0.135551125,0.13948293,0.18185845,-0.13948293,-0.18185845,-0.177926645,-0.135551125,0.006778995,0.024808411,0.032486094
19.44972014,0.965925826,0.258819045,0,0,0.523598776,0,0,0.964900732,0.261824161,0.016188344,0.01235278,0.53033671,0.024774313,0.032330964,-0.005415082,-0.000631809,-0.002118945,0.1588116,-0.019670913,0.002146902,0.177256331,0.137023687,0.141833544,0.182066187,-0.141833544,-0.182066187,-0.177256331,-0.137023687,0.006737934,0.024774313,0.032330964
19.50581002,0.965925826,0.258819045,0,0,0.523598776,0,0,0.964891911,0.261863679,0.016157566,0.012250897,0.530414882,0.024767007,0.03211911,0.003205985,-0.003339351,0.000946969,0.157913302,-0.019823044,0.001617983,0.176335558,0.136993766,0.141287565,0.180629373,-0.141287565,-0.180629373,-0.176335558,-0.136993766,0.006816106,0.024767007,0.03211911
19.55022001,0.965925826,0.258819045,0,0,0.523598776,0,0,0.964887261,0.261885196,0.016126283,0.012198568,0.530456872,0.024733358,0.0320022,-0.001232326,-0.002749264,-6.71E-05,0.158879592,-0.019912627,0.002031238,0.176118314,0.136472255,0.139708221,0.17935428,-0.139708221,-0.17935428,-0.176118314,-0.136472255,0.006858096,0.024733358,0.0320022
19.60083008,0.965925826,0.258819045,0,0,0.523598776,0,0,0.964875817,0.26193139,0.016099924,0.012146064,0.530550241,0.024708495,0.03188817,0.002301484,-0.002984703,5.29E-05,0.158090334,-0.019815736,0.001901875,0.176760927,0.136935711,0.140998185,0.180823416,-0.140998185,-0.180823416,-0.176760927,-0.136935711,0.006951465,0.024708495,0.03188817
19.64991021,0.965925826,0.258819045,0,0,0.523598776,0,0,0.964867413,0.261966884,0.016077382,0.012072868,0.530621188,0.024702214,0.031735924,0.001994521,-0.001853704,-0.000178814,0.158142613,-0.020045128,0.002024325,0.176004142,0.1363727,0.140176445,0.179807901,-0.140176445,-0.179807901,-0.176004142,-0.1363727,0.007022412,0.024702214,0.031735924
19.70027018,0.965925826,0.258819045,0,0,0.523598776,0,0,0.964872718,0.261948675,0.016086567,0.012037516,0.530583048,0.024739077,0.031672031,-0.000174344,0.001502782,0.001374632,0.158597159,-0.020862001,0.00190948,0.176163375,0.136073142,0.140121788,0.180212021,-0.140121788,-0.180212021,-0.176163375,-0.136073142,0.006984272,0.024739077,0.031672031
19.7497201,0.965925826,0.258819045,0,0,0.523598776,0,0,0.964860737,0.261995643,0.016064849,0.012002548,0.530678643,0.024713966,0.031594315,-0.002920628,0.001140684,-0.000956655,0.15920459,-0.020734203,0.002440428,0.17754963,0.135825649,0.139644623,0.181368589,-0.139644623,-0.181368589,-0.17754963,-0.135825649,0.007079867,0.024713966,0.031594315
19.80870008,0.965925826,0.258819045,0,0,0.523598776,0,0,0.964859843,0.26200062,0.016039617,0.011997957,0.530687714,0.024667521,0.031572319,1.71E-05,0.004360825,0.0009574,0.158992187,-0.020536579,0.001901212,0.177498311,0.136029929,0.140910789,0.182379171,-0.140910789,-0.182379171,-0.177498311,-0.136029929,0.007088938,0.024667521,0.031572319
19.84973001,0.965925826,0.258819045,0,0,0.523598776,0,0,0.964856148,0.2620143,0.016046772,0.011980968,0.530716057,0.024689793,0.031543633,-0.002716482,0.000805408,-0.000104308,0.159139792,-0.020628987,0.002317615,0.177627504,0.136554375,0.140356794,0.181429937,-0.140356794,-0.181429937,-0.177627504,-0.136554375,0.007117281,0.024689793,0.031543633
19.90039015,0.965925826,0.258819045,0,0,0.523598776,0,0,0.964848816,0.262042016,0.016038725,0.011982015,0.530773119,0.024672809,0.031542133,0.007342547,-0.000315905,-0.000303984,0.156947316,-0.020357002,0.001885991,0.177451119,0.136193171,0.140828401,0.182086349,-0.140828401,-0.182086349,-0.177451119,-0.136193171,0.007174343,0.024672809,0.031542133
19.94995999,0.965925826,0.258819045,0,0,0.523598776,0,0,0.964844584,0.262062848,0.01602128,0.011891539,0.530813497,0.024685933,0.031358828,-0.002412498,0.001411885,-0.000187755,0.15905148,-0.020723591,0.002407329,0.175418288,0.134704307,0.138476282,0.179190263,-0.138476282,-0.179190263,-0.175418288,-0.134704307,0.007214721,0.024685933,0.031358828
20.0002501,0.965925826,0.258819045,0,0,0.523598776,0,0,0.964837253,0.262091011,0.016013199,0.011875998,0.530871164,0.024677581,0.031325299,0.001574308,-0.000421703,0.002711266,0.158134505,-0.020272826,0.001787669,0.177367687,0.135920539,0.140735194,0.182182357,-0.140735194,-0.182182357,-0.177367687,-0.135920539,0.007272388,0.024677581,0.031325299
20.04953003,0.965925826,0.258819045,0,0,0.523598776,0,0,0.964847147,0.262057066,0.016010793,0.01182337,0.530799543,0.024701651,0.031221566,0.003168732,-0.001446903,0.003496557,0.157788156,-0.020007797,0.00164647,0.176619619,0.136073992,0.139649332,0.180194959,-0.139649332,-0.180194959,-0.176619619,-0.136073992,0.007200767,0.024701651,0.031221566
20.10188007,0.965925826,0.258819045,0,0,0.523598776,0,0,0.964851677,0.262043774,0.015982086,0.011790605,0.530769948,0.024663872,0.031142882,-0.002551079,0.000902265,0.001127273,0.157290701,-0.019876777,0.001942763,0.176149443,0.136133865,0.139426813,0.179442376,-0.139426813,-0.179442376,-0.176149443,-0.136133865,0.007171172,0.024663872,0.031142882
20.1499002,0.965925826,0.258819045,0,0,0.523598776,0,0,0.964859724,0.262015134,0.015960835,0.011795653,0.530709748,0.024621139,0.031140728,0.007782132,-0.002804399,0.001957268,0.156821502,-0.019618579,0.001694915,0.175224662,0.135471135,0.139356658,0.179110199,-0.139356658,-0.179110199,-0.175224662,-0.135471135,0.007110972,0.024621139,0.031140728
20.2004602,0.965925826,0.258819045,0,0,0.523598776,0,0,0.964857638,0.262024194,0.015956534,0.011772299,0.530727809,0.024624798,0.031093613,-0.005351007,0.003961474,-0.000719726,0.15970436,-0.021237621,0.002729696,0.174745113,0.135507986,0.138897821,0.178134948,-0.138897821,-0.178134948,-0.174745113,-0.135507986,0.007129033,0.024624798,0.031093613
20.24983001,0.965925826,0.258819045,0,0,0.523598776,0,0,0.964869022,0.261981577,0.015972922,0.011760101,0.530639984,0.024664195,0.031077589,-0.003744662,0.001246482,9.46E-05,0.159361401,-0.020592912,0.002548223,0.17821224,0.135737017,0.141196415,0.183671623,-0.141196415,-0.183671623,-0.17821224,-0.135737017,0.007041208,0.024664195,0.031077589
20.30031013,0.965925826,0.258819045,0,0,0.523598776,0,0,0.964876473,0.261957526,0.015935984,0.011741941,0.530588023,0.024603209,0.031022504,-0.003707409,0.000683218,0.001262873,0.159345476,-0.020413928,0.002372945,0.177406043,0.136220247,0.141316682,0.182502493,-0.141316682,-0.182502493,-0.177406043,-0.136220247,0.006989247,0.024603209,0.031022504
20.34977007,0.965925826,0.258819045,0,0,0.523598776,0,0,0.964895666,0.261888355,0.015911669,0.011735044,0.530443449,0.024562126,0.030994657,-0.001734495,-0.001014769,0.001517684,0.158941801,-0.019975378,0.002242376,0.177386418,0.136558577,0.141304463,0.182132304,-0.141304463,-0.182132304,-0.177386418,-0.136558577,0.006844673,0.024562126,0.030994657
20.40847015,0.965925826,0.258819045,0,0,0.523598776,0,0,0.964915931,0.261815459,0.015893778,0.011717907,0.530291196,0.024538923,0.030950321,0.002702325,0.00018701,0.002536923,0.1584721,-0.021376432,0.002319231,0.176674753,0.136724025,0.141208783,0.181159511,-0.141208783,-0.181159511,-0.176674753,-0.136724025,0.00669242,0.024538923,0.030950321
20.44992018,0.965925826,0.258819045,0,0,0.523598776,0,0,0.964911997,0.261833012,0.015862525,0.011699211,0.530325717,0.024487844,0.030898256,0.005166978,0.002703816,-0.00090152,0.157498195,-0.020821149,0.002315752,0.177529261,0.134776413,0.139414877,0.182167709,-0.139414877,-0.182167709,-0.177529261,-0.134776413,0.006726941,0.024487844,0.030898256
20.50056005,0.965925826,0.258819045,0,0,0.523598776,0,0,0.96493113,0.261762321,0.015873862,0.011682823,0.530179389,0.024520578,0.030870778,-0.004115701,-0.002722442,-0.000359118,0.159531027,-0.019499073,0.002691405,0.176003546,0.134361267,0.138992772,0.18063505,-0.138992772,-0.18063505,-0.176003546,-0.134361267,0.006580613,0.024520578,0.030870778
20.54961014,0.965925826,0.258819045,0,0,0.523598776,0,0,0.964946866,0.261707425,0.015836759,0.011666729,0.530063581,0.024459157,0.030818833,-0.000365078,-0.001110137,-0.00064671,0.158743916,-0.019851189,0.002561753,0.176338643,0.137340531,0.142723337,0.181721464,-0.142723337,-0.181721464,-0.176338643,-0.137340531,0.006464805,0.024459157,0.030818833
20.60009003,0.965925826,0.258819045,0,0,0.523598776,0,0,0.96496135,0.261656553,0.015808843,0.011644766,0.52995644,0.024418411,0.03076049,-0.006860495,0.005250424,0.001210719,0.160142902,-0.021361282,0.002567488,0.176033303,0.136330947,0.141454458,0.181156814,-0.141454458,-0.181156814,-0.176033303,-0.136330947,0.006357664,0.024418411,0.03076049
20.64938998,0.965925826,0.258819045,0,0,0.523598776,0,0,0.96497643,0.261602432,0.015794873,0.011631748,0.52984336,0.024399992,0.030726655,0.005418808,-0.000731647,0.000492483,0.157511536,-0.019896574,0.002134112,0.178936645,0.136214107,0.141349092,0.18407163,-0.141349092,-0.18407163,-0.178936645,-0.136214107,0.006244584,0.024399992,0.030726655
20.70368004,0.965925826,0.258819045,0,0,0.523598776,0,0,0.965005577,0.261495888,0.01577712,0.011623079,0.529621646,0.02437366,0.030697918,0.004517286,-0.003619492,0.003089756,0.159586177,-0.019650708,0.002441401,0.175273955,0.135480821,0.13974905,0.179542169,-0.13974905,-0.179542169,-0.175273955,-0.135480821,0.00602287,0.02437366,0.030697918
20.74980998,0.965925826,0.258819045,0,0,0.523598776,0,0,0.965020657,0.261440605,0.015794015,0.011599863,0.529507276,0.024420176,0.03066055,-0.002411008,0.001905114,-0.00140518,0.159300649,-0.020517423,0.002810132,0.176795438,0.137494043,0.14237684,0.181678236,-0.14237684,-0.181678236,-0.176795438,-0.137494043,0.0059085,0.024420176,0.03066055
20.80007005,0.965925826,0.258819045,0,0,0.523598776,0,0,0.965033054,0.261394709,0.015777417,0.011618867,0.529411882,0.024379653,0.030687384,-7.60E-05,-0.001327693,0.001891702,0.15876694,-0.019726633,0.00216444,0.177007899,0.135973066,0.141593337,0.182628155,-0.141593337,-0.182628155,-0.177007899,-0.135973066,0.005813106,0.024379653,0.030687384
20.84941006,0.965925826,0.258819045,0,0,0.523598776,0,0,0.965049207,0.261337429,0.015775332,0.011576341,0.529292113,0.0243997,0.030602729,-0.005617738,-0.003597141,-0.002364814,0.160047601,-0.019146517,0.003139846,0.176329091,0.136875838,0.14120473,0.180657968,-0.14120473,-0.180657968,-0.176329091,-0.136875838,0.005693337,0.0243997,0.030602729
20.89997005,0.965925826,0.258819045,0,0,0.523598776,0,0,0.965066552,0.26127544,0.015771233,0.011537128,0.529162606,0.024414263,0.030523294,0.002264232,-0.002647937,0.00391081,0.158273808,-0.019379963,0.001819493,0.176054224,0.13776122,0.144040912,0.182333916,-0.144040912,-0.182333916,-0.176054224,-0.13776122,0.00556383,0.024414263,0.030523294
20.94944,0.965925826,0.258819045,0,0,0.523598776,0,0,0.96507144,0.261259317,0.015742004,0.011524301,0.529127675,0.024365067,0.030482807,0.002638251,-0.004707277,-0.000736117,0.158262948,-0.018836585,0.002544798,0.175834239,0.137074336,0.140713319,0.179473221,-0.140713319,-0.179473221,-0.175834239,-0.137074336,0.005528899,0.024365067,0.030482807
21.00021005,0.965925826,0.258819045,0,0,0.523598776,0,0,0.965095103,0.261173159,0.015733132,0.011515169,0.5289485,0.024355436,0.030458349,0.004529207,-0.002624094,0.003442913,0.158809117,-0.019277847,0.002430029,0.174554691,0.136881545,0.141971141,0.179644287,-0.141971141,-0.179644287,-0.174554691,-0.136881545,0.005349724,0.024355436,0.030458349
21.0520401,0.965925826,0.258819045,0,0,0.523598776,0,0,0.965112805,0.261107892,0.015740784,0.011500178,0.528813275,0.024380103,0.03043176,-0.005862117,4.40E-05,0.001918524,0.160105645,-0.019985888,0.002506266,0.175656885,0.137101218,0.141961277,0.180516943,-0.141961277,-0.180516943,-0.175656885,-0.137101218,0.005214499,0.024380103,0.03043176
21.10097003,0.965925826,0.258819045,0,0,0.523598776,0,0,0.965122461,0.261071742,0.015734792,0.011522061,0.528738559,0.024358237,0.030469966,-0.003992022,0.007054955,0.000757724,0.159755078,-0.021688401,0.002571843,0.177585214,0.13761346,0.142626002,0.182597756,-0.142626002,-0.182597756,-0.177585214,-0.13761346,0.005139783,0.024358237,0.030469966
21.14964008,0.965925826,0.258819045,0,0,0.523598776,0,0,0.965137959,0.261015564,0.015717657,0.011523221,0.528621401,0.024326329,0.030461817,-0.000493228,-0.001585484,0.000128895,0.15902736,-0.019569402,0.00252319,0.178871587,0.135494813,0.1406385,0.184015274,-0.1406385,-0.184015274,-0.178871587,-0.135494813,0.005022625,0.024326329,0.030461817
21.20026016,0.965925826,0.258819045,0,0,0.523598776,0,0,0.965154469,0.260953277,0.015717125,0.011549986,0.52849291,0.024313283,0.030511656,0.001130253,-0.003001093,0.002156943,0.15867244,-0.019237221,0.00209983,0.176073521,0.136934742,0.141981125,0.181119904,-0.141981125,-0.181119904,-0.176073521,-0.136934742,0.004894134,0.024313283,0.030511656
21.24987006,0.965925826,0.258819045,0,0,0.523598776,0,0,0.965166569,0.260906786,0.015736498,0.011562184,0.528397707,0.024345779,0.03054418,0.005183369,-0.002191961,0.003539772,0.157791352,-0.019464147,0.001681657,0.175809786,0.13733536,0.141535029,0.18000944,-0.141535029,-0.18000944,-0.175809786,-0.13733536,0.004798931,0.024345779,0.03054418
21.30630016,0.965925826,0.258819045,0,0,0.523598776,0,0,0.965175271,0.260879368,0.015697842,0.011502817,0.528337917,0.024303034,0.030408618,0.000403076,0.002070516,-0.00167191,0.159494173,-0.019436236,0.002388261,0.175573796,0.136645526,0.140008837,0.178937107,-0.140008837,-0.178937107,-0.175573796,-0.136645526,0.004739141,0.024303034,0.030408618
21.35235,0.965925826,0.258819045,0,0,0.523598776,0,0,0.965180874,0.260858715,0.015686741,0.011520268,0.528294988,0.024273139,0.030435989,-0.003705919,0.001385063,0.004454702,0.158911181,-0.020430372,0.002762348,0.176542103,0.137669653,0.142446175,0.181318626,-0.142446175,-0.181318626,-0.176542103,-0.137669653,0.004696212,0.024273139,0.030435989
21.40042019,0.965925826,0.258819045,0,0,0.523598776,0,0,0.965188086,0.260828853,0.01570558,0.011561902,0.528234882,0.024288708,0.030525498,-0.000485778,0.003243238,-0.000113249,0.159105282,-0.020743459,0.002490346,0.176579162,0.135718435,0.14124313,0.182103857,-0.14124313,-0.182103857,-0.176579162,-0.135718435,0.004636106,0.024288708,0.030525498
21.44965005,0.965925826,0.258819045,0,0,0.523598776,0,0,0.965204954,0.260764092,0.015719833,0.011590321,0.528101982,0.024303436,0.030586207,-4.92E-05,0.004736335,0.003474206,0.158987341,-0.021136987,0.001870047,0.177358344,0.135871455,0.140852153,0.182339042,-0.140852153,-0.182339042,-0.177358344,-0.135871455,0.004503206,0.024303436,0.030586207
21.50061011,0.965925826,0.258819045,0,0,0.523598776,0,0,0.965207636,0.26075384,0.015707336,0.011618122,0.528080768,0.024265122,0.030633103,-0.002917648,0.004980714,0.00134334,0.159644617,-0.021185336,0.002304487,0.178254232,0.135980278,0.13972038,0.181994334,-0.13972038,-0.181994334,-0.178254232,-0.135980278,0.004481992,0.024265122,0.030633103
21.54957008,0.965925826,0.258819045,0,0,0.523598776,0,0,0.965226889,0.260682613,0.015717264,0.011598941,0.527933245,0.02429656,0.030599461,-0.005766751,0.002620369,0.002203137,0.160275908,-0.020614118,0.002326612,0.178525418,0.136154771,0.140763745,0.183134392,-0.140763745,-0.183134392,-0.178525418,-0.136154771,0.004334469,0.02429656,0.030599461
21.60091019,0.965925826,0.258819045,0,0,0.523598776,0,0,0.965236962,0.260646611,0.015695043,0.011609729,0.527857842,0.02424917,0.03060777,-0.004503131,-0.002527237,0.00199452,0.160019924,-0.019341765,0.002295523,0.178563371,0.137335151,0.141988382,0.183216587,-0.141988382,-0.183216587,-0.178563371,-0.137335151,0.004259066,0.02424917,0.03060777
21.65245008,0.965925826,0.258819045,0,0,0.523598776,0,0,0.965274155,0.260508537,0.015684262,0.011627748,0.527571712,0.024223337,0.03063347,-0.000452995,0.001294166,0.003088266,0.159682431,-0.020405542,0.002111952,0.177066118,0.138382614,0.142973661,0.181657165,-0.142973661,-0.181657165,-0.177066118,-0.138382614,0.003972936,0.024223337,0.03063347
21.70008016,0.965925826,0.258819045,0,0,0.523598776,0,0,0.965283513,0.26047343,0.015687831,0.011626784,0.527499152,0.024231845,0.030632595,-0.006312133,0.004736334,0.002012402,0.160480924,-0.021105969,0.00232486,0.177975968,0.137164921,0.141388819,0.18219988,-0.141388819,-0.18219988,-0.177975968,-0.137164921,0.003900376,0.024231845,0.030632595
21.74977016,0.965925826,0.258819045,0,0,0.523598776,0,0,0.965288401,0.260455757,0.015682599,0.01163143,0.52746236,0.02421988,0.030638389,-0.003793836,-0.001953542,0.004462152,0.159908017,-0.019479942,0.001833067,0.179261982,0.137050077,0.141699791,0.183911711,-0.141699791,-0.183911711,-0.179261982,-0.137050077,0.003863584,0.02421988,0.030638389
21.80074,0.965925826,0.258819045,0,0,0.523598776,0,0,0.965301573,0.26040709,0.015698927,0.011605143,0.527361693,0.024266653,0.030594924,-0.003938376,0.003036112,0.003201515,0.159975474,-0.020701437,0.002052849,0.177554846,0.138594985,0.142261118,0.181220978,-0.142261118,-0.181220978,-0.177554846,-0.138594985,0.003762917,0.024266653,0.030594924
21.84964013,0.965925826,0.258819045,0,0,0.523598776,0,0,0.965301633,0.260406077,0.015692674,0.011626041,0.527359804,0.024243718,0.030632,-0.003176928,0.000495464,-4.62E-05,0.159857664,-0.020077541,0.002511798,0.178624019,0.137221158,0.14132686,0.182729706,-0.14132686,-0.182729706,-0.178624019,-0.137221158,0.003761028,0.024243718,0.030632
21.90016007,0.965925826,0.258819045,0,0,0.523598776,0,0,0.965307891,0.260382622,0.015708314,0.011612149,0.527311596,0.024281901,0.030612745,-0.002029538,-0.00025779,0.001638383,0.15959367,-0.019910357,0.002212421,0.177423358,0.137268305,0.142291903,0.182446957,-0.142291903,-0.182446957,-0.177423358,-0.137268305,0.00371282,0.024281901,0.030612745
21.96247005,0.965925826,0.258819045,0,0,0.523598776,0,0,0.965311706,0.26037398,0.01567233,0.011538101,0.527290483,0.0242513,0.030450719,-0.003841519,-0.000144541,-0.000566244,0.159523812,-0.018969835,0.001561382,0.177291557,0.137470871,0.141895711,0.181716397,-0.141895711,-0.181716397,-0.177291557,-0.137470871,0.003691707,0.0242513,0.030450719
22.00030017,0.965925826,0.258819045,0,0,0.523598776,0,0,0.965317309,0.260356247,0.01565445,0.011500558,0.5272521,0.024236907,0.030368422,-0.002500415,0.004189462,0.002027303,0.159695565,-0.020903895,0.002264649,0.176932216,0.138992578,0.14211534,0.180054978,-0.14211534,-0.180054978,-0.176932216,-0.138992578,0.003653324,0.024236907,0.030368422
22.04971004,0.965925826,0.258819045,0,0,0.523598776,0,0,0.965315402,0.260363907,0.015630649,0.011516576,0.527267284,0.024182365,0.030387125,9.31E-05,0.001031905,-8.64E-05,0.159160236,-0.020113838,0.002463527,0.178334758,0.136527002,0.141056299,0.182864055,-0.141056299,-0.182864055,-0.178334758,-0.136527002,0.003668508,0.024182365,0.030387125
22.10061002,0.965925826,0.258819045,0,0,0.523598776,0,0,0.965331376,0.26030311,0.015647339,0.011519903,0.5271422,0.024214769,0.030400746,-0.006909669,0.00365153,0.002778321,0.160660973,-0.020768515,0.002327547,0.176810503,0.136582851,0.141509905,0.181737557,-0.141509905,-0.181737557,-0.176810503,-0.136582851,0.003543424,0.024214769,0.030400746
22.14961004,0.965925826,0.258819045,0,0,0.523598776,0,0,0.965333402,0.260296077,0.015629105,0.011541802,0.527127249,0.024168374,0.030433343,0.000769645,-0.002701581,0.001651794,0.159016627,-0.01921451,0.002137117,0.179101899,0.137564883,0.142219976,0.183756992,-0.142219976,-0.183756992,-0.179101899,-0.137564883,0.003528473,0.024168374,0.030433343
22.20095015,0.965925826,0.258819045,0,0,0.523598776,0,0,0.965343058,0.260258973,0.015636075,0.01155805,0.527051064,0.024174535,0.030467438,0.000817329,-0.004118681,0.002902001,0.15900403,-0.01888387,0.001923907,0.176093981,0.137664974,0.141939208,0.180368215,-0.141939208,-0.180368215,-0.176093981,-0.137664974,0.003452288,0.024174535,0.030467438
22.25968003,0.965925826,0.258819045,0,0,0.523598776,0,0,0.965340257,0.260273218,0.015620142,0.011497878,0.527078537,0.024174676,0.030343256,-0.000195205,0.001428276,0.000718981,0.158898976,-0.020801547,0.002051424,0.175963953,0.13819623,0.142044038,0.179811761,-0.142044038,-0.179811761,-0.175963953,-0.13819623,0.003479761,0.024174676,0.030343256
22.30059004,0.965925826,0.258819045,0,0,0.523598776,0,0,0.965331018,0.260307848,0.015607893,0.011499329,0.527149814,0.024149183,0.030340533,0.002845377,-0.000244379,-0.000993908,0.158595895,-0.019775204,0.0024918,0.177649051,0.136045977,0.140148833,0.181751907,-0.140148833,-0.181751907,-0.177649051,-0.136045977,0.003551038,0.024149183,0.030340533
22.34970021,0.965925826,0.258819045,0,0,0.523598776,0,0,0.965340555,0.260273337,0.015623217,0.011467054,0.527078245,0.024196669,0.030285325,0.000334531,-0.000350177,0.002094358,0.159110331,-0.019758882,0.002157716,0.175879255,0.136328861,0.141312465,0.180862859,-0.141312465,-0.180862859,-0.175879255,-0.136328861,0.003479469,0.024196669,0.030285325
22.40037012,0.965925826,0.258819045,0,0,0.523598776,0,0,0.965341449,0.260269672,0.015615813,0.011479164,0.527070624,0.024176182,0.030304762,0.002153963,-0.001293421,0.001489371,0.158725527,-0.019525763,0.002156557,0.176711455,0.13719371,0.141509145,0.181026876,-0.141509145,-0.181026876,-0.176711455,-0.13719371,0.003471848,0.024176182,0.030304762
22.44966006,0.965925826,0.258819045,0,0,0.523598776,0,0,0.965343952,0.260262817,0.015592785,0.011458535,0.527054946,0.024142682,0.030252725,-0.004036725,-0.000530481,-0.000697374,0.160101261,-0.019671688,0.002801474,0.176094681,0.137043178,0.141356304,0.180407807,-0.141356304,-0.180407807,-0.176094681,-0.137043178,0.00345617,0.024142682,0.030252725
22.51047015,0.965925826,0.258819045,0,0,0.523598776,0,0,0.965347469,0.260252416,0.015573277,0.01142444,0.527031809,0.024123108,0.030176429,-0.001524389,-0.001522899,-0.001090765,0.159972253,-0.019919074,0.002495459,0.176971436,0.137628078,0.143231019,0.182574376,-0.143231019,-0.182574376,-0.176971436,-0.137628078,0.003433033,0.024123108,0.030176429
22.56001019,0.965925826,0.258819045,0,0,0.523598776,0,0,0.965355396,0.260223746,0.015572556,0.011410926,0.526972079,0.024129652,0.030149235,0.002474338,-0.002001226,0.002519041,0.159564498,-0.019401241,0.0027802,0.177395821,0.1375577,0.142548621,0.182386741,-0.142548621,-0.182386741,-0.177395821,-0.1375577,0.003373303,0.024129652,0.030149235
22.60146999,0.965925826,0.258819045,0,0,0.523598776,0,0,0.965355456,0.260223955,0.015563282,0.011406927,0.52697206,0.024113824,0.030136679,-2.98E-06,0.002201647,0.001870841,0.159203458,-0.020299043,0.002247484,0.176185489,0.137383029,0.142943427,0.181745887,-0.142943427,-0.181745887,-0.176185489,-0.137383029,0.003373284,0.024113824,0.030136679
22.64980006,0.965925826,0.258819045,0,0,0.523598776,0,0,0.965355635,0.26022318,0.015566022,0.011405723,0.526970549,0.024119766,0.030135763,0.006333738,-0.005070865,0.002460927,0.157816833,-0.018537885,0.001884967,0.177254975,0.13665691,0.141151875,0.18174994,-0.141151875,-0.18174994,-0.177254975,-0.13665691,0.003371773,0.024119766,0.030135763
22.70100999,0.965925826,0.258819045,0,0,0.523598776,0,0,0.965350688,0.260241866,0.015557655,0.01140787,0.52700895,0.02410191,0.03013601,-0.000536442,-0.004321337,-0.000405312,0.15934354,-0.018700883,0.002647427,0.174469709,0.137393951,0.141163886,0.178239644,-0.141163886,-0.178239644,-0.174469709,-0.137393951,0.003410174,0.02410191,0.03013601
22.74979019,0.965925826,0.258819045,0,0,0.523598776,0,0,0.965353727,0.260232687,0.015553712,0.011369563,0.526988908,0.02411454,0.030059731,0.000263005,-0.003264845,0.003886969,0.159111661,-0.018950922,0.001971164,0.175396949,0.137995213,0.143290058,0.180691808,-0.143290058,-0.180691808,-0.175396949,-0.137995213,0.003390132,0.02411454,0.030059731
22.80049014,0.965925826,0.258819045,0,0,0.523598776,0,0,0.965349972,0.260245562,0.015559027,0.011393711,0.527016289,0.024111818,0.030109466,0.002530962,0.00019297,0.00095442,0.158656507,-0.019802373,0.002294834,0.176091373,0.138189554,0.14213188,0.180033699,-0.14213188,-0.180033699,-0.176091373,-0.138189554,0.003417513,0.024111818,0.030109466
22.86124015,0.965925826,0.258819045,0,0,0.523598776,0,0,0.965379357,0.260134995,0.015560016,0.011424599,0.526787968,0.02410109,0.030166884,0.001441687,0.00044331,0.00415966,0.160335296,-0.020597117,0.002459046,0.176164001,0.136559278,0.14114894,0.180753663,-0.14114894,-0.180753663,-0.176164001,-0.136559278,0.003189192,0.02410109,0.030166884
22.90237999,0.965925826,0.258819045,0,0,0.523598776,0,0,0.965385079,0.260113955,0.01556086,0.011421588,0.526744338,0.024104944,0.030160982,0.000130385,0.00353083,0.000140816,0.159242948,-0.020621465,0.002486112,0.178473324,0.137279108,0.142197207,0.183391407,-0.142197207,-0.183391407,-0.178473324,-0.137279108,0.003145562,0.024104944,0.030160982
22.94980001,0.965925826,0.258819045,0,0,0.523598776,0,0,0.965389907,0.260094136,0.015563601,0.011450838,0.526704098,0.024095626,0.03021842,-0.000631809,0.001253933,0.001817197,0.159393918,-0.02008102,0.002231997,0.177378252,0.136135355,0.141107574,0.182350472,-0.141107574,-0.182350472,-0.177378252,-0.136135355,0.003105322,0.024095626,0.03021842
23.00042009,0.965925826,0.258819045,0,0,0.523598776,0,0,0.965395033,0.260074288,0.015571377,0.011466258,0.52666361,0.024103233,0.030251763,-0.000759959,-0.002260506,0.002189726,0.159424773,-0.019238665,0.00217316,0.17724289,0.137080878,0.141544864,0.18170689,-0.141544864,-0.18170689,-0.17724289,-0.137080878,0.003064834,0.024103233,0.030251763
23.04966998,0.965925826,0.258819045,0,0,0.523598776,0,0,0.965402544,0.260041714,0.015597223,0.011531548,0.526598716,0.02412017,0.030390544,-0.002495944,0.005888194,0.001368672,0.159829657,-0.021265779,0.002294709,0.176490232,0.138012931,0.142359242,0.180836558,-0.142359242,-0.180836558,-0.176490232,-0.138012931,0.00299994,0.02412017,0.030390544
23.10562015,0.965925826,0.258819045,0,0,0.523598776,0,0,0.965396047,0.260064095,0.015597754,0.011575258,0.526646013,0.024097731,0.030475809,2.01E-05,0.007911772,0.001873821,0.159270397,-0.021775288,0.002048076,0.178800687,0.136269152,0.140858561,0.183390096,-0.140858561,-0.183390096,-0.178800687,-0.136269152,0.003047237,0.024097731,0.030475809
23.15859008,0.965925826,0.258819045,0,0,0.523598776,0,0,0.965400457,0.260042965,0.015605154,0.01166444,0.526604539,0.024066259,0.030651407,0.003998727,-0.003826619,0.003551692,0.158430894,-0.019675266,0.001265703,0.178997561,0.13544701,0.139543161,0.183093712,-0.139543161,-0.183093712,-0.178997561,-0.13544701,0.003005763,0.024066259,0.030651407
23.20666003,0.965925826,0.258819045,0,0,0.523598776,0,0,0.965399683,0.260042936,0.015635375,0.011690548,0.526606369,0.024111019,0.030717597,-0.000312924,0.000683218,0.002991409,0.158393882,-0.018958551,0.001538354,0.17684041,0.1374899,0.140021309,0.179371819,-0.140021309,-0.179371819,-0.17684041,-0.1374899,0.003007593,0.024111019,0.030717597
23.24970007,0.965925826,0.258819045,0,0,0.523598776,0,0,0.965398848,0.260043889,0.015631378,0.011739824,0.526609254,0.024077617,0.03081072,0.003253669,0.003678352,0.004252047,0.158550393,-0.020836029,0.001367768,0.175814033,0.137896955,0.140973657,0.178890735,-0.140973657,-0.178890735,-0.175814033,-0.137896955,0.003010478,0.024077617,0.03081072
23.30044007,0.965925826,0.258819045,0,0,0.523598776,0,0,0.96540308,0.260029167,0.015625531,0.011731009,0.526578273,0.024071386,0.030790274,-0.00127852,0.000478327,0.003364682,0.159552076,-0.020042511,0.001732575,0.1780186,0.136346579,0.139082104,0.18075414,-0.139082104,-0.18075414,-0.1780186,-0.136346579,0.002979497,0.024071386,0.030790274
23.3496902,0.965925826,0.258819045,0,0,0.523598776,0,0,0.965402424,0.26003015,0.015636221,0.011751335,0.526581208,0.024081413,0.030835134,0.002596528,-0.001855195,0.002322346,0.158725538,-0.019493323,0.001704989,0.177861959,0.137776971,0.141242117,0.181327119,-0.141242117,-0.181327119,-0.177861959,-0.137776971,0.002982432,0.024081413,0.030835134
23.42968011,0.965925826,0.258819045,0,0,0.523598776,0,0,0.965400994,0.260035098,0.015623298,0.011781547,0.526591501,0.024040574,0.030886874,0.003357977,-0.001172722,0.00096187,0.158802046,-0.021272057,0.001616917,0.178457141,0.135913044,0.139146879,0.181690976,-0.139146879,-0.181690976,-0.178457141,-0.135913044,0.002992725,0.024040574,0.030886874
23.44948006,0.965925826,0.258819045,0,0,0.523598776,0,0,0.965400994,0.260035098,0.015623298,0.011781547,0.526591501,0.024040574,0.030886874,0.003357977,-0.001172722,0.00096187,0.158578561,-0.01965333,0.001847136,0.178457141,0.135913044,0.139146879,0.181690976,-0.139146879,-0.181690976,-0.178457141,-0.135913044,0.002992725,0.024040574,0.030886874
23.50112009,0.965925826,0.258819045,0,0,0.523598776,0,0,0.965399861,0.260037839,0.015636541,0.011785829,0.526597929,0.024063829,0.030902125,0.000166148,-0.000555813,0.002028793,0.159637762,-0.020200883,0.001670502,0.176384702,0.137078077,0.140772343,0.180078983,-0.140772343,-0.180078983,-0.176384702,-0.137078077,0.002999153,0.024063829,0.030902125
23.55089021,0.965925826,0.258819045,0,0,0.523598776,0,0,0.965391397,0.260074109,0.015595918,0.011730539,0.526670076,0.02401302,0.030775042,0.002215058,-0.002750755,-0.000976026,0.158836086,-0.019220931,0.002259517,0.178168088,0.137766346,0.141107365,0.181509107,-0.141107365,-0.181509107,-0.178168088,-0.137766346,0.0030713,0.02401302,0.030775042
23.62344003,0.965925826,0.258819045,0,0,0.523598776,0,0,0.96538502,0.260100722,0.015566851,0.011704751,0.526723358,0.023969477,0.030710731,0.000856072,0.000265986,0.00276491,0.159067808,-0.019922813,0.001747362,0.177243218,0.137397617,0.140892327,0.180737942,-0.140892327,-0.180737942,-0.177243218,-0.137397617,0.003124582,0.023969477,0.030710731
23.64988017,0.965925826,0.258819045,0,0,0.523598776,0,0,0.965380251,0.260119617,0.015575405,0.01167628,0.526762206,0.024000218,0.030660664,-0.001324713,0.004134328,-4.47E-05,0.159572144,-0.020857931,0.002313494,0.177243218,0.137397617,0.140892327,0.180737942,-0.140892327,-0.180737942,-0.177243218,-0.137397617,0.00316343,0.024000218,0.030660664
23.69982004,0.965925826,0.258819045,0,0,0.523598776,0,0,0.965372264,0.260151118,0.015556082,0.01165139,0.52682613,0.023974874,0.030603294,0.000970811,0.001870841,-0.001718104,0.159083225,-0.020278512,0.002500884,0.17811653,0.1364007,0.141027689,0.18274352,-0.141027689,-0.18274352,-0.17811653,-0.1364007,0.003227354,0.023974874,0.030603294
23.75014019,0.965925826,0.258819045,0,0,0.523598776,0,0,0.965343714,0.260261565,0.015535609,0.011583685,0.527052535,0.023967121,0.030464576,-0.001943112,-0.003448129,-0.003266335,0.159690377,-0.018936618,0.002969162,0.176860809,0.136303812,0.141305581,0.181862578,-0.141305581,-0.181862578,-0.176860809,-0.136303812,0.003453759,0.023967121,0.030464576
23.80343008,0.965925826,0.258819045,0,0,0.523598776,0,0,0.965312779,0.260379106,0.015510028,0.011549346,0.527294207,0.023931925,0.030387815,0.007020682,-0.002744794,-0.001014769,0.158911824,-0.018742334,0.002050726,0.175657779,0.13778457,0.143722892,0.181596115,-0.143722892,-0.181596115,-0.175657779,-0.13778457,0.003695431,0.023931925,0.030387815
23.85134006,0.965925826,0.258819045,0,0,0.523598776,0,0,0.965310156,0.260391176,0.015510942,0.011495632,0.527318098,0.02396131,0.030284847,0.005168468,-0.004450977,-0.002619624,0.157654225,-0.019072151,0.002260389,0.17560339,0.138118744,0.142220199,0.179704845,-0.142220199,-0.179704845,-0.17560339,-0.138118744,0.003719322,0.02396131,0.030284847
23.90387011,0.965925826,0.258819045,0,0,0.523598776,0,0,0.96528101,0.260501146,0.015503539,0.011470367,0.527545005,0.023956742,0.030234909,0.005457551,0.00135079,-0.00089854,0.157948993,-0.020048975,0.002370974,0.174465939,0.136321664,0.140842438,0.178986713,-0.140842438,-0.178986713,-0.174465939,-0.136321664,0.003946229,0.023956742,0.030234909
23.96063018,0.965925826,0.258819045,0,0,0.523598776,0,0,0.965281129,0.260499448,0.015527475,0.011459721,0.527542349,0.02400856,0.030226813,8.42E-05,0.000775606,0.001468509,0.1590843,-0.019929874,0.002264735,0.176749393,0.136889666,0.141419142,0.18127887,-0.141419142,-0.18127887,-0.176749393,-0.136889666,0.003943573,0.02400856,0.030226813
24.0006001,0.965925826,0.258819045,0,0,0.523598776,0,0,0.965261042,0.260573506,0.015526831,0.011469519,0.52769596,0.023999887,0.03024724,0.006947667,0.005298108,-0.000780821,0.157594506,-0.021035614,0.002284786,0.176749393,0.136889666,0.141419142,0.18127887,-0.141419142,-0.18127887,-0.176749393,-0.136889666,0.004097184,0.023999887,0.03024724
24.04986,0.965925826,0.258819045,0,0,0.523598776,0,0,0.96525377,0.260603309,0.015498153,0.0114455,0.527755918,0.023956119,0.030186605,0.004080683,-0.003896654,-0.000396371,0.158199818,-0.018758072,0.002401977,0.176345289,0.13427408,0.138843656,0.180914864,-0.138843656,-0.180914864,-0.176345289,-0.13427408,0.004157142,0.023956119,0.030186605
24.10520005,0.965925826,0.258819045,0,0,0.523598776,0,0,0.965253949,0.260605752,0.015466608,0.011408743,0.527758868,0.023914323,0.030099194,-0.001497567,-0.000336766,0.000252575,0.158639765,-0.020259562,0.001936892,0.174555868,0.137039751,0.141843706,0.179359823,-0.141843706,-0.179359823,-0.174555868,-0.137039751,0.004160092,0.023914323,0.030099194
24.15091014,0.965925826,0.258819045,0,0,0.523598776,0,0,0.965255737,0.260597646,0.015482383,0.011432629,0.527743204,0.023932566,0.030153364,-0.000748038,0.002024323,0.003948063,0.159190219,-0.02018252,0.001934221,0.176962391,0.136443287,0.140317068,0.180836171,-0.140317068,-0.180836171,-0.176962391,-0.136443287,0.004144428,0.023932566,0.030153364
24.20054007,0.965925826,0.258819045,0,0,0.523598776,0,0,0.965248704,0.260621816,0.015497725,0.011447558,0.527794314,0.02395364,0.030190817,-0.004555285,0.000635535,-0.000374019,0.160067023,-0.019853631,0.002784949,0.177438468,0.137073457,0.140941903,0.181306913,-0.140941903,-0.181306913,-0.177438468,-0.137073457,0.004195538,0.02395364,0.030190817
24.25264001,0.965925826,0.258819045,0,0,0.523598776,0,0,0.965262175,0.260570586,0.015516246,0.011462133,0.527689242,0.023983394,0.03022737,-0.001093745,0.001760572,0.00160262,0.159310212,-0.020157884,0.002295066,0.177172989,0.136857241,0.141447365,0.181763113,-0.141447365,-0.181763113,-0.177172989,-0.136857241,0.004090466,0.023983394,0.03022737
24.30070019,0.965925826,0.258819045,0,0,0.523598776,0,0,0.965262055,0.260567546,0.015548429,0.011490526,0.52768501,0.024030811,0.030298949,0.002203137,-0.000400841,-0.000841916,0.158630929,-0.019672402,0.002510673,0.175792605,0.136447832,0.141469181,0.180813953,-0.141469181,-0.180813953,-0.175792605,-0.136447832,0.004086234,0.024030811,0.030298949
24.34992003,0.965925826,0.258819045,0,0,0.523598776,0,0,0.965264261,0.260558784,0.01555171,0.011505073,0.52766728,0.024029831,0.030328538,0.001720339,0.002459437,0.004927069,0.158659828,-0.020386236,0.001601733,0.175792605,0.136447832,0.141469181,0.180813953,-0.141469181,-0.180813953,-0.175792605,-0.136447832,0.004068504,0.024029831,0.030328538
24.41188002,0.965925826,0.258819045,0,0,0.523598776,0,0,0.965266943,0.26054886,0.015544483,0.011515196,0.527646615,0.02401091,0.030344067,0.000127405,0.001584739,-1.49E-05,0.158168054,-0.020369677,0.002230071,0.177444279,0.136671841,0.139875308,0.180647746,-0.139875308,-0.180647746,-0.177444279,-0.136671841,0.004047839,0.02401091,0.030344067
24.46750021,0.965925826,0.258819045,0,0,0.523598776,0,0,0.965261877,0.260566145,0.015555473,0.011535864,0.527683342,0.024020803,0.030390155,-0.000819564,0.002450495,0.000677258,0.15907913,-0.02015858,0.002442365,0.176795304,0.136478156,0.141362891,0.181680024,-0.141362891,-0.181680024,-0.176795304,-0.136478156,0.004084566,0.024020803,0.030390155
24.50098014,0.965925826,0.258819045,0,0,0.523598776,0,0,0.965270042,0.260533929,0.015578419,0.01153858,0.527617733,0.024064701,0.030406592,-0.002858043,0.001237542,0.003840774,0.159679145,-0.020120434,0.001957357,0.176795304,0.136478156,0.141362891,0.181680024,-0.141362891,-0.181680024,-0.176795304,-0.136478156,0.004018957,0.024064701,0.030406592
24.55901003,0.965925826,0.258819045,0,0,0.523598776,0,0,0.96527344,0.260522038,0.015567497,0.011539365,0.527592621,0.024043581,0.030402105,0.001431257,-0.002266467,-0.00166595,0.158830365,-0.019250438,0.00263065,0.175450101,0.136949256,0.142210558,0.180711403,-0.142210558,-0.180711403,-0.175450101,-0.136949256,0.003993845,0.024043581,0.030402105
24.60356998,0.965925826,0.258819045,0,0,0.523598776,0,0,0.965283096,0.260487556,0.015576405,0.011493784,0.52752062,0.024085636,0.030317869,-0.002269447,0.00045374,-0.003799796,0.159675243,-0.019901056,0.003178759,0.175450101,0.136949256,0.142210558,0.180711403,-0.142210558,-0.180711403,-0.175450101,-0.136949256,0.003921844,0.024085636,0.030317869
24.66006017,0.965925826,0.258819045,0,0,0.523598776,0,0,0.965286791,0.26048097,0.015524041,0.011404917,0.527502754,0.024031089,0.030118714,0.00109002,-0.002069771,7.45E-07,0.159349997,-0.019602714,0.002796362,0.176156297,0.136950895,0.142543614,0.181749031,-0.142543614,-0.181749031,-0.176156297,-0.136950895,0.003903978,0.024031089,0.030118714
24.71987009,0.965925826,0.258819045,0,0,0.523598776,0,0,0.965288877,0.260476679,0.015496714,0.011366813,0.527491829,0.023998334,0.030030738,0.000626594,-0.000499189,-0.002354383,0.158890673,-0.01921553,0.002513451,0.175592706,0.137161672,0.142188564,0.180619612,-0.142188564,-0.180619612,-0.175592706,-0.137161672,0.003893053,0.023998334,0.030030738
24.75004005,0.965925826,0.258819045,0,0,0.523598776,0,0,0.965292215,0.260468811,0.015479682,0.011282245,0.527472996,0.024009795,0.029858316,-0.000819564,-0.003993511,-0.002679229,0.159024259,-0.019553466,0.002934824,0.175642848,0.136535943,0.142405599,0.181512505,-0.142405599,-0.181512505,-0.175642848,-0.136535943,0.00387422,0.024009795,0.029858316
24.80983019,0.965925826,0.258819045,0,0,0.523598776,0,0,0.965295911,0.26045835,0.015456055,0.011247183,0.527449501,0.023982784,0.029777996,0.00634864,-0.002002716,-0.000137091,0.157749678,-0.019118574,0.002443012,0.175642848,0.136535943,0.142405599,0.181512505,-0.142405599,-0.181512505,-0.175642848,-0.136535943,0.003850725,0.023982784,0.029777996
24.85518003,0.965925826,0.258819045,0,0,0.523598776,0,0,0.965301394,0.260438412,0.015470275,0.011216344,0.527408163,0.024026931,0.029725366,-0.001548231,-0.003002584,8.27E-05,0.15946938,-0.018873797,0.002810315,0.1744252,0.136188075,0.141074091,0.179311216,-0.141074091,-0.179311216,-0.1744252,-0.136188075,0.003809387,0.024026931,0.029725366
24.90015006,0.965925826,0.258819045,0,0,0.523598776,0,0,0.965309501,0.260407656,0.015494582,0.011192287,0.527345022,0.024087351,0.029690834,-0.001959503,-0.004310906,0.00121221,0.159553349,-0.018575011,0.002684722,0.175532818,0.137785241,0.14340587,0.181153446,-0.14340587,-0.181153446,-0.175532818,-0.137785241,0.003746246,0.024087351,0.029690834
24.97132015,0.965925826,0.258819045,0,0,0.523598776,0,0,0.965343416,0.260284811,0.015471376,0.011161462,0.527088828,0.024062386,0.029616117,-0.001733005,0.000982731,0.00391975,0.158512463,-0.018255739,0.002369936,0.174398214,0.137886763,0.142626643,0.179138094,-0.142626643,-0.179138094,-0.174398214,-0.137886763,0.003490052,0.024062386,0.029616117
24.99992013,0.965925826,0.258819045,0,0,0.523598776,0,0,0.965343416,0.260284811,0.015471376,0.011161462,0.527088828,0.024062386,0.029616117,-0.001733005,0.000982731,0.00391975,0.159513581,-0.019835382,0.002251993,0.174398214,0.137886763,0.142626643,0.179138094,-0.142626643,-0.179138094,-0.174398214,-0.137886763,0.003490052,0.024062386,0.029616117
25.05771017,0.965925826,0.258819045,0,0,0.523598776,0,0,0.965386868,0.260124713,0.015473877,0.011129704,0.526756606,0.024088663,0.029552091,-0.003297627,-0.000600517,0.004210324,0.159888692,-0.019252267,0.003056156,0.177096918,0.137426183,0.141930163,0.181600913,-0.141930163,-0.181600913,-0.177096918,-0.137426183,0.00315783,0.024088663,0.029552091
25.10747004,0.965925826,0.258819045,0,0,0.523598776,0,0,0.965394199,0.260096729,0.015494155,0.011125696,0.526699388,0.024130759,0.029554224,-0.003367663,0.002694875,-0.002448261,0.160029963,-0.020252183,0.003356062,0.176084757,0.137580246,0.143692553,0.182197064,-0.143692553,-0.182197064,-0.176084757,-0.137580246,0.003100612,0.024130759,0.029554224
25.15584016,0.965925826,0.258819045,0,0,0.523598776,0,0,0.965420067,0.260003626,0.015481604,0.011069919,0.526504805,0.024138408,0.029437616,-0.006425381,-0.000339746,0.001246482,0.16067328,-0.019487406,0.002975519,0.176926032,0.136421695,0.143133819,0.183638155,-0.143133819,-0.183638155,-0.176926032,-0.136421695,0.002906029,0.024138408,0.029437616
25.20406008,0.965925826,0.258819045,0,0,0.523598776,0,0,0.965446949,0.259904712,0.015459443,0.011079414,0.526299159,0.024093692,0.029441934,-0.001312792,-0.000911951,0.003518909,0.159573481,-0.01933667,0.002359123,0.177185118,0.138210326,0.144161373,0.183136165,-0.144161373,-0.183136165,-0.177185118,-0.138210326,0.002700383,0.024093692,0.029441934
25.25178003,0.965925826,0.258819045,0,0,0.523598776,0,0,0.965462565,0.259849578,0.015437067,0.011052108,0.526183347,0.024066366,0.029376148,-0.000396371,-0.003327429,-0.000560284,0.159452018,-0.018710667,0.002985223,0.176550984,0.137877658,0.142595917,0.181269228,-0.142595917,-0.181269228,-0.176550984,-0.137877658,0.002584571,0.024066366,0.029376148
25.31287003,0.965925826,0.258819045,0,0,0.523598776,0,0,0.965493679,0.259733796,0.015429998,0.011055221,0.525943346,0.024054622,0.029375597,-0.003710389,0.004883856,0.000747293,0.159907777,-0.019383713,0.003183226,0.17517741,0.137756109,0.143726557,0.181147859,-0.143726557,-0.181147859,-0.17517741,-0.137756109,0.00234457,0.024054622,0.029375597
25.36017013,0.965925826,0.258819045,0,0,0.523598776,0,0,0.965514839,0.259655505,0.015426757,0.01105077,0.525780947,0.024053058,0.029363362,-0.00448078,0.004795939,0.002058596,0.16019879,-0.02070244,0.002897345,0.176108211,0.137340814,0.14370726,0.182474673,-0.14370726,-0.182474673,-0.176108211,-0.137340814,0.002182171,0.024053058,0.029363362
25.40351009,0.965925826,0.258819045,0,0,0.523598776,0,0,0.965533435,0.259586573,0.015427563,0.011046852,0.525638104,0.024058747,0.029354495,0.000812858,-0.000198185,0.000151247,0.159282713,-0.019463254,0.002793832,0.178003833,0.136598974,0.142393678,0.183798522,-0.142393678,-0.183798522,-0.178003833,-0.136598974,0.002039328,0.024058747,0.029354495
25.45062017,0.965925826,0.258819045,0,0,0.523598776,0,0,0.965540767,0.25955984,0.015429484,0.011035587,0.525582549,0.024069121,0.029333064,0.001752377,-0.005082787,0.003233552,0.159045069,-0.018279157,0.002289474,0.175034702,0.138476416,0.143055364,0.17961365,-0.143055364,-0.17961365,-0.175034702,-0.138476416,0.001983773,0.024069121,0.029333064
25.49995017,0.965925826,0.258819045,0,0,0.523598776,0,0,0.965548635,0.259530783,0.015421737,0.011033833,0.52552204,0.024055956,0.029324923,-0.000572205,-0.001543761,-0.003273786,0.159652653,-0.019118217,0.003409192,0.175034702,0.138476416,0.143055364,0.17961365,-0.143055364,-0.17961365,-0.175034702,-0.138476416,0.001923264,0.024055956,0.029324923
25.54963017,0.965925826,0.258819045,0,0,0.523598776,0,0,0.9655599,0.259486884,0.015439717,0.011056499,0.52543237,0.024080238,0.029376973,-0.005331635,0.003428013,0.001052767,0.160642685,-0.020357405,0.002912701,0.175361633,0.137125224,0.143943608,0.182180017,-0.143943608,-0.182180017,-0.175361633,-0.137125224,0.001833594,0.024080238,0.029376973
25.60720015,0.965925826,0.258819045,0,0,0.523598776,0,0,0.965575397,0.259428352,0.015450417,0.011062481,0.525311725,0.024099575,0.029392638,-0.004506112,0.004260988,0.00018701,0.159661578,-0.020145211,0.00307246,0.178087339,0.137372553,0.143197954,0.183912739,-0.143197954,-0.183912739,-0.178087339,-0.137372553,0.001712949,0.024099575,0.029392638
25.65475011,0.965925826,0.258819045,0,0,0.523598776,0,0,0.965585947,0.25939098,0.015401205,0.011086946,0.525232734,0.023992968,0.029413371,0.00134334,-0.001902878,0.003492087,0.160499527,-0.020572265,0.003000385,0.176734284,0.136443883,0.142588809,0.18287921,-0.142588809,-0.18287921,-0.176734284,-0.136443883,0.001633958,0.023992968,0.029413371
25.70080018,0.965925826,0.258819045,0,0,0.523598776,0,0,0.965600967,0.259332567,0.015442851,0.011088119,0.525113564,0.024074568,0.029435843,-0.001603365,0.001054257,0.003371388,0.159864138,-0.019799847,0.002337514,0.178071365,0.13692686,0.142927617,0.184072122,-0.142927617,-0.184072122,-0.178071365,-0.13692686,0.001514788,0.024074568,0.029435843
25.74977016,0.965925826,0.258819045,0,0,0.523598776,0,0,0.965593457,0.259359926,0.015428578,0.011114145,0.525170221,0.024032658,0.029479386,0.002149492,0.001465529,0.005296617,0.15901298,-0.019899822,0.001830782,0.177326426,0.137726754,0.142401785,0.182001457,-0.142401785,-0.182001457,-0.177326426,-0.137726754,0.001571445,0.024032658,0.029479386
25.80118012,0.965925826,0.258819045,0,0,0.523598776,0,0,0.965606213,0.259314358,0.015417594,0.011096204,0.525074917,0.024022146,0.029437873,-0.006820261,0.004918129,-0.001162291,0.161066416,-0.020703426,0.003267011,0.177081972,0.137282357,0.140943915,0.18074353,-0.140943915,-0.18074353,-0.177081972,-0.137282357,0.001476141,0.024022146,0.029437873
25.85156012,0.965925826,0.258819045,0,0,0.523598776,0,0,0.965614796,0.259280533,0.015417353,0.011131358,0.525005659,0.024004467,0.029504829,0.003672391,0.003559143,0.00148043,0.158766924,-0.020397425,0.002329118,0.178502783,0.137095958,0.143629983,0.185036808,-0.143629983,-0.185036808,-0.178502783,-0.137095958,0.001406883,0.024004467,0.029504829
25.90511012,0.965925826,0.258819045,0,0,0.523598776,0,0,0.965640128,0.259186327,0.015431764,0.011119396,0.524810849,0.024041381,0.029486862,-0.000846386,0.003609807,0.00391975,0.159684759,-0.019778283,0.002792901,0.176835179,0.13604036,0.140698597,0.181493416,-0.140698597,-0.181493416,-0.176835179,-0.13604036,0.001212073,0.024041381,0.029486862
25.95874,0.965925826,0.258819045,0,0,0.523598776,0,0,0.965646446,0.259160817,0.015418539,0.011180163,0.524758775,0.023985091,0.029596761,-0.003021955,0.000799447,-0.000277162,0.159751486,-0.020421395,0.00216303,0.176670089,0.137113556,0.142699361,0.182255894,-0.142699361,-0.182255894,-0.176670089,-0.137113556,0.001159999,0.023985091,0.029596761
26.00289011,0.965925826,0.258819045,0,0,0.523598776,0,0,0.965652049,0.259139061,0.015437322,0.011177354,0.524714452,0.024023491,0.029600552,0.005390495,-0.00422746,0.002085418,0.158441336,-0.018538982,0.002122545,0.178009808,0.137167037,0.141493097,0.182335868,-0.141493097,-0.182335868,-0.178009808,-0.137167037,0.001115676,0.024023491,0.029600552
26.05121017,0.965925826,0.258819045,0,0,0.523598776,0,0,0.965658367,0.259115189,0.015431965,0.011191739,0.524665096,0.024006415,0.029624969,0.00351742,0.002511591,-0.002844632,0.158928284,-0.02016761,0.002947641,0.174857721,0.137779787,0.142024875,0.179102823,-0.142024875,-0.179102823,-0.174857721,-0.137779787,0.00106632,0.024006415,0.029624969
26.10223007,0.965925826,0.258819045,0,0,0.523598776,0,0,0.965676785,0.259046763,0.015436041,0.01117498,0.52452324,0.024025079,0.029593007,-0.000327826,-0.000527501,0.006017834,0.159666683,-0.019439525,0.001752388,0.176148206,0.135813013,0.1417083,0.182043493,-0.1417083,-0.182043493,-0.176148206,-0.135813013,0.000924464,0.024025079,0.029593007
26.15103006,0.965925826,0.258819045,0,0,0.523598776,0,0,0.96567893,0.259040177,0.015400711,0.011197917,0.524508529,0.023945148,0.029618806,-0.001697242,-0.003552437,0.002174824,0.160021341,-0.018664961,0.002395356,0.17735377,0.138474748,0.141979516,0.180858552,-0.141979516,-0.180858552,-0.17735377,-0.138474748,0.000909753,0.023945148,0.029618806
26.2060101,0.965925826,0.258819045,0,0,0.523598776,0,0,0.965704978,0.258942217,0.015408763,0.011194402,0.524306006,0.023965527,0.029613772,-4.47E-05,-0.000531971,-0.00128746,0.160200868,-0.018707516,0.00225767,0.1762909,0.138961002,0.143751711,0.181081608,-0.143751711,-0.181081608,-0.1762909,-0.138961002,0.00070723,0.023965527,0.029613772
26.25063014,0.965925826,0.258819045,0,0,0.523598776,0,0,0.965724468,0.258870631,0.015401197,0.011184841,0.524157198,0.023958062,0.029589592,0.000113994,-0.000236928,0.002258271,0.159749327,-0.019402735,0.002854496,0.176650673,0.13923566,0.143750995,0.181166008,-0.143750995,-0.181166008,-0.176650673,-0.13923566,0.000558422,0.023958062,0.029589592
26.30273008,0.965925826,0.258819045,0,0,0.523598776,0,0,0.96572727,0.25886029,0.015406397,0.011182487,0.524135912,0.023969642,0.029587483,-0.001680851,0.003307313,-0.00013262,0.160120493,-0.020331856,0.002744352,0.176297516,0.137492076,0.143201068,0.182006508,-0.143201068,-0.182006508,-0.176297516,-0.137492076,0.000537136,0.023969642,0.029587483
26.34978008,0.965925826,0.258819045,0,0,0.523598776,0,0,0.965737522,0.258822381,0.015405869,0.011171294,0.524057171,0.023975584,0.029564642,-0.002521277,-0.001123548,0.000344962,0.1603101,-0.019249417,0.002729439,0.177707955,0.137044266,0.14253296,0.183196649,-0.14253296,-0.183196649,-0.177707955,-0.137044266,0.000458395,0.023975584,0.029564642
26.40016007,0.965925826,0.258819045,0,0,0.523598776,0,0,0.965751469,0.258770168,0.015401875,0.011169994,0.523948912,0.023970142,0.029558766,-0.003632903,-0.004029274,0.002796203,0.160536801,-0.018540987,0.00239999,0.176830038,0.13833122,0.143790096,0.182288915,-0.143790096,-0.182288915,-0.176830038,-0.13833122,0.000350136,0.023970142,0.029558766
26.44963002,0.965925826,0.258819045,0,0,0.523598776,0,0,0.965766609,0.258713156,0.015407043,0.011188992,0.523831398,0.023972026,0.029596736,0.001437217,0.002331287,0.000206381,0.159495957,-0.020100307,0.00253283,0.176677749,0.139595807,0.144395784,0.181477726,-0.144395784,-0.181477726,-0.176677749,-0.139595807,0.000232622,0.023972026,0.029596736
26.50844002,0.965925826,0.258819045,0,0,0.523598776,0,0,0.965772986,0.258688539,0.01538678,0.011225866,0.5237804,0.023914546,0.02965687,-0.002399087,-0.000749528,-0.000412762,0.159229938,-0.018303384,0.002188324,0.177063391,0.1368628,0.141928449,0.18212904,-0.141928449,-0.18212904,-0.177063391,-0.1368628,0.000181624,0.023914546,0.02965687
26.55925012,0.965925826,0.258819045,0,0,0.523598776,0,0,0.965795279,0.25860402,0.015415289,0.011218343,0.523606441,0.023976105,0.029655024,-0.000733137,0.002669544,0.001550466,0.160349494,-0.019335563,0.002769941,0.175344959,0.1387382,0.14311485,0.179721594,-0.14311485,-0.179721594,-0.175344959,-0.1387382,7.665E-06,0.023976105,0.029655024
26.6050601,0.965925826,0.258819045,0,0,0.523598776,0,0,0.965793669,0.258609056,0.015413975,0.011237115,0.52361725,0.023963696,0.029690744,0.002468378,-0.000911951,0.000523776,0.159993162,-0.020200403,0.002383679,0.176915064,0.138243958,0.143783852,0.182454959,-0.143783852,-0.182454959,-0.176915064,-0.138243958,1.8474E-05,0.023963696,0.029690744
26.65232015,0.965925826,0.258819045,0,0,0.523598776,0,0,0.965799749,0.258585334,0.01542274,0.011256546,0.523568876,0.023971295,0.029732245,0.000595301,0.003711134,-0.000564754,0.159743293,-0.020470467,0.002612269,0.177809834,0.137409061,0.142176419,0.182577193,-0.142176419,-0.182577193,-0.177809834,-0.137409061,2.99E-05,0.023971295,0.029732245
26.70168018,0.965925826,0.258819045,0,0,0.523598776,0,0,0.965806901,0.258557469,0.015423459,0.011278269,0.523511697,0.023962298,0.029773905,0.003609062,0.001402199,-0.001186133,0.159107624,-0.019917294,0.002552885,0.177601442,0.136660531,0.141885072,0.182825983,-0.141885072,-0.182825983,-0.177601442,-0.136660531,8.7079E-05,0.023962298,0.029773905
26.75255013,0.965925826,0.258819045,0,0,0.523598776,0,0,0.965817034,0.258519381,0.015411906,0.011296614,0.523432743,0.023931661,0.029802423,-0.004419684,-0.003905595,0.002486259,0.160816463,-0.018617992,0.002335142,0.176471993,0.136637419,0.141743198,0.181577757,-0.141743198,-0.181577757,-0.176471993,-0.136637419,0.000166033,0.023931661,0.029802423
26.80388021,0.965925826,0.258819045,0,0,0.523598776,0,0,0.965821326,0.258502394,0.015419866,0.011314889,0.523398261,0.023938102,0.029841441,0.001642853,-0.001873076,0.003082305,0.159499524,-0.019133185,0.001936631,0.177099273,0.139863297,0.144533589,0.18176955,-0.144533589,-0.18176955,-0.177099273,-0.139863297,0.000200515,0.023938102,0.029841441
26.8531301,0.965925826,0.258819045,0,0,0.523598776,0,0,0.965841651,0.258425474,0.01542222,0.01134271,0.523239637,0.023930631,0.029894514,0.00339672,2.46E-05,-0.000220537,0.160509872,-0.020106579,0.002278226,0.176696032,0.138429686,0.142302945,0.180569291,-0.142302945,-0.180569291,-0.176696032,-0.138429686,0.000359139,0.023930631,0.029894514
26.90569019,0.965925826,0.258819045,0,0,0.523598776,0,0,0.965859592,0.258356184,0.015431707,0.011369065,0.523097215,0.023937472,0.029948649,-0.003255904,0.004667789,0.003957003,0.159195249,-0.019601416,0.002336351,0.178338185,0.138125047,0.142681494,0.182894632,-0.142681494,-0.182894632,-0.178338185,-0.138125047,0.000501561,0.023937472,0.029948649
26.94938016,0.965925826,0.258819045,0,0,0.523598776,0,0,0.965867221,0.258323848,0.015455088,0.011421791,0.523032425,0.023956374,0.030061855,0.000651926,0.003039092,1.27E-05,0.159833342,-0.020390912,0.002334437,0.177889764,0.137107968,0.141776845,0.182558641,-0.141776845,-0.182558641,-0.177889764,-0.137107968,0.000566351,0.023956374,0.030061855
26.9999001,0.965925826,0.258819045,0,0,0.523598776,0,0,0.965873063,0.258300096,0.015468303,0.011449691,0.522984405,0.023968215,0.030122027,-0.000368059,0.001188368,0.000951439,0.160052532,-0.01996327,0.002210612,0.177889764,0.137107968,0.141776845,0.182558641,-0.141776845,-0.182558641,-0.177889764,-0.137107968,0.000614371,0.023968215,0.030122027
27.06119013,0.965925826,0.258819045,0,0,0.523598776,0,0,0.965880036,0.258272648,0.015479212,0.011471345,0.522928482,0.023978947,0.030168842,0.002404303,0.002080947,0.000116974,0.159472897,-0.020199385,0.002189573,0.177805141,0.137878627,0.142299846,0.182226375,-0.142299846,-0.182226375,-0.177805141,-0.137878627,0.000670294,0.023978947,0.030168842
27.10367012,0.965925826,0.258819045,0,0,0.523598776,0,0,0.965875924,0.258290738,0.015446146,0.011451359,0.522964087,0.023924841,0.030113541,-0.003696979,0.005417318,-0.00396669,0.160848853,-0.020957883,0.003119378,0.177482665,0.137083918,0.141463056,0.181861803,-0.141463056,-0.181861803,-0.177482665,-0.137083918,0.000634689,0.023924841,0.030113541
27.15064001,0.965925826,0.258819045,0,0,0.523598776,0,0,0.965884447,0.25826031,0.01544168,0.011431403,0.522900423,0.023927479,0.030071907,0.005137176,-0.001499057,0.000538677,0.158874053,-0.019280207,0.002040159,0.178687304,0.136771575,0.143010318,0.184926063,-0.143010318,-0.184926063,-0.178687304,-0.136771575,0.000698353,0.023927479,0.030071907
27.20044017,0.965925826,0.258819045,0,0,0.523598776,0,0,0.965882957,0.258267999,0.015421152,0.011396085,0.522914785,0.023905847,0.029993216,0.002331287,0.002954155,-0.000743568,0.159804304,-0.020091275,0.002436779,0.177458748,0.137276232,0.142149791,0.182332307,-0.142149791,-0.182332307,-0.177458748,-0.137276232,0.000683991,0.023905847,0.029993216
27.24968004,0.965925826,0.258819045,0,0,0.523598776,0,0,0.96587491,0.258299321,0.015397,0.011402377,0.522978714,0.023854963,0.029993639,0.004184991,-0.000904501,0.001115352,0.159057099,-0.019369963,0.002014059,0.176412955,0.13767305,0.141701177,0.180441082,-0.141701177,-0.180441082,-0.176412955,-0.13767305,0.000620062,0.023854963,0.029993639
27.30007005,0.965925826,0.258819045,0,0,0.523598776,0,0,0.965874851,0.258300751,0.015390755,0.011383988,0.522981009,0.023852363,0.029954902,0.004776568,-0.001430511,-0.000603497,0.158950359,-0.019227315,0.002277073,0.176412955,0.13767305,0.141701177,0.180441082,-0.141701177,-0.180441082,-0.176412955,-0.13767305,0.000617767,0.023852363,0.029954902
27.34978008,0.965925826,0.258819045,0,0,0.523598776,0,0,0.96587038,0.258317322,0.015398794,0.011376584,0.523015506,0.023871208,0.029945167,-0.000521541,0.00211522,-0.000113249,0.160090564,-0.020092592,0.002444857,0.175900549,0.137445942,0.142000094,0.180454701,-0.142000094,-0.180454701,-0.175900549,-0.137445942,0.00058327,0.023871208,0.029945167
27.40352011,0.965925826,0.258819045,0,0,0.523598776,0,0,0.965873241,0.258307844,0.015384416,0.011369459,0.522995101,0.023847411,0.029923716,0.000340492,0.001750141,0.001572818,0.159882958,-0.01999054,0.002144147,0.177738249,0.137553096,0.142442808,0.182627961,-0.142442808,-0.182627961,-0.177738249,-0.137553096,0.000603675,0.023847411,0.029923716
27.44966006,0.965925826,0.258819045,0,0,0.523598776,0,0,0.965866625,0.258332342,0.015384184,0.011380502,0.523046017,0.023840492,0.029945539,0.001182407,0.003746898,0.002215058,0.159682123,-0.020481633,0.001988734,0.177729309,0.137748241,0.142036542,0.182017595,-0.142036542,-0.182017595,-0.177729309,-0.137748241,0.000552759,0.023840492,0.029945539
27.50257015,0.965925826,0.258819045,0,0,0.523598776,0,0,0.965867817,0.258323401,0.015417289,0.011436961,0.523030153,0.023875523,0.030071575,0.000629574,0.007279962,0.002395362,0.15921119,-0.020254436,0.001670064,0.178174973,0.13721174,0.141189203,0.182152435,-0.141189203,-0.182152435,-0.178174973,-0.13721174,0.000568623,0.023875523,0.030071575
27.54965019,0.965925826,0.258819045,0,0,0.523598776,0,0,0.965859592,0.25835368,0.015420291,0.011447351,0.523093177,0.023875004,0.030093957,0.000392646,4.84E-05,0.000257045,0.159875808,-0.019634566,0.002282352,0.177227974,0.137958869,0.142523572,0.181792676,-0.142523572,-0.181792676,-0.177227974,-0.137958869,0.000505599,0.023875004,0.030093957
27.60018015,0.965925826,0.258819045,0,0,0.523598776,0,0,0.965849876,0.258390695,0.015416472,0.01142355,0.523169222,0.023878789,0.030046902,0.000590831,0.001028925,0.000221282,0.159817567,-0.019862292,0.002303159,0.177227974,0.137958869,0.142523572,0.181792676,-0.142523572,-0.181792676,-0.177227974,-0.137958869,0.000429554,0.023878789,0.030046902
27.64991021,0.965925826,0.258819045,0,0,0.523598776,0,0,0.965834022,0.258452415,0.015410546,0.011391023,0.52329597,0.023882249,0.029982494,0.002478808,0.003922731,0.00160411,0.159362144,-0.020555143,0.002028266,0.177376658,0.137652099,0.142258406,0.181982964,-0.142258406,-0.181982964,-0.177376658,-0.137652099,0.000302806,0.023882249,0.029982494
27.70567012,0.965925826,0.258819045,0,0,0.523598776,0,0,0.965819418,0.258506566,0.015389394,0.011409399,0.52340769,0.023830202,0.030008386,0.000891835,-0.002381206,0.005217642,0.159636131,-0.019009284,0.001528639,0.177888975,0.136778712,0.14083524,0.181945503,-0.14083524,-0.181945503,-0.177888975,-0.136778712,0.000191086,0.023830202,0.030008386
27.75325012,0.965925826,0.258819045,0,0,0.523598776,0,0,0.965802789,0.25856936,0.015396282,0.011393903,0.523537624,0.023849577,0.029983558,0.003860146,-0.000713766,-0.001649559,0.159060375,-0.019407894,0.002490951,0.177116722,0.139098182,0.142155468,0.180174008,-0.142155468,-0.180174008,-0.177116722,-0.139098182,6.1152E-05,0.023849577,0.029983558
27.80005002,0.965925826,0.258819045,0,0,0.523598776,0,0,0.965787828,0.25862667,0.015387947,0.011378518,0.523655566,0.023839661,0.029950919,-0.001047552,0.000236183,0.001803786,0.160675948,-0.019931159,0.002553816,0.175977275,0.137161508,0.142143413,0.18095918,-0.142143413,-0.18095918,-0.175977275,-0.137161508,5.679E-05,0.023839661,0.029950919
27.85071015,0.965925826,0.258819045,0,0,0.523598776,0,0,0.965780377,0.258652896,0.015419227,0.011364694,0.52371098,0.02390643,0.02994108,0.001231581,0.002638251,0.000163168,0.159573696,-0.020239944,0.002359835,0.178053245,0.138190955,0.143298581,0.183160871,-0.143298581,-0.183160871,-0.178053245,-0.138190955,0.000112204,0.02390643,0.02994108
27.89988017,0.965925826,0.258819045,0,0,0.523598776,0,0,0.965767622,0.258699208,0.015422788,0.011395043,0.523807653,0.023896153,0.030002715,0.001298636,0.000856072,0.004928559,0.159476001,-0.019827693,0.001583315,0.177453756,0.136973888,0.141693562,0.182173431,-0.141693562,-0.182173431,-0.177453756,-0.136973888,0.000208877,0.023896153,0.030002715
27.94970012,0.965925826,0.258819045,0,0,0.523598776,0,0,0.965764821,0.258709401,0.015433519,0.011388362,0.52382907,0.023920025,0.029995626,0.002492219,0.001644343,0.00224188,0.159249517,-0.020024938,0.001959536,0.177720338,0.138064966,0.141231596,0.180886969,-0.141231596,-0.180886969,-0.177720338,-0.138064966,0.000230294,0.023920025,0.029995626
28.00567007,0.965925826,0.258819045,0,0,0.523598776,0,0,0.965749502,0.258765578,0.015424822,0.011428368,0.523945844,0.023880756,0.030069804,0.006944687,-0.001044571,0.002979487,0.158249024,-0.019378704,0.001605921,0.177314878,0.137265027,0.141184092,0.181233943,-0.141184092,-0.181233943,-0.177314878,-0.137265027,0.000347068,0.023880756,0.030069804
28.05305004,0.965925826,0.258819045,0,0,0.523598776,0,0,0.965745628,0.258777767,0.015452695,0.011436492,0.523972508,0.023930006,0.03010027,0.003403426,5.51E-05,0.003123283,0.15901445,-0.019674892,0.001741363,0.176021755,0.137264371,0.140476212,0.179233596,-0.140476212,-0.179233596,-0.176021755,-0.137264371,0.000373732,0.023930006,0.03010027
28.10025001,0.965925826,0.258819045,0,0,0.523598776,0,0,0.965754509,0.258741409,0.015451291,0.011515804,0.523898826,0.023887343,0.030251892,0.004845113,0.001911074,0.004094095,0.159806137,-0.020448669,0.001249159,0.176947936,0.137598172,0.141080901,0.180430666,-0.141080901,-0.180430666,-0.176947936,-0.137598172,0.00030005,0.023887343,0.030251892
28.15065002,0.965925826,0.258819045,0,0,0.523598776,0,0,0.965760171,0.258714616,0.015494544,0.011578762,0.523846626,0.023939121,0.030395329,0.004338474,0.003200024,0.002478808,0.15870546,-0.020151999,0.001430074,0.179005593,0.138108283,0.140606597,0.181503922,-0.140606597,-0.181503922,-0.179005593,-0.138108283,0.00024785,0.023939121,0.030395329
28.19967008,0.965925826,0.258819045,0,0,0.523598776,0,0,0.965757489,0.258721769,0.015507181,0.01161624,0.523862856,0.023943895,0.030474487,-0.003534555,0.007974357,0.000762194,0.160586684,-0.021702367,0.002229491,0.177427337,0.137123361,0.139983505,0.18028748,-0.139983505,-0.18028748,-0.177427337,-0.137123361,0.00026408,0.023943895,0.030474487
28.24956012,0.965925826,0.258819045,0,0,0.523598776,0,0,0.96576798,0.258679003,0.01552924,0.011669872,0.523776403,0.023960076,0.030588504,0.000224262,-0.00013113,0.005001575,0.159729851,-0.019779488,0.001355749,0.178153545,0.138594598,0.141306087,0.180865034,-0.141306087,-0.180865034,-0.178153545,-0.138594598,0.000177627,0.023960076,0.030588504
28.30589008,0.965925826,0.258819045,0,0,0.523598776,0,0,0.965770245,0.258668244,0.015529857,0.011728242,0.523755354,0.023931381,0.030701344,0.000748783,0.002904982,-0.000683963,0.159702733,-0.020526716,0.002155297,0.178153545,0.138594598,0.141306087,0.180865034,-0.141306087,-0.180865034,-0.178153545,-0.138594598,0.000156578,0.023931381,0.030701344
28.3527801,0.965925826,0.258819045,0,0,0.523598776,0,0,0.965793252,0.258580178,0.015544241,0.011757873,0.523574263,0.023946625,0.03076388,-0.004424155,0.001824647,0.006211549,0.160764686,-0.020295461,0.001278374,0.178074107,0.137020692,0.141331285,0.1823847,-0.141331285,-0.1823847,-0.178074107,-0.137020692,2.4513E-05,0.023946625,0.03076388
28.39999008,0.965925826,0.258819045,0,0,0.523598776,0,0,0.965809107,0.258518428,0.015561258,0.011792256,0.523447885,0.023963667,0.030837615,-0.006611646,0.007424505,0.001461059,0.16133223,-0.021675724,0.002075828,0.17978172,0.139190823,0.141747579,0.182338476,-0.141747579,-0.182338476,-0.17978172,-0.139190823,0.000150891,0.023963667,0.030837615
28.45156002,0.965925826,0.258819045,0,0,0.523598776,0,0,0.965834558,0.258424163,0.015546267,0.011782631,0.5232519,0.023942699,0.030808911,0.000562519,0.000274927,0.000495464,0.16017915,-0.020092271,0.001373223,0.180932075,0.137580648,0.141732305,0.185083732,-0.141732305,-0.185083732,-0.180932075,-0.137580648,0.000346876,0.023942699,0.030808911
28.50022006,0.965925826,0.258819045,0,0,0.523598776,0,0,0.965848744,0.25837177,0.015523066,0.011805141,0.523142839,0.023887906,0.030839088,-0.001898408,-0.00436455,0.003302842,0.160341274,-0.018777809,0.001565928,0.178898156,0.138713628,0.141460076,0.181644604,-0.141460076,-0.181644604,-0.178898156,-0.138713628,0.000455937,0.023887906,0.030839088
28.54964018,0.965925826,0.258819045,0,0,0.523598776,0,0,0.965854287,0.258351743,0.015522103,0.011789209,0.523101,0.023894926,0.030807306,-8.94E-06,-0.007618964,-0.000542402,0.1599913,-0.017974462,0.002107943,0.177553102,0.139997512,0.143129364,0.180684969,-0.143129364,-0.180684969,-0.177553102,-0.139997512,0.000497776,0.023894926,0.030807306
28.60359001,0.965925826,0.258819045,0,0,0.523598776,0,0,0.965853214,0.258356154,0.015529338,0.011770554,0.523110055,0.023918412,0.030775113,0.000431389,0.003685802,0.00069961,0.159876646,-0.020730988,0.001883408,0.175857767,0.139908865,0.144124761,0.180073664,-0.144124761,-0.180073664,-0.175857767,-0.139908865,0.000488721,0.023918412,0.030775113
28.65001011,0.965925826,0.258819045,0,0,0.523598776,0,0,0.965848327,0.258378685,0.015494565,0.011723912,0.523154162,0.023874647,0.030667516,0.002131611,-0.004661083,-0.001767278,0.159529072,-0.018646049,0.002258748,0.178724185,0.137262225,0.141029045,0.18249099,-0.141029045,-0.18249099,-0.178724185,-0.137262225,0.000444614,0.023874647,0.030667516
28.70025015,0.965925826,0.258819045,0,0,0.523598776,0,0,0.965859175,0.258341432,0.015492547,0.011649586,0.523075373,0.023910375,0.030521916,-0.001642108,-0.003647804,-0.001233816,0.160353436,-0.018865824,0.002422328,0.175916329,0.138624251,0.143141747,0.180433825,-0.143141747,-0.180433825,-0.175916329,-0.138624251,0.000523403,0.023910375,0.030521916
28.75054002,0.965925826,0.258819045,0,0,0.523598776,0,0,0.965866745,0.258315653,0.015473922,0.01161982,0.523020531,0.023890602,0.030454105,-0.003546477,-0.003360213,-0.000405312,0.159858209,-0.01925582,0.001807347,0.176796883,0.139065266,0.143909916,0.181641549,-0.143909916,-0.181641549,-0.176796883,-0.139065266,0.000578245,0.023890602,0.030454105
28.79959011,0.965925826,0.258819045,0,0,0.523598776,0,0,0.965887487,0.258237123,0.015469527,0.011654406,0.52285844,0.023866706,0.030516722,0.002070517,-0.001953542,0.005029887,0.159499961,-0.019270692,0.001242702,0.177306637,0.138795018,0.142409712,0.180921331,-0.142409712,-0.180921331,-0.177306637,-0.138795018,0.000740336,0.023866706,0.030516722
28.84930015,0.965925826,0.258819045,0,0,0.523598776,0,0,0.965897679,0.25820002,0.015448906,0.011657443,0.522780789,0.023826473,0.030510998,-0.000666082,0.000732392,0.002465397,0.160145742,-0.019896709,0.001754315,0.177527905,0.138986543,0.141471952,0.180013314,-0.141471952,-0.180013314,-0.177527905,-0.138986543,0.000817987,0.023826473,0.030510998
28.90312004,0.965925826,0.258819045,0,0,0.523598776,0,0,0.965920925,0.258112192,0.015446702,0.011671339,0.5225992,0.023817808,0.030534551,0.003207475,-0.00205785,0.000371784,0.159366658,-0.019219025,0.001891648,0.176693991,0.138255969,0.142039254,0.180477291,-0.142039254,-0.180477291,-0.176693991,-0.138255969,0.000999576,0.023817808,0.030534551
28.95158005,0.965925826,0.258819045,0,0,0.523598776,0,0,0.965926588,0.25809139,0.015459045,0.011653501,0.522556249,0.023851527,0.030505948,0.003447384,-1.64E-05,-0.002196431,0.159357383,-0.019718946,0.002299934,0.176693991,0.138255969,0.142039254,0.180477291,-0.142039254,-0.180477291,-0.176693991,-0.138255969,0.001042527,0.023851527,0.030505948
28.99985003,0.965925826,0.258819045,0,0,0.523598776,0,0,0.965946496,0.258017868,0.015449134,0.011649424,0.52240348,0.023836806,0.030491124,-0.007717311,-0.002112985,0.002542883,0.16174441,-0.019195466,0.002073446,0.17677635,0.137338474,0.141938344,0.181376219,-0.141938344,-0.181376219,-0.17677635,-0.137338474,0.001195296,0.023836806,0.030491124
29.05088019,0.965925826,0.258819045,0,0,0.523598776,0,0,0.96595782,0.257976174,0.015419954,0.01166944,0.522316327,0.023771411,0.030513685,5.89E-05,0.001064688,0.004260987,0.1594132,-0.019001325,0.002250429,0.178866386,0.140475467,0.144622371,0.183013275,-0.144622371,-0.183013275,-0.178866386,-0.140475467,0.001282449,0.023771411,0.030513685
29.10007,0.965925826,0.258819045,0,0,0.523598776,0,0,0.965961635,0.257962734,0.015404453,0.011663275,0.522287739,0.023745072,0.030493422,-0.00384003,0.001933426,0.000522286,0.160955465,-0.02013789,0.002170392,0.176164046,0.138161421,0.142662287,0.180664912,-0.142662287,-0.180664912,-0.176164046,-0.138161421,0.001311037,0.023745072,0.030493422
29.14950013,0.965925826,0.258819045,0,0,0.523598776,0,0,0.965970278,0.257929176,0.015405712,0.011683621,0.522218782,0.023738058,0.030532573,-0.002636015,0.007037075,0.001942367,0.160688767,-0.021391375,0.001853544,0.178922921,0.138647154,0.142987952,0.183263704,-0.142987952,-0.183263704,-0.178922921,-0.138647154,0.001379994,0.023738058,0.030532573
29.20346022,0.965925826,0.258819045,0,0,0.523598776,0,0,0.965972424,0.257921427,0.015392242,0.011703667,0.522202522,0.023701927,0.030564157,0.002165884,-0.001747906,0.001446158,0.159654789,-0.019248422,0.001708682,0.18022655,0.137443826,0.141150907,0.183933631,-0.141150907,-0.183933631,-0.18022655,-0.137443826,0.001396254,0.023701927,0.030564157
29.24932003,0.965925826,0.258819045,0,0,0.523598776,0,0,0.965975165,0.257909566,0.015418217,0.011706956,0.522179162,0.023750786,0.030583656,-0.001497567,0.008469078,-0.000348687,0.160482607,-0.021756706,0.002134432,0.177194476,0.138697654,0.142115027,0.180611849,-0.142115027,-0.180611849,-0.177194476,-0.138697654,0.001419614,0.023750786,0.030583656
29.29995012,0.965925826,0.258819045,0,0,0.523598776,0,0,0.965969503,0.257930338,0.015402477,0.011737685,0.522222125,0.023703853,0.030635415,-0.002497435,0.002048165,0.004182011,0.160629052,-0.020194104,0.001449842,0.180104837,0.136591449,0.140860304,0.184373692,-0.140860304,-0.184373692,-0.180104837,-0.136591449,0.001376651,0.023703853,0.030635415
29.34928012,0.965925826,0.258819045,0,0,0.523598776,0,0,0.965944111,0.258023888,0.015424373,0.01173787,0.522416796,0.023743092,0.0306494,0.005649775,0.000222772,0.000696629,0.159363963,-0.02074311,0.00209692,0.179373264,0.138985083,0.141884774,0.182272956,-0.141884774,-0.182272956,-0.179373264,-0.138985083,0.00118198,0.023743092,0.0306494
29.40004015,0.965925826,0.258819045,0,0,0.523598776,0,0,0.965938091,0.258047462,0.015426658,0.011718721,0.522465251,0.023756651,0.030614151,-0.001129508,-0.001439452,0.000383705,0.160338124,-0.019358853,0.002027996,0.178010106,0.136523917,0.140717745,0.182203948,-0.140717745,-0.182203948,-0.178010106,-0.136523917,0.001133525,0.023756651,0.030614151
29.44944,0.965925826,0.258819045,0,0,0.523598776,0,0,0.965926647,0.258088529,0.015434483,0.011734185,0.522551032,0.023762479,0.030649103,0.000206381,-0.001353026,0.002058595,0.160008928,-0.019397025,0.001690737,0.177668929,0.138951257,0.143007249,0.181724921,-0.143007249,-0.181724921,-0.177668929,-0.138951257,0.001047744,0.023762479,0.030649103
29.50349998,0.965925826,0.258819045,0,0,0.523598776,0,0,0.965917647,0.258122027,0.015448668,0.011730909,0.522620868,0.02379051,0.030650934,0.003249198,0.003948063,-0.002317131,0.159394636,-0.020695948,0.002234386,0.177715167,0.138921142,0.142302617,0.181096643,-0.142302617,-0.181096643,-0.177715167,-0.138921142,0.000977908,0.02379051,0.030650934
29.54938006,0.965925826,0.258819045,0,0,0.523598776,0,0,0.965915561,0.258129984,0.01543241,0.011745626,0.522636961,0.023751244,0.030671157,0.005916507,-0.000268221,0.004675239,0.158713653,-0.019672394,0.001004076,0.177856147,0.136464283,0.140933052,0.182324916,-0.140933052,-0.182324916,-0.177856147,-0.136464283,0.000961815,0.023751244,0.030671157
29.60000014,0.965925826,0.258819045,0,0,0.523598776,0,0,0.965892494,0.258215606,0.015426947,0.011770184,0.5228145,0.023725276,0.030717892,0.00404045,0.002213568,0.000426918,0.159149524,-0.020268708,0.001730157,0.177381918,0.13803716,0.140045315,0.179390073,-0.140045315,-0.179390073,-0.177381918,-0.13803716,0.000784276,0.023725276,0.030717892
29.64969015,0.965925826,0.258819045,0,0,0.523598776,0,0,0.965877831,0.258271009,0.01541957,0.011756078,0.522928655,0.023716559,0.030688176,0.002708286,0.000641495,0.002054125,0.15942739,-0.018661525,0.001351105,0.177688032,0.13715063,0.140610948,0.181148335,-0.140610948,-0.181148335,-0.177688032,-0.13715063,0.000670121,0.023716559,0.030688176
29.70203018,0.965925826,0.258819045,0,0,0.523598776,0,0,0.965878546,0.258270144,0.015408508,0.011737907,0.522925947,0.023704613,0.030647306,0.002650172,0.00455305,0.004116446,0.159704454,-0.019325002,0.001932945,0.17673777,0.139414743,0.142116949,0.179439977,-0.142116949,-0.179439977,-0.17673777,-0.139414743,0.000672829,0.023704613,0.030647306
29.74938011,0.965925826,0.258819045,0,0,0.523598776,0,0,0.965862989,0.258323997,0.015445078,0.011784212,0.523040049,0.023749601,0.030757057,0.002171844,0.002122671,0.002189726,0.159490457,-0.020271217,0.001535641,0.177096471,0.13844648,0.142312378,0.180962354,-0.142312378,-0.180962354,-0.177096471,-0.13844648,0.000558727,0.023749601,0.030757057
29.80414009,0.965925826,0.258819045,0,0,0.523598776,0,0,0.965860963,0.25832963,0.015441471,0.011833547,0.523052589,0.023716938,0.030850667,0.001580268,0.001821667,0.001742691,0.159625694,-0.020207582,0.001580948,0.178225979,0.13768357,0.140754864,0.181297272,-0.140754864,-0.181297272,-0.178225979,-0.13768357,0.000546187,0.023716938,0.030850667
29.84964013,0.965925826,0.258819045,0,0,0.523598776,0,0,0.965858638,0.258337468,0.015444168,0.01184164,0.523069153,0.023717713,0.0308679,-0.000435114,-0.003260375,0.003246218,0.16003971,-0.018976639,0.001443611,0.17825228,0.137837142,0.140999034,0.181414172,-0.140999034,-0.181414172,-0.17825228,-0.137837142,0.000529623,0.023717713,0.0308679
29.90061998,0.965925826,0.258819045,0,0,0.523598776,0,0,0.965861082,0.25832665,0.015474606,0.011843016,0.523048103,0.023776146,0.030886062,0.00173226,-0.001694262,0.001677126,0.159594709,-0.019389048,0.001591598,0.177572697,0.13961944,0.142506659,0.180459917,-0.142506659,-0.180459917,-0.177572697,-0.13961944,0.000550673,0.023776146,0.030886062
29.95535016,0.965925826,0.258819045,0,0,0.523598776,0,0,0.965843499,0.258390099,0.015501564,0.011862746,0.523181058,0.023815987,0.030939717,0.006555766,0.004828721,-0.001126528,0.159822914,-0.021262987,0.001695312,0.17739211,0.138614044,0.14179723,0.180575311,-0.14179723,-0.180575311,-0.17739211,-0.138614044,0.000417718,0.023815987,0.030939717
30.00198007,0.965925826,0.258819045,0,0,0.523598776,0,0,0.965831041,0.25843665,0.015504322,0.01185831,0.523277478,0.023822118,0.030933723,0.001538545,0.003256649,0.002291054,0.15855896,-0.021010206,0.001784074,0.179390535,0.136864588,0.140255213,0.18278116,-0.140255213,-0.18278116,-0.179390535,-0.136864588,0.000321298,0.023822118,0.030933723
30.04980016,0.965925826,0.258819045,0,0,0.523598776,0,0,0.965817153,0.258490294,0.015490475,0.011836474,0.523387483,0.023804953,0.030885671,0.005923957,-0.003235042,0.001079589,0.158625238,-0.01903135,0.001519615,0.177785039,0.135764658,0.139332801,0.181353197,-0.139332801,-0.181353197,-0.177785039,-0.135764658,0.000211293,0.023804953,0.030885671
30.09958005,0.965925826,0.258819045,0,0,0.523598776,0,0,0.965803921,0.258539081,0.01549183,0.011851346,0.523488862,0.023798312,0.030916314,0.004083664,-0.001390278,0.002480299,0.158989028,-0.019487165,0.001366261,0.177109882,0.138135582,0.140868098,0.179842412,-0.140868098,-0.179842412,-0.177109882,-0.138135582,0.000109914,0.023798312,0.030916314
30.14953017,0.965925826,0.258819045,0,0,0.523598776,0,0,0.965793967,0.258577466,0.015466462,0.011857957,0.523567362,0.023744659,0.030916878,0.004876405,-0.00012815,0.001440197,0.158816184,-0.019768822,0.001479586,0.177109882,0.138135582,0.140868098,0.179842412,-0.140868098,-0.179842412,-0.177109882,-0.138135582,3.1414E-05,0.023744659,0.030916878
30.20012999,0.965925826,0.258819045,0,0,0.523598776,0,0,0.965785742,0.258605778,0.015473654,0.011898004,0.523627177,0.023736912,0.030998693,0.002687424,-0.000196695,0.002557784,0.159268464,-0.019771643,0.001365329,0.177105367,0.137567759,0.140526921,0.180064544,-0.140526921,-0.180064544,-0.177105367,-0.137567759,2.8401E-05,0.023736912,0.030998693
30.24948001,0.965925826,0.258819045,0,0,0.523598776,0,0,0.965775311,0.258644402,0.015487801,0.011887705,0.523707556,0.023768332,0.030987078,0.00493452,0.000602752,-0.000663102,0.15880797,-0.019974105,0.001784049,0.177674726,0.138131469,0.140862122,0.180405393,-0.140862122,-0.180405393,-0.177674726,-0.138131469,0.00010878,0.023768332,0.030987078
30.30082011,0.965925826,0.258819045,0,0,0.523598776,0,0,0.965760589,0.258697927,0.015487744,0.011920725,0.523819081,0.023749401,0.031052169,0.001642853,-0.000366569,-0.001989305,0.160418206,-0.01949186,0.001168299,0.176997975,0.137049794,0.140617892,0.180566072,-0.140617892,-0.180566072,-0.176997975,-0.137049794,0.000220305,0.023749401,0.031052169
30.34958005,0.965925826,0.258819045,0,0,0.523598776,0,0,0.965762794,0.258689225,0.015497741,0.011916921,0.523801431,0.023770962,0.031049793,-5.36E-05,-0.000980496,0.001237541,0.159851326,-0.019606656,0.001693019,0.177764922,0.138551623,0.141937658,0.181150958,-0.141937658,-0.181150958,-0.177764922,-0.138551623,0.000202655,0.023770962,0.031049793
30.39959002,0.965925826,0.258819045,0,0,0.523598776,0,0,0.965755522,0.25871554,0.015502223,0.011927583,0.523856358,0.02377325,0.031073369,0.001256913,-0.002853572,-0.000450015,0.159579915,-0.019156677,0.001894784,0.177764922,0.138551623,0.141937658,0.181150958,-0.141937658,-0.181150958,-0.177764922,-0.138551623,0.000257582,0.02377325,0.031073369
30.44952011,0.965925826,0.258819045,0,0,0.523598776,0,0,0.965749621,0.258739799,0.015482777,0.011905538,0.523905251,0.023746329,0.031021276,-0.001309812,0.000857562,0.002218038,0.160090358,-0.020035779,0.001603731,0.176841766,0.138528436,0.142317995,0.180631325,-0.142317995,-0.180631325,-0.176841766,-0.138528436,0.000306475,0.023746329,0.031021276
30.50003004,0.965925826,0.258819045,0,0,0.523598776,0,0,0.965752721,0.258728117,0.01551169,0.011862366,0.523881473,0.023824915,0.030952573,0.003709644,0.002803653,5.59E-05,0.159031195,-0.020527378,0.001759654,0.178522363,0.138450831,0.141658291,0.181729823,-0.141658291,-0.181729823,-0.178522363,-0.138450831,0.000282697,0.023824915,0.030952573
30.54984021,0.965925826,0.258819045,0,0,0.523598776,0,0,0.965754867,0.25872308,0.0155094,0.011818539,0.52386989,0.02384335,0.030866567,0.002438575,-0.000654161,-0.000378489,0.159313571,-0.019668175,0.001941623,0.177798867,0.136744142,0.140263453,0.181318179,-0.140263453,-0.181318179,-0.177798867,-0.136744142,0.000271114,0.02384335,0.030866567
30.60178018,0.965925826,0.258819045,0,0,0.523598776,0,0,0.965747893,0.258753449,0.015477478,0.011749198,0.523929983,0.023816645,0.030716769,0.001391024,-0.005199016,0.002472848,0.16013359,-0.020211431,0.002303899,0.17704007,0.137703747,0.141586989,0.180923328,-0.141586989,-0.180923328,-0.17704007,-0.137703747,0.000331207,0.023816645,0.030716769
30.65002012,0.965925826,0.258819045,0,0,0.523598776,0,0,0.965746403,0.258761644,0.015456023,0.011723291,0.52394543,0.023788363,0.030655777,0.007862599,-0.00476241,-0.002153218,0.158134891,-0.018585882,0.00207481,0.178041071,0.137618229,0.14222604,0.182648867,-0.14222604,-0.182648867,-0.178041071,-0.137618229,0.000346654,0.023788363,0.030655777
30.70028019,0.965925826,0.258819045,0,0,0.523598776,0,0,0.965746462,0.258763403,0.015460674,0.011678181,0.523948283,0.02382066,0.030571065,-0.000210106,0.002790242,-0.002543628,0.159897624,-0.020407566,0.002535538,0.174645916,0.137474179,0.141623795,0.178795531,-0.141623795,-0.178795531,-0.174645916,-0.137474179,0.000349507,0.02382066,0.030571065
30.74991012,0.965925826,0.258819045,0,0,0.523598776,0,0,0.965751886,0.258744478,0.015453893,0.011652973,0.523908289,0.023821219,0.030518374,-0.000362098,-0.001944602,0.002274662,0.159868895,-0.019249049,0.00182107,0.177769601,0.136954501,0.142025575,0.182840675,-0.142025575,-0.182840675,-0.177769601,-0.136954501,0.000309513,0.023821219,0.030518374
30.80021,0.965925826,0.258819045,0,0,0.523598776,0,0,0.965751946,0.258745611,0.015444683,0.011629474,0.523909763,0.023815568,0.030468219,0.000698119,0.001037866,-0.002527237,0.159704162,-0.019950652,0.002542596,0.177296832,0.138798758,0.142440885,0.180938974,-0.142440885,-0.180938974,-0.177296832,-0.138798758,0.000310987,0.023815568,0.030468219
30.8496902,0.965925826,0.258819045,0,0,0.523598776,0,0,0.965758801,0.258720577,0.015447299,0.011623638,0.523857853,0.023824432,0.030457676,0.00070706,-0.001630187,0.000684708,0.159666675,-0.019308016,0.002049092,0.177112177,0.137210891,0.142296091,0.182197362,-0.142296091,-0.182197362,-0.177112177,-0.137210891,0.000259077,0.023824432,0.030457676
30.90182018,0.965925826,0.258819045,0,0,0.523598776,0,0,0.965800822,0.258559674,0.015455993,0.01169775,0.523526658,0.023807936,0.03060143,-0.000402331,-0.001789629,0.005993992,0.161297673,-0.020434878,0.002400851,0.176925555,0.138309538,0.14240773,0.181023732,-0.14240773,-0.181023732,-0.176925555,-0.138309538,7.2118E-05,0.023807936,0.03060143
30.94959021,0.965925826,0.258819045,0,0,0.523598776,0,0,0.96580869,0.258526474,0.015491216,0.011732173,0.523460222,0.02385921,0.030685396,-0.002099574,0.003100187,-7.00E-05,0.160368923,-0.020533596,0.00216639,0.179331645,0.138461918,0.143263623,0.184133351,-0.143263623,-0.184133351,-0.179331645,-0.138461918,0.000138554,0.02385921,0.030685396
30.99965,0.965925826,0.258819045,0,0,0.523598776,0,0,0.965833306,0.258434117,0.015489018,0.011745816,0.523269168,0.023850839,0.030708339,-0.005710125,-0.000192225,0.00621602,0.161099627,-0.019742221,0.001332321,0.178736076,0.137668908,0.142001688,0.183068857,-0.142001688,-0.183068857,-0.178736076,-0.137668908,0.000329608,0.023850839,0.030708339
31.04952002,0.965925826,0.258819045,0,0,0.523598776,0,0,0.965834916,0.25842756,0.01547759,0.011771161,0.523255639,0.02381586,0.030751234,0.003360957,0.003714114,0.002706796,0.159183395,-0.02069063,0.001424299,0.179509476,0.140025064,0.142689705,0.182174116,-0.142689705,-0.182174116,-0.179509476,-0.140025064,0.000343137,0.02381586,0.030751234
31.1002202,0.965925826,0.258819045,0,0,0.523598776,0,0,0.965846539,0.258381873,0.015507818,0.011783442,0.523162624,0.023869354,0.030789504,0.004085153,0.006059558,0.001511723,0.159060826,-0.021295158,0.001564017,0.178449675,0.13706845,0.139917046,0.181298271,-0.139917046,-0.181298271,-0.178449675,-0.13706845,0.000436152,0.023869354,0.030789504
31.15019011,0.965925826,0.258819045,0,0,0.523598776,0,0,0.965839207,0.25840801,0.015511394,0.011804328,0.52321736,0.023864625,0.030832366,0.000294298,0.004018099,0.00417456,0.159839446,-0.020809612,0.001305108,0.178791925,0.136201635,0.139329657,0.181919947,-0.139329657,-0.181919947,-0.178791925,-0.136201635,0.000381416,0.023864625,0.030832366
31.20020008,0.965925826,0.258819045,0,0,0.523598776,0,0,0.965837955,0.258417308,0.015460126,0.011774692,0.523233685,0.023780623,0.030748751,0.007144362,-0.002194941,0.000613183,0.15949682,-0.019794586,0.002187638,0.179343909,0.137724698,0.140334919,0.181954116,-0.140334919,-0.181954116,-0.179343909,-0.137724698,0.000365091,0.023780623,0.030748751
31.25013018,0.965925826,0.258819045,0,0,0.523598776,0,0,0.965852797,0.258361936,0.015483472,0.011738801,0.523119316,0.02384605,0.030690128,0.005618483,-0.002245605,-0.001731515,0.15877593,-0.019230246,0.00206694,0.177103728,0.137514576,0.141889855,0.181478992,-0.141889855,-0.181478992,-0.177103728,-0.137514576,0.00047946,0.02384605,0.030690128
31.30776,0.965925826,0.258819045,0,0,0.523598776,0,0,0.965853512,0.258359015,0.015480052,0.01174822,0.523113323,0.023834663,0.030706485,-0.00269413,-0.001302361,0.000380725,0.16055762,-0.01945528,0.002103635,0.175939187,0.137478724,0.141612604,0.180073068,-0.141612604,-0.180073068,-0.175939187,-0.137478724,0.000485453,0.023834663,0.030706485
31.35397005,0.965925826,0.258819045,0,0,0.523598776,0,0,0.965848625,0.258380651,0.015454807,0.011707094,0.523156132,0.023806484,0.030614461,-0.000402331,0.006354601,-0.003901124,0.160109876,-0.021274843,0.0026898,0.177909225,0.138998687,0.143205956,0.182116494,-0.143205956,-0.182116494,-0.177909225,-0.138998687,0.000442644,0.023806484,0.030614461
31.40022016,0.965925826,0.258819045,0,0,0.523598776,0,0,0.965847373,0.258385271,0.015453772,0.011705121,0.523165638,0.023805358,0.030610229,0.005465001,-0.004804135,0.001815707,0.158749465,-0.018572797,0.001552832,0.178694874,0.136145204,0.141524807,0.184074476,-0.141524807,-0.184074476,-0.178694874,-0.136145204,0.000433138,0.023805358,0.030610229
31.44984007,0.965925826,0.258819045,0,0,0.523598776,0,0,0.965830803,0.258448482,0.015446186,0.011692406,0.523295879,0.02379528,0.03058328,0.005043298,8.20E-06,9.61E-05,0.158840438,-0.019729052,0.001845797,0.175769389,0.138623819,0.141729474,0.178875044,-0.141729474,-0.178875044,-0.175769389,-0.138623819,0.000302897,0.02379528,0.03058328
31.50014019,0.965925826,0.258819045,0,0,0.523598776,0,0,0.965835452,0.258432209,0.015443295,0.011672335,0.523261628,0.023800595,0.030542595,0.003256649,-0.003553928,0.004542619,0.159173169,-0.018859416,0.001257099,0.176723644,0.137265563,0.140957162,0.180415243,-0.140957162,-0.180415243,-0.176723644,-0.137265563,0.000337148,0.023800595,0.030542595
31.55721998,0.965925826,0.258819045,0,0,0.523598776,0,0,0.965824425,0.258473426,0.01545826,0.011658434,0.523347292,0.023835391,0.030524502,0.003037602,0.002769381,-0.000813603,0.159831463,-0.019832061,0.001942795,0.176775441,0.139056623,0.141570836,0.179289639,-0.141570836,-0.179289639,-0.176775441,-0.139056623,0.000251484,0.023835391,0.030524502
31.60558009,0.965925826,0.258819045,0,0,0.523598776,0,0,0.965822101,0.25848186,0.015448831,0.011675187,0.523364707,0.023808241,0.030552198,0.000990182,-0.002141297,0.004418939,0.159648899,-0.01920763,0.001378718,0.177720681,0.138056576,0.141942173,0.181606278,-0.141942173,-0.181606278,-0.177720681,-0.138056576,0.000234069,0.023808241,0.030552198
31.65093017,0.965925826,0.258819045,0,0,0.523598776,0,0,0.965818048,0.258497268,0.015446436,0.011671478,0.523396432,0.023805047,0.030544168,0.005891175,-0.001817942,0.005494803,0.158560829,-0.019289149,0.00098802,0.177477762,0.139062524,0.141819969,0.180235207,-0.141819969,-0.180235207,-0.177477762,-0.139062524,0.000202344,0.023805047,0.030544168
31.70344019,0.965925826,0.258819045,0,0,0.523598776,0,0,0.965813279,0.258513153,0.015454531,0.011704311,0.523430375,0.023803189,0.030612203,0.003585965,0.000231713,0.003460795,0.15908688,-0.019800545,0.001376218,0.176861912,0.13828364,0.140259683,0.178837955,-0.140259683,-0.178837955,-0.176861912,-0.13828364,0.000168401,0.023803189,0.030612203
31.74981999,0.965925826,0.258819045,0,0,0.523598776,0,0,0.965811431,0.258518815,0.015465849,0.011715515,0.523442845,0.023819075,0.030639861,0.001580268,-0.001731515,0.005126745,0.159498305,-0.019338999,0.001202747,0.177511156,0.137910098,0.140662536,0.180263594,-0.140662536,-0.180263594,-0.177511156,-0.137910098,0.000155931,0.023819075,0.030639861
31.80017018,0.965925826,0.258819045,0,0,0.523598776,0,0,0.965802252,0.258551717,0.015465626,0.01174419,0.523511589,0.023802758,0.03069597,0.005244464,-0.001062453,0.000760704,0.158749569,-0.019505586,0.001691512,0.177634507,0.138956532,0.141362026,0.180040002,-0.141362026,-0.180040002,-0.177634507,-0.138956532,8.7187E-05,0.023802758,0.03069597
31.85741019,0.965925826,0.258819045,0,0,0.523598776,0,0,0.96580857,0.258525819,0.015473369,0.011781026,0.523459113,0.023799472,0.030770529,0.002909452,0.00467822,0.003457814,0.160038598,-0.018636344,0.001716565,0.176563591,0.137552455,0.140935466,0.179946616,-0.140935466,-0.179946616,-0.176563591,-0.137552455,0.000139663,0.023799472,0.030770529
31.9028101,0.965925826,0.258819045,0,0,0.523598776,0,0,0.965786815,0.258606076,0.015486191,0.011798341,0.523626157,0.023812716,0.030812611,0.002896041,0.004851073,-0.00141263,0.159273625,-0.020976598,0.002076226,0.176958337,0.139685661,0.143118799,0.180391461,-0.143118799,-0.180391461,-0.176958337,-0.139685661,2.7381E-05,0.023812716,0.030812611
31.94970012,0.965925826,0.258819045,0,0,0.523598776,0,0,0.965777576,0.258641988,0.01546418,0.01178271,0.523699297,0.023777151,0.030771879,0.004189462,-0.000584126,0.004590303,0.158893253,-0.019638085,0.001100604,0.178173944,0.136220783,0.14037323,0.182326406,-0.14037323,-0.182326406,-0.178173944,-0.136220783,0.000100521,0.023777151,0.030771879
32.00121021,0.965925826,0.258819045,0,0,0.523598776,0,0,0.965763628,0.258695275,0.015446407,0.011785621,0.523808875,0.023739614,0.030769593,0.000522286,0.001616031,-0.003542006,0.159784275,-0.020137819,0.002539386,0.177430689,0.138154536,0.140355751,0.179631889,-0.140355751,-0.179631889,-0.177430689,-0.138154536,0.000210099,0.023739614,0.030769593
32.04924011,0.965925826,0.258819045,0,0,0.523598776,0,0,0.965761542,0.258702427,0.015453287,0.011784234,0.523824,0.023753396,0.030770661,0.005748123,-0.000217557,0.001875311,0.158567627,-0.019712941,0.001455372,0.177382663,0.137107044,0.142185822,0.182461426,-0.142185822,-0.182461426,-0.177382663,-0.137107044,0.000225224,0.023753396,0.030770661
32.10484004,0.965925826,0.258819045,0,0,0.523598776,0,0,0.965737462,0.258788019,0.015458974,0.011872204,0.524003352,0.023716075,0.030945698,0.005363673,-0.003978609,0.001191348,0.159173006,-0.020173283,0.00145967,0.176825151,0.137399286,0.140310034,0.179735899,-0.140310034,-0.179735899,-0.176825151,-0.137399286,0.000404576,0.023716075,0.030945698
32.15371013,0.965925826,0.258819045,0,0,0.523598776,0,0,0.965726495,0.258826852,0.01546653,0.011915502,0.524084972,0.023706988,0.031034233,0.001776218,0.000198185,0.001963973,0.15863146,-0.018828042,0.001504269,0.177886575,0.137540027,0.140459374,0.180805907,-0.140459374,-0.180805907,-0.177886575,-0.137540027,0.000486196,0.023706988,0.031034233
32.2004602,0.965925826,0.258819045,0,0,0.523598776,0,0,0.965725958,0.258825421,0.015486627,0.0119598,0.524083872,0.023722898,0.031130226,0.001529604,-0.000949204,0.006593019,0.159381239,-0.019626815,0.000737972,0.175955191,0.138299122,0.141307667,0.178963721,-0.141307667,-0.178963721,-0.175955191,-0.138299122,0.000485096,0.023722898,0.031130226
32.24968004,0.965925826,0.258819045,0,0,0.523598776,0,0,0.965729833,0.258805305,0.015512706,0.012051504,0.524045308,0.023726401,0.031320464,-0.000680983,0.003423542,0.005521626,0.159889431,-0.020741874,0.000903943,0.178270042,0.139016435,0.140492365,0.179745972,-0.140492365,-0.179745972,-0.178270042,-0.139016435,0.000446532,0.023726401,0.031320464
32.30001998,0.965925826,0.258819045,0,0,0.523598776,0,0,0.965726137,0.258815169,0.015530037,0.012100326,0.524067635,0.023734261,0.031424045,0.00475943,0.00231266,0.00256151,0.158745575,-0.020503653,0.001075289,0.179727316,0.138243586,0.140051484,0.181535199,-0.140051484,-0.181535199,-0.179727316,-0.138243586,0.000468859,0.023734261,0.031424045
32.34949017,0.965925826,0.258819045,0,0,0.523598776,0,0,0.965720177,0.258834183,0.015541783,0.012157492,0.52410873,0.023726704,0.031541068,-0.002664328,0.000242144,0.003590435,0.160340559,-0.020024015,0.001204613,0.178173885,0.137166604,0.139317185,0.180324465,-0.139317185,-0.180324465,-0.178173885,-0.137166604,0.000509954,0.023726704,0.031541068
32.40540004,0.965925826,0.258819045,0,0,0.523598776,0,0,0.965713918,0.258853137,0.015573964,0.012213036,0.524150591,0.023759458,0.031665564,0.003408641,0.001838058,0.001057237,0.15986619,-0.019419332,0.00082837,0.179159909,0.139111906,0.141521141,0.181569144,-0.141521141,-0.181569144,-0.179159909,-0.139111906,0.000551815,0.023759458,0.031665564
32.45448017,0.965925826,0.258819045,0,0,0.523598776,0,0,0.965702057,0.258895308,0.015599918,0.01222486,0.524239334,0.023802073,0.031702924,-0.002858043,0.003203005,0.000853092,0.159051417,-0.020463581,0.001268486,0.178457111,0.139618456,0.141275197,0.180113852,-0.141275197,-0.180113852,-0.178457111,-0.139618456,0.000640558,0.023802073,0.031702924
32.50314021,0.965925826,0.258819045,0,0,0.523598776,0,0,0.965707123,0.258876562,0.015586726,0.012240238,0.524200236,0.02376924,0.031725326,-0.003065169,-0.000628829,0.006849319,0.16036892,-0.019889142,0.000638416,0.178246468,0.137319326,0.139856294,0.180783436,-0.139856294,-0.180783436,-0.178246468,-0.137319326,0.00060146,0.02376924,0.031725326
32.54952002,0.965925826,0.258819045,0,0,0.523598776,0,0,0.965706885,0.258874893,0.015600407,0.012284216,0.524198287,0.023772925,0.031817359,-0.002014637,0.002583116,0.002732128,0.160202338,-0.020691816,0.001185218,0.179619595,0.139841333,0.141118169,0.180896431,-0.141118169,-0.180896431,-0.179619595,-0.139841333,0.000599511,0.023772925,0.031817359
32.60001016,0.965925826,0.258819045,0,0,0.523598776,0,0,0.965708017,0.258868784,0.01561086,0.012301906,0.524186544,0.023784147,0.031856822,-0.004072488,0.00262633,0.001353771,0.160671429,-0.020714055,0.00148088,0.179708883,0.138325274,0.140695721,0.18207933,-0.140695721,-0.18207933,-0.179708883,-0.138325274,0.000587768,0.023784147,0.031856822
32.64979005,0.965925826,0.258819045,0,0,0.523598776,0,0,0.96570313,0.258888751,0.015599018,0.012284034,0.524226951,0.023769879,0.03181663,-0.004747509,0.002161413,0.001142174,0.160812013,-0.020582198,0.001564421,0.17990455,0.138476476,0.141438231,0.18286632,-0.141438231,-0.18286632,-0.17990455,-0.138476476,0.000628175,0.023769879,0.03181663
32.70551014,0.965925826,0.258819045,0,0,0.523598776,0,0,0.965697169,0.258908808,0.015599947,0.012323556,0.524269403,0.023750528,0.031893973,0.005359202,-0.000210106,-0.001019239,0.160083098,-0.020565329,0.001371847,0.179829746,0.138665378,0.14179422,0.182958588,-0.14179422,-0.182958588,-0.179829746,-0.138665378,0.000670627,0.023750528,0.031893973
32.75580001,0.965925826,0.258819045,0,0,0.523598776,0,0,0.965693831,0.258920193,0.015605876,0.01233941,0.524293578,0.023753384,0.031927966,0.002197176,0.000414997,0.001100451,0.158638512,-0.020023133,0.001403726,0.179276526,0.138145894,0.1408896,0.182020232,-0.1408896,-0.182020232,-0.179276526,-0.138145894,0.000694802,0.023753384,0.031927966
32.80294013,0.965925826,0.258819045,0,0,0.523598776,0,0,0.965682387,0.258962512,0.015597713,0.012356354,0.52438121,0.023727435,0.031957505,-0.0020504,0.004651397,0.001595169,0.160195585,-0.021211985,0.001288635,0.177257866,0.137211636,0.140019089,0.180065319,-0.140019089,-0.180065319,-0.177257866,-0.137211636,0.000782434,0.023727435,0.031957505
32.84950018,0.965925826,0.258819045,0,0,0.523598776,0,0,0.965683818,0.258953571,0.015642205,0.012379074,0.524365179,0.023801883,0.032024291,-0.003485382,0.00224039,0.005873293,0.160450823,-0.020684689,0.00067458,0.180118889,0.13769494,0.140272215,0.182696164,-0.140272215,-0.182696164,-0.180118889,-0.13769494,0.000766403,0.023801883,0.032024291
32.89949012,0.965925826,0.258819045,0,0,0.523598776,0,0,0.965673268,0.258993953,0.015607486,0.012399212,0.524447666,0.023723047,0.032046162,-0.000366569,-0.00090152,0.001179427,0.159824884,-0.01988401,0.001250189,0.178458661,0.138690665,0.141191036,0.180959031,-0.141191036,-0.180959031,-0.178458661,-0.138690665,0.00084889,0.023723047,0.032046162
32.94971013,0.965925826,0.258819045,0,0,0.523598776,0,0,0.965667248,0.259017497,0.015600204,0.012392662,0.524495904,0.023711595,0.032030299,-0.004820526,0.001297146,-0.000107288,0.160800437,-0.020403196,0.001660299,0.178458661,0.138690665,0.141191036,0.180959031,-0.141191036,-0.180959031,-0.178458661,-0.138690665,0.000897128,0.023711595,0.032030299
33.00592017,0.965925826,0.258819045,0,0,0.523598776,0,0,0.965669155,0.259007812,0.01562543,0.012411315,0.524477413,0.023750966,0.032079208,0.001906604,0.007038563,0.00378862,0.159290356,-0.021846052,0.000705324,0.179543287,0.138736919,0.142057523,0.182863891,-0.142057523,-0.182863891,-0.179543287,-0.138736919,0.000878637,0.023750966,0.032079208
33.05542016,0.965925826,0.258819045,0,0,0.523598776,0,0,0.96564281,0.259107322,0.015626255,0.012380916,0.524682891,0.023765025,0.032023349,0.006828458,0.003247708,0.001426786,0.158995601,-0.021517119,0.001490493,0.180431038,0.136738956,0.138149604,0.181841686,-0.138149604,-0.181841686,-0.180431038,-0.136738956,0.001084115,0.023765025,0.032023349
33.10194016,0.965925826,0.258819045,0,0,0.523598776,0,0,0.965625286,0.259175032,0.015587278,0.012379854,0.524821319,0.023688053,0.032002702,0.006008893,0.001835078,0.002031773,0.158353732,-0.020530852,0.000843316,0.179022178,0.135987967,0.138968959,0.18200317,-0.138968959,-0.18200317,-0.179022178,-0.135987967,0.001222543,0.023688053,0.032002702
33.14972019,0.965925826,0.258819045,0,0,0.523598776,0,0,0.965613902,0.259216487,0.015616695,0.012366246,0.524908196,0.023750555,0.031992719,0.004599244,0.000270456,-0.00077635,0.158682786,-0.020170183,0.001378657,0.17804122,0.136979535,0.138666168,0.179727852,-0.138666168,-0.179727852,-0.17804122,-0.136979535,0.00130942,0.023750555,0.031992719
33.20021009,0.965925826,0.258819045,0,0,0.523598776,0,0,0.965598345,0.259273827,0.015624066,0.012368672,0.52502734,0.02376163,0.03200265,0.001407415,0.005996972,0.000334531,0.159340659,-0.02157171,0.001338115,0.17747426,0.137133926,0.139891237,0.180231571,-0.139891237,-0.180231571,-0.17747426,-0.137133926,0.001428564,0.02376163,0.03200265
33.24969006,0.965925826,0.258819045,0,0,0.523598776,0,0,0.965584517,0.25932765,0.015613331,0.012332357,0.525137554,0.023757971,0.031928231,0.005844981,-0.002914667,0.000973791,0.158341407,-0.019385502,0.001097717,0.179574206,0.136430815,0.139107049,0.18225044,-0.139107049,-0.18225044,-0.179574206,-0.136430815,0.001538778,0.023757971,0.031928231
33.30360007,0.965925826,0.258819045,0,0,0.523598776,0,0,0.965578198,0.259354323,0.015600192,0.012278252,0.525191077,0.02375981,0.031817526,0.001158565,0.000277907,-0.00333488,0.159409292,-0.020120756,0.002038876,0.176629141,0.137858167,0.1400536,0.178824574,-0.1400536,-0.178824574,-0.176629141,-0.137858167,0.001592301,0.02375981,0.031817526
33.34970021,0.965925826,0.258819045,0,0,0.523598776,0,0,0.965572476,0.259382337,0.015557656,0.012196098,0.525245387,0.023719404,0.031637364,-4.62E-05,0.000429898,0.000602752,0.159601162,-0.020094941,0.00155352,0.177491128,0.137249634,0.141327396,0.181568876,-0.141327396,-0.181568876,-0.177491128,-0.137249634,0.001646611,0.023719404,0.031637364
33.40231013,0.965925826,0.258819045,0,0,0.523598776,0,0,0.96556288,0.259421945,0.015558934,0.012113778,0.525325709,0.023763329,0.031479964,-1.64E-05,-0.001737476,-2.53E-05,0.159121701,-0.020449492,0.001356906,0.178142533,0.137952685,0.141059712,0.181249574,-0.141059712,-0.181249574,-0.178142533,-0.137952685,0.001726933,0.023763329,0.031479964
33.44981003,0.965925826,0.258819045,0,0,0.523598776,0,0,0.965556741,0.259447575,0.01554261,0.012072911,0.525377203,0.023752197,0.031393151,-0.001010299,-0.002250076,-0.003343821,0.159833937,-0.019382022,0.002358795,0.178214237,0.137315273,0.140029088,0.180928051,-0.140029088,-0.180928051,-0.178214237,-0.137315273,0.001778427,0.023752197,0.031393151
33.50040007,0.965925826,0.258819045,0,0,0.523598776,0,0,0.965557277,0.259448975,0.015509689,0.012033895,0.525377853,0.023708845,0.031300681,0.002331287,-0.002135336,0.003468245,0.159009757,-0.01937944,0.00116559,0.176857114,0.138093099,0.142810687,0.181574702,-0.142810687,-0.181574702,-0.176857114,-0.138093099,0.001779077,0.023708845,0.031300681
33.54975009,0.965925826,0.258819045,0,0,0.523598776,0,0,0.965547621,0.259485483,0.015517289,0.01201132,0.525453328,0.023734065,0.031261921,0.000385195,-0.003345311,0.001496822,0.159444735,-0.019080714,0.001597445,0.177223563,0.138464704,0.140795887,0.179554746,-0.140795887,-0.179554746,-0.177223563,-0.138464704,0.001854552,0.023734065,0.031261921
33.60587001,0.965925826,0.258819045,0,0,0.523598776,0,0,0.965551674,0.259473354,0.01551502,0.011950503,0.525426809,0.023761669,0.03114295,0.00044331,-0.003120304,-0.002215803,0.159485808,-0.019108295,0.002241883,0.176927954,0.138766557,0.14196144,0.180122852,-0.14196144,-0.180122852,-0.176927954,-0.138766557,0.001828033,0.023761669,0.03114295
33.65215015,0.965925826,0.258819045,0,0,0.523598776,0,0,0.965542018,0.259512275,0.0155045,0.01190248,0.525505909,0.023765048,0.031045656,0.000143796,0.000750273,-0.000944734,0.158373748,-0.019139866,0.001654275,0.176352173,0.138135612,0.142619371,0.180835932,-0.142619371,-0.180835932,-0.176352173,-0.138135612,0.001907133,0.023765048,0.031045656
33.70261002,0.965925826,0.258819045,0,0,0.523598776,0,0,0.965542495,0.259511113,0.015505356,0.011891834,0.525503289,0.023772269,0.031025502,0.006069988,-0.001366437,0.002799183,0.159515869,-0.02002729,0.002096318,0.175859287,0.13757959,0.14088814,0.179167837,-0.14088814,-0.179167837,-0.175859287,-0.13757959,0.001904513,0.023772269,0.031025502
33.7497201,0.965925826,0.258819045,0,0,0.523598776,0,0,0.965542853,0.259508431,0.015511406,0.011906795,0.525498364,0.023776266,0.031057492,-0.002522767,-0.003235042,0.002043694,0.160054063,-0.019068503,0.001757392,0.177446797,0.137392238,0.141584873,0.181639433,-0.141584873,-0.181639433,-0.177446797,-0.137392238,0.001899588,0.023776266,0.031057492
33.80032015,0.965925826,0.258819045,0,0,0.523598776,0,0,0.965547144,0.259491742,0.01551882,0.011921283,0.525464383,0.023783593,0.031088925,-0.003232062,-0.000602007,-0.000700354,0.16025421,-0.019715884,0.002200177,0.177365124,0.13922815,0.142742932,0.180879906,-0.142742932,-0.180879906,-0.177365124,-0.13922815,0.001865607,0.023783593,0.031088925
33.84974003,0.965925826,0.258819045,0,0,0.523598776,0,0,0.96556145,0.259434253,0.015554411,0.011961787,0.525347804,0.02383314,0.031184282,0.000279397,-0.000621378,0.001958758,0.159479113,-0.019768386,0.001580456,0.17776987,0.138338119,0.142738476,0.182170227,-0.142738476,-0.182170227,-0.17776987,-0.138338119,0.001749028,0.02383314,0.031184282
33.9063201,0.965925826,0.258819045,0,0,0.523598776,0,0,0.965573728,0.259388208,0.015551665,0.011973259,0.52525256,0.023823365,0.03120388,2.31E-05,-0.00423193,0.003076345,0.159537383,-0.018891769,0.001410281,0.177666992,0.138130248,0.141291156,0.180827901,-0.141291156,-0.180827901,-0.177666992,-0.138130248,0.001653784,0.023823365,0.03120388
33.95304012,0.965925826,0.258819045,0,0,0.523598776,0,0,0.965584874,0.259342909,0.015570501,0.012024171,0.525160715,0.023834772,0.031310923,0.001025945,0.000184029,0.004527718,0.159319967,-0.020005148,0.001070591,0.177018821,0.139235303,0.142055869,0.179839388,-0.142055869,-0.179839388,-0.177018821,-0.139235303,0.001561939,0.023834772,0.031310923
34.00318003,0.965925826,0.258819045,0,0,0.523598776,0,0,0.965614259,0.259229898,0.015589152,0.012077815,0.524928645,0.023846614,0.031421473,0.003803521,-0.001202524,0.001589209,0.159567809,-0.020395513,0.001801057,0.178254485,0.138244212,0.140385389,0.180395663,-0.140385389,-0.180395663,-0.178254485,-0.138244212,0.001329869,0.023846614,0.031421473
34.05307007,0.965925826,0.258819045,0,0,0.523598776,0,0,0.965629041,0.259175599,0.015589098,0.01206883,0.524815948,0.023852939,0.031402743,-0.000979006,0.003498048,-0.001445413,0.159907467,-0.020831842,0.00203968,0.178162217,0.137371212,0.14097333,0.181764334,-0.14097333,-0.181764334,-0.178162217,-0.137371212,0.001217172,0.023852939,0.031402743
34.10309005,0.965925826,0.258819045,0,0,0.523598776,0,0,0.965644836,0.259117126,0.015565659,0.012092693,0.524694299,0.023797191,0.031435221,-0.003644824,0.003186613,0.00224635,0.160458235,-0.020742997,0.00154801,0.178699583,0.137035921,0.141115278,0.18277894,-0.141115278,-0.18277894,-0.178699583,-0.137035921,0.001095523,0.023797191,0.031435221
34.14974999,0.965925826,0.258819045,0,0,0.523598776,0,0,0.965665102,0.259040803,0.015583002,0.012083378,0.524536844,0.023838003,0.031424355,-0.000977516,-0.002270937,0.000242144,0.159936418,-0.01942848,0.001763586,0.179653168,0.138167202,0.141263232,0.182749197,-0.141263232,-0.182749197,-0.179653168,-0.138167202,0.000938068,0.023838003,0.031424355
34.20082021,0.965925826,0.258819045,0,0,0.523598776,0,0,0.965681434,0.258978993,0.015572969,0.012112021,0.52440903,0.023805785,0.031472963,0.000240654,0.002800673,0.000943989,0.159688093,-0.020663598,0.00154566,0.177601263,0.138744324,0.142271504,0.181128442,-0.142271504,-0.181128442,-0.177601263,-0.138744324,0.000810254,0.023805785,0.031472963
34.25514007,0.965925826,0.258819045,0,0,0.523598776,0,0,0.965700984,0.258905441,0.015604853,0.012096806,0.524257745,0.023877648,0.031458304,-0.001238286,0.000943989,0.002407283,0.160016741,-0.020241525,0.001407776,0.178805977,0.137478814,0.140570134,0.181897298,-0.140570134,-0.181897298,-0.178805977,-0.137478814,0.000658969,0.023877648,0.031458304
34.30737019,0.965925826,0.258819045,0,0,0.523598776,0,0,0.965733588,0.258781135,0.015621623,0.012125292,0.524001745,0.023899331,0.031518981,-0.002360344,0.006949157,-0.001621246,0.159275271,-0.020083861,0.001304424,0.178850442,0.138367414,0.141182974,0.181666002,-0.141182974,-0.181666002,-0.178850442,-0.138367414,0.000402969,0.023899331,0.031518981
34.35763001,0.965925826,0.258819045,0,0,0.523598776,0,0,0.965754867,0.258699417,0.015648717,0.012136694,0.523834012,0.023948426,0.031553051,0.002857298,-0.002101064,0.000911206,0.159229178,-0.01955881,0.001416636,0.178054661,0.137886956,0.140495807,0.180663511,-0.140495807,-0.180663511,-0.178054661,-0.137886956,0.000235236,0.023948426,0.031553051
34.43776011,0.965925826,0.258819045,0,0,0.523598776,0,0,0.965775788,0.258623034,0.015624524,0.012138118,0.52367474,0.023903452,0.031541357,0.002429634,-0.000853837,0.000686198,0.159760809,-0.021189925,0.001531058,0.179419622,0.13703981,0.140101925,0.182481751,-0.140101925,-0.182481751,-0.179419622,-0.13703981,7.5964E-05,0.023903452,0.031541357
34.44985008,0.965925826,0.258819045,0,0,0.523598776,0,0,0.965775788,0.258623034,0.015624524,0.012138118,0.52367474,0.023903452,0.031541357,0.002429634,-0.000853837,0.000686198,0.159355577,-0.019836833,0.001455655,0.179419622,0.13703981,0.140101925,0.182481751,-0.140101925,-0.182481751,-0.179419622,-0.13703981,7.5964E-05,0.023903452,0.031541357
34.49971008,0.965925826,0.258819045,0,0,0.523598776,0,0,0.965776086,0.258623183,0.015615172,0.012115053,0.523674187,0.023897326,0.031491943,0.004143268,0.00083223,0.000425428,0.158984845,-0.02023175,0.001435724,0.177736714,0.138063058,0.140974373,0.180648014,-0.140974373,-0.180648014,-0.177736714,-0.138063058,7.5411E-05,0.023897326,0.031491943
34.54970002,0.965925826,0.258819045,0,0,0.523598776,0,0,0.965784073,0.258593976,0.015604636,0.012117342,0.523613273,0.023876741,0.031490178,0.000149757,0.000909716,0.003039092,0.159829245,-0.020241427,0.001200896,0.177780822,0.137317345,0.140188798,0.180652276,-0.140188798,-0.180652276,-0.177780822,-0.137317345,1.4497E-05,0.023876741,0.031490178
34.60644007,0.965925826,0.258819045,0,0,0.523598776,0,0,0.965795875,0.25854674,0.015639408,0.012136333,0.523517459,0.023935618,0.031543741,0.001376122,0.003979355,0.005532056,0.159436513,-0.020162533,0.001072413,0.17852658,0.13820155,0.140346363,0.180671409,-0.140346363,-0.180671409,-0.17852658,-0.13820155,8.1317E-05,0.023935618,0.031543741
34.65081,0.965925826,0.258819045,0,0,0.523598776,0,0,0.96579355,0.258556902,0.015611828,0.012147917,0.523537458,0.023876015,0.031552074,-0.000402331,-0.000423193,0.003794581,0.15954752,-0.021036218,0.000728663,0.17852658,0.13820155,0.140346363,0.180671409,-0.140346363,-0.180671409,-0.17852658,-0.13820155,6.1318E-05,0.023876015,0.031552074
34.69958019,0.965925826,0.258819045,0,0,0.523598776,0,0,0.965795875,0.2585482,0.015615159,0.012148245,0.523519569,0.023882562,0.031554218,-0.002640486,0.001300126,-0.000628829,0.160506415,-0.02034728,0.001872713,0.179855034,0.137782618,0.139239937,0.181312352,-0.139239937,-0.181312352,-0.179855034,-0.137782618,7.9207E-05,0.023882562,0.031554218
34.75013018,0.965925826,0.258819045,0,0,0.523598776,0,0,0.96580261,0.258524567,0.015587948,0.012146305,0.523469396,0.023831778,0.031535777,-0.000831485,-0.004196167,0.001042336,0.160098554,-0.018985196,0.001534695,0.178980932,0.138286397,0.142031819,0.182726368,-0.142031819,-0.182726368,-0.178980932,-0.138286397,0.00012938,0.023831778,0.031535777
34.79959011,0.965925826,0.258819045,0,0,0.523598776,0,0,0.965803564,0.258519232,0.015618312,0.012145604,0.523459698,0.023890967,0.031550034,0.00276044,-0.000965595,0.003289432,0.159288267,-0.019810434,0.00101443,0.177549005,0.13957864,0.142648026,0.180618405,-0.142648026,-0.180618405,-0.177549005,-0.13957864,0.000139078,0.023890967,0.031550034
34.85005021,0.965925826,0.258819045,0,0,0.523598776,0,0,0.965803266,0.258522034,0.015589117,0.012141366,0.523464132,0.023836676,0.03152678,0.005499274,-3.58E-05,0.001934916,0.158709071,-0.020005162,0.001097065,0.178084224,0.138463378,0.140492246,0.180113077,-0.140492246,-0.180113077,-0.178084224,-0.138463378,0.000134644,0.023836676,0.03152678
34.9000001,0.965925826,0.258819045,0,0,0.523598776,0,0,0.96579951,0.258538157,0.015584613,0.012106845,0.523496547,0.023845317,0.03145813,0.005491823,-0.001759827,0.000225753,0.160521007,-0.020056172,0.001845618,0.177617118,0.137606815,0.139800951,0.179811254,-0.139800951,-0.179811254,-0.177617118,-0.137606815,0.000102229,0.023845317,0.03145813
34.95309019,0.965925826,0.258819045,0,0,0.523598776,0,0,0.965791762,0.258566439,0.015588013,0.012106119,0.523555314,0.023851341,0.031459192,0.001145154,0.003842264,-0.000604987,0.158726116,-0.01956735,0.001407855,0.178731516,0.138619199,0.142310426,0.182422742,-0.142310426,-0.182422742,-0.178731516,-0.138619199,4.3462E-05,0.023851341,0.031459192
35.00138998,0.965925826,0.258819045,0,0,0.523598776,0,0,0.965796351,0.258549988,0.015586262,0.012103424,0.523521051,0.023849887,0.031452667,-0.006867946,0.002221018,0.004395097,0.161348858,-0.020533373,0.001317062,0.17688556,0.137750894,0.140566602,0.179701269,-0.140566602,-0.179701269,-0.17688556,-0.137750894,7.7725E-05,0.023849887,0.031452667
35.05125999,0.965925826,0.258819045,0,0,0.523598776,0,0,0.965799749,0.258536607,0.015592426,0.012112913,0.523493806,0.023857318,0.031473868,-0.001320243,0.003870577,0.001498312,0.160192855,-0.020943936,0.001501055,0.180565119,0.139498398,0.142132521,0.183199242,-0.142132521,-0.183199242,-0.180565119,-0.139498398,0.00010497,0.023857318,0.031473868
35.10307002,0.965925826,0.258819045,0,0,0.523598776,0,0,0.965809226,0.258501053,0.015592314,0.012107866,0.523420129,0.023860875,0.031463183,0.000482053,-0.000478327,0.001237541,0.159817891,-0.019884841,0.001473576,0.179635689,0.137747839,0.140749946,0.182637796,-0.140749946,-0.182637796,-0.179635689,-0.137747839,0.000178647,0.023860875,0.031463183
35.15009999,0.965925826,0.258819045,0,0,0.523598776,0,0,0.965806425,0.258511931,0.01558916,0.01210512,0.523442439,0.023855848,0.031456509,0.001781434,0.001008064,0.00121668,0.159531285,-0.020243733,0.00141584,0.178229108,0.138459444,0.141406596,0.18117626,-0.141406596,-0.18117626,-0.178229108,-0.138459444,0.000156337,0.023855848,0.031456509
35.20088005,0.965925826,0.258819045,0,0,0.523598776,0,0,0.965822041,0.258452386,0.015613943,0.012098788,0.523320124,0.023908937,0.03145565,-0.005449356,0.003411621,-9.24E-05,0.161143391,-0.020843536,0.001958856,0.178359136,0.137871683,0.140703365,0.181190804,-0.140703365,-0.181190804,-0.178359136,-0.137871683,0.000278652,0.023908937,0.03145565
35.25264001,0.965925826,0.258819045,0,0,0.523598776,0,0,0.96581018,0.25849849,0.015586145,0.012107677,0.523414455,0.023849137,0.03145955,0.001502782,0.002416223,0.000791997,0.159099901,-0.019077161,0.00094121,0.180028021,0.13834098,0.142258689,0.18394573,-0.142258689,-0.18394573,-0.180028021,-0.13834098,0.000184321,0.023849137,0.03145955
35.29955006,0.965925826,0.258819045,0,0,0.523598776,0,0,0.965799332,0.258539617,0.015554627,0.012121035,0.523498576,0.023780004,0.031470041,0.004433841,-0.00294149,0.003593415,0.158910226,-0.019257908,0.000907137,0.177235812,0.139081508,0.140963927,0.179118231,-0.140963927,-0.179118231,-0.177235812,-0.139081508,0.0001002,0.023780004,0.031470041
35.35138011,0.965925826,0.258819045,0,0,0.523598776,0,0,0.965806007,0.258517534,0.015539763,0.012085835,0.523451389,0.023770227,0.031393767,-0.003278256,-0.001263618,0.000529736,0.160637225,-0.019627608,0.001772962,0.17726095,0.138745159,0.140559435,0.179075226,-0.140559435,-0.179075226,-0.17726095,-0.138745159,0.000147387,0.023770227,0.031393767
35.40261006,0.965925826,0.258819045,0,0,0.523598776,0,0,0.965801716,0.258536249,0.015513657,0.012053822,0.523488343,0.023735763,0.031318832,0.00339076,-0.000527501,0.000949949,0.159172445,-0.019777021,0.00142588,0.178491831,0.139236629,0.142782554,0.182037756,-0.142782554,-0.182037756,-0.178491831,-0.139236629,0.000110433,0.023735763,0.031318832
35.46229005,0.965925826,0.258819045,0,0,0.523598776,0,0,0.965821803,0.258467972,0.015516523,0.011904901,0.523343916,0.023820576,0.031030858,-0.003497303,-0.004857779,-0.004716218,0.159837819,-0.019304013,0.002363792,0.177523538,0.137969524,0.140821278,0.180375293,-0.140821278,-0.180375293,-0.177523538,-0.137969524,0.00025486,0.023820576,0.031030858
35.50305009,0.965925826,0.258819045,0,0,0.523598776,0,0,0.965821803,0.258467972,0.015516523,0.011904901,0.523343916,0.023820576,0.031030858,-0.003497303,-0.004857779,-0.004716218,0.160768658,-0.018664443,0.002802305,0.176777989,0.138169989,0.142897576,0.181505576,-0.142897576,-0.181505576,-0.176777989,-0.138169989,0.00025486,0.023820576,0.031030858
35.55247998,0.965925826,0.258819045,0,0,0.523598776,0,0,0.965829432,0.258443683,0.015464069,0.01188935,0.523290913,0.023728076,0.030973015,0.000921637,0.001692027,0.001522154,0.159565303,-0.019745306,0.001436781,0.17663075,0.139301881,0.144906491,0.18223536,-0.144906491,-0.18223536,-0.17663075,-0.139301881,0.000307863,0.023728076,0.030973015
35.60248017,0.965925826,0.258819045,0,0,0.523598776,0,0,0.965846837,0.258381546,0.015485852,0.011801724,0.523161323,0.023817473,0.03081344,-0.000311434,0.003037602,-0.004306436,0.16009988,-0.020527342,0.002665211,0.177873775,0.138383195,0.14125675,0.180747345,-0.14125675,-0.180747345,-0.177873775,-0.138383195,0.000437453,0.023817473,0.03081344
35.64973998,0.965925826,0.258819045,0,0,0.523598776,0,0,0.965845287,0.25839144,0.015446377,0.011755727,0.523179134,0.023764698,0.030704342,0.001931936,0.000765175,0.003448874,0.159497245,-0.019935723,0.001387487,0.178045437,0.138174012,0.140948981,0.180820405,-0.140948981,-0.180820405,-0.178045437,-0.138174012,0.000419642,0.023764698,0.030704342
35.69974017,0.965925826,0.258819045,0,0,0.523598776,0,0,0.965851545,0.258369505,0.015453614,0.011714715,0.523133158,0.02380059,0.030628296,-0.002281368,0.004904717,-0.001589954,0.160490555,-0.020925444,0.002407718,0.178045437,0.138174012,0.140948981,0.180820405,-0.140948981,-0.180820405,-0.178045437,-0.138174012,0.000465618,0.02380059,0.030628296
35.75748014,0.965925826,0.258819045,0,0,0.523598776,0,0,0.965863764,0.258325994,0.015445218,0.011683369,0.523041994,0.023801961,0.030562296,0.003818423,0.001927465,0.000736862,0.159146165,-0.02019253,0.001796889,0.179008231,0.137157366,0.14197281,0.183823675,-0.14197281,-0.183823675,-0.179008231,-0.137157366,0.000556782,0.023801961,0.030562296
35.79972005,0.965925826,0.258819045,0,0,0.523598776,0,0,0.965862215,0.258333355,0.015441375,0.011644453,0.523056293,0.023814432,0.030485284,0.008725375,-0.003542006,-0.000393391,0.158085318,-0.018847924,0.001806488,0.177541763,0.137156725,0.140750498,0.181135535,-0.140750498,-0.181135535,-0.177541763,-0.137156725,0.000542483,0.023814432,0.030485284
35.85089016,0.965925826,0.258819045,0,0,0.523598776,0,0,0.965854406,0.258371532,0.015385385,0.011521199,0.523130243,0.023768821,0.030219025,0.007418544,-0.001624227,-0.002960861,0.159935794,-0.018562477,0.00223606,0.175126702,0.137430876,0.141043857,0.178739682,-0.141043857,-0.178739682,-0.175126702,-0.137430876,0.000468533,0.023768821,0.030219025
35.89980006,0.965925826,0.258819045,0,0,0.523598776,0,0,0.965856493,0.258363843,0.015396914,0.011500796,0.523114405,0.023801888,0.030185383,0.000297278,0.000489503,-0.000675023,0.159908327,-0.019731791,0.002370273,0.17626217,0.139137238,0.14360936,0.180734292,-0.14360936,-0.180734292,-0.17626217,-0.139137238,0.000484371,0.023801888,0.030185383
35.94974017,0.965925826,0.258819045,0,0,0.523598776,0,0,0.965858638,0.258358687,0.015377185,0.011472985,0.523102215,0.02377832,0.030121285,-0.000616908,0.004725904,0.001192838,0.160082096,-0.020736789,0.002131449,0.177269801,0.137806237,0.142546788,0.182010338,-0.142546788,-0.182010338,-0.177269801,-0.137806237,0.000496561,0.02377832,0.030121285
36.00132012,0.965925826,0.258819045,0,0,0.523598776,0,0,0.965871096,0.258311003,0.015389692,0.011478973,0.523004171,0.023800871,0.030138161,-0.003023445,0.000143796,0.003115087,0.16059614,-0.019637514,0.001946129,0.178687394,0.137213841,0.141476735,0.182950288,-0.141476735,-0.182950288,-0.178687394,-0.137213841,0.000594605,0.023800871,0.030138161
36.05074,0.965925826,0.258819045,0,0,0.523598776,0,0,0.965880692,0.258273005,0.015397342,0.011511136,0.522926548,0.023800205,0.030203347,0.002304465,-0.000146031,0.001751632,0.159473722,-0.019586907,0.001880512,0.178287476,0.139012471,0.142904729,0.182179734,-0.142904729,-0.182179734,-0.178287476,-0.139012471,0.000672228,0.023800205,0.030203347
36.10246015,0.965925826,0.258819045,0,0,0.523598776,0,0,0.965893328,0.25822556,0.01539348,0.011522102,0.52282837,0.023788558,0.03022137,-0.005735457,0.002697855,0.001653284,0.161240613,-0.020270797,0.00224433,0.177180067,0.138006285,0.141767308,0.18094109,-0.141767308,-0.18094109,-0.177180067,-0.138006285,0.000770406,0.023788558,0.03022137
36.15349007,0.965925826,0.258819045,0,0,0.523598776,0,0,0.965903699,0.258182853,0.015419143,0.011574205,0.522742188,0.023812542,0.030334301,0.003712625,0.003486127,0.000255555,0.159685401,-0.020008972,0.001536525,0.179267034,0.13872546,0.143214121,0.183755696,-0.143214121,-0.183755696,-0.179267034,-0.13872546,0.000856588,0.023812542,0.030334301
36.20407009,0.965925826,0.258819045,0,0,0.523598776,0,0,0.965910256,0.25815779,0.015416077,0.011593923,0.52269056,0.023797214,0.030370201,0.000237674,0.003952533,0.001957268,0.159970075,-0.020627278,0.001840625,0.178157806,0.138139874,0.141212925,0.181230843,-0.141212925,-0.181230843,-0.178157806,-0.138139874,0.000908216,0.023797214,0.030370201
36.25216007,0.965925826,0.258819045,0,0,0.523598776,0,0,0.965916812,0.258132041,0.015431354,0.011598866,0.522638034,0.023824982,0.030387028,-0.005301834,-0.001557171,-0.000537932,0.161217676,-0.019293655,0.002501611,0.178756684,0.137502149,0.141183406,0.182437927,-0.141183406,-0.182437927,-0.178756684,-0.137502149,0.000960742,0.023824982,0.030387028
36.30086017,0.965925826,0.258819045,0,0,0.523598776,0,0,0.965929627,0.258081377,0.01543507,0.011648836,0.522534404,0.023807937,0.030484279,0.002359599,-0.002884865,0.006284565,0.159480032,-0.019009005,0.001021268,0.178009674,0.139422387,0.144425616,0.183012903,-0.144425616,-0.183012903,-0.178009674,-0.139422387,0.001064372,0.023807937,0.030484279
36.35139012,0.965925826,0.258819045,0,0,0.523598776,0,0,0.965937793,0.258047253,0.015470798,0.011687638,0.522466109,0.023857991,0.030576917,-0.008291007,0.00019297,-7.30E-05,0.161896404,-0.019785292,0.002472304,0.177467719,0.139449731,0.141492277,0.179510266,-0.141492277,-0.179510266,-0.177467719,-0.139449731,0.001132667,0.023857991,0.030576917
36.40221,0.965925826,0.258819045,0,0,0.523598776,0,0,0.965960562,0.257960021,0.015488683,0.011709826,0.522286762,0.023883846,0.030626898,0.003329665,-0.002254546,0.003107637,0.159363303,-0.019231445,0.001414814,0.179209352,0.139638782,0.144583389,0.184153959,-0.144583389,-0.184153959,-0.179209352,-0.139638782,0.001312014,0.023883846,0.030626898
36.45376015,0.965925826,0.258819045,0,0,0.523598776,0,0,0.965971112,0.257917017,0.015480916,0.011787391,0.522199108,0.023830154,0.030771734,-0.006759168,0.004749745,0.00442341,0.158965768,-0.020742269,0.001304606,0.177179888,0.138717026,0.141546652,0.180009514,-0.141546652,-0.180009514,-0.177179888,-0.138717026,0.001399668,0.023830154,0.030771734
36.50131011,0.965925826,0.258819045,0,0,0.523598776,0,0,0.965996504,0.25782001,0.01550189,0.011803191,0.521999534,0.023865611,0.030810724,-0.005091727,0.001710653,-0.001351535,0.161316143,-0.020222134,0.002388926,0.178403378,0.136918873,0.139528081,0.181012601,-0.139528081,-0.181012601,-0.178403378,-0.136918873,0.001599242,0.023865611,0.030810724
36.54978013,0.965925826,0.258819045,0,0,0.523598776,0,0,0.966008484,0.257772177,0.01550256,0.011871675,0.521901973,0.023833086,0.030942253,-0.00037998,0.000252575,0.003767759,0.160242974,-0.01990236,0.001292812,0.1791493,0.13870506,0.143482909,0.183927163,-0.143482909,-0.183927163,-0.1791493,-0.13870506,0.001696803,0.023833086,0.030942253
36.60056019,0.965925826,0.258819045,0,0,0.523598776,0,0,0.966021061,0.257722586,0.015521524,0.011895581,0.521800694,0.02385898,0.030997041,-0.004659594,-0.000299513,0.001239032,0.16122831,-0.019786139,0.001866195,0.178852469,0.139047772,0.141633406,0.181438103,-0.141633406,-0.181438103,-0.178852469,-0.139047772,0.001798082,0.02385898,0.030997041
36.64979005,0.965925826,0.258819045,0,0,0.523598776,0,0,0.96603483,0.257670134,0.015538956,0.011896004,0.521692863,0.023894125,0.03100557,-0.004440546,0.001043827,0.004934521,0.161149263,-0.020138548,0.001270935,0.179148212,0.139575958,0.143308342,0.182880595,-0.143308342,-0.182880595,-0.179148212,-0.139575958,0.001905913,0.023894125,0.03100557
36.70218015,0.965925826,0.258819045,0,0,0.523598776,0,0,0.966049612,0.257609963,0.015555714,0.011976858,0.521570781,0.023886735,0.031169023,-0.001133978,0.004372746,0.004110485,0.160470958,-0.020991949,0.001152333,0.180310532,0.13832666,0.140631318,0.182615191,-0.140631318,-0.182615191,-0.180310532,-0.13832666,0.002027995,0.023886735,0.031169023
36.7555902,0.965925826,0.258819045,0,0,0.523598776,0,0,0.96608007,0.25748983,0.015593451,0.012048502,0.52132536,0.023926594,0.03132403,0.000292808,4.54E-05,0.003119558,0.160603776,-0.020537574,0.001550883,0.180310532,0.13832666,0.140631318,0.182615191,-0.140631318,-0.182615191,-0.180310532,-0.13832666,0.002273416,0.023926594,0.03132403
36.8045001,0.965925826,0.258819045,0,0,0.523598776,0,0,0.966081917,0.257479101,0.015610964,0.012107947,0.521305206,0.023930136,0.031447715,-0.005504489,0.000386685,0.005099922,0.160224398,-0.019998737,0.001178763,0.179590419,0.138515294,0.14161706,0.182692185,-0.14161706,-0.182692185,-0.179590419,-0.138515294,0.00229357,0.023930136,0.031447715
36.84990001,0.965925826,0.258819045,0,0,0.523598776,0,0,0.966110587,0.257370949,0.015609444,0.01212167,0.52108156,0.023923648,0.031470779,0.002840907,-0.001378357,0.002678484,0.159725444,-0.019692171,0.001052657,0.179044321,0.139046878,0.141404405,0.181401849,-0.141404405,-0.181401849,-0.179044321,-0.139046878,0.002517216,0.023923648,0.031470779
36.90649009,0.965925826,0.258819045,0,0,0.523598776,0,0,0.966102362,0.257400781,0.015597476,0.012149545,0.521143434,0.023885186,0.031519227,0.000854582,-0.001049042,-0.000822544,0.160196646,-0.019759837,0.001663438,0.178364918,0.138980597,0.141085908,0.180470228,-0.141085908,-0.180470228,-0.178364918,-0.138980597,0.002455342,0.023885186,0.031519227
36.95178008,0.965925826,0.258819045,0,0,0.523598776,0,0,0.966125309,0.25731656,0.01559464,0.012123796,0.520968348,0.023895717,0.031465901,-0.003935397,0.002392382,0.000534207,0.161251196,-0.020584919,0.001682929,0.178293005,0.138773352,0.14210023,0.181619868,-0.14210023,-0.181619868,-0.178293005,-0.138773352,0.002630428,0.023895717,0.031465901
37.00641012,0.965925826,0.258819045,0,0,0.523598776,0,0,0.966128528,0.257304698,0.015600001,0.012104047,0.520943665,0.023916637,0.031430201,0.000291318,0.002773851,-0.000594556,0.160351642,-0.020679245,0.001685759,0.180153131,0.138983324,0.142349184,0.183518991,-0.142349184,-0.183518991,-0.180153131,-0.138983324,0.002655111,0.023916637,0.031430201
37.06299019,0.965925826,0.258819045,0,0,0.523598776,0,0,0.966144383,0.257244617,0.015611178,0.012112033,0.520819906,0.023936075,0.031449914,-0.000785291,0.003536791,0.001769513,0.159087554,-0.020668572,0.001129185,0.179345086,0.137986615,0.141358137,0.182716593,-0.141358137,-0.182716593,-0.179345086,-0.137986615,0.00277887,0.023936075,0.031449914
37.10481,0.965925826,0.258819045,0,0,0.523598776,0,0,0.966158867,0.257189602,0.015623991,0.0121102,0.520706558,0.023963569,0.031451617,0.00211224,0.001073629,0.001133233,0.160576817,-0.020882402,0.001351375,0.178626895,0.137289777,0.139548138,0.18088527,-0.139548138,-0.18088527,-0.178626895,-0.137289777,0.002892218,0.023963569,0.031451617
37.14973998,0.965925826,0.258819045,0,0,0.523598776,0,0,0.966157377,0.25719437,0.015625047,0.012113363,0.520716627,0.023963827,0.0314584,0.003897399,-0.001841784,-0.000222027,0.159603314,-0.019588596,0.001462557,0.180107802,0.138343021,0.141045764,0.182810545,-0.141045764,-0.182810545,-0.180107802,-0.138343021,0.002882149,0.023963827,0.0314584
37.2001102,0.965925826,0.258819045,0,0,0.523598776,0,0,0.966168225,0.257154137,0.01564428,0.012083026,0.520633525,0.024017921,0.031408674,-0.001111627,0.00507012,0.002402812,0.160672754,-0.021282246,0.001295449,0.177729309,0.138552144,0.141477257,0.180654421,-0.141477257,-0.180654421,-0.177729309,-0.138552144,0.002965251,0.024017921,0.031408674
37.25554013,0.965925826,0.258819045,0,0,0.523598776,0,0,0.966164112,0.257167518,0.015647715,0.012114949,0.520662114,0.024007689,0.031472493,-0.000321865,0.004830211,0.001462549,0.160510426,-0.021235937,0.001375402,0.180659503,0.138095036,0.140685931,0.183250397,-0.140685931,-0.183250397,-0.180659503,-0.138095036,0.002936662,0.024007689,0.031472493
37.30092001,0.965925826,0.258819045,0,0,0.523598776,0,0,0.966183662,0.257095277,0.015640326,0.012107712,0.520512043,0.023999486,0.031452895,-0.003151596,0.002103299,0.002451987,0.161139257,-0.020561558,0.001358622,0.180370912,0.137899071,0.14064987,0.183121711,-0.14064987,-0.183121711,-0.180370912,-0.137899071,0.003086733,0.023999486,0.031452895
37.35228014,0.965925826,0.258819045,0,0,0.523598776,0,0,0.966180861,0.257106692,0.015626512,0.012109311,0.520535065,0.023971597,0.031449145,-0.000436604,0.003714115,0.001486391,0.160558421,-0.020940435,0.001376578,0.180342153,0.139219061,0.141936302,0.183059394,-0.141936302,-0.183059394,-0.180342153,-0.139219061,0.003063711,0.023971597,0.031449145
37.40795016,0.965925826,0.258819045,0,0,0.523598776,0,0,0.966187894,0.257075638,0.015644794,0.012175865,0.520473095,0.023973683,0.031586468,0.003895909,0.00019744,0.002179295,0.160392043,-0.020574939,0.00081725,0.180122226,0.13824138,0.140994534,0.18287538,-0.140994534,-0.18287538,-0.180122226,-0.13824138,0.003125681,0.023973683,0.031586468
37.45599008,0.965925826,0.258819045,0,0,0.523598776,0,0,0.966194391,0.257049769,0.015688034,0.012157321,0.52042106,0.024067628,0.031572266,-0.003409386,-0.002495945,-0.000947714,0.159948308,-0.020836526,0.001459138,0.180149689,0.138999835,0.140634328,0.181784183,-0.140634328,-0.181784183,-0.180149689,-0.138999835,0.003177716,0.024067628,0.031572266
37.50749016,0.965925826,0.258819045,0,0,0.523598776,0,0,0.9661991,0.257030219,0.01571005,0.012167261,0.520381808,0.024105698,0.031602346,0.001769513,0.000371784,0.003511459,0.160082021,-0.020236973,0.000918781,0.179325655,0.137652621,0.140570894,0.182243928,-0.140570894,-0.182243928,-0.179325655,-0.137652621,0.003216968,0.024105698,0.031602346
37.55281019,0.965925826,0.258819045,0,0,0.523598776,0,0,0.966185451,0.257083058,0.015693365,0.012150678,0.520490099,0.024080263,0.031563004,0.007069856,-0.000695884,-0.002974271,0.158993247,-0.019947509,0.001717244,0.177223459,0.137328476,0.140762955,0.180657953,-0.140762955,-0.180657953,-0.177223459,-0.137328476,0.003108677,0.024080263,0.031563004
37.63177013,0.965925826,0.258819045,0,0,0.523598776,0,0,0.966190636,0.257072479,0.015649952,0.0120265,0.520463508,0.024060627,0.031300291,-0.002743304,0.000341982,-0.002503395,0.159412852,-0.019608117,0.001255778,0.177765146,0.13854894,0.141060486,0.180276707,-0.141060486,-0.180276707,-0.177765146,-0.13854894,0.003135268,0.024060627,0.031300291
37.67024016,0.965925826,0.258819045,0,0,0.523598776,0,0,0.966189623,0.257076114,0.015653465,0.01202373,0.520471143,0.024068724,0.031296839,-0.002323091,0.001882762,-0.001294911,0.16112475,-0.020109493,0.002211665,0.177765146,0.13854894,0.141060486,0.180276707,-0.141060486,-0.180276707,-0.177765146,-0.13854894,0.003127633,0.024068724,0.031296839
37.70872998,0.965925826,0.258819045,0,0,0.523598776,0,0,0.966188967,0.257080495,0.015638327,0.012005229,0.520479115,0.024048852,0.031253374,-0.002464652,0.003894419,-0.00038296,0.161033195,-0.020981302,0.001859588,0.179022536,0.138803571,0.143226892,0.183445856,-0.143226892,-0.183445856,-0.179022536,-0.138803571,0.003119661,0.024048852,0.031253374
37.75305009,0.965925826,0.258819045,0,0,0.523598776,0,0,0.96620369,0.257022738,0.015659049,0.012023282,0.520360933,0.024081475,0.031297524,0.001867861,0.003700704,0.005132705,0.160034249,-0.020954246,0.000790687,0.18015486,0.138192281,0.141911462,0.183874041,-0.141911462,-0.183874041,-0.18015486,-0.138192281,0.003237843,0.024081475,0.031297524
37.79986,0.965925826,0.258819045,0,0,0.523598776,0,0,0.966212392,0.256985337,0.015682576,0.012095451,0.520286119,0.02409102,0.031448239,-0.001901388,0.006160886,0.001890213,0.160917999,-0.021589531,0.001394209,0.18019776,0.138289288,0.139870673,0.181779131,-0.139870673,-0.181779131,-0.18019776,-0.138289288,0.003312657,0.02409102,0.031448239
37.85792017,0.965925826,0.258819045,0,0,0.523598776,0,0,0.966221392,0.256947815,0.015697483,0.01215406,0.520210401,0.024090897,0.031568293,0.002019853,0.003934652,0.00685379,0.16001287,-0.021093687,0.000377152,0.181113273,0.137934238,0.140722647,0.183901697,-0.140722647,-0.183901697,-0.181113273,-0.137934238,0.003388375,0.024090897,0.031568293
37.90011001,0.965925826,0.258819045,0,0,0.523598776,0,0,0.966219842,0.256952107,0.015687065,0.012198475,0.520219783,0.024047776,0.031648897,-0.004869699,0.004509837,0.004059821,0.161550078,-0.021224545,0.001083625,0.180729359,0.138542011,0.139296308,0.181483656,-0.139296308,-0.181483656,-0.180729359,-0.138542011,0.003378993,0.024047776,0.031648897
37.9506402,0.965925826,0.258819045,0,0,0.523598776,0,0,0.966223538,0.256936163,0.015706971,0.012216084,0.520188062,0.024077708,0.031692801,-0.000500679,0.000431389,0.000595302,0.160655941,-0.020255248,0.001422763,0.181690946,0.139241889,0.141409129,0.183858201,-0.141409129,-0.183858201,-0.181690946,-0.139241889,0.003410714,0.024077708,0.031692801
38.00610018,0.965925826,0.258819045,0,0,0.523598776,0,0,0.966224432,0.256932259,0.015709355,0.012221486,0.520180225,0.024079665,0.031704379,-0.001902878,0.000154227,0.000127405,0.160303204,-0.020398177,0.000761793,0.179488376,0.1389779,0.141823441,0.182333902,-0.141823441,-0.182333902,-0.179488376,-0.1389779,0.003418551,0.024079665,0.031704379
38.05316019,0.965925826,0.258819045,0,0,0.523598776,0,0,0.966223419,0.256934822,0.015711047,0.012251368,0.520186214,0.024067477,0.031763081,0.000935048,-0.002440811,0.003086776,0.160310081,-0.019566285,0.000966777,0.179939538,0.139143214,0.140666798,0.181463122,-0.140666798,-0.181463122,-0.179939538,-0.139143214,0.003412562,0.024067477,0.031763081
38.10036016,0.965925826,0.258819045,0,0,0.523598776,0,0,0.966214895,0.256968766,0.015716758,0.0122064,0.520255741,0.024100532,0.031679934,-0.000457466,-0.000271201,0.002544374,0.160606082,-0.020095265,0.001130851,0.17890954,0.13977699,0.14171055,0.1808431,-0.14171055,-0.1808431,-0.17890954,-0.13977699,0.003343035,0.024100532,0.031679934
38.15596008,0.965925826,0.258819045,0,0,0.523598776,0,0,0.966210723,0.256981432,0.01573918,0.012232468,0.520283591,0.024130037,0.031742209,0.002542883,0.001036376,0.004147739,0.159926901,-0.020450457,0.000715701,0.179570451,0.139379948,0.141641647,0.18183215,-0.141641647,-0.18183215,-0.179570451,-0.139379948,0.003315185,0.024130037,0.031742209
38.20065022,0.965925826,0.258819045,0,0,0.523598776,0,0,0.966198146,0.25703001,0.01573804,0.012217356,0.520383686,0.024134013,0.031713613,-0.002607703,0.003247708,-0.001385808,0.161105876,-0.020967763,0.001836985,0.179661617,0.138760716,0.140192121,0.181093007,-0.140192121,-0.181093007,-0.179661617,-0.138760716,0.00321509,0.024134013,0.031713613
38.25055003,0.965925826,0.258819045,0,0,0.523598776,0,0,0.966203868,0.257009506,0.015738098,0.012189922,0.520340696,0.024148916,0.031660097,0.001548976,-0.003355742,0.002155453,0.160157616,-0.019362863,0.001133546,0.180236608,0.138301104,0.141975075,0.183910578,-0.141975075,-0.183910578,-0.180236608,-0.138301104,0.00325808,0.024148916,0.031660097
38.30123019,0.965925826,0.258819045,0,0,0.523598776,0,0,0.966195822,0.257041097,0.015735094,0.012161175,0.520405348,0.02415687,0.031603765,0.004991144,0.00057593,0.001419335,0.159403902,-0.020309917,0.001113366,0.178386882,0.139661178,0.14192827,0.180653974,-0.14192827,-0.180653974,-0.178386882,-0.139661178,0.003193428,0.02415687,0.031603765
38.35280013,0.965925826,0.258819045,0,0,0.523598776,0,0,0.966185391,0.257078707,0.01573782,0.012195734,0.520484038,0.02414312,0.031672919,-0.001601875,0.009562821,0.002150983,0.159785191,-0.020881377,0.000631654,0.178600401,0.137980595,0.14020732,0.180827141,-0.14020732,-0.180827141,-0.178600401,-0.137980595,0.003114738,0.02414312,0.031672919
38.4051702,0.965925826,0.258819045,0,0,0.523598776,0,0,0.966193974,0.257047713,0.015721759,0.012190474,0.520419042,0.024115805,0.031653695,-0.003622472,0.002615899,0.001338869,0.161279785,-0.020793241,0.001482703,0.180034861,0.138272136,0.139535442,0.181298181,-0.139535442,-0.181298181,-0.180034861,-0.138272136,0.003179734,0.024115805,0.031653695
38.45282006,0.965925826,0.258819045,0,0,0.523598776,0,0,0.966184139,0.257086307,0.015719168,0.01215686,0.520498094,0.024126837,0.03158834,-0.000140071,0.002083928,0.001696497,0.160500896,-0.020654927,0.001304817,0.180590272,0.139003813,0.141969219,0.183555678,-0.141969219,-0.183555678,-0.180590272,-0.139003813,0.003100682,0.024126837,0.03158834
38.50076008,0.965925826,0.258819045,0,0,0.523598776,0,0,0.966185033,0.257083029,0.015719816,0.012156371,0.520491314,0.024128448,0.031587646,0.002055615,-0.00102818,0.004077703,0.159990597,-0.019904456,0.000837874,0.179850966,0.138541132,0.141150758,0.182460591,-0.141150758,-0.182460591,-0.179850966,-0.138541132,0.003107462,0.024128448,0.031587646
38.55005002,0.965925826,0.258819045,0,0,0.523598776,0,0,0.966185212,0.257081866,0.015727155,0.01216331,0.52048935,0.024139094,0.031604813,-0.002269448,0.001370162,-0.002077222,0.161018947,-0.020482284,0.001993679,0.179057136,0.139248237,0.140923992,0.180732876,-0.140923992,-0.180732876,-0.179057136,-0.139248237,0.003109426,0.024139094,0.031604813
38.6005702,0.965925826,0.258819045,0,0,0.523598776,0,0,0.966185689,0.257080168,0.015738508,0.012137884,0.520485852,0.024174177,0.031561475,0.004643948,0.00414774,0.001586229,0.15946147,-0.021175915,0.0011218,0.179507509,0.138542965,0.142530322,0.183494866,-0.142530322,-0.183494866,-0.179507509,-0.138542965,0.003112924,0.024174177,0.031561475
38.65263009,0.965925826,0.258819045,0,0,0.523598776,0,0,0.966184676,0.257086605,0.015740305,0.012074471,0.520497913,0.024210081,0.031439974,-0.00359118,0.001291186,-1.79E-05,0.159861703,-0.020000892,0.002013809,0.179515541,0.137163728,0.139407337,0.181759134,-0.139407337,-0.181759134,-0.179515541,-0.137163728,0.003100863,0.024210081,0.031439974
38.70525002,0.965925826,0.258819045,0,0,0.523598776,0,0,0.966179013,0.257108539,0.015724624,0.012087057,0.520542841,0.024172584,0.031456767,-0.000736117,0.000522286,0.002590567,0.160605752,-0.020260745,0.001272989,0.177848741,0.137846977,0.141874596,0.181876361,-0.141874596,-0.181876361,-0.177848741,-0.137846977,0.003055935,0.024172584,0.031456767
38.75289011,0.965925826,0.258819045,0,0,0.523598776,0,0,0.966185689,0.257083535,0.015711099,0.012105192,0.520490857,0.024137928,0.031484224,-0.005225838,-0.000837445,0.006429107,0.1615373,-0.019924301,0.000855947,0.179593459,0.139072001,0.141617969,0.182139441,-0.141617969,-0.182139441,-0.179593459,-0.139072001,0.003107919,0.024137928,0.031484224
38.79999018,0.965925826,0.258819045,0,0,0.523598776,0,0,0.966199517,0.257030606,0.015716556,0.012118994,0.520381847,0.024143096,0.031512398,-0.001183152,0.003961474,0.003371388,0.160724384,-0.021100074,0.001120168,0.180605605,0.140757024,0.142468929,0.182317495,-0.142468929,-0.182317495,-0.180605605,-0.140757024,0.003216929,0.024143096,0.031512398
38.85007,0.965925826,0.258819045,0,0,0.523598776,0,0,0.966213048,0.256978452,0.015727434,0.012125673,0.520274579,0.024162383,0.031529617,-0.00525564,-0.000686944,0.004506857,0.161612871,-0.019980333,0.001134384,0.180704236,0.138504118,0.140744448,0.182944581,-0.140744448,-0.182944581,-0.180704236,-0.138504118,0.003324197,0.024162383,0.031529617
38.90061021,0.965925826,0.258819045,0,0,0.523598776,0,0,0.966221094,0.256950408,0.015706429,0.012108296,0.520215198,0.024131645,0.031484495,-0.004594028,0.00250414,0.000268966,0.161539566,-0.020722502,0.001773534,0.180458769,0.140498132,0.142766893,0.182727545,-0.142766893,-0.182727545,-0.180458769,-0.140498132,0.003383578,0.024131645,0.031484495
38.95313001,0.965925826,0.258819045,0,0,0.523598776,0,0,0.966221869,0.256952494,0.01567821,0.012049411,0.520216903,0.024107335,0.031356159,0.006655604,-0.003801286,0.001574308,0.161704152,-0.019053897,0.001937066,0.180488482,0.13904351,0.142590582,0.184035555,-0.142590582,-0.184035555,-0.180488482,-0.13904351,0.003381873,0.024107335,0.031356159
39.00581002,0.965925826,0.258819045,0,0,0.523598776,0,0,0.966217935,0.256968111,0.015698185,0.011998965,0.520249069,0.024171384,0.031269322,0.002109259,0.004462153,-0.002323091,0.160105116,-0.02115915,0.001982738,0.178820938,0.14071317,0.144587293,0.182695076,-0.144587293,-0.182695076,-0.178820938,-0.14071317,0.003349707,0.024171384,0.031269322
39.0529201,0.965925826,0.258819045,0,0,0.523598776,0,0,0.966214001,0.256984919,0.015674006,0.011986614,0.520282513,0.02413047,0.031233402,0.001413375,0.001820177,0.004162639,0.160159326,-0.020498841,0.001009378,0.179281473,0.136963204,0.140928686,0.183246955,-0.140928686,-0.183246955,-0.179281473,-0.136963204,0.003316263,0.02413047,0.031233402
39.10068011,0.965925826,0.258819045,0,0,0.523598776,0,0,0.966203868,0.257025778,0.015660169,0.011944929,0.520365561,0.024123859,0.031146702,0.002234429,0.002180785,-0.001195073,0.160036919,-0.020550403,0.001857762,0.179648742,0.138651088,0.140669838,0.181667492,-0.140669838,-0.181667492,-0.179648742,-0.138651088,0.003233215,0.024123859,0.031146702
39.15111017,0.965925826,0.258819045,0,0,0.523598776,0,0,0.966206729,0.257016748,0.015671581,0.011897585,0.520346323,0.024170565,0.031060831,-0.00167042,-0.00166446,0.004001707,0.160815245,-0.019618369,0.00128246,0.178729519,0.137628734,0.141344249,0.182445034,-0.141344249,-0.182445034,-0.178729519,-0.137628734,0.003252453,0.024170565,0.031060831
39.2028501,0.965925826,0.258819045,0,0,0.523598776,0,0,0.96618861,0.257085949,0.015657289,0.011888692,0.520488749,0.024145301,0.031038001,-0.005730987,0.003074855,0.001157075,0.161710003,-0.020745259,0.001916303,0.179151103,0.139914393,0.142479315,0.181716025,-0.142479315,-0.181716025,-0.179151103,-0.139914393,0.003110027,0.024145301,0.031038001
39.25258017,0.965925826,0.258819045,0,0,0.523598776,0,0,0.966202378,0.257034421,0.015660899,0.011873272,0.52038196,0.024161868,0.031008768,0.001288205,-0.00384897,0.000154227,0.15990005,-0.019464133,0.001936203,0.180538908,0.139048412,0.142881021,0.184371516,-0.142881021,-0.184371516,-0.180538908,-0.139048412,0.003216816,0.024161868,0.031008768
39.30023003,0.965925826,0.258819045,0,0,0.523598776,0,0,0.966214418,0.256985903,0.015700638,0.011894872,0.520283757,0.024229106,0.031069795,0.000727922,0.000720471,0.002094358,0.160332175,-0.020226874,0.001473661,0.177427933,0.138499692,0.142372102,0.181300342,-0.142372102,-0.181300342,-0.177427933,-0.138499692,0.003315019,0.024229106,0.031069795
39.3557601,0.965925826,0.258819045,0,0,0.523598776,0,0,0.96621573,0.256979555,0.015696298,0.011931828,0.520271225,0.02420191,0.031138843,0.001028925,0.002165883,0.002416223,0.160266644,-0.020586126,0.001364442,0.179085344,0.138631612,0.141578943,0.18203266,-0.141578943,-0.18203266,-0.179085344,-0.138631612,0.003327551,0.02420191,0.031138843
39.40065002,0.965925826,0.258819045,0,0,0.523598776,0,0,0.966218591,0.256967962,0.01570747,0.011938706,0.520247856,0.024220334,0.031157606,0.00647679,-0.003020465,0.003310293,0.159070456,-0.019344072,0.000982936,0.179488286,0.13831605,0.14104493,0.182217166,-0.14104493,-0.182217166,-0.179488286,-0.13831605,0.00335092,0.024220334,0.031157606
39.45090008,0.965925826,0.258819045,0,0,0.523598776,0,0,0.966215193,0.25698027,0.015711086,0.011941982,0.520273577,0.024225239,0.031166111,0.006269664,-0.005115569,0.000489503,0.159149599,-0.018833386,0.001440068,0.177431539,0.13874343,0.140709296,0.179397419,-0.140709296,-0.179397419,-0.177431539,-0.13874343,0.003325199,0.024225239,0.031166111
39.50343013,0.965925826,0.258819045,0,0,0.523598776,0,0,0.966222763,0.256951928,0.015714459,0.01193387,0.520214898,0.024236845,0.031151457,0.001878291,0.000142306,0.001449138,0.160105655,-0.020112023,0.001483411,0.176542878,0.138876125,0.141756251,0.179423004,-0.141756251,-0.179423004,-0.176542878,-0.138876125,0.003383878,0.024236845,0.031151457
39.55026007,0.965925826,0.258819045,0,0,0.523598776,0,0,0.966235042,0.256903291,0.015701313,0.01200064,0.520115118,0.024178665,0.031272551,-0.001816452,-0.003163517,-0.000739098,0.161021103,-0.020728624,0.001704989,0.178734213,0.138510197,0.141477019,0.181701049,-0.141477019,-0.181701049,-0.178734213,-0.138510197,0.003483658,0.024178665,0.031272551
39.60114002,0.965925826,0.258819045,0,0,0.523598776,0,0,0.966245115,0.256864369,0.01569888,0.012025284,0.520034992,0.02416255,0.031317969,0.002079457,-0.003170967,0.006503612,0.160029867,-0.019326425,0.000580282,0.180044696,0.13858746,0.141997442,0.183454663,-0.141997442,-0.183454663,-0.180044696,-0.13858746,0.003563784,0.02416255,0.031317969
39.65555,0.965925826,0.258819045,0,0,0.523598776,0,0,0.96626389,0.25679028,0.015701203,0.012095537,0.519883285,0.024133321,0.031453138,-0.008909404,0.001571328,0.004784018,0.162472675,-0.020490801,0.001267573,0.178775966,0.140123144,0.141283706,0.179936528,-0.141283706,-0.179936528,-0.178775966,-0.140123144,0.003715491,0.024133321,0.031453138
39.70065999,0.965925826,0.258819045,0,0,0.523598776,0,0,0.966293156,0.256674767,0.015724283,0.01218252,0.519647123,0.024136985,0.031630308,-0.00115633,0.007032603,0.00211224,0.160877974,-0.021872139,0.001218738,0.181695849,0.140714273,0.143249422,0.184230998,-0.143249422,-0.184230998,-0.181695849,-0.140714273,0.003951653,0.024136985,0.031630308
39.75005007,0.965925826,0.258819045,0,0,0.523598776,0,0,0.966299713,0.256646186,0.015758088,0.012218631,0.519590301,0.024184699,0.031716816,0.000127405,0.002021343,0.002447516,0.160606194,-0.020700186,0.001088033,0.181531325,0.137787074,0.140224546,0.183968797,-0.140224546,-0.183968797,-0.181531325,-0.137787074,0.004008475,0.024184699,0.031716816
39.80063009,0.965925826,0.258819045,0,0,0.523598776,0,0,0.966308475,0.256610721,0.015790006,0.012235631,0.519518681,0.024238815,0.031765224,-0.003281236,0.004794449,0.000382215,0.161391471,-0.021406321,0.001550194,0.180218294,0.138817951,0.140994012,0.18239437,-0.140994012,-0.18239437,-0.180218294,-0.138817951,0.004080095,0.024238815,0.031765224
39.84974003,0.965925826,0.258819045,0,0,0.523598776,0,0,0.966316283,0.256581008,0.01578455,0.012249591,0.519457243,0.024222076,0.031788661,0.001668185,0.001666695,0.003231317,0.160198463,-0.02149008,0.0010369,0.181247547,0.138434932,0.141535327,0.184347942,-0.141535327,-0.184347942,-0.181247547,-0.138434932,0.004141533,0.024222076,0.031788661
39.90776014,0.965925826,0.258819045,0,0,0.523598776,0,0,0.966306269,0.256621122,0.015768852,0.012217045,0.519538856,0.024207139,0.031718661,0.00365749,-0.001558662,-0.002068281,0.159913701,-0.021024978,0.000814213,0.18065159,0.137671456,0.139745265,0.1827254,-0.139745265,-0.1827254,-0.18065159,-0.137671456,0.00405992,0.024207139,0.031718661
39.9526701,0.965925826,0.258819045,0,0,0.523598776,0,0,0.966305017,0.256630093,0.015742987,0.012159728,0.519555012,0.024186307,0.031594752,-0.000993907,-0.001609326,0.001624972,0.160864676,-0.019780523,0.001336736,0.180124417,0.138074487,0.139702916,0.181752846,-0.139702916,-0.181752846,-0.180124417,-0.138074487,0.004043764,0.024186307,0.031594752
39.99996018,0.965925826,0.258819045,0,0,0.523598776,0,0,0.966297209,0.256662905,0.015716244,0.012120525,0.519620873,0.024153693,0.031506012,0.00429675,-0.00282824,-0.000408292,0.159724966,-0.01944532,0.001454613,0.179308414,0.139747396,0.142420873,0.181981891,-0.142420873,-0.181981891,-0.179308414,-0.139747396,0.003977903,0.024153693,0.031506012
40.04984021,0.965925826,0.258819045,0,0,0.523598776,0,0,0.966280162,0.256732374,0.015710441,0.012018505,0.519762147,0.024192654,0.031307515,0.007870048,-0.001940131,-0.000567734,0.158914349,-0.01962793,0.001426655,0.177715629,0.138825014,0.141734242,0.180624858,-0.141734242,-0.180624858,-0.177715629,-0.138825014,0.003836629,0.024192654,0.031307515
40.10062003,0.965925826,0.258819045,0,0,0.523598776,0,0,0.96626246,0.256803781,0.015667334,0.011977063,0.519907071,0.024128339,0.031206973,0.009626895,-0.001002848,-0.001689792,0.158515625,-0.019798361,0.001559564,0.177115574,0.137859747,0.140713051,0.179968894,-0.140713051,-0.179968894,-0.177115574,-0.137859747,0.003691705,0.024128339,0.031206973
40.14981008,0.965925826,0.258819045,0,0,0.523598776,0,0,0.966244996,0.256874084,0.015659999,0.011875055,0.520050115,0.024164357,0.031007742,0.010050087,-0.002573431,-0.004398822,0.1584273,-0.019373287,0.002082577,0.17675437,0.137157679,0.140276805,0.179873496,-0.140276805,-0.179873496,-0.17675437,-0.137157679,0.003548661,0.024164357,0.031007742
40.20880008,0.965925826,0.258819045,0,0,0.523598776,0,0,0.966208398,0.257022887,0.015589663,0.011728863,0.520351781,0.024098885,0.030692581,0.000401586,-0.000868738,-0.002256036,0.159258876,-0.019443338,0.001990101,0.175717965,0.136971414,0.141136572,0.179883122,-0.141136572,-0.179883122,-0.175717965,-0.136971414,0.003246995,0.024098885,0.030692581
40.25314999,0.965925826,0.258819045,0,0,0.523598776,0,0,0.966202319,0.25704816,0.015570082,0.011702918,0.520402656,0.024073595,0.030632957,-0.002412498,-0.000841916,0.002679974,0.160973268,-0.01965154,0.001707309,0.176712066,0.137825415,0.141805619,0.18069227,-0.141805619,-0.18069227,-0.176712066,-0.137825415,0.00319612,0.024073595,0.030632957
40.30008006,0.965925826,0.258819045,0,0,0.523598776,0,0,0.966200233,0.257056534,0.015580764,0.011677979,0.520419915,0.024106807,0.030590462,0.001592189,-0.000759959,0.000112504,0.160133262,-0.019673981,0.001956428,0.178917453,0.139614388,0.143029019,0.182332069,-0.143029019,-0.182332069,-0.178917453,-0.139614388,0.003178861,0.024106807,0.030590462
40.34974003,0.965925826,0.258819045,0,0,0.523598776,0,0,0.966207445,0.257028073,0.015605499,0.011669184,0.52036194,0.024160034,0.030585502,0.000137836,-0.005686284,0.002553314,0.160426024,-0.01850124,0.001665764,0.177850768,0.138502836,0.142415687,0.181763619,-0.142415687,-0.181763619,-0.177850768,-0.138502836,0.003236836,0.024160034,0.030585502
40.40098,0.965925826,0.258819045,0,0,0.523598776,0,0,0.966215789,0.256997049,0.015607582,0.011656419,0.520297557,0.02417161,0.030561124,-0.000305474,0.00442639,0.003049523,0.160527966,-0.020961597,0.001593069,0.177261457,0.140258998,0.143590525,0.180592984,-0.143590525,-0.180592984,-0.177261457,-0.140258998,0.003301219,0.02417161,0.030561124
40.44977021,0.965925826,0.258819045,0,0,0.523598776,0,0,0.966224492,0.256963938,0.015591563,0.011698334,0.520229156,0.024120134,0.030633066,0.004033,-0.002232194,0.000780076,0.159628678,-0.019336424,0.00171806,0.179896444,0.137973279,0.141159415,0.183082581,-0.141159415,-0.183082581,-0.179896444,-0.137973279,0.00336962,0.024120134,0.030633066
40.50600004,0.965925826,0.258819045,0,0,0.523598776,0,0,0.966229379,0.256945789,0.015619551,0.011643682,0.520191715,0.024202913,0.030541385,0.000417978,-0.002086163,0.004329532,0.160590635,-0.019735944,0.002429763,0.177247003,0.138574168,0.142010286,0.180683121,-0.142010286,-0.180683121,-0.177247003,-0.138574168,0.003407061,0.024202913,0.030541385
40.5520401,0.965925826,0.258819045,0,0,0.523598776,0,0,0.96621865,0.256991327,0.015569351,0.011603398,0.520282838,0.024125187,0.03043877,-0.003892184,0.000154227,-0.001785159,0.161374644,-0.019853547,0.002577795,0.177896768,0.138424903,0.143284425,0.18275629,-0.143284425,-0.18275629,-0.177896768,-0.138424903,0.003315938,0.024125187,0.03043877
40.60027003,0.965925826,0.258819045,0,0,0.523598776,0,0,0.966217935,0.256994307,0.015591122,0.011573217,0.520289274,0.024182694,0.030391716,-0.00115931,-0.002060831,0.00186488,0.16072656,-0.019337503,0.00192062,0.178650349,0.138943285,0.144098863,0.183805943,-0.144098863,-0.183805943,-0.178650349,-0.138943285,0.003309502,0.024182694,0.030391716
40.64999008,0.965925826,0.258819045,0,0,0.523598776,0,0,0.966217458,0.256999791,0.015536225,0.011557196,0.520297918,0.024084679,0.030332589,0.00044331,-0.004778802,0.001049787,0.16038611,-0.018613967,0.001986342,0.178143397,0.139468417,0.143309653,0.181984633,-0.143309653,-0.181984633,-0.178143397,-0.139468417,0.003300858,0.024084679,0.030332589
40.70090008,0.965925826,0.258819045,0,0,0.523598776,0,0,0.966223836,0.256976187,0.015558752,0.011518974,0.52024922,0.024148617,0.030269718,-0.002168119,-0.002157688,0.001419336,0.160956453,-0.019262231,0.002086193,0.177013695,0.139785782,0.143758461,0.180986375,-0.143758461,-0.180986375,-0.177013695,-0.139785782,0.003349556,0.024148617,0.030269718
40.74980998,0.965925826,0.258819045,0,0,0.523598776,0,0,0.966216207,0.257005334,0.015541221,0.011537573,0.52030915,0.024104254,0.030297364,0.007040054,-0.000278652,0.003983825,0.158904362,-0.019720197,0.001233422,0.178132445,0.139608011,0.143780395,0.182304829,-0.143780395,-0.182304829,-0.178132445,-0.139608011,0.003289626,0.024104254,0.030297364
40.80315018,0.965925826,0.258819045,0,0,0.523598776,0,0,0.966220319,0.25699088,0.015543686,0.011505992,0.520278692,0.024125721,0.030237223,0.00365749,-0.003105402,0.004074723,0.160269697,-0.020454419,0.002144483,0.177391097,0.137950718,0.140417561,0.179857939,-0.140417561,-0.179857939,-0.177391097,-0.137950718,0.003320084,0.024125721,0.030237223
40.84980011,0.965925826,0.258819045,0,0,0.523598776,0,0,0.96622026,0.25699082,0.01554638,0.011508601,0.520278744,0.024129586,0.030243653,-0.004389883,0.00172928,-0.000734627,0.161463514,-0.020186191,0.002526639,0.178579584,0.13767077,0.141959742,0.182868555,-0.141959742,-0.182868555,-0.178579584,-0.13767077,0.003320032,0.024129586,0.030243653
40.90026999,0.965925826,0.258819045,0,0,0.523598776,0,0,0.96622628,0.256966531,0.015567538,0.01152369,0.520229683,0.024163471,0.030283119,0.002073497,-0.000630319,0.004030019,0.160001322,-0.019653394,0.001472475,0.179123014,0.138750657,0.143803939,0.184176296,-0.143803939,-0.184176296,-0.179123014,-0.138750657,0.003369093,0.024163471,0.030283119
40.94965005,0.965925826,0.258819045,0,0,0.523598776,0,0,0.966225326,0.256970972,0.015568653,0.011504866,0.520238504,0.02417517,0.030247413,-0.001180172,-0.001963973,0.004921108,0.160694063,-0.019323021,0.001506048,0.1781822,0.138875425,0.141820386,0.181127146,-0.141820386,-0.181127146,-0.1781822,-0.138875425,0.003360272,0.02417517,0.030247413
41.00111008,0.965925826,0.258819045,0,0,0.523598776,0,0,0.966230989,0.256949574,0.015548159,0.011526007,0.520193832,0.024125362,0.030277192,0.003380329,-0.00216812,0.000409037,0.159773179,-0.019253981,0.001978178,0.178510994,0.139864966,0.142877072,0.181523085,-0.142877072,-0.181523085,-0.178510994,-0.139864966,0.003404944,0.024125362,0.030277192
41.04969001,0.965925826,0.258819045,0,0,0.523598776,0,0,0.966236532,0.256927937,0.015568817,0.011525029,0.520149876,0.024166463,0.030285402,0.000169128,-6.85E-05,0.001495332,0.160466317,-0.019785307,0.001953597,0.177048936,0.138540998,0.142497346,0.181005284,-0.142497346,-0.181005284,-0.177048936,-0.138540998,0.0034489,0.024166463,0.030285402
41.10645008,0.965925826,0.258819045,0,0,0.523598776,0,0,0.966226935,0.256964833,0.01556372,0.011506948,0.520225666,0.024164759,0.030248744,-0.003962219,-0.002789497,0.000353903,0.159993517,-0.01889369,0.001815865,0.178297982,0.138727397,0.142634585,0.18220517,-0.142634585,-0.18220517,-0.178297982,-0.138727397,0.00337311,0.024164759,0.030248744
41.15143013,0.965925826,0.258819045,0,0,0.523598776,0,0,0.966230869,0.256953299,0.015531761,0.011476302,0.52019974,0.024119124,0.030172739,0.002602488,-0.002321601,0.001419336,0.159924885,-0.019185875,0.001904417,0.177071288,0.13928394,0.142915666,0.180703029,-0.142915666,-0.180703029,-0.177071288,-0.13928394,0.003399036,0.024119124,0.030172739
41.20037007,0.965925826,0.258819045,0,0,0.523598776,0,0,0.966229141,0.256958663,0.015541358,0.011485757,0.520211485,0.024132639,0.030196101,0.001715869,-0.001980365,0.001164526,0.16012001,-0.019280455,0.001976912,0.177206293,0.138834566,0.142643407,0.181015134,-0.142643407,-0.181015134,-0.177206293,-0.138834566,0.003387291,0.024132639,0.030196101
41.24968004,0.965925826,0.258819045,0,0,0.523598776,0,0,0.966224432,0.256979614,0.015507371,0.011472487,0.520252996,0.02407313,0.030153447,0.006779284,-0.0016734,0.002203137,0.158992415,-0.019322432,0.001588527,0.177423507,0.138862625,0.142816439,0.181377336,-0.142816439,-0.181377336,-0.177423507,-0.138862625,0.00334578,0.02407313,0.030153447
41.30096006,0.965925826,0.258819045,0,0,0.523598776,0,0,0.966207683,0.257043898,0.015489656,0.01145706,0.520385003,0.02404483,0.030116096,0.007135422,0.000230223,0.003723056,0.158868276,-0.019765927,0.001344582,0.176726267,0.138081431,0.141258493,0.179903328,-0.141258493,-0.179903328,-0.176726267,-0.138081431,0.003213773,0.02404483,0.030116096
41.34964013,0.965925826,0.258819045,0,0,0.523598776,0,0,0.966206849,0.2570481,0.015489534,0.011439501,0.520393278,0.024053497,0.030082191,-0.00012219,0.001231581,0.003603846,0.160449591,-0.019997461,0.001711678,0.177289575,0.137757748,0.140446901,0.179978743,-0.140446901,-0.179978743,-0.177289575,-0.137757748,0.003205498,0.024053497,0.030082191
41.40572,0.965925826,0.258819045,0,0,0.523598776,0,0,0.966198444,0.257079005,0.015490732,0.011446055,0.520457482,0.02405148,0.030096251,0.002085418,0.001142174,0.001210719,0.160005612,-0.019809186,0.001474382,0.178735331,0.138740435,0.142163783,0.182158679,-0.142163783,-0.182158679,-0.178735331,-0.138740435,0.003141294,0.02405148,0.030096251
41.45306015,0.965925826,0.258819045,0,0,0.523598776,0,0,0.966202259,0.257065266,0.01547247,0.011453697,0.520428437,0.024012685,0.030101268,0.003162771,-0.004749,0.006017834,0.159688631,-0.018552499,0.001192299,0.178340375,0.138722017,0.141670778,0.181289136,-0.141670778,-0.181289136,-0.178340375,-0.138722017,0.003170339,0.024012685,0.030101268
41.50097013,0.965925826,0.258819045,0,0,0.523598776,0,0,0.966209948,0.257035553,0.015504668,0.011434712,0.520367891,0.024085601,0.030080425,-0.002758205,-0.003571808,0.001621992,0.161054484,-0.018836404,0.002166007,0.177048787,0.139943808,0.142328411,0.17943339,-0.142328411,-0.17943339,-0.177048787,-0.139943808,0.003230885,0.024085601,0.030080425
41.54974008,0.965925826,0.258819045,0,0,0.523598776,0,0,0.96621269,0.257024765,0.015509179,0.01144053,0.520345877,0.024091659,0.030093728,-0.000494719,0.004055351,0.000823289,0.160578731,-0.020699912,0.002161006,0.177724838,0.14005205,0.144384056,0.182056844,-0.144384056,-0.182056844,-0.177724838,-0.14005205,0.003252899,0.024091659,0.030093728
41.60019016,0.965925826,0.258819045,0,0,0.523598776,0,0,0.966219485,0.256997883,0.015520658,0.011456993,0.520291082,0.02410621,0.0301308,-0.000748038,-0.003935397,-0.000466406,0.160662395,-0.018769091,0.002380412,0.17911759,0.137717783,0.142039806,0.183439597,-0.142039806,-0.183439597,-0.17911759,-0.137717783,0.003307694,0.02410621,0.0301308
41.65037012,0.965925826,0.258819045,0,0,0.523598776,0,0,0.966233015,0.256949246,0.015506936,0.011419514,0.520189042,0.024100489,0.030050061,-0.002358854,0.003928691,0.003284961,0.160977898,-0.020663376,0.001876545,0.177051023,0.139512867,0.144273698,0.181811854,-0.144273698,-0.181811854,-0.177051023,-0.139512867,0.003409734,0.024100489,0.030050061
41.70559001,0.965925826,0.258819045,0,0,0.523598776,0,0,0.966236293,0.256937176,0.015526186,0.011395967,0.520164336,0.024150176,0.030014152,0.000568479,-0.000564754,-0.001199544,0.160299163,-0.020738994,0.002096307,0.179764688,0.138437957,0.142191038,0.183517769,-0.142191038,-0.183517769,-0.179764688,-0.138437957,0.00343444,0.024150176,0.030014152
41.75244999,0.965925826,0.258819045,0,0,0.523598776,0,0,0.966234922,0.256943583,0.015511709,0.011376782,0.520176618,0.024131871,0.029969769,0.006804615,-0.002932548,0.00019148,0.160406834,-0.019576814,0.0024884,0.178941801,0.137463838,0.141656458,0.183134422,-0.141656458,-0.183134422,-0.178941801,-0.137463838,0.003422158,0.024131871,0.029969769
41.8001802,0.965925826,0.258819045,0,0,0.523598776,0,0,0.966258645,0.256852746,0.015543052,0.011367728,0.519989792,0.024199916,0.029966142,-0.003176928,0.007078797,0.007193536,0.161135871,-0.021458862,0.001348145,0.177495196,0.138341591,0.1433184,0.182472005,-0.1433184,-0.182472005,-0.177495196,-0.138341591,0.003608984,0.024199916,0.029966142
41.84983015,0.965925826,0.258819045,0,0,0.523598776,0,0,0.966257811,0.256852269,0.015574314,0.011413603,0.519991122,0.024236756,0.030070922,-0.000724197,0.003161282,0.001909584,0.160678963,-0.020543754,0.002035788,0.181246534,0.138328835,0.141025126,0.183942825,-0.141025126,-0.183942825,-0.181246534,-0.138328835,0.003607654,0.024236756,0.030070922
41.90099001,0.965925826,0.258819045,0,0,0.523598776,0,0,0.966275275,0.256788552,0.015562129,0.011384407,0.519858088,0.0242302,0.030006603,-0.001229346,0.002191216,-0.000472367,0.160845317,-0.020281184,0.00246027,0.179186881,0.138099402,0.142170981,0.183258459,-0.142170981,-0.183258459,-0.179186881,-0.138099402,0.003740688,0.0242302,0.030006603
41.94948006,0.965925826,0.258819045,0,0,0.523598776,0,0,0.966284811,0.256753057,0.015546782,0.011400413,0.519784284,0.024193414,0.030028754,0.002031773,0.001644343,0.004235656,0.160084517,-0.020148835,0.00154765,0.178666189,0.138103843,0.143024385,0.183586717,-0.143024385,-0.183586717,-0.178666189,-0.138103843,0.003814492,0.024193414,0.030028754
42.00008011,0.965925826,0.258819045,0,0,0.523598776,0,0,0.96629411,0.256719351,0.015534715,0.011382519,0.519713643,0.024180337,0.029987105,-0.002354384,0.005643815,-0.000201166,0.161113355,-0.021091899,0.002450824,0.17868565,0.138388008,0.141483307,0.181780949,-0.141483307,-0.181780949,-0.17868565,-0.138388008,0.003885133,0.024180337,0.029987105
42.05249,0.965925826,0.258819045,0,0,0.523598776,0,0,0.966297925,0.256711483,0.015529949,0.011246224,0.519694162,0.024241417,0.029720941,0.000812858,0.001014024,-0.003051758,0.160431449,-0.019877091,0.002576495,0.179754376,0.137570605,0.142472252,0.184656024,-0.142472252,-0.184656024,-0.179754376,-0.137570605,0.003904614,0.024241417,0.029720941
42.10078001,0.965925826,0.258819045,0,0,0.523598776,0,0,0.966298044,0.256713688,0.015495296,0.01123761,0.519697017,0.024178802,0.0296865,0.000693649,0.001210719,0.003623218,0.160391568,-0.019938594,0.001864755,0.177731991,0.137977839,0.143130824,0.182884991,-0.143130824,-0.182884991,-0.177731991,-0.137977839,0.003901759,0.024178802,0.0296865
42.14972019,0.965925826,0.258819045,0,0,0.523598776,0,0,0.966299176,0.256707639,0.015522172,0.011236269,0.519685658,0.02423162,0.029697594,0.005527586,0.002410263,-0.002282858,0.159421268,-0.020251395,0.002577566,0.178465366,0.13858819,0.142317712,0.182194874,-0.142317712,-0.182194874,-0.178465366,-0.13858819,0.003913118,0.02423162,0.029697594
42.20021009,0.965925826,0.258819045,0,0,0.523598776,0,0,0.966294825,0.256724983,0.015513696,0.011217775,0.519720835,0.024224213,0.029657912,0.003225356,0.000490993,0.003737957,0.159832948,-0.019779148,0.001758995,0.177095056,0.136592284,0.141747415,0.182250187,-0.141747415,-0.182250187,-0.177095056,-0.136592284,0.003877941,0.024224213,0.029657912
42.25049019,0.965925826,0.258819045,0,0,0.523598776,0,0,0.966295719,0.256722689,0.01552854,0.011177802,0.519715824,0.024273516,0.029588212,-0.002534688,0.00378117,-0.004816056,0.161205295,-0.020561827,0.003407241,0.177853048,0.138294786,0.141812772,0.181371048,-0.141812772,-0.181371048,-0.177853048,-0.138294786,0.003882952,0.024273516,0.029588212
42.30303001,0.965925826,0.258819045,0,0,0.523598776,0,0,0.966301382,0.256702602,0.015530529,0.011154113,0.519673778,0.024290148,0.02954293,0.00327453,0.001636893,0.001793355,0.15985469,-0.02005287,0.002130194,0.178359836,0.137236208,0.144050688,0.185174316,-0.144050688,-0.185174316,-0.178359836,-0.137236208,0.003924998,0.024290148,0.02954293
42.35337019,0.965925826,0.258819045,0,0,0.523598776,0,0,0.966329753,0.256597459,0.015526994,0.011121795,0.519455312,0.024303131,0.029475981,-0.00487268,0.00147298,0.004156679,0.160600144,-0.019933368,0.002327303,0.17777732,0.137671605,0.141931996,0.182037711,-0.141931996,-0.182037711,-0.17777732,-0.137671605,0.004143464,0.024303131,0.029475981
42.40022016,0.965925826,0.258819045,0,0,0.523598776,0,0,0.966339827,0.256560117,0.01550584,0.011134166,0.519377411,0.024257031,0.029488079,-4.62E-05,-0.002422929,0.000933558,0.160644071,-0.019028289,0.00243395,0.178206161,0.138339445,0.142994061,0.182860762,-0.142994061,-0.182860762,-0.178206161,-0.138339445,0.004221365,0.024257031,0.029488079
42.44972014,0.965925826,0.258819045,0,0,0.523598776,0,0,0.96635735,0.256492853,0.015516273,0.011144817,0.519238911,0.024273779,0.029512352,-0.005225837,0.004757196,0.002833456,0.161770349,-0.020788781,0.002341548,0.17723836,0.139181808,0.144049704,0.182106256,-0.144049704,-0.182106256,-0.17723836,-0.139181808,0.004359865,0.024273779,0.029512352
42.50091004,0.965925826,0.258819045,0,0,0.523598776,0,0,0.966370463,0.256442904,0.015516393,0.011155863,0.519135797,0.024269865,0.029532519,0.001492351,0.002149493,-0.00280887,0.160407731,-0.020152907,0.002911601,0.180217534,0.138640001,0.143323094,0.184900627,-0.143323094,-0.184900627,-0.180217534,-0.138640001,0.004462979,0.024269865,0.029532519
42.54975009,0.965925826,0.258819045,0,0,0.523598776,0,0,0.966386795,0.256382525,0.015503987,0.011148374,0.519010136,0.024251575,0.029510141,-0.005833805,0.001771003,0.003292412,0.16193864,-0.020050508,0.00229107,0.177648991,0.137343198,0.143166408,0.183472186,-0.143166408,-0.183472186,-0.177648991,-0.137343198,0.00458864,0.024251575,0.029510141
42.6030302,0.965925826,0.258819045,0,0,0.523598776,0,0,0.96639818,0.256340891,0.015493599,0.011134833,0.518923228,0.024239716,0.029477574,-0.002066791,-0.000834465,9.02E-05,0.161180763,-0.019398784,0.002636724,0.179698035,0.139597043,0.14417918,0.184280172,-0.14417918,-0.184280172,-0.179698035,-0.139597043,0.004675548,0.024239716,0.029477574
42.65242004,0.965925826,0.258819045,0,0,0.523598776,0,0,0.966430306,0.256218553,0.015496012,0.011161073,0.518670728,0.024234651,0.029526484,0.002419204,7.45E-07,0.001173466,0.161136643,-0.019814778,0.002217845,0.177942783,0.139145225,0.144418672,0.183216229,-0.144418672,-0.183216229,-0.177942783,-0.139145225,0.004928048,0.024234651,0.029526484
42.70227003,0.965925826,0.258819045,0,0,0.523598776,0,0,0.966466308,0.256082416,0.015522735,0.011127629,0.518389459,0.024307612,0.029472125,-0.004161894,0.00429824,-0.001181662,0.161754304,-0.020671635,0.002917033,0.178733528,0.139103994,0.143539682,0.183169216,-0.143539682,-0.183169216,-0.178733528,-0.139103994,0.005209317,0.024307612,0.029472125
42.74984002,0.965925826,0.258819045,0,0,0.523598776,0,0,0.966473222,0.256056428,0.015503503,0.011152339,0.518335395,0.024258562,0.029509378,0.005105883,-0.001102686,0.003448874,0.159682181,-0.01936194,0.001744405,0.179508865,0.138165608,0.143999681,0.185342923,-0.143999681,-0.185342923,-0.179508865,-0.138165608,0.005263381,0.024258562,0.029509378
42.80025005,0.965925826,0.258819045,0,0,0.523598776,0,0,0.966485143,0.256013006,0.015489157,0.011132227,0.518244513,0.024242465,0.029462033,-0.006318093,-0.000332296,0.000684708,0.162223124,-0.019512629,0.002717583,0.177299663,0.138575807,0.142064616,0.180788472,-0.142064616,-0.180788472,-0.177299663,-0.138575807,0.005354263,0.024242465,0.029462033
42.84978008,0.965925826,0.258819045,0,0,0.523598776,0,0,0.966517448,0.255894899,0.015463314,0.01107974,0.517997874,0.024222995,0.029344307,-0.004883111,-0.00308007,0.001464039,0.161943689,-0.018804054,0.002577089,0.179018125,0.139992893,0.145428047,0.184453294,-0.145428047,-0.184453294,-0.179018125,-0.139992893,0.005600902,0.024222995,0.029344307
42.90325999,0.965925826,0.258819045,0,0,0.523598776,0,0,0.966533899,0.255835265,0.015450981,0.011037891,0.51787305,0.024222399,0.029255556,-0.007176399,0.00686571,0.00262633,0.162446728,-0.021199493,0.002511607,0.178170606,0.140562519,0.145716697,0.183324784,-0.145716697,-0.183324784,-0.178170606,-0.140562519,0.005725726,0.024222399,0.029255556
42.95038009,0.965925826,0.258819045,0,0,0.523598776,0,0,0.966581464,0.255655229,0.01543682,0.011061402,0.517500468,0.024188436,0.029289255,-0.000423193,-0.002361834,0.002453476,0.161502552,-0.019755219,0.002388402,0.181134567,0.138735607,0.143758819,0.186157778,-0.143758819,-0.186157778,-0.181134567,-0.138735607,0.006098308,0.024188436,0.029289255
43.00240016,0.965925826,0.258819045,0,0,0.523598776,0,0,0.966611505,0.255541295,0.015450366,0.011052342,0.517265108,0.024222711,0.029275823,-0.004045666,-0.005124509,0.00134781,0.161883798,-0.018274738,0.002563521,0.178869322,0.139358908,0.144135714,0.183646128,-0.144135714,-0.183646128,-0.178869322,-0.139358908,0.006333668,0.024222711,0.029275823
43.04975009,0.965925826,0.258819045,0,0,0.523598776,0,0,0.966633141,0.255461454,0.015436696,0.011029257,0.517098813,0.024210506,0.029222171,-0.005577505,0.003071874,-0.001716614,0.162305241,-0.020251438,0.003110902,0.177594975,0.141045511,0.146172553,0.182722017,-0.146172553,-0.182722017,-0.177594975,-0.141045511,0.006499963,0.024210506,0.029222171
43.10023022,0.965925826,0.258819045,0,0,0.523598776,0,0,0.966660559,0.25535962,0.015441243,0.010981366,0.516887261,0.024246857,0.029129321,-0.002741814,0.000876933,0.002514571,0.161666388,-0.019718507,0.002364865,0.179445729,0.138942882,0.145164683,0.18566753,-0.145164683,-0.18566753,-0.179445729,-0.138942882,0.006711515,0.024246857,0.029129321
43.15049005,0.965925826,0.258819045,0,0,0.523598776,0,0,0.96667093,0.255321115,0.01543081,0.010969623,0.516806952,0.02423385,0.029100305,-0.002934039,0.000869483,-0.002901256,0.161798165,-0.019691504,0.003233394,0.179019988,0.139582992,0.144312724,0.18374972,-0.144312724,-0.18374972,-0.179019988,-0.139582992,0.006791824,0.02423385,0.029100305
43.20571017,0.965925826,0.258819045,0,0,0.523598776,0,0,0.966695726,0.255228281,0.015441629,0.010934442,0.516614561,0.024275537,0.029035468,-0.009119512,-0.000309944,0.002267212,0.163102707,-0.019409526,0.002743359,0.178256229,0.138873249,0.145340025,0.18472302,-0.145340025,-0.18472302,-0.178256229,-0.138873249,0.006984215,0.024275537,0.029035468
43.25592017,0.965925826,0.258819045,0,0,0.523598776,0,0,0.966735959,0.255075842,0.015454123,0.010914364,0.516299312,0.024314526,0.028999196,-0.004139543,-0.000475347,0.001332909,0.161868181,-0.019871439,0.002720054,0.179768831,0.140949801,0.146436512,0.185255542,-0.146436512,-0.185255542,-0.179768831,-0.140949801,0.007299464,0.024314526,0.028999196
43.3030901,0.965925826,0.258819045,0,0,0.523598776,0,0,0.966738105,0.255066305,0.015472471,0.010922872,0.516280539,0.024345944,0.029024799,-0.001130998,-0.000567734,0.001046807,0.162093009,-0.019378959,0.002673817,0.179019526,0.139276668,0.144716769,0.184459627,-0.144716769,-0.184459627,-0.179019526,-0.139276668,0.007318237,0.024345944,0.029024799
43.34972,0.965925826,0.258819045,0,0,0.523598776,0,0,0.966752887,0.25501284,0.01545297,0.010888674,0.516168371,0.024327301,0.028947331,-0.005218387,0.00083819,7.82E-05,0.162368232,-0.019686226,0.002940429,0.178798109,0.140040204,0.145387843,0.184145734,-0.145387843,-0.184145734,-0.178798109,-0.140040204,0.007430405,0.024327301,0.028947331
43.4002502,0.965925826,0.258819045,0,0,0.523598776,0,0,0.96676445,0.254971892,0.015440788,0.010841682,0.516082099,0.024328959,0.028849173,-0.001634657,-0.000722706,-0.001066923,0.161617996,-0.019280652,0.003003754,0.179113984,0.139741555,0.145622417,0.184994847,-0.145622417,-0.184994847,-0.179113984,-0.139741555,0.007516677,0.024328959,0.028849173
43.45050001,0.965925826,0.258819045,0,0,0.523598776,0,0,0.966767371,0.254963666,0.015435558,0.010781179,0.516063542,0.024349973,0.028729262,-0.000825524,0.00403598,-0.001984835,0.161454917,-0.020414176,0.003161287,0.177894846,0.139333561,0.145341069,0.183902353,-0.145341069,-0.183902353,-0.177894846,-0.139333561,0.007535234,0.024349973,0.028729262
43.50563002,0.965925826,0.258819045,0,0,0.523598776,0,0,0.966775119,0.254937291,0.015424855,0.010724633,0.516007296,0.024358921,0.028613747,-0.000217557,-0.002025068,0.003846735,0.161248428,-0.018923005,0.002287186,0.178707764,0.137879431,0.144202009,0.185030326,-0.144202009,-0.185030326,-0.178707764,-0.137879431,0.00759148,0.024358921,0.028613747
43.55249,0.965925826,0.258819045,0,0,0.523598776,0,0,0.96678251,0.254912525,0.015404027,0.010667136,0.515953986,0.024348723,0.028491261,-0.004208088,0.000857562,-0.000815094,0.162180864,-0.019570042,0.003239083,0.177884206,0.140038207,0.144612581,0.182458565,-0.144612581,-0.182458565,-0.177884206,-0.140038207,0.00764479,0.024348723,0.028491261
43.60426021,0.965925826,0.258819045,0,0,0.523598776,0,0,0.966777563,0.254932851,0.015391335,0.010651391,0.515995136,0.024331617,0.028454828,0.005825609,0.000775605,-0.005304814,0.161622824,-0.018639765,0.003045063,0.178511769,0.139371708,0.145849884,0.184989944,-0.145849884,-0.184989944,-0.178511769,-0.139371708,0.00760364,0.024331617,0.028454828
43.65459013,0.965925826,0.258819045,0,0,0.523598776,0,0,0.966791809,0.254881471,0.015399314,0.010581848,0.51588763,0.024384042,0.028323091,-0.001744926,0.002301485,-0.000704825,0.161658986,-0.019896231,0.003204375,0.177217484,0.139937967,0.146028101,0.183307603,-0.146028101,-0.183307603,-0.177217484,-0.139937967,0.007711146,0.024384042,0.028323091
43.70377016,0.965925826,0.258819045,0,0,0.523598776,0,0,0.966781437,0.254921257,0.015403869,0.010562841,0.515969713,0.024401383,0.028289657,0.007765741,-0.000603497,-0.001570583,0.159577418,-0.019195399,0.002938762,0.178350791,0.138558358,0.144967109,0.184759542,-0.144967109,-0.184759542,-0.178350791,-0.138558358,0.007629063,0.024401383,0.028289657
43.74973011,0.965925826,0.258819045,0,0,0.523598776,0,0,0.966777265,0.254941285,0.0153972,0.010475002,0.51600891,0.024432733,0.028116843,0.006686896,0.001037866,0.001122803,0.159764946,-0.01956586,0.002652842,0.175834015,0.13744323,0.143320754,0.18171154,-0.143320754,-0.18171154,-0.175834015,-0.13744323,0.007589866,0.024432733,0.028116843
43.80010009,0.965925826,0.258819045,0,0,0.523598776,0,0,0.96676439,0.254993945,0.015348237,0.010455742,0.516115377,0.024346357,0.028055881,0.005335361,0.002337247,-0.000609458,0.160063165,-0.01982084,0.002995459,0.176677912,0.137546226,0.142851904,0.181983605,-0.142851904,-0.181983605,-0.176677912,-0.137546226,0.007483399,0.024346357,0.028055881
43.85863018,0.965925826,0.258819045,0,0,0.523598776,0,0,0.966777503,0.254943877,0.01536011,0.010447754,0.516012116,0.024374843,0.028045238,0.00365302,-0.003626942,0.001700967,0.162848371,-0.019960615,0.003901433,0.176888496,0.137246847,0.143237755,0.182879418,-0.143237755,-0.182879418,-0.176888496,-0.137246847,0.00758666,0.024374843,0.028045238
43.90352011,0.965925826,0.258819045,0,0,0.523598776,0,0,0.966784537,0.254915267,0.015372209,0.010465289,0.515953885,0.024390124,0.028084625,-0.001740456,-2.83E-05,0.003070384,0.160417542,-0.018382177,0.002731732,0.178907499,0.138986304,0.146789163,0.186710373,-0.146789163,-0.186710373,-0.178907499,-0.138986304,0.007644891,0.024390124,0.028084625
43.95531011,0.965925826,0.258819045,0,0,0.523598776,0,0,0.966794252,0.254877359,0.015372829,0.010496179,0.515876138,0.02437666,0.028143735,0.001104921,0.002873689,0.004353375,0.160965345,-0.019994851,0.002360736,0.176067948,0.13930361,0.144767076,0.181531399,-0.144767076,-0.181531399,-0.176067948,-0.13930361,0.007722638,0.02437666,0.028143735
44.00388002,0.965925826,0.258819045,0,0,0.523598776,0,0,0.966807067,0.254827648,0.015390175,0.010499255,0.515774086,0.024410081,0.028157296,-0.00256151,0.004694612,0.005479903,0.161767342,-0.020455838,0.002344384,0.178599417,0.138609737,0.1433312,0.18332088,-0.1433312,-0.18332088,-0.178599417,-0.138609737,0.00782469,0.024410081,0.028157296
44.04959011,0.965925826,0.258819045,0,0,0.523598776,0,0,0.966812253,0.254804105,0.015412641,0.010559737,0.515727651,0.024423356,0.028285177,0.002101809,0.00455901,0.002140552,0.160809956,-0.020461989,0.00259615,0.179878742,0.138967097,0.143655866,0.184567511,-0.143655866,-0.184567511,-0.179878742,-0.138967097,0.007871125,0.024423356,0.028285177
44.10009003,0.965925826,0.258819045,0,0,0.523598776,0,0,0.966828465,0.254741371,0.015419973,0.010579113,0.515598611,0.024429489,0.028324819,-0.000856817,0.000252575,-0.001098215,0.161524714,-0.019418204,0.003229189,0.178675741,0.137751788,0.142944098,0.183868051,-0.142944098,-0.183868051,-0.178675741,-0.137751788,0.008000165,0.024429489,0.028324819
44.14970016,0.965925826,0.258819045,0,0,0.523598776,0,0,0.966854751,0.254640192,0.015424978,0.010604448,0.515390095,0.024429216,0.028373829,-0.002034009,5.74E-05,0.003809482,0.16175311,-0.019392064,0.002478655,0.177713677,0.138877302,0.145335674,0.184172064,-0.145335674,-0.184172064,-0.177713677,-0.138877302,0.008208681,0.024429216,0.028373829
44.21055007,0.965925826,0.258819045,0,0,0.523598776,0,0,0.966872811,0.254567295,0.015459786,0.010647293,0.515241769,0.024476835,0.028472646,-0.002773106,0.001793355,0.002021343,0.162662748,-0.020252932,0.003139459,0.178666472,0.139882371,0.144839674,0.183623776,-0.144839674,-0.183623776,-0.178666472,-0.139882371,0.008357007,0.024476835,0.028472646
44.25517011,0.965925826,0.258819045,0,0,0.523598776,0,0,0.966873527,0.254564166,0.015422849,0.010722253,0.515235329,0.024367293,0.028598718,0.00737384,0.002249331,0.003217906,0.159743446,-0.019965968,0.002006112,0.179776177,0.139270335,0.145549253,0.186055094,-0.145549253,-0.186055094,-0.179776177,-0.139270335,0.008363447,0.024367293,0.028598718
44.30089998,0.965925826,0.258819045,0,0,0.523598776,0,0,0.966895044,0.254480869,0.015425435,0.010750308,0.515063791,0.024360467,0.028652213,-0.004285574,0.001943857,0.00300631,0.162323012,-0.019891635,0.002537593,0.177703261,0.137771338,0.141783565,0.181715474,-0.141783565,-0.181715474,-0.177703261,-0.137771338,0.008534985,0.024360467,0.028652213
44.34970021,0.965925826,0.258819045,0,0,0.523598776,0,0,0.966909111,0.254425555,0.01544061,0.01077015,0.514950471,0.024381346,0.02869695,-0.003007054,0.008811057,-0.000667572,0.162118949,-0.021578442,0.003017908,0.17967701,0.139893755,0.144968942,0.184752196,-0.144968942,-0.184752196,-0.17967701,-0.139893755,0.008648305,0.024381346,0.02869695
44.40011001,0.965925826,0.258819045,0,0,0.523598776,0,0,0.96692729,0.254354298,0.015453581,0.010798573,0.514804282,0.024394073,0.028756759,-0.000330806,-0.004385412,0.005906076,0.161472629,-0.018404366,0.001862585,0.18067944,0.137522578,0.143558398,0.186715245,-0.143558398,-0.186715245,-0.18067944,-0.137522578,0.008794494,0.024394073,0.028756759
44.45025015,0.965925826,0.258819045,0,0,0.523598776,0,0,0.96693331,0.254326969,0.015496316,0.010846714,0.514750595,0.024453021,0.028871002,4.69E-05,0.00083074,0.000683218,0.161475953,-0.019722631,0.00261116,0.178014368,0.141205654,0.144930825,0.181739539,-0.144930825,-0.181739539,-0.178014368,-0.141205654,0.008848181,0.024453021,0.028871002
44.50791001,0.965925826,0.258819045,0,0,0.523598776,0,0,0.966961086,0.254215598,0.015522868,0.010945343,0.514523537,0.024457502,0.029072539,0.001583248,0.00558123,0.000263005,0.161187588,-0.019436561,0.002080879,0.178587377,0.139142141,0.144364461,0.183809698,-0.144364461,-0.183809698,-0.178587377,-0.139142141,0.009075239,0.024457502,0.029072539
44.56008005,0.965925826,0.258819045,0,0,0.523598776,0,0,0.966973305,0.254167557,0.015557297,0.010938781,0.514425463,0.024528869,0.029076175,-0.002859533,-0.000572205,0.002863258,0.162144643,-0.019473796,0.002310982,0.178543225,0.139670119,0.143831879,0.182704985,-0.143831879,-0.182704985,-0.178543225,-0.139670119,0.009173313,0.024528869,0.029076175
44.60517001,0.965925826,0.258819045,0,0,0.523598776,0,0,0.966979265,0.254144043,0.015547701,0.01096202,0.514376992,0.024499196,0.029115653,-0.001358986,-0.000670552,0.000671297,0.161858551,-0.019443845,0.002558557,0.179307416,0.140359834,0.144981802,0.183929369,-0.144981802,-0.183929369,-0.179307416,-0.140359834,0.009221784,0.024499196,0.029115653
44.64961004,0.965925826,0.258819045,0,0,0.523598776,0,0,0.966984451,0.25412634,0.015520854,0.010960205,0.514339157,0.024448727,0.029098007,-0.007504226,-0.004047156,0.003453345,0.163162659,-0.018593539,0.002406965,0.178743795,0.13985613,0.144973233,0.183860913,-0.144973233,-0.183860913,-0.178743795,-0.13985613,0.009259619,0.024448727,0.029098007
44.70008016,0.965925826,0.258819045,0,0,0.523598776,0,0,0.966991007,0.254101098,0.015507373,0.010991573,0.514287036,0.024407456,0.029151188,0.004107506,0.000823289,0.003219396,0.160648686,-0.01978438,0.001859832,0.179349184,0.142162129,0.146976054,0.184163108,-0.146976054,-0.184163108,-0.179349184,-0.142162129,0.00931174,0.024407456,0.029151188
44.75507021,0.965925826,0.258819045,0,0,0.523598776,0,0,0.967006087,0.254041851,0.015533394,0.010987726,0.514165586,0.024461527,0.02915551,0.000105053,0.005235523,-0.000235438,0.161592977,-0.020873489,0.002581144,0.178573191,0.139004454,0.142724112,0.182292849,-0.142724112,-0.182292849,-0.178573191,-0.139004454,0.00943319,0.024461527,0.02915551
44.80139017,0.965925826,0.258819045,0,0,0.523598776,0,0,0.96701622,0.254001588,0.015558415,0.011000796,0.514083619,0.024504486,0.029192523,0.000425428,0.002149493,0.003246218,0.161481722,-0.019279401,0.001703042,0.179885268,0.138138324,0.143300608,0.185047567,-0.143300608,-0.185047567,-0.179885268,-0.138138324,0.009515157,0.024504486,0.029192523
44.85457015,0.965925826,0.258819045,0,0,0.523598776,0,0,0.967032015,0.253945202,0.015507239,0.010978173,0.513964378,0.024418709,0.02912126,0.005771965,-0.003431738,0.004402548,0.160327306,-0.018748494,0.001612564,0.17905803,0.140499249,0.143905342,0.182464123,-0.143905342,-0.182464123,-0.17905803,-0.140499249,0.009634398,0.024418709,0.02912126
44.90380001,0.965925826,0.258819045,0,0,0.523598776,0,0,0.967031419,0.253948301,0.015496339,0.010972109,0.513970204,0.024400617,0.029104056,-0.005668402,0.009191781,-0.001339615,0.162901418,-0.021785409,0.003011148,0.177463189,0.13996622,0.143191352,0.180688322,-0.143191352,-0.180688322,-0.177463189,-0.13996622,0.009628572,0.024400617,0.029104056
44.95061016,0.965925826,0.258819045,0,0,0.523598776,0,0,0.967037201,0.253926277,0.015505579,0.010961129,0.513924797,0.024424733,0.029086961,-0.00268817,0.002590567,0.001291186,0.162223555,-0.020193321,0.002489303,0.181675628,0.138104841,0.144127131,0.187697932,-0.144127131,-0.187697932,-0.181675628,-0.138104841,0.009673979,0.024424733,0.029086961
45.00051999,0.965925826,0.258819045,0,0,0.523598776,0,0,0.96703583,0.253932565,0.015468147,0.010990032,0.513936841,0.02433745,0.02912398,-0.000704825,0.001782924,-0.000576675,0.161816375,-0.019964616,0.002654799,0.179927528,0.139540911,0.144519508,0.184906125,-0.144519508,-0.184906125,-0.179927528,-0.139540911,0.009661935,0.02433745,0.02912398
45.05002999,0.965925826,0.258819045,0,0,0.523598776,0,0,0.967053115,0.253867239,0.015484867,0.010954314,0.513801672,0.02438991,0.029061738,-0.003238023,0.002255291,0.001362711,0.162364668,-0.020087756,0.002502305,0.179126143,0.139196932,0.144506529,0.18443574,-0.144506529,-0.18443574,-0.179126143,-0.139196932,0.009797104,0.02438991,0.029061738
45.10002017,0.965925826,0.258819045,0,0,0.523598776,0,0,0.967053771,0.253865033,0.015459658,0.010980349,0.513796628,0.024327986,0.029099224,-0.00205189,0.001510233,0.000681728,0.162117981,-0.019887766,0.002522818,0.179950073,0.139774591,0.14477919,0.184954688,-0.14477919,-0.184954688,-0.179950073,-0.139774591,0.009802148,0.024327986,0.029099224
45.16567016,0.965925826,0.258819045,0,0,0.523598776,0,0,0.967060506,0.253837526,0.01549119,0.010982666,0.51374111,0.024388626,0.029119066,0.003502518,0.000257045,0.000179559,0.161900975,-0.020492171,0.002856962,0.179482877,0.139707372,0.144753009,0.184528515,-0.144753009,-0.184528515,-0.179482877,-0.139707372,0.009857666,0.024388626,0.029119066
45.20050001,0.965925826,0.258819045,0,0,0.523598776,0,0,0.967053354,0.253866732,0.015498511,0.010925413,0.51380057,0.024431006,0.029012752,0.002705306,0.00442788,0.001121312,0.161070737,-0.020626992,0.002296931,0.179536134,0.138551816,0.144265741,0.185250059,-0.144265741,-0.185250059,-0.179536134,-0.138551816,0.009798206,0.024431006,0.029012752
45.25061011,0.965925826,0.258819045,0,0,0.523598776,0,0,0.967042983,0.253907502,0.015483412,0.010923604,0.513884166,0.024401496,0.02900259,0.002808124,-0.000528991,-0.002187491,0.161077722,-0.019397968,0.002826591,0.177649051,0.138853133,0.14450632,0.183302239,-0.14450632,-0.183302239,-0.177649051,-0.138853133,0.00971461,0.024401496,0.02900259
45.29956007,0.965925826,0.258819045,0,0,0.523598776,0,0,0.967048883,0.253887355,0.015481662,0.010872328,0.513841298,0.024424778,0.028901978,-0.001230836,-0.001376867,-0.002512336,0.161969157,-0.019170006,0.003117229,0.177649051,0.138853133,0.14450632,0.183302239,-0.14450632,-0.183302239,-0.177649051,-0.138853133,0.009757478,0.024424778,0.028901978
45.36831021,0.965925826,0.258819045,0,0,0.523598776,0,0,0.967033803,0.253945082,0.015483346,0.01086095,0.513960513,0.024432094,0.028882279,0.000406057,0.001563877,0.001747161,0.160933813,-0.019234245,0.002291776,0.177876234,0.139407769,0.143991321,0.182459787,-0.143991321,-0.182459787,-0.177876234,-0.139407769,0.009638263,0.024432094,0.028882279
45.4036901,0.965925826,0.258819045,0,0,0.523598776,0,0,0.967033207,0.253949076,0.01546035,0.010849006,0.513967562,0.02439357,0.02884756,0.000663847,-0.00192672,-0.001734495,0.16153056,-0.019894086,0.002380916,0.177876234,0.139407769,0.143991321,0.182459787,-0.143991321,-0.182459787,-0.177876234,-0.139407769,0.009631214,0.02439357,0.02884756
45.4542501,0.965925826,0.258819045,0,0,0.523598776,0,0,0.967026889,0.253973752,0.015451356,0.010832448,0.514017936,0.024383861,0.02881157,0.003505498,-0.006623567,-0.000593066,0.161520088,-0.019010405,0.002933334,0.17904368,0.139255539,0.144017369,0.18380551,-0.144017369,-0.18380551,-0.17904368,-0.139255539,0.00958084,0.024383861,0.02881157
45.51110005,0.965925826,0.258819045,0,0,0.523598776,0,0,0.967013419,0.254025221,0.015455026,0.010834352,0.514124509,0.024388456,0.028818418,0.005146116,-0.005415082,0.004214793,0.160428836,-0.018167501,0.001821383,0.177597106,0.139576331,0.145442992,0.183463782,-0.145442992,-0.183463782,-0.177597106,-0.139576331,0.009474267,0.024388456,0.028818418
45.55023003,0.965925826,0.258819045,0,0,0.523598776,0,0,0.966991842,0.254105926,0.015464749,0.010847304,0.514292149,0.024398268,0.028850469,0.00378713,0.003112108,-0.002378226,0.160786559,-0.020242452,0.002893023,0.176774904,0.140439928,0.144082695,0.180417672,-0.144082695,-0.180417672,-0.176774904,-0.140439928,0.009306627,0.024398268,0.028850469
45.61031008,0.965925826,0.258819045,0,0,0.523598776,0,0,0.966984391,0.254134268,0.015469338,0.010852955,0.514351014,0.02440342,0.028864452,0.005409867,-0.000587106,0.000803918,0.160377268,-0.01935646,0.002325052,0.178135946,0.137651056,0.143437102,0.183921993,-0.143437102,-0.183921993,-0.178135946,-0.137651056,0.009247762,0.02440342,0.028864452
45.6542902,0.965925826,0.258819045,0,0,0.523598776,0,0,0.96696496,0.254207551,0.01545484,0.010882523,0.514502649,0.024358147,0.028916117,0.000616163,0.000987202,0.001018494,0.161395003,-0.019729448,0.002475441,0.177408636,0.138695732,0.143345833,0.182058737,-0.143345833,-0.182058737,-0.177408636,-0.138695732,0.009096127,0.024358147,0.028916117
45.70901012,0.965925826,0.258819045,0,0,0.523598776,0,0,0.966943026,0.254284143,0.015512665,0.010963224,0.514665263,0.024426605,0.029103662,0.003974885,3.65E-05,0.001815707,0.160873862,-0.019726022,0.001539281,0.179060549,0.139608532,0.142687097,0.182139114,-0.142687097,-0.182139114,-0.179060549,-0.139608532,0.008933513,0.024426605,0.029103662
45.75234008,0.965925826,0.258819045,0,0,0.523598776,0,0,0.966935933,0.254312247,0.015503628,0.010950764,0.514722724,0.024414627,0.029075657,0.008363277,-0.003378093,0.000561029,0.160625108,-0.019587095,0.002132756,0.179060549,0.139608532,0.142687097,0.182139114,-0.142687097,-0.182139114,-0.179060549,-0.139608532,0.008876052,0.024414627,0.029075657
45.80263019,0.965925826,0.258819045,0,0,0.523598776,0,0,0.966909409,0.254414082,0.015478784,0.010965079,0.51493259,0.024356227,0.029093245,0.002514571,-1.49E-05,0.002897531,0.159670254,-0.018744506,0.002153096,0.178079396,0.138905227,0.143170744,0.182344913,-0.143170744,-0.182344913,-0.178079396,-0.138905227,0.008666186,0.024356227,0.029093245
45.84947014,0.965925826,0.258819045,0,0,0.523598776,0,0,0.966903806,0.254435122,0.015491867,0.01095499,0.514976429,0.024386034,0.029080931,0.003484637,0.001635402,0.0030078,0.160657636,-0.019954093,0.001977318,0.176261619,0.138772622,0.143078819,0.180567816,-0.143078819,-0.180567816,-0.176261619,-0.138772622,0.008622347,0.024386034,0.029080931
45.90076017,0.965925826,0.258819045,0,0,0.523598776,0,0,0.966885567,0.254501671,0.015492002,0.011014441,0.515115408,0.024354003,0.029197691,0.000751764,0.001273304,0.000336021,0.161268327,-0.019876184,0.002464633,0.17863436,0.138726205,0.142680839,0.182588995,-0.142680839,-0.182588995,-0.17863436,-0.138726205,0.008483368,0.024354003,0.029197691
45.95145011,0.965925826,0.258819045,0,0,0.523598776,0,0,0.966886222,0.254498929,0.015500532,0.011009688,0.515109988,0.024373002,0.029192781,0.006725639,-0.000782311,0.003931671,0.159914511,-0.019395873,0.0016392,0.178679824,0.13892749,0.143856749,0.183609098,-0.143856749,-0.183609098,-0.178679824,-0.13892749,0.008488788,0.024373002,0.029192781
46.00126004,0.965925826,0.258819045,0,0,0.523598776,0,0,0.966873884,0.254543304,0.015507966,0.011056263,0.515203115,0.024362306,0.029287794,0.007279962,-0.002148748,0.00327304,0.159787329,-0.019084243,0.001676468,0.177671134,0.138879418,0.142157808,0.180949539,-0.142157808,-0.180949539,-0.177671134,-0.138879418,0.008395661,0.024362306,0.029287794
46.05187011,0.965925826,0.258819045,0,0,0.523598776,0,0,0.966874838,0.254538208,0.015503417,0.011101311,0.515193339,0.024330706,0.029372489,0.003103167,-0.000117719,0.004268438,0.161285093,-0.018493187,0.002640975,0.177195057,0.139026597,0.142379522,0.180547997,-0.142379522,-0.180547997,-0.177195057,-0.139026597,0.008405437,0.024330706,0.029372489
46.11353016,0.965925826,0.258819045,0,0,0.523598776,0,0,0.96686852,0.254557908,0.015530041,0.011144537,0.515236279,0.024359569,0.029470205,0.000340492,0.005855411,0.002948194,0.161306981,-0.021074699,0.001935121,0.177137256,0.140150905,0.14543286,0.182419211,-0.14543286,-0.182419211,-0.177137256,-0.140150905,0.008362497,0.024359569,0.029470205
46.14966011,0.965925826,0.258819045,0,0,0.523598776,0,0,0.966876388,0.254524887,0.015581939,0.011156508,0.515170395,0.024454835,0.029519019,-0.001087785,0.00095889,0.006040186,0.161588095,-0.019945391,0.001524324,0.180446506,0.138297141,0.142167374,0.184316754,-0.142167374,-0.184316754,-0.180446506,-0.138297141,0.008428381,0.024454835,0.029519019
46.20026016,0.965925826,0.258819045,0,0,0.523598776,0,0,0.96687907,0.254514515,0.015569014,0.011180678,0.515148908,0.024417839,0.029558917,0.000693649,0.00109449,0.003118068,0.161245744,-0.019968028,0.00187261,0.180009112,0.140118361,0.143167004,0.183057755,-0.143167004,-0.183057755,-0.180009112,-0.140118361,0.008449868,0.024417839,0.029558917
46.24940014,0.965925826,0.258819045,0,0,0.523598776,0,0,0.966895103,0.25445348,0.01558612,0.011156808,0.515022892,0.024464947,0.029519927,-0.002801418,-0.000689924,0.002057106,0.162044004,-0.019539044,0.002229982,0.179341108,0.139405087,0.1431503,0.183086336,-0.1431503,-0.183086336,-0.179341108,-0.139405087,0.008575884,0.024464947,0.029519927
46.29946017,0.965925826,0.258819045,0,0,0.523598776,0,0,0.966894865,0.25445354,0.015580011,0.011187182,0.515023406,0.024437657,0.029575571,0.000917167,-0.003106893,0.000517815,0.1612564,-0.018953959,0.002274023,0.179353014,0.140274957,0.144734919,0.183812976,-0.144734919,-0.183812976,-0.179353014,-0.140274957,0.00857537,0.024437657,0.029575571
46.3494401,0.965925826,0.258819045,0,0,0.523598776,0,0,0.966911495,0.254393697,0.015553495,0.011136141,0.514897437,0.024414205,0.02946179,-0.005286932,0.002413243,-0.000594556,0.162644081,-0.020246498,0.002763758,0.177936286,0.140028387,0.144576445,0.182484329,-0.144576445,-0.182484329,-0.177936286,-0.140028387,0.008701339,0.024414205,0.02946179
46.39934015,0.965925826,0.258819045,0,0,0.523598776,0,0,0.966904461,0.254424304,0.015563107,0.01104754,0.514959123,0.024476989,0.029296055,0.002358109,-0.002294779,0.001225621,0.16062258,-0.019561749,0.002366283,0.180126771,0.139633805,0.145161316,0.185654283,-0.145161316,-0.185654283,-0.180126771,-0.139633805,0.008639653,0.024476989,0.029296055
46.45041013,0.965925826,0.258819045,0,0,0.523598776,0,0,0.966907501,0.254416078,0.015535392,0.011003298,0.51493999,0.024446175,0.029196117,-0.005599857,0.003501028,-0.001871586,0.16271481,-0.020449742,0.003114962,0.177818,0.138694525,0.143427089,0.182550564,-0.143427089,-0.182550564,-0.177818,-0.138694525,0.008658786,0.024446175,0.029196117
46.50560999,0.965925826,0.258819045,0,0,0.523598776,0,0,0.966914654,0.254389673,0.015549582,0.010961759,0.514885086,0.024495571,0.029122329,-0.000721216,0.000857562,-0.000829995,0.161645959,-0.019815346,0.002779238,0.180049539,0.139150083,0.145380005,0.186279461,-0.145380005,-0.186279461,-0.180049539,-0.139150083,0.00871369,0.024495571,0.029122329
46.55270004,0.965925826,0.258819045,0,0,0.523598776,0,0,0.966916502,0.254385084,0.015533033,0.01093032,0.514874187,0.024479715,0.029052947,0.002168864,0.000119954,-0.000941753,0.161017075,-0.019611664,0.002695691,0.178682014,0.139051348,0.144609824,0.18424049,-0.144609824,-0.18424049,-0.178682014,-0.139051348,0.008724589,0.024479715,0.029052947
46.60048008,0.965925826,0.258819045,0,0,0.523598776,0,0,0.966920257,0.254376292,0.01550274,0.010842662,0.514852802,0.024466035,0.028867687,0.001620502,-0.000609458,-0.003126264,0.161165918,-0.019371537,0.003151721,0.177933007,0.138709694,0.144101083,0.183324382,-0.144101083,-0.183324382,-0.177933007,-0.138709694,0.008745974,0.024466035,0.028867687
46.65055013,0.965925826,0.258819045,0,0,0.523598776,0,0,0.966939509,0.254305124,0.015497417,0.010806192,0.514704559,0.024476433,0.028792612,0.001767278,-0.000263751,0.000542402,0.16098209,-0.020054163,0.002328762,0.177385688,0.138642639,0.144946083,0.183689132,-0.144946083,-0.183689132,-0.177385688,-0.138642639,0.008894217,0.024476433,0.028792612
46.70191002,0.965925826,0.258819045,0,0,0.523598776,0,0,0.966948271,0.254270285,0.01551872,0.010815043,0.514633578,0.024514163,0.028819717,-0.001403689,0.003422052,0.004877896,0.161531503,-0.020163109,0.00284516,0.178707451,0.138599142,0.143256664,0.183364972,-0.143256664,-0.183364972,-0.178707451,-0.138599142,0.008965198,0.024514163,0.028819717
46.75003004,0.965925826,0.258819045,0,0,0.523598776,0,0,0.966959119,0.254228532,0.015498502,0.010857976,0.5145473,0.024454454,0.028891412,-0.00512749,0.001884252,0.003322214,0.162604209,-0.019985113,0.002412736,0.178849399,0.138523206,0.144213527,0.18453972,-0.144213527,-0.18453972,-0.178849399,-0.138523206,0.009051476,0.024454454,0.028891412
46.80348015,0.965925826,0.258819045,0,0,0.523598776,0,0,0.966983497,0.254132956,0.015530061,0.01087636,0.51435139,0.024508993,0.028940649,0.000945479,-0.002424419,0.005754083,0.16128567,-0.01898523,0.001743808,0.178527042,0.140556604,0.14404422,0.182014659,-0.14404422,-0.182014659,-0.178527042,-0.140556604,0.009247386,0.024508993,0.028940649
46.86016011,0.965925826,0.258819045,0,0,0.523598776,0,0,0.96698308,0.254132777,0.015520489,0.010926148,0.51435174,0.024465156,0.029032095,-0.001168251,0.002615899,-0.000920892,0.161841918,-0.020201591,0.002822692,0.178527042,0.140556604,0.14404422,0.182014659,-0.14404422,-0.182014659,-0.178527042,-0.140556604,0.009247036,0.024465156,0.029032095
46.9031601,0.965925826,0.258819045,0,0,0.523598776,0,0,0.967012048,0.254022777,0.015528698,0.010907898,0.514124196,0.024493617,0.028998184,-0.001877546,-0.000321865,0.004594773,0.16196095,-0.01950004,0.002008645,0.179220766,0.138817608,0.144463003,0.18486616,-0.144463003,-0.18486616,-0.179220766,-0.138817608,0.00947458,0.024493617,0.028998184
46.95252013,0.965925826,0.258819045,0,0,0.523598776,0,0,0.96703738,0.253924251,0.015551032,0.01093431,0.51392191,0.02452634,0.029058163,-0.011174381,-0.002245605,-0.00077039,0.160862172,-0.019309202,0.001885559,0.1794523,0.140452236,0.144469529,0.183469594,-0.144469529,-0.183469594,-0.1794523,-0.140452236,0.009676866,0.02452634,0.029058163
47.00437021,0.965925826,0.258819045,0,0,0.523598776,0,0,0.967061698,0.253834754,0.015498887,0.010920919,0.513734404,0.024434976,0.029003444,-0.000344217,-0.001999736,-0.001016259,0.164095255,-0.019043474,0.003258639,0.178285763,0.139667392,0.143438503,0.182056889,-0.143438503,-0.182056889,-0.178285763,-0.139667392,0.009864372,0.024434976,0.029003444
47.05704021,0.965925826,0.258819045,0,0,0.523598776,0,0,0.967072308,0.253798217,0.015460532,0.010893584,0.51365657,0.024375772,0.028930104,0.000423938,-1.04E-05,0.00160411,0.161586593,-0.01949669,0.002356207,0.179880038,0.141793117,0.148310393,0.186397314,-0.148310393,-0.186397314,-0.179880038,-0.141793117,0.009942206,0.024375772,0.028930104
47.10007,0.965925826,0.258819045,0,0,0.523598776,0,0,0.967083752,0.25375241,0.015487906,0.010904519,0.513563251,0.024424535,0.028964039,-0.000545383,-0.001393259,0.002274662,0.161806685,-0.01919234,0.002290485,0.178727031,0.139733672,0.14444609,0.183439448,-0.14444609,-0.183439448,-0.178727031,-0.139733672,0.010035525,0.024424535,0.028964039
47.14964008,0.965925826,0.258819045,0,0,0.523598776,0,0,0.96709311,0.25371623,0.015511598,0.010881119,0.51348893,0.024483332,0.028929904,-0.006487967,0.007047505,-0.002370775,0.163178609,-0.021249135,0.00330151,0.178708494,0.140323833,0.144904807,0.183289468,-0.144904807,-0.183289468,-0.178708494,-0.140323833,0.010109846,0.024483332,0.028929904
47.20190001,0.965925826,0.258819045,0,0,0.523598776,0,0,0.967110336,0.253650993,0.015507838,0.010875695,0.513353751,0.024480764,0.028915844,0.004791468,-2.53E-05,0.001811236,0.160685061,-0.019541222,0.002145469,0.181126177,0.138627946,0.145230964,0.18772921,-0.145230964,-0.18772921,-0.181126177,-0.138627946,0.010245025,0.024480764,0.028915844
47.25026011,0.965925826,0.258819045,0,0,0.523598776,0,0,0.967124999,0.253594279,0.015522758,0.01087666,0.513237106,0.02451083,0.028923863,-0.006601215,0.004080683,0.001848489,0.163190456,-0.020545805,0.00264944,0.178080767,0.138998345,0.143289283,0.182371706,-0.143289283,-0.182371706,-0.178080767,-0.138998345,0.01036167,0.02451083,0.028923863
47.30260015,0.965925826,0.258819045,0,0,0.523598776,0,0,0.967155397,0.253477424,0.015558524,0.010849423,0.512996365,0.02459733,0.028886375,0.001249462,0.000215322,0.000212342,0.163318328,-0.020039682,0.002607941,0.180750027,0.140670687,0.14588657,0.185965911,-0.14588657,-0.185965911,-0.180750027,-0.140670687,0.010602411,0.02459733,0.028886375
47.34992003,0.965925826,0.258819045,0,0,0.523598776,0,0,0.967167258,0.253432542,0.015516465,0.010892169,0.512902771,0.024495624,0.028946578,0.001906604,0.000912696,0.004594773,0.161361842,-0.019786265,0.001805818,0.17934224,0.139769733,0.143381372,0.182953879,-0.143381372,-0.182953879,-0.17934224,-0.139769733,0.010696005,0.024495624,0.028946578
47.40096998,0.965925826,0.258819045,0,0,0.523598776,0,0,0.967181504,0.253380537,0.015495621,0.010862017,0.512793717,0.024472154,0.028876324,-0.005319715,-0.000195205,-0.001072883,0.163033959,-0.019467784,0.003055222,0.179446474,0.140510932,0.146621376,0.185556918,-0.146621376,-0.185556918,-0.179446474,-0.140510932,0.010805059,0.024472154,0.028876324
47.44989014,0.965925826,0.258819045,0,0,0.523598776,0,0,0.967184722,0.253369778,0.015491062,0.010847962,0.512770882,0.024470783,0.02884653,0.005648285,0.00121221,-0.00038743,0.160633961,-0.019812874,0.00245583,0.179446474,0.140510932,0.146621376,0.185556918,-0.146621376,-0.185556918,-0.179446474,-0.140510932,0.010827894,0.024470783,0.02884653
47.50056005,0.965925826,0.258819045,0,0,0.523598776,0,0,0.967172801,0.253413528,0.015521489,0.010842241,0.512862523,0.02453124,0.028852032,0.000112504,-0.001889467,-0.002242625,0.161852463,-0.019079165,0.003023931,0.177990958,0.138365239,0.1432769,0.182902619,-0.1432769,-0.182902619,-0.177990958,-0.138365239,0.010736253,0.02453124,0.028852032
47.55337,0.965925826,0.258819045,0,0,0.523598776,0,0,0.967190623,0.253345251,0.015513269,0.010858907,0.512721369,0.024508923,0.028878376,-0.005619228,-0.002816319,0.003466756,0.162440948,-0.019989726,0.002458984,0.177907646,0.139749348,0.145797208,0.183955505,-0.145797208,-0.183955505,-0.177907646,-0.139749348,0.010877407,0.024508923,0.028878376
47.60431004,0.965925826,0.258819045,0,0,0.523598776,0,0,0.967207372,0.253277451,0.015543704,0.010905867,0.512583501,0.024546012,0.028982992,0.000878424,0.003988296,0.004322082,0.162623375,-0.020970348,0.002379081,0.179971635,0.139992207,0.144910187,0.184889615,-0.144910187,-0.184889615,-0.179971635,-0.139992207,0.011015275,0.024546012,0.028982992
47.65564013,0.965925826,0.258819045,0,0,0.523598776,0,0,0.967211068,0.253259599,0.015573886,0.010944219,0.512548751,0.02458549,0.029072092,-0.003685057,0.000216812,0.003305823,0.162667452,-0.019684446,0.002213134,0.181214601,0.139273927,0.144032091,0.18597275,-0.144032091,-0.18597275,-0.181214601,-0.139273927,0.011050025,0.02458549,0.029072092
47.70097017,0.965925826,0.258819045,0,0,0.523598776,0,0,0.967229545,0.253186703,0.015584785,0.010980191,0.5123993,0.024590531,0.029145388,-0.002790987,0.002457947,0.003341585,0.162502189,-0.020252811,0.002120097,0.180138722,0.140769854,0.14519611,0.184564978,-0.14519611,-0.184564978,-0.180138722,-0.140769854,0.011199476,0.024590531,0.029145388
47.75266004,0.965925826,0.258819045,0,0,0.523598776,0,0,0.967242301,0.253136665,0.015559694,0.01104535,0.512296214,0.024510478,0.029257479,0.004521758,-0.003376604,0.006645174,0.160882774,-0.018839732,0.001202392,0.178520069,0.14084062,0.143245414,0.180924848,-0.143245414,-0.180924848,-0.178520069,-0.14084062,0.011302562,0.024510478,0.029257479
47.80370998,0.965925826,0.258819045,0,0,0.523598776,0,0,0.967252612,0.25309369,0.015584197,0.011090687,0.512209419,0.024536209,0.029356569,-0.001108647,-0.002519786,0.001994521,0.162195067,-0.01907279,0.002143409,0.178520069,0.14084062,0.143245414,0.180924848,-0.143245414,-0.180924848,-0.178520069,-0.14084062,0.011389357,0.024536209,0.029356569
47.85352015,0.965925826,0.258819045,0,0,0.523598776,0,0,0.967256784,0.253076792,0.015579632,0.011122334,0.512174965,0.024511854,0.029415069,0.006698817,0.002222508,0.002846867,0.160485302,-0.020240406,0.001606413,0.179119244,0.138638467,0.141851291,0.182332069,-0.141851291,-0.182332069,-0.179119244,-0.138638467,0.011423811,0.024511854,0.029415069
47.90545011,0.965925826,0.258819045,0,0,0.523598776,0,0,0.967261791,0.253057361,0.015579741,0.011133922,0.512135021,0.024506786,0.029437058,0.004331023,0.00121966,0.002019852,0.161781153,-0.020779436,0.001950335,0.18061021,0.139051363,0.142952025,0.184510872,-0.142952025,-0.184510872,-0.18061021,-0.139051363,0.011463755,0.024506786,0.029437058
47.95075011,0.965925826,0.258819045,0,0,0.523598776,0,0,0.967267692,0.253034711,0.015584173,0.011130827,0.512088307,0.024517616,0.029432742,0.003866107,-0.002071262,0.002605468,0.161124791,-0.019199718,0.001772597,0.178551868,0.140152454,0.143697649,0.182097062,-0.143697649,-0.182097062,-0.178551868,-0.140152454,0.011510469,0.024517616,0.029432742
48.00016999,0.965925826,0.258819045,0,0,0.523598776,0,0,0.967265606,0.253040165,0.015577827,0.01119516,0.512100741,0.024472583,0.029554165,0.004709513,-0.00090003,0.006452949,0.160888887,-0.019505957,0.001056192,0.178551868,0.140152454,0.143697649,0.182097062,-0.143697649,-0.182097062,-0.178551868,-0.140152454,0.011498035,0.024472583,0.029554165
48.05220008,0.965925826,0.258819045,0,0,0.523598776,0,0,0.967279553,0.25298354,0.015615944,0.011214846,0.511985754,0.024538085,0.029610174,-0.001345575,-0.001481176,-0.002409518,0.162356308,-0.019386546,0.002712725,0.179338604,0.140326709,0.142439097,0.181450993,-0.142439097,-0.181450993,-0.179338604,-0.140326709,0.011613022,0.024538085,0.029610174
48.10015011,0.965925826,0.258819045,0,0,0.523598776,0,0,0.967269301,0.253021181,0.015606483,0.011270378,0.512064352,0.024490497,0.029713798,0.011541697,-0.000697375,0.005327911,0.159417863,-0.019611455,0.00085064,0.179030076,0.140257016,0.145682469,0.184455529,-0.145682469,-0.184455529,-0.179030076,-0.140257016,0.011534424,0.024490497,0.029713798
48.15038013,0.965925826,0.258819045,0,0,0.523598776,0,0,0.967253804,0.253078341,0.015617729,0.011294514,0.512183593,0.024498271,0.029767667,-0.002555549,0.009842963,-0.004020332,0.162611188,-0.022163641,0.002915023,0.178178638,0.138955742,0.140657023,0.179879904,-0.140657023,-0.179879904,-0.178178638,-0.138955742,0.011415183,0.024498271,0.029767667
48.21200013,0.965925826,0.258819045,0,0,0.523598776,0,0,0.967260838,0.253049493,0.015610896,0.01134611,0.512124801,0.024459801,0.029863325,0.003717095,-0.003778935,0.002532452,0.16328528,-0.021372021,0.002216816,0.181859761,0.137532502,0.143362552,0.187689796,-0.143362552,-0.187689796,-0.181859761,-0.137532502,0.011473975,0.024459801,0.029863325
48.26109004,0.965925826,0.258819045,0,0,0.523598776,0,0,0.967262983,0.253040224,0.015623663,0.011349655,0.512106284,0.02448299,0.02987643,-0.002527237,0.001319498,0.000133365,0.162563964,-0.020120665,0.002221795,0.18244043,0.139696419,0.144130051,0.186874062,-0.144130051,-0.186874062,-0.18244043,-0.139696419,0.011492492,0.02448299,0.02987643
48.3005302,0.965925826,0.258819045,0,0,0.523598776,0,0,0.967249095,0.253094107,0.015616328,0.01135231,0.512217368,0.02446579,0.029879205,-0.001181662,0.004988164,0.000435859,0.162246182,-0.02100849,0.002102282,0.180462793,0.140221477,0.144665077,0.184906378,-0.144665077,-0.184906378,-0.180462793,-0.140221477,0.011381408,0.02446579,0.029879205
48.35189009,0.965925826,0.258819045,0,0,0.523598776,0,0,0.967238784,0.253132939,0.015608463,0.011368238,0.512297713,0.024441303,0.029907023,0.005344302,-0.000342727,0.002009422,0.160783837,-0.019717015,0.00155476,0.181152344,0.139135391,0.143339947,0.1853569,-0.143339947,-0.1853569,-0.181152344,-0.139135391,0.011301063,0.024441303,0.029907023
48.40208006,0.965925826,0.258819045,0,0,0.523598776,0,0,0.967217207,0.253216177,0.015594776,0.011370036,0.512469258,0.024411341,0.029905653,0.005953759,0.000561029,-0.000719726,0.16065601,-0.019918372,0.001954757,0.178946048,0.139512032,0.142621562,0.182055563,-0.142621562,-0.182055563,-0.178946048,-0.139512032,0.011129518,0.024411341,0.029905653
48.45875001,0.965925826,0.258819045,0,0,0.523598776,0,0,0.967206001,0.25325951,0.015607973,0.011348399,0.5125589,0.024446499,0.029871575,0.005603582,-0.001557171,0.002285093,0.160673901,-0.01941585,0.001532314,0.178619578,0.138782859,0.142692372,0.182529092,-0.142692372,-0.182529092,-0.178619578,-0.138782859,0.011039876,0.024446499,0.029871575
48.51012015,0.965925826,0.258819045,0,0,0.523598776,0,0,0.967151165,0.253467023,0.015636409,0.011346251,0.512989185,0.024496187,0.029887117,0.009251387,0.002204627,0.002539902,0.161238253,-0.019480203,0.002306778,0.178557396,0.139725715,0.142790347,0.181622013,-0.142790347,-0.181622013,-0.178557396,-0.139725715,0.010609591,0.024496187,0.029887117
48.55441999,0.965925826,0.258819045,0,0,0.523598776,0,0,0.967131376,0.253543556,0.015601626,0.011370784,0.513146472,0.024414087,0.029918841,0.002519042,-8.20E-05,-0.001469255,0.159791978,-0.020364108,0.001341516,0.178411633,0.13945125,0.144064799,0.183025181,-0.144064799,-0.183025181,-0.178411633,-0.13945125,0.010452304,0.024414087,0.029918841
48.60803008,0.965925826,0.258819045,0,0,0.523598776,0,0,0.967104435,0.253649354,0.015563692,0.011358233,0.513363307,0.024343813,0.029877926,0.005429238,-0.000844896,0.002164394,0.160565233,-0.019545841,0.00156253,0.178814515,0.138086334,0.140769362,0.181497559,-0.140769362,-0.181497559,-0.178814515,-0.138086334,0.010235469,0.024343813,0.029877926
48.65026021,0.965925826,0.258819045,0,0,0.523598776,0,0,0.967084825,0.253720134,0.015596637,0.011398151,0.513511999,0.024385074,0.029973712,0.009112806,0.004761666,0.001841039,0.159738005,-0.0209592,0.001403273,0.1785485,0.139456838,0.142581895,0.181673557,-0.142581895,-0.181673557,-0.1785485,-0.139456838,0.010086777,0.024385074,0.029973712
48.70047998,0.965925826,0.258819045,0,0,0.523598776,0,0,0.967058659,0.253816068,0.015612573,0.011458769,0.513712417,0.024382123,0.030101535,0.010279566,0.000148267,0.002527982,0.159438624,-0.019873679,0.00120011,0.179293886,0.137375504,0.140182048,0.18210043,-0.140182048,-0.18210043,-0.179293886,-0.137375504,0.009886359,0.024382123,0.030101535
48.75678015,0.965925826,0.258819045,0,0,0.523598776,0,0,0.967032075,0.253913492,0.015618755,0.011536581,0.513915858,0.02435149,0.030257694,0.005251915,-0.001689792,0.004868955,0.160474492,-0.019456256,0.000988568,0.178112149,0.138364807,0.140765026,0.180512369,-0.140765026,-0.180512369,-0.178112149,-0.138364807,0.009682918,0.02435149,0.030257694
48.80166006,0.965925826,0.258819045,0,0,0.523598776,0,0,0.96700424,0.254016608,0.015627995,0.01158433,0.514130575,0.024341853,0.030357386,0.001233071,0.003262609,0.005776436,0.161303057,-0.020683616,0.000974457,0.178942129,0.140029639,0.142006785,0.180919275,-0.142006785,-0.180919275,-0.178942129,-0.140029639,0.009468201,0.024341853,0.030357386
48.85185003,0.965925826,0.258819045,0,0,0.523598776,0,0,0.966955304,0.254195869,0.015649939,0.011705455,0.514504933,0.024317022,0.030607429,0.006114691,-0.004257262,0.004141778,0.160040993,-0.020367146,0.000890328,0.181012169,0.139644966,0.141593874,0.182961076,-0.141593874,-0.182961076,-0.181012169,-0.139644966,0.009093843,0.024317022,0.030607429
48.90060019,0.965925826,0.258819045,0,0,0.523598776,0,0,0.966934204,0.254270375,0.015693581,0.011765792,0.51466231,0.024368349,0.030748294,0.000985712,0.003034621,0.007859617,0.161239508,-0.020754715,0.000498594,0.179517761,0.1387835,0.140564159,0.18129842,-0.140564159,-0.18129842,-0.179517761,-0.1387835,0.008936466,0.024368349,0.030748294
48.94979,0.965925826,0.258819045,0,0,0.523598776,0,0,0.966903806,0.254383296,0.015716489,0.011799269,0.514897564,0.02439201,0.030827591,0.012189151,0.000824034,-6.71E-05,0.15885408,-0.020245175,0.001221973,0.181495577,0.139986172,0.140983358,0.182492763,-0.140983358,-0.182492763,-0.181495577,-0.139986172,0.008701212,0.02439201,0.030827591
49.00638008,0.965925826,0.258819045,0,0,0.523598776,0,0,0.966882944,0.254460812,0.015715662,0.011841761,0.515058765,0.024366291,0.030911326,0.009510666,0.006639213,0.003121048,0.159371838,-0.021676102,0.000785637,0.177877232,0.137386903,0.139830858,0.180321187,-0.139830858,-0.180321187,-0.177877232,-0.137386903,0.008540011,0.024366291,0.030911326
49.05350018,0.965925826,0.258819045,0,0,0.523598776,0,0,0.966845751,0.254599601,0.015748819,0.011855319,0.515347577,0.02441906,0.030957982,0.010915846,9.76E-05,-0.000680983,0.15906179,-0.020116552,0.001340423,0.180262253,0.136910081,0.138481349,0.181833535,-0.138481349,-0.181833535,-0.180262253,-0.136910081,0.008251199,0.02441906,0.030957982
49.10184002,0.965925826,0.258819045,0,0,0.523598776,0,0,0.966810107,0.254734129,0.015757678,0.011856137,0.515626278,0.024431467,0.030967488,0.008951874,-0.001087785,0.001182407,0.159415595,-0.0198394,0.001149106,0.177837878,0.137604788,0.140285641,0.180518717,-0.140285641,-0.180518717,-0.177837878,-0.137604788,0.007972498,0.024431467,0.030967488
49.15190005,0.965925826,0.258819045,0,0,0.523598776,0,0,0.9667449,0.25498119,0.015784895,0.011821815,0.516137818,0.024493701,0.030921261,0.002142042,0.002051146,-0.00038594,0.15961895,-0.019620136,0.001371831,0.178105846,0.138427064,0.140725285,0.180404052,-0.140725285,-0.180404052,-0.178105846,-0.138427064,0.007460958,0.024493701,0.030921261
49.20112014,0.965925826,0.258819045,0,0,0.523598776,0,0,0.966713905,0.255102307,0.01574989,0.01179228,0.516386146,0.024437231,0.030849288,0.010097774,-0.006857516,-0.00359118,0.159084009,-0.018399927,0.001954497,0.177867204,0.138626963,0.141370624,0.180610865,-0.141370624,-0.180610865,-0.177867204,-0.138626963,0.00721263,0.024437231,0.030849288
49.24985003,0.965925826,0.258819045,0,0,0.523598776,0,0,0.966673911,0.255254716,0.015770642,0.011744255,0.516701307,0.024497032,0.030770876,0.010187181,-0.001469255,0.000845641,0.158943809,-0.019727196,0.001305048,0.175529391,0.138729557,0.142638549,0.179438382,-0.142638549,-0.179438382,-0.175529391,-0.138729557,0.006897469,0.024497032,0.030770876
49.30645013,0.965925826,0.258819045,0,0,0.523598776,0,0,0.966622293,0.255452484,0.015763836,0.011702582,0.51710923,0.024498892,0.0306918,0.013799221,-0.004699826,0.001668185,0.158061725,-0.018926275,0.001077656,0.177365914,0.137911543,0.140521646,0.179976001,-0.140521646,-0.179976001,-0.177365914,-0.137911543,0.006489546,0.024498892,0.0306918
49.35331011,0.965925826,0.258819045,0,0,0.523598776,0,0,0.966584623,0.255596429,0.015779212,0.01165016,0.517406567,0.024550873,0.030601946,0.008065253,0.002316386,-0.000855327,0.159296042,-0.020624254,0.001784359,0.175910294,0.138057768,0.140213087,0.178065613,-0.140213087,-0.178065613,-0.175910294,-0.138057768,0.006192209,0.024550873,0.030601946
49.40048003,0.965925826,0.258819045,0,0,0.523598776,0,0,0.966544509,0.255748749,0.015785677,0.011630414,0.517721545,0.024568659,0.030570941,0.014605376,-0.005379319,0.002551824,0.157755303,-0.018764495,0.001006563,0.178135887,0.136887401,0.140456125,0.181704611,-0.140456125,-0.181704611,-0.178135887,-0.136887401,0.005877231,0.024568659,0.030570941
49.44971013,0.965925826,0.258819045,0,0,0.523598776,0,0,0.966473579,0.256019294,0.015769359,0.011594808,0.51827983,0.024546809,0.030500582,0.005454571,-0.00448674,-0.000400841,0.158980859,-0.019050453,0.001597111,0.175513193,0.137984216,0.139997348,0.17752631,-0.139997348,-0.17752631,-0.175513193,-0.137984216,0.005318946,0.024546809,0.030500582
49.50074005,0.965925826,0.258819045,0,0,0.523598776,0,0,0.966446519,0.256121814,0.01576454,0.011580409,0.518491514,0.024541645,0.030472872,0.003322214,-0.001293421,-0.003418327,0.160161706,-0.019700509,0.002519287,0.176434159,0.138333276,0.141527489,0.179628372,-0.141527489,-0.179628372,-0.176434159,-0.138333276,0.005107262,0.024541645,0.030472872
49.54977012,0.965925826,0.258819045,0,0,0.523598776,0,0,0.966420949,0.256217241,0.015765192,0.011609376,0.518689606,0.024525036,0.030531639,0.007163733,0.003411622,0.004198403,0.159182887,-0.020873133,0.001109179,0.177342877,0.137941882,0.142980456,0.182381451,-0.142980456,-0.182381451,-0.177342877,-0.137941882,0.00490917,0.024525036,0.030531639
49.60647011,0.965925826,0.258819045,0,0,0.523598776,0,0,0.966395617,0.256312668,0.015773851,0.01160822,0.518887384,0.024539351,0.030536272,0.002526492,0.002834946,0.001887232,0.160190029,-0.020732849,0.001695532,0.178946793,0.137200549,0.139418915,0.181165159,-0.139418915,-0.181165159,-0.178946793,-0.137200549,0.004711392,0.024539351,0.030536272
49.65310001,0.965925826,0.258819045,0,0,0.523598776,0,0,0.966382802,0.256360978,0.015767608,0.011606042,0.518987097,0.024526877,0.030530082,-0.000600517,-0.001345575,0.001258403,0.160860732,-0.01970411,0.001953099,0.179227293,0.137761623,0.141152695,0.182618365,-0.141152695,-0.182618365,-0.179227293,-0.137761623,0.004611679,0.024526877,0.030530082
49.70069003,0.965925826,0.258819045,0,0,0.523598776,0,0,0.966356277,0.256459087,0.015780455,0.011633984,0.519191284,0.02453426,0.030593203,0.007327646,0.00430271,-8.34E-05,0.159113386,-0.021105441,0.001767173,0.178611696,0.139203504,0.143109694,0.182517901,-0.143109694,-0.182517901,-0.178611696,-0.139203504,0.004407492,0.02453426,0.030593203
49.74992013,0.965925826,0.258819045,0,0,0.523598776,0,0,0.96631968,0.256590009,0.015826177,0.011719029,0.519466166,0.024574795,0.030784492,0.003933162,0.002913922,0.001227111,0.160577011,-0.020494019,0.001868581,0.178451613,0.136240751,0.139775097,0.181985959,-0.139775097,-0.181985959,-0.178451613,-0.136240751,0.00413261,0.024574795,0.030784492
49.80269003,0.965925826,0.258819045,0,0,0.523598776,0,0,0.966302037,0.256652415,0.015867867,0.011756217,0.519597964,0.02463427,0.030879438,0.00569001,0.004494936,0.006806106,0.159307902,-0.021291357,0.000661156,0.179202408,0.138214394,0.141951546,0.182939559,-0.141951546,-0.182939559,-0.179202408,-0.138214394,0.004000812,0.02463427,0.030879438
49.84972,0.965925826,0.258819045,0,0,0.523598776,0,0,0.966269791,0.256773204,0.015850391,0.011792974,0.519847978,0.024577741,0.030944579,0.008852036,0.005642325,0.002767891,0.15862749,-0.021558784,0.001114806,0.179938063,0.137355372,0.138677672,0.181260362,-0.138677672,-0.181260362,-0.179938063,-0.137355372,0.003750798,0.024577741,0.030944579
49.90397,0.965925826,0.258819045,0,0,0.523598776,0,0,0.966261983,0.256800801,0.015883306,0.011786263,0.519906425,0.024643919,0.030949261,-0.003437698,0.00532195,-0.000406802,0.161339703,-0.021495683,0.002194809,0.179071426,0.135953873,0.138183489,0.181301028,-0.138183489,-0.181301028,-0.179071426,-0.135953873,0.003692351,0.024643919,0.030949261
49.94977021,0.965925826,0.258819045,0,0,0.523598776,0,0,0.966243923,0.256868601,0.015877251,0.011797628,0.520046729,0.0246242,0.030969843,0.007876007,0.002112239,-0.000371039,0.15884669,-0.020722169,0.001670405,0.180640534,0.137649193,0.142038807,0.185030147,-0.142038807,-0.185030147,-0.180640534,-0.137649193,0.003552047,0.0246242,0.030969843
50.00068021,0.965925826,0.258819045,0,0,0.523598776,0,0,0.966193199,0.25705865,0.015882261,0.011797782,0.52044036,0.024627714,0.030977569,0.009209664,0.005017966,0.001286715,0.158458984,-0.021439126,0.001355353,0.177898407,0.13645409,0.139794901,0.181239218,-0.139794901,-0.181239218,-0.177898407,-0.13645409,0.003158416,0.024627714,0.030977569
50.04977012,0.965925826,0.258819045,0,0,0.523598776,0,0,0.966178,0.257113874,0.015903542,0.011821863,0.520556077,0.024654668,0.031036499,0.001055747,0.000440329,0.005391986,0.160161096,-0.020354504,0.001076609,0.178542703,0.135664478,0.138375193,0.181253418,-0.138375193,-0.181253418,-0.178542703,-0.135664478,0.003042699,0.024654668,0.031036499
50.10261011,0.965925826,0.258819045,0,0,0.523598776,0,0,0.966135204,0.257272571,0.015918648,0.011842579,0.520885721,0.024668091,0.03108839,0.006551296,0.004888326,0.002915412,0.159513913,-0.019881055,0.001383945,0.179438949,0.13872996,0.140883178,0.181592166,-0.140883178,-0.181592166,-0.179438949,-0.13872996,0.002713055,0.024668091,0.03108839
50.14972019,0.965925826,0.258819045,0,0,0.523598776,0,0,0.966096222,0.257415682,0.015968151,0.011849944,0.521184319,0.024755343,0.03113184,0.002852828,0.004104525,0.00378713,0.159676369,-0.021320785,0.001243478,0.17801097,0.138248891,0.141016781,0.180778861,-0.141016781,-0.180778861,-0.17801097,-0.138248891,0.002414457,0.024755343,0.03113184
50.2040801,0.965925826,0.258819045,0,0,0.523598776,0,0,0.966076851,0.257486731,0.015975388,0.011875408,0.521332286,0.024753909,0.031186618,0.006889553,0.002168864,0.001928956,0.158794852,-0.020865044,0.001336253,0.179753631,0.137112081,0.13959904,0.18224059,-0.13959904,-0.18224059,-0.179753631,-0.137112081,0.00226649,0.024753909,0.031186618
50.24978018,0.965925826,0.258819045,0,0,0.523598776,0,0,0.966049969,0.257585168,0.015970526,0.011933476,0.52153713,0.024711392,0.031298869,0.0048168,0.002542883,0.005496293,0.159162821,-0.020973171,0.000811945,0.178323597,0.136593536,0.139266044,0.180996105,-0.139266044,-0.180996105,-0.178323597,-0.136593536,0.002061646,0.024711392,0.031298869
50.30065012,0.965925826,0.258819045,0,0,0.523598776,0,0,0.966027498,0.257665247,0.016018497,0.011959171,0.521705644,0.024788227,0.031375377,0.006403774,0.00135377,0.00466779,0.158797968,-0.020741262,0.000862932,0.179324001,0.137377679,0.139001578,0.180947885,-0.139001578,-0.180947885,-0.179324001,-0.137377679,0.001893132,0.024788227,0.031375377
50.34977007,0.965925826,0.258819045,0,0,0.523598776,0,0,0.965999186,0.257769585,0.016017223,0.012000091,0.521922489,0.024761258,0.031456487,0.004618615,0.001771003,0.001113862,0.159197924,-0.020845581,0.001465743,0.178676248,0.137193754,0.138919622,0.180402115,-0.138919622,-0.180402115,-0.178676248,-0.137193754,0.001676287,0.024761258,0.031456487
50.40279007,0.965925826,0.258819045,0,0,0.523598776,0,0,0.96594137,0.257980138,0.016068038,0.0120577,0.522362004,0.024822818,0.031599522,0.015906245,0.001341849,0.001176447,0.159323272,-0.022196141,0.00084181,0.178577721,0.136886582,0.139818057,0.181509197,-0.139818057,-0.181509197,-0.178577721,-0.136886582,0.001236772,0.024822818,0.031599522
50.44981003,0.965925826,0.258819045,0,0,0.523598776,0,0,0.965911746,0.25808993,0.016079806,0.012059337,0.522589925,0.024841117,0.031611601,0.004359335,0.002603978,-0.000396371,0.159153477,-0.021128344,0.001687029,0.180677548,0.136285305,0.137968913,0.182361171,-0.137968913,-0.182361171,-0.180677548,-0.136285305,0.001008851,0.024841117,0.031611601
50.50398016,0.965925826,0.258819045,0,0,0.523598776,0,0,0.965885997,0.258187473,0.016051896,0.012073053,0.522790899,0.024776917,0.031626162,0.004484504,-0.001506507,0.002659112,0.159046272,-0.020108595,0.001196718,0.178594738,0.136338085,0.13971214,0.181968808,-0.13971214,-0.181968808,-0.178594738,-0.136338085,0.000807877,0.024776917,0.031626162
50.5497601,0.965925826,0.258819045,0,0,0.523598776,0,0,0.965854406,0.258305758,0.016046822,0.01207903,0.523035694,0.024760151,0.031638116,0.001504272,0.003271551,0.003173202,0.159642873,-0.021266456,0.001240098,0.177958101,0.13774094,0.140134379,0.18035154,-0.140134379,-0.18035154,-0.177958101,-0.13774094,0.000563082,0.024760151,0.031638116
50.60056019,0.965925826,0.258819045,0,0,0.523598776,0,0,0.965828538,0.25840047,0.016069293,0.012100722,0.523233247,0.024789233,0.031694105,0.008968265,-0.000791252,0.001210719,0.158005973,-0.020310654,0.00120756,0.179669186,0.137136295,0.139616489,0.18214938,-0.139616489,-0.18214938,-0.179669186,-0.137136295,0.000365529,0.024789233,0.031694105
50.64974999,0.965925826,0.258819045,0,0,0.523598776,0,0,0.965796947,0.258518815,0.016063888,0.012098997,0.523478022,0.024775801,0.031691007,0.009234996,-0.001300871,-0.000697374,0.15792752,-0.020177309,0.001505643,0.177109018,0.136487737,0.138902858,0.179524139,-0.138902858,-0.179524139,-0.177109018,-0.136487737,0.000120754,0.024775801,0.031691007
50.70151019,0.965925826,0.258819045,0,0,0.523598776,0,0,0.96572262,0.258791417,0.016108502,0.012136967,0.524045436,0.024833356,0.03179453,0.003475696,0.004672259,0.000791997,0.156924389,-0.020478341,0.000892151,0.176510528,0.135553882,0.137338176,0.178294837,-0.137338176,-0.178294837,-0.176510528,-0.135553882,0.00044666,0.024833356,0.03179453
50.74960017,0.965925826,0.258819045,0,0,0.523598776,0,0,0.965707362,0.258844644,0.016130412,0.01219148,0.524157846,0.024845671,0.031912607,0.007062407,0.001641363,0.002140552,0.158240974,-0.020993735,0.001089795,0.176510528,0.135553882,0.137338176,0.178294837,-0.137338176,-0.178294837,-0.176510528,-0.135553882,0.00055907,0.024845671,0.031912607
50.80092001,0.965925826,0.258819045,0,0,0.523598776,0,0,0.965688467,0.258913964,0.016137406,0.012208686,0.52430209,0.024847969,0.031951268,0.001389533,-0.001490116,-0.000242889,0.159483542,-0.020234299,0.001721541,0.178144872,0.136157423,0.138337016,0.18032445,-0.138337016,-0.18032445,-0.178144872,-0.136157423,0.000703314,0.024847969,0.031951268
50.84983015,0.965925826,0.258819045,0,0,0.523598776,0,0,0.965673089,0.258970231,0.01613248,0.012233627,0.524418969,0.024823661,0.031998349,0.006953628,0.003687293,0.005095452,0.158177365,-0.021511826,0.000588291,0.177996248,0.137527674,0.140970767,0.18143934,-0.140970767,-0.18143934,-0.177996248,-0.137527674,0.000820193,0.024823661,0.031998349
50.90108013,0.965925826,0.258819045,0,0,0.523598776,0,0,0.965669751,0.258982331,0.016140787,0.012230053,0.524444329,0.024841159,0.031996069,-0.000475347,0.000383705,0.002006441,0.159832028,-0.020702758,0.001431202,0.179100856,0.136077225,0.137253806,0.180277437,-0.137253806,-0.180277437,-0.179100856,-0.136077225,0.000845553,0.024841159,0.031996069
50.94991016,0.965925826,0.258819045,0,0,0.523598776,0,0,0.965677142,0.258954883,0.016140802,0.012232454,0.52438751,0.024840851,0.032000008,-8.49E-05,0.004316122,0.002973527,0.159745007,-0.021662897,0.00124576,0.179103538,0.137698039,0.140560448,0.181965947,-0.140560448,-0.181965947,-0.179103538,-0.137698039,0.000788734,0.024840851,0.032000008
51.00328016,0.965925826,0.258819045,0,0,0.523598776,0,0,0.965665758,0.25898999,0.016165486,0.012349502,0.524463993,0.024826667,0.032239899,-0.000478327,0.000665337,0.001057237,0.158620166,-0.02199306,0.000637153,0.180162102,0.136836335,0.139327854,0.182653621,-0.139327854,-0.182653621,-0.180162102,-0.136836335,0.000865217,0.024826667,0.032239899
51.04969001,0.965925826,0.258819045,0,0,0.523598776,0,0,0.965665162,0.258994699,0.016140504,0.012331262,0.524472175,0.024787719,0.032191797,-0.001019239,0.002599508,-0.002548099,0.160014572,-0.021263296,0.00205999,0.179976031,0.135989934,0.137264237,0.181250334,-0.137264237,-0.181250334,-0.179976031,-0.135989934,0.000873399,0.024787719,0.032191797
51.1078701,0.965925826,0.258819045,0,0,0.523598776,0,0,0.96566534,0.258993655,0.016143592,0.012333673,0.524470221,0.024792468,0.032198034,-0.004722178,-0.000733137,0.001210719,0.160765425,-0.020459347,0.001647538,0.17921783,0.136691257,0.14081125,0.183337808,-0.14081125,-0.183337808,-0.17921783,-0.136691257,0.000871445,0.024792468,0.032198034
51.15270019,0.965925826,0.258819045,0,0,0.523598776,0,0,0.965649486,0.259051591,0.016135311,0.012368935,0.524590602,0.024756253,0.032263349,0.008466095,0.005038828,-0.00013411,0.157894182,-0.02187627,0.001200648,0.179577187,0.138658524,0.141953588,0.182872266,-0.141953588,-0.182872266,-0.179577187,-0.138658524,0.000991826,0.024756253,0.032263349
51.20026016,0.965925826,0.258819045,0,0,0.523598776,0,0,0.965633452,0.259112269,0.016155394,0.012330327,0.524716287,0.024813041,0.032200744,0.006046147,-0.001625717,-0.00090152,0.158406646,-0.020259637,0.001500122,0.178569749,0.134817243,0.137218535,0.180971056,-0.137218535,-0.180971056,-0.178569749,-0.134817243,0.001117511,0.024813041,0.032200744
51.24980998,0.965925826,0.258819045,0,0,0.523598776,0,0,0.965631962,0.259122461,0.016120052,0.01227739,0.524734598,0.02477191,0.032080354,-0.001774728,0.000298768,-0.001728535,0.160114216,-0.02066668,0.002033502,0.177166119,0.136646867,0.139647111,0.180166364,-0.139647111,-0.180166364,-0.177166119,-0.136646867,0.001135822,0.02477191,0.032080354
51.30281019,0.965925826,0.258819045,0,0,0.523598776,0,0,0.965597868,0.259245396,0.016157797,0.012317467,0.524991805,0.024819917,0.032180566,0.004734844,0.003341586,0.003462285,0.159350332,-0.022335261,0.001150486,0.178747341,0.137414008,0.141481012,0.182814345,-0.141481012,-0.182814345,-0.178747341,-0.137414008,0.001393029,0.024819917,0.032180566
51.3568902,0.965925826,0.258819045,0,0,0.523598776,0,0,0.965580761,0.259306192,0.016169338,0.012355735,0.525119155,0.024820313,0.032262069,0.005631894,0.008379669,7.08E-05,0.15841011,-0.022718934,0.001328283,0.180535063,0.135864571,0.138165534,0.182836026,-0.138165534,-0.182836026,-0.180535063,-0.135864571,0.001520379,0.024820313,0.032262069
51.40528011,0.965925826,0.258819045,0,0,0.523598776,0,0,0.965582669,0.259295762,0.016192967,0.01239339,0.525099494,0.024846747,0.032346844,0.004518777,0.000270456,0.006025285,0.158575243,-0.020790338,0.000429241,0.179800719,0.134362876,0.137019441,0.182457283,-0.137019441,-0.182457283,-0.179800719,-0.134362876,0.001500718,0.024846747,0.032346844
51.4509201,0.965925826,0.258819045,0,0,0.523598776,0,0,0.965569377,0.259342045,0.016202118,0.01245652,0.525197126,0.024830086,0.03247476,-0.000548363,0.002903491,0.002684444,0.159708997,-0.021449041,0.001119234,0.178936288,0.137355641,0.138214126,0.179794773,-0.138214126,-0.179794773,-0.178936288,-0.137355641,0.00159835,0.024830086,0.03247476
51.50328016,0.965925826,0.258819045,0,0,0.523598776,0,0,0.965570509,0.259337008,0.01620185,0.012474116,0.525187073,0.024820601,0.032508486,-0.001195073,0.001560897,0.002446026,0.159855475,-0.021126141,0.001171218,0.18003875,0.137140706,0.139379174,0.182277218,-0.139379174,-0.182277218,-0.18003875,-0.137140706,0.001588297,0.024820601,0.032508486
51.54978013,0.965925826,0.258819045,0,0,0.523598776,0,0,0.965558589,0.259382606,0.016194321,0.012460208,0.525280839,0.024811749,0.032478869,-0.001212955,-0.001083315,-0.000603497,0.159883325,-0.020464901,0.001675399,0.179810345,0.137558088,0.139900535,0.182152793,-0.139900535,-0.182152793,-0.179810345,-0.137558088,0.001682063,0.024811749,0.032478869
51.60045004,0.965925826,0.258819045,0,0,0.523598776,0,0,0.965601683,0.259228259,0.016171742,0.012357015,0.524957865,0.024826895,0.032263789,0.000724942,0.000532717,-0.002488494,0.160956456,-0.021355184,0.001991968,0.178672776,0.137742996,0.141093805,0.182023585,-0.141093805,-0.182023585,-0.178672776,-0.137742996,0.001359089,0.024826895,0.032263789
51.65803003,0.965925826,0.258819045,0,0,0.523598776,0,0,0.965611756,0.259194314,0.016149295,0.012308418,0.524885463,0.024809899,0.032157352,-0.003126264,0.001164526,-0.000825524,0.159544029,-0.020802282,0.00197189,0.180319622,0.137609288,0.141593218,0.184303567,-0.141593218,-0.184303567,-0.180319622,-0.137609288,0.001286687,0.024809899,0.032157352
51.7051301,0.965925826,0.258819045,0,0,0.523598776,0,0,0.965605855,0.259221166,0.016135653,0.012231875,0.524938687,0.024822384,0.032003058,0.001040846,-0.005416572,-0.005207956,0.159509233,-0.019274382,0.002525717,0.17837438,0.136769831,0.140713617,0.182318151,-0.140713617,-0.182318151,-0.17837438,-0.136769831,0.001339911,0.024822384,0.032003058
51.75141001,0.965925826,0.258819045,0,0,0.523598776,0,0,0.965595305,0.25926581,0.016103031,0.012151719,0.525027928,0.024799513,0.031832378,0.002980977,0.000285357,0.000638515,0.158984551,-0.020616979,0.001581153,0.176257849,0.137709111,0.142760545,0.181309283,-0.142760545,-0.181309283,-0.176257849,-0.137709111,0.001429152,0.024799513,0.031832378
51.8033402,0.965925826,0.258819045,0,0,0.523598776,0,0,0.965588868,0.259293914,0.016091099,0.012081197,0.525084005,0.024812154,0.031690642,0.0004448,0.002264231,-0.003814697,0.159584118,-0.021054791,0.002467565,0.178020328,0.136786401,0.139948696,0.181182638,-0.139948696,-0.181182638,-0.178020328,-0.136786401,0.001485229,0.024812154,0.031690642
51.84972,0.965925826,0.258819045,0,0,0.523598776,0,0,0.965570331,0.259367734,0.016078888,0.012001156,0.525234511,0.024827713,0.031531543,0.006621331,-0.001861155,-0.001429021,0.15817217,-0.020024026,0.001907142,0.178171292,0.136061743,0.140996873,0.183106422,-0.140996873,-0.183106422,-0.178171292,-0.136061743,0.001635735,0.024827713,0.031531543
51.90125012,0.965925826,0.258819045,0,0,0.523598776,0,0,0.965550303,0.259444743,0.016072024,0.011947859,0.525392568,0.02483963,0.031426987,-0.000649691,-3.28E-05,0.000943989,0.158552381,-0.020803618,0.002278868,0.176289007,0.136240974,0.140055269,0.180103287,-0.140055269,-0.180103287,-0.176289007,-0.136240974,0.001793792,0.02483963,0.031426987
51.95863008,0.965925826,0.258819045,0,0,0.523598776,0,0,0.965544999,0.259463221,0.01608856,0.011956212,0.525431756,0.024866623,0.031452205,0.001291186,0.001647323,0.004137308,0.159689251,-0.020443584,0.001923348,0.177077085,0.135469869,0.140027612,0.181634814,-0.140027612,-0.181634814,-0.177077085,-0.135469869,0.00183298,0.024866623,0.031452205
52.00241017,0.965925826,0.258819045,0,0,0.523598776,0,0,0.965523779,0.259542704,0.016083598,0.011948259,0.525595997,0.024858586,0.031436304,0.002453476,0.000513345,0.003132969,0.158945914,-0.020595586,0.001443297,0.178209439,0.137322292,0.141168997,0.182056129,-0.141168997,-0.182056129,-0.178209439,-0.137322292,0.001997221,0.024858586,0.031436304
52.04986,0.965925826,0.258819045,0,0,0.523598776,0,0,0.965516269,0.259568751,0.016093601,0.011976606,0.525651029,0.024862321,0.031496947,0.000908226,0.001157075,0.001517683,0.159295636,-0.020766856,0.001740949,0.178098157,0.136907011,0.139793605,0.18098475,-0.139793605,-0.18098475,-0.178098157,-0.136907011,0.002052253,0.024862321,0.031496947
52.10040021,0.965925826,0.258819045,0,0,0.523598776,0,0,0.965499699,0.259628445,0.016096151,0.012020317,0.525775726,0.024842575,0.031584251,0.005950779,0.000344962,0.003781169,0.158145635,-0.020593607,0.00111339,0.178321496,0.136787802,0.140269712,0.18180339,-0.140269712,-0.18180339,-0.178321496,-0.136787802,0.00217695,0.024842575,0.031584251
52.15061998,0.965925826,0.258819045,0,0,0.523598776,0,0,0.965489149,0.259663045,0.016117832,0.01208242,0.525849823,0.024851026,0.031716412,0.005962701,-0.001873076,0.006733091,0.158091481,-0.020100046,0.000595805,0.177625805,0.136438608,0.138665393,0.17985259,-0.138665393,-0.17985259,-0.177625805,-0.136438608,0.002251047,0.024851026,0.031716412
52.20822001,0.965925826,0.258819045,0,0,0.523598776,0,0,0.965486825,0.259667546,0.016145334,0.012129802,0.525861492,0.024879352,0.031822389,0.005284698,-0.000499189,0.004272909,0.159217611,-0.018885096,0.002350168,0.177595675,0.137395605,0.138587222,0.178787291,-0.138587222,-0.178787291,-0.177595675,-0.137395605,0.002262716,0.024879352,0.031822389
52.25881004,0.965925826,0.258819045,0,0,0.523598776,0,0,0.965484023,0.25967598,0.016147945,0.012179265,0.525880114,0.024858398,0.031919515,-0.001114607,0.000485033,0.005025417,0.158273837,-0.020472308,0.000966767,0.175752491,0.137982324,0.142682657,0.180452824,-0.142682657,-0.180452824,-0.175752491,-0.137982324,0.002281338,0.024858398,0.031919515
52.30453014,0.965925826,0.258819045,0,0,0.523598776,0,0,0.965482175,0.259682804,0.016160503,0.012163878,0.525894482,0.024890422,0.031896508,0.000814349,0.000136346,-0.000651181,0.159310821,-0.020640045,0.001913976,0.177779332,0.136834741,0.138768271,0.179712862,-0.138768271,-0.179712862,-0.177779332,-0.136834741,0.002295706,0.024890422,0.031896508
52.34986019,0.965925826,0.258819045,0,0,0.523598776,0,0,0.965483427,0.259679079,0.016138775,0.012169822,0.52588592,0.024845499,0.031896578,-0.000463426,-0.003159047,0.000716001,0.159570753,-0.019818216,0.001755084,0.178036839,0.136756778,0.140584722,0.181864798,-0.140584722,-0.181864798,-0.178036839,-0.136756778,0.002287144,0.024845499,0.031896578
52.40056014,0.965925826,0.258819045,0,0,0.523598776,0,0,0.965484142,0.259676963,0.016147085,0.012152972,0.525881506,0.024870374,0.031868297,-0.001223385,-0.002747774,-0.000151992,0.159747991,-0.01991967,0.001945586,0.177633837,0.137997434,0.141507596,0.181144014,-0.141507596,-0.181144014,-0.177633837,-0.137997434,0.00228273,0.024870374,0.031868297
52.44991016,0.965925826,0.258819045,0,0,0.523598776,0,0,0.965478599,0.25969559,0.016157588,0.012182174,0.525921215,0.024874857,0.031930662,-0.000184774,0.000252575,0.002223999,0.159483601,-0.02067502,0.001487988,0.177722022,0.13788271,0.14177388,0.181613207,-0.14177388,-0.181613207,-0.177722022,-0.13788271,0.002322439,0.024874857,0.031930662
52.50786018,0.965925826,0.258819045,0,0,0.523598776,0,0,0.965482056,0.259679675,0.016177924,0.012208438,0.525889852,0.024901,0.031991589,0.001550466,0.002705307,0.000592321,0.159364709,-0.020454915,0.001360452,0.178670585,0.137320563,0.140296549,0.181646556,-0.140296549,-0.181646556,-0.178670585,-0.137320563,0.002291076,0.024901,0.031991589
52.55496001,0.965925826,0.258819045,0,0,0.523598776,0,0,0.965472579,0.259714037,0.016190384,0.012216749,0.525961745,0.024919598,0.032015017,0.001180917,-0.00025332,0.003284961,0.159137092,-0.021299825,0.001633763,0.178459123,0.137549326,0.140270218,0.18118003,-0.140270218,-0.18118003,-0.178459123,-0.137549326,0.002362969,0.024919598,0.032015017
52.60042,0.965925826,0.258819045,0,0,0.523598776,0,0,0.96547389,0.259707928,0.016192831,0.012238295,0.525949694,0.024913323,0.032057758,0.001332909,0.003580004,-0.000116229,0.159184796,-0.021535746,0.001726639,0.178803101,0.136203483,0.139471009,0.182070628,-0.139471009,-0.182070628,-0.178803101,-0.136203483,0.002350918,0.024913323,0.032057758
52.64973021,0.965925826,0.258819045,0,0,0.523598776,0,0,0.965467811,0.2597287,0.016224639,0.012239869,0.525994192,0.024973236,0.032077905,-0.000378489,0.005304068,-0.00064224,0.159556139,-0.021986501,0.001891195,0.178993851,0.135922387,0.139375672,0.182447135,-0.139375672,-0.182447135,-0.178993851,-0.135922387,0.002395416,0.024973236,0.032077905
52.70116019,0.965925826,0.258819045,0,0,0.523598776,0,0,0.96548003,0.259680033,0.016253505,0.012271511,0.525895423,0.02501414,0.032152811,-0.002275408,0.002146513,0.003873557,0.159924716,-0.021263657,0.001247075,0.179651394,0.135678425,0.139460817,0.183433786,-0.139460817,-0.183433786,-0.179651394,-0.135678425,0.002296647,0.02501414,0.032152811
52.74980021,0.965925826,0.258819045,0,0,0.523598776,0,0,0.965476751,0.259689778,0.016244126,0.012331439,0.525916543,0.024964547,0.032263949,6.03E-05,0.002523512,-0.00089407,0.15948391,-0.021357171,0.001822719,0.179941252,0.137413964,0.139908105,0.182435393,-0.139908105,-0.182435393,-0.179941252,-0.137413964,0.002317767,0.024964547,0.032263949
52.80343008,0.965925826,0.258819045,0,0,0.523598776,0,0,0.965483606,0.259664208,0.016238563,0.012331755,0.525863386,0.024954495,0.032261004,0.000370294,-0.000484288,0.002323836,0.159381201,-0.020625311,0.001306822,0.179018319,0.136303991,0.139949441,0.182663754,-0.139949441,-0.182663754,-0.179018319,-0.136303991,0.00226461,0.024954495,0.032261004
52.85204005,0.965925826,0.258819045,0,0,0.523598776,0,0,0.965489864,0.259635746,0.016283002,0.012391652,0.525807779,0.02501012,0.032399123,-0.000627339,0.002484769,0.002061576,0.159213434,-0.022105108,0.001681946,0.178699642,0.137449041,0.14006269,0.181313291,-0.14006269,-0.181313291,-0.178699642,-0.137449041,0.002209003,0.02501012,0.032399123
52.90086007,0.965925826,0.258819045,0,0,0.523598776,0,0,0.965491712,0.259628862,0.016262745,0.012425907,0.525793294,0.024953427,0.032454567,0.002046675,-0.000990927,0.001623482,0.159045221,-0.020555563,0.001244225,0.179636553,0.135426357,0.13879025,0.183000445,-0.13879025,-0.183000445,-0.179636553,-0.135426357,0.002194518,0.024953427,0.032454567
52.94984007,0.965925826,0.258819045,0,0,0.523598776,0,0,0.965489984,0.259632975,0.016288999,0.012433516,0.525803249,0.025000031,0.03248305,0.000879914,0.001082569,0.000145286,0.15931847,-0.021086205,0.001523528,0.178356513,0.137245417,0.139733866,0.180844963,-0.139733866,-0.180844963,-0.178356513,-0.137245417,0.002204473,0.025000031,0.03248305
53.00100017,0.965925826,0.258819045,0,0,0.523598776,0,0,0.965486944,0.259643793,0.016275784,0.012464294,0.525825706,0.024958147,0.032535904,0.005183369,-0.000353157,0.00148192,0.158360457,-0.020738537,0.001083896,0.178881094,0.136708722,0.139755771,0.181928158,-0.139755771,-0.181928158,-0.178881094,-0.136708722,0.00222693,0.024958147,0.032535904
53.04987001,0.965925826,0.258819045,0,0,0.523598776,0,0,0.965486348,0.259644657,0.016273702,0.012489195,0.525827996,0.024941152,0.032582949,0.00082925,-0.002747774,0.004930049,0.159260347,-0.020163011,0.000721129,0.178015053,0.136537999,0.13870579,0.180182844,-0.13870579,-0.180182844,-0.178015053,-0.136537999,0.00222922,0.024941152,0.032582949
53.10029006,0.965925826,0.258819045,0,0,0.523598776,0,0,0.965478301,0.259672552,0.01628032,0.012524942,0.525886866,0.024934404,0.032656173,0.003943592,-0.002747774,0.002769381,0.158604079,-0.020179589,0.000883158,0.178702176,0.138376191,0.139818445,0.180144444,-0.139818445,-0.180144444,-0.178702176,-0.138376191,0.00228809,0.024934404,0.032656173
53.14987016,0.965925826,0.258819045,0,0,0.523598776,0,0,0.965463579,0.259722978,0.016300036,0.012588957,0.525993663,0.02493748,0.032791413,0.005988032,0.000392646,0.005472451,0.159022724,-0.021428542,0.001306127,0.177900463,0.137541309,0.139307633,0.179666772,-0.139307633,-0.179666772,-0.177900463,-0.137541309,0.002394887,0.02493748,0.032791413
53.20191002,0.965925826,0.258819045,0,0,0.523598776,0,0,0.965455413,0.259752452,0.016307972,0.012594989,0.526055234,0.024948668,0.032807962,0.002337247,-0.001333654,0.004840643,0.158896996,-0.020575827,0.000564734,0.179145098,0.136288032,0.13890028,0.181757346,-0.13890028,-0.181757346,-0.179145098,-0.136288032,0.002456458,0.024948668,0.032807962
53.24986005,0.965925826,0.258819045,0,0,0.523598776,0,0,0.965450943,0.259768397,0.01630515,0.012612985,0.526088526,0.024933317,0.032841668,0.011492522,-0.005781651,0.001312047,0.156943409,-0.019497558,0.000694897,0.178908035,0.137756407,0.138885885,0.180037513,-0.138885885,-0.180037513,-0.178908035,-0.137756407,0.00248975,0.024933317,0.032841668
53.30089998,0.965925826,0.258819045,0,0,0.523598776,0,0,0.965439618,0.259811282,0.016307952,0.01260164,0.526177176,0.024943168,0.032822316,0.005359202,-0.001564622,0.000490993,0.158276922,-0.020516621,0.001107969,0.175746024,0.136750937,0.138140723,0.177135825,-0.138140723,-0.177135825,-0.175746024,-0.136750937,0.0025784,0.024943168,0.032822316
53.34981012,0.965925826,0.258819045,0,0,0.523598776,0,0,0.965427279,0.259855181,0.016316961,0.012625573,0.526269095,0.024946621,0.032874381,-0.001652539,-0.001843274,0.006162376,0.159705849,-0.020468992,0.000519202,0.177685529,0.136652306,0.138868243,0.179901466,-0.138868243,-0.179901466,-0.177685529,-0.136652306,0.002670319,0.024946621,0.032874381
53.40032005,0.965925826,0.258819045,0,0,0.523598776,0,0,0.965411127,0.259914696,0.016314687,0.012632044,0.526392457,0.024936837,0.032887236,0.005685539,0.00582114,0.000426918,0.158168484,-0.022331026,0.001059047,0.179655597,0.138717636,0.139756039,0.180693999,-0.139756039,-0.180693999,-0.179655597,-0.138717636,0.002793681,0.024936837,0.032887236
53.44989014,0.965925826,0.258819045,0,0,0.523598776,0,0,0.965403199,0.259944052,0.016335819,0.012612173,0.526453776,0.024986981,0.032860627,0.006229432,-0.00588745,-0.000828505,0.158053332,-0.019494924,0.001292284,0.179440409,0.134778395,0.136896491,0.181558505,-0.136896491,-0.181558505,-0.179440409,-0.134778395,0.002855,0.024986981,0.032860627
53.50256014,0.965925826,0.258819045,0,0,0.523598776,0,0,0.965396643,0.259966642,0.016356433,0.012618558,0.526501705,0.025022691,0.032884298,0.001303107,0.002103298,0.000274926,0.15848353,-0.019652543,0.000870761,0.176255926,0.137266099,0.139850661,0.178840488,-0.139850661,-0.178840488,-0.176255926,-0.137266099,0.002902929,0.025022691,0.032884298
53.54987001,0.965925826,0.258819045,0,0,0.523598776,0,0,0.965361059,0.26009813,0.016350487,0.012640382,0.52677428,0.024995367,0.032926756,0.004900992,0.000891089,0.002756715,0.158234941,-0.021174056,0.000754289,0.177265272,0.13796021,0.139701724,0.179006785,-0.139701724,-0.179006785,-0.177265272,-0.13796021,0.003175504,0.024995367,0.032926756
53.60029006,0.965925826,0.258819045,0,0,0.523598776,0,0,0.96536094,0.260098785,0.016356276,0.012621637,0.526775538,0.025016286,0.03289359,0.005263836,-0.000783801,0.000675768,0.158183287,-0.020763383,0.0010912,0.178654656,0.136306569,0.137815148,0.180163234,-0.137815148,-0.180163234,-0.178654656,-0.136306569,0.003176762,0.025016286,0.03289359
53.6496501,0.965925826,0.258819045,0,0,0.523598776,0,0,0.965355158,0.260124862,0.016315812,0.012585321,0.526826796,0.024956185,0.032802996,0.002770871,-0.002531707,0.001642853,0.158700383,-0.020284278,0.001089052,0.177855417,0.136328682,0.138511077,0.180037826,-0.138511077,-0.180037826,-0.177855417,-0.136328682,0.00322802,0.024956185,0.032802996
53.70830011,0.965925826,0.258819045,0,0,0.523598776,0,0,0.965346992,0.260154545,0.016337616,0.012567931,0.526888935,0.025006333,0.032781554,-1.49E-05,0.00320971,-0.001077354,0.159332015,-0.021692106,0.001655718,0.177895561,0.13732703,0.139505133,0.180073664,-0.139505133,-0.180073664,-0.177895561,-0.13732703,0.003290159,0.025006333,0.032781554
53.75305009,0.965925826,0.258819045,0,0,0.523598776,0,0,0.965308547,0.260299504,0.016315382,0.012543285,0.527187669,0.02497133,0.032726097,0.004263967,-0.002120435,0.005017966,0.157779337,-0.020647077,0.000760207,0.179368362,0.135984167,0.139295608,0.182679787,-0.139295608,-0.182679787,-0.179368362,-0.135984167,0.003588893,0.02497133,0.032726097
53.80273008,0.965925826,0.258819045,0,0,0.523598776,0,0,0.965294003,0.260355175,0.016300807,0.012537739,0.527302113,0.024944192,0.032709206,0.006074459,0.002837926,0.002717227,0.158257878,-0.020378821,0.000544694,0.177666157,0.13637203,0.13789244,0.179186568,-0.13789244,-0.179186568,-0.177666157,-0.13637203,0.003703337,0.024944192,0.032709206
53.84973001,0.965925826,0.258819045,0,0,0.523598776,0,0,0.965263188,0.260468185,0.016312893,0.012538294,0.527536878,0.02496341,0.032719517,0.00583157,0.004350394,0.000526756,0.157913123,-0.021943737,0.001177852,0.178091958,0.137334347,0.138423726,0.179181352,-0.138423726,-0.179181352,-0.178091958,-0.137334347,0.003938102,0.02496341,0.032719517
53.90029001,0.965925826,0.258819045,0,0,0.523598776,0,0,0.965235114,0.26056844,0.016341168,0.012580576,0.527746851,0.024992538,0.03281855,0.011556596,-0.00243336,0.003059953,0.156591011,-0.020343973,0.000505391,0.17867896,0.134791508,0.137147218,0.181034669,-0.137147218,-0.181034669,-0.17867896,-0.134791508,0.004148075,0.024992538,0.03281855
53.94977999,0.965925826,0.258819045,0,0,0.523598776,0,0,0.965204477,0.260679573,0.016350746,0.012623055,0.527978455,0.024985076,0.032908471,0.003158302,0.003857166,-0.000995398,0.158437296,-0.021883343,0.001474871,0.17642954,0.135741621,0.136752412,0.17744033,-0.136752412,-0.17744033,-0.17642954,-0.135741621,0.004379679,0.024985076,0.032908471
54.0082202,0.965925826,0.258819045,0,0,0.523598776,0,0,0.965188801,0.260735154,0.016383555,0.012624128,0.528095232,0.025045957,0.032929146,0.007704647,0.000842661,0.002471358,0.157376866,-0.021194229,0.000739698,0.178845719,0.135079056,0.1380288,0.181795463,-0.1380288,-0.181795463,-0.178845719,-0.135079056,0.004496456,0.025045957,0.032929146
54.05245018,0.965925826,0.258819045,0,0,0.523598776,0,0,0.965156734,0.260853857,0.016369931,0.012639592,0.528340891,0.025007533,0.032954962,0.006961077,0.000496954,0.004126877,0.157470135,-0.021102741,0.000502397,0.177831352,0.135442913,0.136922315,0.179310754,-0.136922315,-0.179310754,-0.177831352,-0.135442913,0.004742115,0.025007533,0.032954962
54.10176015,0.965925826,0.258819045,0,0,0.523598776,0,0,0.965099275,0.261064976,0.016360333,0.012681225,0.528778808,0.024960035,0.033035799,0.002857298,0.002894551,-0.001443923,0.158215307,-0.021942091,0.000893224,0.178070426,0.135864973,0.136869773,0.179075226,-0.136869773,-0.179075226,-0.178070426,-0.135864973,0.005180032,0.024960035,0.033035799
54.14950013,0.965925826,0.258819045,0,0,0.523598776,0,0,0.965076029,0.261151284,0.016350968,0.0126843,0.52895728,0.024937397,0.033039061,0.008632988,-0.003428757,0.003366918,0.15700096,-0.020140905,0.000524393,0.179264128,0.13537997,0.137166426,0.181050569,-0.137166426,-0.181050569,-0.179264128,-0.13537997,0.005358504,0.024937397,0.033039061
54.20027018,0.965925826,0.258819045,0,0,0.523598776,0,0,0.965049207,0.261251271,0.01633277,0.012694678,0.529163804,0.024893419,0.033052145,0.008653849,-0.000332296,-0.000339747,0.157009071,-0.020872647,0.001089439,0.176617429,0.136335641,0.13738443,0.177666217,-0.13738443,-0.177666217,-0.176617429,-0.136335641,0.005565028,0.024893419,0.033052145
54.25523019,0.965925826,0.258819045,0,0,0.523598776,0,0,0.965019584,0.261360466,0.016333124,0.012697814,0.529390172,0.024888722,0.033061201,0.007200987,0.002356619,-0.001944602,0.157305508,-0.02152458,0.001405133,0.176792234,0.135046959,0.137225837,0.178971112,-0.137225837,-0.178971112,-0.176792234,-0.135046959,0.005791396,0.024888722,0.033061201
54.30566001,0.965925826,0.258819045,0,0,0.523598776,0,0,0.964998126,0.2614384,0.016335811,0.012723277,0.529552347,0.024877911,0.033113785,0.000418723,0.001053512,0.000613928,0.15871545,-0.02121581,0.001297504,0.177424908,0.134375781,0.137186036,0.180235177,-0.137186036,-0.180235177,-0.177424908,-0.134375781,0.005953571,0.024877911,0.033113785
54.35037017,0.965925826,0.258819045,0,0,0.523598776,0,0,0.964975476,0.261523366,0.016336519,0.012688803,0.529727727,0.024894415,0.033049784,0.001283735,-0.004036725,-0.00371784,0.158552441,-0.019960275,0.00199631,0.178633705,0.136202112,0.138797119,0.181228712,-0.138797119,-0.181228712,-0.178633705,-0.136202112,0.006128951,0.024894415,0.033049784
54.4052,0.965925826,0.258819045,0,0,0.523598776,0,0,0.964960098,0.261580974,0.016350782,0.01266121,0.52984711,0.024934417,0.033005474,-0.001776218,0.002800673,-0.000801682,0.157919929,-0.021320125,0.001441306,0.176516354,0.13659583,0.140588447,0.180508986,-0.140588447,-0.180508986,-0.176516354,-0.13659583,0.006248334,0.024934417,0.033005474
54.45026016,0.965925826,0.258819045,0,0,0.523598776,0,0,0.964951336,0.26161325,0.016328262,0.012684222,0.529913494,0.0248778,0.033038923,-0.001344085,0.002089888,0.003955514,0.1589796,-0.021452868,0.000902294,0.177798703,0.135158479,0.138041094,0.180681318,-0.138041094,-0.180681318,-0.177798703,-0.135158479,0.006314718,0.0248778,0.033038923
54.4999702,0.965925826,0.258819045,0,0,0.523598776,0,0,0.9649297,0.261692017,0.016339069,0.012693669,0.53007744,0.02489101,0.033064865,0.001671165,0.00070706,0.001377612,0.158331026,-0.021128645,0.001170044,0.179530129,0.136624411,0.138429001,0.181334719,-0.138429001,-0.181334719,-0.179530129,-0.136624411,0.006478664,0.02489101,0.033064865
54.55486012,0.965925826,0.258819045,0,0,0.523598776,0,0,0.964914083,0.261747062,0.016358696,0.012717204,0.530192995,0.024914667,0.033122032,0.000891835,0.00185892,0.002554805,0.158463156,-0.021437892,0.001001057,0.178289577,0.136032313,0.138372406,0.180629671,-0.138372406,-0.180629671,-0.178289577,-0.136032313,0.006594219,0.024914667,0.033122032
54.60079002,0.965925826,0.258819045,0,0,0.523598776,0,0,0.964892149,0.261828005,0.016354436,0.012721571,0.530360639,0.024901378,0.033130314,0.002383441,0.002009422,-1.64E-05,0.158143588,-0.021468416,0.001336115,0.178899944,0.136024192,0.138026297,0.180902064,-0.138026297,-0.180902064,-0.178899944,-0.136024192,0.006761863,0.024901378,0.033130314
54.64954019,0.965925826,0.258819045,0,0,0.523598776,0,0,0.964873433,0.261897862,0.016351847,0.012713013,0.530505061,0.02489847,0.033114231,0.00109449,0.003207475,0.001511723,0.158374141,-0.021756321,0.001165147,0.178275838,0.135339037,0.138011262,0.180948064,-0.138011262,-0.180948064,-0.178275838,-0.135339037,0.006906285,0.02489847,0.033114231
54.70242,0.965925826,0.258819045,0,0,0.523598776,0,0,0.964822352,0.262087643,0.016333789,0.012692675,0.530897162,0.024867785,0.033070372,0.003571064,0.000754744,0.000917167,0.157986372,-0.021113506,0.001053186,0.178965271,0.135452658,0.137782946,0.181295559,-0.137782946,-0.181295559,-0.178965271,-0.135452658,0.007298386,0.024867785,0.033070372
54.75092006,0.965925826,0.258819045,0,0,0.523598776,0,0,0.964798152,0.262177616,0.016322199,0.012697423,0.531083147,0.024839844,0.033075756,0.003237278,-0.0015378,-0.003214181,0.157862827,-0.020559512,0.001851842,0.178046644,0.135819659,0.137926027,0.180153012,-0.137926027,-0.180153012,-0.178046644,-0.135819659,0.007484371,0.024839844,0.033075756
54.80525017,0.965925826,0.258819045,0,0,0.523598776,0,0,0.964787185,0.262220591,0.01631189,0.012651484,0.53117075,0.024842597,0.032982759,0.001115352,-0.003872812,-0.000575185,0.158267111,-0.019969052,0.001590799,0.176570445,0.135451451,0.139155135,0.180274129,-0.139155135,-0.180274129,-0.176570445,-0.135451451,0.007571974,0.024842597,0.032982759
54.85216999,0.965925826,0.258819045,0,0,0.523598776,0,0,0.964771926,0.262277305,0.016311228,0.01264124,0.53128804,0.024844763,0.032964094,0.002432615,-0.004169345,-0.001864135,0.15797616,-0.019892183,0.001748139,0.176645324,0.136707231,0.139888838,0.179826915,-0.139888838,-0.179826915,-0.176645324,-0.136707231,0.007689264,0.024844763,0.032964094
54.90007019,0.965925826,0.258819045,0,0,0.523598776,0,0,0.964754045,0.262346327,0.016303729,0.012586039,0.531429511,0.02485693,0.032855365,0.006140023,0.000811368,-0.002755225,0.157152842,-0.021082665,0.001764976,0.176120162,0.13633582,0.139832094,0.179616436,-0.139832094,-0.179616436,-0.176120162,-0.13633582,0.007830735,0.02485693,0.032855365
54.94956017,0.965925826,0.258819045,0,0,0.523598776,0,0,0.964729369,0.262440383,0.016278392,0.012548106,0.531622449,0.024824772,0.032771223,0.002773851,-0.001572073,0.002055615,0.157778232,-0.020469657,0.001210568,0.176470488,0.134305179,0.13783513,0.180000439,-0.13783513,-0.180000439,-0.176470488,-0.134305179,0.008023673,0.024824772,0.032771223
55.00072002,0.965925826,0.258819045,0,0,0.523598776,0,0,0.964688957,0.262594283,0.016256722,0.012460896,0.531938535,0.024823587,0.032595431,0.003085286,-0.000591576,-0.000554323,0.158012198,-0.019496934,0.001966688,0.177037269,0.136097983,0.138519123,0.17945841,-0.138519123,-0.17945841,-0.177037269,-0.136097983,0.008339759,0.024823587,0.032595431
55.05122018,0.965925826,0.258819045,0,0,0.523598776,0,0,0.964689016,0.262599379,0.016242092,0.012371075,0.531946399,0.024842414,0.032414478,0.002860278,0.001420826,-0.001107156,0.157681803,-0.020655769,0.001702402,0.175542399,0.136548549,0.140481934,0.179475769,-0.140481934,-0.179475769,-0.175542399,-0.136548549,0.008347623,0.024842414,0.032414478
55.10286021,0.965925826,0.258819045,0,0,0.523598776,0,0,0.964696825,0.262573808,0.01621229,0.012342729,0.531891382,0.024800674,0.032343406,0.00198558,0.002912432,-0.002488493,0.157950298,-0.021423099,0.002161456,0.176635116,0.135323614,0.13872841,0.180039927,-0.13872841,-0.180039927,-0.176635116,-0.135323614,0.008292606,0.024800674,0.032343406
55.14956021,0.965925826,0.258819045,0,0,0.523598776,0,0,0.964695871,0.262583077,0.016170425,0.012264651,0.531906989,0.024760638,0.032170889,-0.000970066,-0.001816451,-0.000967085,0.158561807,-0.020204567,0.002146474,0.177211896,0.134365723,0.138688639,0.181534812,-0.138688639,-0.181534812,-0.177211896,-0.134365723,0.008308213,0.024760638,0.032170889
55.20012021,0.965925826,0.258819045,0,0,0.523598776,0,0,0.964697063,0.262585044,0.016161678,0.012143271,0.53190795,0.024807509,0.031932036,-0.004665554,-0.003795326,-0.001563132,0.159362917,-0.019672883,0.002545923,0.176619858,0.13621074,0.14050369,0.180912808,-0.14050369,-0.180912808,-0.176619858,-0.13621074,0.008309174,0.024807509,0.031932036
55.25020003,0.965925826,0.258819045,0,0,0.523598776,0,0,0.964686811,0.262627929,0.016120646,0.012089129,0.531993733,0.02475539,0.031807014,0.002684445,-0.002323092,-0.005346538,0.157803748,-0.019973077,0.002845703,0.17648983,0.137144089,0.142235935,0.181581676,-0.142235935,-0.181581676,-0.17648983,-0.137144089,0.008394957,0.02475539,0.031807014
55.30007005,0.965925826,0.258819045,0,0,0.523598776,0,0,0.964680612,0.26265499,0.016139517,0.011975056,0.532048136,0.024850893,0.031597464,0.003797561,-0.006079674,-0.001369417,0.157489416,-0.019051797,0.002307138,0.174931079,0.13498494,0.140676349,0.180622488,-0.140676349,-0.180622488,-0.174931079,-0.13498494,0.00844936,0.024850893,0.031597464
55.35240006,0.965925826,0.258819045,0,0,0.523598776,0,0,0.964647233,0.262784243,0.016074492,0.011909101,0.532311692,0.024755907,0.031439218,0.00429079,-0.002779067,-0.00076443,0.157027554,-0.021124812,0.002026122,0.174234033,0.136130452,0.140744731,0.178848311,-0.140744731,-0.178848311,-0.174234033,-0.136130452,0.008712916,0.024755907,0.031439218
55.40005016,0.965925826,0.258819045,0,0,0.523598776,0,0,0.964627743,0.262857527,0.01606054,0.011893423,0.532462609,0.024734852,0.031403481,0.007338077,-0.003492832,-0.001254678,0.15663382,-0.019578694,0.00220041,0.176126197,0.133876592,0.137928843,0.180178449,-0.137928843,-0.180178449,-0.176126197,-0.133876592,0.008863833,0.024734852,0.031403481
55.44959998,0.965925826,0.258819045,0,0,0.523598776,0,0,0.964606702,0.262935191,0.016075397,0.011858543,0.532623557,0.024779349,0.031345989,0.001645833,-0.003965199,0.003958493,0.157764986,-0.019472226,0.001690072,0.174012065,0.134854689,0.139255509,0.178412884,-0.139255509,-0.178412884,-0.174012065,-0.134854689,0.009024781,0.024779349,0.031345989
55.50014019,0.965925826,0.258819045,0,0,0.523598776,0,0,0.964597821,0.262967736,0.016064847,0.011876062,0.532690918,0.024748714,0.031375071,0.000158697,0.003125519,0.002787262,0.158092434,-0.02118967,0.001904041,0.175547093,0.13660267,0.139982805,0.178927243,-0.139982805,-0.178927243,-0.175547093,-0.13660267,0.009092142,0.024748714,0.031375071
55.54970002,0.965925826,0.258819045,0,0,0.523598776,0,0,0.96459049,0.262993902,0.016088437,0.011864706,0.532745961,0.024799353,0.031366266,0.001255423,0.003456325,-0.004640222,0.157948002,-0.021279961,0.003040785,0.177378014,0.134998694,0.138806775,0.181186095,-0.138806775,-0.181186095,-0.177378014,-0.134998694,0.009147185,0.024799353,0.031366266
55.60318017,0.965925826,0.258819045,0,0,0.523598776,0,0,0.964588404,0.262998939,0.016094346,0.011911105,0.532757723,0.024786157,0.031459066,0.000692159,0.001416355,0.002228469,0.157489243,-0.019729532,0.001693427,0.176187128,0.133627236,0.139708802,0.182268694,-0.139708802,-0.182268694,-0.176187128,-0.133627236,0.009158947,0.024786157,0.031459066
55.65243006,0.965925826,0.258819045,0,0,0.523598776,0,0,0.964613318,0.262905538,0.016111413,0.011925618,0.532565229,0.024814492,0.031493681,0.000413507,-0.000233948,0.00442788,0.157973847,-0.020814255,0.001944084,0.175525308,0.136066258,0.139453113,0.178912148,-0.139453113,-0.178912148,-0.175525308,-0.136066258,0.008966453,0.024814492,0.031493681
55.70041013,0.965925826,0.258819045,0,0,0.523598776,0,0,0.964627147,0.262854755,0.016103841,0.01193958,0.532459893,0.024794194,0.031515328,-0.005479157,0.00326559,7.23E-05,0.1593984,-0.021273349,0.002528019,0.176843971,0.135215491,0.139103651,0.180732146,-0.139103651,-0.180732146,-0.176843971,-0.135215491,0.008861117,0.024794194,0.031515328
55.74976015,0.965925826,0.258819045,0,0,0.523598776,0,0,0.964646876,0.262780905,0.016116906,0.01195879,0.532307782,0.024811704,0.031557393,-0.004763902,0.001057238,0.004597754,0.159209672,-0.020763337,0.001766199,0.17814368,0.135597005,0.140653044,0.183199719,-0.140653044,-0.183199719,-0.17814368,-0.135597005,0.008709006,0.024811704,0.031557393
55.80034018,0.965925826,0.258819045,0,0,0.523598776,0,0,0.964665055,0.262709051,0.016169969,0.01199407,0.532162074,0.024897878,0.031651607,-0.003562868,0.003562123,-0.000733137,0.159056407,-0.021431021,0.002512115,0.178206757,0.136680111,0.140212506,0.181739166,-0.140212506,-0.181739166,-0.178206757,-0.136680111,0.008563298,0.024897878,0.031651607
55.84980011,0.965925826,0.258819045,0,0,0.523598776,0,0,0.964688241,0.262625217,0.01616041,0.01197919,0.531987506,0.024890008,0.031615685,-0.006942451,-0.000452995,0.001522153,0.159786599,-0.020439594,0.002334843,0.177975267,0.135113254,0.140137479,0.182999492,-0.140137479,-0.182999492,-0.177975267,-0.135113254,0.00838873,0.024890008,0.031615685
55.93137002,0.965925826,0.258819045,0,0,0.523598776,0,0,0.964704216,0.262566596,0.016164908,0.01197695,0.531866107,0.024901785,0.031612216,0.005904586,0.007214397,-0.001832843,0.158520936,-0.021789551,0.00246712,0.177843317,0.134264246,0.139198482,0.182777554,-0.139198482,-0.182777554,-0.177843317,-0.134264246,0.008267331,0.024901785,0.031612216
55.99142003,0.965925826,0.258819045,0,0,0.523598776,0,0,0.9646945,0.262598962,0.016204625,0.01198686,0.531935306,0.024972148,0.031653105,0.003180653,-0.001291931,0.003165752,0.157074226,-0.022316906,0.002243221,0.177843317,0.134264246,0.139198482,0.182777554,-0.139198482,-0.182777554,-0.177843317,-0.134264246,0.00833653,0.024972148,0.031653105
56.01126003,0.965925826,0.258819045,0,0,0.523598776,0,0,0.964672565,0.262680292,0.016195895,0.011982047,0.532103397,0.024955167,0.03164132,0.003180653,-0.001291931,0.003165752,0.157443579,-0.020775255,0.002471513,0.177147865,0.132514074,0.137000516,0.181634307,-0.137000516,-0.181634307,-0.177147865,-0.132514074,0.008504621,0.024955167,0.03164132
56.04997015,0.965925826,0.258819045,0,0,0.523598776,0,0,0.96466279,0.26271683,0.01618352,0.011993281,0.532178767,0.024924181,0.031657422,0.00301525,0.001996011,0.00390485,0.157562809,-0.021077603,0.00148566,0.175747275,0.134196788,0.139139816,0.180690303,-0.139139816,-0.180690303,-0.175747275,-0.134196788,0.008579991,0.024924181,0.031657422
56.09993005,0.965925826,0.258819045,0,0,0.523598776,0,0,0.964641273,0.262794554,0.016202159,0.011986968,0.532340671,0.024960916,0.031657075,0.000333041,0.000227243,0.003889948,0.158113021,-0.020661994,0.001633918,0.177154705,0.134999529,0.13797085,0.180126026,-0.13797085,-0.180126026,-0.177154705,-0.134999529,0.008741895,0.024960916,0.031657075
56.16195011,0.965925826,0.258819045,0,0,0.523598776,0,0,0.964610696,0.262902111,0.016231716,0.012049695,0.532566407,0.024981391,0.031796513,0.001425296,-0.001445413,0.001031906,0.156934514,-0.022249757,0.00138346,0.177141055,0.135817081,0.13908492,0.18040888,-0.13908492,-0.18040888,-0.177141055,-0.135817081,0.008967631,0.024981391,0.031796513
56.24985003,0.965925826,0.258819045,0,0,0.523598776,0,0,0.964613557,0.262883723,0.016268855,0.012175393,0.53253278,0.024987489,0.032058227,0.002139062,-0.00090152,0.003064424,0.15787663,-0.020300474,0.001985561,0.176191494,0.135590568,0.139561698,0.180162624,-0.139561698,-0.180162624,-0.176191494,-0.135590568,0.008934004,0.024987489,0.032058227
56.28192019,0.965925826,0.258819045,0,0,0.523598776,0,0,0.964613557,0.262883723,0.016268855,0.012175393,0.53253278,0.024987489,0.032058227,0.002139062,-0.00090152,0.003064424,0.158239987,-0.022278149,0.001376933,0.179141149,0.134584889,0.137338743,0.181895018,-0.137338743,-0.181895018,-0.179141149,-0.134584889,0.008934004,0.024987489,0.032058227
56.32235003,0.965925826,0.258819045,0,0,0.523598776,0,0,0.964621425,0.262848347,0.016296262,0.01228385,0.532463103,0.024984461,0.032281094,-0.002525747,0.004223734,0.003366918,0.157726582,-0.020574036,0.00139338,0.179141149,0.134584889,0.137338743,0.181895018,-0.137338743,-0.181895018,-0.179141149,-0.134584889,0.008864327,0.024984461,0.032281094
56.34954,0.965925826,0.258819045,0,0,0.523598776,0,0,0.964615107,0.26286158,0.016349226,0.01241776,0.532496057,0.025015726,0.032567829,0.005175919,0.002723187,0.001747161,0.157087436,-0.021552363,0.001321045,0.176907197,0.135759145,0.138545901,0.179693952,-0.138545901,-0.179693952,-0.176907197,-0.135759145,0.008897281,0.025015726,0.032567829
56.4273901,0.965925826,0.258819045,0,0,0.523598776,0,0,0.964619696,0.26283592,0.016404662,0.01253217,0.53244802,0.025063335,0.032817219,-0.002467633,0.003942102,0.005295128,0.158586619,-0.021639014,0.000988169,0.17923741,0.135959417,0.137935758,0.181213751,-0.137935758,-0.181213751,-0.17923741,-0.135959417,0.008849244,0.025063335,0.032817219
56.48237014,0.965925826,0.258819045,0,0,0.523598776,0,0,0.964638114,0.26276651,0.016404694,0.012576692,0.532305079,0.025042331,0.032901364,-0.002516806,-0.000376999,0.005655736,0.158710675,-0.021939886,0.001003244,0.179647267,0.135767519,0.137774006,0.181653753,-0.137774006,-0.181653753,-0.179647267,-0.135767519,0.008706303,0.025042331,0.032901364
56.52284002,0.965925826,0.258819045,0,0,0.523598776,0,0,0.964648187,0.262729943,0.016392117,0.01257406,0.53222869,0.0250207,0.032888711,0.002127141,-0.001819432,0.002183765,0.158745598,-0.020902071,0.000908999,0.179647267,0.135767519,0.137774006,0.181653753,-0.137774006,-0.181653753,-0.179647267,-0.135767519,0.008629914,0.0250207,0.032888711
56.57851005,0.965925826,0.258819045,0,0,0.523598776,0,0,0.964659274,0.262687415,0.016432209,0.012566253,0.532142203,0.025103606,0.032893663,-0.003907085,-0.004050136,0.000718981,0.157802882,-0.020535392,0.0012409,0.178738624,0.136934504,0.138752505,0.180556625,-0.138752505,-0.180556625,-0.178738624,-0.136934504,0.008543427,0.025103606,0.032893663
56.59966016,0.965925826,0.258819045,0,0,0.523598776,0,0,0.964680195,0.262607008,0.016454985,0.012606839,0.531977537,0.025128953,0.032981914,0.00134185,0.000693649,0.00300929,0.15914674,-0.020023479,0.001773882,0.177097321,0.136026561,0.138508365,0.179579124,-0.138508365,-0.179579124,-0.177097321,-0.136026561,0.008378761,0.025128953,0.032981914
56.65067005,0.965925826,0.258819045,0,0,0.523598776,0,0,0.964678407,0.262614042,0.01642943,0.012631854,0.531991457,0.025066251,0.033016918,0.002767891,9.46E-05,0.00404343,0.157686925,-0.021061228,0.000852593,0.177396283,0.137349352,0.140897125,0.180944055,-0.140897125,-0.180944055,-0.177396283,-0.137349352,0.008392681,0.025066251,0.033016918
56.70056009,0.965925826,0.258819045,0,0,0.523598776,0,0,0.964672923,0.262632996,0.016423862,0.012660909,0.532031155,0.025039583,0.033070563,-0.002007187,0.002280623,0.003118068,0.158728948,-0.021590354,0.001182653,0.177895516,0.135773078,0.137478262,0.179600701,-0.137478262,-0.179600701,-0.177895516,-0.135773078,0.008432379,0.025039583,0.033070563
56.7506001,0.965925826,0.258819045,0,0,0.523598776,0,0,0.964664042,0.262664109,0.016432945,0.012688682,0.532096649,0.025041431,0.03312976,-0.006513298,-0.000154972,0.003186613,0.159690547,-0.021010952,0.001364518,0.179336935,0.13731505,0.140044093,0.182065964,-0.140044093,-0.182065964,-0.179336935,-0.13731505,0.008497873,0.025041431,0.03312976
56.80379009,0.965925826,0.258819045,0,0,0.523598776,0,0,0.964670181,0.262640595,0.016461594,0.012665849,0.532048793,0.025109523,0.033100174,-0.002714992,0.002492219,0.002744049,0.158884579,-0.02168135,0.001278344,0.179336935,0.13731505,0.140044093,0.182065964,-0.140044093,-0.182065964,-0.179336935,-0.13731505,0.008450017,0.025109523,0.033100174
56.85298014,0.965925826,0.258819045,0,0,0.523598776,0,0,0.964680076,0.262598455,0.016503029,0.012739033,0.531965003,0.025152431,0.033262168,0.000654906,0.003329664,0.004706531,0.158540353,-0.021028802,0.001653097,0.179287538,0.135924861,0.138481557,0.18184422,-0.138481557,-0.18184422,-0.179287538,-0.135924861,0.008366227,0.025152431,0.033262168
56.89968014,0.965925826,0.258819045,0,0,0.523598776,0,0,0.964683712,0.262584835,0.016496919,0.012742826,0.53193663,0.025139121,0.033265919,0.000501424,0.000669807,0.003383309,0.158147763,-0.021956715,0.000739414,0.177916005,0.135858431,0.139164627,0.1812222,-0.139164627,-0.1812222,-0.177916005,-0.135858431,0.008337854,0.025139121,0.033265919
56.94959998,0.965925826,0.258819045,0,0,0.523598776,0,0,0.964689434,0.262565345,0.016461242,0.01275697,0.531894845,0.025063521,0.03327392,-0.005185604,-0.001049042,0.003611297,0.159440439,-0.020845039,0.001165202,0.179365009,0.135451615,0.136930436,0.180843845,-0.136930436,-0.180843845,-0.179365009,-0.135451615,0.008296069,0.025063521,0.03327392
57.00521016,0.965925826,0.258819045,0,0,0.523598776,0,0,0.964694798,0.262545258,0.016460389,0.012765411,0.531853357,0.02505813,0.033289244,-0.001715124,0.001809746,-0.000143051,0.15875192,-0.021539582,0.001575083,0.178716376,0.135637239,0.138787404,0.181866542,-0.138787404,-0.181866542,-0.178716376,-0.135637239,0.008254581,0.02505813,0.033289244
57.05001998,0.965925826,0.258819045,0,0,0.523598776,0,0,0.964703202,0.26251477,0.016465286,0.01276048,0.531790215,0.02507122,0.033281507,-0.00576973,-4.32E-05,0.003608316,0.159587115,-0.021094624,0.001183905,0.178716376,0.135637239,0.138787404,0.181866542,-0.138787404,-0.181866542,-0.178716376,-0.135637239,0.008191439,0.02507122,0.033281507
57.10405016,0.965925826,0.258819045,0,0,0.523598776,0,0,0.964725077,0.26243335,0.01645845,0.012793462,0.531621829,0.025043507,0.033339458,0.001399964,-0.000736117,-0.000396371,0.15812578,-0.020928493,0.001439408,0.179497793,0.137308568,0.139676377,0.181865603,-0.139676377,-0.181865603,-0.179497793,-0.137308568,0.008023053,0.025043507,0.033339458
57.15138006,0.965925826,0.258819045,0,0,0.523598776,0,0,0.964742482,0.262368947,0.016475778,0.012774373,0.531488767,0.025089196,0.033310062,0.001788885,-0.001980364,0.002313405,0.158027712,-0.020642831,0.001018611,0.177614823,0.135757864,0.138636678,0.180493638,-0.138636678,-0.180493638,-0.177614823,-0.135757864,0.007889991,0.025089196,0.033310062
57.2003901,0.965925826,0.258819045,0,0,0.523598776,0,0,0.964761138,0.262296706,0.016499106,0.012817207,0.531341111,0.025114207,0.033403147,-0.003805757,-0.00499934,0.00326559,0.157793227,-0.020231617,0.000710953,0.177313849,0.13685064,0.138272539,0.178735748,-0.138272539,-0.178735748,-0.177313849,-0.13685064,0.007742335,0.025114207,0.033403147
57.25167012,0.965925826,0.258819045,0,0,0.523598776,0,0,0.964782953,0.262213439,0.016509043,0.012865847,0.531170084,0.025110727,0.033500107,8.72E-05,0.002699345,0.002291053,0.158463941,-0.021842498,0.000987586,0.177313849,0.13685064,0.138272539,0.178735748,-0.138272539,-0.178735748,-0.177313849,-0.13685064,0.007571308,0.025110727,0.033500107
57.30021,0.965925826,0.258819045,0,0,0.523598776,0,0,0.964794934,0.262167484,0.016511826,0.012899454,0.531075725,0.02510005,0.033565253,-0.002308191,0.001940876,0.003739447,0.158982208,-0.021670972,0.00083492,0.179318801,0.135633841,0.137609005,0.181293979,-0.137609005,-0.181293979,-0.179318801,-0.135633841,0.007476949,0.02510005,0.033565253
57.3494401,0.965925826,0.258819045,0,0,0.523598776,0,0,0.964806437,0.262120783,0.016525101,0.012963364,0.530981054,0.025093749,0.033694404,-0.001686812,0.001249462,0.002812594,0.15888241,-0.021534489,0.000885708,0.179818213,0.136476293,0.138146132,0.181488052,-0.138146132,-0.181488052,-0.179818213,-0.136476293,0.007382278,0.025093749,0.033694404
57.40015006,0.965925826,0.258819045,0,0,0.523598776,0,0,0.9648211,0.26206395,0.016538221,0.01301283,0.530864938,0.025095094,0.033795317,0.001160056,-0.001184642,0.004623086,0.158264633,-0.020975996,0.000422007,0.179531142,0.136462197,0.138233602,0.181302562,-0.138233602,-0.181302562,-0.179531142,-0.136462197,0.007266162,0.025095094,0.033795317
57.4519701,0.965925826,0.258819045,0,0,0.523598776,0,0,0.964847863,0.261958361,0.016573843,0.01310872,0.530649965,0.025117234,0.03399642,-0.002136826,0.001070648,0.0043042,0.159030495,-0.021587173,0.000518163,0.178818569,0.136866614,0.137710616,0.179662585,-0.137710616,-0.179662585,-0.178818569,-0.136866614,0.007051189,0.025117234,0.03399642
57.50618005,0.965925826,0.258819045,0,0,0.523598776,0,0,0.964891136,0.261787146,0.016629534,0.013269282,0.530301453,0.025146574,0.034331216,-0.004708767,0.002344698,0.006211549,0.159635887,-0.022004149,0.000165014,0.180099458,0.136925131,0.137961462,0.181135789,-0.137961462,-0.181135789,-0.180099458,-0.136925131,0.006702677,0.025146574,0.034331216
57.55353022,0.965925826,0.258819045,0,0,0.523598776,0,0,0.96489805,0.261755079,0.016647862,0.013380985,0.530238363,0.025124537,0.034555672,-0.004824996,0.002870708,0.005266814,0.159692938,-0.02218288,0.000200837,0.181474969,0.137466699,0.13779673,0.181805,-0.13779673,-0.181805,-0.181474969,-0.137466699,0.006639587,0.025124537,0.034555672
57.60115004,0.965925826,0.258819045,0,0,0.523598776,0,0,0.964918137,0.261673301,0.016670447,0.013494973,0.530072614,0.025111325,0.034785492,-0.001019239,0.005669147,0.005444139,0.158905287,-0.022925606,-0.000134133,0.181674927,0.137309194,0.137710869,0.182076603,-0.137710869,-0.182076603,-0.181674927,-0.137309194,0.006473838,0.025111325,0.034785492
57.6517601,0.965925826,0.258819045,0,0,0.523598776,0,0,0.964921772,0.261657655,0.016662123,0.013557305,0.530041113,0.025063164,0.034901058,0.007195026,0.000242144,-0.000159442,0.157207198,-0.021612202,0.000314273,0.181964979,0.136113793,0.135845527,0.181696713,-0.135845527,-0.181696713,-0.181964979,-0.136113793,0.006442337,0.025063164,0.034901058
57.70164013,0.965925826,0.258819045,0,0,0.523598776,0,0,0.964926541,0.26163587,0.016718352,0.013562282,0.529998902,0.025169862,0.034939626,0.000747293,-0.001472235,-0.000455976,0.158622376,-0.021248252,0.000670032,0.178505078,0.135280699,0.135909244,0.179133624,-0.135909244,-0.179133624,-0.178505078,-0.135280699,0.006400126,0.025169862,0.034939626
57.76195002,0.965925826,0.258819045,0,0,0.523598776,0,0,0.964919627,0.261662543,0.016720092,0.013536108,0.530053686,0.025185969,0.034890699,0.002547354,0.003413111,0.00135228,0.157470205,-0.021241178,0.000269116,0.179200545,0.136704072,0.138044134,0.180540606,-0.138044134,-0.180540606,-0.179200545,-0.136704072,0.00645491,0.025185969,0.034890699
57.80544019,0.965925826,0.258819045,0,0,0.523598776,0,0,0.964908421,0.261707902,0.016712863,0.013469949,0.530145819,0.025205048,0.034760349,0.004687161,0.001766533,-0.000114739,0.158194845,-0.022436546,0.000318449,0.178442225,0.135959893,0.136498123,0.178980455,-0.136498123,-0.178980455,-0.178442225,-0.135959893,0.006547043,0.025205048,0.034760349
57.85177016,0.965925826,0.258819045,0,0,0.523598776,0,0,0.96490097,0.261738211,0.016690081,0.01343812,0.53020683,0.025176673,0.034687725,0.004345923,0.001069158,-0.001916289,0.15781428,-0.021801461,0.000858799,0.180312887,0.135439828,0.136076733,0.180949792,-0.136076733,-0.180949792,-0.180312887,-0.135439828,0.006608054,0.025176673,0.034687725
57.90280008,0.965925826,0.258819045,0,0,0.523598776,0,0,0.964890361,0.261779547,0.01668895,0.013401587,0.530291579,0.025192155,0.034617671,0.007288903,-0.004309416,0.004624575,0.157063886,-0.020493755,-0.000249226,0.178756893,0.135153994,0.136871591,0.18047449,-0.136871591,-0.18047449,-0.178756893,-0.135153994,0.006692803,0.025192155,0.034617671
57.95135999,0.965925826,0.258819045,0,0,0.523598776,0,0,0.964879394,0.261820465,0.016698768,0.013384017,0.530376436,0.025218844,0.034589971,0.00237152,-0.001960993,-0.0019297,0.158208246,-0.021054736,0.001026058,0.177806824,0.136819333,0.136320889,0.177308366,-0.136320889,-0.177308366,-0.177806824,-0.136819333,0.00677766,0.025218844,0.034589971
58.00509,0.965925826,0.258819045,0,0,0.523598776,0,0,0.964873672,0.261843145,0.016697817,0.013353335,0.530422706,0.025232282,0.034530826,0.002726168,-0.000476837,-0.000914931,0.15810664,-0.021408038,0.000879784,0.178236872,0.136127427,0.138179541,0.180288985,-0.138179541,-0.180288985,-0.178236872,-0.136127427,0.00682393,0.025232282,0.034530826
58.06368017,0.965925826,0.258819045,0,0,0.523598776,0,0,0.964854121,0.261923015,0.01666919,0.013228296,0.530584066,0.025239762,0.034276468,-0.001563132,0.002398342,-0.002229214,0.158067677,-0.022229675,0.000978804,0.178634852,0.135818794,0.137578368,0.180394411,-0.137578368,-0.180394411,-0.178634852,-0.135818794,0.00698529,0.025239762,0.034276468
58.10324001,0.965925826,0.258819045,0,0,0.523598776,0,0,0.964861333,0.261902452,0.016663766,0.013119345,0.530538696,0.025287162,0.03406273,0.003727525,-0.000691414,-0.004678965,0.159018643,-0.022034649,0.001409205,0.179318503,0.134859174,0.136816785,0.181276113,-0.136816785,-0.181276113,-0.179318503,-0.134859174,0.00693992,0.025287162,0.03406273
58.15118003,0.965925826,0.258819045,0,0,0.523598776,0,0,0.964867532,0.261886925,0.016622704,0.013027105,0.530502428,0.025256839,0.033862662,0.004334003,-0.001065433,-0.002346933,0.15808651,-0.02204403,0.001539457,0.179644033,0.135574773,0.138393179,0.182462454,-0.138393179,-0.182462454,-0.179644033,-0.135574773,0.006903652,0.025256839,0.033862662
58.20062017,0.965925826,0.258819045,0,0,0.523598776,0,0,0.964865088,0.261902809,0.016587337,0.01293506,0.530531555,0.025236303,0.033666788,-0.001190603,0.003231317,-0.003491343,0.158949061,-0.022062856,0.001879431,0.178591028,0.134503007,0.137581915,0.18166995,-0.137581915,-0.18166995,-0.178591028,-0.134503007,0.006932779,0.025236303,0.033666788
58.24947,0.965925826,0.258819045,0,0,0.523598776,0,0,0.96487087,0.261885643,0.016590418,0.012849105,0.530494169,0.02528792,0.033502007,-0.002141296,-0.002905727,-0.003547966,0.159157699,-0.020545149,0.002041277,0.179132432,0.135006756,0.138765618,0.182891294,-0.138765618,-0.182891294,-0.179132432,-0.135006756,0.006895393,0.02528792,0.033502007
58.30500007,0.965925826,0.258819045,0,0,0.523598776,0,0,0.964870155,0.261893153,0.01655647,0.012785695,0.530506729,0.025255399,0.033361947,-0.0015378,0.000692159,-0.002510846,0.15900645,-0.021369258,0.001899549,0.177661523,0.136571243,0.140653804,0.181744084,-0.140653804,-0.181744084,-0.177661523,-0.136571243,0.006907953,0.025255399,0.033361947
58.34991002,0.965925826,0.258819045,0,0,0.523598776,0,0,0.964867711,0.261907905,0.016548423,0.012680313,0.530534522,0.025294625,0.033154649,-0.002631545,0.000100583,-0.001333654,0.159215558,-0.021186392,0.001878288,0.17847611,0.135737628,0.139536723,0.182275206,-0.139536723,-0.182275206,-0.17847611,-0.135737628,0.006935746,0.025294625,0.033154649
58.40159011,0.965925826,0.258819045,0,0,0.523598776,0,0,0.964846551,0.261994421,0.016502853,0.012559974,0.530708965,0.025266844,0.032900639,0.002425164,-0.005596876,-0.002837181,0.158276115,-0.020326234,0.001839543,0.178523615,0.136150852,0.139907435,0.182280198,-0.139907435,-0.182280198,-0.178523615,-0.136150852,0.007110189,0.025266844,0.032900639
58.45183015,0.965925826,0.258819045,0,0,0.523598776,0,0,0.964837313,0.262033999,0.016481338,0.012468726,0.530787939,0.02527185,0.032714207,0.006110223,-0.002710521,-0.001727045,0.158098715,-0.019718093,0.002019505,0.17676276,0.136110321,0.139789402,0.180441841,-0.139789402,-0.180441841,-0.17676276,-0.136110321,0.007189163,0.02527185,0.032714207
58.50483012,0.965925826,0.258819045,0,0,0.523598776,0,0,0.964809954,0.262143075,0.01645219,0.01233153,0.531009545,0.025283916,0.032436876,0.004189461,-0.000880659,-0.002516806,0.15764091,-0.020747792,0.002115681,0.175797254,0.136361092,0.140400097,0.179836273,-0.140400097,-0.179836273,-0.175797254,-0.136361092,0.007410769,0.025283916,0.032436876
58.55142999,0.965925826,0.258819045,0,0,0.523598776,0,0,0.964791656,0.262217283,0.016411101,0.012248612,0.531159506,0.025245669,0.032257131,-0.000953674,-0.003175437,-0.003810227,0.15874213,-0.020114456,0.002647404,0.176272973,0.134777412,0.139008775,0.180504337,-0.139008775,-0.180504337,-0.176272973,-0.134777412,0.00756073,0.025245669,0.032257131
58.60010004,0.965925826,0.258819045,0,0,0.523598776,0,0,0.964770854,0.262298822,0.016391076,0.012159459,0.53132563,0.025251125,0.032076628,0.000845641,0.002299994,-0.005152822,0.158334277,-0.021399676,0.002855305,0.176209137,0.135980248,0.141275048,0.181503937,-0.141275048,-0.181503937,-0.176209137,-0.135980248,0.007726854,0.025251125,0.032076628
58.65116,0.965925826,0.258819045,0,0,0.523598776,0,0,0.964761317,0.262337536,0.016375311,0.012105022,0.531403896,0.02524801,0.031964257,0.001450628,-0.000329316,-0.002124906,0.158142167,-0.02073259,0.002415107,0.176878601,0.134079278,0.139789879,0.182589218,-0.139789879,-0.182589218,-0.176878601,-0.134079278,0.00780512,0.02524801,0.031964257
58.70077014,0.965925826,0.258819045,0,0,0.523598776,0,0,0.96474731,0.262395114,0.016319467,0.012055559,0.531519502,0.025164334,0.031840885,0.00557974,-0.006586314,-0.001642108,0.157212334,-0.019140938,0.002209424,0.176459596,0.134994447,0.139824659,0.181289822,-0.139824659,-0.181289822,-0.176459596,-0.134994447,0.007920726,0.025164334,0.031840885
58.75178003,0.965925826,0.258819045,0,0,0.523598776,0,0,0.96472919,0.262465507,0.016298968,0.011985908,0.531663005,0.025159063,0.031697487,0.006172806,-0.001490116,-0.001724065,0.157082961,-0.021949608,0.001749106,0.174143806,0.135861948,0.140280798,0.178562656,-0.140280798,-0.178562656,-0.174143806,-0.135861948,0.008064229,0.025159063,0.031697487
58.79937005,0.965925826,0.258819045,0,0,0.523598776,0,0,0.964710414,0.262532681,0.016338073,0.011987427,0.531803996,0.025231506,0.031722757,0.006122142,-0.001230836,0.003453344,0.156966281,-0.020453146,0.001453973,0.177283421,0.133384228,0.136882439,0.180781633,-0.136882439,-0.180781633,-0.177283421,-0.133384228,0.00820522,0.025231506,0.031722757
58.84925008,0.965925826,0.258819045,0,0,0.523598776,0,0,0.964695632,0.262588948,0.016333597,0.011946185,0.531919529,0.025242704,0.031642265,0.006268175,0.00083521,0.001551956,0.156936702,-0.020936221,0.001787361,0.175965413,0.135059133,0.13796708,0.17887336,-0.13796708,-0.17887336,-0.175965413,-0.135059133,0.008320753,0.025242704,0.031642265
58.90360999,0.965925826,0.258819045,0,0,0.523598776,0,0,0.964694321,0.262594342,0.016322209,0.011950964,0.531930282,0.025218041,0.03164563,-0.002126396,-0.003097951,0.004225225,0.158717865,-0.019964818,0.00175884,0.176085517,0.13421309,0.137787819,0.179660231,-0.137787819,-0.179660231,-0.176085517,-0.13421309,0.008331506,0.025218041,0.03164563
58.94977021,0.965925826,0.258819045,0,0,0.523598776,0,0,0.964704156,0.262555599,0.016318412,0.012013992,0.531851208,0.025178855,0.03176428,-0.004224479,0.003754348,0.006323308,0.159161029,-0.021649735,0.001436074,0.176923797,0.136994183,0.14051187,0.180441484,-0.14051187,-0.180441484,-0.176923797,-0.136994183,0.008252432,0.025178855,0.03176428
58.99981999,0.965925826,0.258819045,0,0,0.523598776,0,0,0.964702845,0.262558043,0.016341826,0.012033459,0.531857798,0.025213716,0.031814251,0.001595169,0.004140288,-0.000107288,0.15799197,-0.021768383,0.002161409,0.179374635,0.136075199,0.138947353,0.182246789,-0.138947353,-0.182246789,-0.179374635,-0.136075199,0.008259022,0.025213716,0.031814251
59.0511601,0.965925826,0.258819045,0,0,0.523598776,0,0,0.964721799,0.262484074,0.016358877,0.012102787,0.531706823,0.02521262,0.031955123,0.003033131,0.007415563,-0.000110269,0.157804111,-0.019468568,0.00162695,0.177598894,0.134062156,0.138384968,0.181921721,-0.138384968,-0.181921721,-0.177598894,-0.134062156,0.008108047,0.02521262,0.031955123
59.09960008,0.965925826,0.258819045,0,0,0.523598776,0,0,0.964724898,0.262472987,0.016351031,0.012106365,0.531683561,0.025195969,0.031957608,0.002724677,0.002952665,0.003636628,0.157731829,-0.021517891,0.001442018,0.175645679,0.136708573,0.139962465,0.178899586,-0.139962465,-0.178899586,-0.175645679,-0.136708573,0.008084785,0.025195969,0.031957608
59.14931011,0.965925826,0.258819045,0,0,0.523598776,0,0,0.96472162,0.262484729,0.016364492,0.012093733,0.531708249,0.025228193,0.03194062,0.002775341,0.00199154,-0.001221895,0.157783254,-0.021285951,0.002224596,0.177807659,0.134771898,0.137655929,0.180691689,-0.137655929,-0.180691689,-0.177807659,-0.134771898,0.008109473,0.025228193,0.03194062
59.20148015,0.965925826,0.258819045,0,0,0.523598776,0,0,0.964725196,0.262475878,0.016335811,0.012041763,0.531687385,0.025200456,0.031824968,-0.002264976,-0.000287592,-0.003182888,0.158904613,-0.02067749,0.002821494,0.176844567,0.13427268,0.138721883,0.181293756,-0.138721883,-0.181293756,-0.176844567,-0.13427268,0.008088609,0.025200456,0.031824968
59.25659013,0.965925826,0.258819045,0,0,0.523598776,0,0,0.964723706,0.262487203,0.016300756,0.011959951,0.531707412,0.02517544,0.031648884,-0.000494719,-0.005610288,-0.001221895,0.158484271,-0.019325615,0.002525196,0.175284639,0.136633441,0.141683832,0.18033503,-0.141683832,-0.18033503,-0.175284639,-0.136633441,0.008108636,0.02517544,0.031648884
59.30022001,0.965925826,0.258819045,0,0,0.523598776,0,0,0.964724004,0.262490124,0.016278464,0.011891699,0.531710973,0.025168204,0.03150548,0.003235787,-0.002907217,-0.002616644,0.157689925,-0.01994137,0.002631653,0.174999595,0.135116875,0.140380189,0.180262908,-0.140380189,-0.180262908,-0.174999595,-0.135116875,0.008112197,0.025168204,0.03150548
59.35058999,0.965925826,0.258819045,0,0,0.523598776,0,0,0.964726567,0.262493372,0.016236493,0.011678753,0.531710925,0.025199026,0.03107241,-0.000707805,-0.003549457,-0.001418591,0.158281098,-0.020120951,0.003185627,0.175216377,0.134974495,0.141345754,0.181587622,-0.141345754,-0.181587622,-0.175216377,-0.134974495,0.008112149,0.025199026,0.03107241
59.39970016,0.965925826,0.258819045,0,0,0.523598776,0,0,0.964725137,0.262505829,0.016200906,0.011566309,0.5317326,0.025189055,0.030836946,0.005146116,-0.000780821,-0.004057586,0.15727231,-0.020280656,0.00309346,0.174459457,0.133898169,0.140085086,0.180646375,-0.140085086,-0.180646375,-0.174459457,-0.133898169,0.008133824,0.025189055,0.030836946
59.44959998,0.965925826,0.258819045,0,0,0.523598776,0,0,0.964731574,0.262486428,0.016193615,0.011470082,0.531689945,0.025226179,0.030646858,0.001751632,-0.005713105,-0.001913309,0.157982281,-0.0190438,0.003026227,0.174459457,0.133898169,0.140085086,0.180646375,-0.140085086,-0.180646375,-0.174459457,-0.133898169,0.008091169,0.025226179,0.030646858
59.49963021,0.965925826,0.258819045,0,0,0.523598776,0,0,0.964735866,0.262477905,0.016140217,0.011390395,0.531668013,0.02516529,0.030464696,-0.003050267,-0.00256002,-0.001823902,0.159021382,-0.019727727,0.003297693,0.175451368,0.135995939,0.142591327,0.182046756,-0.142591327,-0.182046756,-0.175451368,-0.135995939,0.008069237,0.02516529,0.030464696
59.54946017,0.965925826,0.258819045,0,0,0.523598776,0,0,0.964741826,0.262461394,0.016125243,0.011281111,0.531630693,0.025194344,0.030245434,-0.00025332,-0.006881357,0.000511855,0.158383405,-0.018633972,0.002923968,0.174093366,0.136825442,0.142673373,0.179941297,-0.142673373,-0.179941297,-0.174093366,-0.136825442,0.008031917,0.025194344,0.030245434
59.5998702,0.965925826,0.258819045,0,0,0.523598776,0,0,0.964746892,0.262449354,0.016077768,0.011205748,0.531601864,0.025142713,0.030074649,0.001765043,-0.001557171,-0.003260374,0.158000128,-0.01985389,0.003476843,0.174377128,0.134669378,0.141623065,0.181330815,-0.141623065,-0.181330815,-0.174377128,-0.134669378,0.008003088,0.025142713,0.030074649
59.65399003,0.965925826,0.258819045,0,0,0.523598776,0,0,0.964757204,0.26241827,0.016050873,0.011079268,0.531533424,0.025158236,0.029815537,0.003226847,0.000818819,-0.001250207,0.158851296,-0.019592159,0.003326543,0.174377128,0.134669378,0.141623065,0.181330815,-0.141623065,-0.181330815,-0.174377128,-0.134669378,0.007934648,0.025158236,0.029815537
59.7009902,0.965925826,0.258819045,0,0,0.523598776,0,0,0.964745104,0.262465209,0.016035691,0.011036096,0.531629126,0.025150176,0.029725437,0.004334003,-0.000832975,-0.001244247,0.157399231,-0.019941641,0.003210618,0.175116867,0.135932565,0.14258565,0.181769952,-0.14258565,-0.181769952,-0.175116867,-0.135932565,0.00803035,0.025150176,0.029725437
59.74998021,0.965925826,0.258819045,0,0,0.523598776,0,0,0.964742184,0.262479097,0.016013468,0.010991897,0.531655953,0.025130094,0.029628784,-4.62E-05,-0.000602007,0.001249462,0.158307111,-0.019961677,0.003062674,0.174130201,0.134246945,0.140668184,0.18055144,-0.140668184,-0.18055144,-0.174130201,-0.134246945,0.008057177,0.025130094,0.029628784
59.80859017,0.965925826,0.258819045,0,0,0.523598776,0,0,0.964748919,0.262455434,0.015997954,0.01099248,0.531606208,0.025100578,0.029621123,-0.002989173,-0.001320243,0.004021079,0.158914394,-0.019772781,0.002759385,0.175206065,0.13528274,0.141408086,0.181331411,-0.141408086,-0.181331411,-0.175206065,-0.13528274,0.008007432,0.025100578,0.029621123
59.85264015,0.965925826,0.258819045,0,0,0.523598776,0,0,0.964753568,0.262438893,0.015989933,0.010989637,0.531571513,0.025087103,0.029610985,0.007716567,-0.000299513,0.002651662,0.156617992,-0.020019681,0.002477233,0.175927743,0.136382207,0.141900972,0.181446508,-0.141900972,-0.181446508,-0.175927743,-0.136382207,0.007972737,0.025087103,0.029610985
59.90028,0.965925826,0.258819045,0,0,0.523598776,0,0,0.964741051,0.262484878,0.015987752,0.010997502,0.531666894,0.02507735,0.029626212,0.002398342,0.003433973,-0.001092255,0.157808223,-0.020917595,0.003294683,0.174160391,0.13412106,0.139075518,0.179114863,-0.139075518,-0.179114863,-0.174160391,-0.13412106,0.008068118,0.02507735,0.029626212
59.94964004,0.965925826,0.258819045,0,0,0.523598776,0,0,0.964757919,0.262422353,0.015980372,0.011020136,0.531537468,0.025053138,0.029664395,0.003933161,0.003119558,0.001465529,0.157911436,-0.02018843,0.002626747,0.175431088,0.133595929,0.140185282,0.182020456,-0.140185282,-0.182020456,-0.175431088,-0.133595929,0.007938692,0.025053138,0.029664395
60.00311017,0.965925826,0.258819045,0,0,0.523598776,0,0,0.964758217,0.262419075,0.016002461,0.011041735,0.531532117,0.025084514,0.029717628,0.00262931,0.005399436,0.003870577,0.157465343,-0.020845813,0.002792003,0.175473079,0.135096237,0.140349731,0.180726573,-0.140349731,-0.180726573,-0.175473079,-0.135096237,0.007933341,0.025084514,0.029717628
