time,ref_qw,ref_qx,ref_qy,ref_qz,ref_phi,ref_theta,ref_psi,qw,qx,qy,qz,phi,theta,psi,p,q,r,u_4,u_5,u_6,m_1,m_2,m_3,m_4,m_5,m_6,m_7,m_8,phi_error,theta_error,psi_error
0,0.965925826,0.258819045,0,0,0.523598776,0,0,0.998518467,0.01784814,0.012200169,-0.049937218,0.034443484,0.026149735,-0.099488945,0.025510047,-0.010979178,0.016414374,0.300150325,0.015106007,0.044062189,0.240982071,0.271194071,0.359318435,0.32910645,-0.359318435,-0.32910645,-0.240982071,-0.271194071,0.489155292,0.026149735,0.099488945
0.050909996,0.965925826,0.258819045,0,0,0.523598776,0,0,0.998489499,0.019569462,0.012072891,-0.049905203,0.037896725,0.026065483,-0.099384301,0.172009349,-0.006674231,-0.003656745,0.270998884,0.013953495,0.047881282,0.209164053,0.237071022,0.332833588,0.304926634,-0.332833588,-0.304926634,-0.209164053,-0.237071022,0.485702051,0.026065483,0.099384301
0.10070014,0.965925826,0.258819045,0,0,0.523598776,0,0,0.998076022,0.033705793,0.012240001,-0.050581284,0.066117427,0.027846263,-0.100349981,0.448232234,0.060979288,0.027925525,0.245697113,0.004607098,0.053991243,0.187098727,0.196312904,0.304295391,0.295081198,-0.304295391,-0.295081198,-0.187098727,-0.196312904,0.457481349,0.027846263,0.100349981
0.151989937,0.965925826,0.258819045,0,0,0.523598776,0,0,0.997851849,0.041761052,0.013330052,-0.04868662,0.082175733,0.030674041,-0.096244398,0.129032925,0.056859113,0.146355525,0.207766053,-0.006395043,0.042587725,0.171573326,0.158783242,0.243958697,0.256748766,-0.243958697,-0.256748766,-0.171573326,-0.158783242,0.441423043,0.030674041,0.096244398
0.201770067,0.965925826,0.258819045,0,0,0.523598776,0,0,0.997825205,0.045649905,0.013227708,-0.045674991,0.090056587,0.030572754,-0.090107544,0.340417743,0.00199154,0.177643448,0.262590547,-0.00799988,0.018114551,0.252475828,0.236476064,0.272705168,0.288704902,-0.272705168,-0.288704902,-0.252475828,-0.236476064,0.433542189,0.030572754,0.090107544
0.250930071,0.965925826,0.258819045,0,0,0.523598776,0,0,0.997523606,0.055506673,0.013035905,-0.041180748,0.109937391,0.030583622,-0.080836138,0.359822065,-0.013370812,0.189772993,0.20877235,0.008246045,0.002301784,0.198224485,0.214716554,0.219320133,0.20282805,-0.219320133,-0.20282805,-0.198224485,-0.214716554,0.413661385,0.030583622,0.080836138
0.300899982,0.965925826,0.258819045,0,0,0.523598776,0,0,0.9972018,0.063720979,0.012507398,-0.037035815,0.126551994,0.029669072,-0.072365368,0.465544403,0.046911102,0.236590996,0.182468653,-0.010881091,-0.010410064,0.20375976,0.181997597,0.161177471,0.182939634,-0.161177471,-0.182939634,-0.20375976,-0.181997597,0.397046782,0.029669072,0.072365368
0.350870132,0.965925826,0.258819045,0,0,0.523598776,0,0,0.996765196,0.072635524,0.012529367,-0.032034542,0.144564657,0.029635703,-0.062108859,0.395383745,0.049971797,0.255725563,0.189251294,-0.014043538,-0.018466692,0.22176148,0.193674415,0.156741038,0.184828088,-0.156741038,-0.184828088,-0.22176148,-0.193674415,0.379034119,0.029635703,0.062108859
0.401220083,0.965925826,0.258819045,0,0,0.523598776,0,0,0.995227098,0.094395921,0.012975468,-0.021073328,0.188542223,0.029809962,-0.039523676,0.494038433,0.020384047,0.213677481,0.154404826,-0.015634016,-0.025467912,0.195506707,0.164238691,0.113302872,0.144570887,-0.113302872,-0.144570887,-0.195506707,-0.164238691,0.335056553,0.029809962,0.039523676
0.452300072,0.965925826,0.258819045,0,0,0.523598776,0,0,0.994250298,0.104874954,0.013052395,-0.017239481,0.209718853,0.029574986,-0.031562021,0.537400723,0.043223057,0.182452053,0.154284677,-0.010137615,-0.019702596,0.195506707,0.164238691,0.113302872,0.144570887,-0.113302872,-0.144570887,-0.195506707,-0.164238691,0.313879923,0.029574986,0.031562021
0.501230001,0.965925826,0.258819045,0,0,0.523598776,0,0,0.993087173,0.115757301,0.013450935,-0.014042249,0.231707323,0.029971374,-0.024789938,0.54814887,0.051189218,0.146152794,0.138114049,-0.018081659,-0.016762383,0.172958046,0.136794761,0.103269987,0.13943328,-0.103269987,-0.13943328,-0.172958046,-0.136794761,0.291891453,0.029971374,0.024789938
0.550990105,0.965925826,0.258819045,0,0,0.523598776,0,0,0.991834581,0.126238808,0.013823912,-0.011707266,0.252894841,0.030382559,-0.019743503,0.513648272,0.023894763,0.096594557,0.126464858,-0.014810883,-0.004493084,0.145768791,0.116147041,0.107160874,0.136782616,-0.107160874,-0.136782616,-0.145768791,-0.116147041,0.270703935,0.030382559,0.019743503
0.601020098,0.965925826,0.258819045,0,0,0.523598776,0,0,0.990152061,0.138911143,0.014297751,-0.009921259,0.278522377,0.031075235,-0.015683087,0.492744923,0.039009005,0.057961803,0.120746326,-0.020082494,0.001715697,0.139113083,0.098948121,0.102379516,0.142544478,-0.102379516,-0.142544478,-0.139113083,-0.098948121,0.245076399,0.031075235,0.015683087
0.651149988,0.965925826,0.258819045,0,0,0.523598776,0,0,0.988758802,0.148483232,0.014990053,-0.009168804,0.297893455,0.032371574,-0.013687526,0.470704556,0.051457435,0.02879128,0.117574645,-0.024456037,0.007009787,0.135020852,0.086108811,0.100128382,0.149040431,-0.100128382,-0.149040431,-0.135020852,-0.086108811,0.225705321,0.032371574,0.013687526
0.70156002,0.965925826,0.258819045,0,0,0.523598776,0,0,0.985768855,0.167052254,0.016462663,-0.009081943,0.335517824,0.035498528,-0.01241328,0.461220115,0.039536513,-0.002375246,0.109930567,-0.022052559,0.011878292,0.120104797,0.075999707,0.099756286,0.143861383,-0.099756286,-0.143861383,-0.120104797,-0.075999707,0.188080952,0.035498528,0.01241328
0.751899958,0.965925826,0.258819045,0,0,0.523598776,0,0,0.983588696,0.179325327,0.017498959,-0.009463238,0.360439797,0.03782657,-0.012349001,0.386395305,0.040338181,-0.009764731,0.107813537,-0.022939966,0.014592598,0.11616087,0.070280962,0.09946616,0.14534606,-0.09946616,-0.14534606,-0.11616087,-0.070280962,0.163158979,0.03782657,0.012349001
0.801569939,0.965925826,0.258819045,0,0,0.523598776,0,0,0.982246876,0.186463714,0.018176323,-0.009602084,0.374965498,0.039298259,-0.012094414,0.345198095,0.039070103,-0.002701581,0.109633658,-0.023487525,0.015211128,0.11791002,0.070934996,0.101357251,0.148332268,-0.101357251,-0.148332268,-0.11791002,-0.070934996,0.148633278,0.039298259,0.012094414
0.851840019,0.965925826,0.258819045,0,0,0.523598776,0,0,0.980996311,0.192879036,0.018752309,-0.009614564,0.388042356,0.04051186,-0.011639659,0.310912013,0.031156098,0.006026775,0.113361841,-0.022068705,0.012322934,0.123107575,0.078970186,0.103616059,0.147753447,-0.103616059,-0.147753447,-0.123107575,-0.078970186,0.13555642,0.04051186,0.011639659
0.900749922,0.965925826,0.258819045,0,0,0.523598776,0,0,0.97988528,0.198403522,0.019281577,-0.009455706,0.39932464,0.041551501,-0.010889559,0.258987457,0.028567765,0.01261309,0.118911646,-0.021895186,0.010932454,0.129874334,0.086083993,0.107948899,0.151739255,-0.107948899,-0.151739255,-0.129874334,-0.086083993,0.124274136,0.041551501,0.010889559
0.951020002,0.965925826,0.258819045,0,0,0.523598776,0,0,0.97872436,0.204027712,0.01978747,-0.008936414,0.410839271,0.042392202,-0.009426795,0.200044364,0.024517627,0.029356033,0.125714768,-0.021400742,0.00719264,0.139922827,0.097121373,0.111506648,0.15430811,-0.111506648,-0.15430811,-0.139922827,-0.097121373,0.112759505,0.042392202,0.009426795
1.001919985,0.965925826,0.258819045,0,0,0.523598776,0,0,0.977819383,0.208325177,0.020131001,-0.008060312,0.41966684,0.042740295,-0.007382276,0.153661534,0.01812801,0.044234842,0.130482224,-0.019982466,0.004448516,0.146016136,0.106051221,0.114948258,0.154913172,-0.114948258,-0.154913172,-0.146016136,-0.106051221,0.103931936,0.042740295,0.007382276
1.05133009,0.965925826,0.258819045,0,0,0.523598776,0,0,0.976968288,0.212322429,0.02032488,-0.006265388,0.427923589,0.042386774,-0.003614568,0.088042773,0.016180426,0.057787452,0.135468479,-0.020870202,0.001486898,0.146016136,0.106051221,0.114948258,0.154913172,-0.114948258,-0.154913172,-0.146016136,-0.106051221,0.095675187,0.042386774,0.003614568
1.102699995,0.965925826,0.258819045,0,0,0.523598776,0,0,0.976675153,0.21370171,0.020296715,-0.00503958,0.430796499,0.041812706,-0.001170203,0.058180831,0.006785243,0.066152945,0.140547438,-0.020313206,-0.000773177,0.161633775,0.12100739,0.119461037,0.160087422,-0.119461037,-0.160087422,-0.161633775,-0.12100739,0.092802277,0.041812706,0.001170203
1.151809931,0.965925826,0.258819045,0,0,0.523598776,0,0,0.976472199,0.214675277,0.020134389,-0.003392319,0.432851509,0.040789133,0.002021383,0.021653622,0.004284829,0.070560731,0.147822887,-0.01789338,-0.004541054,0.170257285,0.134470537,0.125388429,0.161175177,-0.125388429,-0.161175177,-0.170257285,-0.134470537,0.090747267,0.040789133,0.002021383
1.200760126,0.965925826,0.258819045,0,0,0.523598776,0,0,0.976406693,0.215004832,0.019962925,-0.002096761,0.433571923,0.039896078,0.004493258,0.008863954,-0.002652406,0.061536584,0.153604907,-0.015704689,-0.005263201,0.174572751,0.143163398,0.132636994,0.164046347,-0.132636994,-0.164046347,-0.174572751,-0.143163398,0.090026853,0.039896078,0.004493258
1.251780033,0.965925826,0.258819045,0,0,0.523598776,0,0,0.976392448,0.215096191,0.019768691,-0.000905086,0.433798384,0.039003242,0.00674208,-0.003439188,-0.001220405,0.063464791,0.155896163,-0.016279408,-0.006725269,0.178900793,0.146341994,0.132891461,0.16545026,-0.132891461,-0.16545026,-0.178900793,-0.146341994,0.089800392,0.039003242,0.00674208
1.301710129,0.965925826,0.258819045,0,0,0.523598776,0,0,0.97639215,0.215119943,0.019547872,0.000137479,0.433878988,0.038122849,0.008685158,0.011245161,0.001924485,0.051569197,0.153079055,-0.017257711,-0.005314916,0.17565164,0.141136244,0.130506396,0.165021807,-0.130506396,-0.165021807,-0.17565164,-0.141136244,0.089719788,0.038122849,0.008685158
1.351060152,0.965925826,0.258819045,0,0,0.523598776,0,0,0.976307273,0.215537712,0.019102318,0.00169582,0.43477739,0.036576587,0.011553806,0.021149965,-0.010807812,0.026524814,0.154046045,-0.016731166,-0.002881735,0.173658907,0.140196592,0.13443312,0.167895436,-0.13443312,-0.167895436,-0.173658907,-0.140196592,0.088821386,0.036576587,0.011553806
1.401849985,0.965925826,0.258819045,0,0,0.523598776,0,0,0.976186156,0.216102004,0.018879365,0.002049285,0.435939495,0.0359816,0.01216888,0.03714934,-0.01205355,0.014413148,0.150873121,-0.01356502,-0.001806724,0.173658907,0.140196592,0.13443312,0.167895436,-0.13443312,-0.167895436,-0.173658907,-0.140196592,0.087659281,0.0359816,0.01216888
1.454839945,0.965925826,0.258819045,0,0,0.523598776,0,0,0.975981355,0.217045024,0.018639501,0.002140024,0.437868571,0.035462075,0.012276494,0.053478032,-0.011703373,0.002872199,0.147364572,-0.013087407,0.000228196,0.160223737,0.134048939,0.134505332,0.16068013,-0.134505332,-0.16068013,-0.160223737,-0.134048939,0.085730205,0.035462075,0.012276494
1.501889944,0.965925826,0.258819045,0,0,0.523598776,0,0,0.975554705,0.21898365,0.01832203,0.001933576,0.441827638,0.034908523,0.011804532,0.073925413,-0.011257827,-0.005954504,0.138011611,-0.012785659,0.004183397,0.146613836,0.121042535,0.129409328,0.15498063,-0.129409328,-0.15498063,-0.146613836,-0.121042535,0.081771138,0.034908523,0.011804532
1.551690102,0.965925826,0.258819045,0,0,0.523598776,0,0,0.975202382,0.220566541,0.018119982,0.0016404,0.445059276,0.034624571,0.01119971,0.089316837,-0.012078881,-0.007651748,0.13378537,-0.012303927,0.004690872,0.141398385,0.116790548,0.126172289,0.150780126,-0.126172289,-0.150780126,-0.141398385,-0.116790548,0.0785395,0.034624571,0.01119971
1.602540016,0.965925826,0.258819045,0,0,0.523598776,0,0,0.974819481,0.222270742,0.01791882,0.00129604,0.448539718,0.034365847,0.010498859,0.091145188,-0.009150804,-0.012409687,0.132059585,-0.01288943,0.005858991,0.139089987,0.113311142,0.125029132,0.150807977,-0.125029132,-0.150807977,-0.139089987,-0.113311142,0.075059058,0.034365847,0.010498859
1.651319981,0.965925826,0.258819045,0,0,0.523598776,0,0,0.973952889,0.226073399,0.017510742,0.000541194,0.456312861,0.033871041,0.008976887,0.077473372,-0.012409689,-0.006450714,0.130861447,-0.011271344,0.006096923,0.139089987,0.113311142,0.125029132,0.150807977,-0.125029132,-0.150807977,-0.139089987,-0.113311142,0.067285915,0.033871041,0.008976887
1.70077014,0.965925826,0.258819045,0,0,0.523598776,0,0,0.973657072,0.227360994,0.017288836,0.000356628,0.458946941,0.033510894,0.008560991,0.056665391,-0.00615865,-0.001329184,0.131596377,-0.011432044,0.005160443,0.137867942,0.115003869,0.125324756,0.148188829,-0.125324756,-0.148188829,-0.137867942,-0.115003869,0.064651835,0.033510894,0.008560991
1.749700069,0.965925826,0.258819045,0,0,0.523598776,0,0,0.973457396,0.22823365,0.017031958,0.000299786,0.460732266,0.033028931,0.008362848,0.036520507,-0.014467538,0.00404343,0.134537213,-0.013017702,0.004231432,0.143323451,0.11728806,0.125750914,0.151786312,-0.125750914,-0.151786312,-0.143323451,-0.11728806,0.06286651,0.033028931,0.008362848
1.799570084,0.965925826,0.258819045,0,0,0.523598776,0,0,0.973355412,0.228686914,0.016780764,0.000379754,0.461660245,0.032499319,0.008418897,0.01187548,-0.004640222,0.009087474,0.142042782,-0.01305018,0.001999879,0.15309304,0.126992702,0.130992457,0.157092795,-0.130992457,-0.157092795,-0.15309304,-0.126992702,0.061938531,0.032499319,0.008418897
1.849519968,0.965925826,0.258819045,0,0,0.523598776,0,0,0.973358333,0.228698492,0.016438721,0.000673153,0.461684664,0.031698938,0.008834011,-0.012910367,-0.0055179,0.01826212,0.146781702,-0.012593736,-0.00016266,0.15309304,0.126992702,0.130992457,0.157092795,-0.130992457,-0.157092795,-0.15309304,-0.126992702,0.061914112,0.031698938,0.008834011
1.900700092,0.965925826,0.258819045,0,0,0.523598776,0,0,0.973465145,0.228261754,0.016165145,0.001025824,0.460790807,0.031009061,0.009381621,-0.030559301,-0.006233156,0.02406314,0.150517716,-0.012251994,-0.001681759,0.164451435,0.139947459,0.136583939,0.161087915,-0.136583939,-0.161087915,-0.164451435,-0.139947459,0.062807969,0.031009061,0.009381621
1.950649977,0.965925826,0.258819045,0,0,0.523598776,0,0,0.973923624,0.226327717,0.015640773,0.002006872,0.456832092,0.029561717,0.010993984,-0.062249605,-0.007091463,0.029211493,0.154717083,-0.011645915,-0.002749028,0.169111982,0.145820171,0.140322119,0.16361393,-0.140322119,-0.16361393,-0.169111982,-0.145820171,0.066766684,0.029561717,0.010993984
2.001590014,0.965925826,0.258819045,0,0,0.523598776,0,0,0.974289775,0.224760547,0.015347937,0.002645549,0.453623636,0.028721383,0.012059544,-0.06877929,-0.001312792,0.027123844,0.158159471,-0.011815194,-0.003651106,0.169111982,0.145820171,0.140322119,0.16361393,-0.140322119,-0.16361393,-0.169111982,-0.145820171,0.06997514,0.028721383,0.012059544
2.050620079,0.965925826,0.258819045,0,0,0.523598776,0,0,0.974584341,0.223486811,0.015147568,0.003101563,0.451015847,0.028142561,0.01282146,-0.065173216,-0.004540385,0.024440143,0.160681833,-0.013398556,-0.003832302,0.177912652,0.151115552,0.143450946,0.170248047,-0.143450946,-0.170248047,-0.177912652,-0.151115552,0.072582929,0.028142561,0.01282146
2.101590157,0.965925826,0.258819045,0,0,0.523598776,0,0,0.974891365,0.22215265,0.01492842,0.003522502,0.448283069,0.027545586,0.01350642,-0.056745119,-9.69E-05,0.01337454,0.16049183,-0.01359569,-0.001918245,0.176005721,0.14881435,0.144977868,0.172169238,-0.144977868,-0.172169238,-0.176005721,-0.14881435,0.075315707,0.027545586,0.01350642
2.151370049,0.965925826,0.258819045,0,0,0.523598776,0,0,0.975078166,0.221331969,0.01487614,0.003687612,0.446602196,0.027381843,0.013782151,-0.025933985,-0.003743172,0.004317612,0.155255128,-0.012521805,-0.000266897,0.168043792,0.143000185,0.142466396,0.167509988,-0.142466396,-0.167509988,-0.168043792,-0.143000185,0.07699658,0.027381843,0.013782151
2.200000048,0.965925826,0.258819045,0,0,0.523598776,0,0,0.975213885,0.220733374,0.014866498,0.00369106,0.445374198,0.027369968,0.013767803,-0.004531444,0.005387515,0.000148267,0.151639829,-0.015146814,0.000568801,0.166217804,0.13592419,0.13706179,0.167355403,-0.13706179,-0.167355403,-0.166217804,-0.13592419,0.078224578,0.027369968,0.013767803
2.249769926,0.965925826,0.258819045,0,0,0.523598776,0,0,0.975171149,0.220924973,0.014856951,0.003583234,0.445764172,0.027396311,0.013558577,0.027782472,-0.002883374,-0.005172192,0.145295306,-0.012708294,0.001703064,0.1563005,0.130883917,0.134290054,0.159706622,-0.134290054,-0.159706622,-0.1563005,-0.130883917,0.077834604,0.027396311,0.013558577
2.30050993,0.965925826,0.258819045,0,0,0.523598776,0,0,0.974782348,0.222630739,0.015015488,0.003108126,0.449255713,0.027893349,0.012750613,0.061690062,0.000932068,-0.015054644,0.141390325,-0.013055035,0.002584878,0.151860446,0.125750393,0.130920142,0.157030195,-0.130920142,-0.157030195,-0.151860446,-0.125750393,0.074343063,0.027893349,0.012750613
2.351340055,0.965925826,0.258819045,0,0,0.523598776,0,0,0.974436224,0.224136472,0.01515069,0.002757096,0.452340426,0.0282946,0.012170041,0.065026432,-0.002397597,-0.014738739,0.137424048,-0.01380828,0.00409284,0.147139445,0.119522907,0.127708584,0.15532513,-0.127708584,-0.15532513,-0.147139445,-0.119522907,0.07125835,0.0282946,0.012170041
2.400870085,0.965925826,0.258819045,0,0,0.523598776,0,0,0.974153221,0.225358352,0.015274053,0.002466017,0.454844522,0.028650974,0.01169389,0.06101951,0.003204495,-0.013929605,0.135343341,-0.014528605,0.004449266,0.145422637,0.116365448,0.125263974,0.154321179,-0.125263974,-0.154321179,-0.145422637,-0.116365448,0.068754254,0.028650974,0.01169389
2.450960159,0.965925826,0.258819045,0,0,0.523598776,0,0,0.973910034,0.22640197,0.015382567,0.002199992,0.456983449,0.028970359,0.011255436,0.048928712,0.003301352,-0.012324751,0.136813576,-0.014585754,0.004374139,0.147025153,0.117853664,0.126601934,0.155773431,-0.126601934,-0.155773431,-0.147025153,-0.117853664,0.066615327,0.028970359,0.011255436
2.49992013,0.965925826,0.258819045,0,0,0.523598776,0,0,0.973725379,0.227187693,0.015519524,0.001979238,0.458594867,0.029328392,0.010911066,0.034887344,0.005481393,-0.00897795,0.13886561,-0.015283634,0.003924757,0.150224447,0.119657196,0.127506718,0.158073962,-0.127506718,-0.158073962,-0.150224447,-0.119657196,0.065003909,0.029328392,0.010911066
2.549760103,0.965925826,0.258819045,0,0,0.523598776,0,0,0.973613381,0.227660254,0.015641598,0.001795758,0.459563746,0.029644432,0.010623554,0.017773356,0.002100318,-0.011521578,0.141763383,-0.014358511,0.004617538,0.151504323,0.122787312,0.132022381,0.160739392,-0.132022381,-0.160739392,-0.151504323,-0.122787312,0.06403503,0.029644432,0.010623554
2.600739956,0.965925826,0.258819045,0,0,0.523598776,0,0,0.973682344,0.227352783,0.015840067,0.00166228,0.458933173,0.030095073,0.010444548,-0.026224554,0.006111712,0.002012402,0.147232278,-0.014361177,0.003149794,0.158443615,0.129721284,0.136020869,0.164743215,-0.136020869,-0.164743215,-0.158443615,-0.129721284,0.064665603,0.030095073,0.010444548
2.650779963,0.965925826,0.258819045,0,0,0.523598776,0,0,0.973844528,0.226652265,0.015893776,0.001718261,0.457497037,0.030181821,0.010556363,-0.04299134,0.001186877,0.006159395,0.150437895,-0.015672229,0.002102538,0.164007545,0.132663101,0.136868179,0.168212622,-0.136868179,-0.168212622,-0.164007545,-0.132663101,0.066101739,0.030181821,0.010556363
2.70077014,0.965925826,0.258819045,0,0,0.523598776,0,0,0.974062443,0.225713268,0.015886657,0.001871104,0.455572502,0.030109074,0.01082192,-0.050777204,-0.000834465,0.012052807,0.156466006,-0.01376741,-3.97E-05,0.170273051,0.142738238,0.142658904,0.170193702,-0.142658904,-0.170193702,-0.170273051,-0.142738238,0.068026274,0.030109074,0.01082192
2.749910116,0.965925826,0.258819045,0,0,0.523598776,0,0,0.974390149,0.224295884,0.015833827,0.002172339,0.452669145,0.029886598,0.01134164,-0.05718023,0.001672655,0.016575309,0.158837647,-0.014530792,-0.001190006,0.170273051,0.142738238,0.142658904,0.170193702,-0.142658904,-0.170193702,-0.170273051,-0.142738238,0.070929631,0.029886598,0.01134164
2.799880028,0.965925826,0.258819045,0,0,0.523598776,0,0,0.974670649,0.223075524,0.015760627,0.002519473,0.450171837,0.029603089,0.011948449,-0.064666569,-0.000545383,0.019171089,0.161257584,-0.01392028,-0.002006607,0.177184433,0.149343878,0.145330667,0.173171207,-0.145330667,-0.173171207,-0.177184433,-0.149343878,0.073426939,0.029603089,0.011948449
2.850729942,0.965925826,0.258819045,0,0,0.523598776,0,0,0.974930227,0.221943006,0.015627101,0.002895236,0.447854632,0.02918965,0.012587649,-0.050289933,-0.002123415,0.017825516,0.159418841,-0.013445182,-0.002084852,0.174948826,0.148058489,0.143888786,0.170779124,-0.143888786,-0.170779124,-0.174948826,-0.148058489,0.075744144,0.02918965,0.012587649
2.900190115,0.965925826,0.258819045,0,0,0.523598776,0,0,0.97528398,0.220389172,0.015374662,0.003665724,0.444681024,0.028377359,0.013933121,-0.009262563,-0.000365078,0.014667959,0.159334245,-0.013420874,-0.003484623,0.176239699,0.149397969,0.142428726,0.169270456,-0.142428726,-0.169270456,-0.176239699,-0.149397969,0.078917752,0.028377359,0.013933121
2.950680017,0.965925826,0.258819045,0,0,0.523598776,0,0,0.975268602,0.220459655,0.015306788,0.00382181,0.444827807,0.02817507,0.014209756,0.010024757,-0.001619756,0.007318707,0.152815578,-0.013935427,-0.002172803,0.168923765,0.141052932,0.136707321,0.164578155,-0.136707321,-0.164578155,-0.168923765,-0.141052932,0.078770969,0.02817507,0.014209756
3.004620075,0.965925826,0.258819045,0,0,0.523598776,0,0,0.975167751,0.220907271,0.015244876,0.003914187,0.445746721,0.028006942,0.01437552,0.029041618,-0.001747906,0.007332116,0.146390055,-0.01395985,-0.000450722,0.168923765,0.141052932,0.136707321,0.164578155,-0.136707321,-0.164578155,-0.168923765,-0.141052932,0.077852055,0.028006942,0.01437552
3.049839973,0.965925826,0.258819045,0,0,0.523598776,0,0,0.974999368,0.221653298,0.015183361,0.00395598,0.447276474,0.027857422,0.014451148,0.047012422,0.002824515,0.005213171,0.141019528,-0.014755877,-0.000621553,0.160800591,0.132880896,0.131979465,0.159899145,-0.131979465,-0.159899145,-0.160800591,-0.132880896,0.076322302,0.027857422,0.014451148
3.09968996,0.965925826,0.258819045,0,0,0.523598776,0,0,0.97470969,0.222927779,0.015134906,0.00392309,0.44988937,0.027758707,0.014401772,0.054355714,0.001614541,-0.002452731,0.138586889,-0.014343921,0.000900716,0.152030051,0.123342231,0.125143662,0.153831482,-0.125143662,-0.153831482,-0.152030051,-0.123342231,0.073709406,0.027758707,0.014401772
3.150660038,0.965925826,0.258819045,0,0,0.523598776,0,0,0.974424362,0.224175185,0.015110108,0.003794896,0.45244573,0.027749431,0.014176232,0.06621404,-0.0065431,-0.005410612,0.135306054,-0.01192637,0.001568231,0.152030051,0.123342231,0.125143662,0.153831482,-0.125143662,-0.153831482,-0.152030051,-0.123342231,0.071153046,0.027749431,0.014176232
3.20607996,0.965925826,0.258819045,0,0,0.523598776,0,0,0.97390908,0.226414412,0.015042284,0.003385336,0.457031303,0.027770221,0.01341117,0.045334548,-0.005619228,-0.006423891,0.134771153,-0.012916267,0.00256517,0.145122215,0.119289696,0.124420032,0.150252551,-0.124420032,-0.150252551,-0.145122215,-0.119289696,0.066567473,0.027770221,0.01341117
3.249580145,0.965925826,0.258819045,0,0,0.523598776,0,0,0.973708928,0.227282748,0.014964473,0.003106316,0.458805785,0.027733611,0.012856926,0.029719623,-0.006327033,-0.00769794,0.137494478,-0.012031793,0.002080709,0.145122215,0.119289696,0.124420032,0.150252551,-0.124420032,-0.150252551,-0.145122215,-0.119289696,0.064792991,0.027733611,0.012856926
3.30072999,0.965925826,0.258819045,0,0,0.523598776,0,0,0.973630369,0.227628425,0.014864312,0.002900155,0.459508114,0.027627885,0.012419495,0.01315698,-0.01243502,-0.005586445,0.139783438,-0.011688023,0.002548452,0.148922965,0.125546932,0.130643845,0.154019877,-0.130643845,-0.154019877,-0.148922965,-0.125546932,0.064090662,0.027627885,0.012419495
3.349760056,0.965925826,0.258819045,0,0,0.523598776,0,0,0.97362566,0.227659345,0.014729976,0.002721027,0.459563743,0.027447474,0.012010167,-0.007340312,-0.003962218,-0.003710389,0.146578133,-0.012079302,0.002034762,0.156622633,0.132464036,0.136533573,0.160692155,-0.136533573,-0.160692155,-0.156622633,-0.132464036,0.064035033,0.027447474,0.012010167
3.399749994,0.965925826,0.258819045,0,0,0.523598776,0,0,0.973710954,0.227307662,0.014548643,0.002575101,0.458833118,0.027165005,0.011633397,-0.028623641,-0.011423231,-0.001709163,0.150940394,-0.009730378,0.001724437,0.156622633,0.132464036,0.136533573,0.160692155,-0.136533573,-0.160692155,-0.156622633,-0.132464036,0.064765658,0.027165005,0.011633397
3.450870037,0.965925826,0.258819045,0,0,0.523598776,0,0,0.973981321,0.226169392,0.014209029,0.002464008,0.456484195,0.026567212,0.011231287,-0.050829355,-0.013871491,0.001504272,0.156115289,-0.008706677,0.001115675,0.163706258,0.14629291,0.148524255,0.165937603,-0.148524255,-0.165937603,-0.163706258,-0.14629291,0.067114581,0.026567212,0.011231287
3.499760151,0.965925826,0.258819045,0,0,0.523598776,0,0,0.974399686,0.22438696,0.013787536,0.002410215,0.452813314,0.025790354,0.010888347,-0.065396726,-0.013545157,0.003276021,0.158338616,-0.008596247,0.001663333,0.165271491,0.148079008,0.151405677,0.16859816,-0.151405677,-0.16859816,-0.165271491,-0.148079008,0.070785462,0.025790354,0.010888347
3.552210093,0.965925826,0.258819045,0,0,0.523598776,0,0,0.974780977,0.222750336,0.013370559,0.002418758,0.449445101,0.024991769,0.010675644,-0.060880184,-0.016216934,0.001513213,0.160614189,-0.008355866,0.000714869,0.16825515,0.151543424,0.15297316,0.169684887,-0.15297316,-0.169684887,-0.16825515,-0.151543424,0.074153675,0.024991769,0.010675644
3.601940155,0.965925826,0.258819045,0,0,0.523598776,0,0,0.975201249,0.220933661,0.012848104,0.0024541,0.445707562,0.023976879,0.010466837,-0.057660043,-0.016336145,0.012507291,0.16080286,-0.007296796,0.000988817,0.167110801,0.152517214,0.154494852,0.169088438,-0.154494852,-0.169088438,-0.167110801,-0.152517214,0.077891214,0.023976879,0.010466837
3.649830103,0.965925826,0.258819045,0,0,0.523598776,0,0,0.975407362,0.220043376,0.012480605,0.002398585,0.443872792,0.023293867,0.010174679,-0.020991266,-0.009875,0.003225357,0.155341584,-0.008369655,0.000467573,0.163243622,0.146504328,0.14743948,0.164178774,-0.14743948,-0.164178774,-0.163243622,-0.146504328,0.079725984,0.023293867,0.010174679
3.699810028,0.965925826,0.258819045,0,0,0.523598776,0,0,0.975461423,0.219818518,0.01222527,0.00233499,0.443405129,0.022825991,0.009932818,-0.00282675,-0.020979345,0.006964057,0.152040245,-0.004931945,-0.000297901,0.163243622,0.146504328,0.14743948,0.164178774,-0.14743948,-0.164178774,-0.163243622,-0.146504328,0.080193647,0.022825991,0.009932818
3.750910044,0.965925826,0.258819045,0,0,0.523598776,0,0,0.975427926,0.219985083,0.011908974,0.0022785,0.443739182,0.02223205,0.009687164,0.023371726,-0.013001264,0.001070649,0.14688893,-0.006944977,0.000843767,0.152990103,0.139100164,0.140787691,0.154677644,-0.140787691,-0.154677644,-0.152990103,-0.139100164,0.079859594,0.02223205,0.009687164
3.800830126,0.965925826,0.258819045,0,0,0.523598776,0,0,0.975111127,0.221415177,0.011361241,0.002196501,0.446659894,0.021185847,0.009316991,0.04788563,-0.012595952,0.003921241,0.141522141,-0.005671385,0.00089479,0.146298707,0.134955943,0.136745512,0.148088276,-0.136745512,-0.148088276,-0.146298707,-0.134955943,0.076938882,0.021185847,0.009316991
3.85187006,0.965925826,0.258819045,0,0,0.523598776,0,0,0.974825025,0.222688764,0.011031252,0.002134775,0.449265315,0.020557742,0.009077175,0.052597374,-0.009337069,0.000987202,0.14084752,-0.00652098,0.000174023,0.147194445,0.134152487,0.134500533,0.147542492,-0.134500533,-0.147542492,-0.147194445,-0.134152487,0.074333461,0.020557742,0.009077175
3.899860144,0.965925826,0.258819045,0,0,0.523598776,0,0,0.974588871,0.2237297,0.010832111,0.002071415,0.451396614,0.020188206,0.008886412,0.055009879,-0.012020768,0.003115088,0.139106703,-0.007226507,0.000728068,0.145605102,0.131152108,0.132608235,0.147061244,-0.132608235,-0.147061244,-0.145605102,-0.131152108,0.072202162,0.020188206,0.008886412
3.950809956,0.965925826,0.258819045,0,0,0.523598776,0,0,0.974365294,0.224714294,0.01057767,0.002047615,0.453412466,0.01969404,0.008745963,0.045447797,-0.013907255,0.004967302,0.138837578,-0.005506196,-0.000126788,0.144470528,0.133458138,0.133204564,0.144216955,-0.133204564,-0.144216955,-0.144470528,-0.133458138,0.07018631,0.01969404,0.008745963
3.999949932,0.965925826,0.258819045,0,0,0.523598776,0,0,0.974147916,0.225665733,0.01033139,0.002044123,0.455361404,0.019207207,0.00864714,0.034383684,-0.010204315,0.006339699,0.140187824,-0.006370571,-0.000464769,0.147023126,0.134281993,0.133352458,0.146093592,-0.133352458,-0.146093592,-0.147023126,-0.134281993,0.068237372,0.019207207,0.00864714
4.051789999,0.965925826,0.258819045,0,0,0.523598776,0,0,0.974046469,0.226110414,0.010153506,0.002099319,0.456272372,0.018831732,0.008682944,0.01376495,-0.005914272,0.006280095,0.14378006,-0.007474947,-0.00054364,0.151798606,0.136848733,0.13576144,0.150711328,-0.13576144,-0.150711328,-0.151798606,-0.136848733,0.067326404,0.018831732,0.008682944
4.101599932,0.965925826,0.258819045,0,0,0.523598776,0,0,0.974000514,0.22631751,0.009923779,0.002244485,0.456696079,0.018316622,0.008865711,-0.00039041,-0.0067994,0.009351224,0.144899259,-0.006321046,-0.001317854,0.152538121,0.139896035,0.137260333,0.149902418,-0.137260333,-0.149902418,-0.152538121,-0.139896035,0.066902697,0.018316622,0.008865711
4.150910139,0.965925826,0.258819045,0,0,0.523598776,0,0,0.974108934,0.225857988,0.009699879,0.002454364,0.455752084,0.017789738,0.009164802,-0.026509166,-0.007207691,0.007153302,0.147716325,-0.008147902,-0.001165635,0.157029822,0.140734032,0.13840276,0.154698551,-0.13840276,-0.154698551,-0.157029822,-0.140734032,0.067846692,0.017789738,0.009164802
4.200680017,0.965925826,0.258819045,0,0,0.523598776,0,0,0.974245906,0.225268841,0.009597192,0.002597785,0.454543066,0.017530547,0.009387239,-0.033210222,-0.004367529,0.01135096,0.151703612,-0.006808671,-0.001129682,0.159641922,0.1460246,0.143765226,0.157382563,-0.143765226,-0.157382563,-0.159641922,-0.1460246,0.06905571,0.017530547,0.009387239
4.250839949,0.965925826,0.258819045,0,0,0.523598776,0,0,0.974404693,0.224582687,0.009525678,0.002756374,0.453135757,0.017326526,0.009651849,-0.03271699,-0.004757941,0.008233637,0.153924827,-0.007449572,-0.001635638,0.159641922,0.1460246,0.143765226,0.157382563,-0.143765226,-0.157382563,-0.159641922,-0.1460246,0.070463019,0.017326526,0.009651849
4.301680088,0.965925826,0.258819045,0,0,0.523598776,0,0,0.974575043,0.223841771,0.009476762,0.002930436,0.451616999,0.017160565,0.00995608,-0.03956854,-0.003553927,0.006494672,0.155837354,-0.007798655,-0.001442751,0.165078714,0.149481416,0.146595925,0.162193224,-0.146595925,-0.162193224,-0.165078714,-0.149481416,0.071981777,0.017160565,0.00995608
4.351530075,0.965925826,0.258819045,0,0,0.523598776,0,0,0.974843681,0.222666532,0.009494517,0.003081685,0.449208091,0.017139799,0.010238225,-0.038550794,-0.001698732,0.005630404,0.156591896,-0.008388326,-0.001384304,0.166364491,0.14958784,0.146819234,0.163595885,-0.146819234,-0.163595885,-0.166364491,-0.14958784,0.074390685,0.017139799,0.010238225
4.400969982,0.965925826,0.258819045,0,0,0.523598776,0,0,0.974996984,0.221992791,0.009503189,0.003146295,0.447827085,0.017135087,0.010356239,-0.03216714,0.003287941,0.00340268,0.155913628,-0.009850608,-0.000984872,0.166749075,0.147047862,0.145078123,0.16477932,-0.145078123,-0.16477932,-0.166749075,-0.147047862,0.075771691,0.017135087,0.010356239
4.450730085,0.965925826,0.258819045,0,0,0.523598776,0,0,0.9751845,0.22116217,0.009615553,0.003197399,0.446126185,0.017340454,0.010491067,-0.010462104,5.22E-06,-0.000306964,0.154207048,-0.00906275,-0.000603394,0.163873151,0.145747662,0.144540876,0.162666366,-0.144540876,-0.162666366,-0.163873151,-0.145747662,0.077472591,0.017340454,0.010491067
4.500080109,0.965925826,0.258819045,0,0,0.523598776,0,0,0.975188076,0.221140429,0.00975179,0.003163018,0.446083608,0.017621629,0.010483925,0.010726601,0.004630536,-0.001592934,0.152425769,-0.0090025,-0.000258658,0.161686882,0.143681899,0.14316459,0.161169574,-0.14316459,-0.161169574,-0.161686882,-0.143681899,0.077515168,0.017621629,0.010483925
4.550850153,0.965925826,0.258819045,0,0,0.523598776,0,0,0.975130022,0.221390188,0.009903896,0.003132958,0.446598192,0.017928919,0.010497212,0.016234072,0.009451061,-0.001378357,0.147127755,-0.011960162,8.31E-05,0.161686882,0.143681899,0.14316459,0.161169574,-0.14316459,-0.161169574,-0.161686882,-0.143681899,0.077000584,0.017928919,0.010497212
4.599849939,0.965925826,0.258819045,0,0,0.523598776,0,0,0.975025475,0.221844003,0.010048917,0.003096007,0.447531193,0.018223247,0.01049789,0.027107449,0.007814913,-0.001938641,0.144677998,-0.011599554,0.000255458,0.156022057,0.132822961,0.133333877,0.156532973,-0.133333877,-0.156532973,-0.156022057,-0.132822961,0.076067583,0.018223247,0.01049789
4.650759935,0.965925826,0.258819045,0,0,0.523598776,0,0,0.974882007,0.222467199,0.0102037,0.003070146,0.448812145,0.018529851,0.010528038,0.035976622,0.00954643,0.001288205,0.142474286,-0.012231466,-0.000334057,0.155039772,0.130576849,0.129908741,0.154371649,-0.129908741,-0.154371649,-0.155039772,-0.130576849,0.074786631,0.018529851,0.010528038
4.700500011,0.965925826,0.258819045,0,0,0.523598776,0,0,0.974674225,0.223366156,0.010413023,0.003055122,0.450660466,0.018934918,0.010609432,0.039776418,0.010889024,-0.000576675,0.141020723,-0.012791024,9.36E-05,0.153718054,0.128136024,0.128323317,0.153905362,-0.128323317,-0.153905362,-0.153718054,-0.128136024,0.07293831,0.018934918,0.010609432
4.752650023,0.965925826,0.258819045,0,0,0.523598776,0,0,0.974372208,0.22466296,0.010757543,0.003124342,0.453330036,0.019561099,0.010924493,0.027417397,0.011195987,0.003155322,0.14185614,-0.011929405,0.000144767,0.153640732,0.129781947,0.130071476,0.153930277,-0.130071476,-0.153930277,-0.153640732,-0.129781947,0.07026874,0.019561099,0.010924493
4.801540136,0.965925826,0.258819045,0,0,0.523598776,0,0,0.974272668,0.22508499,0.01092473,0.003210783,0.454201347,0.019843234,0.011176773,0.02136603,0.006953627,0.003296882,0.142339964,-0.013198298,-0.000636284,0.156174511,0.129777923,0.128505364,0.154901937,-0.128505364,-0.154901937,-0.156174511,-0.129777923,0.069397429,0.019843234,0.011176773
4.853209972,0.965925826,0.258819045,0,0,0.523598776,0,0,0.974207282,0.225353763,0.011162362,0.003362367,0.454760888,0.020234844,0.011584876,0.003885478,0.009898096,0.00186339,0.143158295,-0.012136223,-0.000703499,0.155997977,0.13172555,0.130318552,0.154590979,-0.130318552,-0.154590979,-0.155997977,-0.13172555,0.068837888,0.020234844,0.011584876
4.900740147,0.965925826,0.258819045,0,0,0.523598776,0,0,0.974221945,0.225280091,0.011326523,0.003496505,0.454615647,0.020495142,0.011918808,-0.005696714,0.012753159,0.005350262,0.148187935,-0.014233718,-0.001253397,0.16367501,0.135207593,0.132700801,0.161168218,-0.132700801,-0.161168218,-0.16367501,-0.135207593,0.068983129,0.020495142,0.011918808
4.949739933,0.965925826,0.258819045,0,0,0.523598776,0,0,0.974277675,0.225029618,0.011472167,0.003631508,0.454107129,0.020721238,0.01224228,-0.012031198,0.004505366,0.007971377,0.149603032,-0.012011351,-0.001856674,0.163471013,0.13944833,0.135734975,0.159757674,-0.135734975,-0.159757674,-0.163471013,-0.13944833,0.069491647,0.020721238,0.01224228
4.99973011,0.965925826,0.258819045,0,0,0.523598776,0,0,0.974347174,0.224721223,0.011575489,0.003760338,0.453478773,0.020868546,0.012533321,-0.017903745,0.006664545,0.006965549,0.150978892,-0.012755617,-0.001735444,0.165469915,0.139958695,0.136487812,0.161999032,-0.136487812,-0.161999032,-0.165469915,-0.139958695,0.070120003,0.020868546,0.012533321
5.052010059,0.965925826,0.258819045,0,0,0.523598776,0,0,0.974653542,0.223362759,0.011935099,0.004141706,0.450706226,0.021416604,0.013408645,-0.024966897,0.009310992,-0.00089407,0.15436868,-0.01436725,-0.001939215,0.170675099,0.141940624,0.138062194,0.166796669,-0.138062194,-0.166796669,-0.170675099,-0.141940624,0.07289255,0.021416604,0.013408645
5.101850033,0.965925826,0.258819045,0,0,0.523598776,0,0,0.974829555,0.222487643,0.014038654,0.003103104,0.448937693,0.025992708,0.012301314,-0.032518804,0.105182096,-0.09826871,0.153435019,-0.013911981,-0.000387303,0.170675099,0.141940624,0.138062194,0.166796669,-0.138062194,-0.166796669,-0.170675099,-0.141940624,0.074661083,0.025992708,0.012301314
5.149749994,0.965925826,0.258819045,0,0,0.523598776,0,0,0.974954545,0.22176899,0.016730713,0.001584406,0.447488585,0.031926039,0.010515703,-0.034686927,0.10769742,-0.098662093,0.155633217,-0.042975309,0.020546042,0.178062424,0.092111856,0.133203939,0.219154507,-0.133203939,-0.219154507,-0.178062424,-0.092111856,0.076110191,0.031926039,0.010515703
5.199840069,0.965925826,0.258819045,0,0,0.523598776,0,0,0.975102484,0.22089836,0.019474411,-2.14E-05,0.445719665,0.037997696,0.008568232,-0.05667061,0.021386888,-0.02050996,0.161481842,-0.022660529,0.009107034,0.175035283,0.129714251,0.147928327,0.19324936,-0.147928327,-0.19324936,-0.175035283,-0.129714251,0.077879111,0.037997696,0.008568232
5.250710011,0.965925826,0.258819045,0,0,0.523598776,0,0,0.975369573,0.219796374,0.018533874,0.000764557,0.443461736,0.035826312,0.009645144,-0.035209958,-0.038443506,0.062317405,0.158220975,-0.004925722,-0.008366432,0.171513095,0.161661655,0.144928783,0.154780224,-0.144928783,-0.154780224,-0.171513095,-0.161661655,0.08013704,0.035826312,0.009645144
5.299910069,0.965925826,0.258819045,0,0,0.523598776,0,0,0.975562096,0.21902065,0.017499855,0.001597699,0.441871023,0.033450761,0.010789212,-0.032876436,-0.030654669,0.05083606,0.158410357,-0.006498451,-0.007044896,0.171953663,0.158956766,0.144866973,0.15786387,-0.144866973,-0.15786387,-0.171953663,-0.158956766,0.081727753,0.033450761,0.010789212
5.351590157,0.965925826,0.258819045,0,0,0.523598776,0,0,0.975671828,0.218663126,0.015300945,0.004113994,0.441151335,0.028061924,0.014725649,0.026244676,-0.035098195,0.086700171,0.154888925,-0.005328493,-0.010038367,0.171953663,0.158956766,0.144866973,0.15786387,-0.144866973,-0.15786387,-0.171953663,-0.158956766,0.082447441,0.028061924,0.014725649
5.402689934,0.965925826,0.258819045,0,0,0.523598776,0,0,0.975548148,0.219243512,0.014361735,0.005655511,0.442353076,0.025544033,0.017338403,0.039108843,-0.027143957,0.090461232,0.147359578,-0.004089176,-0.01695559,0.168404311,0.160225958,0.126314774,0.134493127,-0.126314774,-0.134493127,-0.168404311,-0.160225958,0.0812457,0.025544033,0.017338403
5.449860096,0.965925826,0.258819045,0,0,0.523598776,0,0,0.975375593,0.220019802,0.013561145,0.007082355,0.443953237,0.023340015,0.019790029,0.039755557,-0.018054247,0.077133626,0.144428628,-0.006007039,-0.019287406,0.169723034,0.157708973,0.11913415,0.131148219,-0.11913415,-0.131148219,-0.169723034,-0.157708973,0.079645539,0.023340015,0.019790029
5.499799967,0.965925826,0.258819045,0,0,0.523598776,0,0,0.975185037,0.220858574,0.012880359,0.008364689,0.445678602,0.021428275,0.022010538,0.040074438,-0.014172497,0.070636727,0.142956534,-0.009172069,-0.018072297,0.170200869,0.151856735,0.115712143,0.13405627,-0.115712143,-0.13405627,-0.170200869,-0.151856735,0.077920174,0.021428275,0.022010538
5.549760103,0.965925826,0.258819045,0,0,0.523598776,0,0,0.974975109,0.221766219,0.012322625,0.009577032,0.447545039,0.019782066,0.024147284,0.041726977,-0.011065603,0.063211478,0.141911299,-0.009896661,-0.017794662,0.169602588,0.149809271,0.114219949,0.134013265,-0.114219949,-0.134013265,-0.169602588,-0.149809271,0.076053737,0.019782066,0.024147284
5.600749969,0.965925826,0.258819045,0,0,0.523598776,0,0,0.974682629,0.223011792,0.011668475,0.011119388,0.450104505,0.017787544,0.026887649,0.031577799,-0.011272729,0.044996291,0.142857292,-0.00964521,-0.015678251,0.168180719,0.148890302,0.117533803,0.136824206,-0.117533803,-0.136824206,-0.168180719,-0.148890302,0.073494271,0.017787544,0.026887649
5.649950027,0.965925826,0.258819045,0,0,0.523598776,0,0,0.974549115,0.223582044,0.011479692,0.011554888,0.451274883,0.017208961,0.027662536,0.047076494,-0.009086729,0.022164732,0.139439226,-0.010183119,-0.011559766,0.161182076,0.140815854,0.117696315,0.138062537,-0.117696315,-0.138062537,-0.161182076,-0.140815854,0.072323893,0.017208961,0.027662536
5.700930119,0.965925826,0.258819045,0,0,0.523598776,0,0,0.974162638,0.225272745,0.011427462,0.011349103,0.45473978,0.017151966,0.027267725,0.033565611,0.003405661,-0.023600455,0.139008049,-0.012875369,-0.007001056,0.158884436,0.133133709,0.119131602,0.144882321,-0.119131602,-0.144882321,-0.158884436,-0.133133709,0.068858996,0.017151966,0.027267725
5.750180006,0.965925826,0.258819045,0,0,0.523598776,0,0,0.973998547,0.226018712,0.011610623,0.010371859,0.456261876,0.017929951,0.025459629,0.021795185,-0.004173815,-0.041306023,0.140692913,-0.013609723,-0.002278434,0.156581029,0.1293616,0.124804735,0.152024165,-0.124804735,-0.152024165,-0.156581029,-0.1293616,0.0673369,0.017929951,0.025459629
5.798160076,0.965925826,0.258819045,0,0,0.523598776,0,0,0.973941267,0.22629711,0.011853201,0.009369523,0.456824601,0.018849163,0.023621808,0.010489672,0.005102903,-0.056520104,0.144305109,-0.013889429,0.006103968,0.152090535,0.124311686,0.136519626,0.16429846,-0.136519626,-0.16429846,-0.152090535,-0.124311686,0.066774175,0.018849163,0.023621808
5.848969936,0.965925826,0.258819045,0,0,0.523598776,0,0,0.973916948,0.22643356,0.012139359,0.008155906,0.457092227,0.019953231,0.021389749,0.002527982,-0.001722574,-0.065749884,0.145721973,-0.011827158,0.009065694,0.148483396,0.124829099,0.142960489,0.166614786,-0.142960489,-0.166614786,-0.148483396,-0.124829099,0.066506549,0.019953231,0.021389749
5.898640156,0.965925826,0.258819045,0,0,0.523598776,0,0,0.97394371,0.226342782,0.012481179,0.006848401,0.456891326,0.021213349,0.018995378,-0.007349253,0.006385893,-0.066433854,0.147688928,-0.014122732,0.010429199,0.151382416,0.123136975,0.143995374,0.172240824,-0.143995374,-0.172240824,-0.151382416,-0.123136975,0.06670745,0.021213349,0.018995378
5.948230028,0.965925826,0.258819045,0,0,0.523598776,0,0,0.974039197,0.225951418,0.012931636,0.005148123,0.456065668,0.022867379,0.015877605,-0.017994644,0.005289167,-0.067484379,0.150041485,-0.013743249,0.012233304,0.151382416,0.123136975,0.143995374,0.172240824,-0.143995374,-0.172240824,-0.151382416,-0.123136975,0.067533108,0.022867379,0.015877605
5.998680115,0.965925826,0.258819045,0,0,0.523598776,0,0,0.974277198,0.224923566,0.013606147,0.002887326,0.453921982,0.025216131,0.011750803,-0.025822224,0.003240258,-0.045120709,0.151409391,-0.013630799,0.011953398,0.151551396,0.124064907,0.148531511,0.176018,-0.148531511,-0.176018,-0.151551396,-0.124064907,0.069676794,0.025216131,0.011750803
6.048089981,0.965925826,0.258819045,0,0,0.523598776,0,0,0.974401414,0.224375263,0.013893736,0.002163887,0.452785817,0.026108069,0.010455563,-0.02427995,0.007107108,-0.031329684,0.152353888,-0.013169658,0.009917228,0.15560627,0.129266977,0.149101436,0.175440729,-0.149101436,-0.175440729,-0.15560627,-0.129266977,0.070812959,0.026108069,0.010455563
6.100110054,0.965925826,0.258819045,0,0,0.523598776,0,0,0.974554121,0.223695129,0.014232782,0.001545442,0.451382,0.027053111,0.009383411,-0.026516616,0.010370464,-0.022062656,0.153462737,-0.015450053,0.006661274,0.162251472,0.131351382,0.144673929,0.17557402,-0.144673929,-0.17557402,-0.162251472,-0.131351382,0.072216776,0.027053111,0.009383411
6.150700092,0.965925826,0.258819045,0,0,0.523598776,0,0,0.974665046,0.223197952,0.014457641,0.001320679,0.450360809,0.027596671,0.009031832,-0.019173324,0.00864491,-0.00641942,0.15244871,-0.015110186,0.003797142,0.163761705,0.13354136,0.141135648,0.171355993,-0.141135648,-0.171355993,-0.163761705,-0.13354136,0.073237967,0.027596671,0.009031832
6.199980021,0.965925826,0.258819045,0,0,0.523598776,0,0,0.97476089,0.222765774,0.014656689,0.001383489,0.449479805,0.027960787,0.009230896,-0.014877319,0.011051445,0.007478147,0.151968141,-0.016016469,0.001028079,0.166956484,0.134923562,0.136979729,0.169012651,-0.136979729,-0.169012651,-0.166956484,-0.134923562,0.074118971,0.027960787,0.009230896
6.249979973,0.965925826,0.258819045,0,0,0.523598776,0,0,0.974845529,0.22238265,0.014823193,0.001605506,0.44870307,0.028190302,0.009727099,-0.019803643,0.010661037,0.016734749,0.153217966,-0.016119476,-0.000961342,0.17029874,0.13805981,0.136137128,0.168376058,-0.136137128,-0.168376058,-0.17029874,-0.13805981,0.074895706,0.028190302,0.009727099
6.302410126,0.965925826,0.258819045,0,0,0.523598776,0,0,0.974936008,0.221840873,0.016852925,0.001604574,0.447639761,0.03215466,0.010611732,-0.002340973,0.066346675,-0.036609169,0.153239514,-0.032035199,0.007143689,0.178130969,0.114060611,0.128347993,0.192418352,-0.128347993,-0.192418352,-0.178130969,-0.114060611,0.075959015,0.03215466,0.010611732
6.347860098,0.965925826,0.258819045,0,0,0.523598776,0,0,0.97498554,0.221594363,0.017202303,0.001845953,0.447150152,0.032731725,0.01122967,-0.002333522,-0.00705272,0.039520118,0.150333142,-0.033851862,0.01023589,0.173949063,0.106245376,0.12671715,0.194420844,-0.12671715,-0.194420844,-0.173949063,-0.106245376,0.076448624,0.032731725,0.01122967
6.400460005,0.965925826,0.258819045,0,0,0.523598776,0,0,0.975035727,0.221397236,0.016807893,0.002497357,0.446754723,0.031676069,0.012318957,-0.006231666,-0.00719279,0.037924204,0.150536325,-0.013075255,-0.005280833,0.168892369,0.142741874,0.132180214,0.158330709,-0.132180214,-0.158330709,-0.168892369,-0.142741874,0.076844053,0.031676069,0.012318957
6.451060057,0.965925826,0.258819045,0,0,0.523598776,0,0,0.975027263,0.221452072,0.016472764,0.00311856,0.446876083,0.030746402,0.013383939,0.005761534,-0.005970895,0.024663657,0.149071475,-0.013122154,-0.0034386,0.165632188,0.139387891,0.132510692,0.15875499,-0.132510692,-0.15875499,-0.165632188,-0.139387891,0.076722693,0.030746402,0.013383939
6.500270128,0.965925826,0.258819045,0,0,0.523598776,0,0,0.974950671,0.221801341,0.016211683,0.003547573,0.447597577,0.030041987,0.0141158,0.026000287,-0.011344253,0.027599188,0.144911267,-0.011465108,-0.004477517,0.165632188,0.139387891,0.132510692,0.15875499,-0.132510692,-0.15875499,-0.165632188,-0.139387891,0.076001199,0.030041987,0.0141158
6.549040079,0.965925826,0.258819045,0,0,0.523598776,0,0,0.974823296,0.222367197,0.015987605,0.004102348,0.448767549,0.029349936,0.015115452,0.032115728,-0.005982817,0.038195405,0.143279044,-0.012991572,-0.00713624,0.163406819,0.137423694,0.123151205,0.149134338,-0.123151205,-0.149134338,-0.163406819,-0.137423694,0.074831227,0.029349936,0.015115452
6.600960016,0.965925826,0.258819045,0,0,0.523598776,0,0,0.974453628,0.223986298,0.015579849,0.005258386,0.452109105,0.028011727,0.017235065,0.042755153,0.003408641,0.019996611,0.142047842,-0.013525552,-0.006546439,0.162119791,0.1350687,0.121975824,0.149026915,-0.121975824,-0.149026915,-0.162119791,-0.1350687,0.071489671,0.028011727,0.017235065
6.649620056,0.965925826,0.258819045,0,0,0.523598776,0,0,0.974274933,0.224759892,0.015518876,0.005532973,0.453702398,0.027755683,0.017765091,0.041785095,-0.001750886,0.011041016,0.139947665,-0.015631478,-0.004635717,0.160214826,0.128951877,0.119680449,0.150943384,-0.119680449,-0.150943384,-0.160214826,-0.128951877,0.069896378,0.027755683,0.017765091
6.700459957,0.965925826,0.258819045,0,0,0.523598776,0,0,0.974127054,0.225398272,0.01548631,0.005698575,0.455016318,0.02760587,0.018091324,0.029412659,-0.000733137,0.004435331,0.139513107,-0.014142633,-0.003118025,0.160214826,0.128951877,0.119680449,0.150943384,-0.119680449,-0.150943384,-0.160214826,-0.128951877,0.068582458,0.02760587,0.018091324
6.751369953,0.965925826,0.258819045,0,0,0.523598776,0,0,0.974020481,0.225856557,0.015488357,0.00576921,0.455959233,0.027569412,0.018242892,0.015506894,0.000789016,0.002228469,0.143668515,-0.01489818,-0.001581442,0.160148099,0.130351752,0.127188876,0.156985208,-0.127188876,-0.156985208,-0.160148099,-0.130351752,0.067639543,0.027569412,0.018242892
6.799979925,0.965925826,0.258819045,0,0,0.523598776,0,0,0.973937869,0.226211444,0.015557162,0.005621207,0.456686423,0.027763816,0.017995731,0.008330494,0.001289696,-0.007094443,0.144761728,-0.015047302,0.000420286,0.159388706,0.129294112,0.130134687,0.160229281,-0.130134687,-0.160229281,-0.159388706,-0.129294112,0.066912353,0.027763816,0.017995731
6.849839926,0.965925826,0.258819045,0,0,0.523598776,0,0,0.973939896,0.226203859,0.015628375,0.005355377,0.456666252,0.028023049,0.017509796,-0.002978742,0.003672391,-0.013473631,0.146938489,-0.015717253,0.001945833,0.160709873,0.129275382,0.133167043,0.164601535,-0.133167043,-0.164601535,-0.160709873,-0.129275382,0.066932524,0.028023049,0.017509796
6.900810003,0.965925826,0.258819045,0,0,0.523598776,0,0,0.974102616,0.225504845,0.015787818,0.004762429,0.455220031,0.028613903,0.016406095,-0.026166445,0.004201382,-0.018584728,0.150636584,-0.015408765,0.002851068,0.160709873,0.129275382,0.133167043,0.164601535,-0.133167043,-0.164601535,-0.160709873,-0.129275382,0.068378745,0.028613903,0.016406095
6.950900078,0.965925826,0.258819045,0,0,0.523598776,0,0,0.974301934,0.224643424,0.015922137,0.0042045,0.45344042,0.029141031,0.015353632,-0.036433339,0.001461059,-0.024290385,0.153270542,-0.014783834,0.004428593,0.163625747,0.134058088,0.142915279,0.172482923,-0.142915279,-0.172482923,-0.163625747,-0.134058088,0.070158356,0.029141031,0.015353632
6.999680042,0.965925826,0.258819045,0,0,0.523598776,0,0,0.974577665,0.223444924,0.016088605,0.003490394,0.45096538,0.029803772,0.013999825,-0.036272399,0.003550202,-0.022682546,0.154613049,-0.015004477,0.005209694,0.16440779,0.134398848,0.144818246,0.174827173,-0.144818246,-0.174827173,-0.16440779,-0.134398848,0.072633396,0.029803772,0.013999825
7.049629927,0.965925826,0.258819045,0,0,0.523598776,0,0,0.974739611,0.22273697,0.016174382,0.00308406,0.44950351,0.03016232,0.013223973,-0.030013919,0.002948195,-0.015342236,0.154912359,-0.015366021,0.004490246,0.165788084,0.135056064,0.144036561,0.174768582,-0.144036561,-0.174768582,-0.165788084,-0.135056064,0.074095266,0.03016232,0.013223973
7.099590063,0.965925826,0.258819045,0,0,0.523598776,0,0,0.974861443,0.222200647,0.016271215,0.002749728,0.448396125,0.030507101,0.012598348,-0.021480024,0.007978828,-0.020520391,0.153711072,-0.01680416,0.005846977,0.164668217,0.131059915,0.142753869,0.176362172,-0.142753869,-0.176362172,-0.164668217,-0.131059915,0.075202651,0.030507101,0.012598348
7.150589943,0.965925826,0.258819045,0,0,0.523598776,0,0,0.97490561,0.221984133,0.016644422,0.002282317,0.447948311,0.031445382,0.011845813,-0.000864267,0.01327768,-0.035747889,0.149940912,-0.018502517,0.009384847,0.159058541,0.122053526,0.140823215,0.177828237,-0.140823215,-0.177828237,-0.159058541,-0.122053526,0.075650465,0.031445382,0.011845813
7.198570013,0.965925826,0.258819045,0,0,0.523598776,0,0,0.97495544,0.221805349,0.016079884,0.002423295,0.447570888,0.030283965,0.011864134,0.00122115,-0.023254754,0.015915181,0.149658117,-0.007589318,-0.001207027,0.158454418,0.143275797,0.14086175,0.15604037,-0.14086175,-0.15604037,-0.158454418,-0.143275797,0.076027888,0.030283965,0.011864134
7.248239994,0.965925826,0.258819045,0,0,0.523598776,0,0,0.974837661,0.222344786,0.015741937,0.002596672,0.448673889,0.029541243,0.012068499,0.020172449,-0.00256598,0.001502782,0.147900686,-0.013421434,0.001417896,0.159904182,0.133061334,0.13589713,0.162739977,-0.13589713,-0.162739977,-0.159904182,-0.133061334,0.074924887,0.029541243,0.012068499
7.299139977,0.965925826,0.258819045,0,0,0.523598776,0,0,0.97471118,0.222902492,0.015660379,0.002698667,0.449819124,0.029329821,0.012247892,0.033821914,-0.003266335,0.0092946,0.14560038,-0.013307347,0.001431218,0.15747647,0.130861789,0.133724228,0.160338908,-0.133724228,-0.160338908,-0.15747647,-0.130861789,0.073779652,0.029329821,0.012247892
7.347909927,0.965925826,0.258819045,0,0,0.523598776,0,0,0.974541664,0.223640189,0.015638284,0.003029451,0.451341507,0.029129421,0.012905181,0.023943936,0.012191386,0.01492575,0.143826938,-0.017629724,-0.001660489,0.163117111,0.127857685,0.124536701,0.159796134,-0.124536701,-0.159796134,-0.163117111,-0.127857685,0.072257269,0.029129421,0.012905181
7.400069952,0.965925826,0.258819045,0,0,0.523598776,0,0,0.974427283,0.224119559,0.015852446,0.003257668,0.452337424,0.029438148,0.013460646,0.026512895,0.009752067,0.008849056,0.142951363,-0.017155951,-0.000602572,0.160709843,0.126397967,0.125192821,0.159504697,-0.125192821,-0.159504697,-0.160709843,-0.126397967,0.071261352,0.029438148,0.013460646
7.450340033,0.965925826,0.258819045,0,0,0.523598776,0,0,0.974319577,0.224565879,0.016134821,0.003357755,0.453264145,0.029937338,0.013796332,0.025633723,0.014706701,0.006429106,0.142761147,-0.018852379,-0.000140342,0.161753818,0.12404909,0.123768404,0.16147314,-0.123768404,-0.16147314,-0.161753818,-0.12404909,0.070334631,0.029937338,0.013796332
7.499660015,0.965925826,0.258819045,0,0,0.523598776,0,0,0.974220335,0.224975586,0.016391655,0.00347322,0.454115747,0.030380061,0.014149808,0.022097679,0.010517986,0.005032867,0.143108594,-0.017887432,9.42E-05,0.1609018,0.125126958,0.125315323,0.161090165,-0.125315323,-0.161090165,-0.1609018,-0.125126958,0.069483029,0.030380061,0.014149808
7.550029993,0.965925826,0.258819045,0,0,0.523598776,0,0,0.974110544,0.2254069,0.016956881,0.003600214,0.455021254,0.031417891,0.01466617,0.002390891,-0.000722706,0.006043166,0.144784374,-0.019493293,0.000588221,0.1609018,0.125126958,0.125315323,0.161090165,-0.125315323,-0.161090165,-0.1609018,-0.125126958,0.068577522,0.031417891,0.01466617
7.599679947,0.965925826,0.258819045,0,0,0.523598776,0,0,0.974151254,0.22524485,0.01671011,0.003863002,0.454688811,0.030820984,0.01506175,-0.012123585,-0.007408858,0.018949062,0.146535941,-0.015151351,-8.32E-05,0.161770433,0.131467745,0.131301388,0.161604062,-0.131301388,-0.161604062,-0.161770433,-0.131467745,0.068909965,0.030820984,0.01506175
7.650110006,0.965925826,0.258819045,0,0,0.523598776,0,0,0.974213779,0.224988848,0.01645623,0.004109151,0.454162587,0.030219339,0.015418967,-0.010290742,-0.007778407,0.014018267,0.14930126,-0.012830258,-0.002233348,0.16436483,0.13870433,0.134237632,0.159898132,-0.134237632,-0.159898132,-0.16436483,-0.13870433,0.069436189,0.030219339,0.015418967
7.700520039,0.965925826,0.258819045,0,0,0.523598776,0,0,0.974331915,0.22447972,0.016404493,0.004131639,0.453116408,0.030116456,0.015423733,-0.018320978,-1.79E-05,-0.002123415,0.151261908,-0.015007707,0.000969231,0.165300339,0.135284945,0.137223408,0.167238802,-0.137223408,-0.167238802,-0.165300339,-0.135284945,0.070482368,0.030116456,0.015423733
7.749570131,0.965925826,0.258819045,0,0,0.523598776,0,0,0.974442065,0.22400111,0.016432475,0.00404331,0.452132172,0.030218171,0.015249277,-0.029876828,0.001130253,-0.006034969,0.153865088,-0.015332275,0.001845454,0.167351872,0.136687338,0.140378237,0.17104277,-0.140378237,-0.17104277,-0.167351872,-0.136687338,0.071466604,0.030218171,0.015249277
7.799740076,0.965925826,0.258819045,0,0,0.523598776,0,0,0.974574447,0.223426148,0.016442586,0.003894544,0.450948121,0.030313401,0.014945874,-0.030237442,-0.00307709,-0.006684662,0.154397828,-0.014082236,0.002113775,0.166366249,0.138201788,0.142429337,0.170593798,-0.142429337,-0.170593798,-0.166366249,-0.138201788,0.072650655,0.030313401,0.014945874
7.850620031,0.965925826,0.258819045,0,0,0.523598776,0,0,0.974925697,0.221888348,0.01656362,0.003345666,0.447780216,0.030816744,0.013881134,-0.033622991,0.001103431,-0.013554098,0.156460166,-0.014937727,0.003300664,0.168097183,0.138221756,0.144823074,0.174698517,-0.144823074,-0.174698517,-0.168097183,-0.138221756,0.07581856,0.030816744,0.013881134
7.898149967,0.965925826,0.258819045,0,0,0.523598776,0,0,0.975066543,0.221268103,0.016614588,0.003105398,0.446502223,0.031031386,0.013415357,-0.028887393,-0.003999472,-0.00757128,0.156289024,-0.015232716,0.004019935,0.167501763,0.137036353,0.145076215,0.175541639,-0.145076215,-0.175541639,-0.167501763,-0.137036353,0.077096553,0.031031386,0.013415357
7.949890137,0.965925826,0.258819045,0,0,0.523598776,0,0,0.975166559,0.220827371,0.016635792,0.002963983,0.445594587,0.03114131,0.013134775,-0.017142294,-0.000186265,-0.00372678,0.153735013,-0.014843444,0.0023334,0.166245013,0.136558145,0.141224951,0.170911819,-0.141224951,-0.170911819,-0.166245013,-0.136558145,0.078004189,0.03114131,0.013134775
7.999160051,0.965925826,0.258819045,0,0,0.523598776,0,0,0.975233674,0.220528394,0.016672187,0.002927169,0.444981245,0.031232584,0.013069475,0.006613881,-0.002042949,0.011659414,0.149659518,-0.014350356,-0.000610371,0.164620206,0.135919511,0.134698763,0.163399458,-0.134698763,-0.163399458,-0.164620206,-0.135919511,0.078617531,0.031232584,0.013069475
8.050470114,0.965925826,0.258819045,0,0,0.523598776,0,0,0.975200295,0.220678926,0.016610006,0.003023823,0.445291155,0.031066579,0.013235398,0.016701967,-0.002284348,0.000255555,0.147612061,-0.014231866,0.001558749,0.164620206,0.135919511,0.134698763,0.163399458,-0.134698763,-0.163399458,-0.164620206,-0.135919511,0.078307621,0.031066579,0.013235398
8.100250006,0.965925826,0.258819045,0,0,0.523598776,0,0,0.97508359,0.221194938,0.016597662,0.003081779,0.446350944,0.031009832,0.013359439,0.035474449,0.001440197,0.006040186,0.143596101,-0.015326974,0.000339605,0.158583432,0.127929494,0.128608704,0.159262642,-0.128608704,-0.159262642,-0.158583432,-0.127929494,0.077247832,0.031009832,0.013359439
8.150380135,0.965925826,0.258819045,0,0,0.523598776,0,0,0.974721909,0.222776204,0.016660469,0.003250838,0.449602115,0.031035205,0.0137675,0.034239147,0.009515136,0.004570932,0.141629271,-0.014865997,0.000342506,0.156152725,0.126420751,0.127105758,0.156837732,-0.127105758,-0.156837732,-0.156152725,-0.126420751,0.073996661,0.031035205,0.0137675
8.200860023,0.965925826,0.258819045,0,0,0.523598776,0,0,0.974649549,0.223084345,0.016752025,0.003332945,0.450239477,0.031172697,0.013978381,0.00173077,-5.81E-05,0.002525002,0.14255853,-0.017762013,0.000480356,0.159840152,0.124316141,0.125276849,0.160800859,-0.125276849,-0.160800859,-0.159840152,-0.124316141,0.073359299,0.031172697,0.013978381
8.24977994,0.965925826,0.258819045,0,0,0.523598776,0,0,0.974651873,0.223076016,0.016718732,0.003367483,0.450222448,0.031092486,0.014030585,-0.000332296,0.001042336,0.006578118,0.148540363,-0.015087958,0.000839482,0.162788793,0.132612899,0.134291857,0.164467767,-0.134291857,-0.164467767,-0.162788793,-0.132612899,0.073376328,0.031092486,0.014030585
8.300620079,0.965925826,0.258819045,0,0,0.523598776,0,0,0.974666297,0.223013297,0.016700339,0.003414126,0.450094579,0.03103671,0.014111327,-0.004909932,0.001292676,-0.000652671,0.149872501,-0.015449948,0.001394024,0.16392839,0.133028507,0.135816559,0.166716427,-0.135816559,-0.166716427,-0.16392839,-0.133028507,0.073504197,0.03103671,0.014111327
8.348210096,0.965925826,0.258819045,0,0,0.523598776,0,0,0.974719644,0.222778752,0.016733512,0.003384937,0.449613241,0.031117797,0.014061738,-0.015932322,0.002894551,-0.002542138,0.152175095,-0.015929449,0.001813098,0.166291401,0.134432524,0.138058722,0.169917598,-0.138058722,-0.169917598,-0.166291401,-0.134432524,0.073985535,0.031117797,0.014061738
8.400190115,0.965925826,0.258819045,0,0,0.523598776,0,0,0.974821031,0.222331077,0.016782116,0.003344108,0.448694793,0.031237202,0.013989467,-0.02859831,0.005003065,-0.001749396,0.154962772,-0.016569936,0.001715819,0.169816852,0.136676997,0.14010863,0.173248485,-0.14010863,-0.173248485,-0.169816852,-0.136676997,0.074903983,0.031237202,0.013989467
8.450230122,0.965925826,0.258819045,0,0,0.523598776,0,0,0.97509253,0.221131101,0.016901502,0.003175187,0.446231119,0.031562027,0.013674332,-0.021232665,0.001046807,-0.008557738,0.154569355,-0.014552751,0.002540733,0.166581333,0.137475848,0.142557308,0.171662793,-0.142557308,-0.171662793,-0.166581333,-0.137475848,0.077367657,0.031562027,0.013674332
8.501170158,0.965925826,0.258819045,0,0,0.523598776,0,0,0.975171447,0.220784381,0.016890859,0.003091124,0.445517142,0.031583276,0.013494367,-0.014382604,-0.009332598,0.0086613,0.154522041,-0.015466029,0.003266187,0.166721836,0.135789797,0.142322168,0.173254207,-0.142322168,-0.173254207,-0.166721836,-0.135789797,0.078081634,0.031583276,0.013494367
8.549730062,0.965925826,0.258819045,0,0,0.523598776,0,0,0.975216329,0.220608354,0.016563801,0.003283539,0.445152515,0.030862723,0.01371951,-0.009469688,-0.009562075,0.008293242,0.153478258,-0.012465165,-0.000101634,0.16604501,0.141114697,0.14091143,0.165841743,-0.14091143,-0.165841743,-0.16604501,-0.141114697,0.078446261,0.030862723,0.01371951
8.598060131,0.965925826,0.258819045,0,0,0.523598776,0,0,0.975241244,0.220484838,0.01677301,0.00311998,0.444900234,0.031344774,0.013488887,0.002176315,0.013510139,-0.010341406,0.150558944,-0.018943006,0.003649715,0.165852189,0.127966195,0.135265633,0.173151627,-0.135265633,-0.173151627,-0.165852189,-0.127966195,0.078698542,0.031344774,0.013488887
8.649600029,0.965925826,0.258819045,0,0,0.523598776,0,0,0.975208104,0.220615774,0.017005846,0.002965211,0.445170725,0.03186552,0.01329405,0.01890287,0.005883723,-0.006507338,0.147245217,-0.016902167,0.003065345,0.161082,0.127277687,0.133408368,0.16721268,-0.133408368,-0.16721268,-0.161082,-0.127277687,0.078428051,0.03186552,0.01329405
8.700119972,0.965925826,0.258819045,0,0,0.523598776,0,0,0.975170851,0.220782265,0.016983707,0.002947016,0.445511106,0.031828103,0.013254189,0.007454306,-0.002749264,0.006251783,0.149296945,-0.014405968,0.000525289,0.16317758,0.134365663,0.13541624,0.164228156,-0.13541624,-0.164228156,-0.16317758,-0.134365663,0.07808767,0.031828103,0.013254189
8.75,0.965925826,0.258819045,0,0,0.523598776,0,0,0.975109041,0.221068084,0.016795212,0.003024627,0.44609454,0.031422202,0.013331429,0.019078704,-0.008523464,-0.001008809,0.14649084,-0.013069877,0.000820464,0.158740208,0.132600471,0.134241402,0.160381138,-0.134241402,-0.160381138,-0.158740208,-0.132600471,0.077504236,0.031422202,0.013331429
8.799860001,0.965925826,0.258819045,0,0,0.523598776,0,0,0.974948525,0.221787691,0.01663959,0.002978455,0.447565254,0.031129341,0.013195366,0.001592189,0.008902699,-0.001657009,0.146532406,-0.012483378,0.001838918,0.157176822,0.132210091,0.135887921,0.160854667,-0.135887921,-0.160854667,-0.157176822,-0.132210091,0.076033522,0.031129341,0.013195366
8.85078001,0.965925826,0.258819045,0,0,0.523598776,0,0,0.97495693,0.221746162,0.016696248,0.003000093,0.447482225,0.0312308,0.013261434,0.003234297,0.000149757,0.005313009,0.149614432,-0.017480113,0.00198047,0.16511403,0.13015382,0.134114772,0.169074968,-0.134114772,-0.169074968,-0.16511403,-0.13015382,0.076116551,0.0312308,0.013261434
8.899870157,0.965925826,0.258819045,0,0,0.523598776,0,0,0.974956393,0.221743748,0.016750418,0.003014797,0.447479238,0.031329956,0.013314121,-0.004442036,0.007712096,-0.00512153,0.150808179,-0.017232511,0.002670014,0.165370628,0.130905628,0.136245653,0.170710668,-0.136245653,-0.170710668,-0.165370628,-0.130905628,0.076119538,0.031329956,0.013314121
8.951090097,0.965925826,0.258819045,0,0,0.523598776,0,0,0.974940717,0.22180596,0.016856622,0.002964653,0.447608291,0.03155849,0.013265512,0.00365302,0.002736598,-0.005821884,0.149206879,-0.015869332,0.002873148,0.165370628,0.130905628,0.136245653,0.170710668,-0.136245653,-0.170710668,-0.165370628,-0.130905628,0.075990485,0.03155849,0.013265512
9.000829935,0.965925826,0.258819045,0,0,0.523598776,0,0,0.974948823,0.221773759,0.016792256,0.00303031,0.447542409,0.031404257,0.013363945,-0.001904369,-0.003083051,0.009476393,0.150289108,-0.014177213,-0.000252981,0.164719254,0.136364847,0.135858893,0.1642133,-0.135858893,-0.1642133,-0.164719254,-0.136364847,0.076056367,0.031404257,0.013363945
9.049989939,0.965925826,0.258819045,0,0,0.523598776,0,0,0.974950373,0.22177726,0.016638545,0.003144121,0.447548598,0.03105391,0.013517753,0.005946308,-0.002978742,0.003384799,0.14952609,-0.01460214,-0.000158101,0.164286286,0.135082021,0.134765819,0.163970083,-0.134765819,-0.163970083,-0.164286286,-0.135082021,0.076050178,0.03105391,0.013517753
9.100160122,0.965925826,0.258819045,0,0,0.523598776,0,0,0.974926233,0.221882179,0.016644575,0.00318267,0.447765164,0.031047096,0.013598978,0.002603977,-0.000679493,0.002827495,0.148746121,-0.014079682,0.000788207,0.162037551,0.133878201,0.135454625,0.163613975,-0.135454625,-0.163613975,-0.162037551,-0.133878201,0.075833612,0.031047096,0.013598978
9.149980068,0.965925826,0.258819045,0,0,0.523598776,0,0,0.974910736,0.221948192,0.01666205,0.003226171,0.44790236,0.031060933,0.013693714,0.008178503,-0.00063926,0.004469604,0.149342419,-0.014775021,0.000902029,0.163215369,0.133665338,0.135469407,0.165019423,-0.135469407,-0.165019423,-0.163215369,-0.133665338,0.075696416,0.031060933,0.013693714
9.200080156,0.965925826,0.258819045,0,0,0.523598776,0,0,0.974877536,0.222089514,0.016723366,0.003218663,0.44819383,0.031181859,0.013710868,0.012100489,0.007685275,-0.001890957,0.147358681,-0.017263214,0.001830882,0.162790969,0.128264561,0.131926328,0.166452736,-0.131926328,-0.166452736,-0.162790969,-0.128264561,0.075404946,0.031181859,0.013710868
9.250770092,0.965925826,0.258819045,0,0,0.523598776,0,0,0.974844813,0.222239435,0.016640274,0.003195642,0.44849851,0.031027956,0.013633746,0.004141778,-0.010336936,0.003478676,0.148758625,-0.011983192,0.000747009,0.159994766,0.136028394,0.137522414,0.161488786,-0.137522414,-0.161488786,-0.159994766,-0.136028394,0.075100266,0.031027956,0.013633746
9.301270008,0.965925826,0.258819045,0,0,0.523598776,0,0,0.974828541,0.222321972,0.016499268,0.003170131,0.448663216,0.030763187,0.013523778,0.005403907,-0.001813472,-0.003434718,0.148454369,-0.014309664,0.002116053,0.160647944,0.132028624,0.136260733,0.164880052,-0.136260733,-0.164880052,-0.160647944,-0.132028624,0.07493556,0.030763187,0.013523778
9.351850033,0.965925826,0.258819045,0,0,0.523598776,0,0,0.974822104,0.222344771,0.016596299,0.003024457,0.448708533,0.031016909,0.013283597,0.002095848,0.000690669,-0.010630489,0.149073251,-0.015064666,0.003704351,0.160433531,0.130304202,0.137712911,0.167842224,-0.137712911,-0.167842224,-0.160433531,-0.130304202,0.074890243,0.031016909,0.013283597
9.401679993,0.965925826,0.258819045,0,0,0.523598776,0,0,0.97479558,0.222474664,0.016434463,0.002911099,0.448967429,0.030750038,0.012994466,0.002431124,-0.009672345,-0.000920892,0.148219989,-0.013710895,0.001033231,0.160897613,0.13347584,0.135542303,0.162964076,-0.135542303,-0.162964076,-0.160897613,-0.13347584,0.074631347,0.030750038,0.012994466
9.451790094,0.965925826,0.258819045,0,0,0.523598776,0,0,0.974793911,0.22248055,0.016484899,0.002765048,0.448976659,0.030913339,0.012732268,0.003241748,0.004624574,-0.008264183,0.148897774,-0.011917991,0.001816018,0.160897613,0.13347584,0.135542303,0.162964076,-0.135542303,-0.162964076,-0.160897613,-0.13347584,0.074622117,0.030913339,0.012732268
9.500810146,0.965925826,0.258819045,0,0,0.523598776,0,0,0.974782586,0.222528607,0.016522732,0.002625406,0.449072334,0.031048676,0.0124783,0.000870973,-0.007560851,-0.004242361,0.149153757,-0.012522526,0.002749341,0.158926904,0.133881867,0.139380544,0.164425582,-0.139380544,-0.164425582,-0.158926904,-0.133881867,0.074526442,0.031048676,0.0124783
9.54982996,0.965925826,0.258819045,0,0,0.523598776,0,0,0.974782825,0.222536772,0.016403357,0.002619339,0.449085717,0.030818497,0.012413485,0.003511459,0.000978261,0.000355393,0.148638854,-0.014898421,0.001811875,0.161725357,0.131928533,0.135552287,0.165349111,-0.135552287,-0.165349111,-0.161725357,-0.131928533,0.074513059,0.030818497,0.012413485
9.600650072,0.965925826,0.258819045,0,0,0.523598776,0,0,0.97477144,0.222581953,0.016477717,0.002526415,0.449177771,0.031004315,0.012266842,0.006072968,0.000891835,-0.003555418,0.148113154,-0.014905138,0.002689662,0.160328582,0.130518332,0.135897651,0.165707916,-0.135897651,-0.165707916,-0.160328582,-0.130518332,0.074421005,0.031004315,0.012266842
9.651720047,0.965925826,0.258819045,0,0,0.523598776,0,0,0.974768519,0.222598478,0.016441057,0.00245354,0.449208611,0.030965086,0.012108875,0.000374764,-0.007610024,0.005134195,0.149186478,-0.012411333,0.001006378,0.160591394,0.135768741,0.137781501,0.162604153,-0.137781501,-0.162604153,-0.160591394,-0.135768741,0.074390165,0.030965086,0.012108875
9.701600075,0.965925826,0.258819045,0,0,0.523598776,0,0,0.974777222,0.222561911,0.016440682,0.002341148,0.449130308,0.03101487,0.011888329,-0.004845858,-0.003090501,-0.002455711,0.150113215,-0.014131243,0.002334539,0.161909878,0.133647412,0.138316482,0.166578948,-0.138316482,-0.166578948,-0.161909878,-0.133647412,0.074468468,0.03101487,0.011888329
9.750819921,0.965925826,0.258819045,0,0,0.523598776,0,0,0.974783659,0.222538829,0.016362846,0.002367416,0.449081703,0.030851678,0.011904119,-0.001935661,-0.005164743,0.006284565,0.150220053,-0.013674392,0.002622571,0.16127184,0.133923069,0.139168203,0.166516975,-0.139168203,-0.166516975,-0.16127184,-0.133923069,0.074517073,0.030851678,0.011904119
9.801399946,0.965925826,0.258819045,0,0,0.523598776,0,0,0.974789858,0.222508177,0.01641774,0.002287215,0.449017961,0.030994809,0.011771196,-0.001181662,0.00069961,0.003878027,0.149689236,-0.013004015,0.000827007,0.16127184,0.133923069,0.139168203,0.166516975,-0.139168203,-0.166516975,-0.16127184,-0.133923069,0.074580815,0.030994809,0.011771196
9.85168004,0.965925826,0.258819045,0,0,0.523598776,0,0,0.97479862,0.222474232,0.016360372,0.002293915,0.448946981,0.030880369,0.011757608,-0.00089407,-0.004588067,0.003857166,0.149529873,-0.013172181,0.001383331,0.161318675,0.134974331,0.137740999,0.164085343,-0.137740999,-0.164085343,-0.161318675,-0.134974331,0.074651795,0.030880369,0.011757608
9.900690079,0.965925826,0.258819045,0,0,0.523598776,0,0,0.974803269,0.222456291,0.016338499,0.002243392,0.448908127,0.030860424,0.011648743,-0.000678003,-0.001092255,-0.003632904,0.149506787,-0.014137533,0.002917975,0.160726309,0.132451251,0.138287202,0.166562259,-0.138287202,-0.166562259,-0.160726309,-0.132451251,0.074690649,0.030860424,0.011648743
9.950989962,0.965925826,0.258819045,0,0,0.523598776,0,0,0.974813759,0.222406089,0.016390895,0.002240641,0.448806418,0.030964424,0.01166514,-0.004549325,-4.47E-06,0.002048165,0.150286017,-0.0145063,0.00180322,0.16298905,0.133976474,0.137582913,0.166595489,-0.137582913,-0.166595489,-0.16298905,-0.133976474,0.074792358,0.030964424,0.01166514
10.00080013,0.965925826,0.258819045,0,0,0.523598776,0,0,0.974826872,0.222349569,0.016389145,0.002160063,0.448688077,0.030997542,0.011505393,0.002195686,-0.000682473,0.003486126,0.149093027,-0.014072366,0.002221204,0.16298905,0.133976474,0.137582913,0.166595489,-0.137582913,-0.166595489,-0.16298905,-0.133976474,0.074910699,0.030997542,0.011505393
10.0516901,0.965925826,0.258819045,0,0,0.523598776,0,0,0.97483772,0.222308233,0.016301226,0.002169623,0.448601295,0.030822331,0.01148356,0.001684576,-0.003197789,0.001838058,0.149037952,-0.014290243,0.001584253,0.161743894,0.133163437,0.136331931,0.164912403,-0.136331931,-0.164912403,-0.161743894,-0.133163437,0.074997481,0.030822331,0.01148356
10.09966016,0.965925826,0.258819045,0,0,0.523598776,0,0,0.974849284,0.222256348,0.016331928,0.002113512,0.448493949,0.030907768,0.011386141,-0.001053512,0.006303937,-0.003802776,0.149170189,-0.013487196,0.001881611,0.160775736,0.133801356,0.137564585,0.16453895,-0.137564585,-0.16453895,-0.160775736,-0.133801356,0.075104827,0.030907768,0.011386141
10.15153003,0.965925826,0.258819045,0,0,0.523598776,0,0,0.974857867,0.222218126,0.016347667,0.002056599,0.448414284,0.030964217,0.011280924,-0.004832446,-0.005741416,0.004342944,0.150489816,-0.012765197,0.001493448,0.161761522,0.136231139,0.139218047,0.164748415,-0.139218047,-0.164748415,-0.161761522,-0.136231139,0.075184492,0.030964217,0.011280924
10.19970012,0.965925826,0.258819045,0,0,0.523598776,0,0,0.974876404,0.22214216,0.016273918,0.002043967,0.448256193,0.030826891,0.011221041,-0.004191697,0.007011741,-0.004455448,0.15043291,-0.016371649,0.003250013,0.163554505,0.130811229,0.13731125,0.170054525,-0.13731125,-0.170054525,-0.163554505,-0.130811229,0.075342583,0.030826891,0.011221041
10.24974012,0.965925826,0.258819045,0,0,0.523598776,0,0,0.974891067,0.222072691,0.016349211,0.001980416,0.448113743,0.031002771,0.011128383,-0.002583862,0.002264232,-0.00359118,0.15018006,-0.015046951,0.00314932,0.16207765,0.131983772,0.138282403,0.168376297,-0.138282403,-0.168376297,-0.16207765,-0.131983772,0.075485033,0.031002771,0.011128383
10.29969001,0.965925826,0.258819045,0,0,0.523598776,0,0,0.97492069,0.221948922,0.016268104,0.001933324,0.447856403,0.030866924,0.010996511,-0.000600517,-0.006881356,0.002539903,0.150538333,-0.013075977,0.001543726,0.162070543,0.135918602,0.139006063,0.165157989,-0.139006063,-0.165157989,-0.162070543,-0.135918602,0.075742373,0.030866924,0.010996511
10.34981012,0.965925826,0.258819045,0,0,0.523598776,0,0,0.974933922,0.221887261,0.016327461,0.00182338,0.447728226,0.031032202,0.010806474,-0.003270805,-0.008164346,0.003088266,0.151082976,-0.015896267,0.003015681,0.163963512,0.132171005,0.138202369,0.169994876,-0.138202369,-0.169994876,-0.163963512,-0.132171005,0.07587055,0.031032202,0.010806474
10.39973998,0.965925826,0.258819045,0,0,0.523598776,0,0,0.974928558,0.221917555,0.016233312,0.00187008,0.447789361,0.030827511,0.010856674,0.00326708,-0.005930664,0.001811236,0.150457015,-0.011982269,0.001943915,0.163963512,0.132171005,0.138202369,0.169994876,-0.138202369,-0.169994876,-0.163963512,-0.132171005,0.075809415,0.030827511,0.010856674
10.45095015,0.965925826,0.258819045,0,0,0.523598776,0,0,0.974939883,0.221860841,0.01632509,0.001870218,0.447675303,0.031007075,0.010895949,-0.000274181,0.005606562,-0.001771748,0.149906774,-0.015967039,0.002880824,0.162992954,0.131058887,0.13682054,0.168754593,-0.13682054,-0.168754593,-0.162992954,-0.131058887,0.075923473,0.031007075,0.010895949
10.49984002,0.965925826,0.258819045,0,0,0.523598776,0,0,0.974949241,0.221818238,0.016335851,0.001937429,0.447590098,0.030998702,0.011030492,-0.004132092,-0.000882149,0.006017834,0.150676665,-0.014131305,0.001269191,0.163538739,0.135276139,0.137814522,0.166077122,-0.137814522,-0.166077122,-0.163538739,-0.135276139,0.076008678,0.030998702,0.011030492
10.54975009,0.965925826,0.258819045,0,0,0.523598776,0,0,0.974954903,0.221794054,0.016325995,0.001998117,0.447541914,0.030952814,0.011143731,-0.003181398,0.003928692,0.004146248,0.150515362,-0.015527003,0.001590745,0.164451584,0.133397594,0.136579081,0.167633072,-0.136579081,-0.167633072,-0.164451584,-0.133397594,0.076056862,0.030952814,0.011143731
10.59960008,0.965925826,0.258819045,0,0,0.523598776,0,0,0.974965155,0.221746698,0.016353991,0.002016067,0.447445976,0.03099999,0.011189684,0.00519082,-0.001363456,0.002702326,0.148979787,-0.015251919,0.002193815,0.162037849,0.131534025,0.135921657,0.166425481,-0.135921657,-0.166425481,-0.162037849,-0.131534025,0.0761528,0.03099999,0.011189684
10.65074015,0.965925826,0.258819045,0,0,0.523598776,0,0,0.974984169,0.221665189,0.016323468,0.002024338,0.447278212,0.030937725,0.01118967,-0.000709295,0.007919223,-0.000721216,0.150277054,-0.013841213,0.001860418,0.162257805,0.134575397,0.138296232,0.16597864,-0.138296232,-0.16597864,-0.162257805,-0.134575397,0.076320564,0.030937725,0.01118967
10.70067,0.965925826,0.258819045,0,0,0.523598776,0,0,0.974992752,0.221626684,0.016335342,0.001988013,0.44719849,0.03097744,0.011122856,-0.002671779,0.000160188,0.00249669,0.150148327,-0.016676572,0.002542303,0.16428256,0.130929425,0.136014029,0.169367164,-0.136014029,-0.169367164,-0.16428256,-0.130929425,0.076400286,0.03097744,0.011122856
10.74975014,0.965925826,0.258819045,0,0,0.523598776,0,0,0.97499764,0.221606314,0.0163288,0.00193595,0.447155021,0.030988001,0.011017735,-0.002279878,0.003223866,0.002721697,0.150494461,-0.01530578,0.001931808,0.163868397,0.133256853,0.13712047,0.167732,-0.13712047,-0.167732,-0.163868397,-0.133256853,0.076443755,0.030988001,0.011017735
10.79986,0.965925826,0.258819045,0,0,0.523598776,0,0,0.975005269,0.221572995,0.016323693,0.001920183,0.447086107,0.03098541,0.010983649,0.000495464,0.001110882,-0.001886487,0.149991897,-0.014677293,0.002861564,0.163868397,0.133256853,0.13712047,0.167732,-0.13712047,-0.167732,-0.163868397,-0.133256853,0.076512669,0.03098541,0.010983649
10.85051012,0.965925826,0.258819045,0,0,0.523598776,0,0,0.975022316,0.221498773,0.016316656,0.001900691,0.446933079,0.03098116,0.010940139,-0.006604195,-0.000144541,0.002106279,0.15140994,-0.014310025,0.002082782,0.163637146,0.135017112,0.139182672,0.167802706,-0.139182672,-0.167802706,-0.163637146,-0.135017112,0.076665697,0.03098116,0.010940139
10.90069008,0.965925826,0.258819045,0,0,0.523598776,0,0,0.97503382,0.221449003,0.016302699,0.001903256,0.446830707,0.03095336,0.010937368,-0.001949072,-0.001682341,0.000628084,0.1498104,-0.013376151,0.002208911,0.160977602,0.134225309,0.138643131,0.165395424,-0.138643131,-0.165395424,-0.160977602,-0.134225309,0.076768069,0.03095336,0.010937368
10.95068002,0.965925826,0.258819045,0,0,0.523598776,0,0,0.975037992,0.221432179,0.016286759,0.001886484,0.446795291,0.030929888,0.010897039,0.000349432,0.002943724,-0.000372529,0.150558914,-0.013851225,0.002370213,0.162039891,0.134337455,0.139077872,0.166780308,-0.139077872,-0.166780308,-0.162039891,-0.134337455,0.076803485,0.030929888,0.010897039
11.00066996,0.965925826,0.258819045,0,0,0.523598776,0,0,0.975039959,0.22142458,0.016272632,0.001887686,0.446779378,0.030901887,0.010892875,-0.000354648,-0.002753735,0.002025813,0.150132477,-0.015169578,0.002583018,0.162718996,0.13237986,0.137545899,0.167885035,-0.137545899,-0.167885035,-0.162718996,-0.13237986,0.076819398,0.030901887,0.010892875
11.05177999,0.965925826,0.258819045,0,0,0.523598776,0,0,0.975042045,0.22141467,0.016277898,0.001888728,0.446759242,0.030911809,0.01089693,0.000303239,0.001280755,0.003749877,0.150153274,-0.014689409,0.001755767,0.163086876,0.133708075,0.137219608,0.166598409,-0.137219608,-0.166598409,-0.163086876,-0.133708075,0.076839534,0.030911809,0.01089693
11.10072994,0.965925826,0.258819045,0,0,0.523598776,0,0,0.975044012,0.2214057,0.01628091,0.001903395,0.446741329,0.030911285,0.010926598,-0.000566244,0.000394136,0.004260987,0.150326931,-0.014440275,0.001641686,0.163125485,0.134244949,0.137528315,0.166408852,-0.137528315,-0.166408852,-0.163125485,-0.134244949,0.076857447,0.030911285,0.010926598
11.15004015,0.965925826,0.258819045,0,0,0.523598776,0,0,0.975051224,0.221372023,0.016305836,0.001930872,0.446673629,0.030948106,0.010990194,-0.00256896,-0.001779199,0.000741333,0.150739874,-0.013833082,0.002325876,0.162247032,0.134580895,0.13923265,0.166898787,-0.13923265,-0.166898787,-0.162247032,-0.134580895,0.076925147,0.030948106,0.010990194
11.20148993,0.965925826,0.258819045,0,0,0.523598776,0,0,0.975052595,0.221365958,0.016300915,0.001939515,0.446661343,0.030934749,0.011004681,-0.003387035,0.000552088,0.003641099,0.150899974,-0.014511057,0.001740726,0.163670257,0.134648159,0.138129622,0.167151719,-0.138129622,-0.167151719,-0.163670257,-0.134648159,0.076937433,0.030934749,0.011004681
11.25064993,0.965925826,0.258819045,0,0,0.523598776,0,0,0.975050688,0.221374139,0.016305516,0.001909113,0.446677386,0.0309571,0.010947669,-0.002782047,0.001718849,-0.000931323,0.150510816,-0.013849669,0.002282506,0.162077934,0.134378612,0.138943627,0.166642949,-0.138943627,-0.166642949,-0.162077934,-0.134378612,0.07692139,0.0309571,0.010947669
11.30130005,0.965925826,0.258819045,0,0,0.523598776,0,0,0.975047886,0.221388638,0.016289931,0.001893937,0.44670622,0.030933258,0.010911604,0.004216284,0.00019595,0.003071875,0.150779686,-0.014835743,0.002680691,0.162934691,0.13326323,0.138624609,0.168296084,-0.138624609,-0.168296084,-0.162934691,-0.13326323,0.076892556,0.030933258,0.010911604
11.35389996,0.965925826,0.258819045,0,0,0.523598776,0,0,0.97504735,0.221392274,0.016266771,0.001899471,0.446713299,0.030885594,0.010912243,-0.001700223,-0.001849234,0.002525002,0.149931107,-0.014366679,0.001666791,0.16263096,0.133897617,0.137231201,0.165964529,-0.137231201,-0.165964529,-0.16263096,-0.133897617,0.076885477,0.030885594,0.010912243
11.39995003,0.965925826,0.258819045,0,0,0.523598776,0,0,0.975046039,0.221398756,0.016256742,0.001903538,0.446726464,0.03086416,0.010915933,0.003587455,-0.003893673,-0.000376999,0.149539164,-0.013170756,0.002556417,0.160153463,0.133811966,0.138924792,0.16526629,-0.138924792,-0.16526629,-0.160153463,-0.133811966,0.076872312,0.03086416,0.010915933
11.4496901,0.965925826,0.258819045,0,0,0.523598776,0,0,0.975036085,0.221442655,0.016257968,0.00190229,0.446816508,0.030866611,0.010915432,0.007050484,-0.001838804,0.006359071,0.148836609,-0.013779014,0.001213954,0.161401629,0.133843616,0.136271521,0.163829535,-0.136271521,-0.163829535,-0.161401629,-0.133843616,0.076782268,0.030866611,0.010915432
11.4997201,0.965925826,0.258819045,0,0,0.523598776,0,0,0.975028634,0.221474782,0.016266305,0.001884815,0.446882151,0.030890259,0.010886058,0.001867861,0.002063066,-0.003108382,0.149808604,-0.014892032,0.003123179,0.161577418,0.131793365,0.138039723,0.167823777,-0.138039723,-0.167823777,-0.161577418,-0.131793365,0.076716625,0.030890259,0.010886058
11.54986,0.965925826,0.258819045,0,0,0.523598776,0,0,0.975012898,0.221546814,0.016239123,0.001849661,0.44702821,0.030852022,0.01080769,0.003311783,-0.003345311,0.00339076,0.148614492,-0.0147357,0.001761299,0.161588848,0.132117465,0.13564007,0.165111452,-0.13564007,-0.165111452,-0.161588848,-0.132117465,0.076570566,0.030852022,0.01080769
11.60117006,0.965925826,0.258819045,0,0,0.523598776,0,0,0.97500062,0.221598074,0.016270014,0.001854987,0.447134344,0.030909343,0.010833421,-0.000290573,0.00340417,0.00019744,0.149470331,-0.013307865,0.001845184,0.160932973,0.134317249,0.138007626,0.164623335,-0.138007626,-0.164623335,-0.160932973,-0.134317249,0.076464432,0.030909343,0.010833421
11.64974999,0.965925826,0.258819045,0,0,0.523598776,0,0,0.974995792,0.221620426,0.016257944,0.001847551,0.447179675,0.03088885,0.010814261,0.001607091,0.000859052,-0.000324845,0.150120819,-0.015281895,0.002490138,0.162912533,0.132348761,0.137329042,0.167892814,-0.137329042,-0.167892814,-0.162912533,-0.132348761,0.076419101,0.03088885,0.010814261
11.69892001,0.965925826,0.258819045,0,0,0.523598776,0,0,0.974989116,0.22164844,0.01627598,0.001863626,0.44723805,0.030916585,0.01085452,0.00314787,-0.002373755,0.000602752,0.149421269,-0.013618951,0.002397575,0.160642609,0.133404717,0.138199866,0.165437758,-0.138199866,-0.165437758,-0.160642609,-0.133404717,0.076360726,0.030916585,0.01085452
11.74951005,0.965925826,0.258819045,0,0,0.523598776,0,0,0.974978983,0.22169289,0.016276812,0.00186011,0.447329179,0.030919275,0.01084944,3.20E-05,-0.001595915,0.002858788,0.149981219,-0.013848035,0.001951587,0.161877632,0.134181574,0.138084739,0.165780798,-0.138084739,-0.165780798,-0.161877632,-0.134181574,0.076269597,0.030919275,0.01084944
11.80051994,0.965925826,0.258819045,0,0,0.523598776,0,0,0.974972367,0.2217215,0.016274804,0.001873485,0.447388265,0.030909109,0.01087555,0.005563349,-0.001707673,-0.000965595,0.148900302,-0.013810651,0.00270009,0.160010815,0.132389531,0.137789711,0.165410995,-0.137789711,-0.165410995,-0.160010815,-0.132389531,0.076210511,0.030909109,0.01087555
11.84980011,0.965925826,0.258819045,0,0,0.523598776,0,0,0.974954724,0.221799329,0.016273346,0.001898135,0.447548585,0.030894453,0.010925455,0.002204627,-0.002793968,0.002687425,0.149538502,-0.014482206,0.00258993,0.161430731,0.132466346,0.137646198,0.166610599,-0.137646198,-0.166610599,-0.161430731,-0.132466346,0.076050191,0.030894453,0.010925455
11.90167999,0.965925826,0.258819045,0,0,0.523598776,0,0,0.974947929,0.22182931,0.016278073,0.001865987,0.44760928,0.030917607,0.010865793,0.004271418,-0.002783537,0.001692027,0.149479344,-0.0135087,0.001948762,0.161039248,0.134021863,0.137919381,0.164936766,-0.137919381,-0.164936766,-0.161039248,-0.134021863,0.075989496,0.030917607,0.010865793
11.95174003,0.965925826,0.258819045,0,0,0.523598776,0,0,0.974933028,0.221896231,0.016259624,0.001866101,0.447746127,0.030880828,0.010859934,-0.00230819,-0.002142787,-0.000278652,0.149059501,-0.013505567,0.002175255,0.160389766,0.133378655,0.137729168,0.164740279,-0.137729168,-0.164740279,-0.160389766,-0.133378655,0.075852649,0.030880828,0.010859934
12.0007,0.965925826,0.258819045,0,0,0.523598776,0,0,0.974928319,0.221919522,0.016220722,0.00188809,0.447793582,0.030794936,0.01088627,0.002092868,-0.001235306,0.004369766,0.149402871,-0.013915814,0.001607678,0.161710963,0.133879349,0.137094706,0.16492632,-0.137094706,-0.16492632,-0.161710963,-0.133879349,0.075805194,0.030794936,0.01088627
12.05043006,0.965925826,0.258819045,0,0,0.523598776,0,0,0.974926591,0.221927449,0.016216852,0.00189866,0.447810038,0.030782604,0.010905417,-0.00346601,0.001273304,0.001353771,0.150463287,-0.014635069,0.002202274,0.161710963,0.133879349,0.137094706,0.16492632,-0.137094706,-0.16492632,-0.161710963,-0.133879349,0.075788738,0.030782604,0.010905417
12.10071993,0.965925826,0.258819045,0,0,0.523598776,0,0,0.974924922,0.22193487,0.016216235,0.001857874,0.447824118,0.030799436,0.010825816,-7.30E-05,0.000629574,-0.000923872,0.149808102,-0.014433464,0.002690177,0.161551341,0.132684439,0.138064787,0.166931704,-0.138064787,-0.166931704,-0.161551341,-0.132684439,0.075774658,0.030799436,0.010825816
12.14979005,0.965925826,0.258819045,0,0,0.523598776,0,0,0.974916101,0.221975282,0.01619548,0.001837487,0.447905946,0.030767566,0.010778092,0.004445762,-0.003743172,0.000897795,0.149624018,-0.015521912,0.002111735,0.163034156,0.131990343,0.136213824,0.167257622,-0.136213824,-0.167257622,-0.163034156,-0.131990343,0.07569283,0.030767566,0.010778092
12.19990993,0.965925826,0.258819045,0,0,0.523598776,0,0,0.974915266,0.221979454,0.016187916,0.001779491,0.447912722,0.030778534,0.010661729,-0.002111495,0.001171976,-0.000335276,0.14890387,-0.013126741,0.002334648,0.159695923,0.133442461,0.138111755,0.164365217,-0.138111755,-0.164365217,-0.159695923,-0.133442461,0.075686054,0.030778534,0.010661729
12.24987006,0.965925826,0.258819045,0,0,0.523598776,0,0,0.974904001,0.222031608,0.016158074,0.001772027,0.448018745,0.030723081,0.010635538,0.00660643,-0.002972782,0.000102073,0.150161945,-0.01454683,0.002633741,0.162074998,0.132981345,0.138248831,0.167342469,-0.138248831,-0.167342469,-0.162074998,-0.132981345,0.075580031,0.030723081,0.010635538
12.30050015,0.965925826,0.258819045,0,0,0.523598776,0,0,0.974896133,0.222066864,0.01615317,0.001755281,0.448090469,0.030720573,0.0106018,0.005622954,-0.000697374,0.004077703,0.148607022,-0.013979153,0.001760786,0.160825342,0.132867053,0.13638863,0.164346918,-0.13638863,-0.164346918,-0.160825342,-0.132867053,0.075508307,0.030720573,0.0106018
12.35080004,0.965925826,0.258819045,0,0,0.523598776,0,0,0.974892378,0.222081974,0.01616789,0.001769069,0.448122247,0.030742989,0.010635723,0.002514571,0.002390891,-0.000607967,0.149192908,-0.014879766,0.002689845,0.161382779,0.131623268,0.13700296,0.166762471,-0.13700296,-0.166762471,-0.161382779,-0.131623268,0.075476529,0.030742989,0.010635723
12.40475011,0.965925826,0.258819045,0,0,0.523598776,0,0,0.974887311,0.222104758,0.016161138,0.001764254,0.448168694,0.030731713,0.010624044,0.000531226,-0.001221895,-0.000551343,0.149554577,-0.013827751,0.002678846,0.160703436,0.133047953,0.138405651,0.166061133,-0.138405651,-0.166061133,-0.160703436,-0.133047953,0.075430082,0.030731713,0.010624044
12.45202994,0.965925826,0.258819045,0,0,0.523598776,0,0,0.974867165,0.222192064,0.0161705,0.001834415,0.448350052,0.030717819,0.010767822,0.006792695,0.00134185,0.003010779,0.148284009,-0.012528218,0.001648537,0.159163654,0.134107232,0.137404308,0.162460729,-0.137404308,-0.162460729,-0.159163654,-0.134107232,0.075248724,0.030717819,0.010767822
12.50163007,0.965925826,0.258819045,0,0,0.523598776,0,0,0.974864125,0.222203046,0.016195228,0.001830292,0.448373141,0.030767759,0.010771138,0.001800805,0.000799447,0.002709776,0.148282787,-0.014603118,0.001908365,0.160977498,0.131771281,0.135588005,0.164794236,-0.135588005,-0.164794236,-0.160977498,-0.131771281,0.075225635,0.030767759,0.010771138
12.55075002,0.965925826,0.258819045,0,0,0.523598776,0,0,0.974863768,0.222205028,0.016193686,0.001838965,0.448377378,0.03076087,0.010787429,0.001483411,0.000713021,0.000505894,0.149230548,-0.014465387,0.001979189,0.1617167,0.132785946,0.13674432,0.165675089,-0.13674432,-0.165675089,-0.1617167,-0.132785946,0.075221398,0.03076087,0.010787429
12.60054994,0.965925826,0.258819045,0,0,0.523598776,0,0,0.974857867,0.22223255,0.016173754,0.001838729,0.448433336,0.0307218,0.010778961,0.008418411,0.000637025,-0.001145899,0.1479408,-0.014395577,0.00273292,0.159603417,0.130812272,0.136278123,0.165069252,-0.136278123,-0.165069252,-0.159603417,-0.130812272,0.07516544,0.0307218,0.010778961
12.65066004,0.965925826,0.258819045,0,0,0.523598776,0,0,0.974851608,0.222261354,0.016148983,0.001831909,0.448491688,0.030676212,0.010755536,-0.001315773,0.000391156,0.000628084,0.14978182,-0.014304569,0.002380971,0.161705375,0.133096248,0.137858197,0.166467324,-0.137858197,-0.166467324,-0.161705375,-0.133096248,0.075107088,0.030676212,0.010755536
12.70000005,0.965925826,0.258819045,0,0,0.523598776,0,0,0.974854112,0.22225149,0.016139699,0.001814762,0.4484707,0.030665841,0.010717645,0.001866371,8.72E-05,0.000614673,0.14917997,-0.014204317,0.002395173,0.160989076,0.132580459,0.137370795,0.165779412,-0.137370795,-0.165779412,-0.160989076,-0.132580459,0.075128076,0.030665841,0.010717645
12.74980998,0.965925826,0.258819045,0,0,0.523598776,0,0,0.974844575,0.222292066,0.016152514,0.001820953,0.448554481,0.030687633,0.010736705,-0.001558662,0.000870973,0.001276284,0.149803174,-0.014444798,0.00226196,0.161985964,0.133096397,0.137620315,0.166509897,-0.137620315,-0.166509897,-0.161985964,-0.133096397,0.075044295,0.030687633,0.010736705
12.79962015,0.965925826,0.258819045,0,0,0.523598776,0,0,0.974836648,0.222325549,0.016177321,0.001843808,0.448624379,0.030725466,0.010793387,0.001270324,0.003676862,0.002297014,0.148920243,-0.013717982,0.001896404,0.160741776,0.133305833,0.13709864,0.164534584,-0.13709864,-0.164534584,-0.160741776,-0.133305833,0.074974397,0.030725466,0.010793387
12.85126996,0.965925826,0.258819045,0,0,0.523598776,0,0,0.974827766,0.222365826,0.016160086,0.001824271,0.448706058,0.030700105,0.010748872,0.004259497,0.005761534,-0.000351667,0.149233677,-0.015285736,0.002045295,0.162474081,0.13190262,0.135993212,0.166564673,-0.135993212,-0.166564673,-0.162474081,-0.13190262,0.074892718,0.030700105,0.010748872
12.90400004,0.965925826,0.258819045,0,0,0.523598776,0,0,0.974821389,0.222392306,0.016180355,0.001785462,0.448759826,0.030756613,0.010683042,0.005302579,3.20E-05,0.002046675,0.148406952,-0.014218538,0.002141908,0.160483539,0.132046476,0.136330292,0.164767355,-0.136330292,-0.164767355,-0.160483539,-0.132046476,0.07483895,0.030756613,0.010683042
12.95078993,0.965925826,0.258819045,0,0,0.523598776,0,0,0.974814236,0.222423404,0.016186776,0.001780733,0.448823649,0.030770897,0.010677658,-0.000911951,0.000821799,-1.49E-05,0.14957375,-0.01444717,0.002560661,0.161460221,0.132565901,0.137687221,0.166581541,-0.137687221,-0.166581541,-0.161460221,-0.132565901,0.074775127,0.030770897,0.010677658
12.99985003,0.965925826,0.258819045,0,0,0.523598776,0,0,0.974807322,0.222454011,0.016175963,0.001786983,0.448886413,0.030746697,0.010685998,0.005028397,-0.000151992,0.002186745,0.148409599,-0.014162443,0.002110501,0.1604615,0.132136628,0.136357635,0.164682508,-0.136357635,-0.164682508,-0.1604615,-0.132136628,0.074712363,0.030746697,0.010685998
13.0508101,0.965925826,0.258819045,0,0,0.523598776,0,0,0.974802554,0.222474679,0.016184468,0.001798846,0.448929323,0.03075777,0.010713577,0.003179163,-0.003698468,0.000826269,0.14874815,-0.013144299,0.002371656,0.1604615,0.132136628,0.136357635,0.164682508,-0.136357635,-0.164682508,-0.1604615,-0.132136628,0.074669453,0.03075777,0.010713577
13.10170007,0.965925826,0.258819045,0,0,0.523598776,0,0,0.97479254,0.222519472,0.016173815,0.00177968,0.449020437,0.030745041,0.010672859,0.002276152,-0.003577769,0.001949817,0.148867118,-0.013351946,0.002361305,0.15985772,0.133153841,0.137876451,0.16458033,-0.137876451,-0.16458033,-0.15985772,-0.133153841,0.074578339,0.030745041,0.010672859
13.14988995,0.965925826,0.258819045,0,0,0.523598776,0,0,0.974783003,0.222560555,0.016176756,0.001784169,0.44910499,0.030748329,0.010684226,0.005283207,-0.00525564,0.001198798,0.148884342,-0.013167331,0.002161092,0.159890547,0.133555889,0.137878075,0.164212719,-0.137878075,-0.164212719,-0.159890547,-0.133555889,0.074493786,0.030748329,0.010684226
13.20079994,0.965925826,0.258819045,0,0,0.523598776,0,0,0.974918902,0.221949145,0.016369186,0.001937725,0.447859538,0.031062101,0.011050058,0.000787527,-0.004440546,-0.000202656,0.148275356,-0.012684532,0.002305127,0.159890547,0.133555889,0.137878075,0.164212719,-0.137878075,-0.164212719,-0.159890547,-0.133555889,0.075739238,0.031062101,0.011050058
13.24996996,0.965925826,0.258819045,0,0,0.523598776,0,0,0.974916279,0.221961007,0.016369173,0.001920196,0.447883353,0.031069726,0.011016236,0.000638515,0.001721829,-0.000731647,0.149650854,-0.01489627,0.002636736,0.16191034,0.132117823,0.137391299,0.167183816,-0.137391299,-0.167183816,-0.16191034,-0.132117823,0.075715423,0.031069726,0.011016236
13.30009007,0.965925826,0.258819045,0,0,0.523598776,0,0,0.974912286,0.221977517,0.016382948,0.001926834,0.447917764,0.031093453,0.011035837,0.001160056,0.000298768,0.003083796,0.149535615,-0.014505338,0.001872105,0.162168801,0.133158147,0.136902362,0.165913016,-0.136902362,-0.165913016,-0.162168801,-0.133158147,0.075681012,0.031093453,0.011035837
13.35080004,0.965925826,0.258819045,0,0,0.523598776,0,0,0.974907994,0.22199674,0.016377605,0.001920071,0.447956886,0.031085823,0.011020881,-0.000359118,-0.005529821,0.000216812,0.149812751,-0.012807534,0.002444711,0.160175532,0.134560481,0.139449909,0.165064961,-0.139449909,-0.165064961,-0.160175532,-0.134560481,0.07564189,0.031085823,0.011020881
13.4015801,0.965925826,0.258819045,0,0,0.523598776,0,0,0.974896193,0.222046018,0.016409371,0.001980515,0.448060506,0.031120352,0.011154495,-0.001132488,0.002250821,0.00122413,0.148574852,-0.014731711,0.002433724,0.160872802,0.131409392,0.136276841,0.165740252,-0.136276841,-0.165740252,-0.160872802,-0.131409392,0.07553827,0.031120352,0.011154495
13.45174003,0.965925826,0.258819045,0,0,0.523598776,0,0,0.974888682,0.222080037,0.016393678,0.001980771,0.448129933,0.031089246,0.011149096,0.004208833,-0.004386901,0.001534075,0.149920923,-0.015103248,0.002204062,0.162820071,0.132613584,0.13702172,0.167228192,-0.13702172,-0.167228192,-0.162820071,-0.132613584,0.075468843,0.031089246,0.011149096
13.50171995,0.965925826,0.258819045,0,0,0.523598776,0,0,0.97488451,0.222098783,0.016388852,0.001969644,0.448167959,0.031084566,0.011125842,-3.87E-05,0.002207607,0.000681728,0.148869856,-0.013170776,0.002131507,0.159909084,0.133567542,0.137830555,0.164172098,-0.137830555,-0.164172098,-0.159909084,-0.133567542,0.075430817,0.031084566,0.011125842
13.54978013,0.965925826,0.258819045,0,0,0.523598776,0,0,0.974866927,0.222175717,0.016391004,0.001940418,0.448325075,0.03110088,0.011072245,0.004888326,0.000482053,0.002417714,0.14866168,-0.014568393,0.001990961,0.161239073,0.132102296,0.136084229,0.165220991,-0.136084229,-0.165220991,-0.161239073,-0.132102296,0.075273701,0.03110088,0.011072245
13.59978008,0.965925826,0.258819045,0,0,0.523598776,0,0,0.974861145,0.222200513,0.01639813,0.001949498,0.448376393,0.031110458,0.011093921,0.00699386,-0.00731796,-0.000549853,0.148239913,-0.012315072,0.002570677,0.161239073,0.132102296,0.136084229,0.165220991,-0.136084229,-0.165220991,-0.161239073,-0.132102296,0.075222383,0.031110458,0.011093921
13.65087008,0.965925826,0.258819045,0,0,0.523598776,0,0,0.974850655,0.222243771,0.016428173,0.001985184,0.448466969,0.031152681,0.011178291,0.001242012,0.0031434,-0.000937283,0.149307454,-0.015375431,0.002632471,0.162050366,0.131299525,0.136564463,0.167315319,-0.136564463,-0.167315319,-0.162050366,-0.131299525,0.075131807,0.031152681,0.011178291
13.70067,0.965925826,0.258819045,0,0,0.523598776,0,0,0.974824786,0.222358897,0.016415119,0.001985261,0.448702813,0.031125867,0.011176303,0.005767495,-0.000235438,0.003356487,0.148565476,-0.014637035,0.001938895,0.16126357,0.131989524,0.135867313,0.165141359,-0.135867313,-0.165141359,-0.16126357,-0.131989524,0.074895963,0.031125867,0.011176303
13.75081992,0.965925826,0.258819045,0,0,0.523598776,0,0,0.974815071,0.222400442,0.016419003,0.001985339,0.448788243,0.031132934,0.011179514,-0.000834465,0.00212267,0.001927466,0.148345164,-0.014395547,0.001767216,0.160973459,0.132182375,0.135716811,0.164507881,-0.135716811,-0.164507881,-0.160973459,-0.132182375,0.074810533,0.031132934,0.011179514
13.80084014,0.965925826,0.258819045,0,0,0.523598776,0,0,0.974809468,0.222428709,0.016372295,0.001974836,0.44884475,0.031046204,0.011139112,0.003033131,-0.008043648,0.001183897,0.149577386,-0.015078223,0.002055984,0.162599578,0.13244316,0.13655512,0.166711554,-0.13655512,-0.166711554,-0.162599578,-0.13244316,0.074754026,0.031046204,0.011139112
13.84977007,0.965925826,0.258819045,0,0,0.523598776,0,0,0.974801421,0.222464144,0.016378209,0.001953607,0.448916964,0.03106678,0.011101469,0.00469014,-0.002077222,0.002781302,0.14846681,-0.0138223,0.001897429,0.160391644,0.132747054,0.136541918,0.164186493,-0.136541918,-0.164186493,-0.160391644,-0.132747054,0.074681812,0.03106678,0.011101469
13.89969015,0.965925826,0.258819045,0,0,0.523598776,0,0,0.974793494,0.222498894,0.016375769,0.001972799,0.448988764,0.03105308,0.011138924,0.005268306,0.001036376,0.003505498,0.148327664,-0.014727489,0.001736986,0.161318123,0.131863162,0.135337144,0.164792091,-0.135337144,-0.164792091,-0.161318123,-0.131863162,0.074610012,0.03105308,0.011138924
13.95069003,0.965925826,0.258819045,0,0,0.523598776,0,0,0.974780202,0.22255671,0.016380738,0.001969355,0.449107447,0.031063644,0.011136265,0.002335757,0.001145154,-0.00038445,0.148844988,-0.014755105,0.002517094,0.161082953,0.131572768,0.136606947,0.166117147,-0.136606947,-0.166117147,-0.161082953,-0.131572768,0.074491329,0.031063644,0.011136265
14.00109005,0.965925826,0.258819045,0,0,0.523598776,0,0,0.97475636,0.222662568,0.016357778,0.001992465,0.449324773,0.031007365,0.011174468,0.006539376,-0.000947714,0.000513345,0.148236159,-0.013989489,0.002125564,0.160100043,0.132121086,0.136372209,0.164351165,-0.136372209,-0.164351165,-0.160100043,-0.132121086,0.074274003,0.031007365,0.011174468
14.05015993,0.965925826,0.258819045,0,0,0.523598776,0,0,0.97474426,0.222717658,0.016330549,0.001971244,0.449436541,0.030963101,0.011122681,0.003773719,-0.001379848,0.001140684,0.147953683,-0.014138475,0.002307852,0.159784272,0.131507337,0.136123031,0.164399967,-0.136123031,-0.164399967,-0.159784272,-0.131507337,0.074162235,0.030963101,0.011122681
14.10289001,0.965925826,0.258819045,0,0,0.523598776,0,0,0.974732459,0.222769991,0.016322467,0.001949804,0.449543134,0.030956304,0.01107892,0.002781302,0.00121668,-0.000356138,0.148438735,-0.013985976,0.002193876,0.159784272,0.131507337,0.136123031,0.164399967,-0.136123031,-0.164399967,-0.159784272,-0.131507337,0.074055642,0.030956304,0.01107892
14.14998007,0.965925826,0.258819045,0,0,0.523598776,0,0,0.974717736,0.222834513,0.016328353,0.001936096,0.449675264,0.030973158,0.011056861,0.007080287,-0.001600385,0.00263229,0.147709818,-0.013914379,0.001923235,0.159700915,0.131872177,0.135718644,0.163547397,-0.135718644,-0.163547397,-0.159700915,-0.131872177,0.073923512,0.030973158,0.011056861
14.19974995,0.965925826,0.258819045,0,0,0.523598776,0,0,0.974712908,0.222855613,0.016326567,0.001910763,0.449717835,0.030980736,0.011007328,0.000516325,-0.001905859,-0.001446903,0.148952615,-0.013810071,0.002759767,0.160002872,0.132382751,0.13790229,0.165522411,-0.13790229,-0.165522411,-0.160002872,-0.132382751,0.073880941,0.030980736,0.011007328
14.25065994,0.965925826,0.258819045,0,0,0.523598776,0,0,0.974702656,0.222899511,0.016338889,0.001898862,0.449807913,0.031009574,0.010991017,0.001811236,-0.001882017,0.000425428,0.148667957,-0.013827993,0.002398664,0.160097241,0.132441282,0.137238607,0.164894581,-0.137238607,-0.164894581,-0.160097241,-0.132441282,0.073790863,0.031009574,0.010991017
14.30063009,0.965925826,0.258819045,0,0,0.523598776,0,0,0.974693835,0.222938776,0.016326975,0.001929579,0.449889069,0.030972198,0.01104685,0.005286187,-0.001396239,0.001233071,0.148609531,-0.01545475,0.001931365,0.162132874,0.131223395,0.135086119,0.165995598,-0.135086119,-0.165995598,-0.162132874,-0.131223395,0.073709707,0.030972198,0.01104685
14.35029006,0.965925826,0.258819045,0,0,0.523598776,0,0,0.974681675,0.222991064,0.016335383,0.001920201,0.44999636,0.030992185,0.011033982,0.003690273,-0.002524257,0.000328571,0.14883667,-0.01388686,0.002312031,0.160411462,0.132637754,0.137261823,0.165035516,-0.137261823,-0.165035516,-0.160411462,-0.132637754,0.073602416,0.030992185,0.011033982
14.39982009,0.965925826,0.258819045,0,0,0.523598776,0,0,0.974666774,0.223058552,0.016306771,0.001905215,0.450133709,0.030942325,0.010994113,0.006046146,-0.002358854,-0.000268221,0.148234108,-0.01364507,0.002396148,0.159482986,0.132192865,0.136985168,0.164275289,-0.136985168,-0.164275289,-0.159482986,-0.132192865,0.073465067,0.030942325,0.010994113
14.45077014,0.965925826,0.258819045,0,0,0.523598776,0,0,0.974654317,0.223113775,0.016302299,0.00187536,0.450246063,0.030946311,0.010935644,0.007901341,-0.00077188,0.001227111,0.147327359,-0.014114408,0.002245264,0.159196466,0.130967662,0.135458186,0.163686991,-0.135458186,-0.163686991,-0.159196466,-0.130967662,0.073352713,0.030946311,0.010935644
14.50068998,0.965925826,0.258819045,0,0,0.523598776,0,0,0.974644721,0.223155722,0.016297057,0.001878731,0.450332155,0.030934118,0.010941207,0.00276491,0.005329401,0.000504404,0.148278075,-0.015874487,0.002389779,0.161762744,0.130013779,0.134793341,0.166542292,-0.134793341,-0.166542292,-0.161762744,-0.130013779,0.073266621,0.030934118,0.010941207
14.55063009,0.965925826,0.258819045,0,0,0.523598776,0,0,0.974622607,0.223252952,0.016294736,0.001892819,0.450531999,0.030922203,0.010970726,0.00597164,0.002346188,0.000558049,0.147585192,-0.01501378,0.002361878,0.160237059,0.130209506,0.134933263,0.164960817,-0.134933263,-0.164960817,-0.160237059,-0.130209506,0.073066777,0.030922203,0.010970726
14.60088015,0.965925826,0.258819045,0,0,0.523598776,0,0,0.974610329,0.223307192,0.016283646,0.001873066,0.45064252,0.030908801,0.010928967,0.001738221,0.001051277,0.001316518,0.148372583,-0.014650277,0.002213891,0.160808921,0.131508395,0.135936171,0.165236712,-0.135936171,-0.165236712,-0.160808921,-0.131508395,0.072956256,0.030908801,0.010928967
14.64987993,0.965925826,0.258819045,0,0,0.523598776,0,0,0.974599957,0.223351225,0.016305603,0.001872552,0.450733397,0.030951341,0.010939186,0.00173077,-0.001379848,0.001136214,0.148473497,-0.014669888,0.002540244,0.160603106,0.131263345,0.136343822,0.165683582,-0.136343822,-0.165683582,-0.160603106,-0.131263345,0.072865379,0.030951341,0.010939186
14.70234013,0.965925826,0.258819045,0,0,0.523598776,0,0,0.974593639,0.223378152,0.016307807,0.001875315,0.450788846,0.030954103,0.010946417,0.001660735,0.001116842,-0.00077188,0.148318131,-0.013940976,0.00226424,0.159994826,0.13211289,0.136641368,0.164523304,-0.136641368,-0.164523304,-0.159994826,-0.13211289,0.07280993,0.030954103,0.010946417
14.75600004,0.965925826,0.258819045,0,0,0.523598776,0,0,0.974586964,0.223407522,0.016306028,0.001881245,0.450849238,0.030947653,0.010958117,0.004462153,0.000350922,0.002547354,0.148310753,-0.014662471,0.002644089,0.159994826,0.13211289,0.136641368,0.164523304,-0.136641368,-0.164523304,-0.159994826,-0.13211289,0.072749538,0.030947653,0.010958117
14.80265999,0.965925826,0.258819045,0,0,0.523598776,0,0,0.97457248,0.223472267,0.016283566,0.00185799,0.450980934,0.030913536,0.01090477,0.003053993,0.001367182,0.00096336,0.147966722,-0.014713324,0.002305076,0.160374925,0.130948305,0.135558456,0.164985076,-0.135558456,-0.164985076,-0.160374925,-0.130948305,0.072617842,0.030913536,0.01090477
14.85074997,0.965925826,0.258819045,0,0,0.523598776,0,0,0.974564433,0.22350727,0.016288923,0.001880225,0.451053501,0.03091364,0.010951636,0.002723187,0.003745407,0.004702061,0.148000002,-0.01541863,0.001542404,0.161876187,0.131038949,0.134123757,0.164960995,-0.134123757,-0.164960995,-0.161876187,-0.131038949,0.072545275,0.03091364,0.010951636
14.90078998,0.965925826,0.258819045,0,0,0.523598776,0,0,0.974559367,0.223528534,0.016294407,0.001898265,0.451097829,0.030916023,0.010989945,0.000298768,-0.000317395,0.001528114,0.14844922,-0.01424685,0.002159135,0.1605369,0.132043213,0.13636148,0.164855167,-0.13636148,-0.164855167,-0.1605369,-0.132043213,0.072500947,0.030916023,0.010989945
14.95175004,0.965925826,0.258819045,0,0,0.523598776,0,0,0.974539042,0.223613903,0.016331179,0.001968766,0.451275997,0.030955197,0.011146605,0.006522983,0.00263676,0.002463907,0.147802335,-0.014682536,0.002254421,0.160230413,0.13086535,0.135374203,0.164739251,-0.135374203,-0.164739251,-0.160230413,-0.13086535,0.072322779,0.030955197,0.011146605
15.00189996,0.965925826,0.258819045,0,0,0.523598776,0,0,0.974527538,0.223664284,0.016323652,0.001958616,0.451378972,0.030944493,0.011125042,1.71E-05,-0.000676513,0.001374632,0.14718734,-0.015153519,0.001919157,0.160421655,0.130114645,0.13395296,0.16425997,-0.13395296,-0.16425997,-0.160421655,-0.130114645,0.072219804,0.030944493,0.011125042
15.05002999,0.965925826,0.258819045,0,0,0.523598776,0,0,0.974517107,0.223711506,0.016309425,0.001930079,0.45147468,0.030928992,0.011064518,0.007588417,-0.00192523,0.002817065,0.148393898,-0.014183833,0.002142456,0.16043523,0.132067591,0.136352494,0.164720148,-0.136352494,-0.164720148,-0.16043523,-0.132067591,0.072124096,0.030928992,0.011064518
15.09981012,0.965925826,0.258819045,0,0,0.523598776,0,0,0.974502861,0.223773107,0.016308097,0.001932717,0.451601227,0.030924526,0.011071024,0.005159527,0.000422448,-0.001086295,0.147321679,-0.014477935,0.002649175,0.159150392,0.130194545,0.135492891,0.164448753,-0.135492891,-0.164448753,-0.159150392,-0.130194545,0.071997549,0.030924526,0.011071024
15.14973998,0.965925826,0.258819045,0,0,0.523598776,0,0,0.974482894,0.223861665,0.016289147,0.001913442,0.451781981,0.030895213,0.01102775,0.005488843,0.001166016,0.001922995,0.147185319,-0.014677653,0.002059771,0.159803167,0.130447865,0.13456741,0.163922697,-0.13456741,-0.163922697,-0.159803167,-0.130447865,0.071816795,0.030895213,0.01102775
15.19977999,0.965925826,0.258819045,0,0,0.523598776,0,0,0.974471807,0.223909512,0.016297201,0.001918588,0.451880529,0.030908064,0.011042915,0.000824779,-0.001531839,-0.000922382,0.14804205,-0.013900163,0.002623881,0.159318283,0.131517977,0.136765748,0.164566055,-0.136765748,-0.164566055,-0.159318283,-0.131517977,0.071718247,0.030908064,0.011042915
15.25072002,0.965925826,0.258819045,0,0,0.523598776,0,0,0.97445029,0.224003583,0.016284507,0.001923596,0.45207351,0.030880012,0.011049967,0.003788621,0.003410131,-0.000858307,0.147603529,-0.014679037,0.002423124,0.159859404,0.130501345,0.13534759,0.164705649,-0.13534759,-0.164705649,-0.159859404,-0.130501345,0.071525266,0.030880012,0.011049967
15.30199003,0.965925826,0.258819045,0,0,0.523598776,0,0,0.974441707,0.224040136,0.016305104,0.001920187,0.452148899,0.03092127,0.011053724,0.001922995,0.00443235,6.03E-05,0.147397955,-0.015321024,0.002604047,0.160114884,0.129472867,0.134680957,0.165322989,-0.134680957,-0.165322989,-0.160114884,-0.129472867,0.071449877,0.03092127,0.011053724
15.35187006,0.965925826,0.258819045,0,0,0.523598776,0,0,0.974443376,0.224032432,0.016311558,0.001884539,0.452132257,0.030949923,0.01098687,-0.001780689,-0.003135204,-0.000204146,0.14772549,-0.015635054,0.002429505,0.160930991,0.129660904,0.13451992,0.165790007,-0.13451992,-0.165790007,-0.160930991,-0.129660904,0.071466519,0.030949923,0.01098687
15.39978004,0.965925826,0.258819045,0,0,0.523598776,0,0,0.974441946,0.224041209,0.016281016,0.001889218,0.452149602,0.03088819,0.010982561,-0.001306832,-0.001241267,0.001747161,0.148342592,-0.013967947,0.002111459,0.160199046,0.132263154,0.136486083,0.164421961,-0.136486083,-0.164421961,-0.160199046,-0.132263154,0.071449174,0.03088819,0.010982561
15.44949007,0.965925826,0.258819045,0,0,0.523598776,0,0,0.974445224,0.224027947,0.016266892,0.00185131,0.452120977,0.030877805,0.010901888,-0.002238155,-0.002481044,0.002888591,0.148530962,-0.013589318,0.001912862,0.160207376,0.133028761,0.136854485,0.1640331,-0.136854485,-0.1640331,-0.160207376,-0.133028761,0.071477799,0.030877805,0.010901888
15.50088,0.965925826,0.258819045,0,0,0.523598776,0,0,0.974445462,0.224025965,0.016279355,0.001850205,0.452117194,0.030902616,0.010905267,-0.001117587,-0.004152954,0.001785904,0.148318414,-0.013114001,0.002135613,0.159296766,0.13306877,0.137340009,0.16356799,-0.137340009,-0.16356799,-0.159296766,-0.13306877,0.071481582,0.030902616,0.010905267
15.54987001,0.965925826,0.258819045,0,0,0.523598776,0,0,0.974449456,0.224011615,0.016236095,0.001870871,0.452087235,0.030809186,0.010925688,0.002389401,0.001142174,-0.001673401,0.148305484,-0.013407576,0.002400423,0.159312591,0.13249746,0.137298301,0.164113447,-0.137298301,-0.164113447,-0.159312591,-0.13249746,0.071511541,0.030809186,0.010925688
15.59976006,0.965925826,0.258819045,0,0,0.523598776,0,0,0.974438965,0.224059075,0.01622198,0.001808828,0.452182517,0.030808957,0.010799881,0.000419468,-0.002636015,-0.002065301,0.147628358,-0.014626658,0.002848166,0.159406811,0.130153507,0.135849848,0.165103137,-0.135849848,-0.165103137,-0.159406811,-0.130153507,0.071416259,0.030808957,0.010799881
15.65183997,0.965925826,0.258819045,0,0,0.523598776,0,0,0.974436879,0.224068373,0.016221663,0.001753303,0.452200042,0.030833136,0.010691774,0.003118068,-0.00089407,0.000613183,0.14799895,-0.0134865,0.002925091,0.158560321,0.131587327,0.137437522,0.164410502,-0.137437522,-0.164410502,-0.158560321,-0.131587327,0.071398734,0.030833136,0.010691774
15.70078015,0.965925826,0.258819045,0,0,0.523598776,0,0,0.974432111,0.224089548,0.016219273,0.001709189,0.452242203,0.030848029,0.010605361,0.000255555,0.001516193,0.000417978,0.148003784,-0.014663933,0.002517461,0.160150215,0.130822361,0.135857284,0.165185139,-0.135857284,-0.165185139,-0.160150215,-0.130822361,0.071356573,0.030848029,0.010605361
15.74973011,0.965925826,0.258819045,0,0,0.523598776,0,0,0.974434137,0.224084154,0.01617185,0.001725473,0.452230409,0.030748346,0.010615646,0.001760572,-0.002147258,0.001246482,0.147719478,-0.013569579,0.002323662,0.158965349,0.131826207,0.136473536,0.163612679,-0.136473536,-0.163612679,-0.158965349,-0.131826207,0.071368367,0.030748346,0.010615646
15.79961014,0.965925826,0.258819045,0,0,0.523598776,0,0,0.974431813,0.224093094,0.016194543,0.001690367,0.452248305,0.030808224,0.010557669,0.003143401,-0.000838935,-0.00038296,0.147447902,-0.013955357,0.002685022,0.158718199,0.130807504,0.13617754,0.164088234,-0.13617754,-0.164088234,-0.158718199,-0.130807504,0.071350471,0.030808224,0.010557669
15.85124016,0.965925826,0.258819045,0,0,0.523598776,0,0,0.974438071,0.224066705,0.016171923,0.001721052,0.452194502,0.030750662,0.01060651,0.002928823,0.001964718,-0.001701713,0.148084937,-0.013403578,0.002336915,0.159151554,0.132344425,0.137018248,0.163825393,-0.137018248,-0.163825393,-0.159151554,-0.132344425,0.071404274,0.030750662,0.01060651
15.90057993,0.965925826,0.258819045,0,0,0.523598776,0,0,0.974443614,0.224044085,0.016157925,0.001682004,0.452146594,0.030741129,0.010523378,-0.000165403,-0.003713369,0.000672787,0.147467045,-0.012963399,0.002146184,0.158284217,0.132357433,0.136649802,0.162576586,-0.136649802,-0.162576586,-0.158284217,-0.132357433,0.071452182,0.030741129,0.010523378
15.94920015,0.965925826,0.258819045,0,0,0.523598776,0,0,0.974449217,0.224022269,0.016125381,0.001685065,0.452101073,0.030676553,0.010514048,0.005476922,0.002910942,-1.64E-05,0.148121035,-0.013092014,0.002472557,0.158740446,0.132556438,0.137501553,0.16368556,-0.137501553,-0.16368556,-0.158740446,-0.132556438,0.071497703,0.030676553,0.010514048
16.00059009,0.965925826,0.258819045,0,0,0.523598776,0,0,0.974454403,0.223999083,0.016135979,0.001658707,0.452052994,0.030709278,0.010466683,-0.00435859,0.000777096,0.002665073,0.148959729,-0.014369556,0.002094451,0.161234796,0.132495701,0.136684597,0.165423691,-0.136684597,-0.165423691,-0.161234796,-0.132495701,0.071545782,0.030709278,0.010466683
16.04980993,0.965925826,0.258819045,0,0,0.523598776,0,0,0.974461436,0.223967701,0.016145756,0.001686714,0.451989592,0.03071612,0.010524689,-0.000986457,0.001052767,-0.000922382,0.148340893,-0.014458537,0.002787857,0.16001153,0.131094471,0.136670187,0.165587246,-0.136670187,-0.165587246,-0.16001153,-0.131094471,0.071609184,0.03071612,0.010524689
16.10023999,0.965925826,0.258819045,0,0,0.523598776,0,0,0.974469185,0.223934516,0.016129544,0.001698152,0.451921452,0.030679753,0.010538673,-0.003667176,0.004742295,0.001274795,0.148880223,-0.015518847,0.002339134,0.162059888,0.131022215,0.135700494,0.166738167,-0.135700494,-0.166738167,-0.162059888,-0.131022215,0.071677324,0.030679753,0.010538673
16.15022993,0.965925826,0.258819045,0,0,0.523598776,0,0,0.974475443,0.223906294,0.016147396,0.001704932,0.451864111,0.030711817,0.01055901,0.000312179,0.000847131,0.000510365,0.148140981,-0.014407637,0.002487199,0.160061374,0.13124612,0.136220515,0.165035784,-0.136220515,-0.165035784,-0.160061374,-0.13124612,0.071734665,0.030711817,0.01055901
16.20049,0.965925826,0.258819045,0,0,0.523598776,0,0,0.974476755,0.223901555,0.016138345,0.001727525,0.45185475,0.030684099,0.010598852,0.000821799,0.001297146,0.002602488,0.147650178,-0.015146307,0.002680535,0.160115913,0.129823312,0.135184377,0.165476978,-0.135184377,-0.165476978,-0.160115913,-0.129823312,0.071744026,0.030684099,0.010598852
16.24838996,0.965925826,0.258819045,0,0,0.523598776,0,0,0.974483669,0.223871782,0.016128542,0.001719019,0.451793197,0.030669127,0.010576932,0.000650436,-0.000989437,0.002732128,0.148046222,-0.014539826,0.002048239,0.160537764,0.131458133,0.135554612,0.164634243,-0.135554612,-0.164634243,-0.160537764,-0.131458133,0.071805579,0.030669127,0.010576932
16.29857993,0.965925826,0.258819045,0,0,0.523598776,0,0,0.974488318,0.223851293,0.016130289,0.001745868,0.451751933,0.030660727,0.010629424,0.003587455,0.004827231,0.001501292,0.148102517,-0.013862053,0.002019203,0.159945324,0.132221237,0.136259645,0.163983732,-0.136259645,-0.163983732,-0.159945324,-0.132221237,0.071846843,0.030660727,0.010629424
16.34802008,0.965925826,0.258819045,0,0,0.523598776,0,0,0.974492371,0.223834455,0.016117983,0.001736964,0.451716827,0.03064091,0.010606013,-6.71E-05,0.004077702,0.002991408,0.14827053,-0.015329832,0.00196036,0.161639959,0.130980313,0.134901032,0.165560678,-0.134901032,-0.165560678,-0.161639959,-0.130980313,0.071881949,0.03064091,0.010606013
16.39841008,0.965925826,0.258819045,0,0,0.523598776,0,0,0.97449863,0.223806784,0.016121268,0.00174771,0.45166042,0.030642804,0.01062757,0.001566857,-0.001493096,0.00198707,0.147980439,-0.013721979,0.002148852,0.159553528,0.132109582,0.136407286,0.163851231,-0.136407286,-0.163851231,-0.159553528,-0.132109582,0.071938356,0.030642804,0.01062757
16.44823003,0.965925826,0.258819045,0,0,0.523598776,0,0,0.974503517,0.223784521,0.016136462,0.001774064,0.451615808,0.030660861,0.010685068,-0.005884469,0.003380328,0.00083223,0.149427048,-0.015149123,0.002365643,0.162210479,0.131912261,0.136643544,0.166941777,-0.136643544,-0.166941777,-0.162210479,-0.131912261,0.071982968,0.030660861,0.010685068
16.49863005,0.965925826,0.258819045,0,0,0.523598776,0,0,0.97452271,0.223700255,0.016142415,0.001788354,0.451443398,0.030666993,0.010712949,-0.000354648,0.001024455,0.001467019,0.148201834,-0.014117899,0.002320999,0.1599987,0.131762907,0.136404902,0.164640695,-0.136404902,-0.164640695,-0.1599987,-0.131762907,0.072155378,0.030666993,0.010712949
16.55121994,0.965925826,0.258819045,0,0,0.523598776,0,0,0.974530935,0.223664284,0.01614227,0.001785061,0.45136948,0.03066858,0.010705331,0.00224486,-0.002060831,-0.000932813,0.148435193,-0.014477504,0.002226469,0.16068618,0.131731197,0.136184141,0.165139124,-0.136184141,-0.165139124,-0.16068618,-0.131731197,0.072229296,0.03066858,0.010705331
16.59867001,0.965925826,0.258819045,0,0,0.523598776,0,0,0.974545181,0.22360386,0.016123308,0.001800354,0.451245371,0.030625433,0.010724754,-0.005626678,0.005372614,0.000540167,0.147967369,-0.013579603,0.002705917,0.158841014,0.13168183,0.137093663,0.164252847,-0.137093663,-0.164252847,-0.158841014,-0.13168183,0.072353405,0.030625433,0.010724754
16.65002012,0.965925826,0.258819045,0,0,0.523598776,0,0,0.974561334,0.223532736,0.016127372,0.001795955,0.451099403,0.030636109,0.010715761,-0.004202128,-0.001171231,0.00557378,0.149305716,-0.013838222,0.001399494,0.158841014,0.13168183,0.137093663,0.164252847,-0.137093663,-0.164252847,-0.158841014,-0.13168183,0.072499373,0.030636109,0.010715761
16.7000401,0.965925826,0.258819045,0,0,0.523598776,0,0,0.974569321,0.223496348,0.016149553,0.001790739,0.451025112,0.030682083,0.010714379,-0.002121925,0.001014024,-0.000967085,0.148939838,-0.014475921,0.002715526,0.161744401,0.134067968,0.136866957,0.16454339,-0.136866957,-0.16454339,-0.161744401,-0.134067968,0.072573664,0.030682083,0.010714379
16.74998999,0.965925826,0.258819045,0,0,0.523598776,0,0,0.974586368,0.223422855,0.016132336,0.001839443,0.450875214,0.030627551,0.010799331,-0.002139807,0.00121817,0.002988428,0.149000821,-0.014540082,0.001881345,0.161659524,0.132579371,0.136342064,0.165422201,-0.136342064,-0.165422201,-0.161659524,-0.132579371,0.072723562,0.030627551,0.010799331
16.80026007,0.965925826,0.258819045,0,0,0.523598776,0,0,0.974610865,0.223313704,0.016158331,0.001902255,0.450653586,0.030651368,0.010930022,0.001839548,0.005545468,0.002067536,0.149722934,-0.013519228,0.002190326,0.161051795,0.134013355,0.138394013,0.165432453,-0.138394013,-0.165432453,-0.161051795,-0.134013355,0.07294519,0.030651368,0.010930022
16.84923005,0.965925826,0.258819045,0,0,0.523598776,0,0,0.974624574,0.223254144,0.016155375,0.001913655,0.450531571,0.030641179,0.010949055,-0.003038347,-0.001035631,-0.00115484,0.148327199,-0.015828645,0.00202039,0.162135407,0.130478144,0.134518921,0.166176185,-0.134518921,-0.166176185,-0.162135407,-0.130478144,0.073067205,0.030641179,0.010949055
16.89752007,0.965925826,0.258819045,0,0,0.523598776,0,0,0.974636972,0.223200455,0.016154367,0.001922978,0.450421568,0.03063565,0.010965095,-0.002650916,0.000650436,0.003295392,0.149311886,-0.013918901,0.002650856,0.16057989,0.132742107,0.138043821,0.165881604,-0.138043821,-0.165881604,-0.16057989,-0.132742107,0.073177208,0.03063565,0.010965095
16.94997001,0.965925826,0.258819045,0,0,0.523598776,0,0,0.974644661,0.223168224,0.016130775,0.001897002,0.450354152,0.03060162,0.010902879,0.001927465,-0.001844764,0.00186339,0.148428004,-0.013665023,0.002056506,0.160036474,0.132706448,0.136819467,0.164149493,-0.136819467,-0.164149493,-0.160036474,-0.132706448,0.073244624,0.03060162,0.010902879
16.99956012,0.965925826,0.258819045,0,0,0.523598776,0,0,0.974645913,0.223161757,0.016139777,0.00187874,0.450340638,0.030627403,0.010871088,0.000759214,0.005497783,0.000790506,0.148657433,-0.015789982,0.002293592,0.160036474,0.132706448,0.136819467,0.164149493,-0.136819467,-0.164149493,-0.160036474,-0.132706448,0.073258138,0.030627403,0.010871088
17.0497601,0.965925826,0.258819045,0,0,0.523598776,0,0,0.974649489,0.22314848,0.016115742,0.001854214,0.450312057,0.030591639,0.010812094,-0.000169873,-0.000751019,0.000774115,0.148846188,-0.013955256,0.002308665,0.160492733,0.132582247,0.137199566,0.165110067,-0.137199566,-0.165110067,-0.160492733,-0.132582247,0.073286719,0.030591639,0.010812094
17.09951997,0.965925826,0.258819045,0,0,0.523598776,0,0,0.974655151,0.223123699,0.016107805,0.001901496,0.450262358,0.030555329,0.010899977,-0.000551343,0.004986674,-0.000752509,0.149057916,-0.0150792,0.002318081,0.161818996,0.13166061,0.136296779,0.16645515,-0.136296779,-0.16645515,-0.161818996,-0.13166061,0.073336418,0.030555329,0.010899977
17.14941001,0.965925826,0.258819045,0,0,0.523598776,0,0,0.974669576,0.22306402,0.016064947,0.001896918,0.450138658,0.030474479,0.01087002,-0.001265109,-0.008952619,0.003846735,0.148940274,-0.015617885,0.002574254,0.161983863,0.130748108,0.135896623,0.167132378,-0.135896623,-0.167132378,-0.161983863,-0.130748108,0.073460118,0.030474479,0.01087002
17.19957995,0.965925826,0.258819045,0,0,0.523598776,0,0,0.974680841,0.223013654,0.016081356,0.001902646,0.450035847,0.030504475,0.010886947,-0.004671514,0.001818687,0.001487881,0.149122965,-0.011556018,0.001642552,0.161983863,0.130748108,0.135896623,0.167132378,-0.135896623,-0.167132378,-0.161983863,-0.130748108,0.073562929,0.030504475,0.010886947
17.24923992,0.965925826,0.258819045,0,0,0.523598776,0,0,0.974688709,0.222979411,0.016081434,0.001947228,0.449966771,0.030485113,0.010972856,-0.002229214,0.0021182,0.002270192,0.149377092,-0.014782631,0.001926125,0.162233561,0.132668316,0.136520565,0.166085809,-0.136520565,-0.166085809,-0.162233561,-0.132668316,0.073632005,0.030485113,0.010972856
17.30324006,0.965925826,0.258819045,0,0,0.523598776,0,0,0.974705875,0.222903386,0.016086504,0.001948996,0.449810978,0.030495069,0.010976191,-0.002476574,0.00019595,0.000400096,0.149486818,-0.014227603,0.002298972,0.161415413,0.132960215,0.137558162,0.166013345,-0.137558162,-0.166013345,-0.161415413,-0.132960215,0.073787798,0.030495069,0.010976191
17.35095,0.965925826,0.258819045,0,0,0.523598776,0,0,0.974717259,0.222853944,0.016080869,0.001936553,0.449709034,0.03049019,0.010947861,-0.007146597,0.005272776,-0.002233684,0.150422878,-0.015682925,0.00283905,0.163266718,0.131900877,0.137578979,0.168944806,-0.137578979,-0.168944806,-0.163266718,-0.131900877,0.073889742,0.03049019,0.010947861
17.39987993,0.965925826,0.258819045,0,0,0.523598776,0,0,0.974726796,0.222813427,0.016066823,0.001962388,0.44962622,0.030451735,0.010990707,0.000870973,-0.002150238,0.002262741,0.148917108,-0.013538968,0.001909868,0.160546169,0.13346824,0.137287989,0.164365903,-0.137287989,-0.164365903,-0.160546169,-0.13346824,0.073972556,0.030451735,0.010990707
17.44998002,0.965925826,0.258819045,0,0,0.523598776,0,0,0.974741876,0.222748682,0.016053133,0.001953492,0.449492738,0.030429735,0.010965224,-3.87E-05,0.002934784,0.000870973,0.148855812,-0.014282838,0.001709716,0.161428899,0.132863238,0.136282668,0.164848328,-0.136282668,-0.164848328,-0.161428899,-0.132863238,0.074106038,0.030429735,0.010965224
17.50100994,0.965925826,0.258819045,0,0,0.523598776,0,0,0.974746108,0.222729966,0.016049078,0.001964664,0.449454582,0.030417062,0.01098462,-0.001105666,-0.000450015,-0.001910329,0.149144375,-0.014993178,0.002196241,0.161941275,0.131954938,0.136347413,0.16633375,-0.136347413,-0.16633375,-0.161941275,-0.131954938,0.074144194,0.030417062,0.01098462
17.55094004,0.965925826,0.258819045,0,0,0.523598776,0,0,0.974752724,0.222701102,0.016045887,0.001969838,0.449395423,0.03040886,0.010992386,0.002267212,0.002441555,0.001425296,0.148740663,-0.014849614,0.002069461,0.161520779,0.131821558,0.13596049,0.165659696,-0.13596049,-0.165659696,-0.161520779,-0.131821558,0.074203353,0.03040886,0.010992386
17.60087013,0.965925826,0.258819045,0,0,0.523598776,0,0,0.974761844,0.222660899,0.016050033,0.001963089,0.449312835,0.030420406,0.010979819,0.00493154,0.003782659,-0.002673269,0.148264657,-0.015231716,0.002894554,0.16060178,0.130138367,0.135927469,0.166390881,-0.135927469,-0.166390881,-0.16060178,-0.130138367,0.074285941,0.030420406,0.010979819
17.64979005,0.965925826,0.258819045,0,0,0.523598776,0,0,0.974782348,0.222572252,0.016045624,0.001927461,0.449129753,0.030428673,0.010905593,-0.001557171,-0.002637505,-0.002868473,0.14957962,-0.013360335,0.002962479,0.159977436,0.133256778,0.139181733,0.165902391,-0.139181733,-0.165902391,-0.159977436,-0.133256778,0.074469023,0.030428673,0.010905593
17.69896007,0.965925826,0.258819045,0,0,0.523598776,0,0,0.974804461,0.222476259,0.016029613,0.001881753,0.448931149,0.03041888,0.010806309,-0.005151331,0.001014024,-0.001558661,0.150344791,-0.014392957,0.002741739,0.161995962,0.133210063,0.138693541,0.167479441,-0.138693541,-0.167479441,-0.161995962,-0.133210063,0.074667627,0.03041888,0.010806309
17.7499001,0.965925826,0.258819045,0,0,0.523598776,0,0,0.974828482,0.222373679,0.016001385,0.001817293,0.44871813,0.030393655,0.0106648,-8.34E-05,0.002790243,0.002909452,0.149177262,-0.013987406,0.002333051,0.160831571,0.132856786,0.137522876,0.165497676,-0.137522876,-0.165497676,-0.160831571,-0.132856786,0.074880646,0.030393655,0.0106648
17.80063009,0.965925826,0.258819045,0,0,0.523598776,0,0,0.974839687,0.222326383,0.015985142,0.001782015,0.448619649,0.030378193,0.010587277,0.001563877,0.001547486,0.000407547,0.149453797,-0.014874062,0.001900586,0.162427232,0.13267912,0.136480302,0.166228399,-0.136480302,-0.166228399,-0.162427232,-0.13267912,0.074979127,0.030378193,0.010587277
17.84963012,0.965925826,0.258819045,0,0,0.523598776,0,0,0.974851847,0.222271845,0.016002668,0.001773073,0.448507914,0.030416939,0.01057594,-0.004531443,0.000878424,0.001528114,0.150388842,-0.014307294,0.002216439,0.162479654,0.133865088,0.13829796,0.166912541,-0.13829796,-0.166912541,-0.162479654,-0.133865088,0.075090862,0.030416939,0.01057594
17.90353012,0.965925826,0.258819045,0,0,0.523598776,0,0,0.974865019,0.22221595,0.015972555,0.001759526,0.448392144,0.030364848,0.010534365,-0.000926852,0.002031773,0.000462681,0.149743672,-0.014609763,0.002433647,0.161919743,0.132700235,0.137567535,0.166787043,-0.137567535,-0.166787043,-0.161919743,-0.132700235,0.075206632,0.030364848,0.010534365
17.94953012,0.965925826,0.258819045,0,0,0.523598776,0,0,0.97486943,0.222197115,0.015973063,0.001746773,0.448353104,0.030371711,0.010509126,0.005237012,-0.002536177,-0.001080334,0.1485786,-0.013282761,0.002748104,0.159113213,0.132547706,0.138043925,0.164609432,-0.138043925,-0.164609432,-0.159113213,-0.132547706,0.075245672,0.030371711,0.010509126
17.99980998,0.965925826,0.258819045,0,0,0.523598776,0,0,0.974878013,0.222158641,0.015986795,0.001740066,0.448274288,0.030401884,0.010500957,-0.006450713,-0.000725687,-0.004519523,0.150850953,-0.013809189,0.003448538,0.161211565,0.133593202,0.140490279,0.168108642,-0.140490279,-0.168108642,-0.161211565,-0.133593202,0.075324488,0.030401884,0.010500957
18.05031013,0.965925826,0.258819045,0,0,0.523598776,0,0,0.974892437,0.222096011,0.015970897,0.001715485,0.448144766,0.030382485,0.010443982,0.005496294,-0.003902614,0.001553446,0.149106885,-0.014591272,0.001803703,0.161894411,0.132711887,0.136319295,0.165501818,-0.136319295,-0.165501818,-0.161894411,-0.132711887,0.07545401,0.030382485,0.010443982
18.10162997,0.965925826,0.258819045,0,0,0.523598776,0,0,0.974897027,0.22207655,0.015966767,0.00170972,0.448104536,0.030377201,0.010430291,-0.001145899,0.002408772,0.000984221,0.14860895,-0.012882,0.002249993,0.159240916,0.133476928,0.137976915,0.163740903,-0.137976915,-0.163740903,-0.159240916,-0.133476928,0.07549424,0.030377201,0.010430291
18.15078998,0.965925826,0.258819045,0,0,0.523598776,0,0,0.974920332,0.221976191,0.015939189,0.001702764,0.447897754,0.030327581,0.010401329,-0.005449355,0.000592321,-0.001312792,0.14989761,-0.014701241,0.002373869,0.162224934,0.132822484,0.137570217,0.166972682,-0.137570217,-0.166972682,-0.162224934,-0.132822484,0.075701022,0.030327581,0.010401329
18.20078015,0.965925826,0.258819045,0,0,0.523598776,0,0,0.974926949,0.221945301,0.0159632,0.001717286,0.447835359,0.030368288,0.010439374,-0.00141263,0.003848225,0.001593679,0.150054317,-0.015117267,0.002248002,0.162923545,0.132689029,0.137185022,0.167419538,-0.137185022,-0.167419538,-0.162923545,-0.132689029,0.075763417,0.030368288,0.010439374
18.24976993,0.965925826,0.258819045,0,0,0.523598776,0,0,0.9749282,0.221941635,0.015936714,0.001711485,0.447827046,0.030319249,0.010416165,-0.004626811,-0.002424419,0.000301749,0.150673905,-0.013276121,0.002500792,0.161449194,0.134896964,0.139898553,0.166450784,-0.139898553,-0.166450784,-0.161449194,-0.134896964,0.07577173,0.030319249,0.010416165
18.29972005,0.965925826,0.258819045,0,0,0.523598776,0,0,0.974943817,0.221875519,0.01590875,0.001673575,0.44768963,0.030282249,0.010327725,-0.003555418,-0.001825392,-0.001397729,0.150522641,-0.013412243,0.002866638,0.161068201,0.134243742,0.139977008,0.166801482,-0.139977008,-0.166801482,-0.161068201,-0.134243742,0.075909146,0.030282249,0.010327725
18.35072994,0.965925826,0.258819045,0,0,0.523598776,0,0,0.974967003,0.221774831,0.01590026,0.001610236,0.447481049,0.030294867,0.010197263,-0.002160668,0.002264232,-0.000602007,0.149220704,-0.013910023,0.002390221,0.160740465,0.132920429,0.137700871,0.165520906,-0.137700871,-0.165520906,-0.160740465,-0.132920429,0.076117727,0.030294867,0.010197263
18.39793015,0.965925826,0.258819045,0,0,0.523598776,0,0,0.974964797,0.221785873,0.015879532,0.001561743,0.4475019,0.030275852,0.010093799,0.000857562,0.001042336,-0.000306964,0.15033579,-0.014572536,0.002764598,0.162143692,0.13299863,0.138527825,0.167672887,-0.138527825,-0.167672887,-0.162143692,-0.13299863,0.076096876,0.030275852,0.010093799
18.44882011,0.965925826,0.258819045,0,0,0.523598776,0,0,0.974978268,0.221728891,0.015859306,0.001515735,0.44738317,0.030257405,0.00999329,-0.00179559,-0.002609193,-0.004023314,0.149748115,-0.014189445,0.002740627,0.161196887,0.132818013,0.138299271,0.166678146,-0.138299271,-0.166678146,-0.161196887,-0.132818013,0.076215606,0.030257405,0.00999329
18.49896002,0.965925826,0.258819045,0,0,0.523598776,0,0,0.974986613,0.221694186,0.015835531,0.001494588,0.447310796,0.030220772,0.009940397,-0.002928078,0.004353373,0.001306087,0.15054626,-0.01509465,0.002470697,0.161196887,0.132818013,0.138299271,0.166678146,-0.138299271,-0.166678146,-0.161196887,-0.132818013,0.07628798,0.030220772,0.009940397
18.54962015,0.965925826,0.258819045,0,0,0.523598776,0,0,0.974990726,0.221675426,0.015840316,0.00149787,0.447272541,0.030228842,0.009948346,0.000505894,0.000479072,0.000371784,0.149903964,-0.013977197,0.002652103,0.161229014,0.133274645,0.138578847,0.166533217,-0.138578847,-0.166533217,-0.161229014,-0.133274645,0.076326235,0.030228842,0.009948346
18.60027003,0.965925826,0.258819045,0,0,0.523598776,0,0,0.974991739,0.221672267,0.01582326,0.001473568,0.447264986,0.030206389,0.009893264,0.001754612,0.002079457,-0.000113249,0.149667305,-0.014418377,0.002766335,0.161319301,0.132482573,0.13801524,0.166851982,-0.13801524,-0.166851982,-0.161319301,-0.132482573,0.07633379,0.030206389,0.009893264
18.64985013,0.965925826,0.258819045,0,0,0.523598776,0,0,0.974996388,0.221650779,0.015839789,0.001484934,0.447221585,0.030233803,0.00992211,0.000306219,-0.002424419,-0.000721216,0.14995141,-0.013110611,0.002873965,0.161319301,0.132482573,0.13801524,0.166851982,-0.13801524,-0.166851982,-0.161319301,-0.132482573,0.076377191,0.030233803,0.00992211
18.70143008,0.965925826,0.258819045,0,0,0.523598776,0,0,0.974990129,0.221678734,0.015832292,0.001470505,0.44727838,0.030225298,0.0098915,0.004597753,-0.005874038,0.000645965,0.149759397,-0.014882708,0.002482312,0.162159756,0.132394359,0.137358978,0.167124376,-0.137358978,-0.167124376,-0.162159756,-0.132394359,0.076320396,0.030225298,0.0098915
18.75085998,0.965925826,0.258819045,0,0,0.523598776,0,0,0.974987864,0.221689597,0.01582106,0.001468772,0.447300346,0.03020405,0.009883466,-7.15E-05,-0.002442301,0.000665337,0.149117125,-0.012126149,0.002613586,0.158629641,0.13437736,0.139604539,0.163856819,-0.139604539,-0.163856819,-0.158629641,-0.13437736,0.07629843,0.03020405,0.009883466
18.80084014,0.965925826,0.258819045,0,0,0.523598776,0,0,0.974988639,0.221685737,0.015826078,0.001499176,0.447293385,0.030200388,0.009944887,0.003433973,0.003676862,0.004709513,0.149332317,-0.01489889,0.001783337,0.162447825,0.132650062,0.136216745,0.166014507,-0.136216745,-0.166014507,-0.162447825,-0.132650062,0.076305391,0.030200388,0.009944887
18.85063004,0.965925826,0.258819045,0,0,0.523598776,0,0,0.974982142,0.22171551,0.015812939,0.00147775,0.447353549,0.030183964,0.009898175,0.004705042,0.001504272,0.001031906,0.14906657,-0.014246813,0.002529765,0.160783574,0.132289961,0.137349501,0.165843099,-0.137349501,-0.165843099,-0.160783574,-0.132289961,0.076245227,0.030183964,0.009898175
18.90101004,0.965925826,0.258819045,0,0,0.523598776,0,0,0.974986196,0.221697211,0.015820289,0.00146233,0.447315753,0.030205326,0.009870791,-0.000748038,0.001112372,0.002590567,0.150125351,-0.01413823,0.002235712,0.162027821,0.133751377,0.138222814,0.166499257,-0.138222814,-0.166499257,-0.162027821,-0.133751377,0.076283023,0.030205326,0.009870791
18.94976997,0.965925826,0.258819045,0,0,0.523598776,0,0,0.974987388,0.221692622,0.015811102,0.001426955,0.447305156,0.030203151,0.00979756,0.001264364,0.004599243,0.000640005,0.149744116,-0.015126137,0.002654909,0.162215307,0.131963044,0.137272865,0.167525113,-0.137272865,-0.167525113,-0.162215307,-0.131963044,0.07629362,0.030203151,0.00979756
18.99969006,0.965925826,0.258819045,0,0,0.523598776,0,0,0.974986434,0.22169587,0.015830887,0.001396921,0.447311417,0.030255028,0.009747856,-0.001746416,0.001233071,0.003086776,0.15049199,-0.013213029,0.002706736,0.16099824,0.134572193,0.139985666,0.166411713,-0.139985666,-0.166411713,-0.16099824,-0.134572193,0.076287359,0.030255028,0.009747856
19.04909992,0.965925826,0.258819045,0,0,0.523598776,0,0,0.974987924,0.221687898,0.015843658,0.001388048,0.447295168,0.030283954,0.009735973,-0.002327561,0.002401322,0.001106411,0.150317121,-0.014165773,0.00219649,0.162286356,0.133954838,0.138347819,0.166679338,-0.138347819,-0.166679338,-0.162286356,-0.133954838,0.076303608,0.030283954,0.009735973
19.09946012,0.965925826,0.258819045,0,0,0.523598776,0,0,0.974990308,0.2216786,0.015831655,0.001397218,0.447276027,0.030256567,0.009748242,-0.000998378,0.004514307,-4.92E-05,0.150189181,-0.015109689,0.00282417,0.162286356,0.133954838,0.138347819,0.166679338,-0.138347819,-0.166679338,-0.162286356,-0.133954838,0.076322749,0.030256567,0.009748242
19.14936996,0.965925826,0.258819045,0,0,0.523598776,0,0,0.974985003,0.221703157,0.015816189,0.001420059,0.447326661,0.030216023,0.009786691,0.003048033,-0.004565716,0.00481382,0.149391998,-0.012485525,0.001822861,0.160054624,0.135083586,0.138729304,0.163700342,-0.138729304,-0.163700342,-0.160054624,-0.135083586,0.076272115,0.030216023,0.009786691
19.20222998,0.965925826,0.258819045,0,0,0.523598776,0,0,0.974990904,0.221676067,0.015824165,0.001419921,0.447271319,0.030231915,0.009789128,-0.002014637,-0.00358969,0.002264231,0.150385138,-0.01276942,0.002336042,0.160818473,0.135279655,0.139951736,0.165490568,-0.139951736,-0.165490568,-0.160818473,-0.135279655,0.076327457,0.030231915,0.009789128
19.24949002,0.965925826,0.258819045,0,0,0.523598776,0,0,0.974988937,0.22168538,0.015823137,0.001401881,0.447289851,0.030237816,0.009753765,0.001826137,0.004089624,-0.000110269,0.149642587,-0.014980898,0.002828939,0.161794499,0.131832719,0.1374906,0.16745238,-0.1374906,-0.16745238,-0.161794499,-0.131832719,0.076308925,0.030237816,0.009753765
19.30094004,0.965925826,0.258819045,0,0,0.523598776,0,0,0.974987805,0.221691728,0.015801415,0.001395301,0.447302205,0.030198308,0.009731478,0.003702193,0.005044788,-0.000466406,0.149361737,-0.012787482,0.002043898,0.160105273,0.134530336,0.138618127,0.164193079,-0.138618127,-0.164193079,-0.160105273,-0.134530336,0.076296571,0.030198308,0.009731478
19.34996009,0.965925826,0.258819045,0,0,0.523598776,0,0,0.974985301,0.221703023,0.015796371,0.00139219,0.447325185,0.030189738,0.009723519,-0.000409782,-0.002129376,0.001152605,0.149278084,-0.015236473,0.002900155,0.161614358,0.131141424,0.136941746,0.167414665,-0.136941746,-0.167414665,-0.161614358,-0.131141424,0.076273591,0.030189738,0.009723519
19.40057993,0.965925826,0.258819045,0,0,0.523598776,0,0,0.97499162,0.221676573,0.015780281,0.001384162,0.447270303,0.030162182,0.009699894,-0.004178286,0.006841868,-0.001980365,0.150800971,-0.015732051,0.003210136,0.163322836,0.131858766,0.138279036,0.169743121,-0.138279036,-0.169743121,-0.163322836,-0.131858766,0.076328473,0.030162182,0.009699894
19.44990015,0.965925826,0.258819045,0,0,0.523598776,0,0,0.975001037,0.221634939,0.015781378,0.001406345,0.447185526,0.030154897,0.009742367,0.00391528,-0.005139411,0.002651662,0.149281889,-0.012282091,0.002257575,0.159306362,0.1347422,0.139257342,0.163821518,-0.139257342,-0.163821518,-0.159306362,-0.1347422,0.07641325,0.030154897,0.009742367
19.49994016,0.965925826,0.258819045,0,0,0.523598776,0,0,0.975008011,0.221604496,0.015776938,0.001397357,0.447122726,0.030150527,0.009721921,-0.003837049,-0.003503263,0.003343076,0.150791437,-0.012750054,0.002130112,0.161411345,0.135911241,0.140171468,0.165671557,-0.140171468,-0.165671557,-0.161411345,-0.135911241,0.07647605,0.030150527,0.009721921
19.54991007,0.965925826,0.258819045,0,0,0.523598776,0,0,0.97500962,0.221596986,0.015779108,0.001388422,0.447107152,0.030158798,0.009705222,0.001525134,-0.002223253,0.002271682,0.149770452,-0.013118008,0.002351554,0.16053687,0.134300858,0.139003977,0.165239975,-0.139003977,-0.165239975,-0.16053687,-0.134300858,0.076491624,0.030158798,0.009705222
19.60112,0.965925826,0.258819045,0,0,0.523598776,0,0,0.975016832,0.221564054,0.01580181,0.001404827,0.447040523,0.030196128,0.009746281,0.003515929,0.001359731,0.001373142,0.150145452,-0.013326564,0.002227528,0.161244452,0.134591341,0.139046386,0.165699497,-0.139046386,-0.165699497,-0.161244452,-0.134591341,0.076558253,0.030196128,0.009746281
19.65183997,0.965925826,0.258819045,0,0,0.523598776,0,0,0.975024223,0.221532822,0.015788637,0.001421468,0.446976553,0.030163368,0.009771931,-0.001309812,-0.003154576,0.001835078,0.14941602,-0.014176322,0.0025247,0.161067605,0.132714972,0.137764379,0.166116998,-0.137764379,-0.166116998,-0.161067605,-0.132714972,0.076622223,0.030163368,0.009771931
19.70150995,0.965925826,0.258819045,0,0,0.523598776,0,0,0.975024641,0.221528694,0.015811799,0.001413438,0.446968473,0.030212149,0.009766419,0.006193668,0.00148043,0.002066046,0.148931114,-0.01422332,0.002381451,0.160772949,0.13232632,0.137089223,0.165535837,-0.137089223,-0.165535837,-0.160772949,-0.13232632,0.076630303,0.030212149,0.009766419
19.74993014,0.965925826,0.258819045,0,0,0.523598776,0,0,0.97502315,0.221534207,0.015822878,0.001435232,0.446980665,0.030224041,0.009814027,0.000370294,0.001821667,0.001842529,0.150042713,-0.014336487,0.002411788,0.160772949,0.13232632,0.137089223,0.165535837,-0.137089223,-0.165535837,-0.160772949,-0.13232632,0.076618111,0.030224041,0.009814027
19.79905009,0.965925826,0.258819045,0,0,0.523598776,0,0,0.97503078,0.221502319,0.015804283,0.001433079,0.446914709,0.030189046,0.009800584,0.000343472,-0.002770126,-0.00115931,0.150075265,-0.012986023,0.003005023,0.160056219,0.134084195,0.140094236,0.166066274,-0.140094236,-0.166066274,-0.160056219,-0.134084195,0.076684067,0.030189046,0.009800584
19.85087013,0.965925826,0.258819045,0,0,0.523598776,0,0,0.975030839,0.221503228,0.015789859,0.001409912,0.44691559,0.030171172,0.009749015,0.000213832,0.001921505,0.002410263,0.150097301,-0.014331591,0.002312699,0.162116155,0.133452982,0.138078392,0.16674155,-0.138078392,-0.16674155,-0.162116155,-0.133452982,0.076683186,0.030171172,0.009749015
19.90003014,0.965925826,0.258819045,0,0,0.523598776,0,0,0.975041032,0.221457168,0.015800605,0.001430982,0.446821962,0.030183256,0.009793463,-0.001165271,0.003898889,0.000488013,0.149901894,-0.014138493,0.003081407,0.160958946,0.132681966,0.138844788,0.167121753,-0.138844788,-0.167121753,-0.160958946,-0.132681966,0.076776814,0.030183256,0.009793463
19.95080996,0.965925826,0.258819045,0,0,0.523598776,0,0,0.975044131,0.22144632,0.015771668,0.001394,0.446797947,0.030143311,0.00970814,0.003025681,-0.002783537,0.00018701,0.150399696,-0.014914365,0.002683052,0.16263096,0.132802248,0.138168365,0.167997077,-0.138168365,-0.167997077,-0.16263096,-0.132802248,0.076800829,0.030143311,0.00970814
20.00096011,0.965925826,0.258819045,0,0,0.523598776,0,0,0.97503984,0.221464485,0.015773786,0.001392839,0.44683529,0.030147779,0.009707378,-0.004066526,-0.000450015,0.000890344,0.14960563,-0.012946618,0.002762169,0.159790039,0.133896813,0.13942115,0.165314376,-0.13942115,-0.165314376,-0.159790039,-0.133896813,0.076763486,0.030147779,0.009707378
20.05092001,0.965925826,0.258819045,0,0,0.523598776,0,0,0.975044668,0.221443638,0.015768679,0.001397484,0.446792523,0.030135966,0.00971353,-0.003305078,-0.000393391,0.001708418,0.150819966,-0.013638961,0.002458429,0.159790039,0.133896813,0.13942115,0.165314376,-0.13942115,-0.165314376,-0.159790039,-0.133896813,0.076806253,0.030135966,0.00971353
20.09993005,0.965925826,0.258819045,0,0,0.523598776,0,0,0.975043654,0.221450329,0.015738681,0.001400411,0.446805621,0.030076092,0.009706137,0.001428276,0.003314763,0.000692159,0.149908041,-0.014685234,0.002652035,0.162000462,0.134722546,0.139639407,0.166917309,-0.139639407,-0.166917309,-0.162000462,-0.134722546,0.076793155,0.030076092,0.009706137
20.15112996,0.965925826,0.258819045,0,0,0.523598776,0,0,0.975039184,0.221471101,0.01572305,0.001403223,0.446847952,0.030044151,0.009705329,0.002283603,0.002939254,0.002863258,0.149726339,-0.014568341,0.002211769,0.162082866,0.132946208,0.137369737,0.16650641,-0.137369737,-0.16650641,-0.162082866,-0.132946208,0.076750824,0.030044151,0.009705329
20.20084,0.965925826,0.258819045,0,0,0.523598776,0,0,0.975042701,0.221455142,0.01572275,0.00144816,0.446816472,0.030023812,0.009792373,0.000970811,-0.001655519,0.00199452,0.149586512,-0.013437876,0.00199391,0.162082866,0.132946208,0.137369737,0.16650641,-0.137369737,-0.16650641,-0.162082866,-0.132946208,0.076782304,0.030023812,0.009792373
20.25176001,0.965925826,0.258819045,0,0,0.523598776,0,0,0.975042999,0.221454114,0.015721079,0.001446223,0.446814255,0.030021421,0.009787821,0.007168204,-0.00244379,0.002285093,0.149991557,-0.013249058,0.002343528,0.160897046,0.134398952,0.139086008,0.165584102,-0.139086008,-0.165584102,-0.160897046,-0.134398952,0.076784521,0.030021421,0.009787821
20.3009901,0.965925826,0.258819045,0,0,0.523598776,0,0,0.975040257,0.221465528,0.015733963,0.001430566,0.446837522,0.030053374,0.009763342,0.004466623,0.002493709,0.000398606,0.148804765,-0.013019962,0.002284545,0.160897046,0.134398952,0.139086008,0.165584102,-0.139086008,-0.165584102,-0.160897046,-0.134398952,0.076761254,0.030053374,0.009763342
20.35187006,0.965925826,0.258819045,0,0,0.523598776,0,0,0.975042582,0.221456707,0.015715884,0.001412932,0.446818511,0.030026014,0.009720647,0.002019853,-0.002549589,0.000921637,0.149789702,-0.01297331,0.00258535,0.160177618,0.134231016,0.139401719,0.165348321,-0.139401719,-0.165348321,-0.160177618,-0.134231016,0.076780265,0.030026014,0.009720647
20.39989996,0.965925826,0.258819045,0,0,0.523598776,0,0,0.975045145,0.22144556,0.015714614,0.001387433,0.446794917,0.030034948,0.009669994,0.001547486,0.000136346,0.000271946,0.149889298,-0.013741143,0.002738839,0.160891563,0.133409292,0.138886973,0.166369244,-0.138886973,-0.166369244,-0.160891563,-0.133409292,0.076803859,0.030034948,0.009669994
20.44979,0.965925826,0.258819045,0,0,0.523598776,0,0,0.975041091,0.221462548,0.015723104,0.001419682,0.446830867,0.030037047,0.0097372,0.002058595,0.005019456,0.00108853,0.149777268,-0.015171046,0.002553112,0.162395164,0.132053092,0.137159318,0.16750139,-0.137159318,-0.16750139,-0.162395164,-0.132053092,0.076767909,0.030037047,0.0097372
20.50077009,0.965925826,0.258819045,0,0,0.523598776,0,0,0.975047886,0.221433491,0.015718374,0.001399921,0.446770554,0.030036867,0.009695652,0.001952797,0.001024455,-0.001595914,0.150602674,-0.013823724,0.003390302,0.161036059,0.133388624,0.140169233,0.167816654,-0.140169233,-0.167816654,-0.161036059,-0.133388624,0.076828222,0.030036867,0.009695652
20.55074,0.965925826,0.258819045,0,0,0.523598776,0,0,0.975049019,0.221427858,0.015729517,0.001381744,0.446758748,0.03006671,0.009664958,-0.000180304,-0.000971556,-0.001038611,0.149553648,-0.014130933,0.002632964,0.161036059,0.133388624,0.140169233,0.167816654,-0.140169233,-0.167816654,-0.161036059,-0.133388624,0.076840028,0.03006671,0.009664958
20.60207009,0.965925826,0.258819045,0,0,0.523598776,0,0,0.975053132,0.221409351,0.015730128,0.001350685,0.446719984,0.03008185,0.009604066,-0.0039801,-0.004939735,-0.000359118,0.150235335,-0.013429151,0.003008956,0.160655484,0.133797199,0.139815122,0.166673407,-0.139815122,-0.166673407,-0.160655484,-0.133797199,0.076878792,0.03008185,0.009604066
20.65084004,0.965925826,0.258819045,0,0,0.523598776,0,0,0.975055277,0.221398801,0.015741814,0.001374536,0.446699287,0.030094181,0.009655457,-0.002220273,-0.001837313,0.000723451,0.150648682,-0.013190418,0.002667329,0.161171734,0.134790912,0.140125573,0.166506395,-0.140125573,-0.166506395,-0.161171734,-0.134790912,0.076899489,0.030094181,0.009655457
20.70106006,0.965925826,0.258819045,0,0,0.523598776,0,0,0.975059211,0.22138229,0.01573645,0.001378078,0.446665343,0.030082309,0.009659478,0.003450364,-0.003148616,0.004626066,0.149573577,-0.012815156,0.001882276,0.160506412,0.134876117,0.138640672,0.164270967,-0.138640672,-0.164270967,-0.160506412,-0.134876117,0.076933433,0.030082309,0.009659478
20.75076008,0.965925826,0.258819045,0,0,0.523598776,0,0,0.975061059,0.221372321,0.015755355,0.001377928,0.446645375,0.030119353,0.009667264,-0.00231266,0.000219792,-0.000295043,0.150688193,-0.013795805,0.002872829,0.160506412,0.134876117,0.138640672,0.164270967,-0.138640672,-0.164270967,-0.160506412,-0.134876117,0.076953401,0.030119353,0.009667264
20.80080009,0.965925826,0.258819045,0,0,0.523598776,0,0,0.975066423,0.221350223,0.015744193,0.001375988,0.446599652,0.030098654,0.009657842,-0.003796815,0.00418052,0.000155717,0.150990101,-0.014932197,0.002785271,0.163136989,0.133272603,0.138843149,0.168707535,-0.138843149,-0.168707535,-0.163136989,-0.133272603,0.076999124,0.030098654,0.009657842
20.85082006,0.965925826,0.258819045,0,0,0.523598776,0,0,0.975070238,0.221333385,0.015731428,0.001416791,0.446566015,0.030055855,0.009731271,0.002873689,-0.003960729,0.001621992,0.150145952,-0.014160953,0.002548342,0.161758527,0.133436635,0.138533309,0.166855201,-0.138533309,-0.166855201,-0.161758527,-0.133436635,0.077032761,0.030055855,0.009731271
20.90198994,0.965925826,0.258819045,0,0,0.523598776,0,0,0.975075781,0.221310496,0.01571703,0.001428076,0.446518978,0.030022998,0.009746196,-0.000338256,0.004356354,0.004930048,0.149725222,-0.012580265,0.002446993,0.15985845,0.134697944,0.139591917,0.164752439,-0.139591917,-0.164752439,-0.15985845,-0.134697944,0.077079798,0.030022998,0.009746196
20.95179009,0.965925826,0.258819045,0,0,0.523598776,0,0,0.975073695,0.221320137,0.015705913,0.001423878,0.446538419,0.030003081,0.009733376,0.005719811,-0.001913309,0.001253933,0.149190748,-0.013152101,0.002508578,0.159834236,0.133530051,0.138547197,0.164851382,-0.138547197,-0.164851382,-0.159834236,-0.133530051,0.077060357,0.030003081,0.009733376
21.00102997,0.965925826,0.258819045,0,0,0.523598776,0,0,0.975072682,0.22132583,0.01569115,0.001434206,0.446550015,0.029969652,0.009747155,-0.001709163,-0.006702542,0.000245124,0.15061037,-0.011754665,0.002695794,0.159669206,0.136159882,0.14155148,0.165060788,-0.14155148,-0.165060788,-0.159669206,-0.136159882,0.077048761,0.029969652,0.009747155
21.05076003,0.965925826,0.258819045,0,0,0.523598776,0,0,0.975071549,0.221331596,0.015682397,0.001429761,0.446561505,0.029954491,0.009734777,-0.003439189,0.004055351,0.000817329,0.150936594,-0.014858939,0.002591118,0.163204372,0.133486509,0.138668746,0.168386608,-0.138668746,-0.168386608,-0.163204372,-0.133486509,0.077037271,0.029954491,0.009734777
21.1006,0.965925826,0.258819045,0,0,0.523598776,0,0,0.975069404,0.221340567,0.015685517,0.00142871,0.446579979,0.029960953,0.009734387,-0.002682209,0.000330061,0.000844151,0.150784379,-0.013783846,0.002584544,0.161983639,0.134415969,0.139585048,0.167152733,-0.139585048,-0.167152733,-0.161983639,-0.134415969,0.077018797,0.029960953,0.009734387
21.15166998,0.965925826,0.258819045,0,0,0.523598776,0,0,0.975081205,0.221286535,0.015714532,0.00146093,0.446470678,0.030003817,0.009808449,0.001200289,0.000890344,0.001310557,0.149918965,-0.01556232,0.002711555,0.16276969,0.131645069,0.137068182,0.168192804,-0.137068182,-0.168192804,-0.16276969,-0.131645069,0.077128098,0.030003817,0.009808449
21.20167994,0.965925826,0.258819045,0,0,0.523598776,0,0,0.974970818,0.221764609,0.015820231,0.001451437,0.447453761,0.030209367,0.009851606,0.002356619,0.004599244,0.001377612,0.150083959,-0.013979952,0.00247112,0.16276969,0.131645069,0.137068182,0.168192804,-0.137068182,-0.168192804,-0.16276969,-0.131645069,0.076145015,0.030209367,0.009851606
21.25169992,0.965925826,0.258819045,0,0,0.523598776,0,0,0.97497201,0.221760437,0.015804844,0.001436364,0.447444431,0.030186089,0.009815237,0.001779944,-0.003498793,0.000938028,0.14959075,-0.012781632,0.002579059,0.159793288,0.134230033,0.139388144,0.164951399,-0.139388144,-0.164951399,-0.159793288,-0.134230033,0.076154345,0.030186089,0.009815237
21.30087996,0.965925826,0.258819045,0,0,0.523598776,0,0,0.974977672,0.221736953,0.015791669,0.001405325,0.447395044,0.030174401,0.009748105,-0.003813207,-0.000374019,0.00083372,0.150681246,-0.013665573,0.002627475,0.161719307,0.134388179,0.139643118,0.166974247,-0.139643118,-0.166974247,-0.161719307,-0.134388179,0.076203732,0.030174401,0.009748105
21.35065007,0.965925826,0.258819045,0,0,0.523598776,0,0,0.974981129,0.221722305,0.015786899,0.001400274,0.447364719,0.030167484,0.009735678,0.001030415,0.005131215,0.000641495,0.149764867,-0.015252526,0.00267153,0.161719307,0.134388179,0.139643118,0.166974247,-0.139643118,-0.166974247,-0.161719307,-0.134388179,0.076234057,0.030167484,0.009735678
21.40155005,0.965925826,0.258819045,0,0,0.523598776,0,0,0.974977493,0.221737683,0.015794491,0.00138947,0.447396161,0.030186933,0.009718452,0.003402681,-0.001519919,0.000486523,0.149298116,-0.013332036,0.002708331,0.15992178,0.133257717,0.138674393,0.165338442,-0.138674393,-0.165338442,-0.15992178,-0.133257717,0.076202615,0.030186933,0.009718452
21.45169997,0.965925826,0.258819045,0,0,0.523598776,0,0,0.974984586,0.221705958,0.015797792,0.001400981,0.447331492,0.030188581,0.009741391,-0.002522767,0.001288206,0.000675768,0.150023027,-0.016134057,0.002894117,0.15992178,0.133257717,0.138674393,0.165338442,-0.138674393,-0.165338442,-0.15992178,-0.133257717,0.076267284,0.030188581,0.009741391
21.50669003,0.965925826,0.258819045,0,0,0.523598776,0,0,0.974987149,0.221694052,0.015804213,0.001409796,0.447307472,0.030197312,0.009761071,9.02E-05,0.001374632,0.002568215,0.150458963,-0.014150109,0.002665541,0.161943495,0.133643284,0.138974369,0.167274565,-0.138974369,-0.167274565,-0.161943495,-0.133643284,0.076291304,0.030197312,0.009761071
21.55328012,0.965925826,0.258819045,0,0,0.523598776,0,0,0.97499162,0.221674562,0.015803646,0.001450315,0.447268561,0.030178426,0.00983926,0.003223866,0.005748123,0.002770871,0.149966969,-0.014186576,0.002281584,0.161871925,0.133498788,0.138061956,0.166435093,-0.138061956,-0.166435093,-0.161871925,-0.133498788,0.076330215,0.030178426,0.00983926
21.60167003,0.965925826,0.258819045,0,0,0.523598776,0,0,0.975001156,0.221634224,0.015776796,0.00148685,0.447186195,0.030110262,0.009897363,-0.009004772,0.001703948,0.002219528,0.151758567,-0.014277538,0.002281199,0.163754866,0.1351998,0.139762208,0.168317258,-0.139762208,-0.168317258,-0.163754866,-0.1351998,0.076412581,0.030110262,0.009897363
21.65147996,0.965925826,0.258819045,0,0,0.523598776,0,0,0.975004315,0.221619621,0.015783399,0.001499437,0.447156755,0.030117707,0.009924401,0.000268966,0.004260988,0.003058463,0.14999294,-0.015028152,0.002103941,0.162917107,0.132860824,0.137068704,0.167124987,-0.137068704,-0.167124987,-0.162917107,-0.132860824,0.076442021,0.030117707,0.009924401
21.70183015,0.965925826,0.258819045,0,0,0.523598776,0,0,0.975008547,0.221600667,0.015785662,0.001503835,0.447118057,0.030120365,0.0099334,-0.001689792,0.000991672,0.000593811,0.150384898,-0.014080665,0.00259093,0.161874592,0.133713275,0.138895139,0.167056456,-0.138895139,-0.167056456,-0.161874592,-0.133713275,0.076480719,0.030120365,0.0099334
21.75088,0.965925826,0.258819045,0,0,0.523598776,0,0,0.97502315,0.221539021,0.015761456,0.001449228,0.446989437,0.030097985,0.009814217,0.005611032,-0.000308454,0.00147298,0.150259947,-0.015764717,0.00242138,0.163603246,0.13207382,0.136916593,0.168446004,-0.136916593,-0.168446004,-0.163603246,-0.13207382,0.076609339,0.030097985,0.009814217
21.80177999,0.965925826,0.258819045,0,0,0.523598776,0,0,0.975020766,0.221548915,0.015770765,0.001415888,0.447009041,0.030130825,0.009753613,-0.000707805,-0.000868738,-0.001044571,0.149035042,-0.013671414,0.002454734,0.160251677,0.132908866,0.137818336,0.165161148,-0.137818336,-0.165161148,-0.160251677,-0.132908866,0.076589735,0.030130825,0.009753613
21.85172009,0.965925826,0.258819045,0,0,0.523598776,0,0,0.97502315,0.221539378,0.015755966,0.001378145,0.446988112,0.030118791,0.009673119,0.004547089,-0.001908839,-0.000946224,0.150238925,-0.013503369,0.002989374,0.160752878,0.133746162,0.13972491,0.166731626,-0.13972491,-0.166731626,-0.160752878,-0.133746162,0.076610664,0.030118791,0.009673119
21.90087008,0.965925826,0.258819045,0,0,0.523598776,0,0,0.975032985,0.221497819,0.015737256,0.001343782,0.446901436,0.03009794,0.009596492,-0.002230704,-0.001721084,-0.002382695,0.150572251,-0.01320649,0.003310857,0.160467848,0.134054884,0.140676588,0.167089552,-0.140676588,-0.167089552,-0.160467848,-0.134054884,0.07669734,0.03009794,0.009596492
21.95086002,0.965925826,0.258819045,0,0,0.523598776,0,0,0.975043654,0.221452221,0.015722785,0.001322507,0.446806938,0.03007959,0.009547158,-0.003942847,-0.001120567,-0.000944734,0.150936261,-0.013364759,0.003040417,0.16126056,0.134531066,0.140611887,0.167341396,-0.140611887,-0.167341396,-0.16126056,-0.134531066,0.076791838,0.03007959,0.009547158
22.00193,0.965925826,0.258819045,0,0,0.523598776,0,0,0.975043416,0.221452579,0.015726909,0.001327986,0.446807956,0.030085204,0.009559689,0.004709512,-0.001876056,5.74E-05,0.149277591,-0.013153559,0.002833879,0.16126056,0.134531066,0.140611887,0.167341396,-0.140611887,-0.167341396,-0.16126056,-0.134531066,0.07679082,0.030085204,0.009559689
22.05229998,0.965925826,0.258819045,0,0,0.523598776,0,0,0.975056708,0.221392363,0.015754089,0.001335558,0.446685229,0.030135452,0.009584657,0.002043694,0.002073497,0.001191348,0.150600843,-0.012648284,0.002501876,0.160747215,0.135450661,0.140454412,0.165750965,-0.140454412,-0.165750965,-0.160747215,-0.135450661,0.076913547,0.030135452,0.009584657
22.102,0.965925826,0.258819045,0,0,0.523598776,0,0,0.975067794,0.221343547,0.015755419,0.001339058,0.446585195,0.030136975,0.009590565,-0.000293553,-4.62E-05,0.002355129,0.14983631,-0.014322893,0.00261246,0.161546707,0.132900938,0.138125852,0.166771621,-0.138125852,-0.166771621,-0.161546707,-0.132900938,0.077013581,0.030136975,0.009590565
22.15109015,0.965925826,0.258819045,0,0,0.523598776,0,0,0.975075305,0.221311361,0.015740292,0.001328483,0.446518541,0.030112471,0.009562233,-0.002489984,0.001283735,0.003073364,0.150323043,-0.013713705,0.002377635,0.161659077,0.134231672,0.138986945,0.166414335,-0.138986945,-0.166414335,-0.161659077,-0.134231672,0.077080235,0.030112471,0.009562233
22.20102,0.965925826,0.258819045,0,0,0.523598776,0,0,0.975079119,0.22129555,0.0157266,0.001329627,0.446485818,0.030085413,0.009557905,0.002796203,-0.000871718,0.001993031,0.149769873,-0.013447236,0.002450001,0.160767063,0.133872613,0.138772607,0.165667072,-0.138772607,-0.165667072,-0.160767063,-0.133872613,0.077112958,0.030085413,0.009557905
22.25114012,0.965925826,0.258819045,0,0,0.523598776,0,0,0.97509402,0.221229225,0.015732937,0.001325002,0.446349792,0.030100471,0.009549645,-0.000622869,-5.81E-05,0.000686199,0.150479065,-0.013683808,0.002718839,0.161443993,0.134076387,0.139514074,0.166881666,-0.139514074,-0.166881666,-0.161443993,-0.134076387,0.077248984,0.030100471,0.009549645
22.30106997,0.965925826,0.258819045,0,0,0.523598776,0,0,0.97509861,0.221209586,0.015726611,0.001305614,0.446308813,0.030096908,0.009508408,-0.002668798,0.003200024,0.001249462,0.15088642,-0.014616668,0.002624836,0.162878215,0.133644894,0.138894558,0.16812788,-0.138894558,-0.16812788,-0.162878215,-0.133644894,0.077289963,0.030096908,0.009508408
22.3513,0.965925826,0.258819045,0,0,0.523598776,0,0,0.975117207,0.221129656,0.015704196,0.001323719,0.446144768,0.030045949,0.009531334,-0.001698732,-0.006850064,0.001015514,0.150922405,-0.014121579,0.002749139,0.162294805,0.134051666,0.139549941,0.16779308,-0.139549941,-0.16779308,-0.162294805,-0.134051666,0.077454008,0.030045949,0.009531334
22.40044999,0.965925826,0.258819045,0,0,0.523598776,0,0,0.97512877,0.221076876,0.015721112,0.001333253,0.446037201,0.030075248,0.009555802,0.003483147,-0.001575053,0.002466887,0.150263092,-0.014296453,0.002378523,0.162180975,0.133588091,0.138345137,0.166938022,-0.138345137,-0.166938022,-0.162180975,-0.133588091,0.077561575,0.030075248,0.009555802
22.45026994,0.965925826,0.258819045,0,0,0.523598776,0,0,0.975130856,0.221067265,0.015730577,0.001324292,0.446017433,0.030097766,0.009542212,-0.003167987,0.000108033,0.00147149,0.149814378,-0.013240206,0.002353696,0.160700843,0.134220451,0.138927847,0.165408239,-0.138927847,-0.165408239,-0.160700843,-0.134220451,0.077581343,0.030097766,0.009542212
22.5013001,0.965925826,0.258819045,0,0,0.523598776,0,0,0.975131154,0.221065819,0.015727676,0.001309114,0.446014021,0.03009884,0.009511272,0.00481531,0.003280491,-0.000114739,0.149569002,-0.014639002,0.002894348,0.160700843,0.134220451,0.138927847,0.165408239,-0.138927847,-0.165408239,-0.160700843,-0.134220451,0.077584755,0.03009884,0.009511272
22.55113006,0.965925826,0.258819045,0,0,0.523598776,0,0,0.975129604,0.221071541,0.015749633,0.001316526,0.446026423,0.030138332,0.009535631,0.007034094,0.001623482,0.004514308,0.149137061,-0.014189305,0.00196838,0.161357939,0.132979348,0.136916116,0.165294707,-0.136916116,-0.165294707,-0.161357939,-0.132979348,0.077572353,0.030138332,0.009535631
22.60204005,0.965925826,0.258819045,0,0,0.523598776,0,0,0.975133181,0.221055552,0.015749753,0.001344103,0.445994399,0.030126522,0.009588997,8.12E-05,0.000438839,0.000680238,0.150484308,-0.013846235,0.002710639,0.161619857,0.133927405,0.139348686,0.167041138,-0.139348686,-0.167041138,-0.161619857,-0.133927405,0.077604377,0.030126522,0.009588997
22.65204,0.965925826,0.258819045,0,0,0.523598776,0,0,0.975130856,0.22106576,0.015749626,0.001338063,0.446015176,0.030128847,0.009577471,0.00031665,8.20E-06,0.002620369,0.149841329,-0.01470865,0.002208074,0.162341863,0.132924587,0.137340724,0.166758016,-0.137340724,-0.166758016,-0.162341863,-0.132924587,0.0775836,0.030128847,0.009577471
22.69985008,0.965925826,0.258819045,0,0,0.523598776,0,0,0.975133121,0.221055627,0.015750641,0.001348048,0.445994692,0.03012651,0.00959709,-0.003573299,-0.000593066,0.002709776,0.149811991,-0.013128467,0.002368206,0.160572216,0.134315297,0.139051706,0.165308625,-0.139051706,-0.165308625,-0.160572216,-0.134315297,0.077604084,0.03012651,0.00959709
22.74981999,0.965925826,0.258819045,0,0,0.523598776,0,0,0.975131631,0.221062496,0.015748926,0.001365024,0.44600919,0.030115585,0.009629663,-0.000867248,0.002809614,0.002362579,0.151183505,-0.013553266,0.002302982,0.162433743,0.135327235,0.139933199,0.167039707,-0.139933199,-0.167039707,-0.162433743,-0.135327235,0.077589586,0.030115585,0.009629663
22.80025005,0.965925826,0.258819045,0,0,0.523598776,0,0,0.975126624,0.221084997,0.015740195,0.00134509,0.446054624,0.030107155,0.009587599,0.001370162,-0.006709993,0.000116974,0.150214119,-0.011769613,0.00281388,0.162433743,0.135327235,0.139933199,0.167039707,-0.139933199,-0.167039707,-0.162433743,-0.135327235,0.077544152,0.030107155,0.009587599
22.85086012,0.965925826,0.258819045,0,0,0.523598776,0,0,0.975124538,0.221093193,0.015756641,0.001351658,0.44607198,0.030136245,0.00960795,0.000875443,0.003454834,-0.00038445,0.150302252,-0.014724637,0.002919482,0.159169808,0.135630593,0.141258359,0.164797574,-0.141258359,-0.164797574,-0.159169808,-0.135630593,0.077526796,0.030136245,0.00960795
22.90152001,0.965925826,0.258819045,0,0,0.523598776,0,0,0.975121498,0.221106142,0.01576148,0.001338239,0.446098302,0.030151496,0.009584313,0.003723055,-0.001750887,0.001273304,0.149745433,-0.013222768,0.002597062,0.160371095,0.133925572,0.1391197,0.165565223,-0.1391197,-0.165565223,-0.160371095,-0.133925572,0.077500474,0.030151496,0.009584313
22.95077014,0.965925826,0.258819045,0,0,0.523598776,0,0,0.975123584,0.221096396,0.015767261,0.001348448,0.446078736,0.030158353,0.009606492,0.001359731,-0.001272559,0.002973527,0.150205298,-0.013371846,0.002251742,0.161325365,0.134581685,0.139085174,0.165828839,-0.139085174,-0.165828839,-0.161325365,-0.134581685,0.07752004,0.030158353,0.009606492
23.00124002,0.965925826,0.258819045,0,0,0.523598776,0,0,0.975118637,0.221119151,0.015754921,0.001374382,0.44612583,0.030122581,0.009652329,0.003504008,-0.004462898,0.002729148,0.149763018,-0.014697688,0.002721285,0.161739379,0.132344022,0.137786597,0.167181954,-0.137786597,-0.167181954,-0.161739379,-0.132344022,0.077472946,0.030122581,0.009652329
23.05067992,0.965925826,0.258819045,0,0,0.523598776,0,0,0.97511667,0.22112897,0.015734768,0.001388716,0.446145926,0.03007683,0.009671671,-0.002366304,0.001055747,0.002291054,0.149776481,-0.012445102,0.002271697,0.159949839,0.135059655,0.139603049,0.164493233,-0.139603049,-0.164493233,-0.159949839,-0.135059655,0.07745285,0.03007683,0.009671671
23.10308003,0.965925826,0.258819045,0,0,0.523598776,0,0,0.97511369,0.221141398,0.015748682,0.001401511,0.446172064,0.030098183,0.009703182,0.001829118,5.29E-05,-0.001588464,0.150893479,-0.01402701,0.002346881,0.162573561,0.134519562,0.139213324,0.167267323,-0.139213324,-0.167267323,-0.162573561,-0.134519562,0.077426712,0.030098183,0.009703182
23.15177011,0.965925826,0.258819045,0,0,0.523598776,0,0,0.975122452,0.221101731,0.015755109,0.001433985,0.44609178,0.030096751,0.009768165,0.003056973,0.003125519,0.001203269,0.149877018,-0.014653045,0.002530121,0.162573561,0.134519562,0.139213324,0.167267323,-0.139213324,-0.167267323,-0.162573561,-0.134519562,0.077506996,0.030096751,0.009768165
23.20080996,0.965925826,0.258819045,0,0,0.523598776,0,0,0.975127339,0.221081823,0.015733698,0.001417623,0.446049984,0.030062423,0.009726144,-0.005741417,-0.000591576,0.002538413,0.151578274,-0.013557372,0.00227279,0.162862808,0.135748088,0.140293673,0.167408392,-0.140293673,-0.167408392,-0.162862808,-0.135748088,0.077548792,0.030062423,0.009726144
23.25076008,0.965925826,0.258819045,0,0,0.523598776,0,0,0.975134671,0.221050233,0.015722418,0.0014166,0.445984894,0.030041188,0.009718177,-0.000350177,-0.004297495,0.000377744,0.150571941,-0.012471544,0.002698112,0.160345331,0.135402262,0.140798479,0.165741563,-0.140798479,-0.165741563,-0.160345331,-0.135402262,0.077613882,0.030041188,0.009718177
23.30068994,0.965925826,0.258819045,0,0,0.523598776,0,0,0.975146532,0.220999137,0.01571231,0.001381151,0.445878826,0.030037654,0.00964296,0.00044778,0.004576892,0.000437349,0.15028666,-0.01363344,0.002486467,0.161433592,0.134166732,0.139139667,0.166406527,-0.139139667,-0.166406527,-0.161433592,-0.134166732,0.07771995,0.030037654,0.00964296
23.35189009,0.965925826,0.258819045,0,0,0.523598776,0,0,0.975149035,0.220987499,0.015722472,0.001365952,0.445854761,0.030064314,0.009617446,-0.001074374,9.46E-05,-0.001436472,0.150459771,-0.015020554,0.00272114,0.16275914,0.132718056,0.138160333,0.168201417,-0.138160333,-0.168201417,-0.16275914,-0.132718056,0.077744015,0.030064314,0.009617446
23.40060997,0.965925826,0.258819045,0,0,0.523598776,0,0,0.975145102,0.221005842,0.015706332,0.001375525,0.445892293,0.030028417,0.009629544,0.001955777,-0.001314283,0.000271946,0.150761812,-0.013724875,0.003108097,0.161378548,0.13392882,0.140145004,0.167594746,-0.140145004,-0.167594746,-0.161378548,-0.13392882,0.077706483,0.030028417,0.009629544
23.44964004,0.965925826,0.258819045,0,0,0.523598776,0,0,0.975144625,0.22100912,0.015689336,0.001341352,0.4458977,0.030010345,0.009555444,0.000569969,-0.000856817,0.000212342,0.150428364,-0.013418378,0.002790641,0.161056057,0.134219319,0.139800608,0.166637346,-0.139800608,-0.166637346,-0.161056057,-0.134219319,0.077701076,0.030010345,0.009555444
23.5007,0.965925826,0.258819045,0,0,0.523598776,0,0,0.975146472,0.221001118,0.015688939,0.001350004,0.445881499,0.030005822,0.009571903,-0.001896918,0.001446158,-0.001493096,0.150908328,-0.014083033,0.003125632,0.161865681,0.133699641,0.139950901,0.168116957,-0.139950901,-0.168116957,-0.161865681,-0.133699641,0.077717277,0.030005822,0.009571903
23.54964995,0.965925826,0.258819045,0,0,0.523598776,0,0,0.975143731,0.221014857,0.015669303,0.0013339,0.445908767,0.029974505,0.00953221,0.004132838,0.001595169,-0.000214577,0.149741192,-0.014108047,0.002877754,0.160971448,0.132755369,0.138510868,0.166726947,-0.138510868,-0.166726947,-0.160971448,-0.132755369,0.077690009,0.029974505,0.00953221
23.59955001,0.965925826,0.258819045,0,0,0.523598776,0,0,0.975138724,0.22103551,0.015684437,0.001361557,0.445952271,0.029991593,0.009593509,-0.002086163,0.002612919,0.001885742,0.149376611,-0.014510476,0.002153296,0.161733747,0.132712811,0.137019411,0.166040346,-0.137019411,-0.166040346,-0.161733747,-0.132712811,0.077646505,0.029991593,0.009593509
23.65105009,0.965925826,0.258819045,0,0,0.523598776,0,0,0.97513932,0.22103247,0.01568947,0.001351928,0.445945895,0.0300057,0.009576857,-1.34E-05,0.000511855,3.05E-05,0.15047803,-0.011813265,0.002652938,0.159638315,0.136011794,0.14131768,0.164944187,-0.14131768,-0.164944187,-0.159638315,-0.136011794,0.077652881,0.0300057,0.009576857
23.70142007,0.965925826,0.258819045,0,0,0.523598776,0,0,0.975134194,0.221053466,0.015711261,0.001381884,0.445990291,0.030034748,0.009645601,0.006636233,0.003475696,0.00327155,0.150521422,-0.013816899,0.002818531,0.161519751,0.133885965,0.139523029,0.167156816,-0.139523029,-0.167156816,-0.161519751,-0.133885965,0.077608485,0.030034748,0.009645601
23.75056005,0.965925826,0.258819045,0,0,0.523598776,0,0,0.97512579,0.221088931,0.015727529,0.001404382,0.446064079,0.030056179,0.009697796,0.006837397,0.002848357,0.003445894,0.149161678,-0.014546082,0.002100378,0.161519751,0.133885965,0.139523029,0.167156816,-0.139523029,-0.167156816,-0.161519751,-0.133885965,0.077534697,0.030056179,0.009697796
23.80062008,0.965925826,0.258819045,0,0,0.523598776,0,0,0.975123703,0.221099839,0.015713327,0.001395391,0.446085811,0.03003234,0.009674297,0.001253933,-0.002878905,0.001563877,0.150223877,-0.012871097,0.002477359,0.160617575,0.134875402,0.139830112,0.165572286,-0.139830112,-0.165572286,-0.160617575,-0.134875402,0.077512965,0.03003234,0.009674297
23.84966993,0.965925826,0.258819045,0,0,0.523598776,0,0,0.975114286,0.221140012,0.015724642,0.001400992,0.446168695,0.030051539,0.009691476,0.003797561,0.002009422,0.002277642,0.14970356,-0.014297853,0.00233507,0.161666304,0.133070618,0.137740746,0.166336447,-0.137740746,-0.166336447,-0.161666304,-0.133070618,0.077430081,0.030051539,0.009691476
23.90057015,0.965925826,0.258819045,0,0,0.523598776,0,0,0.975109816,0.221160099,0.015720855,0.001401549,0.446209819,0.030043705,0.009691506,0.00173822,0.001712888,0.000118464,0.150447979,-0.014344767,0.002949633,0.161843076,0.133153558,0.139052823,0.167742342,-0.139052823,-0.167742342,-0.161843076,-0.133153558,0.077388957,0.030043705,0.009691506
23.95045996,0.965925826,0.258819045,0,0,0.523598776,0,0,0.975095928,0.22122024,0.015736321,0.001368446,0.446332654,0.03008793,0.009635628,0.001143664,0.004341452,0.002681464,0.149265243,-0.012913613,0.002767442,0.159411371,0.133584157,0.139119044,0.164946258,-0.139119044,-0.164946258,-0.159411371,-0.133584157,0.077266122,0.03008793,0.009635628
24.00134993,0.965925826,0.258819045,0,0,0.523598776,0,0,0.975088,0.221256837,0.015716782,0.001329729,0.4464062,0.030066598,0.00955256,-0.000298023,-0.000362098,-0.001078844,0.150146906,-0.014974687,0.002286798,0.162834749,0.132885396,0.137458995,0.167408347,-0.137458995,-0.167408347,-0.162834749,-0.132885396,0.077192576,0.030066598,0.00955256
24.05058002,0.965925826,0.258819045,0,0,0.523598776,0,0,0.975080311,0.221292481,0.01570202,0.001309149,0.446478351,0.030046566,0.009506961,0.000695139,0.000508875,0.002612918,0.150174509,-0.013821369,0.002339447,0.161656395,0.134013668,0.138692558,0.166335285,-0.138692558,-0.166335285,-0.161656395,-0.134013668,0.077120425,0.030046566,0.009506961
24.10237002,0.965925826,0.258819045,0,0,0.523598776,0,0,0.975069165,0.221340165,0.015716089,0.001337124,0.446577305,0.030061153,0.009569248,0.003580004,0.004021079,0.000967831,0.149584104,-0.014853863,0.002647742,0.161790177,0.132082477,0.137377962,0.167085662,-0.137377962,-0.167085662,-0.161790177,-0.132082477,0.077021471,0.030061153,0.009569248
24.15086007,0.965925826,0.258819045,0,0,0.523598776,0,0,0.975059748,0.221381858,0.015711619,0.001347719,0.446663038,0.03004733,0.009589223,0.003325195,-0.002405048,-0.001043082,0.14960059,-0.012990315,0.003033515,0.159557343,0.133576736,0.139643759,0.16562438,-0.139643759,-0.16562438,-0.159557343,-0.133576736,0.076935738,0.03004733,0.009589223
24.20159006,0.965925826,0.258819045,0,0,0.523598776,0,0,0.975039065,0.221474826,0.015683519,0.001336251,0.446852819,0.029996692,0.009557247,-7.45E-05,0.002964586,0.000955909,0.149099944,-0.012825776,0.003098862,0.158826813,0.133175284,0.139373004,0.165024534,-0.139373004,-0.165024534,-0.158826813,-0.133175284,0.076745957,0.029996692,0.009557247
24.25009012,0.965925826,0.258819045,0,0,0.523598776,0,0,0.975029469,0.221515656,0.015704535,0.001314861,0.446936482,0.030046765,0.009526101,0.000242144,0.000890344,-0.00012815,0.15017578,-0.014520669,0.002640789,0.162055612,0.133014292,0.138295874,0.167337194,-0.138295874,-0.167337194,-0.162055612,-0.133014292,0.076662294,0.030046765,0.009526101
24.30212998,0.965925826,0.258819045,0,0,0.523598776,0,0,0.975026369,0.221529439,0.015703972,0.001326855,0.446965064,0.030040215,0.009549675,-0.000561774,0.001017004,0.000860542,0.150082656,-0.01393097,0.002878728,0.161134854,0.133272931,0.139030382,0.16689232,-0.139030382,-0.16689232,-0.161134854,-0.133272931,0.076633712,0.030040215,0.009549675
24.35227013,0.965925826,0.258819045,0,0,0.523598776,0,0,0.97502172,0.221551225,0.015684541,0.001325642,0.447009284,0.030002641,0.009539355,0.003872067,-0.003382564,0.003997238,0.149356584,-0.012689001,0.002037016,0.161134854,0.133272931,0.139030382,0.16689232,-0.139030382,-0.16689232,-0.161134854,-0.133272931,0.076589492,0.030002641,0.009539355
24.40180016,0.965925826,0.258819045,0,0,0.523598776,0,0,0.975017846,0.221567392,0.015696345,0.001370145,0.44704394,0.030005771,0.009631911,-0.001974404,0.005135686,0.001049787,0.150465258,-0.015168971,0.002596525,0.163037658,0.132699743,0.137892783,0.168230712,-0.137892783,-0.168230712,-0.163037658,-0.132699743,0.076554836,0.030005771,0.009631911
24.45078993,0.965925826,0.258819045,0,0,0.523598776,0,0,0.975013494,0.221584722,0.015719067,0.001373344,0.447080131,0.030048501,0.009648772,0.001849979,-0.000193715,-0.000457466,0.149719397,-0.013644892,0.002895162,0.160469085,0.133179322,0.138969645,0.166259408,-0.138969645,-0.166259408,-0.160469085,-0.133179322,0.076518645,0.030048501,0.009648772
24.50090003,0.965925826,0.258819045,0,0,0.523598776,0,0,0.975010395,0.221598104,0.01572158,0.001362672,0.447107361,0.030058002,0.009629482,0.001233071,0.003287941,-0.000372529,0.149826577,-0.014651528,0.00289043,0.161587626,0.132284597,0.138065457,0.167368487,-0.138065457,-0.167368487,-0.161587626,-0.132284597,0.076491415,0.030058002,0.009629482
24.55114007,0.965925826,0.258819045,0,0,0.523598776,0,0,0.97499615,0.22166115,0.015719019,0.001356251,0.44723646,0.030055232,0.009617762,0.001946837,-0.00076443,3.95E-05,0.150189954,-0.01436987,0.00209884,0.162460938,0.133721218,0.137918904,0.166658625,-0.137918904,-0.166658625,-0.162460938,-0.133721218,0.076362316,0.030055232,0.009617762
24.60083008,0.965925826,0.258819045,0,0,0.523598776,0,0,0.974986076,0.221704781,0.015729573,0.001321176,0.44732526,0.030090946,0.009555371,0.003872067,0.000112504,0.002295524,0.149638866,-0.013476495,0.002809227,0.160306096,0.133353114,0.138971567,0.165924549,-0.138971567,-0.165924549,-0.160306096,-0.133353114,0.076273516,0.030090946,0.009555371
24.65109015,0.965925826,0.258819045,0,0,0.523598776,0,0,0.974973917,0.221757233,0.015738359,0.001353739,0.447434008,0.030093119,0.009624417,0.008182974,-0.002512336,0.003088266,0.148364877,-0.012993109,0.002203791,0.159154162,0.133167952,0.137575537,0.163561732,-0.137575537,-0.163561732,-0.159154162,-0.133167952,0.076164768,0.030093119,0.009624417
24.70213008,0.965925826,0.258819045,0,0,0.523598776,0,0,0.974963486,0.221803322,0.015740385,0.001351897,0.447528531,0.030097432,0.009623146,0.004494936,0.004725903,-0.001442432,0.149036439,-0.015079584,0.003114711,0.161001265,0.130842119,0.13707155,0.167230695,-0.13707155,-0.167230695,-0.161001265,-0.130842119,0.076070245,0.030097432,0.009623146
24.75073004,0.965925826,0.258819045,0,0,0.523598776,0,0,0.974957645,0.221827894,0.01575298,0.001380886,0.447580051,0.030108886,0.009686052,0.003362448,-0.000795722,0.00121221,0.149232626,-0.013505719,0.00255957,0.160178736,0.133167312,0.138286456,0.165297881,-0.138286456,-0.165297881,-0.160178736,-0.133167312,0.076018725,0.030108886,0.009686052
24.80215001,0.965925826,0.258819045,0,0,0.523598776,0,0,0.97495085,0.221856236,0.015771624,0.001376167,0.447638529,0.03014706,0.009686009,0.006102771,0.000668317,-0.000353158,0.148685349,-0.013941122,0.002880352,0.159746081,0.131863847,0.137624562,0.16550678,-0.137624562,-0.16550678,-0.159746081,-0.131863847,0.075960247,0.03014706,0.009686009
24.85161996,0.965925826,0.258819045,0,0,0.523598776,0,0,0.974934995,0.221926987,0.015757069,0.001366262,0.447783082,0.030122371,0.009662405,0.005244463,-0.000984967,0.003648549,0.148801986,-0.014724346,0.002371154,0.161155134,0.131706461,0.136448771,0.165897444,-0.136448771,-0.165897444,-0.161155134,-0.131706461,0.075815694,0.030122371,0.009662405
24.90166998,0.965925826,0.258819045,0,0,0.523598776,0,0,0.974920988,0.221989051,0.015750112,0.001365604,0.447910242,0.03010848,0.009659945,0.008384138,0.001325458,0.000622124,0.148790721,-0.013455664,0.00208513,0.160161212,0.133249909,0.137420163,0.164331481,-0.137420163,-0.164331481,-0.160161212,-0.133249909,0.075688534,0.03010848,0.009659945
24.95186996,0.965925826,0.258819045,0,0,0.523598776,0,0,0.974915326,0.222013593,0.015756402,0.00137807,0.447961073,0.030114964,0.009687818,0.00237599,-0.003364682,-0.001473725,0.148140474,-0.014112634,0.002687213,0.159565851,0.131340608,0.136715025,0.164940283,-0.136715025,-0.164940283,-0.159565851,-0.131340608,0.075637703,0.030114964,0.009687818
24.99986005,0.965925826,0.258819045,0,0,0.523598776,0,0,0.974909008,0.222041205,0.015752902,0.00140226,0.448018344,0.030097117,0.009734302,0.006899984,-0.001432002,0.003673882,0.148381527,-0.013332847,0.002045272,0.159669057,0.133003384,0.137093931,0.163759604,-0.137093931,-0.163759604,-0.159669057,-0.133003384,0.075580432,0.030097117,0.009734302
25.05072999,0.965925826,0.258819045,0,0,0.523598776,0,0,0.974906802,0.222052112,0.015735708,0.001427872,0.448041019,0.030052095,0.009776947,0.000307709,0.002963096,0.001826137,0.149636894,-0.014592608,0.002391866,0.161837593,0.132652402,0.137436122,0.166621327,-0.137436122,-0.166621327,-0.161837593,-0.132652402,0.075557757,0.030052095,0.009776947
25.10055995,0.965925826,0.258819045,0,0,0.523598776,0,0,0.974907696,0.222048402,0.015735671,0.001376875,0.448031998,0.030074721,0.00967734,0.005760045,-0.000853837,-0.001655519,0.1485967,-0.013468731,0.003126444,0.158938944,0.132001504,0.138254389,0.165191829,-0.138254389,-0.165191829,-0.158938944,-0.132001504,0.075566778,0.030074721,0.00967734
25.15073013,0.965925826,0.258819045,0,0,0.523598776,0,0,0.97492367,0.22198005,0.015721105,0.001271908,0.447888477,0.030093618,0.009463995,-0.004038215,-0.000821054,-0.000564754,0.150046976,-0.01357416,0.002991168,0.160629928,0.133481622,0.139463961,0.166612267,-0.139463961,-0.166612267,-0.160629928,-0.133481622,0.075710299,0.030093618,0.009463995
25.20151997,0.965925826,0.258819045,0,0,0.523598776,0,0,0.974930465,0.221950337,0.015722541,0.001254123,0.447827035,0.030104606,0.009429022,-0.003659726,0.000501424,-0.002712012,0.15052827,-0.013439418,0.003000008,0.160967633,0.134088814,0.140088841,0.16696766,-0.140088841,-0.16696766,-0.160967633,-0.134088814,0.075771741,0.030104606,0.009429022
25.25169992,0.965925826,0.258819045,0,0,0.523598776,0,0,0.974933863,0.221935749,0.015716918,0.001221983,0.447796102,0.030108055,0.009363378,-0.002665818,0.006016344,-0.004689395,0.150480653,-0.013814345,0.003445292,0.160849661,0.133220986,0.14011158,0.167740256,-0.14011158,-0.167740256,-0.160849661,-0.133220986,0.075802674,0.030108055,0.009363378
25.30053997,0.965925826,0.258819045,0,0,0.523598776,0,0,0.974949241,0.221869543,0.015702909,0.001206414,0.447659476,0.03008828,0.009324734,-0.001496077,-0.003553927,0.003326684,0.150128143,-0.01262322,0.002275163,0.160476163,0.135229737,0.139780059,0.165026486,-0.139780059,-0.165026486,-0.160476163,-0.135229737,0.0759393,0.03008828,0.009324734
25.35170007,0.965925826,0.258819045,0,0,0.523598776,0,0,0.974958599,0.221826568,0.015727773,0.001210019,0.447571978,0.030135584,0.00934149,-0.002808869,0.0035204,0.002527982,0.150414475,-0.014689929,0.002443443,0.162660912,0.133281082,0.138167962,0.167547807,-0.138167962,-0.167547807,-0.162660912,-0.133281082,0.076026798,0.030135584,0.00934149
25.40065002,0.965925826,0.258819045,0,0,0.523598776,0,0,0.974961042,0.221815243,0.015736151,0.001216571,0.447549112,0.030149124,0.009357643,0.000794977,-0.000572205,-0.00063777,0.149734845,-0.013509064,0.003067708,0.160176158,0.133158043,0.139293462,0.166311577,-0.139293462,-0.166311577,-0.160176158,-0.133158043,0.076049664,0.030149124,0.009357643
25.45060015,0.965925826,0.258819045,0,0,0.523598776,0,0,0.974973917,0.221758187,0.015742745,0.001216637,0.447432198,0.030162502,0.009358937,-0.00102967,-0.001400709,0.001894683,0.149223905,-0.014654331,0.002480947,0.161397249,0.132088602,0.137050495,0.166359141,-0.137050495,-0.166359141,-0.161397249,-0.132088602,0.076166578,0.030162502,0.009358937
25.50117016,0.965925826,0.258819045,0,0,0.523598776,0,0,0.974980175,0.221730739,0.015743045,0.00121904,0.447375945,0.030162284,0.009362908,-0.001835823,-0.001837313,-0.002124906,0.150129267,-0.01327949,0.002565082,0.160843641,0.134284675,0.139414832,0.165973797,-0.139414832,-0.165973797,-0.160843641,-0.134284675,0.076222831,0.030162284,0.009362908
25.55103016,0.965925826,0.258819045,0,0,0.523598776,0,0,0.974985301,0.221709684,0.015721079,0.001204267,0.447331844,0.0301262,0.009323681,0.000242144,-0.003923475,-0.000607967,0.150307933,-0.013146302,0.003365142,0.160089046,0.133796468,0.140526742,0.166819334,-0.140526742,-0.166819334,-0.160089046,-0.133796468,0.076266932,0.0301262,0.009323681
25.59988999,0.965925826,0.258819045,0,0,0.523598776,0,0,0.974993706,0.221673325,0.015708541,0.001205549,0.447257022,0.030101528,0.009319492,-0.003413856,-0.001503527,0.001891703,0.150654497,-0.013217315,0.002568525,0.161303252,0.134868637,0.140005678,0.166440293,-0.140005678,-0.166440293,-0.161303252,-0.134868637,0.076341754,0.030101528,0.009319492
25.64980006,0.965925826,0.258819045,0,0,0.523598776,0,0,0.975002885,0.221633703,0.015705006,0.001177097,0.44717482,0.030107628,0.00926119,-0.000810623,0.000939518,-0.000290573,0.15018851,-0.013909327,0.003029065,0.161068738,0.133250087,0.139308229,0.167126864,-0.139308229,-0.167126864,-0.161068738,-0.133250087,0.076423956,0.030107628,0.00926119
25.70085001,0.965925826,0.258819045,0,0,0.523598776,0,0,0.975013971,0.221586779,0.015676023,0.001178228,0.447077936,0.030051045,0.009249085,-0.00077188,-0.001512468,0.002258271,0.150217772,-0.013180402,0.002511413,0.16088672,0.13452594,0.139548764,0.165909544,-0.139548764,-0.165909544,-0.16088672,-0.13452594,0.07652084,0.030051045,0.009249085
25.75077009,0.965925826,0.258819045,0,0,0.523598776,0,0,0.975025415,0.221534953,0.015699416,0.001189225,0.446972422,0.030092286,0.009279322,-0.00140667,-0.004649163,-0.00166297,0.149969519,-0.013103806,0.002682258,0.16088672,0.13452594,0.139548764,0.165909544,-0.139548764,-0.165909544,-0.16088672,-0.13452594,0.076626354,0.030092286,0.009279322
25.80208015,0.965925826,0.258819045,0,0,0.523598776,0,0,0.975050211,0.221424296,0.015713681,0.001230373,0.446746896,0.03010293,0.00936251,-0.003761054,0.00109449,-0.000369549,0.15040199,-0.014948297,0.002230088,0.160391033,0.134183437,0.139547944,0.16575554,-0.139547944,-0.16575554,-0.160391033,-0.134183437,0.07685188,0.03010293,0.00936251
25.8496201,0.965925826,0.258819045,0,0,0.523598776,0,0,0.975058079,0.2213898,0.015714509,0.001212273,0.446675627,0.030112896,0.009326499,-0.000168383,-0.00154227,0.000629574,0.150923049,-0.013974433,0.003005101,0.16189234,0.133943483,0.139953688,0.167902544,-0.139953688,-0.167902544,-0.16189234,-0.133943483,0.076923149,0.030112896,0.009326499
25.90059996,0.965925826,0.258819045,0,0,0.523598776,0,0,0.975075781,0.221312419,0.015707642,0.001211931,0.446516696,0.030100392,0.009320396,-0.002011657,-0.005973876,0.002189726,0.150677,-0.011924375,0.002505475,0.160095856,0.136247128,0.141258076,0.165106803,-0.141258076,-0.165106803,-0.160095856,-0.136247128,0.07708208,0.030100392,0.009320396
25.95067,0.965925826,0.258819045,0,0,0.523598776,0,0,0.975086212,0.221265659,0.015709272,0.001217582,0.446421027,0.030101519,0.009330704,-0.002148748,0.002319366,-0.000481308,0.150741938,-0.01432087,0.003040231,0.162022531,0.133380815,0.139461279,0.168102995,-0.139461279,-0.168102995,-0.162022531,-0.133380815,0.077177749,0.030101519,0.009330704
26.00065994,0.965925826,0.258819045,0,0,0.523598776,0,0,0.975113213,0.221146718,0.015717346,0.001207374,0.446176861,0.030122921,0.009310689,6.93E-05,-0.000476837,0.003043563,0.150411203,-0.013522598,0.002347394,0.161586359,0.134541184,0.139235973,0.166281149,-0.139235973,-0.166281149,-0.161586359,-0.134541184,0.077421915,0.030122921,0.009310689
26.05127001,0.965925826,0.258819045,0,0,0.523598776,0,0,0.975129902,0.221071869,0.015732612,0.001230496,0.446024311,0.030143186,0.009360251,-0.000503659,0.00288263,-0.001546741,0.15058361,-0.014504287,0.003250462,0.161837399,0.132828832,0.139329761,0.168338314,-0.139329761,-0.168338314,-0.161837399,-0.132828832,0.077574465,0.030143186,0.009360251
26.10201001,0.965925826,0.258819045,0,0,0.523598776,0,0,0.975174248,0.220877543,0.015707845,0.00124056,0.44562542,0.03009229,0.00936292,0.002951175,-0.004014373,-8.94E-05,0.151916255,-0.012641558,0.002283461,0.162274316,0.136991203,0.141558126,0.166841239,-0.141558126,-0.166841239,-0.162274316,-0.136991203,0.077973356,0.03009229,0.00936292
26.15083003,0.965925826,0.258819045,0,0,0.523598776,0,0,0.975200713,0.22076115,0.015709572,0.001245128,0.445386766,0.030094754,0.009369003,-0.00167042,-0.000624359,0.002782792,0.150077896,-0.012493125,0.002942,0.159628987,0.13464275,0.140526742,0.165512979,-0.140526742,-0.165512979,-0.159628987,-0.13464275,0.07821201,0.030094754,0.009369003
26.19980001,0.965925826,0.258819045,0,0,0.523598776,0,0,0.97522372,0.220658347,0.015719621,0.001242735,0.445176098,0.030116404,0.009365604,-0.005462766,-0.001382828,0.000657886,0.151866289,-0.013265021,0.002801729,0.16232954,0.135799512,0.141402975,0.167933002,-0.141402975,-0.167933002,-0.16232954,-0.135799512,0.078422678,0.030116404,0.009365604
26.24980998,0.965925826,0.258819045,0,0,0.523598776,0,0,0.9752388,0.220590413,0.015735736,0.001235777,0.445036942,0.030151569,0.009357049,-0.003539026,0.000213832,0.000416488,0.151552444,-0.013738069,0.002861678,0.162428796,0.134952664,0.140676022,0.168152153,-0.140676022,-0.168152153,-0.162428796,-0.134952664,0.078561834,0.030151569,0.009357049
26.29980016,0.965925826,0.258819045,0,0,0.523598776,0,0,0.975262225,0.22048749,0.015726518,0.001245903,0.444825895,0.030130104,0.009369555,-0.001817942,0.002282113,0.004602224,0.151303525,-0.014339035,0.002018345,0.163624167,0.134946123,0.138982803,0.167660862,-0.138982803,-0.167660862,-0.163624167,-0.134946123,0.078772881,0.030130104,0.009369555
26.34973001,0.965925826,0.258819045,0,0,0.523598776,0,0,0.975283802,0.220391214,0.0157465,0.001255906,0.444629091,0.030165598,0.009394919,-0.001561642,0.002980978,0.005137176,0.15133182,-0.01456148,0.001910041,0.163983211,0.134860277,0.138680354,0.167803302,-0.138680354,-0.167803302,-0.163983211,-0.134860277,0.078969685,0.030165598,0.009394919
26.40075994,0.965925826,0.258819045,0,0,0.523598776,0,0,0.975326717,0.220199853,0.015757751,0.001287401,0.444237774,0.030175515,0.009455425,-0.005701186,-0.003437698,0.001797825,0.151538599,-0.013912736,0.002347583,0.163103715,0.135278255,0.139973417,0.167798877,-0.139973417,-0.167798877,-0.163103715,-0.135278255,0.079361002,0.030175515,0.009455425
26.45151997,0.965925826,0.258819045,0,0,0.523598776,0,0,0.975347757,0.220107019,0.015748817,0.001253841,0.444046274,0.030173769,0.009383122,-0.008594991,-0.002580881,-0.000952184,0.152281196,-0.012715303,0.002551166,0.162445292,0.137014702,0.142117038,0.167547628,-0.142117038,-0.167547628,-0.162445292,-0.137014702,0.079552502,0.030173769,0.009383122
26.5027101,0.965925826,0.258819045,0,0,0.523598776,0,0,0.975370646,0.220006108,0.015745763,0.001275151,0.443839793,0.030159395,0.00942024,-0.002105534,0.001179427,-0.000393391,0.152911563,-0.01294073,0.003129314,0.16272293,0.136841491,0.143100128,0.168981567,-0.143100128,-0.168981567,-0.16272293,-0.136841491,0.079758983,0.030159395,0.00942024
26.55052996,0.965925826,0.258819045,0,0,0.523598776,0,0,0.975381255,0.21995993,0.015730239,0.001232339,0.443743582,0.0301484,0.009328421,-0.001250208,-0.00038594,-0.000673532,0.151622487,-0.013554501,0.003089451,0.1620875,0.134978503,0.141157418,0.168266401,-0.141157418,-0.168266401,-0.1620875,-0.134978503,0.079855194,0.0301484,0.009328421
26.60083008,0.965925826,0.258819045,0,0,0.523598776,0,0,0.975392222,0.219911024,0.015742412,0.001201927,0.443642667,0.030185999,0.009272916,-0.00127554,-0.002242625,-0.000336766,0.151666516,-0.013020183,0.003051126,0.161635533,0.135595188,0.141697437,0.167737782,-0.141697437,-0.167737782,-0.161635533,-0.135595188,0.079956109,0.030185999,0.009272916
26.64801002,0.965925826,0.258819045,0,0,0.523598776,0,0,0.975404084,0.219859093,0.015734371,0.001170966,0.443535121,0.030184425,0.009207343,-0.008140505,0.002919883,-0.001390278,0.153023773,-0.014495692,0.003292612,0.164226815,0.135235444,0.141820669,0.170812041,-0.141820669,-0.170812041,-0.164226815,-0.135235444,0.080063655,0.030184425,0.009207343
26.69841003,0.965925826,0.258819045,0,0,0.523598776,0,0,0.975429118,0.219748303,0.015734538,0.001137201,0.443306955,0.030200644,0.009138088,-0.000989437,-0.006714464,0.000653416,0.150978385,-0.01312754,0.002945059,0.161160827,0.134905756,0.140795872,0.167050943,-0.140795872,-0.167050943,-0.161160827,-0.134905756,0.080291821,0.030200644,0.009138088
26.74865007,0.965925826,0.258819045,0,0,0.523598776,0,0,0.975444853,0.21967791,0.015738863,0.001126819,0.443162428,0.030214308,0.009117549,-0.003705919,-1.04E-05,-0.000722706,0.151066387,-0.012593324,0.002800501,0.160859168,0.135672539,0.141273543,0.166460171,-0.141273543,-0.166460171,-0.160859168,-0.135672539,0.080436348,0.030214308,0.009117549
26.79842997,0.965925826,0.258819045,0,0,0.523598776,0,0,0.975456655,0.219625473,0.015739489,0.001110028,0.443054443,0.0302234,0.009083427,-0.002002716,0.004034489,0.003363938,0.152319603,-0.013641042,0.003198228,0.162762374,0.1354803,0.141876757,0.169158831,-0.141876757,-0.169158831,-0.162762374,-0.1354803,0.080544333,0.0302234,0.009083427
26.84873009,0.965925826,0.258819045,0,0,0.523598776,0,0,0.975462437,0.219600618,0.015733032,0.001091845,0.44300279,0.030219019,0.009044326,-0.003653765,-0.001399219,0.00031814,0.152371237,-0.01322686,0.003019572,0.162578478,0.136124775,0.142163917,0.168617621,-0.142163917,-0.168617621,-0.162578478,-0.136124775,0.080595986,0.030219019,0.009044326
26.89890003,0.965925826,0.258819045,0,0,0.523598776,0,0,0.975476921,0.219536409,0.015729325,0.001057141,0.442870089,0.030227628,0.008972972,0.001128763,-0.00269413,0.001553446,0.15150588,-0.01284242,0.00280097,0.161547288,0.13586247,0.141464397,0.167149231,-0.141464397,-0.167149231,-0.161547288,-0.13586247,0.080728687,0.030227628,0.008972972
26.94891,0.965925826,0.258819045,0,0,0.523598776,0,0,0.975483835,0.219508678,0.015689699,0.00101099,0.442811047,0.030170832,0.00886461,0.000598282,-0.001461804,-0.001610816,0.15163112,-0.013146536,0.00346338,0.161314234,0.13502118,0.14194794,0.168240994,-0.14194794,-0.168240994,-0.161314234,-0.13502118,0.080787729,0.030170832,0.00886461
26.99830008,0.965925826,0.258819045,0,0,0.523598776,0,0,0.975486815,0.219496042,0.015685787,0.0010001,0.442784715,0.030168095,0.008841242,0.007022173,0.000251085,-0.00064671,0.150409921,-0.013637996,0.003279203,0.160768673,0.133492693,0.140051097,0.167327076,-0.140051097,-0.167327076,-0.160768673,-0.133492693,0.080814061,0.030168095,0.008841242
27.04839015,0.965925826,0.258819045,0,0,0.523598776,0,0,0.97549504,0.219461709,0.015664103,0.000904484,0.44271113,0.030168079,0.008644019,-0.001601875,0.001838058,-0.000430644,0.15098677,-0.012440245,0.003535475,0.159891501,0.135011017,0.142081976,0.166962445,-0.142081976,-0.166962445,-0.159891501,-0.135011017,0.080887646,0.030168079,0.008644019
27.09797001,0.965925826,0.258819045,0,0,0.523598776,0,0,0.97549206,0.219474345,0.015667794,0.000882722,0.442736559,0.030184731,0.00860356,0.003243238,-0.000949204,3.50E-05,0.152089185,-0.014052975,0.003317513,0.162824601,0.134718671,0.141353697,0.169459626,-0.141353697,-0.169459626,-0.162824601,-0.134718671,0.080862217,0.030184731,0.00860356
27.14846992,0.965925826,0.258819045,0,0,0.523598776,0,0,0.975494266,0.219466865,0.015639221,0.000856247,0.442719832,0.030140667,0.00853909,8.20E-06,-0.004468859,0.000988692,0.151775939,-0.012197784,0.003064504,0.160909176,0.136513621,0.142642632,0.167038187,-0.142642632,-0.167038187,-0.160909176,-0.136513621,0.080878944,0.030140667,0.00853909
27.19979,0.965925826,0.258819045,0,0,0.523598776,0,0,0.975498617,0.219446734,0.015651723,0.000835388,0.442678239,0.030174398,0.008503252,-0.00384599,-0.001817942,-0.000678003,0.152531122,-0.012965958,0.003421576,0.16207546,0.136143565,0.142986715,0.16891861,-0.142986715,-0.16891861,-0.16207546,-0.136143565,0.080920537,0.030174398,0.008503252
27.24980998,0.965925826,0.258819045,0,0,0.523598776,0,0,0.975497007,0.219452366,0.01567051,0.000817726,0.442689733,0.030218767,0.008477212,0.002167374,0.005940347,-0.000968575,0.151374009,-0.015221041,0.003503752,0.163091257,0.132649198,0.139656693,0.170098767,-0.139656693,-0.170098767,-0.163091257,-0.132649198,0.080909043,0.030218767,0.008477212
27.29940009,0.965925826,0.258819045,0,0,0.523598776,0,0,0.975498497,0.219446197,0.015667254,0.000797605,0.442676432,0.030221302,0.008436315,0.002879649,-0.005851686,0.002021343,0.151241662,-0.011808157,0.002914976,0.160134807,0.136518508,0.142348453,0.165964752,-0.142348453,-0.165964752,-0.160134807,-0.136518508,0.080922344,0.030221302,0.008436315
27.35028005,0.965925826,0.258819045,0,0,0.523598776,0,0,0.975491226,0.219480202,0.015646754,0.000786717,0.442745393,0.030185784,0.008407105,0.00480935,-0.001117587,0.001507253,0.151764839,-0.014248099,0.003422637,0.162590265,0.134094074,0.140939355,0.169435531,-0.140939355,-0.169435531,-0.162590265,-0.134094074,0.080853383,0.030185784,0.008407105
27.40116,0.965925826,0.258819045,0,0,0.523598776,0,0,0.97548151,0.219521686,0.015668787,0.000792942,0.442831132,0.030225688,0.008430228,0.007573516,0.005257875,0.002994388,0.150844494,-0.013156385,0.003024202,0.160976633,0.13466388,0.140712291,0.167025045,-0.140712291,-0.167025045,-0.160976633,-0.13466388,0.080767644,0.030225688,0.008430228
27.45062995,0.965925826,0.258819045,0,0,0.523598776,0,0,0.975468993,0.219574884,0.015705157,0.000780918,0.442940671,0.03030148,0.008424403,0.000866503,0.001787394,0.000555068,0.151523878,-0.014042923,0.003235919,0.162330836,0.134245008,0.140716851,0.168802679,-0.140716851,-0.168802679,-0.162330836,-0.134245008,0.080658105,0.03030148,0.008424403
27.49932003,0.965925826,0.258819045,0,0,0.523598776,0,0,0.975460589,0.219613031,0.01569128,0.000751498,0.443017798,0.030287003,0.008362064,0.003343076,-0.001248717,0.003033132,0.151017445,-0.013150393,0.002760028,0.162330836,0.134245008,0.140716851,0.168802679,-0.140716851,-0.168802679,-0.162330836,-0.134245008,0.080580978,0.030287003,0.008362064
27.54973006,0.965925826,0.258819045,0,0,0.523598776,0,0,0.975447595,0.219670847,0.015692165,0.000735304,0.44313592,0.030295351,0.008332644,0.003664941,0.000689179,-0.000719726,0.150910839,-0.013700203,0.003523226,0.161407769,0.135106996,0.140627056,0.166927829,-0.140627056,-0.166927829,-0.161407769,-0.135106996,0.080462856,0.030295351,0.008332644
27.60005999,0.965925826,0.258819045,0,0,0.523598776,0,0,0.975442827,0.219690904,0.015706487,0.000725621,0.443177106,0.030327384,0.00832067,0.006263704,-0.000549853,0.002554804,0.150395168,-0.013358127,0.00288022,0.160873041,0.134156793,0.13991724,0.166633472,-0.13991724,-0.166633472,-0.160873041,-0.134156793,0.08042167,0.030327384,0.00832067
27.64858007,0.965925826,0.258819045,0,0,0.523598776,0,0,0.975429177,0.219751894,0.015702829,0.000717533,0.443301867,0.030323281,0.008305172,-6.26E-05,-0.003990531,0.000952929,0.15077772,-0.014246564,0.002600758,0.162423477,0.13393037,0.139131889,0.167624995,-0.139131889,-0.167624995,-0.162423477,-0.13393037,0.080296909,0.030323281,0.008305172
27.69945002,0.965925826,0.258819045,0,0,0.523598776,0,0,0.975425303,0.219770864,0.015679751,0.00071122,0.443340078,0.030280864,0.008283279,0.001291186,0.003155321,-0.000651181,0.151559107,-0.012354394,0.003204026,0.160709441,0.136000663,0.142408714,0.167117491,-0.142408714,-0.167117491,-0.160709441,-0.136000663,0.080258698,0.030280864,0.008283279
27.75074005,0.965925826,0.258819045,0,0,0.523598776,0,0,0.975414515,0.21981886,0.015675668,0.000719449,0.443438667,0.030268871,0.008299033,-0.001928211,-0.00167191,0.000897795,0.151862514,-0.013002562,0.003207633,0.161657408,0.135652289,0.142067552,0.168072671,-0.142067552,-0.168072671,-0.161657408,-0.135652289,0.080160109,0.030268871,0.008299033
27.80191994,0.965925826,0.258819045,0,0,0.523598776,0,0,0.975405335,0.219860435,0.015668113,0.000686771,0.443522829,0.030268151,0.008233219,0.005588681,-0.001895428,0.001429767,0.150388405,-0.012924513,0.003124989,0.161657408,0.135652289,0.142067552,0.168072671,-0.142067552,-0.168072671,-0.161657408,-0.135652289,0.080075947,0.030268151,0.008233219
27.85085011,0.965925826,0.258819045,0,0,0.523598776,0,0,0.975393414,0.219913408,0.015667805,0.000670493,0.443631006,0.030274268,0.008202959,0.000388175,0.001884252,0.002408773,0.151341313,-0.014015029,0.002947187,0.160187885,0.134338871,0.14058885,0.166437864,-0.14058885,-0.166437864,-0.160187885,-0.134338871,0.07996777,0.030274268,0.008202959
27.90076995,0.965925826,0.258819045,0,0,0.523598776,0,0,0.975383639,0.219957203,0.015660387,0.000690162,0.443721217,0.030250767,0.008239436,-0.001475215,-0.000309944,0.001207739,0.151663901,-0.013376997,0.003166013,0.162409112,0.134379074,0.140273452,0.16830349,-0.140273452,-0.16830349,-0.162409112,-0.134379074,0.079877559,0.030250767,0.008239436
27.94993997,0.965925826,0.258819045,0,0,0.523598776,0,0,0.975348949,0.220110103,0.015676187,0.000664763,0.444034423,0.030291489,0.008201579,0.002395362,-0.000315905,-0.00128895,0.150315934,-0.014225486,0.003394216,0.161147162,0.132696211,0.139484644,0.167935595,-0.139484644,-0.167935595,-0.161147162,-0.132696211,0.079564353,0.030291489,0.008201579
28.00246,0.965925826,0.258819045,0,0,0.523598776,0,0,0.975339711,0.220151544,0.015667347,0.000689713,0.444119928,0.030262902,0.008247659,0.002314895,-0.006914139,-0.000998378,0.150800192,-0.013377955,0.003686542,0.160491571,0.133735672,0.141108751,0.16786465,-0.141108751,-0.16786465,-0.160491571,-0.133735672,0.079478848,0.030262902,0.008247659
28.04963994,0.965925826,0.258819045,0,0,0.523598776,0,0,0.975327194,0.220206335,0.015675263,0.000722917,0.444233408,0.030263253,0.008317648,0.000787527,-0.002235174,0.004822761,0.151028178,-0.012849743,0.002414552,0.160491571,0.133735672,0.141108751,0.16786465,-0.141108751,-0.16786465,-0.160491571,-0.133735672,0.079365368,0.030263253,0.008317648
28.10133004,0.965925826,0.258819045,0,0,0.523598776,0,0,0.9753142,0.220263198,0.015676549,0.000713317,0.444349857,0.03026951,0.008301249,0.005616993,-0.000931323,0.004415959,0.150057027,-0.013225163,0.002503047,0.161463335,0.135763854,0.140592963,0.166292429,-0.140592963,-0.166292429,-0.161463335,-0.135763854,0.079248919,0.03026951,0.008301249
28.15180993,0.965925826,0.258819045,0,0,0.523598776,0,0,0.975304365,0.220307112,0.015680157,0.00070709,0.444439771,0.030278917,0.008292051,0.002784282,0.003705174,-0.000877679,0.150566696,-0.014557361,0.003568634,0.160779104,0.134328797,0.139334887,0.165785193,-0.139334887,-0.165785193,-0.160779104,-0.134328797,0.079159005,0.030278917,0.008292051
28.19796014,0.965925826,0.258819045,0,0,0.523598776,0,0,0.975292563,0.220359147,0.015678197,0.000710339,0.44454658,0.030273221,0.008299143,0.001416355,-0.003439188,0.003979355,0.150784939,-0.012499671,0.002590999,0.160693571,0.135694236,0.140876248,0.165875569,-0.140876248,-0.165875569,-0.160693571,-0.135694236,0.079052196,0.030273221,0.008299143
28.24861002,0.965925826,0.258819045,0,0,0.523598776,0,0,0.975273907,0.220441267,0.015686048,0.000758928,0.444716524,0.030266405,0.008399974,0.005356222,-0.004246831,-0.001353026,0.150547986,-0.014834466,0.002913213,0.162469193,0.132800281,0.13862671,0.168295622,-0.13862671,-0.168295622,-0.162469193,-0.132800281,0.078882252,0.030266405,0.008399974
28.29934001,0.965925826,0.258819045,0,0,0.523598776,0,0,0.975271106,0.220454171,0.015677126,0.000746275,0.444742459,0.03025447,0.008371745,0.002685934,0.001775473,-0.001138449,0.149966826,-0.012275789,0.003611501,0.158631071,0.134079516,0.141302511,0.165854082,-0.141302511,-0.165854082,-0.158631071,-0.134079516,0.078856317,0.03025447,0.008371745
28.35226011,0.965925826,0.258819045,0,0,0.523598776,0,0,0.975261152,0.220497742,0.015677795,0.000766832,0.444832455,0.030246332,0.008413508,0.005651266,0.001128763,0.004512817,0.150467489,-0.014007141,0.00358227,0.160892323,0.13287805,0.140042588,0.168056861,-0.140042588,-0.168056861,-0.160892323,-0.13287805,0.078766321,0.030246332,0.008413508
28.39941001,0.965925826,0.258819045,0,0,0.523598776,0,0,0.975252211,0.22053735,0.015685774,0.000772471,0.444913965,0.030259065,0.008429262,-0.002139807,-0.00064522,0.002295524,0.151323724,-0.01332797,0.002875215,0.161776438,0.135120511,0.140870944,0.167526871,-0.140870944,-0.167526871,-0.161776438,-0.135120511,0.078684811,0.030259065,0.008429262
28.44995999,0.965925826,0.258819045,0,0,0.523598776,0,0,0.975239754,0.220593348,0.015670957,0.000766029,0.445028338,0.030232519,0.008411884,-0.003306568,0.000330061,0.002933294,0.151501732,-0.013597201,0.002749973,0.162348911,0.13515453,0.140654474,0.16784887,-0.140654474,-0.16784887,-0.162348911,-0.13515453,0.078570438,0.030232519,0.008411884
28.49948001,0.965925826,0.258819045,0,0,0.523598776,0,0,0.975235939,0.220611095,0.015654564,0.000785349,0.445064943,0.030191858,0.00844289,-0.000183284,-0.006087123,0.004618615,0.150888658,-0.011735755,0.002387182,0.160237193,0.136765689,0.141540065,0.165011555,-0.141540065,-0.165011555,-0.160237193,-0.136765689,0.078533833,0.030191858,0.00844289
28.54920006,0.965925826,0.258819045,0,0,0.523598776,0,0,0.97523278,0.22062245,0.015694527,0.000836603,0.445090508,0.030247091,0.008560914,6.78E-05,0.003830343,0.004882366,0.150833508,-0.014646249,0.002318348,0.163161367,0.133868888,0.138505578,0.167798057,-0.138505578,-0.167798057,-0.163161367,-0.133868888,0.078508268,0.030247091,0.008560914
28.60088015,0.965925826,0.258819045,0,0,0.523598776,0,0,0.975220442,0.220675498,0.015712012,0.000823072,0.445199359,0.030286712,0.008543887,0.003480166,1.27E-05,0.00314638,0.150333008,-0.012583326,0.002951658,0.159964636,0.134798005,0.140701309,0.165867954,-0.140701309,-0.165867954,-0.159964636,-0.134798005,0.078399417,0.030286712,0.008543887
28.65084004,0.965925826,0.258819045,0,0,0.523598776,0,0,0.975217104,0.220690385,0.015710007,0.000841189,0.445230352,0.030274671,0.008578813,0.003062934,0.001124293,-0.00038147,0.150135348,-0.013556512,0.002665126,0.161026686,0.133913681,0.139243931,0.166356951,-0.139243931,-0.166356951,-0.161026686,-0.133913681,0.078368424,0.030274671,0.008578813
28.69977999,0.965925826,0.258819045,0,0,0.523598776,0,0,0.975209951,0.220721245,0.015714139,0.000843124,0.445293845,0.030281607,0.008585377,0.00070557,-0.004036725,0.005393475,0.150629297,-0.012396708,0.002197318,0.16082865,0.136035249,0.140429884,0.165223286,-0.140429884,-0.165223286,-0.16082865,-0.136035249,0.078304931,0.030281607,0.008585377
28.74981999,0.965925826,0.258819045,0,0,0.523598776,0,0,0.975212514,0.220711425,0.015695732,0.000832014,0.445272967,0.030250691,0.008555254,0.000178069,-0.002560019,0.001045316,0.150740314,-0.012796782,0.00307082,0.160466239,0.13487269,0.141014323,0.166607872,-0.141014323,-0.166607872,-0.160466239,-0.13487269,0.078325809,0.030250691,0.008555254
28.79988003,0.965925826,0.258819045,0,0,0.523598776,0,0,0.975211918,0.220714882,0.015687903,0.000806713,0.44527916,0.030246562,0.008502531,0.006670506,0.001821667,0.00108555,0.149493134,-0.014051356,0.003083946,0.160460502,0.132357806,0.138525695,0.166628391,-0.138525695,-0.166628391,-0.160460502,-0.132357806,0.078319616,0.030246562,0.008502531
28.8506701,0.965925826,0.258819045,0,0,0.523598776,0,0,0.975215137,0.220700592,0.015685866,0.000848779,0.445250985,0.030224134,0.008583268,0.001182407,-0.006505848,0.002799183,0.150564763,-0.011652934,0.002708874,0.15950878,0.136202931,0.141620681,0.164926529,-0.141620681,-0.164926529,-0.15950878,-0.136202931,0.078347791,0.030224134,0.008583268
28.89828014,0.965925826,0.258819045,0,0,0.523598776,0,0,0.975205958,0.220742866,0.015666353,0.000804666,0.445336019,0.03020518,0.008489874,5.22E-06,0.00377968,0.000739843,0.14986184,-0.013615159,0.003331763,0.160145193,0.132914886,0.139578417,0.166808724,-0.139578417,-0.166808724,-0.160145193,-0.132914886,0.078262757,0.03020518,0.008489874
28.94870996,0.965925826,0.258819045,0,0,0.523598776,0,0,0.975205481,0.220744684,0.015665416,0.000831403,0.445340501,0.030191528,0.008541688,0.002690405,-0.001510978,0.000748784,0.150747751,-0.014597926,0.003152012,0.162193626,0.132997781,0.139301807,0.168497652,-0.139301807,-0.168497652,-0.162193626,-0.132997781,0.078258275,0.030191528,0.008541688
28.99893999,0.965925826,0.258819045,0,0,0.523598776,0,0,0.975196123,0.220785171,0.015674749,0.00083621,0.445423908,0.030207259,0.008556451,0.006280095,0.000334531,0.000242144,0.149511927,-0.01361648,0.003221225,0.159907147,0.132674202,0.139116645,0.16634959,-0.139116645,-0.16634959,-0.159907147,-0.132674202,0.078174868,0.030207259,0.008556451
29.04945016,0.965925826,0.258819045,0,0,0.523598776,0,0,0.975198984,0.220774636,0.015651515,0.000812871,0.445401095,0.030172334,0.008500308,0.001718849,0.003845245,0.001176447,0.150393635,-0.014607556,0.003053107,0.159907147,0.132674202,0.139116645,0.16634959,-0.139116645,-0.16634959,-0.159907147,-0.132674202,0.078197681,0.030172334,0.008500308
29.09832001,0.965925826,0.258819045,0,0,0.523598776,0,0,0.975193381,0.220798969,0.015655223,0.000810165,0.445451033,0.030180553,0.008497421,0.000268966,0.002800673,0.00648126,0.150649253,-0.014318119,0.001997655,0.162969679,0.134333462,0.138328761,0.166964993,-0.138328761,-0.166964993,-0.162969679,-0.134333462,0.078147743,0.030180553,0.008497421
29.15082002,0.965925826,0.258819045,0,0,0.523598776,0,0,0.975192845,0.220802248,0.015643729,0.000829854,0.445458037,0.030149401,0.008530855,0.001271814,0.002817065,-0.001402199,0.150458458,-0.014303133,0.003549684,0.162969679,0.134333462,0.138328761,0.166964993,-0.138328761,-0.166964993,-0.162969679,-0.134333462,0.078140739,0.030149401,0.008530855
29.20070004,0.965925826,0.258819045,0,0,0.523598776,0,0,0.975190163,0.220812455,0.015668448,0.000825609,0.445479393,0.030199408,0.008533822,0.004989654,0.002896041,0.002015382,0.149989643,-0.013576839,0.003358178,0.160208255,0.133054599,0.139770955,0.166924626,-0.139770955,-0.166924626,-0.160208255,-0.133054599,0.078119383,0.030199408,0.008533822
29.25072002,0.965925826,0.258819045,0,0,0.523598776,0,0,0.975187957,0.220822826,0.015663562,0.000817686,0.445500313,0.030193286,0.008516521,-0.000493228,-0.005725028,0.003837795,0.149736157,-0.014352717,0.002876877,0.161211953,0.132506534,0.13826029,0.166965708,-0.13826029,-0.166965708,-0.161211953,-0.132506534,0.078098463,0.030193286,0.008516521
29.29974008,0.965925826,0.258819045,0,0,0.523598776,0,0,0.975185633,0.220832959,0.015662154,0.000797979,0.445520547,0.030199161,0.008477761,0.00148043,-0.003059208,0.002489239,0.150391987,-0.012618255,0.002801158,0.160209045,0.134972543,0.140574858,0.16581136,-0.140574858,-0.16581136,-0.160209045,-0.134972543,0.078078229,0.030199161,0.008477761
29.35068011,0.965925826,0.258819045,0,0,0.523598776,0,0,0.975182831,0.220845461,0.015661854,0.000773336,0.445545495,0.030209357,0.008429932,0.001510233,-0.001700223,-0.000181794,0.15037729,-0.01299947,0.003355913,0.160020813,0.134021878,0.140733704,0.166732639,-0.140733704,-0.166732639,-0.160020813,-0.134021878,0.078053281,0.030209357,0.008429932
29.40050006,0.965925826,0.258819045,0,0,0.523598776,0,0,0.975183547,0.220842287,0.015656628,0.000788577,0.445539328,0.030192456,0.00845726,0.000625104,0.003946572,-0.000719726,0.150549415,-0.014631344,0.003452962,0.161727756,0.132465079,0.139371008,0.168633685,-0.139371008,-0.168633685,-0.161727756,-0.132465079,0.078059448,0.030192456,0.00845726
29.45176005,0.965925826,0.258819045,0,0,0.523598776,0,0,0.975176752,0.220873177,0.01564477,0.000790941,0.445602494,0.030168011,0.008457584,0.005405396,-0.007061659,0.003681332,0.149607116,-0.011446603,0.002560542,0.158493131,0.135599941,0.140721023,0.163614228,-0.140721023,-0.163614228,-0.158493131,-0.135599941,0.077996282,0.030168011,0.008457584
29.50064015,0.965925826,0.258819045,0,0,0.523598776,0,0,0.975163937,0.220930278,0.015642148,0.00080913,0.445720037,0.030154357,0.008493677,0.001195819,-0.000321865,0.003346056,0.149584486,-0.012753035,0.002655865,0.159681618,0.134175554,0.139487296,0.164993346,-0.139487296,-0.164993346,-0.159681618,-0.134175554,0.077878739,0.030154357,0.008493677
29.55141997,0.965925826,0.258819045,0,0,0.523598776,0,0,0.9751513,0.220984519,0.015660124,0.000824912,0.445832162,0.030181973,0.008534106,0.005543978,-0.003907084,0.002410264,0.15036757,-0.013398054,0.002616018,0.161149561,0.134353474,0.13958551,0.166381598,-0.13958551,-0.166381598,-0.161149561,-0.134353474,0.077766614,0.030181973,0.008534106
29.59827995,0.965925826,0.258819045,0,0,0.523598776,0,0,0.975149333,0.220992088,0.015676351,0.000838261,0.445848413,0.030207657,0.008567571,0.005684048,0.002615899,0.001611561,0.150080228,-0.014070294,0.003373603,0.160776883,0.132636309,0.13938351,0.167524084,-0.13938351,-0.167524084,-0.160776883,-0.132636309,0.077750363,0.030207657,0.008567571
29.64795995,0.965925826,0.258819045,0,0,0.523598776,0,0,0.975142539,0.22102043,0.015691096,0.000828777,0.445906679,0.030240369,0.008556474,-0.000704825,-0.000119209,0.001580268,0.150659921,-0.013500306,0.002962929,0.16119726,0.134196654,0.140122518,0.167123109,-0.140122518,-0.167123109,-0.16119726,-0.134196654,0.077692097,0.030240369,0.008556474
29.69960999,0.965925826,0.258819045,0,0,0.523598776,0,0,0.975134015,0.221058726,0.01568714,0.000816482,0.445984772,0.030237752,0.00853192,0.00173375,0.001171976,0.002742559,0.150161113,-0.013869723,0.002740374,0.161290422,0.133550987,0.139031738,0.166771173,-0.139031738,-0.166771173,-0.161290422,-0.133550987,0.077614004,0.030237752,0.00853192
29.74998999,0.965925826,0.258819045,0,0,0.523598776,0,0,0.975126803,0.221090928,0.01568228,0.000805801,0.446050424,0.030232716,0.008509927,0.000391156,0.000523776,0.000555068,0.150393458,-0.013671125,0.003184103,0.160880446,0.133538201,0.139906406,0.167248651,-0.139906406,-0.167248651,-0.160880446,-0.133538201,0.077548352,0.030232716,0.008509927
29.79879999,0.965925826,0.258819045,0,0,0.523598776,0,0,0.975113213,0.221149802,0.015700955,0.000819927,0.446171979,0.030262376,0.008547586,0.004944951,-0.001792609,0.002443045,0.149467982,-0.014328585,0.002979747,0.160816774,0.132159621,0.138119116,0.16677627,-0.138119116,-0.16677627,-0.160816774,-0.132159621,0.077426797,0.030262376,0.008547586
29.85045004,0.965925826,0.258819045,0,0,0.523598776,0,0,0.975110114,0.221162528,0.015711602,0.000812529,0.446198135,0.030286308,0.008538263,0.004737825,-0.00127703,-0.002187491,0.149472744,-0.013024818,0.002796262,0.159701258,0.133651644,0.139244169,0.165293783,-0.139244169,-0.165293783,-0.159701258,-0.133651644,0.077400641,0.030286308,0.008538263
29.90305996,0.965925826,0.258819045,0,0,0.523598776,0,0,0.975103796,0.221189961,0.015715657,0.000830401,0.446255012,0.030286068,0.008575782,0.00582859,-0.005108118,-0.001181662,0.149504347,-0.013172218,0.003729153,0.158947378,0.132602945,0.140061259,0.166405678,-0.140061259,-0.166405678,-0.158947378,-0.132602945,0.077343764,0.030286068,0.008575782
29.95001006,0.965925826,0.258819045,0,0,0.523598776,0,0,0.975103498,0.221192509,0.015696228,0.00082061,0.446259552,0.030252481,0.008548151,0.000583381,-0.008302927,0.001709908,0.15027474,-0.011136341,0.002936734,0.158474311,0.136201635,0.142075107,0.164347768,-0.142075107,-0.164347768,-0.158474311,-0.136201635,0.077339224,0.030252481,0.008548151
29.99892998,0.965925826,0.258819045,0,0,0.523598776,0,0,0.97510767,0.221173242,0.015711231,0.000823945,0.446220431,0.030280439,0.008560707,0.000371784,0.002180785,0.001771003,0.150330191,-0.014182499,0.002933115,0.161579534,0.133214548,0.139080778,0.167445764,-0.139080778,-0.167445764,-0.161579534,-0.133214548,0.077378345,0.030280439,0.008560707
30.04892993,0.965925826,0.258819045,0,0,0.523598776,0,0,0.975104332,0.221187785,0.015715573,0.000810609,0.446249981,0.030294683,0.008537061,0.001790375,0.000368804,0.001398474,0.150046869,-0.013657956,0.003018187,0.160686597,0.133370697,0.139407068,0.166722968,-0.139407068,-0.166722968,-0.160686597,-0.133370697,0.077348795,0.030294683,0.008537061
30.09977007,0.965925826,0.258819045,0,0,0.523598776,0,0,0.975106537,0.221178904,0.015699536,0.000813039,0.446231503,0.030262404,0.008534424,0.002985448,0.000222772,0.004517287,0.150495131,-0.012411182,0.002619733,0.160286546,0.135464191,0.140703663,0.165526003,-0.140703663,-0.165526003,-0.160286546,-0.135464191,0.077367273,0.030262404,0.008534424
30.15198994,0.965925826,0.258819045,0,0,0.523598776,0,0,0.975111187,0.221159577,0.015682489,0.000811178,0.446191429,0.030230145,0.00852264,0.003065914,-0.000305474,0.00057444,0.149823513,-0.013608756,0.002389659,0.161042571,0.133825079,0.138604388,0.16582188,-0.138604388,-0.16582188,-0.161042571,-0.133825079,0.077407347,0.030230145,0.00852264
30.20084,0.965925826,0.258819045,0,0,0.523598776,0,0,0.975114405,0.221145868,0.015679277,0.000796698,0.446162809,0.030230408,0.008492539,0.002283603,-0.006349385,0.003968924,0.149825648,-0.013433354,0.003173239,0.160085723,0.133219033,0.139565513,0.166432202,-0.139565513,-0.166432202,-0.160085723,-0.133219033,0.077435967,0.030230408,0.008492539
30.25081992,0.965925826,0.258819045,0,0,0.523598776,0,0,0.975118399,0.22112678,0.015696624,0.000839132,0.446125231,0.030245636,0.008582423,-0.000460446,-0.005242229,0.006125122,0.150525485,-0.012035052,0.002043617,0.160516873,0.136446789,0.140534028,0.164604113,-0.140534028,-0.164604113,-0.160516873,-0.136446789,0.077473545,0.030245636,0.008582423
30.29966998,0.965925826,0.258819045,0,0,0.523598776,0,0,0.975126028,0.22109367,0.015690755,0.000835623,0.446057067,0.03023603,0.008571951,0.000817329,0.001142174,-0.001244247,0.150310604,-0.013861663,0.003519568,0.160652652,0.132929355,0.139968485,0.167691797,-0.139968485,-0.167691797,-0.160652652,-0.132929355,0.077541709,0.03023603,0.008571951
30.34961009,0.965925826,0.258819045,0,0,0.523598776,0,0,0.975129783,0.221076801,0.015696853,0.000835001,0.446022568,0.030248348,0.008572914,-0.002375245,0.001070649,0.003556162,0.150933577,-0.013854951,0.002565343,0.162223145,0.134513259,0.139643937,0.167353824,-0.139643937,-0.167353824,-0.162223145,-0.134513259,0.077576208,0.030248348,0.008572914
30.39955997,0.965925826,0.258819045,0,0,0.523598776,0,0,0.975141406,0.221026108,0.015686525,0.000830022,0.445918223,0.03023085,0.008557054,-0.001962482,-0.000843406,-0.001996756,0.150756628,-0.013523807,0.003142055,0.161138341,0.134090737,0.140374854,0.167422444,-0.140374854,-0.167422444,-0.161138341,-0.134090737,0.077680553,0.03023085,0.008557054
30.44963002,0.965925826,0.258819045,0,0,0.523598776,0,0,0.975155413,0.220965043,0.015678175,0.000794415,0.445791771,0.030230841,0.00848199,-0.001043081,-0.000658631,0.001973659,0.150904616,-0.013275369,0.003694458,0.160485491,0.133934766,0.141323686,0.167874396,-0.141323686,-0.167874396,-0.160485491,-0.133934766,0.077807005,0.030230841,0.00848199
30.49987006,0.965925826,0.258819045,0,0,0.523598776,0,0,0.975158632,0.220950648,0.015685059,0.000798832,0.445762487,0.03024244,0.008493208,-0.004072488,0.004854053,0.002799183,0.15076908,-0.013324711,0.002911515,0.16118224,0.134532824,0.140355855,0.167005271,-0.140355855,-0.167005271,-0.16118224,-0.134532824,0.077836289,0.03024244,0.008493208
30.55069995,0.965925826,0.258819045,0,0,0.523598776,0,0,0.975165009,0.220923752,0.015670512,0.000752998,0.445705702,0.030234559,0.008396505,0.001946837,-0.005574525,0.001815706,0.150229675,-0.01188499,0.002973282,0.159141347,0.135371372,0.141317949,0.165087909,-0.141317949,-0.165087909,-0.159141347,-0.135371372,0.077893074,0.030234559,0.008396505
30.60148001,0.965925826,0.258819045,0,0,0.523598776,0,0,0.975171447,0.220895961,0.015657414,0.000757334,0.445648556,0.030207332,0.008398309,0.004113466,0.00032112,-0.000116229,0.149837518,-0.013576669,0.00335548,0.160058662,0.132905349,0.139616311,0.166769624,-0.139616311,-0.166769624,-0.160058662,-0.132905349,0.07795022,0.030207332,0.008398309
30.65179014,0.965925826,0.258819045,0,0,0.523598776,0,0,0.97517699,0.220870927,0.015663315,0.000769955,0.445597695,0.030213482,0.00842477,0.001225621,-0.003451109,0.001759082,0.150410408,-0.012497205,0.002970563,0.159937009,0.134942621,0.140883744,0.165878132,-0.140883744,-0.165878132,-0.159937009,-0.134942621,0.078001081,0.030213482,0.00842477
30.69960999,0.965925826,0.258819045,0,0,0.523598776,0,0,0.975188136,0.220821694,0.015661247,0.000766582,0.445496579,0.030211365,0.008415749,0.001520663,-0.001381338,0.002817065,0.150392884,-0.013095108,0.002764086,0.160723865,0.134533659,0.14006184,0.166252032,-0.14006184,-0.166252032,-0.160723865,-0.134533659,0.078102197,0.030211365,0.008415749
30.75055003,0.965925826,0.258819045,0,0,0.523598776,0,0,0.975209534,0.220726579,0.015666405,0.000789167,0.445302232,0.030212273,0.008459152,-0.00102818,0.001204759,-0.000925362,0.151223905,-0.014189774,0.003450138,0.160723865,0.134533659,0.14006184,0.166252032,-0.14006184,-0.166252032,-0.160723865,-0.134533659,0.078296544,0.030212273,0.008459152
30.8016901,0.965925826,0.258819045,0,0,0.523598776,0,0,0.975215197,0.220700666,0.015683504,0.00079355,0.445249543,0.030243917,0.00847446,-3.43E-05,0.003805012,0.00109002,0.150959712,-0.013845701,0.003496283,0.161309093,0.133617699,0.140610263,0.168301657,-0.140610263,-0.168301657,-0.161309093,-0.133617699,0.078349233,0.030243917,0.00847446
30.84961009,0.965925826,0.258819045,0,0,0.523598776,0,0,0.975219548,0.220681712,0.015675768,0.000813441,0.445211069,0.030220209,0.008509265,0.001267344,0.002176315,0.001918524,0.15055474,-0.014146564,0.002911187,0.161790073,0.13349697,0.139319345,0.167612448,-0.139319345,-0.167612448,-0.161790073,-0.13349697,0.078387707,0.030220209,0.008509265
30.90048003,0.965925826,0.258819045,0,0,0.523598776,0,0,0.975228786,0.220641345,0.015678003,0.000833348,0.445128803,0.030216128,0.008547844,0.000866503,0.003289431,0.000111014,0.150665083,-0.01447199,0.003256557,0.161880478,0.132936507,0.139449626,0.168393582,-0.139449626,-0.168393582,-0.161880478,-0.132936507,0.078469973,0.030216128,0.008547844
30.95055008,0.965925826,0.258819045,0,0,0.523598776,0,0,0.975233495,0.220619947,0.015676599,0.000866154,0.445085853,0.030199096,0.008610578,-0.001864135,0.000176579,0.003468246,0.151204198,-0.013585352,0.002557076,0.162232429,0.135061741,0.140175894,0.167346582,-0.140175894,-0.167346582,-0.162232429,-0.135061741,0.078512923,0.030199096,0.008610578
31.00197005,0.965925826,0.258819045,0,0,0.523598776,0,0,0.975234747,0.220613405,0.015696766,0.000867763,0.445072884,0.030237783,0.008622426,-0.000363588,0.001247972,0.000951439,0.150923175,-0.013907965,0.003063241,0.161767855,0.133951947,0.140078425,0.167894334,-0.140078425,-0.167894334,-0.161767855,-0.133951947,0.078525892,0.030237783,0.008622426
31.05059004,0.965925826,0.258819045,0,0,0.523598776,0,0,0.975242496,0.220577285,0.015714979,0.000885323,0.444999739,0.030265886,0.00866362,-0.003395975,-0.000597537,-0.000101328,0.150413059,-0.013505322,0.002923466,0.161767855,0.133951947,0.140078425,0.167894334,-0.140078425,-0.167894334,-0.161767855,-0.133951947,0.078599037,0.030265886,0.00866362
31.10166001,0.965925826,0.258819045,0,0,0.523598776,0,0,0.975239098,0.220593989,0.015701285,0.000861834,0.445032979,0.030249387,0.008612251,0.004506857,0.003384799,0.000662357,0.151533965,-0.013391881,0.003262744,0.161663055,0.134879321,0.141404808,0.168188542,-0.141404808,-0.168188542,-0.161663055,-0.134879321,0.078565797,0.030249387,0.008612251
31.15058994,0.965925826,0.258819045,0,0,0.523598776,0,0,0.975237846,0.220598727,0.015708053,0.000844708,0.445042408,0.030270113,0.008581971,0.002350659,0.00289157,0.002562255,0.15041389,-0.014390099,0.002765453,0.16203849,0.133258313,0.138789222,0.167569399,-0.138789222,-0.167569399,-0.16203849,-0.133258313,0.078556368,0.030270113,0.008581971
31.20063996,0.965925826,0.258819045,0,0,0.523598776,0,0,0.975232303,0.220623627,0.015700687,0.000845495,0.445093354,0.030255175,0.008581024,0.000736862,-0.00564903,0.005031378,0.150702304,-0.011918455,0.0022644,0.160356313,0.136519417,0.141048223,0.164885119,-0.141048223,-0.164885119,-0.160356313,-0.136519417,0.078505422,0.030255175,0.008581024
31.25075006,0.965925826,0.258819045,0,0,0.523598776,0,0,0.975227833,0.220642179,0.015717482,0.000854985,0.445132044,0.030283587,0.008607542,-0.003750623,0.006521495,-0.000916422,0.151549433,-0.015443861,0.003456425,0.163536832,0.132649124,0.139561981,0.170449674,-0.139561981,-0.170449674,-0.163536832,-0.132649124,0.078466732,0.030283587,0.008607542
31.29975009,0.965925826,0.258819045,0,0,0.523598776,0,0,0.975218534,0.220683753,0.015713109,0.000857231,0.445217271,0.030273696,0.008611281,-0.001479685,0.003207475,0.001054257,0.151080066,-0.014486285,0.003056641,0.162509665,0.133537114,0.139650404,0.168622956,-0.139650404,-0.168622956,-0.162509665,-0.133537114,0.078381505,0.030273696,0.008611281
31.35170007,0.965925826,0.258819045,0,0,0.523598776,0,0,0.975196719,0.220780179,0.015712751,0.000825657,0.445414184,0.030286096,0.008552509,0.007200987,-0.001819432,-0.001686812,0.149588019,-0.013887954,0.002837132,0.160638794,0.132862911,0.138537169,0.166313067,-0.138537169,-0.166313067,-0.160638794,-0.132862911,0.078184592,0.030286096,0.008552509
31.40272999,0.965925826,0.258819045,0,0,0.523598776,0,0,0.975184262,0.22083731,0.01568852,0.000814348,0.445530489,0.030243321,0.008521498,0.005026907,-0.004179776,0.001590699,0.149340524,-0.013019209,0.003623074,0.158736616,0.132698208,0.13994436,0.165982768,-0.13994436,-0.165982768,-0.158736616,-0.132698208,0.078068287,0.030243321,0.008521498
31.45525002,0.965925826,0.258819045,0,0,0.523598776,0,0,0.975164771,0.220922828,0.015690934,0.000815263,0.445706031,0.03024688,0.008527006,0.009707362,-0.001215935,0.00096336,0.149709552,-0.012319327,0.002971063,0.159057781,0.134419143,0.140361264,0.164999902,-0.140361264,-0.164999902,-0.159057781,-0.134419143,0.077892745,0.03024688,0.008527006
31.49992013,0.965925826,0.258819045,0,0,0.523598776,0,0,0.975154102,0.22097002,0.015687486,0.000807,0.445802549,0.030243397,0.008510821,-0.000853837,0.001134724,0.002213567,0.150728635,-0.013855186,0.002856269,0.161727518,0.134017155,0.139729694,0.167440042,-0.139729694,-0.167440042,-0.161727518,-0.134017155,0.077796227,0.030243397,0.008510821
31.55062008,0.965925826,0.258819045,0,0,0.523598776,0,0,0.975137532,0.221043155,0.015691459,0.000815256,0.445952864,0.030246855,0.008530958,0.001134723,0.002256781,0.000313669,0.150289588,-0.014182081,0.003228142,0.161243483,0.132879347,0.139335632,0.167699769,-0.139335632,-0.167699769,-0.161243483,-0.132879347,0.077645912,0.030246855,0.008530958
31.60116005,0.965925826,0.258819045,0,0,0.523598776,0,0,0.975130498,0.221074089,0.015694458,0.000795897,0.446015844,0.030260998,0.008495472,-0.000621378,0.000337511,-0.000180304,0.15060138,-0.013623412,0.003342867,0.160881892,0.133635074,0.140320808,0.167567611,-0.140320808,-0.167567611,-0.160881892,-0.133635074,0.077582932,0.030260998,0.008495472
31.65223002,0.965925826,0.258819045,0,0,0.523598776,0,0,0.975109458,0.221164763,0.015717885,0.00082,0.446203088,0.030295238,0.008555695,0.005393475,-0.000199676,-3.28E-05,0.149598734,-0.012786492,0.002649051,0.159736142,0.134163171,0.139461264,0.165034235,-0.139461264,-0.165034235,-0.159736142,-0.134163171,0.077395688,0.030295238,0.008555695
31.70060015,0.965925826,0.258819045,0,0,0.523598776,0,0,0.97510159,0.221198693,0.015732568,0.000816019,0.446272882,0.030325342,0.008555487,-0.000798702,0.002687425,0.00429824,0.14937581,-0.013495346,0.003295053,0.159576058,0.132585391,0.13917549,0.166166171,-0.13917549,-0.166166171,-0.159576058,-0.132585391,0.077325894,0.030325342,0.008555487
31.75051999,0.965925826,0.258819045,0,0,0.523598776,0,0,0.975094914,0.221227229,0.015741503,0.000815302,0.446331627,0.03034284,0.008558935,0.002802163,0.001784414,0.001113862,0.15053262,-0.014349959,0.002441643,0.162440896,0.133740991,0.138624281,0.167324185,-0.138624281,-0.167324185,-0.162440896,-0.133740991,0.077267149,0.03034284,0.008558935
31.80060005,0.965925826,0.258819045,0,0,0.523598776,0,0,0.975089908,0.221247315,0.015770609,0.000833649,0.446373983,0.030391312,0.008608256,0.001490861,0.009194762,0.002782792,0.150055132,-0.016266719,0.00274139,0.163580418,0.131046996,0.136529773,0.169063196,-0.136529773,-0.169063196,-0.163580418,-0.131046996,0.077224793,0.030391312,0.008608256
31.84973001,0.965925826,0.258819045,0,0,0.523598776,0,0,0.975082636,0.221279547,0.015767047,0.000839705,0.446440202,0.0303814,0.008619496,0.007044525,0.003287942,0.004161149,0.148964697,-0.01455975,0.002454151,0.161070257,0.131950766,0.136859074,0.165978551,-0.136859074,-0.165978551,-0.161070257,-0.131950766,0.077158574,0.0303814,0.008619496
31.89978004,0.965925826,0.258819045,0,0,0.523598776,0,0,0.975081325,0.221285403,0.015767103,0.000874876,0.446453184,0.030365882,0.008688324,0.001115352,-0.001497567,0.001745671,0.150097769,-0.013179857,0.002903759,0.160373822,0.13401413,0.139821649,0.166181341,-0.139821649,-0.166181341,-0.160373822,-0.13401413,0.077145592,0.030365882,0.008688324
31.95202994,0.965925826,0.258819045,0,0,0.523598776,0,0,0.975064993,0.22135745,0.015758365,0.000928035,0.446602321,0.030324652,0.008790406,-0.000852347,-0.007998943,0.004316122,0.148973956,-0.014613974,0.003090655,0.160497233,0.131269306,0.137450621,0.166678548,-0.137450621,-0.166678548,-0.160497233,-0.131269306,0.076996455,0.030324652,0.008790406
32.00170994,0.965925826,0.258819045,0,0,0.523598776,0,0,0.975055873,0.221397117,0.015762737,0.000939207,0.446684127,0.030327873,0.008815376,0.003231317,-0.000533462,0.001835078,0.150416046,-0.011310991,0.002337777,0.159389228,0.136767253,0.141442806,0.16406478,-0.141442806,-0.16406478,-0.159389228,-0.136767253,0.076914649,0.030327873,0.008815376
32.05084014,0.965925826,0.258819045,0,0,0.523598776,0,0,0.97505331,0.221409619,0.015752086,0.000907996,0.446708629,0.030320812,0.008750147,0.004879386,-0.0035882,0.001680106,0.149602452,-0.013472792,0.002827413,0.160247788,0.133302227,0.138957053,0.165902615,-0.138957053,-0.165902615,-0.160247788,-0.133302227,0.076890147,0.030320812,0.008750147
32.09958005,0.965925826,0.258819045,0,0,0.523598776,0,0,0.975057423,0.221390545,0.01575925,0.000944627,0.446670716,0.03031873,0.008824198,0.001322478,0.006046146,0.005254894,0.149971496,-0.015380914,0.002144906,0.163207456,0.132445648,0.136735469,0.167497277,-0.136735469,-0.167497277,-0.163207456,-0.132445648,0.07692806,0.03031873,0.008824198
32.15061998,0.965925826,0.258819045,0,0,0.523598776,0,0,0.975054026,0.22140646,0.015751205,0.000958326,0.446703525,0.030296822,0.008847851,0.002900511,-0.003753603,0.003848225,0.149657634,-0.012540425,0.002404143,0.159793869,0.134713039,0.139521331,0.16460216,-0.139521331,-0.16460216,-0.159793869,-0.134713039,0.076895251,0.030296822,0.008847851
32.20239997,0.965925826,0.258819045,0,0,0.523598776,0,0,0.975067019,0.221347809,0.015768059,0.000981602,0.446584242,0.030319918,0.008898913,-0.005984306,-0.000330806,0.000420958,0.15140899,-0.013543671,0.003077605,0.16187501,0.134787694,0.140942901,0.168030217,-0.140942901,-0.168030217,-0.16187501,-0.134787694,0.077014534,0.030319918,0.008898913
32.25,0.965925826,0.258819045,0,0,0.523598776,0,0,0.975070953,0.221329138,0.015782889,0.001004165,0.446546923,0.030339024,0.008948928,-0.002260506,-0.003421307,0.002733618,0.149958667,-0.014916168,0.003053333,0.161821455,0.131989136,0.138095811,0.167928129,-0.138095811,-0.167928129,-0.161821455,-0.131989136,0.077051853,0.030339024,0.008948928
32.29970002,0.965925826,0.258819045,0,0,0.523598776,0,0,0.975087285,0.221257165,0.015787564,0.000999521,0.446399213,0.030350858,0.008939698,-0.003510714,0.003116579,-0.000217557,0.150723282,-0.012676085,0.002585523,0.160813808,0.135461643,0.140632689,0.165984854,-0.140632689,-0.165984854,-0.160813808,-0.135461643,0.077199563,0.030350858,0.008939698
32.35166001,0.965925826,0.258819045,0,0,0.523598776,0,0,0.97509861,0.221206695,0.015791439,0.001018261,0.446296306,0.030350583,0.008976408,-0.002498925,0.002459437,0.000254065,0.151008359,-0.01456071,0.003197512,0.162371516,0.133250117,0.139645129,0.168766543,-0.139645129,-0.168766543,-0.162371516,-0.133250117,0.07730247,0.030350583,0.008976408
32.40127015,0.965925826,0.258819045,0,0,0.523598776,0,0,0.975100696,0.221196741,0.01580113,0.001030544,0.446276451,0.030364142,0.009004356,0.003602356,0.005853922,0.003855675,0.149692138,-0.015380229,0.002362501,0.162709817,0.13194938,0.136674389,0.167434826,-0.136674389,-0.167434826,-0.162709817,-0.13194938,0.077322325,0.030364142,0.009004356
32.45075011,0.965925826,0.258819045,0,0,0.523598776,0,0,0.975110412,0.221152171,0.015822878,0.001034806,0.446185647,0.030405091,0.00902092,-0.00448525,5.22E-06,-0.000777841,0.151280332,-0.013698451,0.003287452,0.161691293,0.134294406,0.140869305,0.168266192,-0.140869305,-0.168266192,-0.161691293,-0.134294406,0.077413129,0.030405091,0.00902092
32.5018301,0.965925826,0.258819045,0,0,0.523598776,0,0,0.975122988,0.221096456,0.015827455,0.001056928,0.446072057,0.030404745,0.00906437,-0.002613664,-0.001049042,-0.000452995,0.150966675,-0.01340373,0.003204273,0.161166087,0.134358644,0.140767187,0.167574629,-0.140767187,-0.167574629,-0.161166087,-0.134358644,0.077526719,0.030404745,0.00906437
32.55074,0.965925826,0.258819045,0,0,0.523598776,0,0,0.975129604,0.221066669,0.015831141,0.001072543,0.4460115,0.030405306,0.009095541,0.003544241,0.000760704,0.000751764,0.149810155,-0.013937036,0.002951378,0.160795778,0.132921711,0.138824478,0.16669853,-0.138824478,-0.16669853,-0.160795778,-0.132921711,0.077587276,0.030405306,0.009095541
32.59959006,0.965925826,0.258819045,0,0,0.523598776,0,0,0.975153148,0.220961273,0.015846331,0.001104464,0.445796561,0.030421807,0.009161262,-0.000493228,0.002405792,0.00161007,0.151076365,-0.013341047,0.002578276,0.161839098,0.135157019,0.140313566,0.166995645,-0.140313566,-0.166995645,-0.161839098,-0.135157019,0.077802215,0.030421807,0.009161262
32.65060997,0.965925826,0.258819045,0,0,0.523598776,0,0,0.975160062,0.220929161,0.015868418,0.001103316,0.445731162,0.030465702,0.009167795,0.002256781,0.000660866,0.000954419,0.150668382,-0.014435228,0.002760385,0.162343189,0.133472741,0.138993517,0.16786395,-0.138993517,-0.16786395,-0.162343189,-0.133472741,0.077867614,0.030465702,0.009167795
32.70060992,0.965925826,0.258819045,0,0,0.523598776,0,0,0.975167394,0.220895633,0.015887301,0.00111918,0.445663237,0.03049584,0.009206058,-0.000704825,0.004909188,0.002511591,0.15076136,-0.015199502,0.002581139,0.163379684,0.132980689,0.138142973,0.168541953,-0.138142973,-0.168541953,-0.163379684,-0.132980689,0.077935539,0.03049584,0.009206058
32.74969006,0.965925826,0.258819045,0,0,0.523598776,0,0,0.975179613,0.220842302,0.015882071,0.00113664,0.445554175,0.030478422,0.009236141,-0.000928342,-0.002072752,0.00147149,0.150848158,-0.013177838,0.002768107,0.161257848,0.134902194,0.140438408,0.166794062,-0.140438408,-0.166794062,-0.161257848,-0.134902194,0.078044601,0.030478422,0.009236141
32.80065012,0.965925826,0.258819045,0,0,0.523598776,0,0,0.975191176,0.220791548,0.015874153,0.001146366,0.445450177,0.030459161,0.009250031,0.000879914,0.001514703,0.003623217,0.150541395,-0.014215456,0.002331332,0.162425473,0.133994579,0.138657242,0.167088136,-0.138657242,-0.167088136,-0.162425473,-0.133994579,0.078148599,0.030459161,0.009250031
32.84981012,0.965925826,0.258819045,0,0,0.523598776,0,0,0.975192904,0.220782578,0.015891293,0.001164205,0.445432674,0.0304848,0.009292141,-0.000587106,0.000368804,0.001982599,0.15083068,-0.013899975,0.002647219,0.162083387,0.134283453,0.139577895,0.16737783,-0.139577895,-0.16737783,-0.162083387,-0.134283453,0.078166102,0.0304848,0.009292141
32.90034008,0.965925826,0.258819045,0,0,0.523598776,0,0,0.975209594,0.220709145,0.015891949,0.001166137,0.445282076,0.030485923,0.009293904,0.003204495,0.002182275,0.00455901,0.151270919,-0.014595889,0.002728986,0.163137779,0.133946016,0.139403984,0.168595746,-0.139403984,-0.168595746,-0.163137779,-0.133946016,0.0783167,0.030485923,0.009293904
32.94970012,0.965925826,0.258819045,0,0,0.523598776,0,0,0.975220442,0.220660269,0.015898431,0.001178279,0.445182351,0.030493676,0.009318934,0.000762194,-0.001239776,0.001610071,0.150162051,-0.014430505,0.002133214,0.162459299,0.133598313,0.137864739,0.166725725,-0.137864739,-0.166725725,-0.162459299,-0.133598313,0.078416425,0.030493676,0.009318934
33.00422001,0.965925826,0.258819045,0,0,0.523598776,0,0,0.975230396,0.220615104,0.015919324,0.001178475,0.445090159,0.030534778,0.009327138,0.00147745,0.002274662,-0.001324713,0.151411849,-0.014263995,0.002775521,0.162900284,0.134372309,0.139923349,0.168451324,-0.139923349,-0.168451324,-0.162900284,-0.134372309,0.078508617,0.030534778,0.009327138
33.05174994,0.965925826,0.258819045,0,0,0.523598776,0,0,0.975243151,0.220559508,0.01590357,0.001170381,0.444975566,0.03050815,0.009302643,-0.003379584,-0.004588068,0.002739579,0.151545382,-0.012478672,0.002494797,0.161529213,0.136571884,0.141561478,0.166518807,-0.141561478,-0.166518807,-0.161529213,-0.136571884,0.07862321,0.03050815,0.009302643
33.09983015,0.965925826,0.258819045,0,0,0.523598776,0,0,0.975252688,0.220516816,0.015908845,0.001168561,0.444888081,0.030519653,0.009300085,-0.002871454,-0.000220537,0.005184859,0.151480977,-0.013750621,0.002013691,0.163217872,0.135716647,0.139744028,0.167245254,-0.139744028,-0.167245254,-0.163217872,-0.135716647,0.078710695,0.030519653,0.009300085
33.15075994,0.965925826,0.258819045,0,0,0.523598776,0,0,0.975261509,0.220477909,0.01590604,0.001182566,0.444808609,0.030508372,0.009324957,-0.000792742,0.002530962,0.000416487,0.151116415,-0.014538497,0.002953885,0.162700981,0.133624002,0.139531776,0.168608755,-0.139531776,-0.168608755,-0.162700981,-0.133624002,0.078790167,0.030508372,0.009324957
33.20166993,0.965925826,0.258819045,0,0,0.523598776,0,0,0.975286424,0.220366895,0.01592196,0.001180356,0.444581173,0.030541465,0.009324199,0.002472848,0.003982336,-0.001339615,0.150868864,-0.014091318,0.002914763,0.162045375,0.133862764,0.139692292,0.167874902,-0.139692292,-0.167874902,-0.162045375,-0.133862764,0.079017603,0.030541465,0.009324199
33.25198007,0.965925826,0.258819045,0,0,0.523598776,0,0,0.975301087,0.220300496,0.015944855,0.001212713,0.444446392,0.030572502,0.009395366,-0.002360344,0.001870841,0.001021475,0.150581021,-0.014967546,0.003311989,0.162236542,0.132301465,0.138925433,0.16886051,-0.138925433,-0.16886051,-0.162236542,-0.132301465,0.079152384,0.030572502,0.009395366
33.29980016,0.965925826,0.258819045,0,0,0.523598776,0,0,0.975312114,0.220252469,0.015931744,0.001221971,0.444347855,0.030543305,0.009406143,0.001849979,0.000994653,0.000847131,0.151559683,-0.014388856,0.002819828,0.163128674,0.13435097,0.139990628,0.168768331,-0.139990628,-0.168768331,-0.163128674,-0.13435097,0.079250921,0.030543305,0.009406143
33.35071993,0.965925826,0.258819045,0,0,0.523598776,0,0,0.975323319,0.22020264,0.015930047,0.001218912,0.444245561,0.030541825,0.009397864,0.001081079,-0.001698732,0.001741201,0.150978944,-0.013346638,0.002665092,0.161660448,0.134967193,0.140297368,0.166990638,-0.140297368,-0.166990638,-0.161660448,-0.134967193,0.079353215,0.030541825,0.009397864
33.40075994,0.965925826,0.258819045,0,0,0.523598776,0,0,0.975329638,0.220173925,0.015940525,0.00124615,0.444187661,0.030550541,0.009454742,0.001620501,-0.001339614,0.004547088,0.150897451,-0.013472043,0.002085119,0.16228433,0.135340258,0.139510497,0.166454569,-0.139510497,-0.166454569,-0.16228433,-0.135340258,0.079411115,0.030550541,0.009454742
33.45071006,0.965925826,0.258819045,0,0,0.523598776,0,0,0.975354433,0.22006242,0.015958492,0.001324576,0.443961588,0.03055214,0.009612222,-0.00615418,0.001499802,0.003264099,0.152477887,-0.01432605,0.002283795,0.1645201,0.135868013,0.140435606,0.169087693,-0.140435606,-0.169087693,-0.1645201,-0.135868013,0.079637188,0.03055214,0.009612222
33.50073004,0.965925826,0.258819045,0,0,0.523598776,0,0,0.975376129,0.219964668,0.015971947,0.001357448,0.443762389,0.03056489,0.009679245,-0.002740324,0.00429824,0.002660603,0.152001743,-0.013034172,0.002429848,0.1645201,0.135868013,0.140435606,0.169087693,-0.140435606,-0.169087693,-0.1645201,-0.135868013,0.079836387,0.03056489,0.009679245
33.55185008,0.965925826,0.258819045,0,0,0.523598776,0,0,0.975382328,0.219936237,0.015988871,0.001364856,0.443704651,0.030594931,0.009700267,0.003402681,0.002910942,0.003572554,0.151902904,-0.015154262,0.002381784,0.16467534,0.13436684,0.139130399,0.169438913,-0.139130399,-0.169438913,-0.16467534,-0.13436684,0.079894125,0.030594931,0.009700267
33.60069013,0.965925826,0.258819045,0,0,0.523598776,0,0,0.975395679,0.219873816,0.016028227,0.001383331,0.443578101,0.030664215,0.009751703,0.000739843,0.005289167,0.001511723,0.150748473,-0.014771315,0.002195447,0.163324296,0.133781686,0.138172582,0.167715192,-0.138172582,-0.167715192,-0.163324296,-0.133781686,0.080020675,0.030664215,0.009751703
33.65194011,0.965925826,0.258819045,0,0,0.523598776,0,0,0.975398123,0.219863817,0.016024631,0.001377108,0.44355728,0.030660031,0.009737658,0.000717491,0.003687292,0.000422448,0.151322952,-0.015022839,0.002824786,0.163520962,0.133475304,0.13912487,0.169170529,-0.13912487,-0.169170529,-0.163520962,-0.133475304,0.080041496,0.030660031,0.009737658
33.70082998,0.965925826,0.258819045,0,0,0.523598776,0,0,0.975407124,0.219823077,0.016027724,0.001365737,0.443473543,0.030671481,0.00971555,0.002355129,-0.006908179,0.001695007,0.151041594,-0.011960184,0.002573923,0.160427809,0.136507466,0.141655311,0.165575653,-0.141655311,-0.165575653,-0.160427809,-0.136507466,0.080125233,0.030671481,0.00971555
33.75074005,0.965925826,0.258819045,0,0,0.523598776,0,0,0.975413978,0.219793111,0.016026413,0.001350342,0.443411592,0.030675991,0.009683981,-0.003737211,0.002727658,-0.000561774,0.152233752,-0.014737208,0.003046446,0.163924471,0.134450078,0.140542969,0.170017362,-0.140542969,-0.170017362,-0.163924471,-0.134450078,0.080187184,0.030675991,0.009683981
33.80068994,0.965925826,0.258819045,0,0,0.523598776,0,0,0.975417614,0.219777077,0.016020462,0.00135608,0.443378763,0.030662016,0.009692057,0.001435727,-0.003127754,0.001911074,0.151465928,-0.01444803,0.002366299,0.16354762,0.134651572,0.139384165,0.168280214,-0.139384165,-0.168280214,-0.16354762,-0.134651572,0.080220013,0.030662016,0.009692057
33.85179996,0.965925826,0.258819045,0,0,0.523598776,0,0,0.975422025,0.219756871,0.016034139,0.001351118,0.44333747,0.030691085,0.009687757,0.001902133,0.004587323,0.000605732,0.152018421,-0.013386145,0.003421132,0.161983386,0.135211125,0.142053381,0.168825656,-0.142053381,-0.168825656,-0.161983386,-0.135211125,0.080261306,0.030691085,0.009687757
33.89980006,0.965925826,0.258819045,0,0,0.523598776,0,0,0.975419104,0.219769597,0.016033854,0.00135209,0.443363614,0.030689976,0.009689931,0.004228204,5.22E-06,1.86E-05,0.151181814,-0.015284354,0.002815221,0.161983386,0.135211125,0.142053381,0.168825656,-0.142053381,-0.168825656,-0.161983386,-0.135211125,0.080235162,0.030689976,0.009689931
33.95194006,0.965925826,0.258819045,0,0,0.523598776,0,0,0.9754107,0.219807118,0.016029363,0.001368671,0.44344093,0.030673547,0.009721496,0.00173524,-0.000421703,0.004310161,0.151171674,-0.013843616,0.002055476,0.1636509,0.133082211,0.138712659,0.169281349,-0.138712659,-0.169281349,-0.1636509,-0.133082211,0.080157846,0.030673547,0.009721496
34.00002003,0.965925826,0.258819045,0,0,0.523598776,0,0,0.975402594,0.219840139,0.01606789,0.001435195,0.443511422,0.030719124,0.009869336,0.006794184,0.001835078,0.000172108,0.150178218,-0.014538964,0.002832711,0.161884427,0.132806525,0.138471946,0.167549849,-0.138471946,-0.167549849,-0.161884427,-0.132806525,0.080087354,0.030719124,0.009869336
34.05088997,0.965925826,0.258819045,0,0,0.523598776,0,0,0.975401342,0.219847068,0.016049184,0.001413507,0.443524587,0.030692096,0.009818987,-0.00166893,0.000759214,-0.001072884,0.151794689,-0.014203255,0.003096576,0.162901327,0.134494826,0.140687987,0.169094473,-0.140687987,-0.169094473,-0.162901327,-0.134494826,0.080074189,0.030692096,0.009818987
34.10070014,0.965925826,0.258819045,0,0,0.523598776,0,0,0.97538662,0.219912142,0.016055467,0.001432415,0.443658697,0.030695376,0.009860704,0.005260855,0.004433841,0.005354732,0.150427665,-0.015280009,0.00179968,0.163907945,0.133347958,0.136947319,0.167507306,-0.136947319,-0.167507306,-0.163907945,-0.133347958,0.079940079,0.030695376,0.009860704
34.15070009,0.965925826,0.258819045,0,0,0.523598776,0,0,0.975371361,0.219978854,0.016059659,0.0014102,0.443795064,0.030712667,0.009821299,0.006232411,-0.001840293,0.001121312,0.151144548,-0.014442488,0.002853349,0.162733644,0.133848682,0.13955538,0.168440342,-0.13955538,-0.168440342,-0.162733644,-0.133848682,0.079803712,0.030712667,0.009821299
34.20166016,0.965925826,0.258819045,0,0,0.523598776,0,0,0.975361466,0.220020533,0.01609211,0.001423186,0.443881655,0.030769843,0.00986226,-0.006975234,0.000741333,0.00057891,0.150173536,-0.013464626,0.002658165,0.160979956,0.134050727,0.139367044,0.166296288,-0.139367044,-0.166296288,-0.160979956,-0.134050727,0.079717121,0.030769843,0.00986226
34.25127006,0.965925826,0.258819045,0,0,0.523598776,0,0,0.975350082,0.220071733,0.016079636,0.001449837,0.443987129,0.030733251,0.009910386,0.006636232,-0.003410876,0.001626462,0.15002135,-0.013039162,0.002525443,0.160535023,0.134456724,0.139507607,0.16558592,-0.139507607,-0.16558592,-0.160535023,-0.134456724,0.079611647,0.030733251,0.009910386
34.30085015,0.965925826,0.258819045,0,0,0.523598776,0,0,0.975323498,0.220187962,0.016100891,0.001444673,0.444225876,0.030775813,0.009913349,0.003362447,0.005028397,0.002834946,0.150554024,-0.015499577,0.002299557,0.160535023,0.134456724,0.139507607,0.16558592,-0.139507607,-0.16558592,-0.160535023,-0.134456724,0.0793729,0.030775813,0.009913349
34.35086012,0.965925826,0.258819045,0,0,0.523598776,0,0,0.975305319,0.220269278,0.016096566,0.001394463,0.444391109,0.03078868,0.009816021,0.005530567,-0.000862777,-0.000865758,0.150074911,-0.013771729,0.003073802,0.1607728,0.13322936,0.139376953,0.166920409,-0.139376953,-0.166920409,-0.1607728,-0.13322936,0.079207667,0.03078868,0.009816021
34.40070009,0.965925826,0.258819045,0,0,0.523598776,0,0,0.975287676,0.220344812,0.016132006,0.001410068,0.444547309,0.030850181,0.009864504,0.00571087,0.000885874,0.001754612,0.149978166,-0.014317175,0.002546703,0.161748603,0.133114263,0.138207674,0.166841999,-0.138207674,-0.166841999,-0.161748603,-0.133114263,0.079051467,0.030850181,0.009864504
34.45067,0.965925826,0.258819045,0,0,0.523598776,0,0,0.975247741,0.220522448,0.016114855,0.001377027,0.444910371,0.030829508,0.009798074,0.00456497,-0.006271899,-0.00256449,0.150202878,-0.014636458,0.002673872,0.162165418,0.132892519,0.138240263,0.167513162,-0.138240263,-0.167513162,-0.162165418,-0.132892519,0.078688405,0.030829508,0.009798074
34.50260997,0.965925826,0.258819045,0,0,0.523598776,0,0,0.975222766,0.220631719,0.016134689,0.00135421,0.445134311,0.030877175,0.009765772,0.008977205,0.00570193,0.003250688,0.150056806,-0.012215674,0.003424724,0.158847719,0.134416386,0.141265824,0.165697157,-0.141265824,-0.165697157,-0.158847719,-0.134416386,0.078464465,0.030877175,0.009765772
34.55191994,0.965925826,0.258819045,0,0,0.523598776,0,0,0.975205243,0.220709518,0.016131427,0.001359086,0.445293945,0.030867879,0.009776307,0.004323572,-0.002624094,0.001639873,0.149949897,-0.013289019,0.002605625,0.160633251,0.134055227,0.139266476,0.1658445,-0.139266476,-0.1658445,-0.160633251,-0.134055227,0.078304831,0.030867879,0.009776307
34.60079002,0.965925826,0.258819045,0,0,0.523598776,0,0,0.975188076,0.220786169,0.016115198,0.00136639,0.445451038,0.030832226,0.009785808,0.010805577,0.002958626,0.002063066,0.148645703,-0.014893515,0.002511566,0.16102761,0.131240591,0.136263728,0.166050747,-0.136263728,-0.166050747,-0.16102761,-0.131240591,0.078147738,0.030832226,0.009785808
34.65175009,0.965925826,0.258819045,0,0,0.523598776,0,0,0.97516799,0.220875055,0.016116021,0.001349412,0.445632894,0.030840443,0.009755855,0.002337247,0.002085418,-0.0006482,0.15019798,-0.014631791,0.003067676,0.161762059,0.132498488,0.138633847,0.167897403,-0.138633847,-0.167897403,-0.161762059,-0.132498488,0.077965882,0.030840443,0.009755855
34.70075011,0.965925826,0.258819045,0,0,0.523598776,0,0,0.97514683,0.220967188,0.016132193,0.001399052,0.445823674,0.030849115,0.009862785,0.004114956,0.001589209,0.003955513,0.149781021,-0.014524442,0.002108229,0.162197188,0.133148327,0.13736479,0.16641365,-0.13736479,-0.16641365,-0.162197188,-0.133148327,0.077775102,0.030849115,0.009862785
34.75088,0.965925826,0.258819045,0,0,0.523598776,0,0,0.975117207,0.221098617,0.016117755,0.001468148,0.446094905,0.030789051,0.009995362,0.003749878,-0.001454354,0.00134483,0.149743836,-0.013831997,0.001954475,0.161621317,0.133957341,0.137866288,0.165530264,-0.137866288,-0.165530264,-0.161621317,-0.133957341,0.077503871,0.030789051,0.009995362
34.79969001,0.965925826,0.258819045,0,0,0.523598776,0,0,0.975102961,0.221161336,0.016120456,0.001451922,0.446223175,0.030800858,0.009966882,0.006956608,-0.001704693,0.002408773,0.149746851,-0.013645515,0.00256127,0.161621317,0.133957341,0.137866288,0.165530264,-0.137866288,-0.165530264,-0.161621317,-0.133957341,0.077375601,0.030800858,0.009966882
34.85299993,0.965925826,0.258819045,0,0,0.523598776,0,0,0.97508961,0.221221551,0.016102631,0.001467819,0.446346719,0.030758434,0.009991898,0.004083662,0.001064688,0.002788753,0.149142394,-0.015252083,0.002550556,0.161843881,0.131339729,0.136440843,0.166944996,-0.136440843,-0.166944996,-0.161843881,-0.131339729,0.077252057,0.030758434,0.009991898
34.90214014,0.965925826,0.258819045,0,0,0.523598776,0,0,0.975072324,0.221297711,0.016097095,0.001471318,0.446502972,0.030745309,0.009998675,0.01006797,0.003279001,0.000386685,0.148376027,-0.014997295,0.002742569,0.160630718,0.130636141,0.136121273,0.16611585,-0.136121273,-0.16611585,-0.160630718,-0.130636141,0.077095804,0.030745309,0.009998675
34.95191002,0.965925826,0.258819045,0,0,0.523598776,0,0,0.975059092,0.221356317,0.016098239,0.001463551,0.446622979,0.030750376,0.009985877,0.005356223,-0.001992285,0.004579872,0.149229578,-0.013479357,0.001910084,0.160630718,0.130636141,0.136121273,0.16611585,-0.136121273,-0.16611585,-0.160630718,-0.130636141,0.076975797,0.030750376,0.009985877
34.99983001,0.965925826,0.258819045,0,0,0.523598776,0,0,0.975043595,0.221425548,0.016088516,0.001448058,0.446764324,0.030737567,0.00995352,0.000340492,-0.000467896,0.000783056,0.150136669,-0.013900722,0.002679701,0.161357656,0.133556217,0.138915628,0.166717052,-0.138915628,-0.166717052,-0.161357656,-0.133556217,0.076834452,0.030737567,0.00995352
35.05172014,0.965925826,0.258819045,0,0,0.523598776,0,0,0.975014687,0.22155115,0.016107213,0.001472105,0.44702316,0.030762091,0.010012694,0.011111052,0.005174429,0.003891438,0.150350541,-0.013656896,0.001935663,0.161357656,0.133556217,0.138915628,0.166717052,-0.138915628,-0.166717052,-0.161357656,-0.133556217,0.076575616,0.030762091,0.010012694
35.10210013,0.965925826,0.258819045,0,0,0.523598776,0,0,0.97500217,0.221605852,0.016113713,0.0014743,0.447135599,0.030773234,0.010021588,0.001501292,-0.004808605,-0.000151992,0.147969904,-0.01556208,0.00204228,0.162071735,0.134757951,0.138629287,0.165943056,-0.138629287,-0.165943056,-0.162071735,-0.134757951,0.076463177,0.030773234,0.010021588
35.15190005,0.965925826,0.258819045,0,0,0.523598776,0,0,0.974993885,0.221643597,0.016091041,0.001483323,0.447212784,0.030724627,0.010030315,0.008802861,-0.003260374,-0.000391901,0.149769565,-0.012672396,0.002843691,0.161489666,0.130365521,0.134450078,0.165574223,-0.134450078,-0.165574223,-0.161489666,-0.130365521,0.076385992,0.030724627,0.010030315
35.19989014,0.965925826,0.258819045,0,0,0.523598776,0,0,0.974978149,0.221712753,0.016095638,0.001437892,0.447353495,0.030753038,0.00994591,0.005605071,0.001082569,0.000139326,0.148896426,-0.01435278,0.002813603,0.159598231,0.134253457,0.139940828,0.165285617,-0.139940828,-0.165285617,-0.159598231,-0.134253457,0.076245281,0.030753038,0.00994591
35.25073004,0.965925826,0.258819045,0,0,0.523598776,0,0,0.974971652,0.22174181,0.016086673,0.0014359,0.447412861,0.030736142,0.009938957,0.003077835,-0.001870096,0.000534207,0.149357112,-0.013491241,0.002732582,0.160435557,0.13173002,0.13735722,0.166062772,-0.13735722,-0.166062772,-0.160435557,-0.13173002,0.076185915,0.030736142,0.009938957
35.30091,0.965925826,0.258819045,0,0,0.523598776,0,0,0.974955916,0.22181122,0.016081437,0.001434033,0.447555113,0.030726053,0.009935178,0.002451986,-0.00012517,-0.000762939,0.149421626,-0.013988848,0.002991826,0.160115734,0.133133262,0.138598427,0.165580899,-0.138598427,-0.165580899,-0.160115734,-0.133133262,0.076043663,0.030726053,0.009935178
35.35062003,0.965925826,0.258819045,0,0,0.523598776,0,0,0.974939644,0.221880108,0.01611656,0.001446757,0.447697659,0.030788199,0.009977784,0.002069026,0.000367314,0.000875443,0.150761955,-0.015076141,0.003081924,0.1604186,0.132440925,0.138424575,0.166402265,-0.138424575,-0.166402265,-0.1604186,-0.132440925,0.075901117,0.030788199,0.009977784
35.40212011,0.965925826,0.258819045,0,0,0.523598776,0,0,0.974930823,0.221919328,0.016113704,0.001472666,0.447778759,0.030770719,0.010028294,0.002924353,0.000675768,0.001265854,0.149438626,-0.014167843,0.002662272,0.160944164,0.132608488,0.137933031,0.166268706,-0.137933031,-0.166268706,-0.160944164,-0.132608488,0.075820017,0.030770719,0.010028294
35.45090008,0.965925826,0.258819045,0,0,0.523598776,0,0,0.974924982,0.2219477,0.016073894,0.001455041,0.44783555,0.030700618,0.009977105,0.002548843,0.0016056,0.001256913,0.149243065,-0.014262403,0.002560553,0.160944879,0.132420078,0.13754119,0.166065976,-0.13754119,-0.166065976,-0.160944879,-0.132420078,0.075763226,0.030700618,0.009977105
35.50091004,0.965925826,0.258819045,0,0,0.523598776,0,0,0.974914074,0.22199598,0.016073046,0.001451882,0.447934475,0.030699872,0.009972087,0.000489503,-0.005145371,0.003338606,0.149646793,-0.012542557,0.002150448,0.160038859,0.134953767,0.139254659,0.164339751,-0.139254659,-0.164339751,-0.160038859,-0.134953767,0.075664301,0.030699872,0.009972087
35.55074,0.965925826,0.258819045,0,0,0.523598776,0,0,0.974901676,0.222050309,0.01607357,0.001470649,0.448046495,0.030691998,0.010010639,0.001660734,0.001870841,-0.001356006,0.149380839,-0.01456899,0.003074103,0.160875678,0.131737724,0.137885928,0.167023897,-0.137885928,-0.167023897,-0.160875678,-0.131737724,0.075552281,0.030691998,0.010010639
35.60188007,0.965925826,0.258819045,0,0,0.523598776,0,0,0.974884391,0.222125441,0.016084073,0.001448756,0.448200303,0.030721442,0.009974973,-0.000536442,-0.002418458,-0.000663102,0.149740875,-0.013332831,0.002954136,0.160119534,0.133453876,0.139362156,0.166027799,-0.139362156,-0.166027799,-0.160119534,-0.133453876,0.075398473,0.030721442,0.009974973
35.65064001,0.965925826,0.258819045,0,0,0.523598776,0,0,0.97486037,0.222232133,0.016064335,0.001447404,0.448418738,0.03068246,0.009966912,0.003204495,0.000310689,0.002191216,0.149145806,-0.014802723,0.002005995,0.161942497,0.132337064,0.136349052,0.165954486,-0.136349052,-0.165954486,-0.161942497,-0.132337064,0.075180038,0.03068246,0.009966912
35.70204997,0.965925826,0.258819045,0,0,0.523598776,0,0,0.974840224,0.222321704,0.016050925,0.00145657,0.448602449,0.030651316,0.009981638,0.007411093,0.002653152,0.003854185,0.148936372,-0.014111158,0.002379997,0.160667494,0.132445186,0.137205184,0.165427491,-0.137205184,-0.165427491,-0.160667494,-0.132445186,0.074996327,0.030651316,0.009981638
35.75073004,0.965925826,0.258819045,0,0,0.523598776,0,0,0.974827409,0.222378328,0.016039744,0.001467202,0.44871871,0.030624202,0.009999174,0.002651662,0.000647456,0.002873689,0.148057167,-0.014783471,0.002035819,0.160804778,0.13123785,0.135309488,0.164876416,-0.135309488,-0.164876416,-0.160804778,-0.13123785,0.074880066,0.030624202,0.009999174
35.80156994,0.965925826,0.258819045,0,0,0.523598776,0,0,0.974811792,0.222447067,0.016039615,0.001485864,0.448860252,0.030614936,0.010037677,0.006302446,-0.001707673,0.003259629,0.148169037,-0.013519364,0.002121659,0.160804778,0.13123785,0.135309488,0.164876416,-0.135309488,-0.164876416,-0.160804778,-0.13123785,0.074738524,0.030614936,0.010037677
35.85106993,0.965925826,0.258819045,0,0,0.523598776,0,0,0.974806428,0.222468287,0.016067863,0.001484253,0.448904454,0.030670518,0.010047792,-0.000360608,0.001814217,0.003258139,0.149428552,-0.014561499,0.002134374,0.161855638,0.13273266,0.13700141,0.166124389,-0.13700141,-0.166124389,-0.161855638,-0.13273266,0.074694322,0.030670518,0.010047792
35.90086007,0.965925826,0.258819045,0,0,0.523598776,0,0,0.974798739,0.222502485,0.016053353,0.001525014,0.448975466,0.030623724,0.010121903,0.001394004,-0.000452995,0.004694611,0.149064252,-0.013906933,0.001806349,0.16116479,0.133350939,0.136963636,0.164777488,-0.136963636,-0.164777488,-0.16116479,-0.133350939,0.07462331,0.030623724,0.010121903
35.95071006,0.965925826,0.258819045,0,0,0.523598776,0,0,0.974800229,0.222496033,0.016053597,0.001568812,0.448963431,0.030604763,0.010207235,0.001386553,-5.51E-05,0.005797297,0.149070582,-0.014035783,0.001548886,0.16116479,0.133350939,0.136963636,0.164777488,-0.136963636,-0.164777488,-0.16116479,-0.133350939,0.074635345,0.030604763,0.010207235
36.00173998,0.965925826,0.258819045,0,0,0.523598776,0,0,0.974809945,0.222450867,0.016080467,0.001616716,0.448872783,0.030636311,0.01031123,0.002714247,0.000356883,0.0032641,0.1495158,-0.014000564,0.002624587,0.160891742,0.132890627,0.138139799,0.166140914,-0.138139799,-0.166140914,-0.160891742,-0.132890627,0.074725993,0.030636311,0.01031123
36.05157995,0.965925826,0.258819045,0,0,0.523598776,0,0,0.974806786,0.222463384,0.016104752,0.00162266,0.448899178,0.030680885,0.01033404,-0.002607704,-0.00037849,0.002387911,0.148854141,-0.014185594,0.002020038,0.161019653,0.132648483,0.13668856,0.16505973,-0.13668856,-0.16505973,-0.161019653,-0.132648483,0.074699598,0.030680885,0.01033404
36.10096002,0.965925826,0.258819045,0,0,0.523598776,0,0,0.974805236,0.222471118,0.0160916,0.001603505,0.448914202,0.030663685,0.010291061,0.001103431,-0.000821054,-0.001819432,0.149149083,-0.01384133,0.003047616,0.159942761,0.132260114,0.138355345,0.166037992,-0.138355345,-0.166037992,-0.159942761,-0.132260114,0.074684574,0.030663685,0.010291061
36.15114999,0.965925826,0.258819045,0,0,0.523598776,0,0,0.974807143,0.222464368,0.016071495,0.001556904,0.448898561,0.030645298,0.010190992,0.003495068,0.000234693,-0.001437962,0.148695748,-0.014118211,0.003006912,0.159807011,0.131570607,0.137584418,0.165820837,-0.137584418,-0.165820837,-0.159807011,-0.131570607,0.074700215,0.030645298,0.010190992
36.20172,0.965925826,0.258819045,0,0,0.523598776,0,0,0.974808693,0.222458884,0.016063448,0.001472988,0.448884721,0.030667021,0.010023556,-0.000736117,-0.000236928,-0.004267693,0.149511983,-0.013947323,0.003643001,0.159816265,0.131921634,0.139207631,0.167102262,-0.139207631,-0.167102262,-0.159816265,-0.131921634,0.074714055,0.030667021,0.010023556
36.25066996,0.965925826,0.258819045,0,0,0.523598776,0,0,0.974809229,0.222457126,0.016050119,0.00143752,0.448879849,0.030656841,0.009948382,-0.0002563,0.004243106,-0.000427663,0.149419089,-0.015229854,0.002907241,0.161741659,0.131281972,0.13709645,0.167556137,-0.13709645,-0.167556137,-0.161741659,-0.131281972,0.074718927,0.030656841,0.009948382
36.30080009,0.965925826,0.258819045,0,0,0.523598776,0,0,0.974823236,0.222398415,0.01603076,0.001335433,0.44875595,0.03066512,0.009738785,-0.004249812,0.001839548,-0.001710653,0.148514902,-0.013215704,0.002234012,0.159496561,0.133065164,0.137533188,0.163964584,-0.137533188,-0.163964584,-0.159496561,-0.133065164,0.074842826,0.03066512,0.009738785
36.35171008,0.965925826,0.258819045,0,0,0.523598776,0,0,0.974830806,0.222361177,0.016086586,0.00132073,0.44868045,0.030780898,0.009733803,-0.001876056,0.003493577,-0.001251698,0.15023194,-0.014488353,0.003247239,0.159496561,0.133065164,0.137533188,0.163964584,-0.137533188,-0.163964584,-0.159496561,-0.133065164,0.074918326,0.030780898,0.009733803
36.40533996,0.965925826,0.258819045,0,0,0.523598776,0,0,0.974838138,0.222332314,0.016032448,0.001363286,0.448621184,0.030656682,0.009791787,-0.001201034,-0.00115633,-0.000979007,0.149107854,-0.011950087,0.00164793,0.15940997,0.135509804,0.138805673,0.162705824,-0.138805673,-0.162705824,-0.15940997,-0.135509804,0.074977592,0.030656682,0.009791787
36.45176005,0.965925826,0.258819045,0,0,0.523598776,0,0,0.974848568,0.222282931,0.016092239,0.001327901,0.448520214,0.030789512,0.009747838,0.001537055,0.00070706,-0.000222027,0.149215467,-0.014213642,0.002971869,0.160457194,0.132029936,0.137973666,0.166400939,-0.137973666,-0.166400939,-0.160457194,-0.132029936,0.075078562,0.030789512,0.009747838
36.50185013,0.965925826,0.258819045,0,0,0.523598776,0,0,0.974855185,0.222256735,0.016057335,0.001279745,0.448464262,0.030743126,0.009637536,-0.001451373,0.002428144,-0.004513561,0.149811112,-0.014660858,0.003863123,0.160457194,0.132029936,0.137973666,0.166400939,-0.137973666,-0.166400939,-0.160457194,-0.132029936,0.075134514,0.030743126,0.009637536
36.55075002,0.965925826,0.258819045,0,0,0.523598776,0,0,0.974864602,0.222214967,0.016057769,0.001264892,0.448378193,0.030750993,0.00960744,0.002215058,-0.005146862,0.003846735,0.149138159,-0.012481758,0.00220327,0.160608813,0.131287113,0.13901335,0.16833505,-0.13901335,-0.16833505,-0.160608813,-0.131287113,0.075220583,0.030750993,0.00960744
36.60241008,0.965925826,0.258819045,0,0,0.523598776,0,0,0.974879444,0.222150713,0.016053699,0.001264686,0.448246185,0.030743777,0.009603198,-0.001437962,-0.002188981,0.001459569,0.149283528,-0.015816168,0.002691179,0.159416601,0.134453103,0.138859645,0.163823143,-0.138859645,-0.163823143,-0.159416601,-0.134453103,0.075352591,0.030743777,0.009603198
36.65174007,0.965925826,0.258819045,0,0,0.523598776,0,0,0.974887013,0.22211577,0.016070995,0.001289687,0.448175635,0.030766742,0.009658562,0.001207739,0.002104789,0.004405528,0.149891162,-0.013328949,0.002682551,0.160537511,0.133879632,0.139244735,0.165902615,-0.139244735,-0.165902615,-0.160537511,-0.133879632,0.075423141,0.030766742,0.009658562
36.70093012,0.965925826,0.258819045,0,0,0.523598776,0,0,0.974895358,0.222077906,0.016084934,0.00131327,0.448098949,0.030783819,0.009709572,0.000623614,0.001458079,0.002237409,0.149410811,-0.014597866,0.002080319,0.161928311,0.1327326,0.136893243,0.166088954,-0.136893243,-0.166088954,-0.161928311,-0.1327326,0.075499827,0.030783819,0.009709572
36.75174999,0.965925826,0.258819045,0,0,0.523598776,0,0,0.97490555,0.222031772,0.016105071,0.001355502,0.448005932,0.030804784,0.009799452,-0.002858043,0.005499274,0.000894815,0.150259718,-0.015618939,0.002736959,0.163141653,0.131903797,0.137377709,0.16861558,-0.137377709,-0.16861558,-0.163141653,-0.131903797,0.075592844,0.030804784,0.009799452
36.79989004,0.965925826,0.258819045,0,0,0.523598776,0,0,0.974923193,0.221954212,0.016104206,0.001387492,0.447847671,0.030789669,0.00985902,-0.006602705,-0.001327693,0.004401058,0.151038451,-0.013657888,0.002007499,0.162688807,0.135373041,0.13938804,0.16670379,-0.13938804,-0.16670379,-0.162688807,-0.135373041,0.075751105,0.030789669,0.00985902
36.85099006,0.965925826,0.258819045,0,0,0.523598776,0,0,0.97492671,0.221937567,0.01611308,0.001399406,0.447814117,0.030801854,0.009885682,-0.002035499,0.002644211,0.002288074,0.150177703,-0.014813723,0.002422454,0.162568927,0.132941499,0.137786403,0.167413831,-0.137786403,-0.167413831,-0.162568927,-0.132941499,0.075784659,0.030801854,0.009885682
36.90181994,0.965925826,0.258819045,0,0,0.523598776,0,0,0.974950433,0.221831307,0.016139463,0.001420539,0.447597317,0.030845004,0.009935276,0.001048297,-0.001609326,-0.00115931,0.151712279,-0.014656396,0.002321515,0.164047122,0.134734347,0.13937737,0.168690145,-0.13937737,-0.168690145,-0.164047122,-0.134734347,0.076001459,0.030845004,0.009935276
36.95172,0.965925826,0.258819045,0,0,0.523598776,0,0,0.974953949,0.221814871,0.016155314,0.0014306,0.447564235,0.030871618,0.009961427,0.002237409,0.005919486,0.000644475,0.149674556,-0.013604499,0.003096397,0.16018261,0.132973641,0.13916643,0.166375414,-0.13916643,-0.166375414,-0.16018261,-0.132973641,0.076034541,0.030871618,0.009961427
37.00166011,0.965925826,0.258819045,0,0,0.523598776,0,0,0.974958956,0.22179313,0.01615322,0.001422158,0.44751933,0.030871503,0.009943339,0.000176579,-0.004047156,5.89E-05,0.149458854,-0.015801925,0.002736891,0.162523851,0.130920008,0.1363938,0.167997628,-0.1363938,-0.167997628,-0.162523851,-0.130920008,0.076079446,0.030871503,0.009943339
37.05083013,0.965925826,0.258819045,0,0,0.523598776,0,0,0.974961758,0.221780092,0.016160715,0.001411017,0.447492463,0.030891201,0.009924523,-0.001461804,0.000569969,-0.001460314,0.150196869,-0.014249534,0.0031731,0.161273256,0.132774204,0.139120415,0.167619467,-0.139120415,-0.167619467,-0.161273256,-0.132774204,0.076106313,0.030891201,0.009924523
37.10204005,0.965925826,0.258819045,0,0,0.523598776,0,0,0.974965811,0.221763104,0.016156191,0.001430183,0.447457985,0.03087404,0.009959361,0.000590831,0.003337116,0.001124293,0.149816004,-0.015056143,0.002641374,0.16223073,0.132118464,0.137401208,0.167513475,-0.137401208,-0.167513475,-0.16223073,-0.132118464,0.076140791,0.03087404,0.009959361
37.14995003,0.965925826,0.258819045,0,0,0.523598776,0,0,0.974973798,0.221726522,0.01616553,0.00146698,0.447384256,0.030876305,0.010034138,0.002106279,-0.001743436,-0.000365078,0.149556215,-0.013601239,0.002905658,0.160251752,0.133049294,0.138860613,0.16606307,-0.138860613,-0.16606307,-0.160251752,-0.133049294,0.07621452,0.030876305,0.010034138
37.1998601,0.965925826,0.258819045,0,0,0.523598776,0,0,0.97498101,0.221692875,0.016193967,0.001472112,0.447316032,0.030929836,0.010055715,0.001522154,-0.003246963,0.00082776,0.149694746,-0.013193914,0.002670219,0.160218403,0.133830592,0.139171019,0.165558845,-0.139171019,-0.165558845,-0.160218403,-0.133830592,0.076282744,0.030929836,0.010055715
37.24938011,0.965925826,0.258819045,0,0,0.523598776,0,0,0.974981666,0.221690133,0.016194388,0.001452247,0.447309844,0.030939497,0.010017062,0.000282377,0.004140287,-0.00128746,0.149531724,-0.01444561,0.001655856,0.162321433,0.133430228,0.136741951,0.165633142,-0.136741951,-0.165633142,-0.162321433,-0.133430228,0.076288932,0.030939497,0.010017062
37.29839015,0.965925826,0.258819045,0,0,0.523598776,0,0,0.97498709,0.221666992,0.016180426,0.001439083,0.447261691,0.030918345,0.009984446,-0.002191961,0.000766665,-0.001500547,0.149935268,-0.015321872,0.003114812,0.162142292,0.13149856,0.137728184,0.168371916,-0.137728184,-0.168371916,-0.162142292,-0.13149856,0.076337085,0.030918345,0.009984446
37.34823012,0.965925826,0.258819045,0,0,0.523598776,0,0,0.974987864,0.221664146,0.016175438,0.001435863,0.447255622,0.030910073,0.009975857,6.93E-05,-0.004155934,-0.000269711,0.149996704,-0.012903406,0.002916077,0.159983993,0.134177193,0.140009344,0.165816143,-0.140009344,-0.165816143,-0.159983993,-0.134177193,0.076343154,0.030910073,0.009975857
37.39829016,0.965925826,0.258819045,0,0,0.523598776,0,0,0.974997222,0.221623063,0.016176654,0.0014315,0.447171222,0.0309148,0.009966582,0.000377744,-0.000450015,0.000283867,0.149970318,-0.013976205,0.002812833,0.161133647,0.133181259,0.138806924,0.166759312,-0.138806924,-0.166759312,-0.161133647,-0.133181259,0.076427554,0.0309148,0.009966582
37.44814014,0.965925826,0.258819045,0,0,0.523598776,0,0,0.975001872,0.22160247,0.016181352,0.001439472,0.447129284,0.030920635,0.009983567,0.001081079,-0.005017221,0.000976771,0.149852019,-0.012662413,0.002665951,0.159848437,0.13452363,0.139855534,0.16518034,-0.139855534,-0.16518034,-0.159848437,-0.13452363,0.076469492,0.030920635,0.009983567
37.4981401,0.965925826,0.258819045,0,0,0.523598776,0,0,0.97500515,0.221589401,0.016157964,0.001409979,0.447101124,0.030888236,0.009915234,-0.002533198,-0.000843406,-0.003136694,0.150556883,-0.013834056,0.003510087,0.160880804,0.133212715,0.140232891,0.16790098,-0.140232891,-0.16790098,-0.160880804,-0.133212715,0.076497652,0.030888236,0.009915234
37.54895997,0.965925826,0.258819045,0,0,0.523598776,0,0,0.975010037,0.221566483,0.016180135,0.001424048,0.447055005,0.030925472,0.009951795,0.003118068,-0.000566244,-0.002829731,0.149820272,-0.014738563,0.00254191,0.162016883,0.132539779,0.137623593,0.167100698,-0.137623593,-0.167100698,-0.162016883,-0.132539779,0.076543771,0.030925472,0.009951795
37.60054994,0.965925826,0.258819045,0,0,0.523598776,0,0,0.975013375,0.221552581,0.016172023,0.001409834,0.44702587,0.030916094,0.009920022,-0.001785159,0.002067536,-1.19E-05,0.149492444,-0.013937583,0.003441217,0.159988776,0.132113621,0.13899605,0.166871205,-0.13899605,-0.166871205,-0.159988776,-0.132113621,0.076572906,0.030916094,0.009920022
37.64914012,0.965925826,0.258819045,0,0,0.523598776,0,0,0.975012839,0.221554905,0.016171532,0.001407293,0.447030564,0.030916238,0.009914921,-0.001846254,9.31E-05,-0.000666082,0.150451783,-0.014120382,0.003024091,0.161548033,0.133307278,0.139355466,0.167596221,-0.139355466,-0.167596221,-0.161548033,-0.133307278,0.076568212,0.030916238,0.009914921
37.70070004,0.965925826,0.258819045,0,0,0.523598776,0,0,0.975013316,0.221554086,0.01615764,0.001412952,0.447028682,0.030886641,0.009919768,0.001082569,0.004398078,0.001231581,0.149890187,-0.015359143,0.002639247,0.162610039,0.131891772,0.13717027,0.167888537,-0.13717027,-0.167888537,-0.162610039,-0.131891772,0.076570094,0.030886641,0.009919768
37.75080013,0.965925826,0.258819045,0,0,0.523598776,0,0,0.975009382,0.221569002,0.016182723,0.001429427,0.447060402,0.030928108,0.009963519,0.00019595,0.002149493,0.00109151,0.150048227,-0.014734093,0.002657778,0.1621245,0.132656336,0.137971893,0.167440057,-0.137971893,-0.167440057,-0.1621245,-0.132656336,0.076538374,0.030928108,0.009963519
37.80050015,0.965925826,0.258819045,0,0,0.523598776,0,0,0.975004196,0.221593797,0.016154407,0.001406654,0.447109971,0.030882728,0.009907307,0.0043042,-0.001212955,-0.001177192,0.149242177,-0.013727389,0.003118924,0.159850597,0.132395834,0.138633683,0.166088447,-0.138633683,-0.166088447,-0.159850597,-0.132395834,0.076488805,0.030882728,0.009907307
37.84860015,0.965925826,0.258819045,0,0,0.523598776,0,0,0.975015581,0.221542254,0.016177049,0.001459509,0.447006217,0.030903977,0.010018838,-0.006067754,0.004892797,-0.000908971,0.149834796,-0.014498703,0.002233524,0.162099928,0.133102551,0.137569591,0.166566983,-0.137569591,-0.166566983,-0.162099928,-0.133102551,0.076592559,0.030903977,0.010018838
37.90081,0.965925826,0.258819045,0,0,0.523598776,0,0,0.975014269,0.221548647,0.016161703,0.00150326,0.447020235,0.030854584,0.010097583,0.005685539,-0.003723801,-0.000330806,0.151271152,-0.015526506,0.003033433,0.163764179,0.132711187,0.138778061,0.169831052,-0.138778061,-0.169831052,-0.163764179,-0.132711187,0.076578541,0.030854584,0.010097583
37.94979,0.965925826,0.258819045,0,0,0.523598776,0,0,0.975019872,0.221523747,0.01616771,0.001485344,0.446968773,0.0308745,0.010064508,-0.00115931,0.00468269,0.000598282,0.150344936,-0.015467694,0.002706759,0.163105831,0.132170454,0.137583971,0.168519348,-0.137583971,-0.168519348,-0.163105831,-0.132170454,0.076630003,0.0308745,0.010064508
37.99835014,0.965925826,0.258819045,0,0,0.523598776,0,0,0.975024283,0.221503019,0.016178338,0.001529952,0.446927801,0.030875672,0.010155596,0.001590699,-0.000874698,0.005119294,0.149832752,-0.013889586,0.001764838,0.161957458,0.134178296,0.137707978,0.16548714,-0.137707978,-0.16548714,-0.161957458,-0.134178296,0.076670975,0.030875672,0.010155596
38.04832006,0.965925826,0.258819045,0,0,0.523598776,0,0,0.975038648,0.221440926,0.016163331,0.00153209,0.4468001,0.030846099,0.010151143,-0.00230223,-0.001250207,0.002003461,0.150630421,-0.013762415,0.002382511,0.162010282,0.134485468,0.139250487,0.166775301,-0.139250487,-0.166775301,-0.162010282,-0.134485468,0.076798676,0.030846099,0.010151143
38.09828997,0.965925826,0.258819045,0,0,0.523598776,0,0,0.975047946,0.22139816,0.016187029,0.001557398,0.446713645,0.030881554,0.010209677,-0.003606082,-4.17E-05,0.000684709,0.150915533,-0.01413605,0.002631545,0.162010282,0.134485468,0.139250487,0.166775301,-0.139250487,-0.166775301,-0.162010282,-0.134485468,0.076885131,0.030881554,0.010209677
38.14877009,0.965925826,0.258819045,0,0,0.523598776,0,0,0.975052416,0.221378326,0.016187266,0.001581795,0.446673653,0.030871415,0.010256751,0.000905246,0.004879385,0.003384799,0.15019164,-0.013129037,0.002555043,0.16241999,0.134147912,0.139411002,0.16768308,-0.139411002,-0.16768308,-0.16241999,-0.134147912,0.076925123,0.030871415,0.010256751
38.19847012,0.965925826,0.258819045,0,0,0.523598776,0,0,0.975063741,0.221326053,0.01621257,0.001612043,0.446567919,0.030907925,0.010325333,0.000313669,0.003694743,0.000210851,0.15006572,-0.015571543,0.002074305,0.163562909,0.132419854,0.136568457,0.167711526,-0.136568457,-0.167711526,-0.163562909,-0.132419854,0.077030857,0.030907925,0.010325333
38.24985003,0.965925826,0.258819045,0,0,0.523598776,0,0,0.975067198,0.221310899,0.016217576,0.001630305,0.446537414,0.03090976,0.0103627,-0.002638996,0.001443178,0.002983958,0.150223039,-0.015252049,0.002687805,0.162787244,0.132283166,0.137658775,0.168162853,-0.137658775,-0.168162853,-0.162787244,-0.132283166,0.077061362,0.03090976,0.0103627
38.29933,0.965925826,0.258819045,0,0,0.523598776,0,0,0.975074649,0.221277162,0.016223948,0.001625551,0.446468269,0.030924655,0.010355182,0.000204891,-0.003325939,0.002527982,0.150282346,-0.013238666,0.002212835,0.16130814,0.134830818,0.139256492,0.165733799,-0.139256492,-0.165733799,-0.16130814,-0.134830818,0.077130507,0.030924655,0.010355182
38.34938002,0.965925826,0.258819045,0,0,0.523598776,0,0,0.975078344,0.221261501,0.016221214,0.001633431,0.44643625,0.030915996,0.010368845,0.001805276,0.004186481,-0.00064075,0.149989896,-0.015405476,0.002842282,0.162553042,0.13174212,0.137426674,0.168237612,-0.137426674,-0.168237612,-0.162553042,-0.13174212,0.077162526,0.030915996,0.010368845
38.40049005,0.965925826,0.258819045,0,0,0.523598776,0,0,0.975079656,0.221255973,0.01620866,0.001640738,0.446424874,0.030888335,0.010377364,-0.001324713,-0.002492964,-0.001309812,0.150594583,-0.013463139,0.002962602,0.161095083,0.134168819,0.140094027,0.167020276,-0.140094027,-0.167020276,-0.161095083,-0.134168819,0.077173902,0.030888335,0.010377364
38.44989014,0.965925826,0.258819045,0,0,0.523598776,0,0,0.975077391,0.22126545,0.016220918,0.001593959,0.446443271,0.030932858,0.010291829,0.00339374,0.001407415,0.001879782,0.151445471,-0.013560698,0.002377742,0.162628382,0.135507002,0.140262485,0.167383865,-0.140262485,-0.167383865,-0.162628382,-0.135507002,0.077155505,0.030932858,0.010291829
38.50182009,0.965925826,0.258819045,0,0,0.523598776,0,0,0.975078881,0.22126022,0.016209932,0.001560935,0.4464313,0.030926105,0.01022236,0.001651794,0.001137704,-4.47E-05,0.14968082,-0.014595827,0.002371226,0.161905378,0.132713735,0.137456194,0.166647837,-0.137456194,-0.166647837,-0.161905378,-0.132713735,0.077167476,0.030926105,0.01022236
38.55172014,0.965925826,0.258819045,0,0,0.523598776,0,0,0.975079596,0.221257642,0.016201885,0.001542847,0.446425313,0.030918447,0.010183422,0.00545159,0.002402812,-0.000354648,0.150019671,-0.014495954,0.002781292,0.161734298,0.132742405,0.138304979,0.167296872,-0.138304979,-0.167296872,-0.161734298,-0.132742405,0.077173463,0.030918447,0.010183422
38.60192013,0.965925826,0.258819045,0,0,0.523598776,0,0,0.975084722,0.221233875,0.016216867,0.001548984,0.446377095,0.0309452,0.010201283,-0.001077354,-0.001467764,0.001554936,0.150562998,-0.013747836,0.002473791,0.161836997,0.134341344,0.139288932,0.166784585,-0.139288932,-0.166784585,-0.161836997,-0.134341344,0.077221681,0.0309452,0.010201283
38.64987016,0.965925826,0.258819045,0,0,0.523598776,0,0,0.975074172,0.221279845,0.016225895,0.001552916,0.446471719,0.030960587,0.010214416,0.003265589,0.001723319,0.002228468,0.149693372,-0.014681302,0.00233852,0.162036106,0.132673532,0.137350559,0.166713148,-0.137350559,-0.166713148,-0.162036106,-0.132673532,0.077127057,0.030960587,0.010214416
38.70024014,0.965925826,0.258819045,0,0,0.523598776,0,0,0.975071549,0.221293375,0.016197786,0.001520569,0.446497904,0.030919944,0.010139274,-0.002939999,-0.004662573,-0.002458692,0.150873938,-0.012792413,0.003291438,0.16037488,0.134790063,0.141372934,0.166957751,-0.141372934,-0.166957751,-0.16037488,-0.134790063,0.077100872,0.030919944,0.010139274
38.74869013,0.965925826,0.258819045,0,0,0.523598776,0,0,0.975073218,0.221285582,0.016210528,0.001483265,0.44648113,0.030961398,0.010071892,0.003076345,0.00352338,0.000490993,0.149725461,-0.015167247,0.00274269,0.16037488,0.134790063,0.141372934,0.166957751,-0.141372934,-0.166957751,-0.16037488,-0.134790063,0.077117646,0.030961398,0.010071892
38.79860997,0.965925826,0.258819045,0,0,0.523598776,0,0,0.975055516,0.221364647,0.016199993,0.001437877,0.446641786,0.030960138,0.009981179,0.004211814,-0.001218915,-0.001218915,0.149276856,-0.013915068,0.003008653,0.160183236,0.132353112,0.13837041,0.166200534,-0.13837041,-0.166200534,-0.160183236,-0.132353112,0.07695699,0.030960138,0.009981179
38.84894013,0.965925826,0.258819045,0,0,0.523598776,0,0,0.97505188,0.221381277,0.016192276,0.001437592,0.446675705,0.030945042,0.009977728,-0.00077039,-0.003249943,0.004003197,0.149444913,-0.013771617,0.003115499,0.160100996,0.13255778,0.138788775,0.166331992,-0.138788775,-0.166331992,-0.160100996,-0.13255778,0.076923071,0.030945042,0.009977728
38.89850998,0.965925826,0.258819045,0,0,0.523598776,0,0,0.975044668,0.221413285,0.016187195,0.001428224,0.446741002,0.030938955,0.009958215,0.00031516,0.006043166,0.000419468,0.15015118,-0.015862016,0.002799162,0.163213998,0.131489977,0.137088299,0.16881232,-0.137088299,-0.16881232,-0.163213998,-0.131489977,0.076857774,0.030938955,0.009958215
38.95089006,0.965925826,0.258819045,0,0,0.523598776,0,0,0.97503227,0.221468836,0.016172869,0.001452577,0.44685532,0.030899653,0.010001132,0.003062934,0.002407283,0.000805408,0.149579944,-0.014805624,0.002693241,0.161692291,0.132081062,0.137467533,0.167078763,-0.137467533,-0.167078763,-0.161692291,-0.132081062,0.076743456,0.030899653,0.010001132
39.00091004,0.965925826,0.258819045,0,0,0.523598776,0,0,0.975032687,0.221467361,0.016171757,0.001459343,0.446852428,0.030894498,0.010013791,0.00288859,-0.000961125,0.001438707,0.14961439,-0.013833268,0.002558564,0.160889059,0.133222535,0.138339669,0.166006178,-0.138339669,-0.166006178,-0.160889059,-0.133222535,0.076746348,0.030894498,0.010013791
39.0508101,0.965925826,0.258819045,0,0,0.523598776,0,0,0.975031614,0.221470803,0.016188316,0.00147643,0.446860371,0.030919187,0.010054583,0.004581362,0.00237748,-0.002737344,0.150263518,-0.015526364,0.002925436,0.160889059,0.133222535,0.138339669,0.166006178,-0.138339669,-0.166006178,-0.160889059,-0.133222535,0.076738405,0.030919187,0.010054583
39.10088015,0.965925826,0.258819045,0,0,0.523598776,0,0,0.975024045,0.221504942,0.016172027,0.001444827,0.446929176,0.030901077,0.009986783,-0.00115931,-0.000850856,0.001811236,0.149271127,-0.014798033,0.00339482,0.160674304,0.131078243,0.137867883,0.167463943,-0.137867883,-0.167463943,-0.160674304,-0.131078243,0.0766696,0.030901077,0.009986783
39.15100002,0.965925826,0.258819045,0,0,0.523598776,0,0,0.975024939,0.221500307,0.016187454,0.001456536,0.446920322,0.03092602,0.010016325,-0.000675023,-0.001247227,0.000988692,0.150359377,-0.013862215,0.002497562,0.160674304,0.131078243,0.137867883,0.167463943,-0.137867883,-0.167463943,-0.160674304,-0.131078243,0.076678454,0.03092602,0.010016325
39.1998601,0.965925826,0.258819045,0,0,0.523598776,0,0,0.975021124,0.221516848,0.016183538,0.001457844,0.446954254,0.030917637,0.010017665,0.000896305,0.002781302,0.001423806,0.149956043,-0.014925523,0.002568163,0.162313357,0.132462338,0.137598664,0.167449683,-0.137598664,-0.167449683,-0.162313357,-0.132462338,0.076644522,0.030917637,0.010017665
39.2509501,0.965925826,0.258819045,0,0,0.523598776,0,0,0.975018382,0.221529558,0.016179364,0.001454233,0.446980098,0.030910964,0.01000917,0.0053145,0.002688915,0.002560765,0.149098632,-0.014896741,0.002341887,0.161653444,0.131859973,0.136543751,0.166337222,-0.136543751,-0.166337222,-0.161653444,-0.131859973,0.076618678,0.030910964,0.01000917
39.30078006,0.965925826,0.258819045,0,0,0.523598776,0,0,0.975011051,0.221562594,0.016163889,0.001449981,0.447047423,0.03088233,0.009995055,0.004654378,0.002934784,0.00223443,0.14919858,-0.01495308,0.002406551,0.161745071,0.131838933,0.136652023,0.166558176,-0.136652023,-0.166558176,-0.161745071,-0.131838933,0.076551353,0.03088233,0.009995055
39.35071993,0.965925826,0.258819045,0,0,0.523598776,0,0,0.975012898,0.221554354,0.016169896,0.00143673,0.447030257,0.030900004,0.009971607,0.00571236,-0.003442168,0.000352412,0.14900363,-0.013106455,0.002790438,0.159319609,0.133106709,0.138687596,0.164900482,-0.138687596,-0.164900482,-0.159319609,-0.133106709,0.076568519,0.030900004,0.009971607
39.40145993,0.965925826,0.258819045,0,0,0.523598776,0,0,0.975006223,0.221584365,0.016165527,0.001463558,0.447092443,0.030879275,0.010022956,0.000721961,0.001444668,0.003121048,0.149512642,-0.013965889,0.002857462,0.160621032,0.132689267,0.138404191,0.166335955,-0.138404191,-0.166335955,-0.160621032,-0.132689267,0.076506333,0.030879275,0.010022956
39.45015001,0.965925826,0.258819045,0,0,0.523598776,0,0,0.975002408,0.221599936,0.016178487,0.001480488,0.447125202,0.030896886,0.010062233,0.002446026,0.002676994,0.00326857,0.149934261,-0.014528551,0.002218163,0.162244603,0.133187518,0.137623847,0.166680932,-0.137623847,-0.166680932,-0.162244603,-0.133187518,0.076473574,0.030896886,0.010062233
39.49872994,0.965925826,0.258819045,0,0,0.523598776,0,0,0.975006223,0.221582487,0.016184293,0.00146588,0.447089157,0.030914869,0.01003576,0.003028661,-0.001913309,0.000336021,0.149495284,-0.013568564,0.002773476,0.160290331,0.133153215,0.138700172,0.165837288,-0.138700172,-0.165837288,-0.160290331,-0.133153215,0.076509619,0.030914869,0.01003576
39.54898,0.965925826,0.258819045,0,0,0.523598776,0,0,0.975008249,0.221574187,0.016177146,0.001461062,0.447071813,0.030903151,0.010022923,0.001821667,0.001136214,0.000164658,0.14973323,-0.014442939,0.002812567,0.161363557,0.132477701,0.138102829,0.166988701,-0.138102829,-0.166988701,-0.161363557,-0.132477701,0.076526963,0.030903151,0.010022923
39.59984994,0.965925826,0.258819045,0,0,0.523598776,0,0,0.975010216,0.221565261,0.016187645,0.001440038,0.447053114,0.030933041,0.009986285,-0.002221763,0.001846999,0.000948459,0.150514686,-0.014653147,0.002678936,0.162488863,0.133182585,0.138540447,0.167846724,-0.138540447,-0.167846724,-0.162488863,-0.133182585,0.076545662,0.030933041,0.009986285
39.64991999,0.965925826,0.258819045,0,0,0.523598776,0,0,0.975008905,0.221570462,0.016190175,0.001444536,0.447064009,0.030935929,0.009996349,0.002870709,0.001203269,0.000678748,0.149534857,-0.01447006,0.002727456,0.161277413,0.132337317,0.13779223,0.166732326,-0.13779223,-0.166732326,-0.161277413,-0.132337317,0.076534767,0.030935929,0.009996349
39.70146012,0.965925826,0.258819045,0,0,0.523598776,0,0,0.975011408,0.221560642,0.016178731,0.001432555,0.447043216,0.03091902,0.009967582,-0.001090765,-0.003512204,0.001364201,0.149946794,-0.013353699,0.002955566,0.160344884,0.133637503,0.13954863,0.166256025,-0.13954863,-0.166256025,-0.160344884,-0.133637503,0.07655556,0.03091902,0.009967582
39.75251007,0.965925826,0.258819045,0,0,0.523598776,0,0,0.975008309,0.22157301,0.016192885,0.001425456,0.447068756,0.030949649,0.009960411,-0.003401936,0.004962832,0.000689179,0.150301614,-0.01309418,0.002596327,0.160799429,0.134611085,0.139803737,0.165992081,-0.139803737,-0.165992081,-0.160799429,-0.134611085,0.07653002,0.030949649,0.009960411
39.80436015,0.965925826,0.258819045,0,0,0.523598776,0,0,0.975001693,0.22160098,0.016209837,0.001419711,0.447126376,0.030984974,0.009957616,0.000736863,0.003191084,0.000264496,0.150735192,-0.015561447,0.002755127,0.163541466,0.132418588,0.137928843,0.169051722,-0.137928843,-0.169051722,-0.163541466,-0.132418588,0.0764724,0.030984974,0.009957616
39.85065007,0.965925826,0.258819045,0,0,0.523598776,0,0,0.975001216,0.221605122,0.016180309,0.001416369,0.447134087,0.030928822,0.009938118,0.004259496,-0.002264977,0.001110882,0.149240519,-0.013452013,0.002659848,0.163541466,0.132418588,0.137928843,0.169051722,-0.137928843,-0.169051722,-0.163541466,-0.132418588,0.076464689,0.030928822,0.009938118
39.90107012,0.965925826,0.258819045,0,0,0.523598776,0,0,0.974999309,0.221611783,0.01620353,0.001412792,0.447148212,0.030975632,0.009941662,-0.001183152,0.002654642,-0.00166595,0.150279263,-0.014888352,0.003227511,0.160032645,0.133128628,0.138448328,0.165352345,-0.138448328,-0.165352345,-0.160032645,-0.133128628,0.076450564,0.030975632,0.009941662
39.95093012,0.965925826,0.258819045,0,0,0.523598776,0,0,0.974995017,0.221631676,0.016190864,0.001409256,0.447188616,0.030952294,0.009929771,0.008601696,0.000350922,0.002170354,0.148386384,-0.014218154,0.00245744,0.161940068,0.132163376,0.138618395,0.168395087,-0.138618395,-0.168395087,-0.161940068,-0.132163376,0.07641016,0.030952294,0.009929771
40.00115013,0.965925826,0.258819045,0,0,0.523598776,0,0,0.974973381,0.221725628,0.016208677,0.001370763,0.44738072,0.031003158,0.009865574,0.005521624,-0.001883507,7.08E-05,0.14889669,-0.014120615,0.003067524,0.160147056,0.131710768,0.136625648,0.165061936,-0.136625648,-0.165061936,-0.160147056,-0.131710768,0.076218056,0.031003158,0.009865574
40.05117011,0.965925826,0.258819045,0,0,0.523598776,0,0,0.974970043,0.221742213,0.016191809,0.001342935,0.447413498,0.030982437,0.009804318,0.002033264,-0.003921986,-0.001047552,0.148901711,-0.013573001,0.002911963,0.159562707,0.132416725,0.13824065,0.165386632,-0.13824065,-0.165386632,-0.159562707,-0.132416725,0.076185278,0.030982437,0.009804318
40.09790015,0.965925826,0.258819045,0,0,0.523598776,0,0,0.974961996,0.221777752,0.016185531,0.00134957,0.447486484,0.030966894,0.009815604,-0.000353158,0.005999953,0.002574176,0.149557315,-0.012959405,0.00315422,0.159562707,0.132416725,0.13824065,0.165386632,-0.13824065,-0.165386632,-0.159562707,-0.132416725,0.076112292,0.030966894,0.009815604
40.14796996,0.965925826,0.258819045,0,0,0.523598776,0,0,0.974953473,0.221815377,0.016183203,0.001341171,0.447563394,0.030965703,0.009799379,0.002232939,-0.000360608,-9.39E-05,0.149459365,-0.013983957,0.002964508,0.160478771,0.132510871,0.138439894,0.166407794,-0.138439894,-0.166407794,-0.160478771,-0.132510871,0.076035382,0.030965703,0.009799379
40.19991994,0.965925826,0.258819045,0,0,0.523598776,0,0,0.974946439,0.221846029,0.016195288,0.001310103,0.447625639,0.031002754,0.009745116,0.002614409,0.001356751,-0.000490248,0.149361538,-0.014482208,0.003074089,0.160769612,0.131805211,0.137953401,0.166917801,-0.137953401,-0.166917801,-0.160769612,-0.131805211,0.075973137,0.031002754,0.009745116
40.24966002,0.965925826,0.258819045,0,0,0.523598776,0,0,0.97493571,0.221892893,0.016196912,0.001311202,0.447721883,0.031004966,0.009749474,0.002663583,-0.004161894,0.004378707,0.149311993,-0.012896858,0.002097979,0.160110831,0.13431713,0.138513088,0.16430679,-0.138513088,-0.16430679,-0.160110831,-0.13431713,0.075876893,0.031004966,0.009749474
40.29804993,0.965925826,0.258819045,0,0,0.523598776,0,0,0.97492981,0.221919462,0.016185284,0.001322359,0.447778508,0.031007784,0.009748434,0.004095583,-0.003685057,0.000350922,0.149017369,-0.013028153,0.002902223,0.159143254,0.133086964,0.138891414,0.164947703,-0.138891414,-0.164947703,-0.159143254,-0.133086964,0.075820268,0.031007784,0.009748434
40.35116005,0.965925826,0.258819045,0,0,0.523598776,0,0,0.974906325,0.222021803,0.016195143,0.0012751,0.447985366,0.031016269,0.009682364,-0.000889599,0.001037866,0.000803918,0.148712806,-0.014522052,0.003506079,0.159728736,0.130684644,0.137696803,0.166740894,-0.137696803,-0.166740894,-0.159728736,-0.130684644,0.07561341,0.031016269,0.009682364
40.39966011,0.965925826,0.258819045,0,0,0.523598776,0,0,0.974890769,0.222090542,0.01619464,0.001285973,0.448126667,0.03100977,0.009705536,0.007880479,0.00275448,0.00505522,0.149890229,-0.014383582,0.002844225,0.161429539,0.132662401,0.138350844,0.167117998,-0.138350844,-0.167117998,-0.161429539,-0.132662401,0.075472109,0.03100977,0.009705536
40.44991994,0.965925826,0.258819045,0,0,0.523598776,0,0,0.974878609,0.222142965,0.016202915,0.001246637,0.448233361,0.031042877,0.009634159,0.002879649,0.000972301,-0.001069903,0.149070996,-0.014360918,0.003241488,0.160190389,0.131468564,0.137951538,0.166673362,-0.137951538,-0.166673362,-0.160190389,-0.131468564,0.075365415,0.031042877,0.009634159
40.49979997,0.965925826,0.258819045,0,0,0.523598776,0,0,0.974868655,0.222187385,0.016199693,0.001227904,0.448323857,0.031044481,0.009597596,0.004588813,-0.002169609,0.000358373,0.148706977,-0.013447312,0.002968754,0.159185499,0.132290885,0.138228402,0.165123001,-0.138228402,-0.165123001,-0.159185499,-0.132290885,0.075274919,0.031044481,0.009597596
40.55076003,0.965925826,0.258819045,0,0,0.523598776,0,0,0.974856436,0.222240731,0.016203661,0.001231922,0.448433528,0.031049905,0.0096089,0.00327006,-0.001622736,0.001529604,0.148916024,-0.013612273,0.002732556,0.159795702,0.132571176,0.138036281,0.165260807,-0.138036281,-0.165260807,-0.159795702,-0.132571176,0.075165248,0.031049905,0.0096089
40.60096002,0.965925826,0.258819045,0,0,0.523598776,0,0,0.974829376,0.22235854,0.016212942,0.001217906,0.448675122,0.031073082,0.00958945,0.005242974,-0.002528727,0.002553314,0.149140482,-0.014523693,0.002248839,0.161415294,0.132367924,0.136865601,0.165912971,-0.136865601,-0.165912971,-0.161415294,-0.132367924,0.074923654,0.031073082,0.00958945
40.6508801,0.965925826,0.258819045,0,0,0.523598776,0,0,0.974822521,0.222388133,0.016225355,0.001182446,0.448735099,0.031112775,0.009526756,0.005503744,0.003381819,3.73E-06,0.148442294,-0.013356888,0.002539814,0.159259334,0.132545561,0.137625203,0.164338961,-0.137625203,-0.164338961,-0.159259334,-0.132545561,0.074863677,0.031112775,0.009526756
40.70087004,0.965925826,0.258819045,0,0,0.523598776,0,0,0.974814534,0.222424895,0.016199971,0.00114964,0.448809023,0.03107752,0.009452631,0.002682954,0.000151247,0.000276417,0.148369303,-0.015063302,0.003085476,0.159259334,0.132545561,0.137625203,0.164338961,-0.137625203,-0.164338961,-0.159259334,-0.132545561,0.074789753,0.03107752,0.009452631
40.75092006,0.965925826,0.258819045,0,0,0.523598776,0,0,0.974800825,0.222486466,0.016189767,0.001102803,0.448933738,0.031077875,0.009358688,0.000932068,-0.001680851,0.000343472,0.149165625,-0.013548331,0.003074189,0.159639731,0.132543087,0.138691455,0.165788099,-0.138691455,-0.165788099,-0.159639731,-0.132543087,0.074665038,0.031077875,0.009358688
40.80065012,0.965925826,0.258819045,0,0,0.523598776,0,0,0.974793017,0.222520605,0.016184675,0.001079776,0.449003071,0.031077875,0.009312595,0.005496294,-0.005963445,0.001364201,0.148262969,-0.012301397,0.00288465,0.157679677,0.133076891,0.138846204,0.163448974,-0.138846204,-0.163448974,-0.157679677,-0.133076891,0.074595705,0.031077875,0.009312595
40.85191011,0.965925826,0.258819045,0,0,0.523598776,0,0,0.974779725,0.222578958,0.016186025,0.00106182,0.449122323,0.031087947,0.009280035,0.000875443,0.001946837,0.001675636,0.14910068,-0.014586672,0.002843913,0.160843402,0.131670073,0.137357891,0.16653122,-0.137357891,-0.16653122,-0.160843402,-0.131670073,0.074476453,0.031087947,0.009280035
40.89982009,0.965925826,0.258819045,0,0,0.523598776,0,0,0.974768996,0.222626686,0.016180295,0.001041875,0.44921954,0.031085204,0.009240101,0.003079325,0.002511591,-0.00026077,0.148640706,-0.014736674,0.003244916,0.160132423,0.130659088,0.137148932,0.166622251,-0.137148932,-0.166622251,-0.160132423,-0.130659088,0.074379236,0.031085204,0.009240101
40.95059013,0.965925826,0.258819045,0,0,0.523598776,0,0,0.974750161,0.222709566,0.016174857,0.001039524,0.449389434,0.031074861,0.009235732,-0.004570186,-0.000762939,-0.000691414,0.14844734,-0.015074438,0.002908698,0.160613045,0.130464181,0.13628158,0.166430429,-0.13628158,-0.166430429,-0.160613045,-0.130464181,0.074209342,0.031074861,0.009235732
41.00076008,0.965925826,0.258819045,0,0,0.523598776,0,0,0.974744856,0.222733259,0.016169598,0.001022211,0.449437437,0.0310721,0.009200375,0.003161282,0.000267476,0.000178069,0.150040013,-0.013783244,0.003330266,0.160492957,0.132926479,0.139587015,0.167153478,-0.139587015,-0.167153478,-0.160492957,-0.132926479,0.074161339,0.0310721,0.009200375
41.05179,0.965925826,0.258819045,0,0,0.523598776,0,0,0.97474581,0.222730637,0.016147394,0.000969229,0.449430047,0.031052445,0.009087049,0.001447648,-0.000283122,-0.000408292,0.148869257,-0.013881228,0.003325987,0.159424454,0.131662011,0.138313994,0.166076437,-0.138313994,-0.166076437,-0.159424454,-0.131662011,0.074168729,0.031052445,0.009087049
41.10098004,0.965925826,0.258819045,0,0,0.523598776,0,0,0.974746704,0.222728744,0.016130852,0.000893511,0.449423557,0.031053951,0.008931926,-0.004927814,-0.004835427,-0.002549589,0.150093455,-0.012525963,0.003813454,0.159424454,0.131662011,0.138313994,0.166076437,-0.138313994,-0.166076437,-0.159424454,-0.131662011,0.074175219,0.031053951,0.008931926
41.15057993,0.965925826,0.258819045,0,0,0.523598776,0,0,0.974747598,0.222727045,0.016100176,0.000846766,0.449418045,0.031014987,0.008827013,0.000146776,-0.001838803,-0.001198053,0.149121281,-0.013357308,0.003577122,0.158901423,0.13218683,0.139341071,0.166055664,-0.139341071,-0.166055664,-0.158901423,-0.13218683,0.074180731,0.031014987,0.008827013
41.19904995,0.965925826,0.258819045,0,0,0.523598776,0,0,0.974750876,0.222713903,0.016083647,0.000771432,0.449388562,0.031016452,0.008672291,0.005652756,-0.001308322,-0.001226366,0.148076336,-0.013477177,0.003642839,0.15791063,0.130956292,0.138241976,0.165196314,-0.138241976,-0.165196314,-0.15791063,-0.130956292,0.074210214,0.031016452,0.008672291
41.25057006,0.965925826,0.258819045,0,0,0.523598776,0,0,0.974745572,0.222740784,0.016044313,0.000599339,0.44943788,0.031016219,0.008319948,0.004713983,0.002389401,-0.003488362,0.148972089,-0.01429009,0.003159959,0.160102174,0.131522015,0.13784194,0.166422099,-0.13784194,-0.166422099,-0.160102174,-0.131522015,0.074160896,0.031016219,0.008319948
41.3004601,0.965925826,0.258819045,0,0,0.523598776,0,0,0.974727094,0.2228221,0.016041424,0.000569675,0.449603829,0.031023118,0.008263391,0.01070127,-7.90E-05,0.001449138,0.148234426,-0.014464096,0.004235379,0.158463106,0.12953493,0.138005689,0.166933864,-0.138005689,-0.166933864,-0.158463106,-0.12953493,0.073994947,0.031023118,0.008263391
41.34998012,0.965925826,0.258819045,0,0,0.523598776,0,0,0.974715412,0.222871631,0.016051058,0.000571844,0.44970585,0.03104052,0.008273503,0.004705042,-0.001110136,-0.001464784,0.148129519,-0.013454606,0.003853015,0.157731071,0.130821869,0.1385279,0.165437102,-0.1385279,-0.165437102,-0.157731071,-0.130821869,0.073892926,0.03104052,0.008273503
41.39987993,0.965925826,0.258819045,0,0,0.523598776,0,0,0.974709272,0.222900316,0.016033828,0.000553369,0.449763751,0.031014919,0.008230689,0.0058569,0.002148003,0.000476092,0.147884376,-0.014381429,0.003478816,0.157731071,0.130821869,0.1385279,0.165437102,-0.1385279,-0.165437102,-0.157731071,-0.130821869,0.073835025,0.031014919,0.008230689
41.45168996,0.965925826,0.258819045,0,0,0.523598776,0,0,0.974700868,0.222935364,0.016056124,0.000558866,0.449836344,0.031055644,0.008252482,0.002414733,-0.003010034,0.000429899,0.148516113,-0.01290951,0.003486089,0.157939494,0.13212049,0.139092669,0.164911672,-0.139092669,-0.164911672,-0.157939494,-0.13212049,0.073762432,0.031055644,0.008252482
41.50103998,0.965925826,0.258819045,0,0,0.523598776,0,0,0.974697888,0.222948596,0.016048731,0.000559797,0.449863397,0.031040704,0.00825142,0.000996143,0.004414469,8.72E-05,0.148776855,-0.015050622,0.003556638,0.160270795,0.13016957,0.137282848,0.167384073,-0.137282848,-0.167384073,-0.160270795,-0.13016957,0.073735379,0.031040704,0.00825142
41.55141997,0.965925826,0.258819045,0,0,0.523598776,0,0,0.974673927,0.223051682,0.016072402,0.000602235,0.450076701,0.03106704,0.008348043,0.008087605,-0.001481176,0.003098697,0.147079156,-0.014336415,0.00314937,0.158266157,0.129593343,0.135892093,0.164564908,-0.135892093,-0.164564908,-0.158266157,-0.129593343,0.073522075,0.03106704,0.008348043
41.60193014,0.965925826,0.258819045,0,0,0.523598776,0,0,0.974668682,0.223074257,0.016079318,0.000596464,0.450123011,0.031082906,0.008340598,0.003132969,0.0003241,0.001309067,0.147333877,-0.013382828,0.002917818,0.157798842,0.131033212,0.136868849,0.163634479,-0.136868849,-0.163634479,-0.157798842,-0.131033212,0.073475765,0.031082906,0.008340598
41.65388012,0.965925826,0.258819045,0,0,0.523598776,0,0,0.974665761,0.223086908,0.016082831,0.000572128,0.450148348,0.031100511,0.008295111,-0.000604987,0.003484636,-0.001205504,0.148265839,-0.013905923,0.003283699,0.158888027,0.131076187,0.137643591,0.165455416,-0.137643591,-0.165455416,-0.158888027,-0.131076187,0.073450428,0.031100511,0.008295111
41.70085001,0.965925826,0.258819045,0,0,0.523598776,0,0,0.974658489,0.223117948,0.016088527,0.000549451,0.450211568,0.031121479,0.008254424,0.00480488,0.00173077,-0.001551211,0.147911173,-0.014303425,0.003896969,0.158317581,0.129710749,0.137504697,0.166111529,-0.137504697,-0.166111529,-0.158317581,-0.129710749,0.073387208,0.031121479,0.008254424
41.74997997,0.965925826,0.258819045,0,0,0.523598776,0,0,0.974653184,0.223140508,0.016099807,0.000568773,0.450258655,0.031134652,0.008297868,-0.000742078,0.003679842,0.002137572,0.148954059,-0.014888409,0.003149772,0.160692647,0.13091585,0.137215391,0.166992202,-0.137215391,-0.166992202,-0.160692647,-0.13091585,0.073340121,0.031134652,0.008297868
41.80086994,0.965925826,0.258819045,0,0,0.523598776,0,0,0.974657118,0.223124489,0.016088925,0.000496907,0.450223445,0.031145658,0.008152336,0.002171844,-0.003297627,-0.000467896,0.148410044,-0.012837131,0.003724056,0.157523081,0.131848827,0.139296949,0.164971188,-0.139296949,-0.164971188,-0.157523081,-0.131848827,0.073375331,0.031145658,0.008152336
41.85136008,0.965925826,0.258819045,0,0,0.523598776,0,0,0.974647164,0.223170102,0.01605775,0.000405749,0.450313779,0.031125205,0.007962084,0.001103431,-0.003226102,0.002153963,0.148128448,-0.013956581,0.004450339,0.157634646,0.129721507,0.13862218,0.166535333,-0.13862218,-0.166535333,-0.157634646,-0.129721507,0.073284997,0.031125205,0.007962084
41.90180993,0.965925826,0.258819045,0,0,0.523598776,0,0,0.974645317,0.223179206,0.016048631,0.000371569,0.45033125,0.031122612,0.00789164,0.001011044,0.007156283,-0.001816452,0.148576104,-0.012812354,0.003271873,0.158116549,0.132491857,0.139035597,0.16466029,-0.139035597,-0.16466029,-0.158116549,-0.132491857,0.073267526,0.031122612,0.00789164
41.95116997,0.965925826,0.258819045,0,0,0.523598776,0,0,0.974639297,0.223207116,0.016028047,0.000339066,0.450387139,0.03109677,0.007819941,0.002621859,-0.000181794,0.001376122,0.148587373,-0.015791907,0.004097444,0.160281792,0.128697991,0.136892885,0.168476686,-0.136892885,-0.168476686,-0.160281792,-0.128697991,0.073211637,0.03109677,0.007819941
42.00190997,0.965925826,0.258819045,0,0,0.523598776,0,0,0.974634707,0.223228425,0.016006885,0.000335772,0.450430343,0.031056814,0.007804737,0.002052635,-0.003433228,0.00224039,0.148346738,-0.012691341,0.003301124,0.160281792,0.128697991,0.136892885,0.168476686,-0.136892885,-0.168476686,-0.160281792,-0.128697991,0.073168433,0.031056814,0.007804737
42.05194998,0.965925826,0.258819045,0,0,0.523598776,0,0,0.974629998,0.223248556,0.016011814,0.000320815,0.450471352,0.031072944,0.007778414,0.002070516,0.002261251,0.002270192,0.148326444,-0.014339108,0.003312584,0.159352928,0.13067472,0.137299895,0.165978089,-0.137299895,-0.165978089,-0.159352928,-0.13067472,0.073127424,0.031072944,0.007778414
42.09993005,0.965925826,0.258819045,0,0,0.523598776,0,0,0.97462815,0.223254696,0.016038423,0.000353159,0.450485462,0.031110326,0.007853585,-0.003668666,0.003502518,0.002828986,0.149421075,-0.014729939,0.003182131,0.16096884,0.131508976,0.137873247,0.167333096,-0.137873247,-0.167333096,-0.16096884,-0.131508976,0.073113314,0.031110326,0.007853585
42.1498301,0.965925826,0.258819045,0,0,0.523598776,0,0,0.974628925,0.223251566,0.016033411,0.000330879,0.450478303,0.031110532,0.007807795,0.001303107,0.005111843,-0.001426041,0.148415806,-0.014711967,0.004549857,0.158577874,0.129153952,0.138253674,0.167677596,-0.138253674,-0.167677596,-0.158577874,-0.129153952,0.073120473,0.031110532,0.007807795
42.19980001,0.965925826,0.258819045,0,0,0.523598776,0,0,0.974636137,0.223222598,0.016005376,0.000296378,0.450417195,0.031071513,0.007727051,-0.000882149,0.00121966,-0.000391901,0.14847284,-0.015171626,0.004056741,0.159587681,0.129244447,0.137357935,0.16770117,-0.137357935,-0.16770117,-0.159587681,-0.129244447,0.073181581,0.031071513,0.007727051
42.25073004,0.965925826,0.258819045,0,0,0.523598776,0,0,0.974640191,0.223204792,0.016004914,0.000304634,0.450380886,0.031067067,0.007742376,-0.00115931,-0.001768768,0.00019744,0.148914517,-0.014020679,0.00386371,0.159587681,0.129244447,0.137357935,0.16770117,-0.137357935,-0.16770117,-0.159587681,-0.129244447,0.07321789,0.031067067,0.007742376
42.30177999,0.965925826,0.258819045,0,0,0.523598776,0,0,0.974646211,0.223177493,0.016016819,0.000281842,0.45032448,0.031100674,0.00770238,0.000763685,0.000361353,0.003618747,0.148633525,-0.013785546,0.003078967,0.159340069,0.131768987,0.137926921,0.165498003,-0.137926921,-0.165498003,-0.159340069,-0.131768987,0.073274296,0.031100674,0.00770238
42.35156012,0.965925826,0.258819045,0,0,0.523598776,0,0,0.974653959,0.223142341,0.016032193,0.000312777,0.450253573,0.031117115,0.00776846,-0.002682209,-0.002551079,0.001158565,0.149323865,-0.012959277,0.00354645,0.158736646,0.132818118,0.139911011,0.165829554,-0.139911011,-0.165829554,-0.158736646,-0.132818118,0.073345203,0.031117115,0.00776846
42.40181994,0.965925826,0.258819045,0,0,0.523598776,0,0,0.974665105,0.223092988,0.016050542,0.000362016,0.450154022,0.031131298,0.007871109,0.002232939,0.00391081,0.002262742,0.148421086,-0.014859275,0.003291591,0.159988731,0.130270198,0.136853382,0.166571915,-0.136853382,-0.166571915,-0.159988731,-0.130270198,0.073444754,0.031131298,0.007871109
42.45063996,0.965925826,0.258819045,0,0,0.523598776,0,0,0.974684596,0.223006338,0.016059512,0.000443077,0.449978778,0.03111332,0.008030439,-0.001901388,0.002700836,0.000946969,0.149280378,-0.014531125,0.00350512,0.160306334,0.131244108,0.138254344,0.167316586,-0.138254344,-0.167316586,-0.160306334,-0.131244108,0.073619998,0.03111332,0.008030439
42.5074501,0.965925826,0.258819045,0,0,0.523598776,0,0,0.974717975,0.222858265,0.016089233,0.000582669,0.449679519,0.031110237,0.00831123,0.000172108,0.000645965,0.004141778,0.149686713,-0.013696083,0.002751426,0.160631329,0.13323918,0.13874203,0.166134179,-0.13874203,-0.166134179,-0.160631329,-0.13323918,0.073919257,0.031110237,0.00831123
42.55290008,0.965925826,0.258819045,0,0,0.523598776,0,0,0.97473532,0.222779915,0.01612491,0.000617734,0.44952051,0.031164838,0.008393039,0.000178069,0.002380461,0.002297014,0.149006105,-0.014007865,0.002737647,0.160276279,0.132260561,0.137735859,0.165751576,-0.137735859,-0.165751576,-0.160276279,-0.132260561,0.074078266,0.031164838,0.008393039
42.60181999,0.965925826,0.258819045,0,0,0.523598776,0,0,0.974750817,0.222713932,0.0160935,0.000660497,0.44938565,0.031085104,0.008460321,-0.004419684,-0.001890958,0.004946442,0.150002735,-0.013298622,0.002512787,0.160788521,0.134191304,0.13921687,0.165814102,-0.13921687,-0.165814102,-0.160788521,-0.134191304,0.074213126,0.031085104,0.008460321
42.65152001,0.965925826,0.258819045,0,0,0.523598776,0,0,0.97477901,0.222590715,0.016090069,0.000635807,0.449132002,0.031090481,0.008406704,7.97E-05,-0.003395975,0.003283471,0.149240802,-0.012850493,0.002864695,0.159226567,0.133525595,0.139254972,0.164955944,-0.139254972,-0.164955944,-0.159226567,-0.133525595,0.074466774,0.031090481,0.008406704
42.70084,0.965925826,0.258819045,0,0,0.523598776,0,0,0.974789679,0.222541988,0.016115287,0.000640587,0.449032727,0.031137949,0.008425715,-0.004027784,0.003287941,0.000806898,0.150067976,-0.014801606,0.003367166,0.161502376,0.131899178,0.138633505,0.168236703,-0.138633505,-0.168236703,-0.161502376,-0.131899178,0.074566049,0.031137949,0.008425715
42.75075006,0.965925826,0.258819045,0,0,0.523598776,0,0,0.974798322,0.222505912,0.016089816,0.000632013,0.448957882,0.031092409,0.008396486,-6.26E-05,-0.001877546,-0.000827014,0.149338427,-0.013280491,0.003690126,0.158928752,0.13236779,0.139748037,0.166308999,-0.139748037,-0.166308999,-0.158928752,-0.13236779,0.074640894,0.031092409,0.008396486
42.80168009,0.965925826,0.258819045,0,0,0.523598776,0,0,0.974821627,0.222403944,0.016087865,0.000591558,0.44874743,0.031107489,0.008313455,-0.002339482,-0.000710785,-0.004319847,0.149831543,-0.014719027,0.003750499,0.160800025,0.131361991,0.138862997,0.168301031,-0.138862997,-0.168301031,-0.160800025,-0.131361991,0.074851346,0.031107489,0.008313455
42.85070014,0.965925826,0.258819045,0,0,0.523598776,0,0,0.974834204,0.222347379,0.016115252,0.000568966,0.448631266,0.031171426,0.008279778,-0.000192225,0.002183765,0.003469735,0.149858436,-0.013598551,0.004424364,0.159032583,0.13183549,0.140684217,0.16788131,-0.140684217,-0.16788131,-0.159032583,-0.13183549,0.07496751,0.031171426,0.008279778
42.90320015,0.965925826,0.258819045,0,0,0.523598776,0,0,0.974841177,0.222315773,0.016125048,0.000584082,0.448567092,0.031184074,0.008312616,-0.002278388,0.00301525,0.000775606,0.149915011,-0.014715146,0.003427785,0.161202326,0.131772056,0.138627619,0.168057904,-0.138627619,-0.168057904,-0.161202326,-0.131772056,0.075031684,0.031184074,0.008312616
42.94992995,0.965925826,0.258819045,0,0,0.523598776,0,0,0.974851012,0.222272322,0.016136168,0.000587411,0.448478221,0.031204646,0.00832267,0.001814216,0.002139062,0.003831834,0.149164447,-0.014477793,0.002817082,0.160825118,0.131869555,0.137503713,0.166459277,-0.137503713,-0.166459277,-0.160825118,-0.131869555,0.075120555,0.031204646,0.00832267
43.00089002,0.965925826,0.258819045,0,0,0.523598776,0,0,0.974859416,0.222233504,0.016156983,0.000598612,0.448399398,0.031240591,0.008352544,-0.000478327,0.000716001,0.003621727,0.149635287,-0.014086051,0.002854913,0.16086638,0.132694304,0.138404131,0.166576207,-0.138404131,-0.166576207,-0.16086638,-0.132694304,0.075199378,0.031240591,0.008352544
43.05084014,0.965925826,0.258819045,0,0,0.523598776,0,0,0.974867821,0.222197115,0.016151063,0.000641107,0.448325804,0.031210463,0.008431634,0.004205853,0.00223741,0.004199892,0.148766944,-0.014533546,0.0027015,0.160598949,0.131531879,0.136934876,0.166001946,-0.136934876,-0.166001946,-0.160598949,-0.131531879,0.075272972,0.031210463,0.008431634
43.10123014,0.965925826,0.258819045,0,0,0.523598776,0,0,0.974889815,0.222099066,0.016167179,0.000730823,0.448127568,0.031202867,0.008610673,0.002547354,-0.000795722,0.003454834,0.149953229,-0.013878039,0.003191309,0.160639912,0.132883862,0.139266476,0.167022541,-0.139266476,-0.167022541,-0.160639912,-0.132883862,0.075471208,0.031202867,0.008610673
43.15196013,0.965925826,0.258819045,0,0,0.523598776,0,0,0.97490257,0.222042024,0.016183324,0.000740879,0.448011162,0.031230389,0.008635643,-0.006182492,0.001079589,0.001696497,0.14916496,-0.013691508,0.002776513,0.160079911,0.132696912,0.138249934,0.165632933,-0.138249934,-0.165632933,-0.160079911,-0.132696912,0.075587614,0.031230389,0.008635643
43.20451999,0.965925826,0.258819045,0,0,0.523598776,0,0,0.974904239,0.222034276,0.016193384,0.000679144,0.447993694,0.031277505,0.008519442,-0.000852346,0.007622689,-0.003579259,0.150889914,-0.014232506,0.003118582,0.1620038,0.133538797,0.139775962,0.168240964,-0.139775962,-0.168240964,-0.1620038,-0.133538797,0.075605082,0.031277505,0.008519442
43.25199008,0.965925826,0.258819045,0,0,0.523598776,0,0,0.974907637,0.222022906,0.016143989,0.000674396,0.447969117,0.031183382,0.008487846,-0.001560152,-0.005824864,-0.000111759,0.150015346,-0.012194823,0.003529935,0.158680201,0.134290561,0.141350433,0.165740058,-0.141350433,-0.165740058,-0.158680201,-0.134290561,0.075629659,0.031183382,0.008487846
43.29986,0.965925826,0.258819045,0,0,0.523598776,0,0,0.974918783,0.221972689,0.016160266,0.000624366,0.447865021,0.031237789,0.008395883,0.000747293,-0.002866983,0.000976771,0.149612635,-0.013053075,0.003362407,0.159303263,0.133197129,0.139921948,0.166028082,-0.139921948,-0.166028082,-0.159303263,-0.133197129,0.075733755,0.031237789,0.008395883
43.35085011,0.965925826,0.258819045,0,0,0.523598776,0,0,0.974922299,0.221958682,0.016142329,0.00059071,0.447834901,0.031217875,0.008321803,0.001684576,0.00289008,-0.001579523,0.149445008,-0.014689526,0.003900661,0.160233825,0.1308548,0.138656124,0.16803515,-0.138656124,-0.16803515,-0.160233825,-0.1308548,0.075763875,0.031217875,0.008321803
43.40169001,0.965925826,0.258819045,0,0,0.523598776,0,0,0.974932492,0.221912414,0.016160989,0.000555243,0.44773938,0.031270413,0.008259429,-0.002534688,0.002483279,0.00198856,0.149864609,-0.013518571,0.003184336,0.160198808,0.133161679,0.139530346,0.166567475,-0.139530346,-0.166567475,-0.160198808,-0.133161679,0.075859396,0.031270413,0.008259429
43.45211005,0.965925826,0.258819045,0,0,0.523598776,0,0,0.97493571,0.221898988,0.016156148,0.000565693,0.447711986,0.031256443,0.00827723,-0.001874566,-0.001585484,0.003980845,0.150288809,-0.014584573,0.003226154,0.161647186,0.132478058,0.138930365,0.168099493,-0.138930365,-0.168099493,-0.161647186,-0.132478058,0.07588679,0.031256443,0.00827723
43.50086999,0.965925826,0.258819045,0,0,0.523598776,0,0,0.974941671,0.221875057,0.016128736,0.000573397,0.447662462,0.031199761,0.008279306,-0.000530481,0.000309199,0.005132705,0.150172563,-0.013409971,0.002815805,0.160766691,0.133946761,0.139578372,0.166398302,-0.139578372,-0.166398302,-0.160766691,-0.133946761,0.075936314,0.031199761,0.008279306
43.55086994,0.965925826,0.258819045,0,0,0.523598776,0,0,0.974945366,0.221858516,0.01612873,0.000620454,0.447629899,0.031179001,0.008370573,0.00096336,-0.001095235,0.002185255,0.149662644,-0.013539544,0.003119691,0.160082459,0.133003384,0.139242768,0.166321844,-0.139242768,-0.166321844,-0.160082459,-0.133003384,0.075968877,0.031179001,0.008370573
43.60077,0.965925826,0.258819045,0,0,0.523598776,0,0,0.974947453,0.22184968,0.016120918,0.000599021,0.447611005,0.031173358,0.008325009,0.000140816,-0.000923872,-0.00166297,0.149829151,-0.013569467,0.003904303,0.159494281,0.132355362,0.140163958,0.167302877,-0.140163958,-0.167302877,-0.159494281,-0.132355362,0.075987771,0.031173358,0.008325009
43.65081,0.965925826,0.258819045,0,0,0.523598776,0,0,0.974946439,0.221856162,0.01609941,0.000587326,0.447623443,0.031136544,0.008292842,0.000228733,-0.00294447,0.000482053,0.149806144,-0.012967694,0.003479661,0.159294128,0.133358762,0.140318081,0.166253462,-0.140318081,-0.166253462,-0.159294128,-0.133358762,0.075975333,0.031136544,0.008292842
43.70100999,0.965925826,0.258819045,0,0,0.523598776,0,0,0.974945426,0.221857592,0.016136607,0.000620548,0.447628192,0.03119433,0.00837423,0.003356487,0.001961738,0.001298636,0.149892858,-0.013806612,0.003113104,0.160586327,0.13297312,0.139199331,0.166812539,-0.139199331,-0.166812539,-0.160586327,-0.13297312,0.075970584,0.03119433,0.00837423
43.75186014,0.965925826,0.258819045,0,0,0.523598776,0,0,0.974942863,0.221868336,0.016135897,0.000656841,0.447651314,0.031176744,0.008445059,0.005779416,0.001115352,0.002876669,0.149205034,-0.014429046,0.003299816,0.160334229,0.131476149,0.138075784,0.166933849,-0.138075784,-0.166933849,-0.160334229,-0.131476149,0.075947462,0.031176744,0.008445059
43.79977012,0.965925826,0.258819045,0,0,0.523598776,0,0,0.974941254,0.221873119,0.016170409,0.000676997,0.44766246,0.031235059,0.00849987,0.00314489,-0.001014769,-0.000432134,0.148731532,-0.014196366,0.002952015,0.159975842,0.131583124,0.137487158,0.165879875,-0.137487158,-0.165879875,-0.159975842,-0.131583124,0.075936316,0.031235059,0.00849987
43.85079002,0.965925826,0.258819045,0,0,0.523598776,0,0,0.974938095,0.2218858,0.016180275,0.000743793,0.44769066,0.031224534,0.008634968,0.004129857,-0.00025928,-0.001499057,0.149036308,-0.013851057,0.003759974,0.159127355,0.131425247,0.138945207,0.1666473,-0.138945207,-0.1666473,-0.159127355,-0.131425247,0.075908116,0.031224534,0.008634968
43.90078998,0.965925826,0.258819045,0,0,0.523598776,0,0,0.974925697,0.22194013,0.016188549,0.000735929,0.447802055,0.031243679,0.008625044,0.006508082,-0.005984307,0.002603978,0.148535065,-0.012208025,0.002945175,0.157797873,0.133381844,0.139272183,0.163688228,-0.139272183,-0.163688228,-0.157797873,-0.133381844,0.075796721,0.031243679,0.008625044
43.95082998,0.965925826,0.258819045,0,0,0.523598776,0,0,0.974909365,0.222009942,0.016210547,0.000695401,0.447944675,0.03130397,0.008558008,0.003855676,0.005770475,0.002277643,0.148986048,-0.015615956,0.003058392,0.161543563,0.130311683,0.13642846,0.167660356,-0.13642846,-0.167660356,-0.161543563,-0.130311683,0.075654101,0.03130397,0.008558008
44.00205994,0.965925826,0.258819045,0,0,0.523598776,0,0,0.97488898,0.222102642,0.016173316,0.000669397,0.448133255,0.031242104,0.008493694,0.00390932,-0.004075468,0.004372746,0.148513378,-0.014744785,0.003707309,0.159550816,0.130061254,0.137475878,0.166965425,-0.137475878,-0.166965425,-0.159550816,-0.130061254,0.075465521,0.031242104,0.008493694
44.05182004,0.965925826,0.258819045,0,0,0.523598776,0,0,0.974878252,0.22214973,0.016172582,0.0007008,0.448230765,0.031226302,0.008556132,0.00340119,-0.001388788,0.003354997,0.148900514,-0.01273361,0.002645604,0.158988476,0.133521274,0.138812482,0.164279684,-0.138812482,-0.164279684,-0.158988476,-0.133521274,0.075368011,0.031226302,0.008556132
44.10086012,0.965925826,0.258819045,0,0,0.523598776,0,0,0.974867582,0.222195446,0.016186886,0.000708416,0.448325124,0.031250408,0.008578821,0.0018619,-0.002026558,0.004131347,0.148960398,-0.013516716,0.002822365,0.159654707,0.132621288,0.138266027,0.165299445,-0.138266027,-0.165299445,-0.159654707,-0.132621288,0.075273652,0.031250408,0.008578821
44.14978004,0.965925826,0.258819045,0,0,0.523598776,0,0,0.97485733,0.22224085,0.016177192,0.000738926,0.448418973,0.031217538,0.008635476,-0.001569093,2.76E-05,0.001174957,0.149840474,-0.013936397,0.003226223,0.160550609,0.132677823,0.139130279,0.16700305,-0.139130279,-0.16700305,-0.160550609,-0.132677823,0.075179803,0.031217538,0.008635476
44.19983006,0.965925826,0.258819045,0,0,0.523598776,0,0,0.974849224,0.222276255,0.01617839,0.000750081,0.448491978,0.031214599,0.008658901,0.002399832,0.005184859,0.002361089,0.149050497,-0.015434898,0.002981936,0.161503419,0.130633637,0.136597514,0.167467296,-0.136597514,-0.167467296,-0.161503419,-0.130633637,0.075106798,0.031214599,0.008658901
44.25068998,0.965925826,0.258819045,0,0,0.523598776,0,0,0.974840939,0.222309023,0.016221866,0.000798915,0.448561647,0.031277367,0.00877457,0.000850111,0.000216812,0.000178069,0.14932268,-0.014043495,0.003382733,0.161503419,0.130633637,0.136597514,0.167467296,-0.136597514,-0.167467296,-0.161503419,-0.130633637,0.075037129,0.031277367,0.00877457
44.30246997,0.965925826,0.258819045,0,0,0.523598776,0,0,0.974823415,0.222386837,0.016212698,0.000845352,0.448722411,0.03123812,0.008863559,0.007671863,0.000432879,0.005406886,0.148233058,-0.016335716,0.002663717,0.16190502,0.129233599,0.134561032,0.167232454,-0.134561032,-0.167232454,-0.16190502,-0.129233599,0.074876365,0.03123812,0.008863559
44.35159993,0.965925826,0.258819045,0,0,0.523598776,0,0,0.974798799,0.22249575,0.016198101,0.000793995,0.448944119,0.031231532,0.00876037,0.006050618,-0.0031963,0.00083223,0.148990874,-0.013653932,0.003613045,0.16190502,0.129233599,0.134561032,0.167232454,-0.134561032,-0.167232454,-0.16190502,-0.129233599,0.074654657,0.031231532,0.00876037
44.40074015,0.965925826,0.258819045,0,0,0.523598776,0,0,0.97478503,0.222555742,0.016199067,0.000846054,0.449068764,0.031209693,0.008864266,0.004412979,0.002040714,0.000762194,0.148175343,-0.013037052,0.003243803,0.157968551,0.131894469,0.138382062,0.164456159,-0.138382062,-0.164456159,-0.157968551,-0.131894469,0.074530012,0.031209693,0.008864266
44.45090008,0.965925826,0.258819045,0,0,0.523598776,0,0,0.974772453,0.222610295,0.016212355,0.000840442,0.449180819,0.031237606,0.00886099,0.003638119,-7.60E-05,0.001547486,0.148544906,-0.013965705,0.003065365,0.159445211,0.131513819,0.137644544,0.165575936,-0.137644544,-0.165575936,-0.159445211,-0.131513819,0.074417957,0.031237606,0.00886099
44.50081015,0.965925826,0.258819045,0,0,0.523598776,0,0,0.974765658,0.222639292,0.016220976,0.000846263,0.449240706,0.031251559,0.008877118,0.003422052,0.00326559,-2.83E-05,0.14856351,-0.014938428,0.003378535,0.160123363,0.13024652,0.137003586,0.166880429,-0.137003586,-0.166880429,-0.160123363,-0.13024652,0.07435807,0.031251559,0.008877118
44.55079007,0.965925826,0.258819045,0,0,0.523598776,0,0,0.974754393,0.222689599,0.016204966,0.000844584,0.449343549,0.031220633,0.008868316,0.002226979,-0.004142523,-0.000402331,0.148752544,-0.012780789,0.003445349,0.158087939,0.132526383,0.139417082,0.164978638,-0.139417082,-0.164978638,-0.158087939,-0.132526383,0.074255227,0.031220633,0.008868316
44.60084009,0.965925826,0.258819045,0,0,0.523598776,0,0,0.974746168,0.222723529,0.016235588,0.000878828,0.449414848,0.031264769,0.008949854,0.001227111,0.000558049,0.006214529,0.148913291,-0.014187951,0.002106402,0.160994798,0.132618919,0.136831716,0.16520761,-0.136831716,-0.16520761,-0.160994798,-0.132618919,0.074183928,0.031264769,0.008949854
44.65102005,0.965925826,0.258819045,0,0,0.523598776,0,0,0.974731147,0.222786844,0.016259478,0.000958126,0.44954767,0.03127542,0.009117211,0.000392646,-0.000478327,0.002554804,0.148327055,-0.013584519,0.002940114,0.160994798,0.132618919,0.136831716,0.16520761,-0.136831716,-0.16520761,-0.160994798,-0.132618919,0.074051106,0.03127542,0.009117211
44.70071006,0.965925826,0.258819045,0,0,0.523598776,0,0,0.974721432,0.222829998,0.016249515,0.00095079,0.449635802,0.031258861,0.009099841,0.004329533,-0.002755225,0.004110486,0.149024421,-0.013922737,0.002772241,0.160174876,0.132329419,0.137873903,0.16571936,-0.137873903,-0.16571936,-0.160174876,-0.132329419,0.073962974,0.031258861,0.009099841
44.75278997,0.965925826,0.258819045,0,0,0.523598776,0,0,0.974710643,0.22287783,0.0162408,0.000973545,0.449734414,0.031231272,0.009141862,0.004812329,0.002475828,-0.00012815,0.148105343,-0.014761239,0.003288389,0.159578145,0.130055696,0.136632472,0.166154936,-0.136632472,-0.166154936,-0.159578145,-0.130055696,0.073864362,0.031231272,0.009141862
44.79980993,0.965925826,0.258819045,0,0,0.523598776,0,0,0.974693656,0.222952142,0.016239898,0.000952579,0.449886316,0.031238172,0.009102953,0.005810707,-0.002707541,0.002131611,0.147853029,-0.013260023,0.002850871,0.158262134,0.131742105,0.137443855,0.163963884,-0.137443855,-0.163963884,-0.158262134,-0.131742105,0.07371246,0.031238172,0.009102953
44.85077,0.965925826,0.258819045,0,0,0.523598776,0,0,0.97467953,0.223016486,0.016212689,0.000909109,0.450016443,0.031203916,0.009008078,0.005804747,0.000727922,0.000948459,0.147802432,-0.014217424,0.003118767,0.158262134,0.131742105,0.137443855,0.163963884,-0.137443855,-0.163963884,-0.158262134,-0.131742105,0.073582333,0.031203916,0.009008078
44.90145016,0.965925826,0.258819045,0,0,0.523598776,0,0,0.974670589,0.223053724,0.016229911,0.000939061,0.450094182,0.031223784,0.009075383,-0.001342595,0.004325061,0.001563877,0.14914159,-0.015281392,0.002978146,0.158901051,0.130466223,0.136703745,0.165138587,-0.136703745,-0.165138587,-0.158901051,-0.130466223,0.073504594,0.031223784,0.009075383
44.95146012,0.965925826,0.258819045,0,0,0.523598776,0,0,0.974638104,0.223195657,0.016227623,0.000971064,0.450386365,0.031203709,0.009141318,0.002276152,0.005239994,0.004122407,0.14808298,-0.012914534,0.003052738,0.157944739,0.132115677,0.13822116,0.164050207,-0.13822116,-0.164050207,-0.157944739,-0.132115677,0.073212411,0.031203709,0.009141318
44.99971008,0.965925826,0.258819045,0,0,0.523598776,0,0,0.974633157,0.223217577,0.016224623,0.00099338,0.450431908,0.031187683,0.009184199,0.000924617,-0.000263751,0.00096634,0.148332359,-0.015558077,0.002436711,0.161453679,0.130337551,0.135210976,0.166327104,-0.135210976,-0.166327104,-0.161453679,-0.130337551,0.073166868,0.031187683,0.009184199
45.04967999,0.965925826,0.258819045,0,0,0.523598776,0,0,0.974621654,0.223267898,0.016221477,0.001015652,0.450535765,0.031171125,0.009227835,0.003572553,-0.001648069,0.003886968,0.148575723,-0.013963415,0.003042747,0.159496352,0.131569535,0.137655035,0.165581837,-0.137655035,-0.165581837,-0.159496352,-0.131569535,0.073063011,0.031171125,0.009227835
45.10080004,0.965925826,0.258819045,0,0,0.523598776,0,0,0.974614143,0.223300382,0.016228588,0.001044113,0.450603391,0.031171962,0.009287558,0.001332909,-0.001274049,0.000328571,0.148431311,-0.013687039,0.003124911,0.159496352,0.131569535,0.137655035,0.165581837,-0.137655035,-0.165581837,-0.159496352,-0.131569535,0.072995385,0.031171962,0.009287558
45.15074992,0.965925826,0.258819045,0,0,0.523598776,0,0,0.974604487,0.223343134,0.016215462,0.001028897,0.450690437,0.031152767,0.00925338,0.001695007,0.002329796,0.003375858,0.148325521,-0.014720239,0.002528404,0.158993393,0.131619334,0.137869164,0.165243223,-0.137869164,-0.165243223,-0.158993393,-0.131619334,0.072908339,0.031152767,0.00925338
45.20079994,0.965925826,0.258819045,0,0,0.523598776,0,0,0.974593759,0.223390698,0.016208654,0.001030476,0.450787926,0.031138335,0.009254933,0.005503744,0.0027515,0.001033396,0.147558445,-0.014833026,0.002990908,0.159400523,0.129734486,0.135716304,0.165382341,-0.135716304,-0.165382341,-0.159400523,-0.129734486,0.07281085,0.031138335,0.009254933
45.25283003,0.965925826,0.258819045,0,0,0.523598776,0,0,0.97458005,0.223450527,0.016208062,0.001035219,0.450910851,0.031134491,0.009265828,0.000176579,-0.000596047,0.002912431,0.147600635,-0.013560918,0.00340713,0.157754377,0.130632564,0.137446821,0.164568648,-0.137446821,-0.164568648,-0.157754377,-0.130632564,0.072687925,0.031134491,0.009265828
45.30173993,0.965925826,0.258819045,0,0,0.523598776,0,0,0.974577665,0.223461166,0.016199211,0.001100692,0.450934373,0.031087857,0.009389882,0.000620633,-0.003215671,0.003286451,0.14853022,-0.013868689,0.002610411,0.15978846,0.132051095,0.137271911,0.165009275,-0.137271911,-0.165009275,-0.15978846,-0.132051095,0.072664403,0.031087857,0.009389882
45.34969997,0.965925826,0.258819045,0,0,0.523598776,0,0,0.974576771,0.223464996,0.016199511,0.001099068,0.4509422,0.031089131,0.009386973,0.000309199,-0.000798702,0.00109449,0.148436836,-0.013121256,0.002474935,0.159083113,0.132840618,0.137790486,0.164032981,-0.137790486,-0.164032981,-0.159083113,-0.132840618,0.072656576,0.031089131,0.009386973
45.40066004,0.965925826,0.258819045,0,0,0.523598776,0,0,0.974583805,0.223432109,0.016231569,0.001129082,0.450876287,0.031138526,0.009458801,-0.002790987,0.002556294,0.002171844,0.149114532,-0.014823636,0.002685796,0.161252335,0.131605074,0.136976674,0.16662392,-0.136976674,-0.16662392,-0.161252335,-0.131605074,0.072722489,0.031138526,0.009458801
45.45069003,0.965925826,0.258819045,0,0,0.523598776,0,0,0.974601805,0.223350227,0.01626529,0.001196232,0.450711006,0.031175054,0.009602225,-0.003874303,0.005788357,0.00133887,0.149388857,-0.015803016,0.002805895,0.162385941,0.130779922,0.136391714,0.167997733,-0.136391714,-0.167997733,-0.162385941,-0.130779922,0.07288777,0.031175054,0.009602225
45.50081992,0.965925826,0.258819045,0,0,0.523598776,0,0,0.974628866,0.223229453,0.016296437,0.001324669,0.450467523,0.031179593,0.009862763,-0.007057191,-0.000977516,0.003061444,0.150096469,-0.01390837,0.002357593,0.161647201,0.133830488,0.138545662,0.16636239,-0.138545662,-0.16636239,-0.161647201,-0.133830488,0.073131253,0.031179593,0.009862763
45.5516901,0.965925826,0.258819045,0,0,0.523598776,0,0,0.974666476,0.223060533,0.016347446,0.001429935,0.450125116,0.031233767,0.01008545,-0.004084407,0.003679842,0.003639609,0.149440156,-0.01476638,0.002590956,0.161615536,0.13208279,0.137264714,0.166797444,-0.137264714,-0.166797444,-0.161615536,-0.13208279,0.07347366,0.031233767,0.01008545
45.60193014,0.965925826,0.258819045,0,0,0.523598776,0,0,0.974687934,0.222965807,0.016360108,0.001458673,0.449931819,0.031246612,0.010144116,-0.005695224,0.001529604,-0.000137091,0.149663274,-0.015327268,0.002168726,0.16282177,0.13216725,0.13650471,0.16715923,-0.13650471,-0.16715923,-0.16282177,-0.13216725,0.073666957,0.031246612,0.010144116
45.65082002,0.965925826,0.258819045,0,0,0.523598776,0,0,0.97470057,0.222909674,0.016369166,0.001505377,0.449818174,0.031244023,0.010237448,-0.00064373,0.004131347,0.00327602,0.150050653,-0.014716094,0.002900989,0.161865711,0.132433549,0.138235524,0.167667702,-0.138235524,-0.167667702,-0.161865711,-0.132433549,0.073780602,0.031244023,0.010237448
45.70183015,0.965925826,0.258819045,0,0,0.523598776,0,0,0.974710822,0.222863749,0.016378675,0.001557332,0.449725656,0.031239875,0.01034155,0.000109524,0.00173375,0.000523776,0.149020922,-0.014817999,0.002688451,0.161150426,0.131514445,0.13689135,0.166527331,-0.13689135,-0.166527331,-0.161150426,-0.131514445,0.07387312,0.031239875,0.01034155
45.75191998,0.965925826,0.258819045,0,0,0.523598776,0,0,0.974723876,0.222806618,0.016376806,0.001545889,0.449608054,0.031241941,0.010316569,0.000425428,-8.20E-05,0.001705438,0.149005853,-0.014290125,0.002461902,0.160834029,0.132253796,0.137177601,0.165757835,-0.137177601,-0.165757835,-0.160834029,-0.132253796,0.073990722,0.031241941,0.010316569
45.80093002,0.965925826,0.258819045,0,0,0.523598776,0,0,0.974734187,0.222760901,0.016386317,0.001521541,0.449513767,0.031271825,0.01027186,0.001334399,0.003493577,0.001678616,0.148868339,-0.015325991,0.002493504,0.161700785,0.131048813,0.13603583,0.166687787,-0.13603583,-0.166687787,-0.161700785,-0.131048813,0.074085009,0.031271825,0.01027186
45.85189009,0.965925826,0.258819045,0,0,0.523598776,0,0,0.974745452,0.222711861,0.016391136,0.001496564,0.449412474,0.031292866,0.01022372,-0.001764297,-0.001390278,0.003286451,0.149446,-0.014326784,0.002693929,0.161078811,0.132425264,0.137813121,0.166466668,-0.137813121,-0.166466668,-0.161078811,-0.132425264,0.074186302,0.031292866,0.01022372
45.90091014,0.965925826,0.258819045,0,0,0.523598776,0,0,0.974758744,0.22265406,0.016385706,0.00146386,0.449292796,0.031297459,0.010155657,-0.007502736,-0.003160537,0.001265854,0.149367232,-0.014500733,0.002908138,0.16095978,0.131958336,0.137774616,0.166776061,-0.137774616,-0.166776061,-0.16095978,-0.131958336,0.07430598,0.031297459,0.010155657
45.95085001,0.965925826,0.258819045,0,0,0.523598776,0,0,0.974770427,0.222604021,0.016370641,0.001457401,0.449189556,0.031271482,0.010134732,0.002322346,0.000288337,-0.000563264,0.150648104,-0.013383692,0.002625783,0.16095978,0.131958336,0.137774616,0.166776061,-0.137774616,-0.166776061,-0.16095978,-0.131958336,0.07440922,0.031271482,0.010134732
46.00185013,0.965925826,0.258819045,0,0,0.523598776,0,0,0.974779308,0.222566381,0.016356435,0.001422375,0.449110955,0.031259772,0.010058872,0.004052371,-0.000691414,0.00365153,0.148503105,-0.014066899,0.002178088,0.160391882,0.132258087,0.136614263,0.164748058,-0.136614263,-0.164748058,-0.160391882,-0.132258087,0.074487821,0.031259772,0.010058872
46.05089998,0.965925826,0.258819045,0,0,0.523598776,0,0,0.974786639,0.222533241,0.016366411,0.001399441,0.449042569,0.031289783,0.010017526,-0.003761053,0.000127405,0.000684708,0.15002843,-0.014300141,0.002795614,0.161532909,0.132932648,0.138523877,0.167124137,-0.138523877,-0.167124137,-0.161532909,-0.132932648,0.074556207,0.031289783,0.010017526
46.10072994,0.965925826,0.258819045,0,0,0.523598776,0,0,0.974794388,0.222499743,0.016364135,0.001399444,0.448973742,0.031285686,0.010015441,3.73E-06,0.001540035,-0.002235174,0.149335556,-0.01470149,0.003377763,0.160659239,0.131256282,0.138011798,0.16741477,-0.138011798,-0.16741477,-0.160659239,-0.131256282,0.074625034,0.031285686,0.010015441
46.15089011,0.965925826,0.258819045,0,0,0.523598776,0,0,0.974804938,0.222454786,0.016355056,0.001383736,0.448880758,0.031275434,0.00997931,-0.005584955,-0.003851951,0.00377372,0.150439767,-0.013140557,0.002189467,0.161390811,0.135109723,0.139488652,0.165769756,-0.139488652,-0.165769756,-0.161390811,-0.135109723,0.074718018,0.031275434,0.00997931
46.2012701,0.965925826,0.258819045,0,0,0.523598776,0,0,0.974828422,0.222352415,0.01634877,0.001275743,0.44866746,0.03131228,0.009762578,-0.00602454,-0.001464784,-0.001741946,0.149155686,-0.014176678,0.003217091,0.160115227,0.131761894,0.138196081,0.166549414,-0.138196081,-0.166549414,-0.160115227,-0.131761894,0.074931316,0.03131228,0.009762578
46.25006008,0.965925826,0.258819045,0,0,0.523598776,0,0,0.974838078,0.222311705,0.016333332,0.001234379,0.448582327,0.031300983,0.00967371,0.002210587,-0.002543628,0.000167638,0.150608751,-0.013786578,0.003384906,0.161010385,0.133437246,0.140207052,0.167780191,-0.140207052,-0.167780191,-0.161010385,-0.133437246,0.075016449,0.031300983,0.00967371
46.2999301,0.965925826,0.258819045,0,0,0.523598776,0,0,0.974844396,0.222285539,0.01631427,0.001198024,0.448527132,0.031280242,0.009593467,-0.000907481,-0.003916026,0.000257045,0.149680864,-0.013031475,0.003042775,0.159669518,0.133606583,0.139692143,0.165755078,-0.139692143,-0.165755078,-0.159669518,-0.133606583,0.075071644,0.031280242,0.009593467
46.35077,0.965925826,0.258819045,0,0,0.523598776,0,0,0.974851131,0.222256124,0.016317606,0.001171835,0.448466069,0.031298683,0.009542922,0.003644079,0.001584738,0.002414733,0.148830933,-0.014622853,0.002638687,0.16081506,0.131569371,0.136846736,0.166092426,-0.136846736,-0.166092426,-0.16081506,-0.131569371,0.075132707,0.031298683,0.009542922
46.40074015,0.965925826,0.258819045,0,0,0.523598776,0,0,0.974866569,0.222189173,0.016308906,0.001160581,0.448328144,0.031287375,0.009514947,-0.00308007,-0.003609061,0.001666695,0.150174016,-0.013107969,0.002795084,0.160486862,0.134270936,0.139861107,0.166077033,-0.139861107,-0.166077033,-0.160486862,-0.134270936,0.075270632,0.031287375,0.009514947
46.45078993,0.965925826,0.258819045,0,0,0.523598776,0,0,0.974877298,0.222141415,0.016316045,0.001174841,0.448230734,0.031295426,0.009544408,-0.000879169,0.003261119,0.001456589,0.149790678,-0.015104722,0.002831103,0.160486862,0.134270936,0.139861107,0.166077033,-0.139861107,-0.166077033,-0.160486862,-0.134270936,0.075368042,0.031295426,0.009544408
46.5011301,0.965925826,0.258819045,0,0,0.523598776,0,0,0.974894404,0.222066432,0.016311549,0.001169668,0.448076641,0.031289691,0.009529909,0.000489503,0.002913922,-2.38E-05,0.150587512,-0.014329981,0.002630099,0.162287354,0.1336274,0.138887599,0.167547554,-0.138887599,-0.167547554,-0.162287354,-0.1336274,0.075522135,0.031289691,0.009529909
46.55186009,0.965925826,0.258819045,0,0,0.523598776,0,0,0.974918246,0.221962318,0.016306652,0.001180194,0.447863165,0.031276482,0.009544921,0.001067668,-0.002913178,0.001925975,0.149589646,-0.014996088,0.003130314,0.161455378,0.131463215,0.137723848,0.167716011,-0.137723848,-0.167716011,-0.161455378,-0.131463215,0.075735611,0.031276482,0.009544921
46.60089993,0.965925826,0.258819045,0,0,0.523598776,0,0,0.974927306,0.221920788,0.016324144,0.001173169,0.447778211,0.031314125,0.009537663,-0.001585484,0.004356354,-0.000716746,0.149562219,-0.013312319,0.002728712,0.160145789,0.133521169,0.138978586,0.165603206,-0.138978586,-0.165603206,-0.160145789,-0.133521169,0.075820565,0.031314125,0.009537663
46.64982009,0.965925826,0.258819045,0,0,0.523598776,0,0,0.974936128,0.221883759,0.016306773,0.001196276,0.44770243,0.031270345,0.009573827,0.001742691,-0.003781915,0.00275895,0.149495961,-0.013066647,0.002549161,0.160013407,0.133880123,0.138978451,0.165111721,-0.138978451,-0.165111721,-0.160013407,-0.133880123,0.075896346,0.031270345,0.009573827
46.70160007,0.965925826,0.258819045,0,0,0.523598776,0,0,0.974951029,0.22181657,0.016324794,0.001203986,0.447565252,0.031302731,0.009594722,-0.00192374,-0.000973046,-0.002129376,0.150255116,-0.013886789,0.003526082,0.160615787,0.132842213,0.139894381,0.16766794,-0.139894381,-0.16766794,-0.160615787,-0.132842213,0.076033524,0.031302731,0.009594722
46.75075006,0.965925826,0.258819045,0,0,0.523598776,0,0,0.97496736,0.221745491,0.016316788,0.001182168,0.447418589,0.031297499,0.009546319,-0.004452466,0.001648813,-0.002250075,0.15079681,-0.014631979,0.003570693,0.161858052,0.132594109,0.139735505,0.168999434,-0.139735505,-0.168999434,-0.161858052,-0.132594109,0.076180187,0.031297499,0.009546319
46.80072999,0.965925826,0.258819045,0,0,0.523598776,0,0,0.97500056,0.221601263,0.016299158,0.001099576,0.447119851,0.031301151,0.009372729,-0.002028048,0.000420958,-0.00385046,0.150135068,-0.014173864,0.00304866,0.161260232,0.132912517,0.139009833,0.167357549,-0.139009833,-0.167357549,-0.161260232,-0.132912517,0.076478925,0.031301151,0.009372729
46.85279012,0.965925826,0.258819045,0,0,0.523598776,0,0,0.975012124,0.221554428,0.016249433,0.001045211,0.447021009,0.031228717,0.009243092,-0.007259847,-8.79E-05,0.000422448,0.150449009,-0.0142365,0.003957761,0.16072771,0.13225472,0.140170246,0.168643221,-0.140170246,-0.168643221,-0.16072771,-0.13225472,0.076577767,0.031228717,0.009243092
46.90175009,0.965925826,0.258819045,0,0,0.523598776,0,0,0.975040615,0.221429974,0.016242269,0.000979839,0.446763598,0.03124489,0.009108387,0.003088266,0.000456721,-0.000704825,0.151486814,-0.014040324,0.003141917,0.162385181,0.134304553,0.140588388,0.168669015,-0.140588388,-0.168669015,-0.162385181,-0.134304553,0.076835178,0.03124489,0.009108387
46.95086002,0.965925826,0.258819045,0,0,0.523598776,0,0,0.975061953,0.221335605,0.016247917,0.000940514,0.446568995,0.031274206,0.009031141,-0.003869832,-0.002546609,-0.001376867,0.151014177,-0.013295979,0.003591937,0.160718173,0.134126231,0.141310111,0.167902052,-0.141310111,-0.167902052,-0.160718173,-0.134126231,0.077029781,0.031274206,0.009031141
47.00225997,0.965925826,0.258819045,0,0,0.523598776,0,0,0.975070179,0.221299618,0.01624248,0.000906363,0.44649408,0.03127906,0.008960947,4.54E-05,-0.002190471,-0.001490116,0.150292805,-0.013385235,0.003642414,0.16003558,0.133265123,0.140549958,0.167320415,-0.140549958,-0.167320415,-0.16003558,-0.133265123,0.077104696,0.03127906,0.008960947
47.05229998,0.965925826,0.258819045,0,0,0.523598776,0,0,0.975084543,0.221235499,0.016250452,0.000866817,0.446361611,0.03131271,0.008885267,-0.004094839,-0.001657009,0.000125915,0.151136698,-0.013538424,0.003358981,0.161316097,0.134239271,0.140957236,0.168034062,-0.140957236,-0.168034062,-0.161316097,-0.134239271,0.077237165,0.03131271,0.008885267
47.10226011,0.965925826,0.258819045,0,0,0.523598776,0,0,0.975111365,0.221117824,0.016245531,0.000880939,0.446120466,0.031297932,0.00890686,-0.005723536,0.00881627,-0.00230372,0.151004478,-0.012936288,0.003246606,0.160694122,0.134821564,0.141314775,0.167187333,-0.141314775,-0.167187333,-0.160694122,-0.134821564,0.07747831,0.031297932,0.00890686
47.15096998,0.965925826,0.258819045,0,0,0.523598776,0,0,0.975124061,0.221062437,0.016246138,0.000842989,0.446005702,0.031316407,0.008831302,0.00148043,-0.000588596,0.001788885,0.151544351,-0.016562235,0.003839797,0.16426675,0.131142303,0.138821885,0.171946347,-0.138821885,-0.171946347,-0.16426675,-0.131142303,0.077593074,0.031316407,0.008831302
47.20080996,0.965925826,0.258819045,0,0,0.523598776,0,0,0.975134075,0.221017674,0.016250135,0.000817163,0.445913254,0.031336034,0.008781244,-0.005654992,0.00018999,4.99E-05,0.150207,-0.013840283,0.003048747,0.160998493,0.133317947,0.139415443,0.167095989,-0.139415443,-0.167095989,-0.160998493,-0.133317947,0.077685522,0.031336034,0.008781244
47.25082994,0.965925826,0.258819045,0,0,0.523598776,0,0,0.975145698,0.220967159,0.016242363,0.000816451,0.445809407,0.03132164,0.00877479,-0.003787875,0.007074326,0.001951307,0.151292521,-0.016046238,0.003046848,0.164291874,0.132199407,0.138293102,0.170385569,-0.138293102,-0.170385569,-0.164291874,-0.132199407,0.077789369,0.03132164,0.00877479
47.30072999,0.965925826,0.258819045,0,0,0.523598776,0,0,0.975154161,0.220931143,0.016223121,0.00082886,0.445735445,0.031278944,0.00878933,0.002687424,-0.006181002,0.001365692,0.150082068,-0.012198022,0.003137359,0.159142688,0.134746656,0.141021386,0.165417403,-0.141021386,-0.165417403,-0.159142688,-0.134746656,0.077863331,0.031278944,0.00878933
47.35068011,0.965925826,0.258819045,0,0,0.523598776,0,0,0.975170016,0.220860556,0.01623272,0.000830407,0.445590896,0.03129762,0.00879433,-0.002123416,0.003104656,0.00377968,0.151058965,-0.01489662,0.002666072,0.163289472,0.133496255,0.138828397,0.168621615,-0.138828397,-0.168621615,-0.163289472,-0.133496255,0.07800788,0.03129762,0.00879433
47.40169001,0.965925826,0.258819045,0,0,0.523598776,0,0,0.975189388,0.22077398,0.016245404,0.000848381,0.445414111,0.031315205,0.008832233,-0.000742078,0.003414601,-0.000438094,0.150107904,-0.014622434,0.003619821,0.163289472,0.133496255,0.138828397,0.168621615,-0.138828397,-0.168621615,-0.163289472,-0.133496255,0.078184665,0.031315205,0.008832233
47.4528501,0.965925826,0.258819045,0,0,0.523598776,0,0,0.975195169,0.220748782,0.016244031,0.000845043,0.44536227,0.031314228,0.008824302,-0.002108514,0.000718981,0.001063198,0.150866301,-0.014993344,0.003496191,0.16236341,0.132376745,0.13936913,0.169355795,-0.13936913,-0.169355795,-0.16236341,-0.132376745,0.078236506,0.031314228,0.008824302
47.50173998,0.965925826,0.258819045,0,0,0.523598776,0,0,0.975203991,0.220709682,0.016241638,0.000833203,0.445281699,0.031315144,0.008798887,-0.000679493,-0.00257194,-0.001379848,0.151147838,-0.014214259,0.003198188,0.162163869,0.133735374,0.140131742,0.168560237,-0.140131742,-0.168560237,-0.162163869,-0.133735374,0.078317077,0.031315144,0.008798887
47.55212998,0.965925826,0.258819045,0,0,0.523598776,0,0,0.975208282,0.220690042,0.01625431,0.000843203,0.445241962,0.031335623,0.008823369,0.00250265,-0.002445281,0.001742691,0.150311495,-0.013308551,0.003064229,0.16055578,0.133938685,0.140067145,0.16668424,-0.140067145,-0.16668424,-0.16055578,-0.133938685,0.078356814,0.031335623,0.008823369
47.60069013,0.965925826,0.258819045,0,0,0.523598776,0,0,0.975209177,0.220686227,0.016246114,0.000800268,0.445232767,0.031338634,0.008735845,-0.000950694,-0.000847876,3.73E-06,0.150976723,-0.013748698,0.003448363,0.161277011,0.13377963,0.140676364,0.168173745,-0.140676364,-0.168173745,-0.161277011,-0.13377963,0.078366009,0.031338634,0.008735845
47.6517601,0.965925826,0.258819045,0,0,0.523598776,0,0,0.975211859,0.220673993,0.016256405,0.000796124,0.44520775,0.031360648,0.008731915,0.002998858,0.003521889,0.001973659,0.150228553,-0.015024353,0.003063835,0.162189037,0.132140338,0.138268009,0.168316692,-0.138268009,-0.168316692,-0.162189037,-0.132140338,0.078391026,0.031360648,0.008731915
47.69962001,0.965925826,0.258819045,0,0,0.523598776,0,0,0.975209475,0.220687032,0.016227493,0.000779704,0.445233329,0.031311378,0.00868751,-0.001625717,0.000397116,0.001554936,0.151104503,-0.014090528,0.003153107,0.162189037,0.132140338,0.138268009,0.168316692,-0.138268009,-0.168316692,-0.162189037,-0.132140338,0.078365447,0.031311378,0.00868751
47.75208998,0.965925826,0.258819045,0,0,0.523598776,0,0,0.975211203,0.220678747,0.016228897,0.000794897,0.445216855,0.031307485,0.008717513,-0.005081296,0.002319366,0.001753122,0.150283634,-0.01287899,0.002996975,0.160165608,0.13440764,0.140401587,0.166159555,-0.140401587,-0.166159555,-0.160165608,-0.13440764,0.078381921,0.031307485,0.008717513
47.79914999,0.965925826,0.258819045,0,0,0.523598776,0,0,0.975203753,0.220711887,0.016224869,0.000826062,0.445285644,0.031285565,0.008777608,0.001271814,-0.001661479,0.002921372,0.151773097,-0.01465191,0.003103298,0.163321674,0.13401787,0.140224457,0.169528261,-0.140224457,-0.169528261,-0.163321674,-0.13401787,0.078313132,0.031285565,0.008777608
47.84895992,0.965925826,0.258819045,0,0,0.523598776,0,0,0.975207567,0.220696598,0.01620736,0.000847977,0.44525448,0.031241865,0.008812138,-0.001442432,-0.00474304,0.000945479,0.151062711,-0.01260355,0.003206519,0.160459697,0.13525261,0.141665652,0.16687274,-0.141665652,-0.16687274,-0.160459697,-0.13525261,0.078344296,0.031241865,0.008812138
47.89839005,0.965925826,0.258819045,0,0,0.523598776,0,0,0.975196898,0.220742792,0.016214734,0.000838477,0.445349175,0.031260032,0.008798343,0.005691499,0.004630537,0.001416356,0.149657649,-0.015320277,0.003126562,0.161851317,0.131210789,0.137463912,0.16810444,-0.137463912,-0.16810444,-0.161851317,-0.131210789,0.078249601,0.031260032,0.008798343
47.94829011,0.965925826,0.258819045,0,0,0.523598776,0,0,0.975192547,0.220763281,0.016199615,0.000836645,0.445390792,0.031231162,0.008788738,0.000352412,-0.000478327,0.00084117,0.150664759,-0.013827787,0.003236619,0.161255881,0.133600324,0.140073568,0.167729124,-0.140073568,-0.167729124,-0.161255881,-0.133600324,0.078207984,0.031231162,0.008788738
47.99817014,0.965925826,0.258819045,0,0,0.523598776,0,0,0.975194037,0.220756829,0.016200727,0.000811208,0.445376835,0.031244625,0.008739388,0.001985579,0.001018494,0.001866371,0.150356284,-0.014257028,0.003055151,0.161558121,0.133044079,0.139154375,0.167668417,-0.139154375,-0.167668417,-0.161558121,-0.133044079,0.078221941,0.031244625,0.008739388
48.04843998,0.965925826,0.258819045,0,0,0.523598776,0,0,0.9751876,0.220783517,0.016220599,0.000824165,0.445432433,0.03127743,0.008774317,-0.000815094,0.002155453,-0.002159178,0.149325848,-0.014250618,0.002523564,0.161052868,0.13255164,0.137598768,0.166099995,-0.137598768,-0.166099995,-0.161052868,-0.13255164,0.078166343,0.03127743,0.008774317
48.09920001,0.965925826,0.258819045,0,0,0.523598776,0,0,0.975186765,0.220787659,0.01621685,0.00082039,0.445440719,0.031271745,0.008765426,0.004454703,-0.003369153,0.003122539,0.150873398,-0.014598362,0.003853082,0.161618635,0.132421926,0.140128091,0.1693248,-0.140128091,-0.1693248,-0.161618635,-0.132421926,0.078158057,0.031271745,0.008765426
48.15487003,0.965925826,0.258819045,0,0,0.523598776,0,0,0.975186884,0.220787823,0.016204927,0.000802519,0.445440291,0.031256382,0.008725287,-0.001825392,-0.002452731,-0.00153929,0.150565341,-0.01344265,0.003195749,0.160812199,0.133926913,0.140318424,0.167203695,-0.140318424,-0.167203695,-0.160812199,-0.133926913,0.078158485,0.031256382,0.008725287
48.20063996,0.965925826,0.258819045,0,0,0.523598776,0,0,0.975184977,0.220794737,0.016229665,0.000788035,0.445454593,0.031310976,0.008708186,0.002338737,-0.001052022,0.000793487,0.150258569,-0.013674664,0.003294405,0.160638779,0.133289471,0.139878288,0.167227596,-0.139878288,-0.167227596,-0.160638779,-0.133289471,0.078144183,0.031310976,0.008708186
48.24923992,0.965925826,0.258819045,0,0,0.523598776,0,0,0.975189745,0.220773488,0.016229481,0.000779128,0.445410765,0.031314743,0.008690042,-0.003150106,-0.003574789,0.004718453,0.151325482,-0.012949587,0.002519381,0.161755651,0.135856494,0.140895247,0.166794404,-0.140895247,-0.166794404,-0.161755651,-0.135856494,0.078188011,0.031314743,0.008690042
48.29948997,0.965925826,0.258819045,0,0,0.523598776,0,0,0.975188851,0.220778346,0.016222075,0.000770585,0.44542028,0.031304024,0.008670252,0.002708286,-0.002275407,0.002089888,0.150200311,-0.013312179,0.003048307,0.160464138,0.133839801,0.139936417,0.166560754,-0.139936417,-0.166560754,-0.160464138,-0.133839801,0.078178496,0.031304024,0.008670252
48.35068011,0.965925826,0.258819045,0,0,0.523598776,0,0,0.975189269,0.220776215,0.016224472,0.000767767,0.445415894,0.031309965,0.008665746,0.005928428,0.001399964,0.000778586,0.150546673,-0.013780438,0.002989793,0.161337271,0.133776411,0.139756009,0.167316869,-0.139756009,-0.167316869,-0.161337271,-0.133776411,0.078182882,0.031309965,0.008665746
48.40074015,0.965925826,0.258819045,0,0,0.523598776,0,0,0.975197971,0.220739439,0.01620703,0.000735735,0.445339103,0.031290414,0.008594346,-0.000850856,-0.004404783,0.001945347,0.149585421,-0.01437428,0.003314598,0.160645068,0.131896511,0.13852571,0.167274252,-0.13852571,-0.167274252,-0.160645068,-0.131896511,0.078259673,0.031290414,0.008594346
48.44983006,0.965925826,0.258819045,0,0,0.523598776,0,0,0.975202501,0.220719725,0.016201792,0.000717601,0.445298033,0.03128838,0.008556013,-6.85E-05,0.00506565,0.00019446,0.150913666,-0.012673566,0.003103616,0.160483569,0.135136455,0.141343698,0.166690812,-0.141343698,-0.166690812,-0.160483569,-0.135136455,0.078300743,0.03128838,0.008556013
48.50169992,0.965925826,0.258819045,0,0,0.523598776,0,0,0.975201905,0.220721737,0.016204583,0.000730937,0.445302646,0.031287918,0.008583335,-0.002287328,-0.00025332,-0.001713634,0.151204661,-0.013863807,0.003840584,0.161227837,0.133500248,0.141181409,0.168909013,-0.141181409,-0.168909013,-0.161227837,-0.133500248,0.07829613,0.031287918,0.008583335
48.55191994,0.965925826,0.258819045,0,0,0.523598776,0,0,0.975205421,0.220705748,0.016215323,0.000723213,0.445269836,0.03131242,0.008572498,0.003162772,0.001545995,0.002273172,0.150171126,-0.014399355,0.003054805,0.161515638,0.132716939,0.138826549,0.167625248,-0.138826549,-0.167625248,-0.161515638,-0.132716939,0.07832894,0.03131242,0.008572498
48.60007,0.965925826,0.258819045,0,0,0.523598776,0,0,0.975209117,0.220689222,0.016219294,0.000730248,0.445236219,0.031317205,0.00858745,-0.006717444,0.003115088,0.005460531,0.152075866,-0.014863955,0.002418282,0.1645215,0.134793609,0.139630169,0.16935806,-0.139630169,-0.16935806,-0.1645215,-0.134793609,0.078362557,0.031317205,0.00858745
48.65071011,0.965925826,0.258819045,0,0,0.523598776,0,0,0.97521472,0.220664516,0.016216269,0.000748812,0.445186019,0.031303324,0.008621545,0.001589209,0.000549108,0.001170486,0.15107017,-0.013536982,0.003334003,0.1645215,0.134793609,0.139630169,0.16935806,-0.139630169,-0.16935806,-0.1645215,-0.134793609,0.078412757,0.031303324,0.008621545
48.69947004,0.965925826,0.258819045,0,0,0.523598776,0,0,0.975207925,0.220693856,0.016225208,0.000740729,0.44524618,0.031324073,0.008610667,0.004195422,0.002645701,0.002691895,0.150506642,-0.01411615,0.003253215,0.161369532,0.133137256,0.139643684,0.16787596,-0.139643684,-0.16787596,-0.161369532,-0.133137256,0.078352596,0.031324073,0.008610667
48.75023007,0.965925826,0.258819045,0,0,0.523598776,0,0,0.975209117,0.220689163,0.016215581,0.000737202,0.445236245,0.031306894,0.008599377,-0.001220405,-0.004249811,0.007430464,0.149982657,-0.014731311,0.002959312,0.161369532,0.133137256,0.139643684,0.16787596,-0.139643684,-0.16787596,-0.161369532,-0.133137256,0.078362531,0.031306894,0.008599377
48.80120015,0.965925826,0.258819045,0,0,0.523598776,0,0,0.97520411,0.22071068,0.016224334,0.000728998,0.445280343,0.031327402,0.00858793,0.001018494,0.001811236,0.001447648,0.150578413,-0.01448355,0.003217477,0.161844447,0.132877365,0.139312312,0.168279395,-0.139312312,-0.168279395,-0.161844447,-0.132877365,0.078318433,0.031327402,0.00858793
48.84984994,0.965925826,0.258819045,0,0,0.523598776,0,0,0.975194633,0.22075206,0.016234718,0.000720798,0.445365201,0.031350916,0.008577851,0.003416091,2.16E-05,0.000268966,0.150086349,-0.013970585,0.003459678,0.16059722,0.132656068,0.139575422,0.167516574,-0.139575422,-0.167516574,-0.16059722,-0.132656068,0.078233575,0.031350916,0.008577851
48.89993,0.965925826,0.258819045,0,0,0.523598776,0,0,0.975189149,0.22077544,0.016241577,0.000760769,0.445414497,0.031346432,0.008659632,0.002311915,-0.000435114,-7.15E-05,0.150279484,-0.013854252,0.003494339,0.160639361,0.132930875,0.139919549,0.167628035,-0.139919549,-0.167628035,-0.160639361,-0.132930875,0.078184279,0.031346432,0.008659632
48.9498601,0.965925826,0.258819045,0,0,0.523598776,0,0,0.975178361,0.220821321,0.016265292,0.000771214,0.445509457,0.031387672,0.008691978,0.005783886,0.001002103,0.005381555,0.149760658,-0.014574972,0.003243252,0.161092341,0.131942406,0.138428912,0.167578846,-0.138428912,-0.167578846,-0.161092341,-0.131942406,0.078089319,0.031387672,0.008691978
48.99949002,0.965925826,0.258819045,0,0,0.523598776,0,0,0.975152969,0.220932499,0.016273225,0.000830087,0.445739431,0.031376129,0.008813944,0.005274266,-0.004839896,0.002541393,0.151431121,-0.014550673,0.002780952,0.161092341,0.131942406,0.138428912,0.167578846,-0.138428912,-0.167578846,-0.161092341,-0.131942406,0.077859345,0.031376129,0.008813944
49.0504601,0.965925826,0.258819045,0,0,0.523598776,0,0,0.975141346,0.220983237,0.016286928,0.000830392,0.445843795,0.031402264,0.008822237,0.006312877,0.003501028,-1.64E-05,0.14958458,-0.01263125,0.002914742,0.159301043,0.134038568,0.139868051,0.165130526,-0.139868051,-0.165130526,-0.159301043,-0.134038568,0.077754981,0.031402264,0.008822237
49.10058999,0.965925826,0.258819045,0,0,0.523598776,0,0,0.97512728,0.221044645,0.016287815,0.00084189,0.44597018,0.031398355,0.008847044,0.00532344,0.008066745,0.00083074,0.149484845,-0.016377438,0.003256614,0.162605628,0.129850775,0.136363998,0.169118851,-0.136363998,-0.169118851,-0.162605628,-0.129850775,0.077628596,0.031398355,0.008847044
49.15001011,0.965925826,0.258819045,0,0,0.523598776,0,0,0.975114703,0.221100688,0.01628582,0.000856616,0.446085486,0.031387437,0.008876697,0.002061576,-0.004807116,0.005479903,0.150063218,-0.012664608,0.002307151,0.160420641,0.135091439,0.139705732,0.165034935,-0.139705732,-0.165034935,-0.160420641,-0.135091439,0.07751329,0.031387437,0.008876697
49.19931006,0.965925826,0.258819045,0,0,0.523598776,0,0,0.975099385,0.221166655,0.016304262,0.000892842,0.446222306,0.031406777,0.008957673,0.006128103,-0.001190603,0.003311783,0.149231917,-0.013732339,0.002713165,0.160251051,0.132786393,0.138212711,0.165677384,-0.138212711,-0.165677384,-0.160251051,-0.132786393,0.07737647,0.031406777,0.008957673
49.24941015,0.965925826,0.258819045,0,0,0.523598776,0,0,0.975075603,0.221271187,0.016303444,0.000924908,0.446437694,0.031390025,0.009023242,0.007558614,-0.00101924,0.000198931,0.148875265,-0.013784284,0.003304057,0.159355447,0.131786898,0.138395011,0.16596356,-0.138395011,-0.16596356,-0.159355447,-0.131786898,0.077161082,0.031390025,0.009023242
49.29942012,0.965925826,0.258819045,0,0,0.523598776,0,0,0.975061297,0.221332639,0.016326642,0.000920353,0.446564164,0.03143672,0.00902662,0.004398078,0.004192442,-0.002110004,0.150331076,-0.014926169,0.002551363,0.162705839,0.132853523,0.137956247,0.167808563,-0.137956247,-0.167808563,-0.162705839,-0.132853523,0.077034612,0.03143672,0.00902662
49.34895992,0.965925826,0.258819045,0,0,0.523598776,0,0,0.975048482,0.221387878,0.016345114,0.000920348,0.446677906,0.031472239,0.009036585,5.14E-05,-0.006963313,-0.000371039,0.149432139,-0.015306036,0.003777936,0.160960197,0.130348146,0.137904018,0.16851607,-0.137904018,-0.16851607,-0.160960197,-0.130348146,0.07692087,0.031472239,0.009036585
49.39946008,0.965925826,0.258819045,0,0,0.523598776,0,0,0.975032389,0.22145766,0.016354769,0.000894524,0.446820595,0.031501873,0.008992742,0.003857166,0.002951175,0.002699345,0.14943236,-0.014973738,0.002845493,0.161560565,0.131613106,0.137304097,0.167251542,-0.137304097,-0.167251542,-0.161560565,-0.131613106,0.076778181,0.031501873,0.008992742
49.44981003,0.965925826,0.258819045,0,0,0.523598776,0,0,0.97501868,0.221518949,0.01634503,0.000904791,0.446946387,0.031477759,0.009010428,0.002557785,0.001282245,0.001416355,0.149632758,-0.014483141,0.003088265,0.161027595,0.132061332,0.138237864,0.167204127,-0.138237864,-0.167204127,-0.161027595,-0.132061332,0.076652389,0.031477759,0.009010428
49.50064015,0.965925826,0.258819045,0,0,0.523598776,0,0,0.975010276,0.221554339,0.016368741,0.000928718,0.447020221,0.031513069,0.009068776,0.00159368,0.001616031,0.002742559,0.149788397,-0.014608763,0.002808982,0.161027595,0.132061332,0.138237864,0.167204127,-0.138237864,-0.167204127,-0.161027595,-0.132061332,0.076578555,0.031513069,0.009068776
49.54977012,0.965925826,0.258819045,0,0,0.523598776,0,0,0.974995077,0.221620083,0.016378403,0.000944089,0.44715582,0.031524487,0.009105179,0.004389137,-0.002974272,0.000765175,0.149201053,-0.013289887,0.003187518,0.159303382,0.132723629,0.139098659,0.165678412,-0.139098659,-0.165678412,-0.159303382,-0.132723629,0.076442956,0.031524487,0.009105179
49.59969997,0.965925826,0.258819045,0,0,0.523598776,0,0,0.97496587,0.221750334,0.016359141,0.000899236,0.447421292,0.031505606,0.009013332,0.00237748,-0.001865626,0.001276284,0.149288771,-0.014288073,0.003348148,0.160228655,0.131652519,0.138348818,0.166924953,-0.138348818,-0.166924953,-0.160228655,-0.131652519,0.076177484,0.031505606,0.009013332
49.65057015,0.965925826,0.258819045,0,0,0.523598776,0,0,0.974957883,0.221786216,0.016348941,0.000936163,0.447495737,0.031468991,0.009081999,0.002082438,0.002681464,0.001362711,0.14948089,-0.013583807,0.003118773,0.160228655,0.131652519,0.138348818,0.166924953,-0.138348818,-0.166924953,-0.160228655,-0.131652519,0.076103039,0.031468991,0.009081999
49.70477009,0.965925826,0.258819045,0,0,0.523598776,0,0,0.974946439,0.221835911,0.016351247,0.000919607,0.447597327,0.031480378,0.009052331,0.002435595,0.003025681,0.001967699,0.148764226,-0.013727225,0.003168713,0.159322694,0.131868258,0.138205692,0.165660128,-0.138205692,-0.165660128,-0.159322694,-0.131868258,0.076001449,0.031480378,0.009052331
49.75078011,0.965925826,0.258819045,0,0,0.523598776,0,0,0.974933565,0.221894041,0.016336069,0.000903435,0.447715741,0.031457414,0.009015912,0.002089888,-0.005570055,-0.001043081,0.149421521,-0.012489959,0.003567172,0.158344269,0.133364365,0.140498713,0.165478617,-0.140498713,-0.165478617,-0.158344269,-0.133364365,0.075883035,0.031457414,0.009015912
49.80141997,0.965925826,0.258819045,0,0,0.523598776,0,0,0.974920332,0.221951023,0.01635107,0.000941084,0.447834096,0.031469422,0.009097866,0.00378713,-0.00037998,0.002902001,0.149048205,-0.014021774,0.002753545,0.160316393,0.132272854,0.137779951,0.165823489,-0.137779951,-0.165823489,-0.160316393,-0.132272854,0.07576468,0.031469422,0.009097866
49.85066009,0.965925826,0.258819045,0,0,0.523598776,0,0,0.974913299,0.221981645,0.016348168,0.000938982,0.44789685,0.031464413,0.009093466,0.000204891,0.00314489,-0.000546873,0.149711424,-0.015031844,0.003445419,0.161297813,0.131234139,0.138124973,0.168188646,-0.138124973,-0.168188646,-0.161297813,-0.131234139,0.075701926,0.031464413,0.009093466
49.90093994,0.965925826,0.258819045,0,0,0.523598776,0,0,0.974891126,0.222078338,0.016360592,0.000978517,0.448096659,0.031470168,0.009179234,0.002538413,0.002696365,0.004074723,0.148588646,-0.014635691,0.002530438,0.160693854,0.13142249,0.136483371,0.165754735,-0.136483371,-0.165754735,-0.160693854,-0.13142249,0.075502117,0.031470168,0.009179234
49.95003009,0.965925826,0.258819045,0,0,0.523598776,0,0,0.974877715,0.222135901,0.016375402,0.000987778,0.448215412,0.031494392,0.009205749,0.005505233,0.001134723,-0.002977252,0.149184181,-0.014932326,0.002489954,0.161626518,0.131761879,0.136741787,0.166606426,-0.136741787,-0.166606426,-0.161626518,-0.131761879,0.075383364,0.031494392,0.009205749
50.00043011,0.965925826,0.258819045,0,0,0.523598776,0,0,0.974870265,0.222169563,0.016361296,0.000987257,0.448284148,0.031466797,0.009199543,0.001805276,-0.002421439,0.002547354,0.148572976,-0.014482811,0.003889392,0.159166351,0.130200744,0.137979537,0.166945145,-0.137979537,-0.166945145,-0.159166351,-0.130200744,0.075314628,0.031466797,0.009199543
50.05103993,0.965925826,0.258819045,0,0,0.523598776,0,0,0.97485894,0.22222054,0.016349809,0.000979618,0.448388221,0.03144731,0.009181173,0.000493974,0.000796467,0.000398606,0.149463216,-0.01436744,0.003216516,0.159166351,0.130200744,0.137979537,0.166945145,-0.137979537,-0.166945145,-0.159166351,-0.130200744,0.075210555,0.03144731,0.009181173
50.10031009,0.965925826,0.258819045,0,0,0.523598776,0,0,0.974844098,0.222285748,0.016345525,0.000997176,0.448522454,0.031430532,0.009215618,0.00417605,0.001286716,0.000681728,0.148704953,-0.014511295,0.003141924,0.160614103,0.13187924,0.138312265,0.167047128,-0.138312265,-0.167047128,-0.160614103,-0.13187924,0.075076322,0.031430532,0.009215618
50.14936996,0.965925826,0.258819045,0,0,0.523598776,0,0,0.974839211,0.222306877,0.016346602,0.000999543,0.44856593,0.03143138,0.009221396,0.004837662,0.001507252,0.004126876,0.148559326,-0.014583201,0.002452601,0.16068989,0.131523505,0.136428699,0.165595084,-0.136428699,-0.165595084,-0.16068989,-0.131523505,0.075032846,0.03143138,0.009221396
50.20056009,0.965925826,0.258819045,0,0,0.523598776,0,0,0.974825144,0.22236824,0.016349295,0.001019463,0.448692497,0.031427188,0.009263431,0.003191084,-0.003600121,0.001367182,0.148994552,-0.014587078,0.003225809,0.16068989,0.131523505,0.136428699,0.165595084,-0.136428699,-0.165595084,-0.16068989,-0.131523505,0.074906279,0.031427188,0.009263431
50.25091004,0.965925826,0.258819045,0,0,0.523598776,0,0,0.974814773,0.22241421,0.016345186,0.000998039,0.448786103,0.031428272,0.009221294,0.003097207,-0.00076741,0.001787394,0.148827136,-0.013108273,0.002982629,0.160355777,0.131181642,0.137633264,0.166807398,-0.137633264,-0.166807398,-0.160355777,-0.131181642,0.074812673,0.031428272,0.009221294
50.30053997,0.965925826,0.258819045,0,0,0.523598776,0,0,0.974813521,0.222421274,0.016329044,0.000982412,0.448799733,0.031403683,0.009183845,-0.002522767,-0.002154708,0.002906472,0.148807541,-0.013919568,0.002917458,0.159809604,0.131970495,0.137805402,0.165644526,-0.137805402,-0.165644526,-0.159809604,-0.131970495,0.074799043,0.031403683,0.009183845
50.34993005,0.965925826,0.258819045,0,0,0.523598776,0,0,0.974810779,0.22243461,0.016308295,0.00093503,0.448825283,0.031384187,0.00908261,0.003536791,-0.003094971,-0.001296401,0.148708213,-0.013192696,0.003575827,0.159809604,0.131970495,0.137805402,0.165644526,-0.137805402,-0.165644526,-0.159809604,-0.131970495,0.074773493,0.031384187,0.00908261
50.40092015,0.965925826,0.258819045,0,0,0.523598776,0,0,0.974806249,0.222454473,0.016307715,0.00092633,0.448865786,0.031386746,0.009066022,0.001674145,-0.002174079,-0.000871718,0.149048776,-0.013457072,0.003499331,0.159006476,0.132092342,0.139091015,0.166005135,-0.139091015,-0.166005135,-0.159006476,-0.132092342,0.07473299,0.031386746,0.009066022
50.45001006,0.965925826,0.258819045,0,0,0.523598776,0,0,0.974792719,0.222514346,0.01630557,0.000911541,0.448988138,0.031388588,0.009038146,0.001954287,-0.000239909,-0.000800192,0.148946568,-0.014011291,0.003497538,0.159460276,0.131437719,0.138432786,0.166455358,-0.138432786,-0.166455358,-0.159460276,-0.131437719,0.074610638,0.031388588,0.009038146
50.50032997,0.965925826,0.258819045,0,0,0.523598776,0,0,0.974793196,0.22251299,0.016292017,0.000931824,0.448985646,0.031353142,0.009071625,0.002161413,-0.000756979,0.001660734,0.149434333,-0.013920683,0.002143735,0.161211237,0.133369893,0.137657359,0.165498704,-0.137657359,-0.165498704,-0.161211237,-0.133369893,0.07461313,0.031353142,0.009071625
50.55176997,0.965925826,0.258819045,0,0,0.523598776,0,0,0.974797785,0.22249262,0.01629127,0.000976269,0.448945127,0.031332087,0.009157326,6.71E-06,-0.003632903,0.001121312,0.148906853,-0.013860123,0.002985316,0.15978162,0.132061392,0.138032019,0.165752247,-0.138032019,-0.165752247,-0.15978162,-0.132061392,0.074653649,0.031332087,0.009157326
50.59908009,0.965925826,0.258819045,0,0,0.523598776,0,0,0.974804044,0.222464368,0.016300859,0.001006102,0.448888236,0.03133777,0.009218881,-0.002294779,-0.001236796,0.004773587,0.149336869,-0.013038006,0.003053305,0.159321532,0.133245528,0.139352143,0.165428132,-0.139352143,-0.165428132,-0.159321532,-0.133245528,0.07471054,0.03133777,0.009218881
50.64925003,0.965925826,0.258819045,0,0,0.523598776,0,0,0.974803627,0.222463578,0.016337514,0.001040005,0.448888436,0.031394161,0.00930132,0.001714379,0.001356751,0.001252443,0.1490331,-0.014537705,0.002986827,0.159321532,0.133245528,0.139352143,0.165428132,-0.139352143,-0.165428132,-0.159321532,-0.133245528,0.07471034,0.031394161,0.00930132
50.6998601,0.965925826,0.258819045,0,0,0.523598776,0,0,0.974804044,0.222460955,0.016345138,0.001040377,0.448883268,0.031408889,0.009305361,0.005611032,-0.003096462,-0.001132488,0.148289974,-0.013251837,0.00346015,0.158081621,0.131577969,0.138498262,0.165001929,-0.138498262,-0.165001929,-0.158081621,-0.131577969,0.074715508,0.031408889,0.009305361
50.74968004,0.965925826,0.258819045,0,0,0.523598776,0,0,0.974809051,0.222440466,0.016330983,0.001015207,0.448840128,0.031392685,0.009249296,-0.000296533,0.000809878,0.003112108,0.149436025,-0.014370674,0.002636356,0.161170304,0.132428974,0.13770169,0.16644302,-0.13770169,-0.16644302,-0.161170304,-0.132428974,0.074758648,0.031392685,0.009249296
50.79830003,0.965925826,0.258819045,0,0,0.523598776,0,0,0.974813938,0.222418502,0.016342582,0.000965898,0.448793885,0.031437458,0.009157578,0.000198931,-0.000295043,-0.000801682,0.149360599,-0.014040546,0.003462136,0.159938961,0.131857887,0.138782158,0.166863248,-0.138782158,-0.166863248,-0.159938961,-0.131857887,0.074804891,0.031437458,0.009157578
50.84919,0.965925826,0.258819045,0,0,0.523598776,0,0,0.97483331,0.222334951,0.016321093,0.000886328,0.44861967,0.031431743,0.008990105,-0.000374019,-0.002747774,-0.00051558,0.148363008,-0.013808212,0.003751518,0.158419669,0.130803257,0.13830629,0.165922701,-0.13830629,-0.165922701,-0.158419669,-0.130803257,0.074979106,0.031431743,0.008990105
50.90047002,0.965925826,0.258819045,0,0,0.523598776,0,0,0.97484076,0.222301543,0.016331185,0.000875172,0.448551027,0.031456694,0.008971762,-0.001853704,0.00122115,0.000747293,0.149537315,-0.013291951,0.003468493,0.159360737,0.132776842,0.139713839,0.166297719,-0.139713839,-0.166297719,-0.159360737,-0.132776842,0.075047749,0.031456694,0.008971762
50.95094013,0.965925826,0.258819045,0,0,0.523598776,0,0,0.974851191,0.222257778,0.016307615,0.000889691,0.448461063,0.031404673,0.008988172,-0.000654161,0.004255027,-0.001034141,0.149653164,-0.015305819,0.003571506,0.161387429,0.130775809,0.13791883,0.168530449,-0.13791883,-0.168530449,-0.161387429,-0.130775809,0.075137713,0.031404673,0.008988172
51.00089002,0.965925826,0.258819045,0,0,0.523598776,0,0,0.974878132,0.222136706,0.016339993,0.000977207,0.448215928,0.03143003,0.009169397,-0.003936887,-0.000587106,0.001559407,0.150379336,-0.013959772,0.00298634,0.161352724,0.133433193,0.139405876,0.167325407,-0.139405876,-0.167325407,-0.161352724,-0.133433193,0.075382848,0.03143003,0.009169397
51.05179,0.965925826,0.258819045,0,0,0.523598776,0,0,0.974899232,0.222041756,0.01636811,0.001041262,0.448023611,0.031457294,0.009303795,-0.006534159,-0.000999868,0.005797297,0.150951809,-0.013888575,0.002094751,0.162745595,0.13496846,0.139157966,0.166935101,-0.139157966,-0.166935101,-0.162745595,-0.13496846,0.075575165,0.031457294,0.009303795
51.0999701,0.965925826,0.258819045,0,0,0.523598776,0,0,0.974921525,0.221943676,0.016369211,0.001084635,0.447823635,0.031441112,0.009385729,-0.002351404,0.000553578,0.0026159,0.150231286,-0.014344143,0.002693388,0.161881998,0.133193731,0.138580501,0.167268783,-0.138580501,-0.167268783,-0.161881998,-0.133193731,0.075775141,0.031441112,0.009385729
51.14998007,0.965925826,0.258819045,0,0,0.523598776,0,0,0.974960685,0.221769482,0.016394684,0.00113913,0.447468394,0.031468286,0.009497739,-0.000159442,-0.001768768,0.000763685,0.150764677,-0.015224505,0.0026775,0.163311645,0.132862642,0.138217643,0.168666646,-0.138217643,-0.168666646,-0.163311645,-0.132862642,0.076130382,0.031468286,0.009497739
51.20095015,0.965925826,0.258819045,0,0,0.523598776,0,0,0.974980116,0.221685156,0.01637827,0.001136253,0.447294913,0.031438371,0.009482115,-0.006623566,0.003039091,-0.001238286,0.149953182,-0.013704246,0.003022703,0.160634682,0.133226201,0.139271617,0.166680098,-0.139271617,-0.166680098,-0.160634682,-0.133226201,0.076303863,0.031438371,0.009482115
51.25072002,0.965925826,0.258819045,0,0,0.523598776,0,0,0.974990487,0.221641317,0.016358977,0.001105965,0.447203608,0.031414601,0.009413043,0.000780076,-0.002324581,0.002791733,0.14987536,-0.01350775,0.002639295,0.160634682,0.133226201,0.139271617,0.166680098,-0.139271617,-0.166680098,-0.160634682,-0.133226201,0.076395168,0.031414601,0.009413043
51.30172014,0.965925826,0.258819045,0,0,0.523598776,0,0,0.975007474,0.22156696,0.0163552,0.001025069,0.447048635,0.031443821,0.009251149,-0.002492965,-0.001876056,-0.002120435,0.150564518,-0.013603083,0.00369062,0.160476938,0.133270785,0.140652031,0.167858183,-0.140652031,-0.167858183,-0.160476938,-0.133270785,0.076550141,0.031443821,0.009251149
51.3510201,0.965925826,0.258819045,0,0,0.523598776,0,0,0.975021839,0.221506566,0.01632477,0.000964774,0.446922227,0.031411766,0.009118062,-0.003544986,-0.000666082,0.001139194,0.150812762,-0.013917206,0.00308709,0.161642835,0.133808434,0.139982626,0.167817011,-0.139982626,-0.167817011,-0.161642835,-0.133808434,0.076676549,0.031411766,0.009118062
51.40180993,0.965925826,0.258819045,0,0,0.523598776,0,0,0.975029409,0.221472085,0.016333291,0.000990572,0.446852473,0.031417279,0.009171064,-0.000979006,-0.000149012,0.004266947,0.150347365,-0.014086811,0.002443238,0.161990896,0.133817285,0.138703763,0.166877374,-0.138703763,-0.166877374,-0.161990896,-0.133817285,0.076746303,0.031417279,0.009171064
51.45082998,0.965925826,0.258819045,0,0,0.523598776,0,0,0.975045741,0.221400797,0.016329056,0.000975914,0.446705665,0.031416181,0.009138289,-0.000616908,0.001675636,0.000768155,0.15079223,-0.013589381,0.003181569,0.161200002,0.134021252,0.140384391,0.16756314,-0.140384391,-0.16756314,-0.161200002,-0.134021252,0.076893111,0.031416181,0.009138289
51.50177002,0.965925826,0.258819045,0,0,0.523598776,0,0,0.975047648,0.221390545,0.016349504,0.0009879,0.446685487,0.031450852,0.009170415,0.002337247,-0.00191927,0.002802164,0.150337115,-0.014600192,0.003154999,0.161782265,0.132581905,0.138891891,0.168092266,-0.138891891,-0.168092266,-0.161782265,-0.132581905,0.076913289,0.031450852,0.009170415
51.55428004,0.965925826,0.258819045,0,0,0.523598776,0,0,0.975056648,0.221352085,0.016332498,0.001004564,0.446606668,0.031410662,0.009194143,-0.003275276,-0.001332164,0.00172928,0.151439784,-0.013890648,0.00245813,0.162872255,0.135090977,0.140007243,0.16778852,-0.140007243,-0.16778852,-0.162872255,-0.135090977,0.076992108,0.031410662,0.009194143
51.59994006,0.965925826,0.258819045,0,0,0.523598776,0,0,0.975054681,0.221361995,0.016324302,0.000993139,0.446626416,0.03139964,0.009168536,-0.001746416,-0.000837445,0.003591925,0.150583655,-0.013878904,0.002574896,0.161887616,0.134129837,0.139279619,0.167037413,-0.139279619,-0.167037413,-0.161887616,-0.134129837,0.07697236,0.03139964,0.009168536
51.65074015,0.965925826,0.258819045,0,0,0.523598776,0,0,0.975058854,0.221344531,0.016305074,0.00100134,0.446590422,0.03135867,0.009175448,0.000414997,-0.001472235,-0.000141561,0.15018556,-0.013674042,0.003306762,0.1605528,0.133204728,0.139818251,0.167166322,-0.139818251,-0.167166322,-0.1605528,-0.133204728,0.077008354,0.03135867,0.009175448
51.70069003,0.965925826,0.258819045,0,0,0.523598776,0,0,0.975057006,0.221349686,0.016345801,0.00101151,0.44660224,0.031433555,0.009213518,0.003389269,0.002249331,0.002316386,0.149610068,-0.014792751,0.00281967,0.161583111,0.13199763,0.13763696,0.167222455,-0.13763696,-0.167222455,-0.161583111,-0.13199763,0.076996536,0.031433555,0.009213518
51.75077009,0.965925826,0.258819045,0,0,0.523598776,0,0,0.975049257,0.221385315,0.016324321,0.001003324,0.446674609,0.031394948,0.009189168,0.006239861,0.002274662,-0.003157556,0.150577057,-0.014500171,0.003853429,0.161223754,0.132223427,0.139930293,0.16893062,-0.139930293,-0.16893062,-0.161223754,-0.132223427,0.076924167,0.031394948,0.009189168
51.80207014,0.965925826,0.258819045,0,0,0.523598776,0,0,0.975047708,0.221392646,0.016324753,0.000973323,0.446688749,0.031409011,0.009131063,-0.001037121,0.001236051,0.00096038,0.149037884,-0.01476958,0.003911688,0.159895733,0.130356595,0.138179973,0.167719111,-0.138179973,-0.167719111,-0.159895733,-0.130356595,0.076910027,0.031409011,0.009131063
51.85086012,0.965925826,0.258819045,0,0,0.523598776,0,0,0.975040913,0.221423388,0.016316677,0.000915914,0.446749965,0.031418408,0.009016465,0.000330061,-0.007382036,-0.000859797,0.150424137,-0.014468997,0.003117763,0.161775336,0.132837355,0.13907288,0.168010861,-0.13907288,-0.168010861,-0.161775336,-0.132837355,0.076848811,0.031418408,0.009016465
51.90084004,0.965925826,0.258819045,0,0,0.523598776,0,0,0.975043595,0.221412048,0.016306739,0.000874643,0.446725313,0.031417419,0.008931173,-0.001904368,0.001048297,-0.000882149,0.150574999,-0.014369843,0.00356597,0.161775336,0.132837355,0.13907288,0.168010861,-0.13907288,-0.168010861,-0.161775336,-0.132837355,0.076873463,0.031417419,0.008931173
51.95148015,0.965925826,0.258819045,0,0,0.523598776,0,0,0.975045741,0.221401244,0.0163268,0.00085009,0.446702894,0.031467525,0.00889182,0.001809746,-0.000801683,-0.000537932,0.14987183,-0.013846103,0.003521506,0.160196379,0.132504195,0.139547214,0.167239398,-0.139547214,-0.167239398,-0.160196379,-0.132504195,0.076895882,0.031467525,0.00889182
52.00064993,0.965925826,0.258819045,0,0,0.523598776,0,0,0.97504288,0.221413836,0.01633257,0.000834639,0.446728374,0.031485509,0.00886464,0.001331419,0.001550466,-0.000850856,0.149953277,-0.014526753,0.00360032,0.160879672,0.131826177,0.139026821,0.168080315,-0.139026821,-0.168080315,-0.160879672,-0.131826177,0.076870402,0.031485509,0.00886464
52.05145001,0.965925826,0.258819045,0,0,0.523598776,0,0,0.975028753,0.221477613,0.016311977,0.000808661,0.446857997,0.031456276,0.00880688,0.005201251,-0.000613928,-0.000396371,0.149251513,-0.014978116,0.00344739,0.160782203,0.130825981,0.137720764,0.16767697,-0.137720764,-0.16767697,-0.160782203,-0.130825981,0.076740779,0.031456276,0.00880688
52.10239005,0.965925826,0.258819045,0,0,0.523598776,0,0,0.975020289,0.22151424,0.016316574,0.000810159,0.446933323,0.031464249,0.008813026,0.000569969,0.007476659,0.001191348,0.149160093,-0.01387772,0.003523299,0.159514472,0.131759048,0.138805643,0.166561067,-0.138805643,-0.166561067,-0.159514472,-0.131759048,0.076665453,0.031464249,0.008813026
52.14996004,0.965925826,0.258819045,0,0,0.523598776,0,0,0.975014806,0.22153981,0.016294586,0.000836646,0.446986059,0.031409389,0.008855768,0.000789017,-0.002104044,0.002125651,0.150016609,-0.0162253,0.003212778,0.16302909,0.130578503,0.137004063,0.169454649,-0.137004063,-0.169454649,-0.16302909,-0.130578503,0.076612717,0.031409389,0.008855768
52.2009201,0.965925826,0.258819045,0,0,0.523598776,0,0,0.975009859,0.221561641,0.016298346,0.000857525,0.4470315,0.031407265,0.008898872,-0.000342727,-0.00307858,0.005262345,0.150152175,-0.013176876,0.002347447,0.160981566,0.134627819,0.139322728,0.16567646,-0.139322728,-0.16567646,-0.160981566,-0.134627819,0.076567276,0.031407265,0.008898872
52.25076008,0.965925826,0.258819045,0,0,0.523598776,0,0,0.975003779,0.221586928,0.016312191,0.000891853,0.447084731,0.031418819,0.008972805,0.002092868,-0.001767278,0.000397116,0.149667658,-0.013568029,0.00329138,0.159944266,0.132808223,0.13939099,0.166527033,-0.13939099,-0.166527033,-0.159944266,-0.132808223,0.076514045,0.031418819,0.008972805
52.29994011,0.965925826,0.258819045,0,0,0.523598776,0,0,0.974998295,0.221612781,0.016294669,0.000877765,0.447136923,0.031390651,0.008938374,-0.001493096,0.002919883,0.002420693,0.15033257,-0.014909021,0.002899339,0.162342206,0.132524192,0.13832286,0.168140888,-0.13832286,-0.168140888,-0.162342206,-0.132524192,0.076461853,0.031390651,0.008938374
52.35084009,0.965925826,0.258819045,0,0,0.523598776,0,0,0.97499913,0.221610814,0.016269563,0.000846734,0.447131435,0.031355464,0.008866625,-0.003793836,0.002195686,-0.003139674,0.149221769,-0.014010311,0.003132173,0.160099864,0.132079259,0.138343602,0.166364208,-0.138343602,-0.166364208,-0.160099864,-0.132079259,0.076467341,0.031355464,0.008866625
52.4017601,0.965925826,0.258819045,0,0,0.523598776,0,0,0.974998236,0.221617535,0.016233528,0.000802612,0.44714312,0.031304687,0.008764765,-0.000968575,-0.005155802,0.001322478,0.150777686,-0.014659282,0.004029079,0.161407843,0.132089302,0.140147462,0.169466004,-0.140147462,-0.169466004,-0.161407843,-0.132089302,0.076455656,0.031304687,0.008764765
52.45184994,0.965925826,0.258819045,0,0,0.523598776,0,0,0.975005805,0.221582606,0.016253967,0.000792322,0.447071641,0.03134943,0.008752641,-2.68E-05,-0.001771748,0.001377612,0.150228877,-0.012499172,0.003162229,0.159565777,0.134567454,0.14089191,0.165890232,-0.14089191,-0.165890232,-0.159565777,-0.134567454,0.076527135,0.03134943,0.008752641
52.50098014,0.965925826,0.258819045,0,0,0.523598776,0,0,0.975004911,0.2215873,0.016248668,0.000795342,0.4470812,0.03133771,0.008756332,0.001885742,-0.002358855,0.000669807,0.14970646,-0.013317984,0.003304108,0.159720287,0.133084342,0.13969256,0.166328505,-0.13969256,-0.166328505,-0.159720287,-0.133084342,0.076517576,0.03133771,0.008756332
52.55083013,0.965925826,0.258819045,0,0,0.523598776,0,0,0.975003302,0.221592769,0.016272817,0.000797548,0.44709302,0.031383783,0.00877153,0.003988296,-0.001816452,0.003086776,0.149297914,-0.01350072,0.002825937,0.159720287,0.133084342,0.13969256,0.166328505,-0.13969256,-0.166328505,-0.159720287,-0.133084342,0.076505756,0.031383783,0.00877153
52.6013701,0.965925826,0.258819045,0,0,0.523598776,0,0,0.97500515,0.2215828,0.016297424,0.00083115,0.447074099,0.031416967,0.008847689,-0.000709295,0.00186488,0.000586361,0.150207305,-0.014590298,0.003305821,0.161491737,0.132311165,0.138922811,0.168103382,-0.138922811,-0.168103382,-0.161491737,-0.132311165,0.076524677,0.031416967,0.008847689
52.65086007,0.965925826,0.258819045,0,0,0.523598776,0,0,0.975008547,0.221567377,0.01629781,0.000925222,0.447045204,0.03137615,0.009030891,0.003799052,-0.001502037,0.003638119,0.150398218,-0.01402348,0.002808938,0.161612719,0.133565769,0.139183655,0.167230591,-0.139183655,-0.167230591,-0.161612719,-0.133565769,0.076553572,0.03137615,0.009030891
52.70161009,0.965925826,0.258819045,0,0,0.523598776,0,0,0.97500813,0.221567035,0.016319929,0.00095587,0.447045947,0.031405708,0.009100491,-0.002029538,0.005929918,-0.000411272,0.149355075,-0.013647513,0.00261239,0.160390154,0.133095145,0.138319924,0.165614933,-0.138319924,-0.165614933,-0.160390154,-0.133095145,0.076552829,0.031405708,0.009100491
52.75186014,0.965925826,0.258819045,0,0,0.523598776,0,0,0.975007117,0.221570894,0.016326437,0.001001676,0.44705534,0.031398055,0.009192868,0.000431389,0.002396852,0.002809614,0.150473953,-0.015816196,0.003405896,0.162884206,0.131251842,0.138063625,0.169696003,-0.138063625,-0.169696003,-0.162884206,-0.131251842,0.076543436,0.031398055,0.009192868
52.80225992,0.965925826,0.258819045,0,0,0.523598776,0,0,0.975009978,0.221557632,0.016333139,0.001016807,0.447028737,0.031404544,0.009224935,0.001914055,-0.003378093,0.004140288,0.149724422,-0.013159811,0.002441304,0.160442889,0.134123281,0.139005885,0.165325493,-0.139005885,-0.165325493,-0.160442889,-0.134123281,0.076570039,0.031404544,0.009224935
52.85078001,0.965925826,0.258819045,0,0,0.523598776,0,0,0.975007713,0.221566945,0.016340328,0.001011392,0.447047871,0.031420881,0.009217864,0.001443177,0.001450628,-0.001040101,0.149809491,-0.014551466,0.003484328,0.160876587,0.13177368,0.138742328,0.167845249,-0.138742328,-0.167845249,-0.160876587,-0.13177368,0.076550905,0.031420881,0.009217864
52.90153003,0.965925826,0.258819045,0,0,0.523598776,0,0,0.975008726,0.22156328,0.016334767,0.000997333,0.447039779,0.031416299,0.009187847,0.005600601,-0.00461489,0.001227111,0.149014951,-0.01279299,0.003037622,0.158770278,0.133184314,0.139259562,0.164845526,-0.139259562,-0.164845526,-0.158770278,-0.133184314,0.076558997,0.031416299,0.009187847
52.95086002,0.965925826,0.258819045,0,0,0.523598776,0,0,0.975014985,0.221536085,0.016330512,0.000956285,0.446982705,0.031426456,0.009105001,0.002514571,-0.003178418,0.00147447,0.149627761,-0.013194242,0.003025074,0.158770278,0.133184314,0.139259562,0.164845526,-0.139259562,-0.164845526,-0.158770278,-0.133184314,0.076616071,0.031426456,0.009105001
53.00187016,0.965925826,0.258819045,0,0,0.523598776,0,0,0.975000679,0.221600652,0.01631224,0.000963121,0.447114922,0.03138718,0.009112306,0.007685275,-0.00294894,0.002541394,0.149791926,-0.01480624,0.002715327,0.161882803,0.132270336,0.13770099,0.167313457,-0.13770099,-0.167313457,-0.161882803,-0.132270336,0.076483854,0.03138718,0.009112306
53.04989004,0.965925826,0.258819045,0,0,0.523598776,0,0,0.974997997,0.221609294,0.016354276,0.000992265,0.447134475,0.031456163,0.009188104,0.00096187,0.006017834,0.003070384,0.148584417,-0.013249517,0.002799321,0.159034565,0.132535562,0.138134196,0.164633214,-0.138134196,-0.164633214,-0.159034565,-0.132535562,0.076464301,0.031456163,0.009188104
53.10509014,0.965925826,0.258819045,0,0,0.523598776,0,0,0.975002348,0.221587688,0.016379803,0.001055022,0.447092599,0.031478329,0.009321176,-0.000739098,0.003584475,0.003381819,0.149827232,-0.013899849,0.002589485,0.161137551,0.13333787,0.138516843,0.166316524,-0.138516843,-0.166316524,-0.161137551,-0.13333787,0.076506177,0.031478329,0.009321176
53.15188003,0.965925826,0.258819045,0,0,0.523598776,0,0,0.974990427,0.221640989,0.01636811,0.001051054,0.447201572,0.031456773,0.009309962,0.002717227,-0.00333041,-0.000172853,0.149505691,-0.013204551,0.003279237,0.159430966,0.133021876,0.139580354,0.165989444,-0.139580354,-0.165989444,-0.159430966,-0.133021876,0.076397204,0.031456773,0.009309962
53.20026994,0.965925826,0.258819045,0,0,0.523598776,0,0,0.974985778,0.22166127,0.016372472,0.001052659,0.447243316,0.031464374,0.009315685,-0.001734496,-0.004740061,0.00185892,0.150341388,-0.012804583,0.002873731,0.160272196,0.134663045,0.140410513,0.166019663,-0.140410513,-0.166019663,-0.160272196,-0.134663045,0.07635546,0.031464374,0.009315685
53.25101995,0.965925826,0.258819045,0,0,0.523598776,0,0,0.974976003,0.221703678,0.016380019,0.001045482,0.447330304,0.031481874,0.009306405,-0.002451241,0.001142174,-0.0010252,0.150445643,-0.014505326,0.003460618,0.161490306,0.132479668,0.139400914,0.168411538,-0.139400914,-0.168411538,-0.161490306,-0.132479668,0.076268472,0.031481874,0.009306405
53.29992008,0.965925826,0.258819045,0,0,0.523598776,0,0,0.97496742,0.221743211,0.016355295,0.001017593,0.447410042,0.031445651,0.009242292,0.005457551,0.002533942,0.004360825,0.14981601,-0.013475318,0.003422143,0.159869149,0.132918522,0.139762804,0.166713431,-0.139762804,-0.166713431,-0.159869149,-0.132918522,0.076188734,0.031445651,0.009242292
53.35118008,0.965925826,0.258819045,0,0,0.523598776,0,0,0.974959433,0.221777543,0.016366154,0.001034361,0.447481219,0.031459062,0.009280935,0.001537055,-0.000689924,0.002948195,0.148895294,-0.014890435,0.002402197,0.161383495,0.13160263,0.136407033,0.166187882,-0.136407033,-0.166187882,-0.161383495,-0.13160263,0.076117557,0.031459062,0.009280935
53.40306997,0.965925826,0.258819045,0,0,0.523598776,0,0,0.974951565,0.221812874,0.01635932,0.001035116,0.447553549,0.03144506,0.009280511,0.00378564,-0.008095802,7.23E-05,0.149619827,-0.013968732,0.002670616,0.160917908,0.132980451,0.138321683,0.16625914,-0.138321683,-0.16625914,-0.160917908,-0.132980451,0.076045227,0.03144506,0.009280511
53.44985008,0.965925826,0.258819045,0,0,0.523598776,0,0,0.974935353,0.22188288,0.01637453,0.001025694,0.44769729,0.031478243,0.009271152,0.002384931,0.004447252,0.002107769,0.149372489,-0.015458543,0.002849342,0.161981642,0.131064579,0.13676326,0.167680338,-0.13676326,-0.167680338,-0.161981642,-0.131064579,0.075901486,0.031478243,0.009271152
53.50100994,0.965925826,0.258819045,0,0,0.523598776,0,0,0.974920571,0.221950233,0.016343795,0.001034643,0.447835012,0.031413685,0.009277115,0.005371125,-0.003609062,0.00352338,0.148745732,-0.01310741,0.002544112,0.159308985,0.133094192,0.138182417,0.16439721,-0.138182417,-0.16439721,-0.159308985,-0.133094192,0.075763764,0.031413685,0.009277115
53.55082011,0.965925826,0.258819045,0,0,0.523598776,0,0,0.974906385,0.222010761,0.016362829,0.001022342,0.447959344,0.031455697,0.009263539,-0.000615418,0.005682557,-0.001776218,0.149846121,-0.015798124,0.003623566,0.162020639,0.13042441,0.137671545,0.169267774,-0.137671545,-0.169267774,-0.162020639,-0.13042441,0.075639432,0.031455697,0.009263539
53.60249996,0.965925826,0.258819045,0,0,0.523598776,0,0,0.974877536,0.222137839,0.016357679,0.000987536,0.44821898,0.031459919,0.009197454,0.002341717,0.002951175,-0.000531972,0.148847824,-0.012495683,0.002898984,0.162020639,0.13042441,0.137671545,0.169267774,-0.137671545,-0.169267774,-0.162020639,-0.13042441,0.075379796,0.031459919,0.009197454
53.6521101,0.965925826,0.258819045,0,0,0.523598776,0,0,0.974857926,0.222223923,0.016363276,0.000968071,0.448395154,0.031478676,0.009164754,0.001928956,0.002967566,-0.000491738,0.149176239,-0.014997545,0.003399479,0.160774261,0.130779192,0.137578145,0.167573228,-0.137578145,-0.167573228,-0.160774261,-0.130779192,0.075203622,0.031478676,0.009164754
53.70077014,0.965925826,0.258819045,0,0,0.523598776,0,0,0.974844337,0.222282737,0.016369529,0.000959671,0.448515785,0.031494056,0.009153054,0.004089624,0.004718453,0.000882894,0.149185759,-0.015002341,0.003408464,0.160779595,0.13077493,0.137591854,0.167596519,-0.137591854,-0.167596519,-0.160779595,-0.13077493,0.075082991,0.031494056,0.009153054
53.7511301,0.965925826,0.258819045,0,0,0.523598776,0,0,0.974827528,0.222357854,0.016353168,0.000954568,0.448669381,0.031463714,0.009138238,0.003132969,-0.003246963,0.001206249,0.148846353,-0.013196295,0.003072354,0.158970252,0.132577673,0.13872239,0.165114954,-0.13872239,-0.165114954,-0.158970252,-0.132577673,0.074929395,0.031463714,0.009138238
53.80008006,0.965925826,0.258819045,0,0,0.523598776,0,0,0.974811196,0.222428173,0.016367242,0.000941146,0.448813652,0.031496476,0.009120602,0.006838888,-0.001110137,-0.000227988,0.148079958,-0.013820743,0.003372779,0.158527881,0.130886406,0.137631968,0.165273443,-0.137631968,-0.165273443,-0.158527881,-0.130886406,0.074785124,0.031496476,0.009120602
53.85099006,0.965925826,0.258819045,0,0,0.523598776,0,0,0.974783719,0.222547993,0.016383763,0.000930626,0.449059563,0.031532252,0.009111319,0.005791335,0.007943065,-0.002379715,0.148184524,-0.016447461,0.00381942,0.158527881,0.130886406,0.137631968,0.165273443,-0.137631968,-0.165273443,-0.158527881,-0.130886406,0.074539213,0.031532252,0.009111319
53.90170002,0.965925826,0.258819045,0,0,0.523598776,0,0,0.974748433,0.22270219,0.016383339,0.000949328,0.449376574,0.03152165,0.009152596,0.00327155,-0.00397265,0.002982467,0.147555146,-0.013625861,0.002967196,0.158213764,0.130962059,0.136896461,0.164148167,-0.136896461,-0.164148167,-0.158213764,-0.130962059,0.074222202,0.03152165,0.009152596
53.95191002,0.965925826,0.258819045,0,0,0.523598776,0,0,0.974729419,0.222785696,0.016375665,0.000945938,0.449547703,0.031507415,0.009145262,0.005535036,0.001121312,-0.004637241,0.148540934,-0.013015416,0.002724206,0.158832103,0.132801294,0.138249695,0.164280519,-0.138249695,-0.164280519,-0.158832103,-0.132801294,0.074051073,0.031507415,0.009145262
54.00078011,0.965925826,0.258819045,0,0,0.523598776,0,0,0.974703848,0.222898588,0.016366703,0.000926325,0.449778583,0.031497629,0.009106658,0.004845113,-0.005804003,0.001206249,0.148043356,-0.014468062,0.004246213,0.158832103,0.132801294,0.138249695,0.164280519,-0.138249695,-0.164280519,-0.158832103,-0.132801294,0.073820193,0.031497629,0.009106658
54.0508101,0.965925826,0.258819045,0,0,0.523598776,0,0,0.974687219,0.22297138,0.016370524,0.000912274,0.449927629,0.031510666,0.009083311,0.008708985,-0.000202656,-0.001393258,0.147283492,-0.014078867,0.003622275,0.157740042,0.129582331,0.136826873,0.164984599,-0.136826873,-0.164984599,-0.157740042,-0.129582331,0.073671147,0.031510666,0.009083311
54.10082006,0.965925826,0.258819045,0,0,0.523598776,0,0,0.974674284,0.223029688,0.016343871,0.00087338,0.450045583,0.031475517,0.008997435,0.001207739,-0.000970066,-0.001403689,0.148673668,-0.01382375,0.003652097,0.157740042,0.129582331,0.136826873,0.164984599,-0.136826873,-0.164984599,-0.157740042,-0.129582331,0.073553193,0.031475517,0.008997435
54.15087008,0.965925826,0.258819045,0,0,0.523598776,0,0,0.974665046,0.223072231,0.016320135,0.000813527,0.450130587,0.031455562,0.008871473,0.006134063,0.001759082,0.001559407,0.147693282,-0.014583338,0.003106536,0.159170046,0.130003378,0.136216462,0.165383115,-0.136216462,-0.165383115,-0.159170046,-0.130003378,0.073468189,0.031455562,0.008871473
54.20134997,0.965925826,0.258819045,0,0,0.523598776,0,0,0.974646747,0.223154277,0.016292583,0.000757835,0.45029674,0.031425966,0.008753194,0.002401322,-0.001014769,0.003848225,0.147139164,-0.01500752,0.003195831,0.158950806,0.128935784,0.135327458,0.16534248,-0.135327458,-0.16534248,-0.158950806,-0.128935784,0.073302036,0.031425966,0.008753194
54.25083995,0.965925826,0.258819045,0,0,0.523598776,0,0,0.974630415,0.223225996,0.016284743,0.000753421,0.450443655,0.03141201,0.008743395,0.003697723,0.000969321,0.000870973,0.14880746,-0.014712258,0.002732871,0.160786808,0.131362304,0.13682805,0.166252553,-0.13682805,-0.166252553,-0.160786808,-0.131362304,0.073155121,0.03141201,0.008743395
54.29974008,0.965925826,0.258819045,0,0,0.523598776,0,0,0.974621475,0.223265246,0.016285732,0.000735036,0.450523682,0.031421799,0.008709248,0.001073629,0.004709512,0.002001971,0.148036024,-0.014308292,0.003284739,0.159059539,0.130442977,0.137012452,0.165629014,-0.137012452,-0.165629014,-0.159059539,-0.130442977,0.073075094,0.031421799,0.008709248
54.34981012,0.965925826,0.258819045,0,0,0.523598776,0,0,0.974612951,0.223303467,0.016275806,0.00075656,0.450602492,0.031392484,0.008748013,0.000550598,-0.000119209,0.000413507,0.148576933,-0.013985911,0.00337,0.159192801,0.131220996,0.137961,0.165932804,-0.137961,-0.165932804,-0.159192801,-0.131220996,0.072996284,0.031392484,0.008748013
54.39976001,0.965925826,0.258819045,0,0,0.523598776,0,0,0.974613965,0.223297343,0.016290579,0.000744571,0.450589982,0.031426702,0.008731047,0.000713021,-0.00539273,0.000611693,0.148550864,-0.012470097,0.003341395,0.159192801,0.131220996,0.137961,0.165932804,-0.137961,-0.165932804,-0.159192801,-0.131220996,0.073008794,0.031426702,0.008731047
54.45091009,0.965925826,0.258819045,0,0,0.523598776,0,0,0.974614322,0.223295793,0.016291726,0.000723433,0.450586211,0.031438398,0.008690288,-0.001321733,0.000462681,-0.000615418,0.148942135,-0.014157051,0.003608985,0.159490153,0.131176069,0.138394043,0.166708127,-0.138394043,-0.166708127,-0.159490153,-0.131176069,0.073012565,0.031438398,0.008690288
54.50164008,0.965925826,0.258819045,0,0,0.523598776,0,0,0.974615097,0.223292544,0.016296152,0.000690298,0.450578646,0.031461859,0.008627543,-0.002762676,-0.003246963,-0.00013113,0.148546048,-0.011529022,0.003738171,0.156336859,0.133278832,0.140755177,0.163813204,-0.140755177,-0.163813204,-0.156336859,-0.133278832,0.07302013,0.031461859,0.008627543
54.55067015,0.965925826,0.258819045,0,0,0.523598776,0,0,0.974621356,0.223265558,0.016293649,0.000690146,0.450523178,0.031457284,0.008625255,-0.000108778,0.006548315,0.002516061,0.148949372,-0.013485253,0.003473371,0.158961207,0.131990716,0.138937458,0.165907949,-0.138937458,-0.165907949,-0.158961207,-0.131990716,0.073075598,0.031457284,0.008625255
54.59969997,0.965925826,0.258819045,0,0,0.523598776,0,0,0.974627554,0.223240674,0.01625907,0.000674359,0.450470892,0.031397143,0.008578202,0.001844019,-0.001271069,0.000559539,0.148731946,-0.015916151,0.003017619,0.161630437,0.129798159,0.135833398,0.167665675,-0.135833398,-0.167665675,-0.161630437,-0.129798159,0.073127884,0.031397143,0.008578202
54.65076995,0.965925826,0.258819045,0,0,0.523598776,0,0,0.97462666,0.223245054,0.016252246,0.000642403,0.450478813,0.031398075,0.008512971,0.003895909,0.001577288,0.001367182,0.147981714,-0.014428429,0.003273792,0.161630437,0.129798159,0.135833398,0.167665675,-0.135833398,-0.167665675,-0.161630437,-0.129798159,0.073119963,0.031398075,0.008512971
54.70246005,0.965925826,0.258819045,0,0,0.523598776,0,0,0.974636376,0.223202884,0.016252369,0.000569488,0.450390137,0.03143125,0.00836947,0.004085153,-0.004011393,0.003501028,0.147978417,-0.012796362,0.002908583,0.15913631,0.130279467,0.136827052,0.165683895,-0.136827052,-0.165683895,-0.15913631,-0.130279467,0.073208639,0.03143125,0.00836947
54.75080013,0.965925826,0.258819045,0,0,0.523598776,0,0,0.974644065,0.223168239,0.016269697,0.000552335,0.450318906,0.031472991,0.008342647,0.002115221,0.001481921,-0.001710654,0.148386002,-0.014385906,0.003971849,0.158800021,0.130028218,0.137971923,0.166743711,-0.137971923,-0.166743711,-0.158800021,-0.130028218,0.07327987,0.031472991,0.008342647
54.80144,0.965925826,0.258819045,0,0,0.523598776,0,0,0.974648118,0.223152697,0.01623789,0.000551084,0.450286267,0.03141167,0.008325487,-0.004068017,-0.000448525,0.003556162,0.149580932,-0.013809252,0.002915238,0.158800021,0.130028218,0.137971923,0.166743711,-0.137971923,-0.166743711,-0.158800021,-0.130028218,0.073312509,0.03141167,0.008325487
54.85086012,0.965925826,0.258819045,0,0,0.523598776,0,0,0.974666178,0.22307235,0.016260395,0.000501731,0.450120423,0.031478265,0.008236703,-6.71E-05,0.002609939,0.002152473,0.149437374,-0.01351625,0.003732646,0.159220934,0.132188454,0.139653742,0.166686237,-0.139653742,-0.166686237,-0.159220934,-0.132188454,0.073478353,0.031478265,0.008236703
54.90078998,0.965925826,0.258819045,0,0,0.523598776,0,0,0.974682212,0.223002538,0.01625525,0.000496052,0.44997687,0.031471359,0.008221073,-0.000505149,0.001891703,0.001714379,0.148879275,-0.014697514,0.003245712,0.160331041,0.130936027,0.137427449,0.166822463,-0.137427449,-0.166822463,-0.160331041,-0.130936027,0.073621906,0.031471359,0.008221073
54.95169997,0.965925826,0.258819045,0,0,0.523598776,0,0,0.974693835,0.222949982,0.016279904,0.000480406,0.4498691,0.031526853,0.008199872,-0.001358986,-0.000546873,-0.000305474,0.14901983,-0.014482706,0.003337517,0.160164982,0.131199583,0.137874618,0.166840017,-0.137874618,-0.166840017,-0.160164982,-0.131199583,0.073729676,0.031526853,0.008199872
54.99975014,0.965925826,0.258819045,0,0,0.523598776,0,0,0.974696755,0.222937509,0.01628088,0.000460569,0.449842913,0.031537708,0.008161215,0.003343076,0.001203269,-0.002254546,0.148336756,-0.014288658,0.00416587,0.158459499,0.129882202,0.138213947,0.166791245,-0.138213947,-0.166791245,-0.158459499,-0.129882202,0.073755863,0.031537708,0.008161215
55.05072999,0.965925826,0.258819045,0,0,0.523598776,0,0,0.974696815,0.222940072,0.01624403,0.000449925,0.449847025,0.031470583,0.008124081,0.001383573,0.001504272,0.000800937,0.148708599,-0.014347118,0.003557058,0.159498617,0.130804405,0.137918517,0.166612729,-0.137918517,-0.166612729,-0.159498617,-0.130804405,0.073751751,0.031470583,0.008124081
55.10083008,0.965925826,0.258819045,0,0,0.523598776,0,0,0.974704444,0.22290574,0.016254678,0.000448697,0.449776785,0.031492181,0.008125333,0.001838058,-0.005108118,0.001681596,0.148649292,-0.012444464,0.003381415,0.157712296,0.132823393,0.13958621,0.164475128,-0.13958621,-0.164475128,-0.157712296,-0.132823393,0.073821991,0.031492181,0.008125333
55.15144014,0.965925826,0.258819045,0,0,0.523598776,0,0,0.974713147,0.222870812,0.016212465,0.000426082,0.449703498,0.031420249,0.008061251,-0.000472367,0.003334135,0.002024323,0.149181401,-0.015004136,0.003448038,0.160737455,0.130729198,0.137625277,0.167633533,-0.137625277,-0.167633533,-0.160737455,-0.130729198,0.073895278,0.031420249,0.008061251
55.20167994,0.965925826,0.258819045,0,0,0.523598776,0,0,0.974722326,0.222830057,0.016220115,0.00042714,0.449620062,0.03143503,0.008065416,-0.001575053,0.002535432,0.00378117,0.149119264,-0.014845182,0.003328534,0.160635874,0.130945519,0.137602597,0.167292938,-0.137602597,-0.167292938,-0.160635874,-0.130945519,0.073978714,0.03143503,0.008065416
55.25083995,0.965925826,0.258819045,0,0,0.523598776,0,0,0.974737525,0.222761512,0.016243601,0.000487871,0.449481696,0.031454323,0.008192134,-0.003300607,0.008330495,0.002146512,0.149362649,-0.014623883,0.002979609,0.161006883,0.131759137,0.13771835,0.166966096,-0.13771835,-0.166966096,-0.161006883,-0.131759137,0.07411708,0.031454323,0.008192134
55.30186009,0.965925826,0.258819045,0,0,0.523598776,0,0,0.974743128,0.222739547,0.01620975,0.000490978,0.449435941,0.031387115,0.00818238,0.003296883,-2.09E-05,-0.001044572,0.148505146,-0.013883344,0.003882604,0.158505842,0.130739167,0.138504386,0.166271046,-0.138504386,-0.166271046,-0.158505842,-0.130739167,0.074162835,0.031387115,0.00818238
55.35088992,0.965925826,0.258819045,0,0,0.523598776,0,0,0.974754632,0.22268723,0.016232628,0.000483044,0.449328884,0.031435703,0.008175429,-0.003376603,0.004435331,0.003822892,0.149823282,-0.015198117,0.002930051,0.1620913,0.131695092,0.137555197,0.167951405,-0.137555197,-0.167951405,-0.1620913,-0.131695092,0.074269892,0.031435703,0.008175429
55.40107012,0.965925826,0.258819045,0,0,0.523598776,0,0,0.974757969,0.222674206,0.016212583,0.000499935,0.449302181,0.031389197,0.00819901,0.003295392,-0.005155802,-0.000299513,0.148558254,-0.01240372,0.003724721,0.157237217,0.132429793,0.139879227,0.16468665,-0.139879227,-0.16468665,-0.157237217,-0.132429793,0.074296595,0.031389197,0.00819901
55.45113993,0.965925826,0.258819045,0,0,0.523598776,0,0,0.974780858,0.222573668,0.016218944,0.000465121,0.449094978,0.031417952,0.008130703,-0.005815924,-0.001727045,0.001027435,0.148788307,-0.01250506,0.003441967,0.157851353,0.132841259,0.139725193,0.164735287,-0.139725193,-0.164735287,-0.157851353,-0.132841259,0.074503798,0.031417952,0.008130703
55.50226998,0.965925826,0.258819045,0,0,0.523598776,0,0,0.974796772,0.22250405,0.016212424,0.000471091,0.448952173,0.031403164,0.008137199,-0.000149012,0.001768023,0.000426918,0.150384197,-0.013393192,0.003498236,0.16027911,0.133492738,0.140489221,0.167275578,-0.140489221,-0.167275578,-0.16027911,-0.133492738,0.074646603,0.031403164,0.008137199
55.55074,0.965925826,0.258819045,0,0,0.523598776,0,0,0.974806905,0.222461209,0.016202547,0.000450287,0.448863351,0.031393515,0.008090836,0.000541657,-0.000236928,-8.79E-05,0.149354508,-0.014399238,0.003612931,0.160140768,0.131342322,0.138568178,0.167366639,-0.138568178,-0.167366639,-0.160140768,-0.131342322,0.074735425,0.031393515,0.008090836
55.60069013,0.965925826,0.258819045,0,0,0.523598776,0,0,0.974822223,0.222393259,0.016212204,0.000436457,0.448723737,0.031419069,0.008065972,-0.005654991,0.002474338,0.001949817,0.150498016,-0.014596167,0.003342967,0.161751166,0.132558852,0.139244795,0.168437108,-0.139244795,-0.168437108,-0.161751166,-0.132558852,0.074875039,0.031419069,0.008065972
55.65148997,0.965925826,0.258819045,0,0,0.523598776,0,0,0.974849463,0.222273067,0.016219562,0.000447531,0.448477595,0.031429486,0.008086975,-0.006808341,-0.000469387,0.00058189,0.150816978,-0.01375056,0.003608398,0.160959095,0.133457989,0.140674785,0.168175891,-0.140674785,-0.168175891,-0.160959095,-0.133457989,0.075121181,0.031429486,0.008086975
55.70245004,0.965925826,0.258819045,0,0,0.523598776,0,0,0.974872351,0.222172201,0.016227571,0.000431802,0.448270325,0.031452935,0.008056605,0.001958758,-0.002349913,0.001581758,0.149217995,-0.013211237,0.003422482,0.159006715,0.132584259,0.139429212,0.165851668,-0.139429212,-0.165851668,-0.159006715,-0.132584259,0.075328451,0.031452935,0.008056605
55.75181007,0.965925826,0.258819045,0,0,0.523598776,0,0,0.974887013,0.222108498,0.016218839,0.000422232,0.448139135,0.031440685,0.008031995,0.001207739,0.000528246,0.000282377,0.149399681,-0.01402014,0.00370354,0.159716234,0.131675974,0.139083058,0.167123318,-0.139083058,-0.167123318,-0.159716234,-0.131675974,0.075459641,0.031440685,0.008031995
55.80212998,0.965925826,0.258819045,0,0,0.523598776,0,0,0.97491771,0.221974984,0.016195655,0.000433377,0.447865019,0.031391622,0.008039122,0.002428144,-0.00191927,0.001465529,0.150673479,-0.013297283,0.004004025,0.159966692,0.133372143,0.141380191,0.16797474,-0.141380191,-0.16797474,-0.159966692,-0.133372143,0.075733757,0.031391622,0.008039122
55.85074997,0.965925826,0.258819045,0,0,0.523598776,0,0,0.974925518,0.221939951,0.016208919,0.000492636,0.447795115,0.031391459,0.008159489,0.001638383,0.000146776,0.004114956,0.149287204,-0.013308,0.00343949,0.159155667,0.13253969,0.139418676,0.166034654,-0.139418676,-0.166034654,-0.159155667,-0.13253969,0.075803661,0.031391459,0.008159489
55.90083003,0.965925826,0.258819045,0,0,0.523598776,0,0,0.974939406,0.221879601,0.016198248,0.000497011,0.447671183,0.03136921,0.008161339,0.003346056,-0.002492965,0.000921637,0.149188991,-0.013159603,0.003494365,0.158854187,0.132534996,0.13952373,0.165842921,-0.13952373,-0.165842921,-0.158854187,-0.132534996,0.075927593,0.03136921,0.008161339
55.95082998,0.965925826,0.258819045,0,0,0.523598776,0,0,0.974964678,0.221766904,0.016225467,0.000522984,0.447441263,0.031411711,0.008220471,-0.005179644,0.001551956,0.003879517,0.150911928,-0.014364142,0.002895797,0.162380233,0.133651972,0.139443561,0.168171823,-0.139443561,-0.168171823,-0.162380233,-0.133651972,0.076157513,0.031411711,0.008220471
56.00191998,0.965925826,0.258819045,0,0,0.523598776,0,0,0.974973261,0.221727073,0.016249692,0.000528851,0.447360282,0.031456694,0.008241394,0.000735372,0.00314638,-0.002528727,0.149813735,-0.014835571,0.00417501,0.160474256,0.130803123,0.139153153,0.16882427,-0.139153153,-0.16882427,-0.160474256,-0.130803123,0.076238494,0.031456694,0.008241394
56.05123997,0.965925826,0.258819045,0,0,0.523598776,0,0,0.974991262,0.221648499,0.016242135,0.000528353,0.447198877,0.03144284,0.008234531,-0.00475198,-0.003960729,-0.000426173,0.150928077,-0.012776361,0.003752179,0.159952223,0.134399518,0.141903877,0.167456582,-0.141903877,-0.167456582,-0.159952223,-0.134399518,0.076399899,0.03144284,0.008234531
56.10191011,0.965925826,0.258819045,0,0,0.523598776,0,0,0.975026011,0.221495926,0.016239002,0.000496913,0.446884849,0.031451953,0.00816688,-0.005055965,-0.000366569,-0.000371039,0.151460616,-0.013641814,0.003910477,0.161191911,0.133908302,0.141729251,0.169012859,-0.141729251,-0.169012859,-0.161191911,-0.133908302,0.076713927,0.031451953,0.00816688
56.15183997,0.965925826,0.258819045,0,0,0.523598776,0,0,0.975043774,0.221418917,0.016214188,0.000510317,0.446726746,0.031398262,0.008179543,-0.00205934,0.001677126,0.001204759,0.151108884,-0.013804432,0.003772602,0.16114068,0.133531824,0.141077027,0.168685883,-0.141077027,-0.168685883,-0.16114068,-0.133531824,0.07687203,0.031398262,0.008179543
56.20182014,0.965925826,0.258819045,0,0,0.523598776,0,0,0.975050271,0.221390307,0.016220182,0.000484205,0.446667384,0.031421759,0.008130332,-0.002732873,-0.003693998,0.001300126,0.15074828,-0.012825436,0.003444232,0.160129443,0.134478584,0.141367048,0.167017907,-0.141367048,-0.167017907,-0.160129443,-0.134478584,0.076931392,0.031421759,0.008130332
56.25081992,0.965925826,0.258819045,0,0,0.523598776,0,0,0.97506541,0.221323982,0.016217554,0.000444716,0.446530094,0.031434674,0.008049985,0.000280887,-0.006712975,-0.001108646,0.150225537,-0.01193478,0.003956304,0.158203974,0.13433443,0.142247036,0.16611658,-0.142247036,-0.16611658,-0.158203974,-0.13433443,0.077068682,0.031434674,0.008049985
56.30061007,0.965925826,0.258819045,0,0,0.523598776,0,0,0.975071669,0.221295848,0.016226966,0.000417668,0.446471789,0.031465242,0.008000478,-0.002649426,0.007522852,-0.001755357,0.150808668,-0.016051996,0.004122269,0.162738353,0.130634382,0.138878912,0.170982897,-0.138878912,-0.170982897,-0.162738353,-0.130634382,0.077126987,0.031465242,0.008000478
56.35176992,0.965925826,0.258819045,0,0,0.523598776,0,0,0.975079656,0.221260518,0.016231239,0.000430202,0.446399744,0.031468316,0.008025685,-0.004582107,0.000373274,0.002408773,0.15120609,-0.013998457,0.003278122,0.161926389,0.133929491,0.140485734,0.168482631,-0.140485734,-0.168482631,-0.161926389,-0.133929491,0.077199032,0.031468316,0.008025685
56.40035009,0.965925826,0.258819045,0,0,0.523598776,0,0,0.975093186,0.221200064,0.016235905,0.000459285,0.44627671,0.031465044,0.008082546,-0.000114739,-0.001554191,0.001629442,0.151214701,-0.013900818,0.002772205,0.162343279,0.134541661,0.14008607,0.167887688,-0.14008607,-0.167887688,-0.162343279,-0.134541661,0.077322066,0.031465044,0.008082546
56.45170999,0.965925826,0.258819045,0,0,0.523598776,0,0,0.975108504,0.221134499,0.016211394,0.000460969,0.446141687,0.03141703,0.008072857,-0.00578016,0.00186041,0.001300126,0.150399529,-0.013451091,0.003407894,0.162343279,0.134541661,0.14008607,0.167887688,-0.14008607,-0.167887688,-0.162343279,-0.134541661,0.077457089,0.03141703,0.008072857
56.50173998,0.965925826,0.258819045,0,0,0.523598776,0,0,0.975111425,0.221122727,0.016199496,0.000453895,0.446117045,0.031397046,0.008053404,-0.00501126,-0.005768239,0.00108406,0.151537871,-0.014417107,0.003470945,0.16248399,0.133649796,0.140591681,0.169425875,-0.140591681,-0.169425875,-0.16248399,-0.133649796,0.077481731,0.031397046,0.008053404
56.54981995,0.965925826,0.258819045,0,0,0.523598776,0,0,0.975111008,0.221122935,0.016214142,0.000420323,0.446116884,0.031440472,0.007994397,0.003405661,-0.002449751,-0.0002563,0.149787963,-0.013159527,0.00381181,0.15913564,0.132816598,0.140440226,0.166759253,-0.140440226,-0.166759253,-0.15913564,-0.132816598,0.077481892,0.031440472,0.007994397
56.59973001,0.965925826,0.258819045,0,0,0.523598776,0,0,0.975113571,0.221112937,0.016201487,0.000372684,0.446094677,0.031436946,0.007895518,-0.000546873,0.002451986,0.001122802,0.150552012,-0.014556404,0.003579506,0.16152887,0.132416084,0.139575094,0.16868788,-0.139575094,-0.16868788,-0.16152887,-0.132416084,0.077504099,0.031436946,0.007895518
56.65081,0.965925826,0.258819045,0,0,0.523598776,0,0,0.975107789,0.221139029,0.016194858,0.000333774,0.446146923,0.031441021,0.007817505,0.001280755,-0.001038611,0.001742691,0.15018055,-0.013532228,0.003484506,0.160228238,0.133163795,0.1401328,0.167197242,-0.1401328,-0.167197242,-0.160228238,-0.133163795,0.077451853,0.031441021,0.007817505
56.70117998,0.965925826,0.258819045,0,0,0.523598776,0,0,0.975102961,0.221159428,0.016206192,0.000236586,0.446186209,0.031505978,0.007633558,-0.000198185,0.005816668,0.000289828,0.149803581,-0.011685084,0.003920641,0.160228238,0.133163795,0.1401328,0.167197242,-0.1401328,-0.167197242,-0.160228238,-0.133163795,0.077412567,0.031505978,0.007633558
56.75187016,0.965925826,0.258819045,0,0,0.523598776,0,0,0.975097179,0.221186042,0.016191991,0.00021361,0.446239823,0.031488238,0.007583298,0.0050582,-0.005279481,0.001121312,0.150446948,-0.01549638,0.003866232,0.162077054,0.131084308,0.138816774,0.16980952,-0.138816774,-0.16980952,-0.162077054,-0.131084308,0.077358953,0.031488238,0.007583298
56.80061007,0.965925826,0.258819045,0,0,0.523598776,0,0,0.975095332,0.221194223,0.016197411,0.000183179,0.446255796,0.031512214,0.007526588,0.00160262,0.0009574,0.000409037,0.149418812,-0.012270623,0.003707034,0.157982364,0.133441135,0.140855193,0.165396422,-0.140855193,-0.165396422,-0.157982364,-0.133441135,0.07734298,0.031512214,0.007526588
56.8506,0.965925826,0.258819045,0,0,0.523598776,0,0,0.97508812,0.221225947,0.016198637,0.000152156,0.446320003,0.031528093,0.007467627,0.003591925,0.004275889,0.001425296,0.149666185,-0.015024746,0.003707732,0.16098316,0.130933687,0.138349146,0.168398619,-0.138349146,-0.168398619,-0.16098316,-0.130933687,0.077278773,0.031528093,0.007467627
56.9017601,0.965925826,0.258819045,0,0,0.523598776,0,0,0.975087225,0.221229523,0.0162021,0.000149781,0.446327357,0.031535872,0.007464645,0.000383705,-0.000168383,0.002656132,0.150277818,-0.013743611,0.003462964,0.160558417,0.133071214,0.13999714,0.167484358,-0.13999714,-0.167484358,-0.160558417,-0.133071214,0.077271419,0.031535872,0.007464645
56.94973016,0.965925826,0.258819045,0,0,0.523598776,0,0,0.975078523,0.221268445,0.016196465,0.000144754,0.446406925,0.031526808,0.007453597,0.003162771,0.001052767,-0.000852346,0.149715539,-0.014084427,0.004165084,0.159634843,0.131466001,0.139796168,0.16796501,-0.139796168,-0.16796501,-0.159634843,-0.131466001,0.077191851,0.031526808,0.007453597
57.00059009,0.965925826,0.258819045,0,0,0.523598776,0,0,0.975060701,0.221345738,0.016213408,0.000113702,0.446564959,0.031573018,0.007403026,0.001510233,0.000911206,0.002581626,0.150976365,-0.014719847,0.003802221,0.161893949,0.132454276,0.140058711,0.169498399,-0.140058711,-0.169498399,-0.161893949,-0.132454276,0.077033817,0.031573018,0.007403026
57.05171013,0.965925826,0.258819045,0,0,0.523598776,0,0,0.975051701,0.221385926,0.01620201,0.00012431,0.446647504,0.031545784,0.00741997,0.002358109,-0.003013015,0.001906604,0.149967959,-0.014056491,0.003510527,0.161893949,0.132454276,0.140058711,0.169498399,-0.140058711,-0.169498399,-0.161893949,-0.132454276,0.076951272,0.031545784,0.00741997
57.10157013,0.965925826,0.258819045,0,0,0.523598776,0,0,0.975045562,0.221414655,0.016184503,9.05E-05,0.446705044,0.031526382,0.007347225,0.00416264,0.001621991,-0.000117719,0.149773852,-0.012913444,0.003629494,0.159057766,0.133230895,0.140489876,0.166316748,-0.140489876,-0.166316748,-0.159057766,-0.133230895,0.076893732,0.031526382,0.007347225
57.15057015,0.965925826,0.258819045,0,0,0.523598776,0,0,0.975038528,0.221444979,0.016186718,8.68E-05,0.446767246,0.031532133,0.007341899,0.005709379,-0.00025779,0.001557916,0.149083757,-0.013687436,0.003727653,0.159043506,0.131668642,0.139123946,0.16649881,-0.139123946,-0.16649881,-0.159043506,-0.131668642,0.07683153,0.031532133,0.007341899
57.20064998,0.965925826,0.258819045,0,0,0.523598776,0,0,0.975028515,0.221489176,0.016183514,0.000102745,0.446858333,0.031518481,0.007373034,0.003661961,0.001963228,-0.000794232,0.149441452,-0.014327001,0.004183558,0.15958485,0.130930871,0.139297992,0.167951971,-0.139297992,-0.167951971,-0.15958485,-0.130930871,0.076740443,0.031518481,0.007373034
57.24970007,0.965925826,0.258819045,0,0,0.523598776,0,0,0.975013554,0.221553564,0.01620679,7.72E-05,0.446990172,0.031574714,0.007335612,0.011392684,0.002957136,0.001149625,0.147906975,-0.014632155,0.00382132,0.158717766,0.12945348,0.137096122,0.166360408,-0.137096122,-0.166360408,-0.158717766,-0.12945348,0.076608604,0.031574714,0.007335612
57.30190015,0.965925826,0.258819045,0,0,0.523598776,0,0,0.975000262,0.221614629,0.016174877,1.66E-05,0.447112984,0.03153888,0.007205207,0.003898889,-0.007018447,-0.000163913,0.150887702,-0.014434504,0.00347548,0.161846682,0.132977694,0.139928654,0.168797642,-0.139928654,-0.168797642,-0.161846682,-0.132977694,0.076485792,0.03153888,0.007205207
57.35183001,0.965925826,0.258819045,0,0,0.523598776,0,0,0.974989176,0.221662134,0.016191669,3.93E-05,0.447211479,0.031561226,0.007258424,0.004152209,0.002863258,0.000201911,0.149294992,-0.011700666,0.004122109,0.156873509,0.133472189,0.141716406,0.165117726,-0.141716406,-0.165117726,-0.156873509,-0.133472189,0.076387297,0.031561226,0.007258424
57.39985013,0.965925826,0.258819045,0,0,0.523598776,0,0,0.974985361,0.221678227,0.016202182,2.71E-05,0.447244361,0.031586997,0.007239918,0.0012137,-0.000241399,-0.001716614,0.149207054,-0.014580351,0.004039643,0.15974772,0.130587041,0.138666317,0.16782701,-0.138666317,-0.16782701,-0.15974772,-0.130587041,0.076354415,0.031586997,0.007239918
57.45069003,0.965925826,0.258819045,0,0,0.523598776,0,0,0.974991322,0.221651882,0.016198756,1.35E-05,0.447189872,0.031586576,0.007210882,0.003690273,-0.001122058,0.002261251,0.149303035,-0.013430537,0.003650666,0.15908286,0.132221803,0.139523134,0.16638419,-0.139523134,-0.16638419,-0.15908286,-0.132221803,0.076408904,0.031586576,0.007210882
57.49976015,0.965925826,0.258819045,0,0,0.523598776,0,0,0.974998891,0.221618697,0.0161955,-1.50E-06,0.447121289,0.031587108,0.007179167,0.001000613,-0.003236532,0.003319234,0.149844776,-0.012813808,0.003451641,0.159206897,0.133579299,0.14048259,0.166110188,-0.14048259,-0.166110188,-0.159206897,-0.133579299,0.076477487,0.031587108,0.007179167
57.5497601,0.965925826,0.258819045,0,0,0.523598776,0,0,0.974986732,0.221671522,0.016208066,-2.34E-05,0.447229277,0.031620925,0.007143794,0.000765175,0.003758818,0.00069961,0.149847713,-0.014837543,0.004000245,0.160684973,0.131009907,0.139010385,0.168685466,-0.139010385,-0.168685466,-0.160684973,-0.131009907,0.076369499,0.031620925,0.007143794
57.60194993,0.965925826,0.258819045,0,0,0.523598776,0,0,0.974997282,0.221625149,0.016204339,-8.81E-07,0.447134733,0.031604024,0.007184509,-0.004406273,0.003416091,0.000891835,0.14987497,-0.013373154,0.003691995,0.159556091,0.132809803,0.14019379,0.166940078,-0.14019379,-0.166940078,-0.159556091,-0.132809803,0.076464043,0.031604024,0.007184509
57.65188003,0.965925826,0.258819045,0,0,0.523598776,0,0,0.975003183,0.221601024,0.016183468,-2.10E-05,0.447084169,0.031572419,0.007135185,-0.003056228,-0.000105798,0.000598282,0.150876101,-0.014740889,0.003943473,0.161673471,0.132191718,0.140078664,0.169560418,-0.140078664,-0.169560418,-0.161673471,-0.132191718,0.076514607,0.031572419,0.007135185
57.69967008,0.965925826,0.258819045,0,0,0.523598776,0,0,0.975002944,0.221601456,0.016189318,-3.37E-05,0.447084829,0.031589445,0.007113084,0.000637025,0.00378564,0.002517551,0.150637312,-0.013698488,0.004011746,0.160324007,0.13292706,0.140950546,0.168347508,-0.140950546,-0.168347508,-0.160324007,-0.13292706,0.076513947,0.031589445,0.007113084
57.75146008,0.965925826,0.258819045,0,0,0.523598776,0,0,0.975001991,0.221606717,0.016171347,-6.38E-05,0.447094384,0.031567705,0.007046557,0.000465661,0.002584607,0.001744181,0.149956736,-0.014457654,0.003817903,0.160596445,0.131681159,0.139316961,0.168232247,-0.139316961,-0.168232247,-0.160596445,-0.131681159,0.076504392,0.031567705,0.007046557
57.80067015,0.965925826,0.258819045,0,0,0.523598776,0,0,0.975014329,0.221554145,0.016150877,-7.42E-05,0.44698576,0.031532769,0.007015468,0.001285225,-0.001583994,-0.000602007,0.149843675,-0.013226999,0.004287423,0.158783212,0.132329226,0.140904069,0.167358056,-0.140904069,-0.167358056,-0.158783212,-0.132329226,0.076613016,0.031532769,0.007015468
57.85062003,0.965925826,0.258819045,0,0,0.523598776,0,0,0.975013137,0.221559316,0.016154189,-5.23E-05,0.446997061,0.031529495,0.007059771,0.004897267,0.004208833,0.004234165,0.149144553,-0.014920766,0.003307565,0.158783212,0.132329226,0.140904069,0.167358056,-0.140904069,-0.167358056,-0.158783212,-0.132329226,0.076601715,0.031529495,0.007059771
57.90164995,0.965925826,0.258819045,0,0,0.523598776,0,0,0.975017726,0.221538648,0.016159056,-2.82E-05,0.446955475,0.031528448,0.007108311,0.001690537,-0.003179908,0.003581495,0.149776905,-0.012792335,0.003414301,0.159154892,0.133570239,0.140398845,0.165983498,-0.140398845,-0.165983498,-0.159154892,-0.133570239,0.076643301,0.031528448,0.007108311
57.9519701,0.965925826,0.258819045,0,0,0.523598776,0,0,0.975012004,0.221564531,0.016153509,-6.10E-05,0.447007476,0.031531971,0.007042736,0.000987202,0.001009554,0.001204759,0.149784618,-0.013248735,0.003998539,0.159034774,0.13253732,0.140534401,0.167031854,-0.140534401,-0.167031854,-0.159034774,-0.13253732,0.0765913,0.031531971,0.007042736
58.0014801,0.965925826,0.258819045,0,0,0.523598776,0,0,0.975016415,0.221544906,0.016147181,-6.43E-05,0.446967048,0.031521235,0.00703287,0.000312179,-0.002731383,0.000157207,0.149891354,-0.013986411,0.003917977,0.159959748,0.131986946,0.1398229,0.167795703,-0.1398229,-0.167795703,-0.159959748,-0.131986946,0.076631728,0.031521235,0.00703287
58.05180001,0.965925826,0.258819045,0,0,0.523598776,0,0,0.975017369,0.221540242,0.016159821,-8.71E-05,0.446957034,0.031556041,0.006993782,-0.002534688,-0.000302494,0.001952797,0.150585365,-0.013606368,0.003793507,0.160398185,0.133185461,0.140772477,0.167985201,-0.140772477,-0.167985201,-0.160398185,-0.133185461,0.076641742,0.031556041,0.006993782
58.1022501,0.965925826,0.258819045,0,0,0.523598776,0,0,0.975011766,0.221567303,0.016125493,-0.000111218,0.447011135,0.031499582,0.00693238,0.003097207,-0.004115701,-0.000172853,0.14948573,-0.012464354,0.004225015,0.157725021,0.132796332,0.141246364,0.166175053,-0.141246364,-0.166175053,-0.157725021,-0.132796332,0.076587641,0.031499582,0.00693238
58.14933014,0.965925826,0.258819045,0,0,0.523598776,0,0,0.97501117,0.221571296,0.016106782,-0.000124426,0.447018548,0.031468916,0.006898437,0.000172108,0.00159666,-0.000606477,0.150042519,-0.014096349,0.004322845,0.159815982,0.131623298,0.140268996,0.168461666,-0.140268996,-0.168461666,-0.159815982,-0.131623298,0.076580228,0.031468916,0.006898437
58.19776011,0.965925826,0.258819045,0,0,0.523598776,0,0,0.975008011,0.22158514,0.016111033,-0.00015947,0.447045992,0.031492644,0.006832402,0.001574308,0.00340119,0.00160709,0.149761197,-0.014617096,0.003913394,0.160464853,0.131230682,0.139057472,0.168291643,-0.139057472,-0.168291643,-0.160464853,-0.131230682,0.076552784,0.031492644,0.006832402
58.24786997,0.965925826,0.258819045,0,0,0.523598776,0,0,0.975000918,0.221617192,0.016096195,-0.000151475,0.447111702,0.031459936,0.00684245,-0.000607967,-0.003018975,-0.000858307,0.149660072,-0.014079322,0.004293427,0.159445927,0.131287292,0.13987416,0.16803278,-0.13987416,-0.16803278,-0.159445927,-0.131287292,0.076487074,0.031459936,0.00684245
58.29822016,0.965925826,0.258819045,0,0,0.523598776,0,0,0.9749856,0.221685424,0.016089167,-0.000151814,0.447251508,0.031445898,0.006840869,-0.002120435,-0.000709295,0.003194064,0.150140899,-0.012745444,0.004385845,0.158500463,0.133009583,0.141781271,0.167272151,-0.141781271,-0.167272151,-0.158500463,-0.133009583,0.076347268,0.031445898,0.006840869
58.34891009,0.965925826,0.258819045,0,0,0.523598776,0,0,0.974972606,0.22174269,0.016084129,-0.000131098,0.447369527,0.031426479,0.006880893,0.005938858,-0.002704561,0.003506989,0.150388036,-0.013414747,0.00358135,0.160221398,0.133391917,0.140554607,0.167384088,-0.140554607,-0.167384088,-0.160221398,-0.133391917,0.076229249,0.031426479,0.006880893
58.39815998,0.965925826,0.258819045,0,0,0.523598776,0,0,0.974961042,0.221794382,0.016074164,-0.000150542,0.447474802,0.031415307,0.006840201,-0.000283122,-0.001701713,-0.000467896,0.149949994,-0.013109041,0.004303922,0.158755079,0.132537007,0.141144857,0.167362913,-0.141144857,-0.167362913,-0.158755079,-0.132537007,0.076123974,0.031415307,0.006840201
58.44800997,0.965925826,0.258819045,0,0,0.523598776,0,0,0.974948108,0.221851543,0.01606244,-0.000154116,0.447591792,0.031393631,0.006829864,0.005044788,0.001262874,0.000146776,0.148882275,-0.013957617,0.00418104,0.158658817,0.130743593,0.139105678,0.167020887,-0.139105678,-0.167020887,-0.158658817,-0.130743593,0.076006984,0.031393631,0.006829864
58.49843001,0.965925826,0.258819045,0,0,0.523598776,0,0,0.974935949,0.221905902,0.016054969,-0.000165924,0.447702792,0.03138392,0.006805257,0.003159791,-0.000737608,0.002450496,0.149198696,-0.01337394,0.003728231,0.158844367,0.132096499,0.139552966,0.166300833,-0.139552966,-0.166300833,-0.158844367,-0.132096499,0.075895984,0.03138392,0.006805257
58.54889011,0.965925826,0.258819045,0,0,0.523598776,0,0,0.974908412,0.222027913,0.016034454,-0.000210606,0.447951463,0.031362912,0.006712902,0.005409866,0.002323836,-3.73E-05,0.149410657,-0.013902963,0.003320313,0.159993261,0.132187352,0.13882798,0.166633889,-0.13882798,-0.166633889,-0.159993261,-0.132187352,0.075647313,0.031362912,0.006712902
58.60001993,0.965925826,0.258819045,0,0,0.523598776,0,0,0.97488904,0.222115159,0.016005825,-0.000206522,0.448129999,0.031304663,0.00671094,0.006125124,-0.000523031,0.002167374,0.148669659,-0.014226497,0.004257415,0.158638701,0.130185723,0.13870056,0.167153522,-0.13870056,-0.167153522,-0.158638701,-0.130185723,0.075468777,0.031304663,0.00671094
58.64980006,0.965925826,0.258819045,0,0,0.523598776,0,0,0.974877834,0.222164273,0.016005434,-0.000206469,0.448230785,0.031303539,0.006712445,0.004754215,0.000911206,0.003678351,0.14846153,-0.013384371,0.003803446,0.158042416,0.131273687,0.138880581,0.16564931,-0.138880581,-0.16564931,-0.158042416,-0.131273687,0.075367991,0.031303539,0.006712445
58.69987011,0.965925826,0.258819045,0,0,0.523598776,0,0,0.974866033,0.22221671,0.015999436,-0.000206041,0.448338252,0.03129129,0.006712294,0.003065914,0.001882762,-0.000144541,0.148966653,-0.014070973,0.004263381,0.158774197,0.130632281,0.139159039,0.167300969,-0.139159039,-0.167300969,-0.158774197,-0.130632281,0.075260524,0.03129129,0.006712294
58.74985003,0.965925826,0.258819045,0,0,0.523598776,0,0,0.97485739,0.222254813,0.015991138,-0.000204286,0.44841636,0.031274067,0.00671325,0.005085022,0.003085285,-0.000916421,0.148549216,-0.014411188,0.004413334,0.158547029,0.129724666,0.13855134,0.167373702,-0.13855134,-0.167373702,-0.158547029,-0.129724666,0.075182416,0.031274067,0.00671325
58.80012012,0.965925826,0.258819045,0,0,0.523598776,0,0,0.974835992,0.22235024,0.015978806,-0.000229088,0.448611137,0.03126039,0.006662439,0.000218302,0.002069026,0.002080947,0.149403371,-0.014105894,0.003833067,0.159676149,0.131464392,0.139130518,0.16734229,-0.139130518,-0.16734229,-0.159676149,-0.131464392,0.074987639,0.03126039,0.006662439
58.84740996,0.965925826,0.258819045,0,0,0.523598776,0,0,0.97482574,0.222393602,0.01599741,-0.000219974,0.448700797,0.031292319,0.006689894,0.005101412,0.002745539,0.004351884,0.148431505,-0.014324654,0.003375321,0.159380794,0.130731508,0.137482151,0.166131437,-0.137482151,-0.166131437,-0.159380794,-0.130731508,0.074897979,0.031292319,0.006689894
58.89829993,0.965925826,0.258819045,0,0,0.523598776,0,0,0.974808395,0.222469792,0.015995938,-0.000213445,0.448857301,0.031286019,0.006704421,0.0050582,0.002478808,0.001794845,0.148136611,-0.012775911,0.003978366,0.156934112,0.131382316,0.139339045,0.164890841,-0.139339045,-0.164890841,-0.156934112,-0.131382316,0.074741475,0.031286019,0.006704421
58.95052004,0.965925826,0.258819045,0,0,0.523598776,0,0,0.974803448,0.222490847,0.015999896,-0.000155247,0.448902315,0.031267687,0.006820377,0.00635609,-0.005374849,0.001751631,0.148379602,-0.014243601,0.003877945,0.158745214,0.130258039,0.138013929,0.166501105,-0.138013929,-0.166501105,-0.158745214,-0.130258039,0.074696461,0.031267687,0.006820377
58.99800014,0.965925826,0.258819045,0,0,0.523598776,0,0,0.9748016,0.222499758,0.015992491,-0.000124851,0.448921298,0.031239648,0.00687665,0.00250265,-0.002402067,0.000672787,0.148846746,-0.012849903,0.004021199,0.157675415,0.131975621,0.140018016,0.16571781,-0.140018016,-0.16571781,-0.157675415,-0.131975621,0.074677478,0.031239648,0.00687665
59.04834008,0.965925826,0.258819045,0,0,0.523598776,0,0,0.974802613,0.222495571,0.015992356,-0.000115722,0.448912942,0.03123535,0.006894262,0.002277642,-0.003010035,-0.000454485,0.148893934,-0.012674178,0.004237827,0.157330245,0.131981909,0.140457556,0.165805891,-0.140457556,-0.165805891,-0.157330245,-0.131981909,0.074685834,0.03123535,0.006894262
59.09885001,0.965925826,0.258819045,0,0,0.523598776,0,0,0.97480607,0.222481534,0.01597511,-0.000137114,0.448883168,0.031211343,0.006844401,-0.003243983,-0.001627207,0.000622124,0.14996253,-0.013055416,0.004039916,0.158977985,0.132867172,0.140946999,0.167057827,-0.140946999,-0.167057827,-0.158977985,-0.132867172,0.074715608,0.031211343,0.006844401
59.14962006,0.965925826,0.258819045,0,0,0.523598776,0,0,0.974825382,0.222398773,0.015949342,-0.000158504,0.448712172,0.031171193,0.006788549,-0.009055437,0.007794053,0.000695139,0.151141732,-0.015752494,0.004046459,0.162847728,0.131342754,0.139435679,0.170940638,-0.139435679,-0.170940638,-0.162847728,-0.131342754,0.074886604,0.031171193,0.006788549
59.19865012,0.965925826,0.258819045,0,0,0.523598776,0,0,0.974834561,0.222358286,0.015950045,-0.000177711,0.448628569,0.031181391,0.006750104,0.001239032,-0.004374981,0.001589209,0.149279108,-0.014219796,0.003769761,0.159729108,0.131289527,0.138829052,0.167268619,-0.138829052,-0.167268619,-0.159729108,-0.131289527,0.074970207,0.031181391,0.006750104
59.24987006,0.965925826,0.258819045,0,0,0.523598776,0,0,0.974848509,0.222296923,0.015957303,-0.000160279,0.44850327,0.031188215,0.006785374,-0.001640618,0.004956871,0.003542751,0.149202562,-0.012230092,0.003874726,0.15755789,0.133097723,0.140847176,0.165307343,-0.140847176,-0.165307343,-0.15755789,-0.133097723,0.075095506,0.031188215,0.006785374
59.29977012,0.965925826,0.258819045,0,0,0.523598776,0,0,0.974862993,0.22223106,0.015988441,-0.00013611,0.448369474,0.031238651,0.006844271,-0.003060699,0.000820309,0.000523776,0.150129318,-0.013773533,0.004067502,0.159835309,0.132288262,0.140423268,0.167970315,-0.140423268,-0.167970315,-0.159835309,-0.132288262,0.075229302,0.031238651,0.006844271
59.34983015,0.965925826,0.258819045,0,0,0.523598776,0,0,0.974873602,0.222183153,0.016004696,-0.000120343,0.448271983,0.031263679,0.006880726,-0.001746416,0.004511327,0.001298636,0.14991542,-0.014860531,0.003906236,0.160869673,0.131148636,0.138961107,0.168682143,-0.138961107,-0.168682143,-0.160869673,-0.131148636,0.075326793,0.031263679,0.006880726
59.39990997,0.965925826,0.258819045,0,0,0.523598776,0,0,0.974887013,0.222124875,0.016003242,-0.000119399,0.448152344,0.031260831,0.00688005,-0.006255507,0.002012402,-0.002478063,0.150828613,-0.014128881,0.004658855,0.160298601,0.132040858,0.141358554,0.169616312,-0.141358554,-0.169616312,-0.160298601,-0.132040858,0.075446432,0.031260831,0.00688005
59.45160007,0.965925826,0.258819045,0,0,0.523598776,0,0,0.974911273,0.222016066,0.016029613,-4.28E-05,0.447931886,0.031279025,0.007037616,-0.002577901,0.00314042,0.001046807,0.150347423,-0.014668259,0.003247151,0.161768496,0.132431984,0.138926297,0.168262795,-0.138926297,-0.168262795,-0.161768496,-0.132431984,0.07566689,0.031279025,0.007037616
59.49978995,0.965925826,0.258819045,0,0,0.523598776,0,0,0.974932849,0.221918404,0.016066642,4.98E-05,0.447734978,0.031310829,0.007231587,0.001273304,-0.004637241,0.000331551,0.150277648,-0.015090513,0.002759051,0.162609071,0.132428065,0.137946159,0.168127164,-0.137946159,-0.168127164,-0.162609071,-0.132428065,0.075863798,0.031310829,0.007231587
59.55071998,0.965925826,0.258819045,0,0,0.523598776,0,0,0.974950671,0.221841797,0.016046943,5.10E-05,0.447577377,0.031272442,0.007222717,0.003071875,-0.005717577,0.00070557,0.149552804,-0.012308578,0.003964693,0.157896653,0.133279502,0.141208887,0.165826038,-0.141208887,-0.165826038,-0.157896653,-0.133279502,0.076021399,0.031272442,0.007222717
59.60071993,0.965925826,0.258819045,0,0,0.523598776,0,0,0.974954009,0.22182624,0.016058348,6.57E-05,0.447546133,0.03128824,0.007256122,-0.003546477,-0.00025928,0.001292676,0.150549917,-0.013573146,0.00376278,0.160360247,0.133213967,0.14073953,0.167885795,-0.14073953,-0.167885795,-0.160360247,-0.133213967,0.076052643,0.03128824,0.007256122
59.64976001,0.965925826,0.258819045,0,0,0.523598776,0,0,0.974964261,0.221779361,0.01608704,6.51E-05,0.447450512,0.031344833,0.007266106,-0.001908839,0.005482882,-0.000347197,0.150274156,-0.015255172,0.004101856,0.161427423,0.130917102,0.139120817,0.169631138,-0.139120817,-0.169631138,-0.161427423,-0.130917102,0.076148264,0.031344833,0.007266106
59.69936013,0.965925826,0.258819045,0,0,0.523598776,0,0,0.974982858,0.221700549,0.016046023,2.52E-05,0.447286777,0.031283121,0.007167515,-0.002233684,-0.001235306,-0.001053512,0.150400789,-0.013264656,0.004263664,0.159401745,0.132872447,0.141399771,0.167929068,-0.141399771,-0.167929068,-0.159401745,-0.132872447,0.076311999,0.031283121,0.007167515
59.75,0.965925826,0.258819045,0,0,0.523598776,0,0,0.974990904,0.221664041,0.016052436,-1.54E-05,0.447210897,0.031313904,0.007090011,0.001806766,0.002529472,0.002016872,0.149653823,-0.014354394,0.00369005,0.160318121,0.13160935,0.138989449,0.167698219,-0.138989449,-0.167698219,-0.160318121,-0.13160935,0.076387879,0.031313904,0.007090011
59.80034995,0.965925826,0.258819045,0,0,0.523598776,0,0,0.975005805,0.221598923,0.016052624,-7.07E-06,0.447077491,0.031311051,0.007104241,-0.002862513,0.000900775,0.00186339,0.149734875,-0.014282858,0.003956771,0.160060927,0.131495222,0.139408767,0.167974457,-0.139408767,-0.167974457,-0.160060927,-0.131495222,0.076521285,0.031311051,0.007104241
59.85161996,0.965925826,0.258819045,0,0,0.523598776,0,0,0.975019097,0.221539959,0.016056454,-3.54E-05,0.446955791,0.031331523,0.007048719,-0.002834201,0.002399832,0.001252443,0.150601383,-0.013884626,0.003714743,0.160771221,0.133001983,0.140431479,0.168200716,-0.140431479,-0.168200716,-0.160771221,-0.133001983,0.076642985,0.031331523,0.007048719
59.89945006,0.965925826,0.258819045,0,0,0.523598776,0,0,0.975025415,0.221513361,0.016041368,-2.73E-05,0.446901122,0.031298706,0.007056944,-0.000984967,-0.003729761,0.0005804,0.150643456,-0.014312564,0.003864087,0.161091894,0.132466778,0.140194952,0.168820068,-0.140194952,-0.168820068,-0.161091894,-0.132466778,0.076697654,0.031298706,0.007056944
59.95015001,0.965925826,0.258819045,0,0,0.523598776,0,0,0.975034297,0.221472993,0.01605613,-2.18E-05,0.446818793,0.031325344,0.007072973,-0.003053248,-0.004297495,-0.000761449,0.150741194,-0.01237437,0.0042504,0.158865124,0.134116396,0.142617196,0.167365924,-0.142617196,-0.167365924,-0.158865124,-0.134116396,0.076779983,0.031325344,0.007072973
60.00055003,0.965925826,0.258819045,0,0,0.523598776,0,0,0.975045502,0.221424267,0.016045542,-4.03E-05,0.446718077,0.031313254,0.007030579,-0.004023314,-0.000943244,-0.000676513,0.150965854,-0.013330592,0.004250155,0.16004625,0.133385077,0.141885385,0.168546557,-0.141885385,-0.168546557,-0.16004625,-0.133385077,0.076880699,0.031313254,0.007030579
