time,ref_qw,ref_qx,ref_qy,ref_qz,ref_phi,ref_theta,ref_psi,qw,qx,qy,qz,phi,theta,psi,p,q,r,u_4,u_5,u_6,m_1,m_2,m_3,m_4,m_5,m_6,m_7,m_8,phi_error,theta_error,psi_error
0,0.965925826,0.258819045,0,0,0.523598776,0,0,0.999348044,0.019099157,-0.005882112,-0.030069465,0.03853886,-0.01060815,-0.060364452,0.003733486,-0.005403162,0.00160113,0.268466222,0.035393811,0.037168688,0.195903689,0.266691267,0.341028631,0.270241052,-0.341028631,-0.270241052,-0.195903689,-0.266691267,0.485059916,0.01060815,0.060364452
0.049889803,0.965925826,0.258819045,0,0,0.523598776,0,0,0.999340892,0.019661194,-0.005867047,-0.029952077,0.03966052,-0.010548765,-0.060134938,0.06656871,0.017165393,0.007834285,0.260004246,0.03550054,0.033935343,0.190568328,0.261569351,0.329440057,0.258439004,-0.329440057,-0.258439004,-0.190568328,-0.261569351,0.483938256,0.010548765,0.060134938
0.101119995,0.965925826,0.258819045,0,0,0.523598776,0,0,0.999232948,0.024621448,-0.005417407,-0.029967867,0.049552255,-0.009350933,-0.060195498,0.183021277,0.038438283,0.009679048,0.255238504,0.02569546,0.036054666,0.190568328,0.261569351,0.329440057,0.258439004,-0.329440057,-0.258439004,-0.190568328,-0.261569351,0.474046521,0.009350933,0.060195498
0.150059938,0.965925826,0.258819045,0,0,0.523598776,0,0,0.999157131,0.02833526,-0.004436808,-0.02937061,0.056915567,-0.00720175,-0.05897885,0.229398176,0.063199557,0.042181462,0.217586891,0.003353584,0.029652178,0.184581086,0.191288248,0.250592589,0.243885443,-0.250592589,-0.243885443,-0.184581086,-0.191288248,0.466683209,0.00720175,0.05897885
0.200009823,0.965925826,0.258819045,0,0,0.523598776,0,0,0.999043763,0.033859674,-0.003454399,-0.027443694,0.067897213,-0.005043744,-0.055097405,0.191823408,0.03066585,0.125553459,0.223076485,0.011355031,0.011655709,0.200065702,0.222775757,0.246087164,0.223377123,-0.246087164,-0.223377123,-0.200065702,-0.222775757,0.455701563,0.005043744,0.055097405
0.249929905,0.965925826,0.258819045,0,0,0.523598776,0,0,0.998984218,0.037372045,-0.00331975,-0.024956707,0.074904743,-0.004767408,-0.050132411,0.215096071,0.021318352,0.130205601,0.216713116,0.011778082,0.007546041,0.197388947,0.220945105,0.23603718,0.212481037,-0.23603718,-0.212481037,-0.197388947,-0.220945105,0.448694033,0.004767408,0.050132411
0.299870014,0.965925826,0.258819045,0,0,0.523598776,0,0,0.9987818,0.04438607,-0.003333963,-0.021304203,0.088924194,-0.0047686,-0.042866069,0.259432942,0.043163441,0.156267747,0.204305982,2.36E-05,-0.002069906,0.206352219,0.206399471,0.20225966,0.202212408,-0.20225966,-0.202212408,-0.206352219,-0.206399471,0.434674582,0.0047686,0.042866069
0.35153985,0.965925826,0.258819045,0,0,0.523598776,0,0,0.99824059,0.05743248,-0.003085372,-0.014416269,0.115006329,-0.004503977,-0.029140627,0.353292376,0.02572313,0.176329181,0.184334259,0.006317679,-0.008797218,0.186813757,0.199449107,0.18185468,0.16921933,-0.18185468,-0.16921933,-0.186813757,-0.199449107,0.408592447,0.004503977,0.029140627
0.401839972,0.965925826,0.258819045,0,0,0.523598776,0,0,0.997832298,0.064806573,-0.002794697,-0.011098012,0.12975913,-0.004138841,-0.02251223,0.382637203,0.015426428,0.155904144,0.178680371,-0.000895035,-0.014819739,0.186813757,0.199449107,0.18185468,0.16921933,-0.18185468,-0.16921933,-0.186813757,-0.199449107,0.393839646,0.004138841,0.02251223
0.451169968,0.965925826,0.258819045,0,0,0.523598776,0,0,0.997175157,0.074692905,-0.00263536,-0.007475173,0.14956143,-0.004139157,-0.015302524,0.413464814,0.03496334,0.139740855,0.169064181,0.000388775,-0.015297185,0.183972552,0.18475011,0.154155731,0.153378189,-0.154155731,-0.153378189,-0.183972552,-0.18475011,0.374037346,0.004139157,0.015302524
0.500059843,0.965925826,0.258819045,0,0,0.523598776,0,0,0.996543109,0.082901627,-0.002306801,-0.004903158,0.166015405,-0.003784703,-0.010155136,0.429716051,0.032547873,0.116480164,0.150557137,-0.009422587,-0.015950855,0.175930545,0.157085374,0.125183672,0.144028828,-0.125183672,-0.144028828,-0.175930545,-0.157085374,0.357583371,0.003784703,0.010155136
0.549880028,0.965925826,0.258819045,0,0,0.523598776,0,0,0.995800316,0.091483593,-0.002106847,-0.002837075,0.183235612,-0.003676915,-0.006035882,0.427306443,0.01687929,0.089717656,0.146992229,-0.004939334,-0.013584445,0.165515974,0.155637309,0.128468424,0.138347089,-0.128468424,-0.138347089,-0.165515974,-0.155637309,0.340363164,0.003676915,0.006035882
0.601109982,0.965925826,0.258819045,0,0,0.523598776,0,0,0.994955838,0.100289196,-0.001916646,-0.001260794,0.200921808,-0.003561075,-0.002893328,0.451479226,0.019466136,0.064451262,0.137590983,-0.006389879,-0.010893662,0.154874489,0.142094746,0.120307416,0.133087173,-0.120307416,-0.133087173,-0.154874489,-0.142094746,0.322676968,0.003561075,0.002893328
0.651479959,0.965925826,0.258819045,0,0,0.523598776,0,0,0.992759526,0.120108478,-0.001595129,0.000147392,0.240798746,-0.00320257,-9.05E-05,0.443927288,-0.000451505,0.003188104,0.132045327,-0.002041166,-0.005488239,0.139574707,0.13549237,0.124515891,0.128598228,-0.124515891,-0.128598228,-0.139574707,-0.13549237,0.28280003,0.00320257,0.0000905
0.702059984,0.965925826,0.258819045,0,0,0.523598776,0,0,0.991672218,0.128777862,-0.001609517,-1.59E-05,0.258273994,-0.00318815,-0.000445981,0.439622253,0.002180785,-0.017620625,0.129599753,0.000867672,-0.001146371,0.129878417,0.131613761,0.129321024,0.127585679,-0.129321024,-0.127585679,-0.129878417,-0.131613761,0.265324782,0.00318815,0.000445981
0.74980998,0.965925826,0.258819045,0,0,0.523598776,0,0,0.990514994,0.137396067,-0.001531884,-0.000496664,0.2756665,-0.002898232,-0.001404862,0.428635687,0.003940612,-0.027373439,0.126273058,0.000717377,0.002930737,0.122624919,0.12405967,0.129921138,0.128486395,-0.129921138,-0.128486395,-0.122624919,-0.12405967,0.247932276,0.002898232,0.001404862
0.799849987,0.965925826,0.258819045,0,0,0.523598776,0,0,0.988743603,0.149604008,-0.00148844,-0.001681697,0.300340838,-0.002440196,-0.003770906,0.399825722,-0.003798306,-0.043231253,0.124562168,0.004752239,0.009906642,0.109903261,0.119407736,0.139221013,0.129716545,-0.139221013,-0.129716545,-0.109903261,-0.119407736,0.223257938,0.002440196,0.003770906
0.849829912,0.965925826,0.258819045,0,0,0.523598776,0,0,0.987549722,0.157280445,-0.001361309,-0.002592986,0.315878969,-0.00187307,-0.005549656,0.373507321,0.011802468,-0.045429178,0.126429196,0.000416401,0.011366933,0.109903261,0.119407736,0.139221013,0.129716545,-0.139221013,-0.129716545,-0.109903261,-0.119407736,0.207719807,0.00187307,0.005549656
0.900839806,0.965925826,0.258819045,0,0,0.523598776,0,0,0.986370027,0.164501026,-0.001157946,-0.003528254,0.330510639,-0.001123523,-0.007341363,0.357876033,0.005828589,-0.046972942,0.126188459,0.00311642,0.012919393,0.110152617,0.116385452,0.142224237,0.135991409,-0.142224237,-0.135991409,-0.110152617,-0.116385452,0.193088137,0.001123523,0.007341363
0.950449944,0.965925826,0.258819045,0,0,0.523598776,0,0,0.984157562,0.177213937,-0.000544398,-0.00536494,0.356310493,0.000829938,-0.010753053,0.291640341,0.015030059,-0.041884184,0.129887625,0.001990725,0.014385403,0.110152617,0.116385452,0.142224237,0.135991409,-0.142224237,-0.135991409,-0.110152617,-0.116385452,0.167288283,0.000829938,0.010753053
1.000869989,0.965925826,0.258819045,0,0,0.523598776,0,0,0.982939005,0.183822259,-6.16E-05,-0.006337233,0.36974089,0.00220884,-0.012481213,0.247014359,0.016366694,-0.04017204,0.134158405,0.001481832,0.014233886,0.118442662,0.121406324,0.149874091,0.146910429,-0.149874091,-0.146910429,-0.118442662,-0.121406324,0.153857886,0.00220884,0.012481213
1.049889803,0.965925826,0.258819045,0,0,0.523598776,0,0,0.982061207,0.188437432,0.000367279,-0.006869971,0.379128597,0.003310506,-0.013355514,0.218570992,0.020784885,-0.027157366,0.140501543,0.00188729,0.015113949,0.123500273,0.127274856,0.157502756,0.153728172,-0.157502756,-0.153728172,-0.123500273,-0.127274856,0.144470179,0.003310506,0.013355514
1.09992981,0.965925826,0.258819045,0,0,0.523598776,0,0,0.981245399,0.192629918,0.000845743,-0.007125412,0.387663082,0.004404911,-0.013658278,0.207439855,0.019437823,-0.011232497,0.144624896,0.000206985,0.010836737,0.133581147,0.133995116,0.155668586,0.155254617,-0.155668586,-0.155254617,-0.133581147,-0.133995116,0.135935694,0.004404911,0.013658278
1.150929928,0.965925826,0.258819045,0,0,0.523598776,0,0,0.980494082,0.196415931,0.001309579,-0.007117154,0.395376995,0.005363938,-0.013442806,0.186640784,0.025897477,0.004721433,0.147216855,-0.002593506,0.007865894,0.141944438,0.136757419,0.152489215,0.15767622,-0.152489215,-0.15767622,-0.141944438,-0.136757419,0.128221781,0.005363938,0.013442806
1.200949907,0.965925826,0.258819045,0,0,0.523598776,0,0,0.979607105,0.200806215,0.0018819,-0.006601168,0.404332657,0.006338197,-0.01217785,0.175975993,0.022342052,0.02369806,0.147304708,-0.003146289,0.003897672,0.146553293,0.140260711,0.14805606,0.154348642,-0.14805606,-0.154348642,-0.146553293,-0.140260711,0.119266119,0.006338197,0.01217785
1.252189875,0.965925826,0.258819045,0,0,0.523598776,0,0,0.978252053,0.20734185,0.002800711,-0.004946375,0.417688722,0.007530856,-0.008516538,0.172213465,0.034723435,0.044143945,0.147941898,-0.009646502,-1.94E-05,0.157607764,0.138314769,0.138275966,0.157568961,-0.138275966,-0.157568961,-0.157607764,-0.138314769,0.105910054,0.007530856,0.008516538
1.300839901,0.965925826,0.258819045,0,0,0.523598776,0,0,0.97753948,0.210690841,0.003281895,-0.003943342,0.424543256,0.008078101,-0.006326861,0.176843271,0.030266497,0.045716021,0.144768865,-0.010036106,-0.001912924,0.156717852,0.13664566,0.132819802,0.152892008,-0.132819802,-0.152892008,-0.156717852,-0.13664566,0.09905552,0.008078101,0.006326861
1.349740028,0.965925826,0.258819045,0,0,0.523598776,0,0,0.976617575,0.214933395,0.003865613,-0.002672951,0.433236566,0.008699571,-0.003559344,0.174865916,0.033133481,0.044635683,0.142029262,-0.010089125,-0.003310046,0.155428395,0.135250151,0.128630072,0.1488083,-0.128630072,-0.1488083,-0.155428395,-0.135250151,0.09036221,0.008699571,0.003559344
1.400789976,0.965925826,0.258819045,0,0,0.523598776,0,0,0.975863278,0.218332857,0.00433903,-0.001723841,0.440209631,0.00922147,-0.001469823,0.170918569,0.034167621,0.041360408,0.13934276,-0.013950385,-0.005217238,0.158510342,0.130609587,0.120175116,0.148075864,-0.120175116,-0.148075864,-0.158510342,-0.130609587,0.083389145,0.00922147,0.001469823
1.449919939,0.965925826,0.258819045,0,0,0.523598776,0,0,0.975096643,0.221726447,0.00483796,-0.000855271,0.447177047,0.009814385,0.000477487,0.182586193,0.034410506,0.037146371,0.134999358,-0.015054019,-0.005482592,0.155535936,0.125427917,0.114462726,0.144570753,-0.114462726,-0.144570753,-0.155535936,-0.125427917,0.076421729,0.009814385,0.000477487
1.500890017,0.965925826,0.258819045,0,0,0.523598776,0,0,0.974330127,0.225061253,0.005356065,-0.000103753,0.454029904,0.01048404,0.002208828,0.167281196,0.028435146,0.030525777,0.136599969,-0.014056669,-0.005070154,0.155726761,0.127613425,0.117473125,0.145586446,-0.117473125,-0.145586446,-0.155726761,-0.127613425,0.069568872,0.01048404,0.002208828
1.549819946,0.965925826,0.258819045,0,0,0.523598776,0,0,0.973253071,0.229652658,0.006144693,0.000775779,0.463475709,0.011604621,0.004332652,0.150278971,0.032433122,0.017946213,0.13790302,-0.016136006,-0.003886489,0.155726761,0.127613425,0.117473125,0.145586446,-0.117473125,-0.145586446,-0.155726761,-0.127613425,0.060123067,0.011604621,0.004332652
1.599749804,0.965925826,0.258819045,0,0,0.523598776,0,0,0.972000718,0.234865308,0.007166154,0.001359503,0.474212718,0.013292801,0.006009604,0.118049234,0.022841247,0.001806766,0.139849902,-0.016044461,-0.00301245,0.158906773,0.126817867,0.12079297,0.152881876,-0.12079297,-0.152881876,-0.158906773,-0.126817867,0.049386058,0.013292801,0.006009604
1.650729895,0.965925826,0.258819045,0,0,0.523598776,0,0,0.971503973,0.236895382,0.007678451,0.001405215,0.478398213,0.014253991,0.006369012,0.100532927,0.020926446,-0.006939471,0.142210968,-0.013990121,-0.001442349,0.157643393,0.129663169,0.126778468,0.154758707,-0.126778468,-0.154758707,-0.157643393,-0.129663169,0.045200563,0.014253991,0.006369012
1.705049992,0.965925826,0.258819045,0,0,0.523598776,0,0,0.971007645,0.238902375,0.008268264,0.001287184,0.482537664,0.015442683,0.00645116,0.071657449,0.021151455,-0.011858344,0.149133373,-0.015145158,0.000876293,0.1634022,0.133111894,0.134864479,0.165154785,-0.134864479,-0.165154785,-0.1634022,-0.133111894,0.041061112,0.015442683,0.00645116
1.749850035,0.965925826,0.258819045,0,0,0.523598776,0,0,0.970694721,0.240154937,0.008754472,0.001059344,0.48512168,0.016487767,0.006262348,0.056675825,0.026450306,-0.020536782,0.152850428,-0.015042587,0.002983506,0.164909467,0.134824306,0.140791327,0.170876473,-0.140791327,-0.170876473,-0.164909467,-0.134824306,0.038477096,0.016487767,0.006262348
1.799949884,0.965925826,0.258819045,0,0,0.523598776,0,0,0.970455945,0.24110058,0.009235422,0.000801283,0.487073463,0.017539658,0.00600951,0.039993975,0.023893267,-0.014214219,0.155994739,-0.014894179,0.002293857,0.168595016,0.138806671,0.143394396,0.173182726,-0.143394396,-0.173182726,-0.168595016,-0.138806671,0.036525313,0.017539658,0.00600951
1.850059986,0.965925826,0.258819045,0,0,0.523598776,0,0,0.970290065,0.241750702,0.009676476,0.000512074,0.488415267,0.018531447,0.005673314,0.033702701,0.01697764,-0.019480288,0.157020656,-0.012774998,0.003755389,0.166040227,0.140490249,0.148001015,0.173551008,-0.148001015,-0.173551008,-0.166040227,-0.140490249,0.035183509,0.018531447,0.005673314
1.900889874,0.965925826,0.258819045,0,0,0.523598776,0,0,0.970006466,0.242845431,0.010662241,-0.000168918,0.490674847,0.020768417,0.004851915,0.026703626,0.014957041,-0.016283991,0.159231092,-0.011283985,0.004891966,0.165623069,0.143055111,0.15283905,0.175407007,-0.15283905,-0.175407007,-0.165623069,-0.143055111,0.032923929,0.020768417,0.004851915
1.950729847,0.965925826,0.258819045,0,0,0.523598776,0,0,0.969832242,0.243524119,0.011021514,-0.000341043,0.492076627,0.021545808,0.00470761,0.036831945,0.017305464,-0.009053946,0.157957392,-0.012578055,0.004169713,0.166365698,0.141209602,0.149549022,0.174705118,-0.149549022,-0.174705118,-0.166365698,-0.141209602,0.031522149,0.021545808,0.00470761
2.000819921,0.965925826,0.258819045,0,0,0.523598776,0,0,0.969613969,0.244374827,0.011386595,-0.000419781,0.49383549,0.022288213,0.004752341,0.051357601,0.019720944,-0.004774332,0.155376421,-0.013750006,0.00310232,0.166024059,0.13852407,0.144728705,0.172228709,-0.144728705,-0.172228709,-0.166024059,-0.13852407,0.029763286,0.022288213,0.004752341
2.050979853,0.965925826,0.258819045,0,0,0.523598776,0,0,0.969275534,0.245693833,0.011814538,-0.000419489,0.496563866,0.023111269,0.004993671,0.060137361,0.019273909,0.000909716,0.149101134,-0.015430177,0.001494695,0.16303657,0.132176235,0.135165632,0.166025966,-0.135165632,-0.166025966,-0.16303657,-0.132176235,0.02703491,0.023111269,0.004993671
2.100080013,0.965925826,0.258819045,0,0,0.523598776,0,0,0.968951523,0.246952236,0.012151674,-0.000293772,0.499169611,0.023696074,0.005434016,0.075157732,0.015000257,0.007840246,0.145121298,-0.014990357,0.000244486,0.159867123,0.129886433,0.1303754,0.160356104,-0.1303754,-0.160356104,-0.159867123,-0.129886433,0.024429165,0.023696074,0.005434016
2.150039911,0.965925826,0.258819045,0,0,0.523598776,0,0,0.968578458,0.248395413,0.01247924,-8.17E-05,0.502159852,0.024217186,0.006043151,0.072882332,0.018573552,0.01134798,0.144842466,-0.016766522,-0.000660379,0.162269324,0.128736302,0.127415538,0.16094856,-0.127415538,-0.16094856,-0.162269324,-0.128736302,0.021438924,0.024217186,0.006043151
2.200039864,0.965925826,0.258819045,0,0,0.523598776,0,0,0.967634201,0.252011091,0.013203692,0.000716942,0.509662507,0.025193988,0.008045065,0.061117861,0.019008663,0.016433747,0.142969858,-0.017455805,-0.001702938,0.162128553,0.127216965,0.123811096,0.158722684,-0.123811096,-0.158722684,-0.162128553,-0.127216965,0.013936269,0.025193988,0.008045065
2.250649929,0.965925826,0.258819045,0,0,0.523598776,0,0,0.967329144,0.253161758,0.013502778,0.001119152,0.512057279,0.025559387,0.009005012,0.052107126,0.022917243,0.018326193,0.145470538,-0.018883691,-0.002422706,0.162128553,0.127216965,0.123811096,0.158722684,-0.123811096,-0.158722684,-0.162128553,-0.127216965,0.011541497,0.025559387,0.009005012
2.301090002,0.965925826,0.258819045,0,0,0.523598776,0,0,0.967112184,0.253973722,0.013758756,0.001518677,0.513751551,0.025843984,0.009929664,0.037977844,0.019712003,0.01713708,0.146827251,-0.020925017,-0.003264513,0.171016738,0.129166722,0.122637697,0.164487705,-0.122637697,-0.164487705,-0.171016738,-0.129166722,0.009847225,0.025843984,0.009929664
2.349859953,0.965925826,0.258819045,0,0,0.523598776,0,0,0.96696955,0.254496962,0.01405308,0.001918548,0.514850351,0.026204271,0.010867233,0.021918863,0.020778926,0.015415996,0.152725524,-0.021999277,-0.003522359,0.178247109,0.134248585,0.127203867,0.171202391,-0.127203867,-0.171202391,-0.178247109,-0.134248585,0.008748425,0.026204271,0.010867233
2.399819851,0.965925826,0.258819045,0,0,0.523598776,0,0,0.966901958,0.254731357,0.014398665,0.002330404,0.515353695,0.026660093,0.011846613,0.000750273,0.019726902,0.011114032,0.157231632,-0.022606787,-0.003129518,0.182967886,0.137754336,0.131495312,0.176708847,-0.131495312,-0.176708847,-0.182967886,-0.137754336,0.008245081,0.026660093,0.011846613
2.450680017,0.965925826,0.258819045,0,0,0.523598776,0,0,0.966926515,0.25461939,0.014675255,0.002593181,0.515135742,0.027062541,0.012492938,-0.013437867,0.01635775,0.006339699,0.160388408,-0.022249534,-0.002449271,0.185087159,0.14058812,0.135689586,0.180188626,-0.135689586,-0.180188626,-0.185087159,-0.14058812,0.008463034,0.027062541,0.012492938
2.500909805,0.965925826,0.258819045,0,0,0.523598776,0,0,0.967109442,0.253895104,0.015121929,0.002838132,0.513655732,0.027811527,0.01317381,-0.020065904,0.012587758,-0.001861155,0.162202308,-0.021604054,-0.001893624,0.185087159,0.14058812,0.135689586,0.180188626,-0.135689586,-0.180188626,-0.185087159,-0.14058812,0.009943044,0.027811527,0.01317381
2.550559998,0.965925826,0.258819045,0,0,0.523598776,0,0,0.967212439,0.253497124,0.01518567,0.002962722,0.512837539,0.027877063,0.013435834,-0.023028253,-0.017441811,0.02680495,0.162217199,-0.021567158,-0.001144463,0.184928775,0.141794488,0.13950555,0.182639852,-0.13950555,-0.182639852,-0.184928775,-0.141794488,0.010761237,0.027877063,0.013435834
2.600879908,0.965925826,0.258819045,0,0,0.523598776,0,0,0.967314184,0.253146112,0.014421425,0.003517146,0.512103812,0.026122364,0.014111109,-0.006286801,-0.028751796,0.028068576,0.162983213,-0.015909434,-0.00552211,0.184414715,0.152595863,0.141551644,0.173370495,-0.141551644,-0.173370495,-0.184414715,-0.152595863,0.011494964,0.026122364,0.014111109
2.649999857,0.965925826,0.258819045,0,0,0.523598776,0,0,0.967348278,0.253044486,0.013840385,0.003821126,0.511884503,0.024845662,0.014402122,-0.003264845,-0.015489757,0.021228941,0.158945021,-0.015161263,-0.005879168,0.179985404,0.149662897,0.13790457,0.168227077,-0.13790457,-0.168227077,-0.179985404,-0.149662897,0.011714273,0.024845662,0.014402122
2.701089859,0.965925826,0.258819045,0,0,0.523598776,0,0,0.96731472,0.253195286,0.013347803,0.004032899,0.512187595,0.023783071,0.014566,0.012930485,-0.016152862,0.016177448,0.155338132,-0.013986483,-0.005375797,0.174700364,0.146727428,0.135975823,0.163948774,-0.135975823,-0.163948774,-0.174700364,-0.146727428,0.011411181,0.023783071,0.014566
2.749959946,0.965925826,0.258819045,0,0,0.523598776,0,0,0.967240453,0.25350222,0.012851992,0.004187651,0.512812162,0.022740731,0.014621245,0.01584366,-0.020325186,0.010170788,0.154542341,-0.012126445,-0.004500785,0.171169534,0.146916658,0.13791509,0.162167966,-0.13791509,-0.162167966,-0.171169534,-0.146916658,0.010786614,0.022740731,0.014621245
2.799929857,0.965925826,0.258819045,0,0,0.523598776,0,0,0.966919184,0.254763693,0.012024511,0.004283008,0.515401403,0.021072706,0.014413159,0.042302165,-0.009955467,0.00557974,0.149244521,-0.011799879,-0.004482271,0.165526628,0.141926885,0.132962346,0.15656209,-0.132962346,-0.15656209,-0.165526628,-0.141926885,0.008197373,0.021072706,0.014413159
2.850800037,0.965925826,0.258819045,0,0,0.523598776,0,0,0.966620922,0.255912632,0.011646356,0.004158277,0.517766501,0.020388319,0.014003219,0.054083023,-0.019945204,-0.001443923,0.146826402,-0.011665699,-0.003543921,0.162035987,0.138704598,0.131616756,0.154948145,-0.131616756,-0.154948145,-0.162035987,-0.138704598,0.005832275,0.020388319,0.014003219
2.900909901,0.965925826,0.258819045,0,0,0.523598776,0,0,0.966392398,0.256787598,0.011399799,0.003982295,0.519567982,0.019989483,0.013554697,0.040637702,-0.015440584,-0.005224348,0.144885284,-0.009518208,-0.00275334,0.157156795,0.138120383,0.132613704,0.151650116,-0.132613704,-0.151650116,-0.157156795,-0.138120383,0.004030794,0.019989483,0.013554697
2.949980021,0.965925826,0.258819045,0,0,0.523598776,0,0,0.966228426,0.257451475,0.010287267,0.003955928,0.520915514,0.017843726,0.012944025,0.016953798,-0.041720275,0.012551993,0.15216904,-0.003881329,-0.004502199,0.160552531,0.152789876,0.143785477,0.151548132,-0.143785477,-0.151548132,-0.160552531,-0.152789876,0.002683262,0.017843726,0.012944025
3.000929832,0.965925826,0.258819045,0,0,0.523598776,0,0,0.966197729,0.257599384,0.009430317,0.003975369,0.521203137,0.016175699,0.01254244,0.00083074,-0.040210787,0.01492873,0.155632584,-0.004128866,-0.005008163,0.164769575,0.156511843,0.146495521,0.154753253,-0.146495521,-0.154753253,-0.164769575,-0.156511843,0.002395639,0.016175699,0.01254244
3.050819874,0.965925826,0.258819045,0,0,0.523598776,0,0,0.966233253,0.257495254,0.008599987,0.003954018,0.520970174,0.014583421,0.012071496,-0.010344386,-0.041295588,0.007949025,0.15815361,-0.002888477,-0.003813628,0.164769575,0.156511843,0.146495521,0.154753253,-0.146495521,-0.154753253,-0.164769575,-0.156511843,0.002628602,0.014583421,0.012071496
3.100999832,0.965925826,0.258819045,0,0,0.523598776,0,0,0.966350615,0.257077575,0.00789934,0.003927449,0.52009168,0.013248131,0.011653356,-0.028671326,-0.029860439,0.004760175,0.162422724,-0.005467124,-0.003513234,0.17140305,0.160468802,0.153442338,0.164376572,-0.153442338,-0.164376572,-0.17140305,-0.160468802,0.003507096,0.013248131,0.011653356
3.150810003,0.965925826,0.258819045,0,0,0.523598776,0,0,0.966758788,0.255580813,0.006480416,0.003751333,0.51696769,0.010612659,0.010566598,-0.032392144,-0.028052928,0.001432746,0.164316462,-0.005061146,-0.003942115,0.173319682,0.163197398,0.155313164,0.165435448,-0.155313164,-0.165435448,-0.173319682,-0.163197398,0.006631086,0.010612659,0.010566598
3.200879812,0.965925826,0.258819045,0,0,0.523598776,0,0,0.9669168,0.254996896,0.005988535,0.003580181,0.515750443,0.009755113,0.009978228,-0.026346745,-0.021256506,-0.004792214,0.164067029,-0.004128705,-0.002970782,0.17116648,0.162909076,0.156967506,0.16522491,-0.156967506,-0.16522491,-0.17116648,-0.162909076,0.007848333,0.009755113,0.009978228
3.249969959,0.965925826,0.258819045,0,0,0.523598776,0,0,0.967034996,0.254560173,0.005588569,0.003368534,0.514839465,0.009093818,0.009360757,-0.019262731,-0.022086503,-0.007747114,0.161778804,-0.003384425,-0.001262407,0.166425601,0.159656748,0.15713194,0.163900778,-0.15713194,-0.163900778,-0.166425601,-0.159656748,0.008759311,0.009093818,0.009360757
3.299969912,0.965925826,0.258819045,0,0,0.523598776,0,0,0.967107832,0.254296184,0.005169037,0.003042222,0.514285199,0.008450882,0.008513652,-0.004626811,-0.01948476,-0.008752943,0.158729168,-0.00293101,-0.000869265,0.162529409,0.156667396,0.154928863,0.160790876,-0.154928863,-0.160790876,-0.162529409,-0.156667396,0.009313577,0.008450882,0.008513652
3.349920034,0.965925826,0.258819045,0,0,0.523598776,0,0,0.967077672,0.25441879,0.004944257,0.002739633,0.514533641,0.008169023,0.007815039,0.017023832,-0.009661914,-0.011084975,0.153932797,-0.004543887,-0.000408671,0.158885315,0.149797544,0.148980215,0.158067971,-0.148980215,-0.158067971,-0.158885315,-0.149797544,0.009065135,0.008169023,0.007815039
3.399889946,0.965925826,0.258819045,0,0,0.523598776,0,0,0.966970146,0.254834414,0.004749135,0.002401183,0.51538846,0.007960818,0.007064512,0.025432561,-0.019907953,-0.008149446,0.151855849,-0.001267186,-0.000338578,0.153461576,0.150927201,0.150250047,0.152784422,-0.150250047,-0.152784422,-0.153461576,-0.150927201,0.008210316,0.007960818,0.007064512
3.450419903,0.965925826,0.258819045,0,0,0.523598776,0,0,0.966819406,0.255436033,0.002005347,0.002954177,0.516608667,0.002368412,0.006736857,0.020956248,-0.046223406,0.028660152,0.152651384,0.012729603,-0.007374425,0.153461576,0.150927201,0.150250047,0.152784422,-0.150250047,-0.152784422,-0.153461576,-0.150927201,0.006990109,0.002368412,0.006736857
3.50177002,0.965925826,0.258819045,0,0,0.523598776,0,0,0.966727972,0.255784661,0.000810369,0.003285929,0.517321142,-0.000114168,0.006767808,0.022291394,-0.051282346,0.033194575,0.152462266,0.005459294,-0.007144546,0.154147491,0.165066063,0.150776982,0.139858395,-0.150776982,-0.139858395,-0.154147491,-0.165066063,0.006277634,0.000114168,0.006767808
3.552510023,0.965925826,0.258819045,0,0,0.523598776,0,0,0.966650009,0.256075263,-0.000200749,0.003662731,0.517915386,-0.002263979,0.006978416,0.01109019,-0.035972893,0.031917546,0.151875879,0.007594349,-0.008637425,0.15291892,0.168107614,0.150832757,0.135644078,-0.150832757,-0.135644078,-0.15291892,-0.168107614,0.00568339,0.002263979,0.006978416
3.601109982,0.965925826,0.258819045,0,0,0.523598776,0,0,0.966646373,0.256088078,-0.000475725,0.003685696,0.517940263,-0.002807445,0.006881954,-0.015804173,0.038217753,-0.040321056,0.160256013,-0.011455348,0.001765954,0.169945359,0.14703469,0.150566593,0.173477277,-0.150566593,-0.173477277,-0.169945359,-0.14703469,0.005658513,0.002807445,0.006881954
3.650979996,0.965925826,0.258819045,0,0,0.523598776,0,0,0.966730177,0.255782545,0.001053255,0.002684341,0.517318208,0.000663212,0.005728907,-0.006183982,0.036788732,-0.045244399,0.158311772,-0.011091001,0.004018827,0.165383905,0.143201917,0.151239574,0.173421562,-0.151239574,-0.173421562,-0.165383905,-0.143201917,0.006280568,0.000663212,0.005728907
3.699889898,0.965925826,0.258819045,0,0,0.523598776,0,0,0.966784418,0.255577683,0.002085697,0.0019057,0.516899733,0.003058734,0.004750958,-0.004783274,0.042682149,-0.054109108,0.158103384,-0.012147122,0.006459828,0.163790643,0.139496401,0.152416065,0.176710293,-0.152416065,-0.176710293,-0.163790643,-0.139496401,0.006699043,0.003058734,0.004750958
3.750119925,0.965925826,0.258819045,0,0,0.523598776,0,0,0.966940403,0.254977226,0.00358135,0.000535738,0.515661218,0.006652749,0.002862446,0.003536791,-0.005188585,0.010115653,0.161253094,-0.010214194,0.007750303,0.163716942,0.143288568,0.158789173,0.179217547,-0.158789173,-0.179217547,-0.163716942,-0.143288568,0.007937558,0.006652749,0.002862446
3.800899982,0.965925826,0.258819045,0,0,0.523598776,0,0,0.966940522,0.254980564,0.00323717,0.000718173,0.515667049,0.005894095,0.003039749,0.009914486,-0.005018711,0.012170524,0.156604593,-0.003329233,-0.001776087,0.161709875,0.15505141,0.151499242,0.158157706,-0.151499242,-0.158157706,-0.161709875,-0.15505141,0.007931727,0.005894095,0.003039749
3.855799913,0.965925826,0.258819045,0,0,0.523598776,0,0,0.966891706,0.255167484,0.003034632,0.001011617,0.51605385,0.005352082,0.003504984,0.01571849,-0.009009243,0.018630179,0.155203933,-0.003347061,-0.002401464,0.160952419,0.154258311,0.149455369,0.156149492,-0.149455369,-0.156149492,-0.160952419,-0.154258311,0.007544926,0.005352082,0.003504984
3.899679899,0.965925826,0.258819045,0,0,0.523598776,0,0,0.966822743,0.255428761,0.00282488,0.001444111,0.516594928,0.004724599,0.00423557,0.017393382,-0.003099442,0.024335835,0.15331462,-0.005038052,-0.005463963,0.163816601,0.153740495,0.14281258,0.152888671,-0.14281258,-0.152888671,-0.163816601,-0.153740495,0.007003848,0.004724599,0.00423557
3.949999809,0.965925826,0.258819045,0,0,0.523598776,0,0,0.966723859,0.255800635,0.002660654,0.002043523,0.517365405,0.004098777,0.005312307,0.024414808,0.006195158,0.037328158,0.151566255,-0.008856381,-0.008657607,0.169080198,0.151367456,0.134052232,0.151764989,-0.134052232,-0.151764989,-0.169080198,-0.151367456,0.006233371,0.004098777,0.005312307
4.000819921,0.965925826,0.258819045,0,0,0.523598776,0,0,0.966575086,0.256356955,0.002509419,0.002753247,0.518517626,0.003439461,0.00660914,0.031275306,0.002548844,0.039548427,0.149747652,-0.00860866,-0.009828664,0.168184936,0.150967628,0.131310299,0.148527607,-0.131310299,-0.148527607,-0.168184936,-0.150967628,0.00508115,0.003439461,0.00660914
4.051039934,0.965925826,0.258819045,0,0,0.523598776,0,0,0.96624577,0.257578135,0.002457383,0.004088379,0.521047988,0.002642721,0.009166853,0.028318912,0.007536263,0.025673956,0.149908009,-0.00978413,-0.009202507,0.168894604,0.149326354,0.130921349,0.150489599,-0.130921349,-0.150489599,-0.168894604,-0.149326354,0.002550788,0.002642721,0.009166853
4.101480007,0.965925826,0.258819045,0,0,0.523598776,0,0,0.966119468,0.258043349,0.002553285,0.004511745,0.52201306,0.002605108,0.010035687,0.023107976,0.017627334,0.017244369,0.14973747,-0.01063971,-0.009089979,0.169467121,0.148187712,0.130007759,0.151287168,-0.130007759,-0.151287168,-0.169467121,-0.148187712,0.001585716,0.002605108,0.010035687
4.15467,0.965925826,0.258819045,0,0,0.523598776,0,0,0.966018856,0.258412868,0.002703278,0.004798831,0.522780564,0.002742679,0.010668889,0.016365202,0.011474639,0.009072573,0.150640583,-0.013500673,-0.008319792,0.172461003,0.145459682,0.128820091,0.155821428,-0.128820091,-0.155821428,-0.172461003,-0.145459682,0.000818212,0.002742679,0.010668889
4.200860023,0.965925826,0.258819045,0,0,0.523598776,0,0,0.965962589,0.258618832,0.003022242,0.004866705,0.523211168,0.003321507,0.010965604,0.001590699,0.014815479,-0.004690885,0.155066143,-0.012418479,-0.004760035,0.172244608,0.147407666,0.137887597,0.16272454,-0.137887597,-0.16272454,-0.172244608,-0.147407666,0.000387608,0.003321507,0.010965604
4.249719858,0.965925826,0.258819045,0,0,0.523598776,0,0,0.965963721,0.258612663,0.003325525,0.004753057,0.523202074,0.003966283,0.010902908,-0.005277993,0.011955949,-0.012873115,0.156580319,-0.011348506,-0.003094566,0.171023354,0.148326352,0.142137215,0.164834216,-0.142137215,-0.164834216,-0.171023354,-0.148326352,0.000396702,0.003966283,0.010902908
4.29990983,0.965925826,0.258819045,0,0,0.523598776,0,0,0.965994239,0.258497953,0.003677393,0.004514488,0.522968391,0.004770728,0.010623457,-0.007517636,0.015804917,-0.019428136,0.157140031,-0.012011417,-0.001724808,0.17087622,0.146853387,0.143403783,0.167426601,-0.143403783,-0.167426601,-0.17087622,-0.146853387,0.000630385,0.004770728,0.010623457
4.349229813,0.965925826,0.258819045,0,0,0.523598776,0,0,0.966096282,0.258119106,0.003494697,0.004522417,0.522181627,0.004417798,0.010542573,-0.025209785,-0.021241605,0.021656604,0.161142934,-0.005123378,-0.007921454,0.174187735,0.163940981,0.148098066,0.15834482,-0.148098066,-0.15834482,-0.174187735,-0.163940981,0.001417149,0.004417798,0.010542573
4.398190022,0.965925826,0.258819045,0,0,0.523598776,0,0,0.966423213,0.256900251,0.001957769,0.004978313,0.519640941,0.001226207,0.010628423,-0.020185115,-0.020313263,0.017731637,0.160779677,-0.001967426,-0.006932926,0.169679999,0.165745139,0.151879296,0.155814141,-0.151879296,-0.155814141,-0.169679999,-0.165745139,0.003957835,0.001226207,0.010628423
4.448789835,0.965925826,0.258819045,0,0,0.523598776,0,0,0.966520071,0.256535351,0.001530392,0.00512735,0.518881095,0.000327616,0.010696777,-0.016595425,-0.016444921,0.011829285,0.160707218,-0.004016146,-0.008030746,0.172754079,0.164721787,0.148660287,0.156692579,-0.148660287,-0.156692579,-0.172754079,-0.164721787,0.004717681,0.000327616,0.010696777
4.498549938,0.965925826,0.258819045,0,0,0.523598776,0,0,0.966595352,0.256251246,0.001121359,0.005245377,0.518288725,-0.000520469,0.01071522,-0.008226932,-0.018666685,0.01301989,0.158445001,-0.003402175,-0.007727398,0.169574544,0.162770197,0.147315398,0.154119745,-0.147315398,-0.154119745,-0.169574544,-0.162770197,0.005310051,0.000520469,0.01071522
4.548799992,0.965925826,0.258819045,0,0,0.523598776,0,0,0.966620326,0.256158024,0.000802034,0.005266798,0.518092415,-0.00114774,0.010593086,0.004083664,0.002450496,-0.010924042,0.155841371,-0.007013592,-0.004172081,0.167027012,0.152999833,0.14465566,0.158682838,-0.14465566,-0.158682838,-0.167027012,-0.152999833,0.005506361,0.00114774,0.010593086
4.598529816,0.965925826,0.258819045,0,0,0.523598776,0,0,0.966599286,0.256247282,0.0014752,0.004599402,0.518284221,0.000494685,0.009647739,0.010258705,0.032984465,-0.048403446,0.154463927,-0.012644443,0.002487529,0.164620802,0.139331922,0.144306988,0.169595852,-0.144306988,-0.169595852,-0.164620802,-0.139331922,0.005314555,0.000494685,0.009647739
4.648519993,0.965925826,0.258819045,0,0,0.523598776,0,0,0.966526449,0.256528974,0.002332499,0.003778675,0.518874666,0.002570167,0.008501214,0.021838397,0.029150398,-0.050806999,0.15176753,-0.011328902,0.004056815,0.159039572,0.13638179,0.144495413,0.167153209,-0.144495413,-0.167153209,-0.159039572,-0.13638179,0.00472411,0.002570167,0.008501214
4.700099945,0.965925826,0.258819045,0,0,0.523598776,0,0,0.966405511,0.256997049,0.001451626,0.003304628,0.519834568,0.001107159,0.007133413,0.012231621,-0.020851197,-0.002017617,0.155906267,0.001884959,-0.003990517,0.158011794,0.161781713,0.153800681,0.150030762,-0.153800681,-0.150030762,-0.158011794,-0.161781713,0.003764208,0.001107159,0.007133413
4.749889851,0.965925826,0.258819045,0,0,0.523598776,0,0,0.966332018,0.257277936,0.001066343,0.003099398,0.520412826,0.000466069,0.006538833,0.01711175,-0.019340219,-0.003661216,0.153592877,0.000473964,-0.002839428,0.15595831,0.156906232,0.151227385,0.150279447,-0.151227385,-0.150279447,-0.15595831,-0.156906232,0.00318595,0.000466069,0.006538833
4.800959826,0.965925826,0.258819045,0,0,0.523598776,0,0,0.96626389,0.257535756,0.000737054,0.002979998,0.520944303,-0.000110536,0.006138602,0.014858693,-0.011231005,0.005219131,0.152734374,-0.001491403,-0.004027711,0.158253461,0.155270651,0.147215232,0.150198027,-0.147215232,-0.150198027,-0.158253461,-0.155270651,0.002654473,0.000110536,0.006138602
4.850939989,0.965925826,0.258819045,0,0,0.523598776,0,0,0.966217279,0.25771156,0.000441426,0.003000339,0.521306311,-0.000693417,0.006025516,0.007670374,-0.014200807,0.010921807,0.154213289,-0.000871331,-0.004995685,0.160080269,0.158337608,0.148346245,0.150088906,-0.148346245,-0.150088906,-0.160080269,-0.158337608,0.002292465,0.000693417,0.006025516
4.899629831,0.965925826,0.258819045,0,0,0.523598776,0,0,0.966162443,0.257915378,0.000123881,0.003132413,0.521726323,-0.001376417,0.006116785,0.010649115,-0.005556643,0.008954854,0.153456061,-0.002893025,-0.005051016,0.160080269,0.158337608,0.148346245,0.150088906,-0.148346245,-0.150088906,-0.160080269,-0.158337608,0.001872453,0.001376417,0.006116785
4.94994998,0.965925826,0.258819045,0,0,0.523598776,0,0,0.966105998,0.258126616,4.99E-05,0.003146712,0.52216317,-0.001528043,0.006105931,0.012519212,0.000268966,0.000969321,0.152938467,-0.003887059,-0.003829257,0.160654753,0.152880639,0.145222113,0.152996227,-0.145222113,-0.152996227,-0.160654753,-0.152880639,0.001435606,0.001528043,0.006105931
5.00206995,0.965925826,0.258819045,0,0,0.523598776,0,0,0.966046333,0.258354276,0.000765204,0.00266851,0.522638805,9.96E-05,0.005551224,0.003805012,0.022395702,-0.026221573,0.15363373,-0.006782177,-0.000556933,0.160972804,0.147408456,0.146294594,0.159858942,-0.146294594,-0.159858942,-0.160972804,-0.147408456,0.000959971,0.0000996,0.005551224
5.047940016,0.965925826,0.258819045,0,0,0.523598776,0,0,0.966005087,0.258510321,0.001712522,0.001998638,0.522966737,0.002275273,0.004746826,0.003834815,0.021295998,-0.029954316,0.154742683,-0.008229551,0.001030591,0.161941603,0.14548251,0.147543699,0.164002791,-0.147543699,-0.164002791,-0.161941603,-0.14548251,0.000632039,0.002275273,0.004746826
5.098709822,0.965925826,0.258819045,0,0,0.523598776,0,0,0.966024697,0.258436829,0.001798849,0.001835528,0.522814864,0.002526732,0.004476138,-0.001659989,-0.021603705,0.020820647,0.154651357,-0.007808818,0.002603042,0.159857094,0.14423947,0.149445549,0.165063173,-0.149445549,-0.165063173,-0.159857094,-0.14423947,0.000783912,0.002526732,0.004476138
5.149420023,0.965925826,0.258819045,0,0,0.523598776,0,0,0.966091037,0.258190691,0.001234076,0.002055205,0.522302415,0.00132319,0.004608305,-0.010570887,-0.020994246,0.019975754,0.15795354,0.000493184,-0.005160966,0.162621289,0.163607657,0.153285727,0.152299359,-0.153285727,-0.152299359,-0.162621289,-0.163607657,0.001296361,0.00132319,0.004608305
5.198959827,0.965925826,0.258819045,0,0,0.523598776,0,0,0.966159284,0.257935256,0.000740806,0.002246191,0.521771218,0.00027273,0.004722536,-0.008168817,-0.018389525,0.016667694,0.157568788,0.000305083,-0.004944174,0.162207842,0.162818015,0.152929664,0.152319491,-0.152929664,-0.152319491,-0.162207842,-0.162818015,0.001827558,0.00027273,0.004722536
5.249159813,0.965925826,0.258819045,0,0,0.523598776,0,0,0.966250896,0.257590264,0.000225729,0.002541891,0.52105448,-0.000873311,0.005028524,-0.014209748,-0.016167762,0.018826872,0.159077848,-0.000352312,-0.005766249,0.165196374,0.164491743,0.152959257,0.153663874,-0.152959257,-0.153663874,-0.165196374,-0.164491743,0.002544296,0.000873311,0.005028524
5.300580025,0.965925826,0.258819045,0,0,0.523598776,0,0,0.966341317,0.257249385,0.000376462,0.00266907,0.520349611,-0.000645651,0.005352181,-0.003293157,0.009154529,-0.008681417,0.158596704,-0.008419787,-0.002732828,0.169749275,0.152909711,0.147444054,0.164283618,-0.147444054,-0.164283618,-0.169749275,-0.152909711,0.003249165,0.000645651,0.005352181
5.350999832,0.965925826,0.258819045,0,0,0.523598776,0,0,0.966343462,0.257242143,0.000729719,0.002517656,0.520336539,0.000115024,0.005241294,0.001738221,0.019081684,-0.014390051,0.156893289,-0.005462917,-0.001745745,0.164101914,0.153176084,0.149684593,0.160610422,-0.149684593,-0.160610422,-0.164101914,-0.153176084,0.003262237,0.000115024,0.005241294
5.39989996,0.965925826,0.258819045,0,0,0.523598776,0,0,0.966315687,0.257347643,0.001131328,0.002254552,0.520556963,0.001026032,0.00493953,0.013298542,0.018358978,-0.016658008,0.155795268,-0.007890968,-0.000765558,0.164451748,0.148669824,0.147138715,0.162920639,-0.147138715,-0.162920639,-0.164451748,-0.148669824,0.003041813,0.001026032,0.00493953
5.451049805,0.965925826,0.258819045,0,0,0.523598776,0,0,0.966245651,0.257610798,0.001661049,0.001806465,0.521104013,0.002279236,0.004346812,0.019852072,0.016573818,-0.024576485,0.151616762,-0.006627709,0.00199943,0.156245008,0.142989591,0.146988451,0.160243869,-0.146988451,-0.160243869,-0.156245008,-0.142989591,0.002494763,0.002279236,0.004346812
5.499969959,0.965925826,0.258819045,0,0,0.523598776,0,0,0.966154516,0.257951319,0.002153923,0.001402605,0.521810643,0.003438443,0.003821513,0.0210844,0.016608089,-0.023436548,0.151160467,-0.006707062,0.002336362,0.155531138,0.142117009,0.146789744,0.160203859,-0.146789744,-0.160203859,-0.155531138,-0.142117009,0.001788133,0.003438443,0.003821513
5.549959898,0.965925826,0.258819045,0,0,0.523598776,0,0,0.966127753,0.258053571,0.001933952,0.001375492,0.522020997,0.003026992,0.003655952,-0.00230968,-0.028166175,0.020895155,0.156211283,0.002593161,-0.004295732,0.157913819,0.163100138,0.15450868,0.149322361,-0.15450868,-0.149322361,-0.157913819,-0.163100138,0.001577779,0.003026992,0.003655952
5.599889994,0.965925826,0.258819045,0,0,0.523598776,0,0,0.966112435,0.258114189,0.00072226,0.001873456,0.522141355,0.000428438,0.003992799,-0.002112985,-0.021198394,0.018822404,0.155300163,0.003543733,-0.004414281,0.156170681,0.163258135,0.154429585,0.147342116,-0.154429585,-0.147342116,-0.156170681,-0.163258135,0.001457421,0.000428438,0.003992799
5.650969982,0.965925826,0.258819045,0,0,0.523598776,0,0,0.966130912,0.258044124,0.000500335,0.002042021,0.521995395,-8.71E-05,0.004203948,-0.004056096,0.008294732,-0.006094575,0.156143967,0.001452384,-0.004835862,0.159527406,0.162432179,0.152760461,0.149855688,-0.152760461,-0.149855688,-0.159527406,-0.162432179,0.001603381,0.0000871,0.004203948
5.699999809,0.965925826,0.258819045,0,0,0.523598776,0,0,0.96614784,0.257981032,0.000768082,0.001926408,0.521865942,0.000490207,0.004118702,-0.00501573,0.015421957,-0.00539571,0.156634118,-0.004766617,-0.001430533,0.162831232,0.153298005,0.150436938,0.159970164,-0.150436938,-0.159970164,-0.162831232,-0.153298005,0.001732834,0.000490207,0.004118702
5.751019955,0.965925826,0.258819045,0,0,0.523598776,0,0,0.966175497,0.257876962,0.001083528,0.001849811,0.521651924,0.001139709,0.004133331,0.001987069,0.014371426,-0.011128186,0.155398789,-0.006384625,-0.000402156,0.162185535,0.149416283,0.148611978,0.161381215,-0.148611978,-0.161381215,-0.162185535,-0.149416283,0.001946852,0.001139709,0.004133331
5.799799919,0.965925826,0.258819045,0,0,0.523598776,0,0,0.966170669,0.257893652,0.001684079,0.001518973,0.521689007,0.002470751,0.003803822,0.008464603,0.014663488,-0.016726555,0.153966807,-0.006286601,0.001021211,0.159232154,0.146658957,0.148701385,0.161274582,-0.148701385,-0.161274582,-0.159232154,-0.146658957,0.001909769,0.002470751,0.003803822
5.849619865,0.965925826,0.258819045,0,0,0.523598776,0,0,0.96615541,0.257948607,0.002198219,0.001208424,0.521804658,0.003624227,0.003469134,0.003723056,0.026396666,-0.020264091,0.154975226,-0.009321148,0.001796103,0.159232154,0.146658957,0.148701385,0.161274582,-0.148701385,-0.161274582,-0.159232154,-0.146658957,0.001794118,0.003624227,0.003469134
5.89989996,0.965925826,0.258819045,0,0,0.523598776,0,0,0.966143966,0.2579889,0.002625423,0.000943985,0.521889423,0.004586013,0.003178749,-0.000151992,-0.00500083,0.000252575,0.155800203,-0.002363511,-0.000670685,0.162500232,0.143857941,0.147450149,0.16609244,-0.147450149,-0.16609244,-0.162500232,-0.143857941,0.001709353,0.004586013,0.003178749
5.94885993,0.965925826,0.258819045,0,0,0.523598776,0,0,0.966173053,0.257883966,0.001586286,0.001748251,0.521668902,0.002163564,0.004196404,-0.004529953,-0.019334253,0.024972113,0.155705491,-0.00053742,-0.00578597,0.162028849,0.160954013,0.14938207,0.150456905,-0.14938207,-0.150456905,-0.162028849,-0.160954013,0.001929874,0.002163564,0.004196404
6.000449896,0.965925826,0.258819045,0,0,0.523598776,0,0,0.966181457,0.257851124,0.001220234,0.002170942,0.521599552,0.001238375,0.004824347,-0.003318489,-0.007289648,0.028771909,0.156793835,-0.000161556,-0.00567464,0.162629992,0.16230689,0.150957599,0.151280716,-0.150957599,-0.151280716,-0.162629992,-0.16230689,0.001999224,0.001238375,0.004824347
6.049449921,0.965925826,0.258819045,0,0,0.523598776,0,0,0.966174006,0.257875979,0.000948543,0.002647683,0.521649746,0.000467367,0.005605488,0.007317217,-0.013682248,0.023617597,0.154196568,-0.001895859,-0.006724445,0.162816837,0.159025118,0.145576224,0.149367943,-0.145576224,-0.149367943,-0.162816837,-0.159025118,0.00194903,0.000467367,0.005605488
6.099309921,0.965925826,0.258819045,0,0,0.523598776,0,0,0.966139138,0.258004278,0.00125794,0.002781356,0.521917339,0.000995486,0.006023498,0.01507774,0.025545808,-0.007215142,0.152452332,-0.010904762,-0.002397276,0.165754333,0.143944815,0.139150262,0.16095978,-0.139150262,-0.16095978,-0.165754333,-0.143944815,0.001681437,0.000995486,0.006023498
6.15038991,0.965925826,0.258819045,0,0,0.523598776,0,0,0.96605128,0.258329123,0.00202643,0.002666949,0.522595239,0.002537372,0.006199849,0.016836079,0.029540811,-0.016543269,0.151891084,-0.011994264,-0.000638775,0.164524078,0.140535563,0.139258012,0.163246527,-0.139258012,-0.163246527,-0.164524078,-0.140535563,0.001003537,0.002537372,0.006199849
6.201059818,0.965925826,0.258819045,0,0,0.523598776,0,0,0.965904236,0.258872837,0.002807274,0.002447034,0.523726714,0.004156186,0.006180747,0.004779548,-0.011338294,0.014383349,0.149592499,-0.01167245,0.000443478,0.160821438,0.137476549,0.138363495,0.161708385,-0.138363495,-0.161708385,-0.160821438,-0.137476549,0.000127938,0.004156186,0.006180747
6.251070023,0.965925826,0.258819045,0,0,0.523598776,0,0,0.965909302,0.258855999,0.002473839,0.002613161,0.52368956,0.00342615,0.006328967,0.001769513,-0.012600424,0.009641796,0.154218317,-0.003521591,-0.004691389,0.162431255,0.155388087,0.146005303,0.153048486,-0.146005303,-0.153048486,-0.162431255,-0.155388087,9.0784E-05,0.00342615,0.006328967
6.301110029,0.965925826,0.258819045,0,0,0.523598776,0,0,0.965906382,0.258868515,0.002102153,0.002765429,0.523712865,0.002629204,0.006430719,-0.000141561,-0.00679493,0.008995084,0.154890511,-0.002791487,-0.004073899,0.16175586,0.156172886,0.148025095,0.153608069,-0.148025095,-0.153608069,-0.16175586,-0.156172886,0.000114089,0.002629204,0.006430719
6.351409912,0.965925826,0.258819045,0,0,0.523598776,0,0,0.965916097,0.258832127,0.001955973,0.00286569,0.523636599,0.002295149,0.006548634,-0.001677871,-0.000292063,0.008504838,0.155670736,-0.005836934,-0.004513019,0.166020647,0.154346794,0.145320758,0.156994611,-0.145320758,-0.156994611,-0.166020647,-0.154346794,3.7823E-05,0.002295149,0.006548634
6.400899887,0.965925826,0.258819045,0,0,0.523598776,0,0,0.965942621,0.258732527,0.001866455,0.003001096,0.523429884,0.002052815,0.006763662,-0.006766618,-0.003105402,0.0138931,0.156835054,-0.005569564,-0.005536012,0.167940587,0.156801477,0.145729452,0.156868562,-0.145729452,-0.156868562,-0.167940587,-0.156801477,0.000168892,0.002052815,0.006763662
6.448189974,0.965925826,0.258819045,0,0,0.523598776,0,0,0.965982795,0.258580446,0.001859385,0.003150031,0.523115263,0.001963196,0.007047424,-0.000423193,0.003115088,0.006110221,0.155532624,-0.00682469,-0.004522316,0.166879594,0.15323022,0.144185588,0.157834962,-0.144185588,-0.157834962,-0.166879594,-0.15323022,0.000483513,0.001963196,0.007047424
6.499699831,0.965925826,0.258819045,0,0,0.523598776,0,0,0.966005623,0.258494288,0.001950695,0.003183234,0.522937681,0.002123071,0.007158607,0.000718981,0.004220754,-0.000593066,0.155332087,-0.006803452,-0.003418474,0.165553972,0.151947081,0.14511013,0.158717021,-0.14511013,-0.158717021,-0.165553972,-0.151947081,0.000661095,0.002123071,0.007158607
6.548300028,0.965925826,0.258819045,0,0,0.523598776,0,0,0.965978384,0.258594811,0.002294974,0.003056656,0.523148496,0.002852923,0.007092351,0.008339436,0.007083267,-0.008134545,0.154309711,-0.008408455,-0.002882413,0.165600538,0.148783639,0.143018812,0.159835711,-0.143018812,-0.159835711,-0.165600538,-0.148783639,0.00045028,0.002852923,0.007092351
6.598919868,0.965925826,0.258819045,0,0,0.523598776,0,0,0.965943396,0.258725524,0.002469671,0.002902898,0.523420266,0.003269023,0.006886095,-0.000935793,-0.004269183,0.000663847,0.153608586,-0.007212464,-0.001999522,0.162820533,0.148395613,0.144396573,0.158821493,-0.144396573,-0.158821493,-0.162820533,-0.148395613,0.00017851,0.003269023,0.006886095
6.648219824,0.965925826,0.258819045,0,0,0.523598776,0,0,0.965968788,0.258633316,0.002306809,0.002832874,0.523227703,0.002991264,0.006666248,0.005947799,0.003208965,-0.006599725,0.154111975,-0.006032759,-0.001912366,0.162820533,0.148395613,0.144396573,0.158821493,-0.144396573,-0.158821493,-0.162820533,-0.148395613,0.000371073,0.002991264,0.006666248
6.697929859,0.965925826,0.258819045,0,0,0.523598776,0,0,0.965969205,0.258633107,0.002288926,0.002681243,0.523226772,0.003035152,0.006364053,0.003177673,-0.009132923,-0.004054606,0.15471267,-0.002718047,-0.00189408,0.159324765,0.153888673,0.150100514,0.155536607,-0.150100514,-0.155536607,-0.159324765,-0.153888673,0.000372004,0.003035152,0.006364053
6.748479843,0.965925826,0.258819045,0,0,0.523598776,0,0,0.965955377,0.258686662,0.002316328,0.002491453,0.523337309,0.003185934,0.006011737,-0.000873208,0.005783885,-0.010447202,0.155585488,-0.006114602,-0.000900704,0.162600756,0.150371566,0.14857015,0.160799354,-0.14857015,-0.160799354,-0.162600756,-0.150371566,0.000261467,0.003185934,0.006011737
6.800060034,0.965925826,0.258819045,0,0,0.523598776,0,0,0.965946019,0.258722723,0.002413541,0.002281629,0.52341209,0.003482087,0.005656801,0.003620237,-0.000870228,-0.012545289,0.154577527,-0.004018983,-0.00013591,0.158732384,0.150694415,0.150422603,0.158460557,-0.150422603,-0.158460557,-0.158732384,-0.150694415,0.000186686,0.003482087,0.005656801
6.850409985,0.965925826,0.258819045,0,0,0.523598776,0,0,0.96595186,0.258700371,0.0027974,0.001803129,0.523367061,0.004471383,0.004930917,0.006606431,0.007147343,-0.010401013,0.154529944,-0.00569191,0.000651486,0.159570336,0.14818652,0.149489492,0.160873309,-0.149489492,-0.160873309,-0.159570336,-0.14818652,0.000231715,0.004471383,0.004930917
6.901549816,0.965925826,0.258819045,0,0,0.523598776,0,0,0.965943336,0.258731723,0.002955614,0.001639578,0.523432434,0.004861509,0.004696974,-0.001886487,-0.003443659,0.002568215,0.153935884,-0.006088176,-8.51E-05,0.160109177,0.147932827,0.147762522,0.159938872,-0.147762522,-0.159938872,-0.160109177,-0.147932827,0.000166342,0.004861509,0.004696974
6.949319839,0.965925826,0.258819045,0,0,0.523598776,0,0,0.965941191,0.258741856,0.002617909,0.001847247,0.5234518,0.004101583,0.00492345,0.003000349,-0.007012486,0.017523022,0.155776022,-0.004105615,-0.001863966,0.161745563,0.153534338,0.14980641,0.158017635,-0.14980641,-0.158017635,-0.161745563,-0.153534338,0.000146976,0.004101583,0.00492345
7.000229836,0.965925826,0.258819045,0,0,0.523598776,0,0,0.965927601,0.258793443,0.002352078,0.002090315,0.523557496,0.00346196,0.005255646,0.002352148,-0.009755791,0.016918033,0.154799748,-0.00326962,-0.004807369,0.162876695,0.15633747,0.146722719,0.15326196,-0.146722719,-0.15326196,-0.162876695,-0.15633747,4.128E-05,0.00346196,0.005255646
7.049979925,0.965925826,0.258819045,0,0,0.523598776,0,0,0.965909958,0.258858413,0.002077662,0.002481084,0.52369105,0.002729173,0.005868703,0.003501028,-0.004275144,0.017411262,0.154514038,-0.004956766,-0.005508964,0.164979726,0.155066207,0.144048274,0.153961807,-0.144048274,-0.153961807,-0.164979726,-0.155066207,9.2274E-05,0.002729173,0.005868703
7.100909948,0.965925826,0.258819045,0,0,0.523598776,0,0,0.965885699,0.258946687,0.002359107,0.002460652,0.523875942,0.003282905,0.005975249,0.00801757,0.022801017,-0.014631452,0.153495843,-0.010374307,-0.000531415,0.164401531,0.143652916,0.142590091,0.163338691,-0.142590091,-0.163338691,-0.164401531,-0.143652916,0.000277166,0.003282905,0.005975249
7.147959948,0.965925826,0.258819045,0,0,0.523598776,0,0,0.965868711,0.259007215,0.002701757,0.002353448,0.524003752,0.003999976,0.005945876,0.00263527,0.010766834,-0.00231117,0.154640183,-0.008162655,-0.00221212,0.165014923,0.148689613,0.144265383,0.160590678,-0.144265383,-0.160590678,-0.165014923,-0.148689613,0.000404976,0.003999976,0.005945876
7.198439837,0.965925826,0.258819045,0,0,0.523598776,0,0,0.965890706,0.258923888,0.002463424,0.002728682,0.523830451,0.003345761,0.006546981,-0.002075732,0.004597754,0.001389533,0.154845149,-0.006827703,-0.005659002,0.167331815,0.15367642,0.142358407,0.156013817,-0.142358407,-0.156013817,-0.167331815,-0.15367642,0.000231675,0.003345761,0.006546981
7.248319864,0.965925826,0.258819045,0,0,0.523598776,0,0,0.965891778,0.258919626,0.002530732,0.002682847,0.523822072,0.003499551,0.006493279,0.004231185,0.003556162,-0.003400445,0.155714543,-0.007007328,-0.003169542,0.165891379,0.151876733,0.145537645,0.159552291,-0.145537645,-0.159552291,-0.165891379,-0.151876733,0.000223296,0.003499551,0.006493279
7.298349857,0.965925826,0.258819045,0,0,0.523598776,0,0,0.965888619,0.258931637,0.002606085,0.002622494,0.523847341,0.003676291,0.006415757,-7.45E-05,0.007382781,7.53E-05,0.15527306,-0.007659913,-0.002867585,0.165800527,0.150480703,0.144745529,0.160065353,-0.144745529,-0.160065353,-0.165800527,-0.150480703,0.000248565,0.003676291,0.006415757
7.348719835,0.965925826,0.258819045,0,0,0.523598776,0,0,0.965873241,0.258987844,0.002766345,0.002575293,0.52396494,0.004009949,0.006407808,0.004298239,0.008977205,-0.002327561,0.15428358,-0.008001508,-0.002419212,0.164704263,0.148701251,0.143862829,0.159865841,-0.143862829,-0.159865841,-0.164704263,-0.148701251,0.000366164,0.004009949,0.006407808
7.400449991,0.965925826,0.258819045,0,0,0.523598776,0,0,0.965886235,0.258940011,0.002576431,0.002699343,0.52386468,0.003579149,0.006548887,-0.005093217,-0.015881659,0.015040489,0.156342919,-0.002565897,-0.004999608,0.163908392,0.158776596,0.148777381,0.153909177,-0.148777381,-0.153909177,-0.163908392,-0.158776596,0.000265904,0.003579149,0.006548887
7.450049877,0.965925826,0.258819045,0,0,0.523598776,0,0,0.965888202,0.258933514,0.002398836,0.00276904,0.523849937,0.003200026,0.006591526,0.015836209,0.003228337,-0.013698637,0.153553117,-0.005678495,-0.001943223,0.161174804,0.149817809,0.145931363,0.157288358,-0.145931363,-0.157288358,-0.161174804,-0.149817809,0.000251161,0.003200026,0.006591526
7.499840021,0.965925826,0.258819045,0,0,0.523598776,0,0,0.965818048,0.259196132,0.002700072,0.002406427,0.524395048,0.003968094,0.006048121,0.00480488,-0.006711484,0.001164526,0.153443679,-0.007699374,-0.001598928,0.162741944,0.147343203,0.144145355,0.15954408,-0.144145355,-0.15954408,-0.162741944,-0.147343203,0.000796272,0.003968094,0.006048121
7.550109863,0.965925826,0.258819045,0,0,0.523598776,0,0,0.965795159,0.259282231,0.002555009,0.002417136,0.524572261,0.003681798,0.00599393,-0.001074374,-0.000882149,0.001517683,0.154050638,-0.003759294,-0.002479371,0.160289273,0.152770683,0.147811934,0.155330524,-0.147811934,-0.155330524,-0.160289273,-0.152770683,0.000973485,0.003681798,0.00599393
7.600029945,0.965925826,0.258819045,0,0,0.523598776,0,0,0.965765357,0.259394705,0.002498931,0.002356411,0.524804477,0.003604288,0.00584797,0.008698554,-0.003683567,-0.001685321,0.153092097,-0.004101091,-0.002030565,0.15922372,0.15102154,0.146960407,0.155162588,-0.146960407,-0.155162588,-0.15922372,-0.15102154,0.001205701,0.003604288,0.00584797
7.649989843,0.965925826,0.258819045,0,0,0.523598776,0,0,0.965719998,0.259563804,0.002554503,0.00223897,0.525154748,0.003771566,0.005650618,0.001917035,0.002352148,-0.00218451,0.154494891,-0.005651208,-0.001928144,0.162074208,0.150771797,0.14691551,0.158217922,-0.14691551,-0.158217922,-0.162074208,-0.150771797,0.001555972,0.003771566,0.005650618
7.700049877,0.965925826,0.258819045,0,0,0.523598776,0,0,0.965713084,0.259590477,0.002512038,0.002198912,0.525209498,0.00371019,0.005551305,0.003001839,-0.003577769,0.000122935,0.154238358,-0.004119365,-0.002151929,0.160509616,0.152270898,0.147967026,0.156205758,-0.147967026,-0.156205758,-0.160509616,-0.152270898,0.001610722,0.00371019,0.005551305
7.749959946,0.965925826,0.258819045,0,0,0.523598776,0,0,0.965696037,0.25965482,0.002448629,0.002167762,0.525342161,0.00360353,0.005458456,0.008491428,-0.001363456,-0.001388788,0.152999349,-0.004474407,-0.001921537,0.159395263,0.150446445,0.146603376,0.155552179,-0.146603376,-0.155552179,-0.159395263,-0.150446445,0.001743385,0.00360353,0.005458456
7.801309824,0.965925826,0.258819045,0,0,0.523598776,0,0,0.965679646,0.259715706,0.0025602,0.002021342,0.525468627,0.003894728,0.00523385,0.003536791,-0.007782877,0.00428781,0.154941277,-0.005593541,-0.001319033,0.16185382,0.150666744,0.148028672,0.159215748,-0.148028672,-0.159215748,-0.16185382,-0.150666744,0.001869851,0.003894728,0.00523385
7.850049973,0.965925826,0.258819045,0,0,0.523598776,0,0,0.965675652,0.259730637,0.00252117,0.002037058,0.525499339,0.003811101,0.005243986,0.004043431,6.03E-05,-0.001782179,0.154049378,-0.003094881,-0.002563639,0.159707859,0.153518111,0.14839083,0.154580578,-0.14839083,-0.154580578,-0.159707859,-0.153518111,0.001900563,0.003811101,0.005243986
7.900099993,0.965925826,0.258819045,0,0,0.523598776,0,0,0.965662122,0.259780884,0.002592579,0.001980577,0.525603707,0.003978088,0.005172204,0.000698119,0.003821403,-0.003787875,0.154647651,-0.005675013,-0.001379241,0.161701873,0.150351852,0.147593364,0.158943385,-0.147593364,-0.158943385,-0.161701873,-0.150351852,0.002004931,0.003978088,0.005172204
7.949919939,0.965925826,0.258819045,0,0,0.523598776,0,0,0.965668797,0.259755969,0.002567083,0.002003448,0.525552023,0.003917099,0.005203028,0.000435859,0.001915544,0.0004448,0.154716331,-0.005445927,-0.002095599,0.16225782,0.151365966,0.147174776,0.158066615,-0.147174776,-0.158066615,-0.16225782,-0.151365966,0.001953247,0.003917099,0.005203028
8.000859976,0.965925826,0.258819045,0,0,0.523598776,0,0,0.965678453,0.259719789,0.002637553,0.001999028,0.525477547,0.004055691,0.005230952,-0.003302097,-0.000339747,0.002587587,0.15555478,-0.005075428,-0.002393662,0.163023829,0.15287298,0.148085654,0.158236504,-0.148085654,-0.158236504,-0.163023829,-0.15287298,0.001878771,0.004055691,0.005230952
8.051049948,0.965925826,0.258819045,0,0,0.523598776,0,0,0.96567452,0.259733677,0.002626061,0.002068353,0.525506516,0.003997409,0.005358934,0.004193932,0.001523644,0.000747293,0.153901749,-0.005469953,-0.00221132,0.161582977,0.15064308,0.146220446,0.157160342,-0.146220446,-0.157160342,-0.161582977,-0.15064308,0.00190774,0.003997409,0.005358934
8.100909948,0.965925826,0.258819045,0,0,0.523598776,0,0,0.965651989,0.259816825,0.00267243,0.002120978,0.525679232,0.004059153,0.005485009,0.006302446,0.006686897,0.000339001,0.153988429,-0.005840421,-0.002841085,0.162669897,0.150989056,0.145306885,0.156987727,-0.145306885,-0.156987727,-0.162669897,-0.150989056,0.002080456,0.004059153,0.005485009
8.150949955,0.965925826,0.258819045,0,0,0.523598776,0,0,0.965645552,0.259839892,0.002692347,0.002185404,0.525727415,0.004064006,0.005619884,0.003134459,0.004122406,0.003690273,0.153395382,-0.006920958,-0.002316092,0.162632391,0.148790494,0.144158304,0.158000216,-0.144158304,-0.158000216,-0.162632391,-0.148790494,0.002128639,0.004064006,0.005619884
8.203859806,0.965925826,0.258819045,0,0,0.523598776,0,0,0.965612769,0.25996083,0.002719044,0.002225439,0.525978292,0.004094044,0.005711593,0.006949157,-0.001217425,0.000528246,0.15380744,-0.007153339,-0.003685472,0.164646208,0.150339544,0.142968595,0.157275274,-0.142968595,-0.157275274,-0.164646208,-0.150339544,0.002379516,0.004094044,0.005711593
8.250769854,0.965925826,0.258819045,0,0,0.523598776,0,0,0.965585709,0.260061115,0.002735599,0.002239917,0.526186181,0.004117891,0.005748589,0.00366345,-0.000698865,0.000730902,0.153838739,-0.005191983,-0.002340947,0.164646208,0.150339544,0.142968595,0.157275274,-0.142968595,-0.157275274,-0.164646208,-0.150339544,0.002587405,0.004117891,0.005748589
8.300760031,0.965925826,0.258819045,0,0,0.523598776,0,0,0.96557802,0.260089785,0.002727546,0.002257231,0.526245536,0.004093163,0.005777959,0.0077419,-0.004029275,0.003679842,0.152923266,-0.004468226,-0.002802025,0.160193488,0.151257038,0.14565298,0.154589429,-0.14565298,-0.154589429,-0.160193488,-0.151257038,0.00264676,0.004093163,0.005777959
8.350119829,0.965925826,0.258819045,0,0,0.523598776,0,0,0.965563536,0.260143697,0.002727516,0.002263877,0.526357201,0.004089324,0.005791006,0.002827496,0.004933031,0.003173203,0.153979612,-0.006883004,-0.002918823,0.163781404,0.150015399,0.14417775,0.157943755,-0.14417775,-0.157943755,-0.163781404,-0.150015399,0.002758425,0.004089324,0.005791006
8.400820017,0.965925826,0.258819045,0,0,0.523598776,0,0,0.965528786,0.260271698,0.002756554,0.002274876,0.52662269,0.004138905,0.005827905,0.002125651,0.004335493,0.000882894,0.152787285,-0.006057742,-0.002534633,0.16137962,0.149264142,0.144194886,0.15631035,-0.144194886,-0.15631035,-0.16137962,-0.149264142,0.003023914,0.004138905,0.005827905
8.451740026,0.965925826,0.258819045,0,0,0.523598776,0,0,0.965510905,0.260338336,0.00275655,0.002285138,0.526760706,0.004133152,0.005848005,0.002003461,0.000695139,1.12E-05,0.154065065,-0.006622201,-0.00251761,0.163204834,0.149960443,0.144925222,0.158169612,-0.144925222,-0.158169612,-0.163204834,-0.149960443,0.00316193,0.004133152,0.005848005
8.50296998,0.965925826,0.258819045,0,0,0.523598776,0,0,0.965502143,0.260370255,0.002774212,0.002330146,0.526827134,0.004143625,0.005944251,0.001063198,0.003320724,0.002975017,0.154054397,-0.005607437,-0.002295418,0.161957219,0.150742352,0.146151513,0.15736638,-0.146151513,-0.15736638,-0.161957219,-0.150742352,0.003228358,0.004143625,0.005944251
8.549749851,0.965925826,0.258819045,0,0,0.523598776,0,0,0.965489089,0.260418266,0.002775969,0.002355476,0.526926717,0.004133529,0.005994285,0.001301616,0.005771964,0.001897663,0.154166672,-0.00719383,-0.002815057,0.161957219,0.150742352,0.146151513,0.15736638,-0.146151513,-0.15736638,-0.161957219,-0.150742352,0.003327941,0.004133529,0.005994285
8.601639986,0.965925826,0.258819045,0,0,0.523598776,0,0,0.965494037,0.26039964,0.002787579,0.002374712,0.526888299,0.004146045,0.006037398,-0.002980233,0.004207343,0.001113862,0.155117047,-0.006791218,-0.002658012,0.164566234,0.15098381,0.145667791,0.159250215,-0.145667791,-0.159250215,-0.164566234,-0.15098381,0.003289523,0.004146045,0.006037398
8.64993,0.965925826,0.258819045,0,0,0.523598776,0,0,0.965503633,0.260363102,0.002799009,0.002441723,0.526812988,0.00413345,0.006172594,0.002478808,0.003623217,0.005262346,0.153934514,-0.006955243,-0.003445086,0.164334804,0.150424331,0.143534154,0.157444626,-0.143534154,-0.157444626,-0.164334804,-0.150424331,0.003214212,0.00413345,0.006172594
8.70228982,0.965925826,0.258819045,0,0,0.523598776,0,0,0.965505719,0.260354459,0.002829332,0.002510149,0.526795591,0.004156428,0.006320481,0.005800276,-0.000210106,0.000343472,0.154799213,-0.006603543,-0.003200465,0.164603189,0.151396111,0.144995168,0.158202261,-0.144995168,-0.158202261,-0.164603189,-0.151396111,0.003196815,0.004156428,0.006320481
8.749969959,0.965925826,0.258819045,0,0,0.523598776,0,0,0.965512872,0.260327578,0.002820555,0.002560291,0.526740011,0.004113547,0.006412623,0.000954419,-0.001516938,0.005003065,0.153208754,-0.005695764,-0.002589119,0.161493599,0.150102079,0.144923836,0.156315356,-0.144923836,-0.156315356,-0.161493599,-0.150102079,0.003141235,0.004113547,0.006412623
8.799799919,0.965925826,0.258819045,0,0,0.523598776,0,0,0.965503395,0.260362715,0.002839205,0.002559203,0.526812929,0.004149893,0.006420383,0.00634566,0.005603582,-0.003170967,0.154284805,-0.005742832,-0.003414164,0.163441762,0.151956111,0.145127773,0.156613439,-0.145127773,-0.156613439,-0.163441762,-0.151956111,0.003214153,0.004149893,0.006420383
8.849809885,0.965925826,0.258819045,0,0,0.523598776,0,0,0.965506375,0.260351568,0.002848915,0.002554599,0.526789914,0.004171114,0.006416502,-0.001686812,0.000626594,0.000343472,0.154855913,-0.006055394,-0.002644462,0.163555726,0.151444957,0.146156028,0.158266813,-0.146156028,-0.158266813,-0.163555726,-0.151444957,0.003191138,0.004171114,0.006416502
8.901489973,0.965925826,0.258819045,0,0,0.523598776,0,0,0.965511024,0.260334104,0.002844093,0.002545051,0.526753712,0.004166891,0.006395478,0.003231317,-0.002087653,-0.001104176,0.153783688,-0.005178037,-0.002330447,0.161292136,0.150936067,0.146275178,0.156631246,-0.146275178,-0.156631246,-0.161292136,-0.150936067,0.003154936,0.004166891,0.006395478
8.950409889,0.965925826,0.258819045,0,0,0.523598776,0,0,0.965518117,0.260308683,0.002839606,0.002523638,0.526700846,0.004169544,0.006351682,-0.002589823,0.001104921,-0.000666082,0.155078542,-0.006077511,-0.002445355,0.163601369,0.151446357,0.146555647,0.158710659,-0.146555647,-0.158710659,-0.163601369,-0.151446357,0.00310207,0.004169544,0.006351682
9.000730038,0.965925826,0.258819045,0,0,0.523598776,0,0,0.965532005,0.260255545,0.002863764,0.002605308,0.526591373,0.004174033,0.00652174,-0.001348555,0.001812726,0.001093,0.154675667,-0.006909857,-0.003438029,0.165023521,0.151203811,0.144327745,0.158147454,-0.144327745,-0.158147454,-0.165023521,-0.151203811,0.002992597,0.004174033,0.00652174
9.050769806,0.965925826,0.258819045,0,0,0.523598776,0,0,0.965534449,0.260246783,0.002855769,0.002615165,0.526573144,0.004153522,0.006536575,0.000344962,-0.000569224,0.001130253,0.154833419,-0.006491986,-0.00285831,0.164183676,0.151199713,0.145483091,0.158467054,-0.145483091,-0.158467054,-0.164183676,-0.151199713,0.002974368,0.004153522,0.006536575
9.099799871,0.965925826,0.258819045,0,0,0.523598776,0,0,0.96554786,0.260197163,0.002845542,0.002617004,0.526470271,0.00413315,0.00653459,-0.002057851,-0.003135205,0.003536791,0.154464598,-0.005849082,-0.002825475,0.16313912,0.151440963,0.145790011,0.157488167,-0.145790011,-0.157488167,-0.16313912,-0.151440963,0.002871495,0.00413315,0.00653459
9.149780035,0.965925826,0.258819045,0,0,0.523598776,0,0,0.965551138,0.260184556,0.002846467,0.002621304,0.526444237,0.004132785,0.006543322,0.001809746,-0.002118945,-0.000342727,0.154176087,-0.005324482,-0.002546796,0.162047327,0.151398376,0.146304771,0.156953737,-0.146304771,-0.156953737,-0.162047327,-0.151398376,0.002845461,0.004132785,0.006543322
9.201079845,0.965925826,0.258819045,0,0,0.523598776,0,0,0.965561032,0.260148168,0.002842174,0.002610481,0.526368761,0.004130373,0.006520031,-0.002363324,-0.003968179,0.004132837,0.155108947,-0.005146315,-0.003256743,0.163511962,0.153219342,0.146705851,0.156998485,-0.146705851,-0.156998485,-0.163511962,-0.153219342,0.002769985,0.004130373,0.006520031
9.249919891,0.965925826,0.258819045,0,0,0.523598776,0,0,0.965560198,0.260151356,0.002841881,0.002631276,0.526375398,0.004118966,0.00656005,0.00288412,0.002608448,0.00185743,0.153959806,-0.006727399,-0.003048823,0.163735986,0.150281206,0.144183546,0.157638341,-0.144183546,-0.157638341,-0.163735986,-0.150281206,0.002776622,0.004118966,0.00656005
9.300040007,0.965925826,0.258819045,0,0,0.523598776,0,0,0.965564907,0.260133535,0.00282883,0.002637603,0.52633845,0.004090592,0.006565403,0.003208965,0.000558048,0.005056709,0.15389508,-0.006378493,-0.003563836,0.163837373,0.1510804,0.143952727,0.156709701,-0.143952727,-0.156709701,-0.163837373,-0.1510804,0.002739674,0.004090592,0.006565403
9.349730015,0.965925826,0.258819045,0,0,0.523598776,0,0,0.965588808,0.260044575,0.002831294,0.002675939,0.526154324,0.004076016,0.006640341,-0.00025034,-0.001204014,0.002003461,0.155340281,-0.006439195,-0.002951763,0.164731205,0.151852816,0.145949289,0.158827677,-0.145949289,-0.158827677,-0.164731205,-0.151852816,0.002555548,0.004076016,0.006640341
9.401239872,0.965925826,0.258819045,0,0,0.523598776,0,0,0.965592086,0.260032535,0.002823393,0.002674719,0.526129305,0.004061475,0.006633826,-0.002206863,-0.002321601,0.001948327,0.154703505,-0.005789927,-0.00303428,0.163527668,0.151947826,0.145879269,0.15745911,-0.145879269,-0.15745911,-0.163527668,-0.151947826,0.002530529,0.004061475,0.006633826
9.449819803,0.965925826,0.258819045,0,0,0.523598776,0,0,0.965591073,0.26003623,0.002835749,0.00265475,0.526137016,0.004095697,0.006601704,0.001297146,-0.000569224,-0.001618266,0.15437043,-0.005688524,-0.00240156,0.162460476,0.15108344,0.146280318,0.157657355,-0.146280318,-0.157657355,-0.162460476,-0.15108344,0.00253824,0.004095697,0.006601704
9.501049995,0.965925826,0.258819045,0,0,0.523598776,0,0,0.96560508,0.259984672,0.002819871,0.00263951,0.526030011,0.004073309,0.006563796,-0.001232326,0.001244992,0.00287518,0.154953045,-0.006452364,-0.003198568,0.164603934,0.151699215,0.145302087,0.158206806,-0.145302087,-0.158206806,-0.164603934,-0.151699215,0.002431235,0.004073309,0.006563796
9.549870014,0.965925826,0.258819045,0,0,0.523598776,0,0,0.96560359,0.259989798,0.002816882,0.002651971,0.526040691,0.004061023,0.006586328,0.004457682,-0.001636148,0.002864748,0.153698086,-0.005642938,-0.003156007,0.162496999,0.151211128,0.144899115,0.156184986,-0.144899115,-0.156184986,-0.162496999,-0.151211128,0.002441915,0.004061023,0.006586328
9.600839853,0.965925826,0.258819045,0,0,0.523598776,0,0,0.965606749,0.259977788,0.002831695,0.002678912,0.526016023,0.004075704,0.006646011,-0.004062057,0.00172928,0.000432879,0.155579522,-0.006505524,-0.002827385,0.164912388,0.151901349,0.146246582,0.159257621,-0.146246582,-0.159257621,-0.164912388,-0.151901349,0.002417247,0.004075704,0.006646011
9.651319981,0.965925826,0.258819045,0,0,0.523598776,0,0,0.965607703,0.25997445,0.002829737,0.00267725,0.526009063,0.004072809,0.006641768,0.001067668,0.002069026,0.001399964,0.153575339,-0.005220546,-0.003111485,0.16190733,0.15146625,0.145243272,0.155684367,-0.145243272,-0.155684367,-0.16190733,-0.15146625,0.002410287,0.004072809,0.006641768
9.7011199,0.965925826,0.258819045,0,0,0.523598776,0,0,0.965607584,0.259974658,0.002829507,0.002698447,0.526009573,0.004061341,0.006682586,-0.001040101,-0.0010252,0.002253801,0.154454258,-0.006610984,-0.003009366,0.16190733,0.15146625,0.145243272,0.155684367,-0.145243272,-0.155684367,-0.16190733,-0.15146625,0.002410797,0.004061341,0.006682586
9.752319813,0.965925826,0.258819045,0,0,0.523598776,0,0,0.965612769,0.259954989,0.00283507,0.002727878,0.525968996,0.004056919,0.006742235,0.000924617,0.00134185,-2.68E-05,0.154855368,-0.005946537,-0.00313635,0.163938224,0.152045146,0.145772457,0.157665521,-0.145772457,-0.157665521,-0.163938224,-0.152045146,0.00237022,0.004056919,0.006742235
9.799839973,0.965925826,0.258819045,0,0,0.523598776,0,0,0.965618134,0.259935021,0.002830427,0.002743967,0.525927644,0.004039727,0.006770809,-0.001390278,-0.002330542,0.003891438,0.155010782,-0.005704268,-0.003410876,0.16412589,0.152717352,0.1458956,0.157304138,-0.1458956,-0.157304138,-0.16412589,-0.152717352,0.002328868,0.004039727,0.006770809
9.852979898,0.965925826,0.258819045,0,0,0.523598776,0,0,0.965619266,0.259930819,0.002851285,0.002725173,0.525919058,0.004089809,0.006745339,-0.002133847,0.002824515,0.001544505,0.155181135,-0.006927365,-0.003098567,0.165207028,0.151352301,0.145155177,0.159009889,-0.145155177,-0.159009889,-0.165207028,-0.151352301,0.002320282,0.004089809,0.006745339
9.900449991,0.965925826,0.258819045,0,0,0.523598776,0,0,0.965628624,0.259895861,0.002837983,0.002751483,0.525846636,0.004050688,0.006789088,0.000347942,-0.001721084,0.001329929,0.154651901,-0.005698882,-0.002994006,0.163344756,0.151946992,0.145958975,0.157356739,-0.145958975,-0.157356739,-0.163344756,-0.151946992,0.00224786,0.004050688,0.006789088
9.950549841,0.965925826,0.258819045,0,0,0.523598776,0,0,0.965625882,0.259905636,0.002846028,0.00278505,0.525867073,0.004048707,0.006858139,-0.001618266,-0.003291667,0.002204627,0.153950213,-0.005437993,-0.003062877,0.162451044,0.151575074,0.145449311,0.156325296,-0.145449311,-0.156325296,-0.162451044,-0.151575074,0.002268297,0.004048707,0.006858139
10.00208998,0.965925826,0.258819045,0,0,0.523598776,0,0,0.965620995,0.259923935,0.002841114,0.002759695,0.525904861,0.004052268,0.006806693,0.006998331,-0.00153929,-7.90E-05,0.155076609,-0.005405391,-0.003142813,0.163624778,0.152814001,0.146528378,0.157339156,-0.146528378,-0.157339156,-0.163624778,-0.152814001,0.002306085,0.004052268,0.006806693
10.05033994,0.965925826,0.258819045,0,0,0.523598776,0,0,0.965610743,0.259962589,0.002809019,0.002721564,0.525984516,0.00400984,0.006716528,0.003898889,0.000513345,0.002158433,0.153176105,-0.005606949,-0.002776202,0.161559224,0.150345325,0.144792929,0.156006813,-0.144792929,-0.156006813,-0.161559224,-0.150345325,0.00238574,0.00400984,0.006716528
10.09995985,0.965925826,0.258819045,0,0,0.523598776,0,0,0.965602815,0.259992123,0.002823598,0.002724795,0.526045792,0.004036107,0.006730471,-0.000332296,-0.003856421,-0.001230836,0.154749444,-0.004924523,-0.002472846,0.162146777,0.152297735,0.14735204,0.157201082,-0.14735204,-0.157201082,-0.162146777,-0.152297735,0.002447016,0.004036107,0.006730471
10.14949989,0.965925826,0.258819045,0,0,0.523598776,0,0,0.96559608,0.260017484,0.002810421,0.002714916,0.526098153,0.004015621,0.006704645,0.00236854,0.000356883,0.001538545,0.154143858,-0.00617837,-0.003042529,0.163364723,0.15100798,0.144922927,0.157279655,-0.144922927,-0.157279655,-0.163364723,-0.15100798,0.002499377,0.004015621,0.006704645
10.19937992,0.965925826,0.258819045,0,0,0.523598776,0,0,0.965592206,0.260031402,0.002828322,0.002735557,0.526127225,0.004039361,0.006753875,0.004407018,0.003182143,0.001748651,0.153689752,-0.006971805,-0.003168493,0.163830012,0.149886414,0.143549427,0.157493025,-0.143549427,-0.157493025,-0.163830012,-0.149886414,0.002528449,0.004039361,0.006753875
10.24925995,0.965925826,0.258819045,0,0,0.523598776,0,0,0.965588391,0.260045528,0.00282213,0.002739163,0.52615645,0.004025428,0.006757679,0.00031665,0.001024455,-0.000356138,0.15363591,-0.004789331,-0.002456118,0.160881326,0.151302665,0.146390423,0.155969083,-0.146390423,-0.155969083,-0.160881326,-0.151302665,0.002557674,0.004025428,0.006757679
10.29997993,0.965925826,0.258819045,0,0,0.523598776,0,0,0.96559453,0.26002267,0.002847637,0.002747337,0.526109325,0.004070596,0.006786634,-0.003476441,2.91E-05,0.003411621,0.154580702,-0.006292387,-0.00275366,0.163626716,0.15104194,0.14553462,0.158119395,-0.14553462,-0.158119395,-0.163626716,-0.15104194,0.002510549,0.004070596,0.006786634
10.35113001,0.965925826,0.258819045,0,0,0.523598776,0,0,0.965595841,0.260017335,0.002848814,0.002736217,0.526098325,0.00407869,0.00676575,-0.002144277,-0.000229478,0.002691894,0.155423473,-0.006342448,-0.003379763,0.163626716,0.15104194,0.14553462,0.158119395,-0.14553462,-0.158119395,-0.163626716,-0.15104194,0.002499549,0.00407869,0.00676575
10.40004992,0.965925826,0.258819045,0,0,0.523598776,0,0,0.965599477,0.260004342,0.002838492,0.002702349,0.526071189,0.004076459,0.00669492,-0.000648201,0.000160187,0.000122935,0.154814289,-0.006073102,-0.00277005,0.163657397,0.151511207,0.145971105,0.158117309,-0.145971105,-0.158117309,-0.163657397,-0.151511207,0.002472413,0.004076459,0.00669492
10.44928002,0.965925826,0.258819045,0,0,0.523598776,0,0,0.965602756,0.259992599,0.002833841,0.002695511,0.526046757,0.004071114,0.006679244,-5.66E-05,0.000118464,0.002283603,0.15468963,-0.006184369,-0.003135674,0.164009631,0.151640907,0.14536956,0.157738283,-0.14536956,-0.157738283,-0.164009631,-0.151640907,0.002447981,0.004071114,0.006679244
10.49973989,0.965925826,0.258819045,0,0,0.523598776,0,0,0.965604246,0.259986699,0.00283125,0.00270342,0.526034585,0.004062039,0.006693147,-0.003008544,9.91E-05,0.004532189,0.155339884,-0.006360385,-0.003527039,0.165227264,0.152506515,0.145452425,0.158173189,-0.145452425,-0.158173189,-0.165227264,-0.152506515,0.002435809,0.004062039,0.006693147
10.5498898,0.965925826,0.258819045,0,0,0.523598776,0,0,0.965600669,0.260001063,0.002808451,0.002624304,0.526063842,0.004059051,0.006528561,-0.002709031,-0.001122057,-0.000356138,0.15423433,-0.006292989,-0.00297939,0.163506672,0.150920704,0.144961923,0.157547891,-0.144961923,-0.157547891,-0.163506672,-0.150920704,0.002465066,0.004059051,0.006528561
10.60064983,0.965925826,0.258819045,0,0,0.523598776,0,0,0.965598345,0.260010868,0.002785469,0.00255865,0.526083672,0.004048746,0.006389856,0.004439801,-0.003156066,0.002428144,0.154091849,-0.005592368,-0.002507164,0.162191346,0.151006609,0.145992294,0.157177016,-0.145992294,-0.157177016,-0.162191346,-0.151006609,0.002484896,0.004048746,0.006389856
10.65056992,0.965925826,0.258819045,0,0,0.523598776,0,0,0.96558392,0.260064483,0.002794213,0.002550266,0.526194758,0.004069638,0.006378437,0.001645833,-0.001853704,0.002530962,0.153690678,-0.005066502,-0.002941893,0.161699042,0.151566043,0.145682245,0.155815244,-0.145682245,-0.155815244,-0.161699042,-0.151566043,0.002595982,0.004069638,0.006378437
10.70108986,0.965925826,0.258819045,0,0,0.523598776,0,0,0.965574682,0.260098547,0.002795759,0.002521176,0.526265292,0.004087532,0.006323209,0.004830211,-0.002422929,-0.002121926,0.153560349,-0.004931323,-0.002128755,0.160620391,0.150757745,0.146500245,0.156362876,-0.146500245,-0.156362876,-0.160620391,-0.150757745,0.002666516,0.004087532,0.006323209
10.75524998,0.965925826,0.258819045,0,0,0.523598776,0,0,0.965561569,0.260147899,0.002784898,0.00244409,0.526367164,0.004106343,0.006168901,0.000993163,0.000692159,0.002618879,0.154377003,-0.00600107,-0.002924044,0.163302079,0.151299953,0.145451859,0.157453999,-0.145451859,-0.157453999,-0.163302079,-0.151299953,0.002768388,0.004106343,0.006168901
10.79989982,0.965925826,0.258819045,0,0,0.523598776,0,0,0.965556502,0.260168135,0.002749425,0.002384139,0.52640849,0.004068907,0.006034755,0.002541393,-0.004057586,-0.001116097,0.154025327,-0.004371236,-0.002108584,0.160505116,0.151762649,0.147545472,0.156287938,-0.147545472,-0.156287938,-0.160505116,-0.151762649,0.002809714,0.004068907,0.006034755
10.84993982,0.965925826,0.258819045,0,0,0.523598776,0,0,0.965550721,0.26019001,0.002740776,0.002356718,0.526453618,0.004066338,0.005977391,-0.004552305,0.003541261,0.004696101,0.154490989,-0.005943499,-0.002477236,0.162911683,0.151024699,0.146070227,0.157957211,-0.146070227,-0.157957211,-0.162911683,-0.151024699,0.002854842,0.004066338,0.005977391
10.90083981,0.965925826,0.258819045,0,0,0.523598776,0,0,0.965555668,0.260171294,0.002746586,0.002383601,0.526415004,0.004063685,0.00603225,0.007318705,-0.004243851,0.003346056,0.154901683,-0.005316573,-0.00240171,0.162619933,0.151986793,0.147183374,0.157816514,-0.147183374,-0.157816514,-0.162619933,-0.151986793,0.002816228,0.004063685,0.00603225
10.95100999,0.965925826,0.258819045,0,0,0.523598776,0,0,0.965559781,0.260156155,0.002737032,0.002373115,0.526383538,0.004050787,0.006006965,0.000139326,0.003702194,0.00019744,0.152971237,-0.00456223,-0.002882741,0.160416171,0.151291713,0.14552623,0.154650688,-0.14552623,-0.154650688,-0.160416171,-0.151291713,0.002784762,0.004050787,0.006006965
11.00020003,0.965925826,0.258819045,0,0,0.523598776,0,0,0.965568423,0.260124177,0.002728125,0.002375773,0.526317232,0.004032401,0.00600733,-0.000910461,-0.003518164,0.003352016,0.154805807,-0.004806002,-0.002879184,0.162490949,0.152878955,0.147120595,0.156732589,-0.147120595,-0.156732589,-0.162490949,-0.152878955,0.002718456,0.004032401,0.00600733
11.04984999,0.965925826,0.258819045,0,0,0.523598776,0,0,0.965567708,0.260126919,0.002711531,0.002374939,0.526322784,0.004000773,0.005997098,0.002314895,-0.001649559,0.002058596,0.15409758,-0.005173938,-0.002705715,0.161977202,0.151629329,0.146217898,0.156565771,-0.146217898,-0.156565771,-0.161977202,-0.151629329,0.002724008,0.004000773,0.005997098
11.09988999,0.965925826,0.258819045,0,0,0.523598776,0,0,0.965571284,0.260114104,0.002722692,0.002335181,0.526296159,0.00404309,0.005926071,0.002569706,0.000119954,0.002322346,0.15404969,-0.005624578,-0.002744654,0.162418887,0.151169732,0.145680428,0.156929582,-0.145680428,-0.156929582,-0.162418887,-0.151169732,0.002697383,0.00404309,0.005926071
11.14993,0.965925826,0.258819045,0,0,0.523598776,0,0,0.965572238,0.260110408,0.002708052,0.002303639,0.526288353,0.00403125,0.005857526,-0.000914931,-0.002931058,-9.09E-05,0.154816831,-0.004631431,-0.002218048,0.161666274,0.152403414,0.147967324,0.157230183,-0.147967324,-0.157230183,-0.161666274,-0.152403414,0.002689577,0.00403125,0.005857526
11.2005899,0.965925826,0.258819045,0,0,0.523598776,0,0,0.965585351,0.260062575,0.00270771,0.002275067,0.526189088,0.004045741,0.00580197,-0.001804531,-0.000594556,0.003812462,0.15504259,-0.006048137,-0.002472656,0.163563341,0.151467085,0.146521762,0.158618033,-0.146521762,-0.158618033,-0.163563341,-0.151467085,0.002590312,0.004045741,0.00580197
11.24984002,0.965925826,0.258819045,0,0,0.523598776,0,0,0.965599358,0.260010749,0.002700178,0.002236621,0.526081574,0.004051501,0.005723588,0.001645833,-0.003440678,0.003034621,0.155037948,-0.005480292,-0.002910639,0.163428843,0.152468264,0.146646991,0.15760757,-0.146646991,-0.15760757,-0.163428843,-0.152468264,0.002482798,0.004051501,0.005723588
11.30503988,0.965925826,0.258819045,0,0,0.523598776,0,0,0.965608716,0.259976745,0.00268038,0.002228386,0.526010888,0.00401775,0.005697247,0.002018363,0.003042073,0.000182539,0.154248452,-0.006100368,-0.002323436,0.162672222,0.150471494,0.145824611,0.158025354,-0.145824611,-0.158025354,-0.162672222,-0.150471494,0.002412112,0.00401775,0.005697247
11.3509798,0.965925826,0.258819045,0,0,0.523598776,0,0,0.965616822,0.259946853,0.002650668,0.002191329,0.525948663,0.003979812,0.005610107,0.003517419,-0.001145899,0.000926107,0.153932915,-0.004944956,-0.002319326,0.161197156,0.151307255,0.146668598,0.156558514,-0.146668598,-0.156558514,-0.161197156,-0.151307255,0.002349887,0.003979812,0.005610107
11.39988995,0.965925826,0.258819045,0,0,0.523598776,0,0,0.965624988,0.259917021,0.002645884,0.002162711,0.525886705,0.003985622,0.005552228,-0.002758205,0.000152737,-0.0002563,0.155329327,-0.005223908,-0.002103137,0.162656337,0.152208522,0.148002252,0.158450067,-0.148002252,-0.158450067,-0.162656337,-0.152208522,0.002287929,0.003985622,0.005552228
11.45078993,0.965925826,0.258819045,0,0,0.523598776,0,0,0.965638399,0.259867013,0.002630875,0.002124061,0.525782966,0.003977012,0.005469577,0.003581495,0.001426786,-0.002005697,0.153964935,-0.005342589,-0.001796762,0.161104247,0.150419071,0.146825552,0.157510728,-0.146825552,-0.157510728,-0.161104247,-0.150419071,0.00218419,0.003977012,0.005469577
11.50124002,0.965925826,0.258819045,0,0,0.523598776,0,0,0.965664923,0.259768963,0.002639113,0.002107902,0.52557983,0.004001872,0.005442244,-0.007005037,0.00083223,0.001408905,0.155759919,-0.006192044,-0.002473908,0.164425835,0.152041748,0.147093937,0.159478024,-0.147093937,-0.159478024,-0.164425835,-0.152041748,0.001981054,0.004001872,0.005442244
11.55230999,0.965925826,0.258819045,0,0,0.523598776,0,0,0.965679526,0.259714633,0.002642747,0.002069333,0.525467241,0.004029233,0.005369416,-0.002418458,0.002665072,0.000291318,0.156341872,-0.00547154,-0.002337283,0.164150655,0.153207585,0.148533016,0.159476086,-0.148533016,-0.159476086,-0.164150655,-0.153207585,0.001868465,0.004029233,0.005369416
11.59982991,0.965925826,0.258819045,0,0,0.523598776,0,0,0.965686381,0.259689152,0.002650166,0.002112834,0.525414622,0.004021108,0.005457179,-0.000149012,0.003469735,-0.000198185,0.155365484,-0.005807785,-0.002148475,0.163321704,0.151706144,0.147409201,0.15902476,-0.147409201,-0.15902476,-0.163321704,-0.151706144,0.001815846,0.004021108,0.005457179
11.64949989,0.965925826,0.258819045,0,0,0.523598776,0,0,0.965704203,0.259622574,0.002660918,0.002100186,0.525276813,0.004048818,0.005438057,0.000166148,-9.83E-05,0.002958626,0.154844705,-0.005281033,-0.002582392,0.162708089,0.152146026,0.146981254,0.157543316,-0.146981254,-0.157543316,-0.162708089,-0.152146026,0.001678037,0.004048818,0.005438057
11.69999981,0.965925826,0.258819045,0,0,0.523598776,0,0,0.965715528,0.259580672,0.002647344,0.002077978,0.525189862,0.004034368,0.00538794,-0.006265938,0.001116842,-0.001503527,0.156282672,-0.00532035,-0.001807392,0.16341038,0.152769685,0.149154902,0.159795597,-0.149154902,-0.159795597,-0.16341038,-0.152769685,0.001591086,0.004034368,0.00538794
11.75002003,0.965925826,0.258819045,0,0,0.523598776,0,0,0.965731502,0.259521395,0.002665809,0.00208727,0.525067218,0.00406554,0.005415225,0.003875047,-0.001198053,0.001391023,0.154084692,-0.00484543,-0.002276741,0.161206827,0.151515976,0.146962494,0.156653345,-0.146962494,-0.156653345,-0.161206827,-0.151515976,0.001468442,0.00406554,0.005415225
11.79980993,0.965925826,0.258819045,0,0,0.523598776,0,0,0.965746105,0.259467185,0.002653869,0.002057097,0.524954781,0.004058439,0.005350519,0.000786036,0.000616163,0.000727922,0.15658027,-0.005285112,-0.001823699,0.163689047,0.153118819,0.149471432,0.160041645,-0.149471432,-0.160041645,-0.163689047,-0.153118819,0.001356005,0.004058439,0.005350519
11.85097003,0.965925826,0.258819045,0,0,0.523598776,0,0,0.965757787,0.259423971,0.00264469,0.002051448,0.52486518,0.004043881,0.005334664,-0.001551211,-0.000885129,0.004262477,0.154794094,-0.005262229,-0.002165862,0.162222147,0.151697695,0.147365972,0.157890424,-0.147365972,-0.157890424,-0.162222147,-0.151697695,0.001266404,0.004043881,0.005334664
11.89990997,0.965925826,0.258819045,0,0,0.523598776,0,0,0.96576488,0.259397805,0.002621161,0.002055679,0.524810823,0.003996383,0.005330519,-0.003404916,-0.002771616,0.002037734,0.155328559,-0.005093955,-0.002732694,0.163155168,0.152967274,0.147501886,0.15768978,-0.147501886,-0.15768978,-0.163155168,-0.152967274,0.001212047,0.003996383,0.005330519
11.94992995,0.965925826,0.258819045,0,0,0.523598776,0,0,0.96578306,0.25933069,0.002616226,0.00201759,0.524671631,0.004006978,0.005254109,-0.004009902,0.000750274,-0.002487004,0.155922913,-0.005037299,-0.001567037,0.162527218,0.152452618,0.149318546,0.159393132,-0.149318546,-0.159393132,-0.162527218,-0.152452618,0.001072855,0.004006978,0.005254109
11.9999299,0.965925826,0.258819045,0,0,0.523598776,0,0,0.965804458,0.259250611,0.00260289,0.002059179,0.524505875,0.003960089,0.005327196,0.000799447,0.000808388,0.002282113,0.154907788,-0.005365691,-0.002447938,0.162721381,0.151989996,0.147094131,0.1578255,-0.147094131,-0.1578255,-0.162721381,-0.151989996,0.000907099,0.003960089,0.005327196
12.04991984,0.965925826,0.258819045,0,0,0.523598776,0,0,0.965836585,0.25913021,0.002647415,0.002072664,0.524256957,0.004039771,0.005375828,-0.006733835,0.001359731,0.003037601,0.156626669,-0.005676712,-0.002589407,0.164892748,0.15353933,0.148360521,0.159713939,-0.148360521,-0.159713939,-0.164892748,-0.15353933,0.000658181,0.004039771,0.005375828
12.10017991,0.965925826,0.258819045,0,0,0.523598776,0,0,0.965857208,0.259053588,0.002624102,0.00207094,0.524098109,0.003996058,0.005360098,-0.005391241,0.001006573,0.000270456,0.155045146,-0.004387654,-0.002187852,0.161620617,0.152845308,0.148469612,0.157244906,-0.148469612,-0.157244906,-0.161620617,-0.152845308,0.000499333,0.003996058,0.005360098
12.15031981,0.965925826,0.258819045,0,0,0.523598776,0,0,0.965887845,0.258939445,0.002644363,0.002034544,0.523861777,0.00405468,0.005299811,-0.001968444,0.000735372,0.000920147,0.155390861,-0.005077173,-0.002033116,0.162501112,0.152346775,0.148280546,0.158434883,-0.148280546,-0.158434883,-0.162501112,-0.152346775,0.000263001,0.00405468,0.005299811
12.19990993,0.965925826,0.258819045,0,0,0.523598776,0,0,0.965911031,0.258853287,0.002640394,0.001995893,0.523683206,0.004067496,0.005222727,0.000686198,-0.001446903,-0.001949072,0.155684135,-0.005286427,-0.002173371,0.163143903,0.152571052,0.148224309,0.15879716,-0.148224309,-0.15879716,-0.163143903,-0.152571052,8.443E-05,0.004067496,0.005222727
12.24997997,0.965925826,0.258819045,0,0,0.523598776,0,0,0.965929389,0.258785009,0.00263007,0.001950275,0.52354162,0.004071531,0.005128966,0.000632554,-0.00422299,0.003238768,0.155193013,-0.003979156,-0.002368753,0.161540881,0.153582573,0.148845077,0.156803384,-0.148845077,-0.156803384,-0.161540881,-0.153582573,5.7156E-05,0.004071531,0.005128966
12.30004001,0.965925826,0.258819045,0,0,0.523598776,0,0,0.965948105,0.258714944,0.002643212,0.001951965,0.52339666,0.004096419,0.005138737,-0.006552041,7.38E-05,0.001391023,0.156811311,-0.005072519,-0.002137778,0.164021567,0.153876543,0.149600983,0.159746021,-0.149600983,-0.159746021,-0.164021567,-0.153876543,0.000202116,0.004096419,0.005138737
12.34992981,0.965925826,0.258819045,0,0,0.523598776,0,0,0.96597743,0.25860545,0.002637972,0.001943248,0.523169899,0.004091385,0.00511872,-0.003665686,-0.003500283,-0.002188981,0.156236355,-0.003851492,-0.001433022,0.161520839,0.153817847,0.150951803,0.158654794,-0.150951803,-0.158654794,-0.161520839,-0.153817847,0.000428877,0.004091385,0.00511872
12.40078998,0.965925826,0.258819045,0,0,0.523598776,0,0,0.966023982,0.258431971,0.002637011,0.001877286,0.522810484,0.004124542,0.004990045,-0.006994606,0.001420826,-0.000579655,0.157033751,-0.005277975,-0.001797431,0.164109126,0.153553173,0.149958313,0.16051425,-0.149958313,-0.16051425,-0.164109126,-0.153553173,0.000788292,0.004124542,0.004990045
12.44990993,0.965925826,0.258819045,0,0,0.523598776,0,0,0.96605432,0.258319318,0.002619446,0.001827892,0.522576914,0.004116706,0.004885054,-0.00769645,-0.004291535,-0.000588596,0.157486052,-0.003933408,-0.001787282,0.163206711,0.155339897,0.151765332,0.159632146,-0.151765332,-0.159632146,-0.163206711,-0.155339897,0.001021862,0.004116706,0.004885054
12.49984002,0.965925826,0.258819045,0,0,0.523598776,0,0,0.966078997,0.258227378,0.002614859,0.001830156,0.522386505,0.004107138,0.004886667,-0.00090152,-0.001423061,-0.003017485,0.157274796,-0.003618263,-0.001554771,0.162447795,0.15521127,0.152101725,0.159338251,-0.152101725,-0.159338251,-0.162447795,-0.15521127,0.001212271,0.004107138,0.004886667
12.54987001,0.965925826,0.258819045,0,0,0.523598776,0,0,0.966101646,0.25814274,0.002617594,0.001785968,0.522211166,0.004135666,0.004802338,-0.002779067,0.000996143,0.001262873,0.156292986,-0.0050518,-0.001954027,0.163298771,0.153195187,0.14928712,0.159390718,-0.14928712,-0.159390718,-0.163298771,-0.153195187,0.00138761,0.004135666,0.004802338
12.59988999,0.965925826,0.258819045,0,0,0.523598776,0,0,0.966129243,0.258039534,0.002598766,0.001746944,0.521997288,0.004119938,0.004716774,-0.008448959,-0.002683699,-0.001738966,0.157592346,-0.003852914,-0.001301919,0.162747145,0.155041322,0.152437478,0.160143301,-0.152437478,-0.160143301,-0.162747145,-0.155041322,0.001601488,0.004119938,0.004716774
12.64995003,0.965925826,0.258819045,0,0,0.523598776,0,0,0.966140389,0.257998675,0.002574975,0.001725777,0.521912393,0.004085089,0.00466342,-0.001998246,-0.003421307,-0.002764165,0.156199004,-0.003494145,-0.001095187,0.160788298,0.153800011,0.151609644,0.158597931,-0.151609644,-0.158597931,-0.160788298,-0.153800011,0.001686383,0.004085089,0.00466342
12.70001984,0.965925826,0.258819045,0,0,0.523598776,0,0,0.966171205,0.257883221,0.002562799,0.00165641,0.521673142,0.004097896,0.004522611,0.000872463,-0.002409518,-0.001639128,0.155631366,-0.003720563,-0.001237445,0.160589337,0.153148219,0.15067333,0.158114448,-0.15067333,-0.158114448,-0.160589337,-0.153148219,0.001925634,0.004097896,0.004522611
12.75040984,0.965925826,0.258819045,0,0,0.523598776,0,0,0.966202259,0.257768244,0.002511304,0.001556698,0.521434395,0.004050331,0.004302888,0.001233071,-1.49E-05,-0.001569092,0.156776169,-0.003831267,-0.001133389,0.161740795,0.15407826,0.151811481,0.159474015,-0.151811481,-0.159474015,-0.161740795,-0.15407826,0.002164381,0.004050331,0.004302888
12.80092001,0.965925826,0.258819045,0,0,0.523598776,0,0,0.966215849,0.257717133,0.002528746,0.00152359,0.521328617,0.00410133,0.004247684,-0.004649163,-0.00243485,-0.000101328,0.155615829,-0.004191561,-0.001195778,0.161003128,0.152620018,0.150228456,0.158611581,-0.150228456,-0.158611581,-0.161003128,-0.152620018,0.002270159,0.00410133,0.004247684
12.8510499,0.965925826,0.258819045,0,0,0.523598776,0,0,0.966238141,0.257634342,0.002493868,0.001464358,0.521156791,0.004064814,0.004114895,0.002530962,-0.004905463,-0.003676116,0.155401915,-0.00261275,-0.000617573,0.158632204,0.153406709,0.152171552,0.157397062,-0.152171552,-0.157397062,-0.158632204,-0.153406709,0.002441985,0.004064814,0.004114895
12.90075994,0.965925826,0.258819045,0,0,0.523598776,0,0,0.966272831,0.257504404,0.002503567,0.001468309,0.520887872,0.004082077,0.004126979,-0.001798571,-0.002001226,0.003383309,0.156421293,-0.003886714,-0.001901364,0.162209332,0.154435918,0.150633186,0.1584066,-0.150633186,-0.1584066,-0.162209332,-0.154435918,0.002710904,0.004082077,0.004126979
12.95094991,0.965925826,0.258819045,0,0,0.523598776,0,0,0.966299057,0.257405937,0.002493186,0.001472629,0.520684032,0.00406021,0.004129566,-0.004918873,-0.00077337,0.000632554,0.157160537,-0.004049017,-0.001457106,0.162666619,0.154568598,0.151654378,0.159752414,-0.151654378,-0.159752414,-0.162666619,-0.154568598,0.002914744,0.00406021,0.004129566
12.99997997,0.965925826,0.258819045,0,0,0.523598776,0,0,0.966323733,0.257313401,0.002474124,0.001461137,0.520492363,0.00402968,0.004097159,-0.002743304,-0.0011608,-0.000309944,0.156733186,-0.00383801,-0.001277345,0.1618485,0.154172495,0.151617795,0.159293815,-0.151617795,-0.159293815,-0.1618485,-0.154172495,0.003106413,0.00402968,0.004097159
13.05059004,0.965925826,0.258819045,0,0,0.523598776,0,0,0.966401994,0.257019073,0.002495131,0.001470541,0.519883383,0.004066696,0.004124906,-0.011135639,-0.002115965,0.003459305,0.157948115,-0.004128798,-0.001026802,0.163103685,0.154846087,0.152792484,0.161050081,-0.152792484,-0.161050081,-0.163103685,-0.154846087,0.003715393,0.004066696,0.004124906
13.10201001,0.965925826,0.258819045,0,0,0.523598776,0,0,0.966436684,0.256888449,0.002501941,0.00149727,0.51961319,0.004066684,0.00417952,-0.007045269,-0.003494323,0.003352016,0.158730404,-0.003917515,-0.001904112,0.164551988,0.156716973,0.152908742,0.160743773,-0.152908742,-0.160743773,-0.164551988,-0.156716973,0.003985586,0.004066684,0.00417952
13.15110993,0.965925826,0.258819045,0,0,0.523598776,0,0,0.966468751,0.256767958,0.002488127,0.001490301,0.519363729,0.004044081,0.004158446,-0.004512072,-0.000485778,0.001146644,0.157902812,-0.003554673,-0.001889456,0.163346902,0.156237558,0.152458653,0.159567997,-0.152458653,-0.159567997,-0.163346902,-0.156237558,0.004235047,0.004044081,0.004158446
13.20003986,0.965925826,0.258819045,0,0,0.523598776,0,0,0.966496646,0.256662905,0.002488839,0.001485895,0.519146332,0.004048172,0.004149857,-0.000597537,0.001507252,0.002453476,0.156612358,-0.004754504,-0.001844664,0.163211495,0.153702483,0.150013164,0.159522161,-0.150013164,-0.159522161,-0.163211495,-0.153702483,0.004452444,0.004048172,0.004149857
13.24987984,0.965925826,0.258819045,0,0,0.523598776,0,0,0.966539383,0.256502062,0.002509346,0.001503025,0.518813636,0.004079716,0.004192818,-0.005011261,0.000939518,0.004854054,0.157665939,-0.004825875,-0.00225841,0.164750189,0.155098438,0.150581628,0.160233364,-0.150581628,-0.160233364,-0.164750189,-0.155098438,0.00478514,0.004079716,0.004192818
13.30022001,0.965925826,0.258819045,0,0,0.523598776,0,0,0.966573,0.256375045,0.002511431,0.001523864,0.518550924,0.004073611,0.004233635,0.002086908,-0.000189245,-0.003692508,0.15617917,-0.003955172,-0.000787843,0.160922155,0.153011814,0.15143612,0.159346461,-0.15143612,-0.159346461,-0.160922155,-0.153011814,0.005047852,0.004073611,0.004233635
13.35195994,0.965925826,0.258819045,0,0,0.523598776,0,0,0.966640174,0.256122231,0.002468019,0.001449115,0.518027319,0.004029081,0.004065819,-0.002589822,-0.004900992,0.003921241,0.158650049,-0.003630732,-0.001053902,0.160922155,0.153011814,0.15143612,0.159346461,-0.15143612,-0.159346461,-0.160922155,-0.153011814,0.005571457,0.004029081,0.004065819
13.40173984,0.965925826,0.258819045,0,0,0.523598776,0,0,0.966685951,0.255949676,0.002492731,0.001446741,0.517670385,0.0040788,0.00407316,-0.002488494,0.001009554,0.001335889,0.157336761,-0.003088133,-0.001911368,0.16233623,0.156159967,0.152337223,0.158513486,-0.152337223,-0.158513486,-0.16233623,-0.156159967,0.005928391,0.0040788,0.00407316
13.45187998,0.965925826,0.258819045,0,0,0.523598776,0,0,0.966724694,0.255802989,0.002481054,0.001399141,0.517366753,0.004081195,0.003974534,-0.006072224,-0.00693202,-9.54E-05,0.157410903,-0.0045124,-0.001592576,0.163515836,0.154491052,0.151305899,0.160330683,-0.151305899,-0.160330683,-0.163515836,-0.154491052,0.006232023,0.004081195,0.003974534
13.49984002,0.965925826,0.258819045,0,0,0.523598776,0,0,0.966753244,0.25569582,0.00246985,0.001367814,0.517144792,0.004075993,0.003907779,-0.00077039,-0.001756847,0.002338737,0.157169277,-0.003711125,-0.001617112,0.162497476,0.155075237,0.151841015,0.159263253,-0.151841015,-0.159263253,-0.162497476,-0.155075237,0.006453984,0.004075993,0.003907779
13.55087996,0.965925826,0.258819045,0,0,0.523598776,0,0,0.966778934,0.255598485,0.002470509,0.001363751,0.516943448,0.004079738,0.00389985,-0.001068413,0.001435727,0.00173077,0.157288392,-0.004519564,-0.001578957,0.163386881,0.154347748,0.151189834,0.160228968,-0.151189834,-0.160228968,-0.163386881,-0.154347748,0.006655328,0.004079738,0.00389985
13.60004997,0.965925826,0.258819045,0,0,0.523598776,0,0,0.966815948,0.255458742,0.002466075,0.001301617,0.516654116,0.004103474,0.00377685,-0.005109608,0.002748519,-0.000138581,0.158250766,-0.00468833,-0.001210242,0.164149299,0.154772639,0.152352154,0.161728814,-0.152352154,-0.161728814,-0.164149299,-0.154772639,0.00694466,0.004103474,0.00377685
13.65025997,0.965925826,0.258819045,0,0,0.523598776,0,0,0.966864526,0.255275369,0.002454347,0.001271184,0.51627457,0.004097048,0.003711233,-0.005890429,0.001161546,0.002913922,0.158256541,-0.003245012,-0.001360804,0.162862316,0.156372294,0.153650686,0.160140708,-0.153650686,-0.160140708,-0.162862316,-0.156372294,0.007324206,0.004097048,0.003711233
13.69999981,0.965925826,0.258819045,0,0,0.523598776,0,0,0.966888666,0.255184144,0.002429736,0.001251423,0.516085667,0.004059893,0.003660072,-0.004914403,-0.001952052,-0.000494719,0.158519041,-0.004420419,-0.001667351,0.16460678,0.155765936,0.152431235,0.161272064,-0.152431235,-0.161272064,-0.16460678,-0.155765936,0.007513109,0.004059893,0.003660072
13.74980998,0.965925826,0.258819045,0,0,0.523598776,0,0,0.966913462,0.255090266,0.002402511,0.0012147,0.51589124,0.004026335,0.003574771,-0.00616461,0.000426918,-0.000193715,0.158353932,-0.003318244,-0.0009894,0.162661538,0.156025052,0.154046252,0.160682738,-0.154046252,-0.160682738,-0.162661538,-0.156025052,0.007707536,0.004026335,0.003574771
13.80094981,0.965925826,0.258819045,0,0,0.523598776,0,0,0.966935813,0.255006045,0.002408421,0.001174895,0.515716872,0.004058377,0.003500455,-0.002041459,-0.002641976,0.003836305,0.157818353,-0.003283726,-0.001639889,0.162741929,0.156174481,0.152894706,0.159462154,-0.152894706,-0.159462154,-0.162741929,-0.156174481,0.007881904,0.004058377,0.003500455
13.85008001,0.965925826,0.258819045,0,0,0.523598776,0,0,0.966956913,0.254926711,0.002387408,0.001107274,0.515552391,0.004052505,0.003358633,0.002526492,-0.002828241,-0.004824996,0.156861839,-0.002548079,-6.63E-05,0.159476191,0.154380038,0.154247418,0.15934357,-0.154247418,-0.15934357,-0.159476191,-0.154380038,0.008046385,0.004052505,0.003358633
13.9000299,0.965925826,0.258819045,0,0,0.523598776,0,0,0.966977894,0.254847199,0.002378236,0.001055194,0.515387723,0.004061587,0.003252904,0.001113862,0.00378415,5.14E-05,0.157215369,-0.00456313,-0.000997998,0.162776455,0.153650209,0.151654214,0.16078046,-0.151654214,-0.16078046,-0.162776455,-0.153650209,0.008211053,0.004061587,0.003252904
13.95095992,0.965925826,0.258819045,0,0,0.523598776,0,0,0.966993392,0.254788846,0.002371318,0.000962183,0.515266651,0.004095803,0.00306925,0.002054125,-0.002944469,-0.00129044,0.157357717,-0.003685292,-0.000616355,0.16165933,0.154288754,0.15305604,0.160426617,-0.15305604,-0.160426617,-0.16165933,-0.154288754,0.008332125,0.004095803,0.00306925
13.99988985,0.965925826,0.258819045,0,0,0.523598776,0,0,0.967012167,0.254717141,0.002382134,0.000915028,0.515118298,0.004140971,0.002983258,0.006598981,-0.001046062,-0.000648201,0.158422071,-0.002474605,-0.000862637,0.161759272,0.156810075,0.155084804,0.160034001,-0.155084804,-0.160034001,-0.161759272,-0.156810075,0.008480478,0.004140971,0.002983258
14.05012989,0.965925826,0.258819045,0,0,0.523598776,0,0,0.967019737,0.254689097,0.002385713,0.000882525,0.515060111,0.004164536,0.002922097,0.000432879,-0.001113117,-0.000602007,0.156081007,-0.003037127,-0.000609721,0.161759272,0.156810075,0.155084804,0.160034001,-0.155084804,-0.160034001,-0.161759272,-0.156810075,0.008538665,0.004164536,0.002922097
14.10158992,0.965925826,0.258819045,0,0,0.523598776,0,0,0.967043579,0.254598916,0.002357543,0.000873464,0.514873412,0.004114939,0.00288984,-0.008426605,0.001249462,0.000942498,0.15943945,-0.003745586,-0.000879908,0.164064914,0.156573743,0.154813915,0.162305087,-0.154813915,-0.162305087,-0.164064914,-0.156573743,0.008725364,0.004114939,0.00288984
14.14993,0.965925826,0.258819045,0,0,0.523598776,0,0,0.9670524,0.254564941,0.002373072,0.000869742,0.514803257,0.004146969,0.002890403,0.000783056,-0.002358854,0.003521889,0.157437035,-0.002918259,-0.001245971,0.161601231,0.155764714,0.153272778,0.159109294,-0.153272778,-0.159109294,-0.161601231,-0.155764714,0.008795519,0.004146969,0.002890403
14.19994998,0.965925826,0.258819045,0,0,0.523598776,0,0,0.967063665,0.254522264,0.00235679,0.000864375,0.514714899,0.004118339,0.002871551,-0.001467764,-0.000832975,0.001398474,0.157954544,-0.003177629,-0.000906919,0.162039056,0.155683801,0.153869957,0.160225213,-0.153869957,-0.160225213,-0.162039056,-0.155683801,0.008883877,0.004118339,0.002871551
14.24981999,0.965925826,0.258819045,0,0,0.523598776,0,0,0.967079163,0.254463643,0.002342546,0.00086189,0.514593566,0.004092226,0.002859245,-0.001356006,-0.002874435,0.005363674,0.157959764,-0.002871878,-0.001546073,0.162377685,0.156633928,0.153541774,0.15928553,-0.153541774,-0.15928553,-0.162377685,-0.156633928,0.00900521,0.004092226,0.002859245
14.30113983,0.965925826,0.258819045,0,0,0.523598776,0,0,0.967109561,0.254348248,0.002367826,0.000829996,0.514354894,0.004157689,0.002809927,-0.004704297,-0.000594556,0.001952797,0.15781322,-0.003975637,-0.00147545,0.163264275,0.155313,0.152362093,0.160313368,-0.152362093,-0.160313368,-0.163264275,-0.155313,0.009243882,0.004157689,0.002809927
14.35089993,0.965925826,0.258819045,0,0,0.523598776,0,0,0.967118084,0.254315972,0.002341386,0.000789409,0.514287896,0.004127286,0.002717834,0.001788885,-0.001972914,0.001571328,0.158757284,-0.003260621,-0.0009642,0.162982062,0.156460837,0.154532433,0.161053672,-0.154532433,-0.161053672,-0.162982062,-0.156460837,0.00931088,0.004127286,0.002717834
14.40295982,0.965925826,0.258819045,0,0,0.523598776,0,0,0.967128873,0.254275084,0.002337453,0.000758702,0.514203203,0.00413541,0.002656264,-0.002853573,0.001514703,0.001498312,0.158391798,-0.003667782,-0.000856066,0.162915602,0.155580044,0.153867915,0.161203474,-0.153867915,-0.161203474,-0.162915602,-0.155580044,0.009395573,0.00413541,0.002656264
14.45094991,0.965925826,0.258819045,0,0,0.523598776,0,0,0.967134953,0.254252255,0.002319641,0.000765974,0.514155914,0.004097321,0.002661173,0.002712756,-0.001315773,0.000917167,0.15718307,-0.002842651,-0.000706981,0.160732672,0.155047372,0.153633401,0.1593187,-0.153633401,-0.1593187,-0.160732672,-0.155047372,0.009442862,0.004097321,0.002661173
14.49979997,0.965925826,0.258819045,0,0,0.523598776,0,0,0.967147589,0.254204243,0.002307019,0.000711593,0.514056396,0.004100687,0.002549363,-0.000163913,0.001009554,0.000419468,0.157840412,-0.00336646,-0.000609438,0.161816269,0.155083358,0.153864488,0.160597399,-0.153864488,-0.160597399,-0.161816269,-0.155083358,0.00954238,0.004100687,0.002549363
14.54980993,0.965925826,0.258819045,0,0,0.523598776,0,0,0.967153966,0.254180163,0.002305725,0.000681366,0.514006469,0.004113614,0.002490135,0.002210587,0.0007011,-0.000979006,0.15733295,-0.00314758,-0.000327108,0.160807595,0.15451245,0.15385823,0.160153389,-0.15385823,-0.160153389,-0.160807595,-0.15451245,0.009592307,0.004113614,0.002490135
14.60095,0.965925826,0.258819045,0,0,0.523598776,0,0,0.967168689,0.254124403,0.002288559,0.000603345,0.513890806,0.004120208,0.002330252,-0.001904369,0.000501424,0.005363673,0.157674027,-0.003046289,-0.001140886,0.161861166,0.155768588,0.153486818,0.159579396,-0.153486818,-0.159579396,-0.161861166,-0.155768588,0.00970797,0.004120208,0.002330252
14.64980984,0.965925826,0.258819045,0,0,0.523598776,0,0,0.967185915,0.254059106,0.002270763,0.000601778,0.51375568,0.004086736,0.002317898,-0.005686283,0.000520796,0.001194328,0.158263847,-0.00340827,-0.001329165,0.163001239,0.156184703,0.153526381,0.160342917,-0.153526381,-0.160342917,-0.163001239,-0.156184703,0.009843096,0.004086736,0.002317898
14.70210981,0.965925826,0.258819045,0,0,0.523598776,0,0,0.96719116,0.254039019,0.002259377,0.000640636,0.513714251,0.004045016,0.002387195,-0.000777841,0.001119822,0.002560765,0.159125296,-0.003128051,-0.000614991,0.162868306,0.156612203,0.155382216,0.161638319,-0.155382216,-0.161638319,-0.162868306,-0.156612203,0.009884525,0.004045016,0.002387195
14.75301003,0.965925826,0.258819045,0,0,0.523598776,0,0,0.967195928,0.254020572,0.002286519,0.000637183,0.513676223,0.00409932,0.00239423,-0.00320375,-0.000993907,0.000531226,0.158604764,-0.002741831,-0.000498281,0.161844835,0.156361178,0.155364618,0.160848275,-0.155364618,-0.160848275,-0.161844835,-0.156361178,0.009922553,0.00409932,0.00239423
14.79993987,0.965925826,0.258819045,0,0,0.523598776,0,0,0.967214823,0.253948629,0.00227505,0.000625838,0.51352738,0.004083074,0.002366153,-0.001548231,0.004350394,-0.003930926,0.158282286,-0.003846,0.000164374,0.16196388,0.154271886,0.154600635,0.162292629,-0.154600635,-0.162292629,-0.16196388,-0.154271886,0.010071396,0.004083074,0.002366153
14.84851003,0.965925826,0.258819045,0,0,0.523598776,0,0,0.967218339,0.253935218,0.002284102,0.000626486,0.513499683,0.004100289,0.002371947,-0.001129508,0.005152076,-7.75E-05,0.158197287,-0.004316404,-0.00052001,0.163033664,0.154400855,0.153360844,0.161993638,-0.153360844,-0.161993638,-0.163033664,-0.154400855,0.010099093,0.004100289,0.002371947
14.89826989,0.965925826,0.258819045,0,0,0.523598776,0,0,0.967229843,0.253891498,0.002293362,0.000608694,0.513409237,0.004127343,0.002342046,-0.003287196,-0.001730025,0.000142306,0.157081511,-0.002576119,-0.000545923,0.163033664,0.154400855,0.153360844,0.161993638,-0.153360844,-0.161993638,-0.163033664,-0.154400855,0.010189539,0.004127343,0.002342046
14.94842982,0.965925826,0.258819045,0,0,0.523598776,0,0,0.967231572,0.253884971,0.002284161,0.00062378,0.513395754,0.0041019,0.00236653,0.005296619,0.00250265,8.27E-05,0.158692079,-0.002492604,-0.000380492,0.16156514,0.156579927,0.155818954,0.160804152,-0.155818954,-0.160804152,-0.16156514,-0.156579927,0.010203022,0.0041019,0.00236653
14.99827003,0.965925826,0.258819045,0,0,0.523598776,0,0,0.967245579,0.253831178,0.002292882,0.000638604,0.513284659,0.004111377,0.002399406,-0.001193583,0.003566593,0.002806633,0.156814825,-0.003596189,-0.000488782,0.160899758,0.153707385,0.152729824,0.159922197,-0.152729824,-0.159922197,-0.160899758,-0.153707385,0.010314117,0.004111377,0.002399406
15.04896998,0.965925826,0.258819045,0,0,0.523598776,0,0,0.96725297,0.253803074,0.002313334,0.000635809,0.5132266,0.004152429,0.002404262,-0.002951921,0.005274267,0.002687425,0.158666984,-0.004571035,-0.001006887,0.164244875,0.155102804,0.153089032,0.162231088,-0.153089032,-0.162231088,-0.164244875,-0.155102804,0.010372176,0.004152429,0.002404262
15.09800982,0.965925826,0.258819045,0,0,0.523598776,0,0,0.967256844,0.253788203,0.002302832,0.00062094,0.513195778,0.004139696,0.002370103,0.00121966,0.000903755,0.001021475,0.157760007,-0.003256355,-0.000607459,0.161623791,0.155111074,0.153896168,0.160408869,-0.153896168,-0.160408869,-0.161623791,-0.155111074,0.010402998,0.004139696,0.002370103
15.14903998,0.965925826,0.258819045,0,0,0.523598776,0,0,0.967260242,0.253775537,0.002309753,0.000627282,0.513169596,0.004149899,0.002385829,0.000729412,0.006254763,0.004718453,0.157874706,-0.00493868,-0.001373053,0.164186403,0.154309049,0.151562944,0.161440298,-0.151562944,-0.161440298,-0.164186403,-0.154309049,0.01042918,0.004149899,0.002385829
15.20108986,0.965925826,0.258819045,0,0,0.523598776,0,0,0.967278183,0.253706634,0.002321773,0.000653372,0.513027324,0.004160083,0.002442108,0.001164526,-0.00050962,0.00314638,0.158284141,-0.00313927,-0.001059002,0.162482381,0.156203836,0.15408583,0.160364375,-0.15408583,-0.160364375,-0.162482381,-0.156203836,0.010571452,0.004160083,0.002442108
15.25096989,0.965925826,0.258819045,0,0,0.523598776,0,0,0.96727711,0.253710866,0.002311359,0.00066481,0.513036059,0.004134122,0.002458969,0.001362711,0.003235787,0.003253669,0.157814874,-0.003071892,-0.000978778,0.161865503,0.155721724,0.153764173,0.159907952,-0.153764173,-0.159907952,-0.161865503,-0.155721724,0.010562717,0.004134122,0.002458969
15.30009985,0.965925826,0.258819045,0,0,0.523598776,0,0,0.96728152,0.253694415,0.00231394,0.000667955,0.513002015,0.004137561,0.002466291,-0.003229082,0.001098961,-0.00051558,0.157770116,-0.004082412,-0.001095795,0.162948281,0.154783472,0.152591869,0.160756692,-0.152591869,-0.160756692,-0.162948281,-0.154783472,0.010596761,0.004137561,0.002466291
15.35316992,0.965925826,0.258819045,0,0,0.523598776,0,0,0.967284083,0.253684402,0.002299662,0.000622996,0.512981141,0.004132777,0.002372028,0.002574176,-0.004173815,0.006889552,0.157515778,-0.002267585,-0.00151394,0.161297262,0.156762093,0.153734222,0.15826939,-0.153734222,-0.15826939,-0.161297262,-0.156762093,0.010617635,0.004132777,0.002372028
15.40107989,0.965925826,0.258819045,0,0,0.523598776,0,0,0.967281163,0.253696054,0.002305649,0.000625736,0.513005196,0.00414294,0.002380416,0.002745539,0.001255423,0.001790375,0.157474878,-0.003401833,-0.000754562,0.161297262,0.156762093,0.153734222,0.15826939,-0.153734222,-0.15826939,-0.161297262,-0.156762093,0.01059358,0.00414294,0.002380416
15.44986987,0.965925826,0.258819045,0,0,0.523598776,0,0,0.96728766,0.253670782,0.00233351,0.000635912,0.512953137,0.004191738,0.002414129,0.002225488,-0.003014504,0.001173467,0.157601205,-0.002261134,-0.000560262,0.160422564,0.1559003,0.154779777,0.159302041,-0.154779777,-0.159302041,-0.160422564,-0.1559003,0.010645639,0.004191738,0.002414129
15.50108004,0.965925826,0.258819045,0,0,0.523598776,0,0,0.967288911,0.253665358,0.002378113,0.000657892,0.512942238,0.004266888,0.002479257,0.001261383,0.002572685,0.001018494,0.156827692,-0.002230919,-0.000534916,0.159593493,0.155131653,0.154061824,0.158523664,-0.154061824,-0.158523664,-0.159593493,-0.155131653,0.010656538,0.004266888,0.002479257
15.55088997,0.965925826,0.258819045,0,0,0.523598776,0,0,0.967292428,0.253652036,0.002388481,0.00063359,0.512914632,0.00429931,0.002437445,0.002609938,0.002077967,-0.000335276,0.157816799,-0.003817537,-0.000676956,0.162311256,0.154676184,0.153322279,0.160957336,-0.153322279,-0.160957336,-0.162311256,-0.154676184,0.010684144,0.00429931,0.002437445
15.5985198,0.965925826,0.258819045,0,0,0.523598776,0,0,0.967287362,0.253671169,0.002376943,0.000656956,0.51295426,0.004265085,0.00247688,0.006898493,-0.002677739,0.000228733,0.157528448,-0.003574594,-0.000402722,0.161505729,0.154356539,0.153551102,0.160700276,-0.153551102,-0.160700276,-0.161505729,-0.154356539,0.010644516,0.004265085,0.00247688
15.64860988,0.965925826,0.258819045,0,0,0.523598776,0,0,0.967293382,0.253648102,0.002388839,0.000666215,0.512906654,0.004283461,0.002500725,-0.00243783,-0.002637505,0.003453344,0.158634754,-0.002620735,-0.000987331,0.162242785,0.157001317,0.155026659,0.160268128,-0.155026659,-0.160268128,-0.162242785,-0.157001317,0.010692122,0.004283461,0.002500725
15.69851995,0.965925826,0.258819045,0,0,0.523598776,0,0,0.967308939,0.253588945,0.002374253,0.000676017,0.512784299,0.004250423,0.002512028,0.004839153,0.003711135,0.000727922,0.157073613,-0.004109201,-0.00067567,0.161858454,0.153640047,0.152288705,0.160507113,-0.152288705,-0.160507113,-0.161858454,-0.153640047,0.010814477,0.004250423,0.002512028
15.74883986,0.965925826,0.258819045,0,0,0.523598776,0,0,0.967307687,0.253593415,0.002398471,0.00072035,0.512793822,0.004274779,0.002610099,0.000356883,0.002691895,0.003073365,0.158053069,-0.004078619,-0.00110446,0.163236111,0.155078873,0.152869955,0.161027193,-0.152869955,-0.161027193,-0.163236111,-0.155078873,0.010804954,0.004274779,0.002610099
15.80044985,0.965925826,0.258819045,0,0,0.523598776,0,0,0.967314065,0.253568769,0.002414809,0.00072983,0.512742998,0.004301647,0.002636617,0.001011044,-0.001318753,0.004883856,0.157921206,-0.003147831,-0.001337614,0.162406608,0.156110957,0.153435722,0.159731388,-0.153435722,-0.159731388,-0.162406608,-0.156110957,0.010855778,0.004301647,0.002636617
15.85110998,0.965925826,0.258819045,0,0,0.523598776,0,0,0.967315853,0.253562272,0.002423883,0.00074318,0.512729602,0.004312449,0.002667018,-0.00025928,5.59E-05,0.001574308,0.157479033,-0.002605539,-0.000392289,0.160476819,0.155265749,0.154481173,0.159692243,-0.154481173,-0.159692243,-0.160476819,-0.155265749,0.010869174,0.004312449,0.002667018
15.89908004,0.965925826,0.258819045,0,0,0.523598776,0,0,0.967322588,0.253536522,0.002424586,0.000701005,0.512676225,0.004335265,0.002585665,0.000924617,-0.002102554,0.000237674,0.158204325,-0.00333292,-0.000808708,0.162345916,0.155680075,0.154062659,0.160728499,-0.154062659,-0.160728499,-0.162345916,-0.155680075,0.010922551,0.004335265,0.002585665
15.95120001,0.965925826,0.258819045,0,0,0.523598776,0,0,0.967322528,0.253536582,0.002448316,0.000710423,0.51267649,0.0043764,0.002615919,0.003739447,-0.001057982,0.004380197,0.157340557,-0.00318036,-0.001231461,0.161752343,0.155391619,0.15292871,0.15928942,-0.15292871,-0.15928942,-0.161752343,-0.155391619,0.010922286,0.0043764,0.002615919
16.00028992,0.965925826,0.258819045,0,0,0.523598776,0,0,0.96732229,0.253537595,0.002427065,0.000671037,0.512678354,0.004355256,0.00252895,0.003380329,-8.05E-05,-0.00332594,0.157420683,-0.002883914,0.000124531,0.160180032,0.15441221,0.154661268,0.16042909,-0.154661268,-0.16042909,-0.160180032,-0.15441221,0.010920422,0.004355256,0.00252895
16.04999995,0.965925826,0.258819045,0,0,0.523598776,0,0,0.9673208,0.253543615,0.00242421,0.000633041,0.51269061,0.004368984,0.002454018,0.001781434,0.002811104,0.002067536,0.157767809,-0.003960266,-0.000829111,0.162557155,0.154636621,0.152978405,0.160898924,-0.152978405,-0.160898924,-0.162557155,-0.154636621,0.010908166,0.004368984,0.002454018
16.09992981,0.965925826,0.258819045,0,0,0.523598776,0,0,0.967318952,0.253550649,0.002437592,0.000616406,0.51270514,0.004403291,0.002428653,0.001367182,0.002341718,-0.001841784,0.157855394,-0.003578523,-0.000120468,0.161554351,0.154397309,0.154156372,0.161313415,-0.154156372,-0.161313415,-0.161554351,-0.154397309,0.010893636,0.004403291,0.002428653
16.15012002,0.965925826,0.258819045,0,0,0.523598776,0,0,0.967322469,0.253536999,0.002440039,0.000615182,0.512676954,0.00440868,0.002427465,0.006165355,-0.000600517,0.001420826,0.158640783,-0.00406417,-0.000873644,0.163578555,0.155450225,0.15370293,0.161831275,-0.15370293,-0.161831275,-0.163578555,-0.155450225,0.010921822,0.00440868,0.002427465
16.20088983,0.965925826,0.258819045,0,0,0.523598776,0,0,0.967309594,0.253586292,0.002424424,0.000628361,0.512778841,0.004371663,0.002445267,0.004198403,-0.002264977,0.004211813,0.156809429,-0.002981943,-0.00062118,0.16041252,0.154448628,0.153206274,0.159170151,-0.153206274,-0.159170151,-0.16041252,-0.154448628,0.010819935,0.004371663,0.002445267
16.25231004,0.965925826,0.258819045,0,0,0.523598776,0,0,0.967303872,0.253607839,0.002448973,0.000631258,0.512823525,0.004417633,0.00246342,0.002930313,-0.004641712,0.001888722,0.157479299,-0.001972449,-0.000627455,0.16041252,0.154448628,0.153206274,0.159170151,-0.153206274,-0.159170151,-0.16041252,-0.154448628,0.010775251,0.004417633,0.00246342
16.29918003,0.965925826,0.258819045,0,0,0.523598776,0,0,0.967299819,0.253623188,0.002436667,0.000626975,0.512855216,0.004395959,0.002448963,0.005818159,0.001440197,0.001532584,0.156839829,-0.003549355,-0.0006998,0.161088943,0.153990239,0.152590647,0.159689352,-0.152590647,-0.159689352,-0.161088943,-0.153990239,0.01074356,0.004395959,0.002448963
16.34991002,0.965925826,0.258819045,0,0,0.523598776,0,0,0.967291653,0.253654271,0.002446324,0.00065168,0.512919617,0.004402029,0.002501797,0.002475827,0.001286715,0.001660735,0.157555889,-0.00356815,-0.000743831,0.161867827,0.154731542,0.15324387,0.16038017,-0.15324387,-0.16038017,-0.161867827,-0.154731542,0.010679159,0.004402029,0.002501797
16.39894986,0.965925826,0.258819045,0,0,0.523598776,0,0,0.967283487,0.253685534,0.002455594,0.000656305,0.51298429,0.004417535,0.00251559,-0.000800192,0.001936406,-0.000476837,0.158257804,-0.003631412,-0.000390377,0.162279561,0.155016735,0.154235989,0.1614988,-0.154235989,-0.1614988,-0.162279561,-0.155016735,0.010614486,0.004417535,0.00251559
16.44815993,0.965925826,0.258819045,0,0,0.523598776,0,0,0.967260659,0.253772557,0.0024563,0.000645427,0.513164188,0.004424196,0.002495302,0.001399964,0.001574308,0.003866106,0.157751655,-0.003804904,-0.00112394,0.162680462,0.155070662,0.152822778,0.160432577,-0.152822778,-0.160432577,-0.162680462,-0.155070662,0.010434588,0.004424196,0.002495302
16.50041986,0.965925826,0.258819045,0,0,0.523598776,0,0,0.9672575,0.253784865,0.00242038,0.000608498,0.513189343,0.00437342,0.002405685,-0.001621246,-0.003860892,0.002340227,0.158404823,-0.003050413,-0.000527752,0.161982954,0.155882135,0.154826626,0.160927445,-0.154826626,-0.160927445,-0.161982954,-0.155882135,0.010409433,0.00437342,0.002405685
16.55010986,0.965925826,0.258819045,0,0,0.523598776,0,0,0.967244089,0.253835678,0.002435422,0.000621133,0.513294547,0.004395978,0.002437994,0.005172938,0.001370162,0.001198798,0.158382476,-0.002180455,-0.000696763,0.161259651,0.156898752,0.155505225,0.159866139,-0.155505225,-0.159866139,-0.161259651,-0.156898752,0.010304229,0.004395978,0.002437994
16.59944987,0.965925826,0.258819045,0,0,0.523598776,0,0,0.967222869,0.253916562,0.002424025,0.000649441,0.513461852,0.004359351,0.002487334,0.00301227,0.005535036,0.000972301,0.157298765,-0.004636385,-0.000720186,0.162655294,0.15338254,0.151942164,0.161214933,-0.151942164,-0.161214933,-0.162655294,-0.15338254,0.010136924,0.004359351,0.002487334
16.64928985,0.965925826,0.258819045,0,0,0.523598776,0,0,0.967213094,0.253953904,0.002415237,0.00061811,0.51353891,0.004358169,0.002422433,0.005554408,-0.000521541,0.001648814,0.156719912,-0.003002667,-0.000668763,0.160391301,0.154385969,0.153048456,0.159053788,-0.153048456,-0.159053788,-0.160391301,-0.154385969,0.010059866,0.004358169,0.002422433
16.69914985,0.965925826,0.258819045,0,0,0.523598776,0,0,0.9671911,0.254038274,0.002387043,0.000568661,0.513713018,0.004328544,0.002312831,0.003904849,-0.00667423,0.001550466,0.157034626,-0.001270296,-0.000459775,0.15876466,0.156224072,0.155304521,0.15784511,-0.155304521,-0.15784511,-0.15876466,-0.156224072,0.009885758,0.004328544,0.002312831
16.74910998,0.965925826,0.258819045,0,0,0.523598776,0,0,0.967166603,0.254131705,0.002387152,0.00054969,0.513906128,0.004338173,0.002276608,0.004649908,-0.002540648,0.000945479,0.156822769,-0.002313243,-0.000425611,0.159561589,0.154935107,0.154083878,0.158710361,-0.154083878,-0.158710361,-0.159561589,-0.154935107,0.009692648,0.004338173,0.002276608
16.79916,0.965925826,0.258819045,0,0,0.523598776,0,0,0.967120111,0.254308939,0.002363191,0.000481349,0.514272266,0.00432617,0.002133027,0.005181879,0.00415966,-0.000591576,0.157939303,-0.003420947,-0.000786905,0.16214712,0.155305222,0.153731421,0.160573304,-0.153731421,-0.160573304,-0.16214712,-0.155305222,0.00932651,0.00432617,0.002133027
16.84915996,0.965925826,0.258819045,0,0,0.523598776,0,0,0.967107534,0.25435704,0.00233777,0.000462338,0.514371554,0.004286564,0.002083538,0.006233901,-0.003902614,0.000264496,0.156612911,-0.003905801,-0.000232897,0.160751566,0.152939975,0.15247418,0.160285771,-0.15247418,-0.160285771,-0.160751566,-0.152939975,0.009227222,0.004286564,0.002083538
16.89930987,0.965925826,0.258819045,0,0,0.523598776,0,0,0.967097521,0.254395276,0.002336435,0.000416381,0.514450435,0.004307283,0.001994138,0.006205589,0.001452118,-0.000233948,0.156341675,-0.003097215,-0.000163081,0.159601942,0.153407514,0.153081343,0.15927577,-0.153081343,-0.15927577,-0.159601942,-0.153407514,0.009148341,0.004307283,0.001994138
16.94815993,0.965925826,0.258819045,0,0,0.523598776,0,0,0.967072606,0.254489928,0.002337937,0.000443766,0.514646293,0.004296054,0.002048291,0.006707759,0.000759214,0.007305296,0.15617922,-0.003424326,-0.001485319,0.161088824,0.154240176,0.15126954,0.158118188,-0.15126954,-0.158118188,-0.161088824,-0.154240176,0.008952483,0.004296054,0.002048291
16.99875998,0.965925826,0.258819045,0,0,0.523598776,0,0,0.967059612,0.254539162,0.002345738,0.000464802,0.514748233,0.004300328,0.002093168,0.00712648,0.0027664,0.001104921,0.156062395,-0.003599714,-0.000479812,0.160141885,0.152942464,0.151982844,0.159182265,-0.151982844,-0.159182265,-0.160141885,-0.152942464,0.008850543,0.004300328,0.002093168
17.04811001,0.965925826,0.258819045,0,0,0.523598776,0,0,0.967047691,0.254584134,0.00236207,0.000445704,0.514841264,0.004341544,0.002064747,0.003691763,0.004721433,0.00069961,0.156792027,-0.004100483,-0.000427243,0.161319718,0.153118759,0.152264267,0.160465226,-0.152264267,-0.160465226,-0.161319718,-0.153118759,0.008757512,0.004341544,0.002064747
17.09875989,0.965925826,0.258819045,0,0,0.523598776,0,0,0.967024386,0.254672408,0.002365692,0.000424921,0.515023798,0.004358945,0.002026792,0.00365153,-0.001096725,-0.000847876,0.156943683,-0.002978255,-0.000130986,0.160052881,0.15409638,0.153834403,0.159790918,-0.153834403,-0.159790918,-0.160052881,-0.15409638,0.008574978,0.004358945,0.002026792
17.14842987,0.965925826,0.258819045,0,0,0.523598776,0,0,0.967012286,0.254718274,0.002364182,0.000440832,0.515118722,0.004347824,0.002057001,0.002015382,0.000975281,0.002064556,0.156752594,-0.002423183,-4.72E-06,0.159180462,0.154334098,0.154324666,0.15917103,-0.154324666,-0.15917103,-0.159180462,-0.154334098,0.008480054,0.004347824,0.002057001
17.20001984,0.965925826,0.258819045,0,0,0.523598776,0,0,0.967003703,0.254751265,0.002358196,0.000433943,0.515186858,0.004339687,0.002040776,0.00442192,-0.0002563,-0.00141412,0.156541615,-0.002613305,6.26E-05,0.159092277,0.15386568,0.15399088,0.159217492,-0.15399088,-0.159217492,-0.159092277,-0.15386568,0.008411918,0.004339687,0.002040776
17.25103998,0.965925826,0.258819045,0,0,0.523598776,0,0,0.966994643,0.254785359,0.002357488,0.00042394,0.515257373,0.004343343,0.002021224,0.008293242,-0.000354648,0.003171712,0.155673136,-0.002852844,-0.000719922,0.159092277,0.15386568,0.15399088,0.159217492,-0.15399088,-0.159217492,-0.159092277,-0.15386568,0.008341403,0.004343343,0.002021224
17.30191994,0.965925826,0.258819045,0,0,0.523598776,0,0,0.966984987,0.254822433,0.002359345,0.000393158,0.515333887,0.004362545,0.001962803,0.002310425,-0.001868606,0.004189462,0.156965278,-0.002501835,-0.000822396,0.160289466,0.155285805,0.153641015,0.158644676,-0.153641015,-0.158644676,-0.160289466,-0.155285805,0.008264889,0.004362545,0.001962803
17.35095,0.965925826,0.258819045,0,0,0.523598776,0,0,0.966967046,0.254889995,0.002389644,0.000420025,0.515473887,0.004407308,0.002030514,-0.001595914,0.000629574,0.005757064,0.156708937,-0.002550827,-0.000336334,0.159596056,0.154494405,0.153821737,0.158923388,-0.153821737,-0.158923388,-0.159596056,-0.154494405,0.008124889,0.004407308,0.002030514
17.39972997,0.965925826,0.258819045,0,0,0.523598776,0,0,0.966970503,0.25487721,0.002382285,0.000421559,0.515447381,0.004392321,0.002029671,0.00019744,0.006451458,0.000458211,0.157785864,-0.003347761,-0.001174032,0.16230762,0.155612096,0.153264031,0.159959555,-0.153264031,-0.159959555,-0.16230762,-0.155612096,0.008151395,0.004392321,0.002029671
17.45022988,0.965925826,0.258819045,0,0,0.523598776,0,0,0.966974497,0.254861891,0.002388283,0.00043633,0.515415794,0.004396423,0.002061226,0.002532452,0.000745803,0.002076477,0.157401391,-0.004547355,-0.000392229,0.162340939,0.153246239,0.152461782,0.161556482,-0.152461782,-0.161556482,-0.162340939,-0.153246239,0.008182982,0.004396423,0.002061226
17.5006299,0.965925826,0.258819045,0,0,0.523598776,0,0,0.966973007,0.254867584,0.002377656,0.000426998,0.515427495,0.004380616,0.002037786,0.003624708,-0.003175438,0.000945479,0.156652872,-0.001996791,-0.000269429,0.158919051,0.15492548,0.154386625,0.158380195,-0.154386625,-0.158380195,-0.158919051,-0.15492548,0.008171281,0.004380616,0.002037786
17.55099988,0.965925826,0.258819045,0,0,0.523598776,0,0,0.96697557,0.254858077,0.002376969,0.000408759,0.515407732,0.004388603,0.002002119,-0.006140769,-0.002029538,0.00108555,0.158799617,-0.002330863,-0.000292114,0.158919051,0.15492548,0.154386625,0.158380195,-0.154386625,-0.158380195,-0.158919051,-0.15492548,0.008191044,0.004388603,0.002002119
17.60150003,0.965925826,0.258819045,0,0,0.523598776,0,0,0.966978252,0.254847974,0.002361706,0.000406267,0.51538677,0.004360377,0.001989475,0.00045225,0.003223866,0.003858656,0.157360336,-0.003866013,-0.000893113,0.162119418,0.1543874,0.152601182,0.160333201,-0.152601182,-0.160333201,-0.162119418,-0.1543874,0.008212006,0.004360377,0.001989475
17.64790988,0.965925826,0.258819045,0,0,0.523598776,0,0,0.966978073,0.254848242,0.002363765,0.00038161,0.515387295,0.004376927,0.00194284,-0.002337992,0.002437085,-0.002337992,0.157972714,-0.00323683,0.000226505,0.160982996,0.154509351,0.154962361,0.161436006,-0.154962361,-0.161436006,-0.160982996,-0.154509351,0.008211481,0.004376927,0.00194284
17.69817996,0.965925826,0.258819045,0,0,0.523598776,0,0,0.966988921,0.254806936,0.002373355,0.000372213,0.515301874,0.004400346,0.001929367,0.002863258,0.000856072,0.001873821,0.157833506,-0.004134344,-0.000266483,0.162234291,0.153965607,0.153432652,0.161701337,-0.153432652,-0.161701337,-0.162234291,-0.153965607,0.008296902,0.004400346,0.001929367
17.74799991,0.965925826,0.258819045,0,0,0.523598776,0,0,0.966992497,0.254793882,0.002369636,0.000388167,0.515274855,0.004385049,0.001958266,0.001495332,-0.000779331,0.001672655,0.156853343,-0.00306804,-0.00045684,0.160378188,0.154242113,0.153328434,0.159464508,-0.153328434,-0.159464508,-0.160378188,-0.154242113,0.008323921,0.004385049,0.001958266
17.79814982,0.965925826,0.258819045,0,0,0.523598776,0,0,0.966997504,0.254775107,0.002337932,0.000366253,0.515235816,0.004334938,0.001899644,-0.002534688,-0.005361438,0.002311915,0.158052516,-0.001418601,-0.000387457,0.15985854,0.157021344,0.156246424,0.15908362,-0.156246424,-0.15908362,-0.15985854,-0.157021344,0.00836296,0.004334938,0.001899644
17.84958982,0.965925826,0.258819045,0,0,0.523598776,0,0,0.966999233,0.254768491,0.002327567,0.00032936,0.515221972,0.004333704,0.001822982,0.002331286,-0.003662705,0.000184029,0.156990057,-0.001657848,-1.93E-05,0.15985854,0.157021344,0.156246424,0.15908362,-0.156246424,-0.15908362,-0.15985854,-0.157021344,0.008376804,0.004333704,0.001822982
17.90146995,0.965925826,0.258819045,0,0,0.523598776,0,0,0.967002571,0.254756004,0.002333806,0.000359104,0.515196249,0.004330637,0.00188363,0.000751764,-0.001776219,0.000680238,0.157343566,-0.002241708,-0.000180232,0.159765467,0.15528205,0.154921591,0.159405008,-0.154921591,-0.159405008,-0.159765467,-0.15528205,0.008402527,0.004330637,0.00188363
17.95011997,0.965925826,0.258819045,0,0,0.523598776,0,0,0.967009366,0.254730493,0.002313771,0.000354221,0.515143373,0.004294427,0.001863864,-0.000779331,0.001623482,-0.001595914,0.157694115,-0.002981952,0.0001409,0.160535127,0.154571235,0.154853031,0.160816938,-0.154853031,-0.160816938,-0.160535127,-0.154571235,0.008455403,0.004294427,0.001863864
18.00005984,0.965925826,0.258819045,0,0,0.523598776,0,0,0.967011154,0.254723281,0.002309831,0.00032849,0.515128407,0.004299931,0.001812061,0.002870709,-0.000120699,0.001827628,0.156176856,-0.002560425,-0.000621949,0.159359187,0.154238343,0.152994454,0.158115298,-0.152994454,-0.158115298,-0.159359187,-0.154238343,0.008470369,0.004299931,0.001812061
18.05076003,0.965925826,0.258819045,0,0,0.523598776,0,0,0.967015982,0.254705042,0.0023085,0.000311727,0.515090606,0.004305928,0.001778881,0.001799315,-0.002653897,0.002153963,0.156896661,-0.002690132,-0.000384736,0.159971491,0.154591233,0.153821766,0.159202024,-0.153821766,-0.159202024,-0.159971491,-0.154591233,0.00850817,0.004305928,0.001778881
18.10025001,0.965925826,0.258819045,0,0,0.523598776,0,0,0.967018366,0.254695952,0.0023095,0.000322242,0.515071854,0.004302523,0.001799686,0.002021343,-0.003941358,0.002128631,0.157140793,-0.002016398,-0.000364589,0.159521744,0.155488953,0.15475978,0.15879257,-0.15475978,-0.15879257,-0.159521744,-0.155488953,0.008526922,0.004302523,0.001799686
18.14941001,0.965925826,0.258819045,0,0,0.523598776,0,0,0.967018425,0.254695922,0.002314678,0.000325827,0.515071794,0.004310711,0.001809257,-8.34E-05,0.002620369,0.001535565,0.157559812,-0.003414223,-0.000390412,0.161364406,0.154535964,0.153755143,0.160583586,-0.153755143,-0.160583586,-0.161364406,-0.154535964,0.008526982,0.004310711,0.001809257
18.19924998,0.965925826,0.258819045,0,0,0.523598776,0,0,0.967032969,0.254640639,0.00231722,0.000339761,0.514957523,0.004308634,0.001837255,-0.001944602,0.002472848,0.000380725,0.157997648,-0.003324537,-0.00020228,0.161364406,0.154535964,0.153755143,0.160583586,-0.153755143,-0.160583586,-0.161364406,-0.154535964,0.008641253,0.004308634,0.001837255
18.25108004,0.965925826,0.258819045,0,0,0.523598776,0,0,0.967036128,0.254628301,0.002309939,0.000329535,0.514931993,0.004299786,0.001813714,0.000286847,0.004231184,0.001025945,0.157515116,-0.003809772,-0.000343471,0.16166833,0.154048786,0.153361842,0.160981387,-0.153361842,-0.160981387,-0.16166833,-0.154048786,0.008666783,0.004299786,0.001813714
18.30128002,0.965925826,0.258819045,0,0,0.523598776,0,0,0.967045307,0.254593879,0.002321555,0.000319159,0.514860738,0.004327598,0.001799407,-0.001344085,0.002946705,0.002018362,0.158436995,-0.003149119,-0.000170922,0.161756992,0.155458763,0.155116916,0.16141516,-0.155116916,-0.16141516,-0.161756992,-0.155458763,0.008738038,0.004327598,0.001799407
18.35201001,0.965925826,0.258819045,0,0,0.523598776,0,0,0.967048109,0.254582971,0.002313587,0.000319383,0.514838193,0.004312094,0.001795734,-0.000675023,-0.00025034,0.003584475,0.157890934,-0.003533911,-0.000471959,0.161896765,0.154828951,0.153885037,0.160952851,-0.153885037,-0.160952851,-0.161896765,-0.154828951,0.008760583,0.004312094,0.001795734
18.40066004,0.965925826,0.258819045,0,0,0.523598776,0,0,0.967048347,0.25458172,0.002332134,0.000349022,0.514835814,0.004332878,0.001862499,0.000236183,-0.000496209,0.001082569,0.157749181,-0.002773096,-0.000672716,0.16119495,0.155648768,0.154303342,0.159849524,-0.154303342,-0.159849524,-0.16119495,-0.155648768,0.008762962,0.004332878,0.001862499
18.45012999,0.965925826,0.258819045,0,0,0.523598776,0,0,0.967055798,0.254553556,0.002339709,0.000356814,0.514777601,0.004343616,0.001881299,-0.002197922,0.003763288,0.000899285,0.158099898,-0.003744099,-0.000337549,0.162181512,0.15469332,0.154018223,0.161506414,-0.154018223,-0.161506414,-0.162181512,-0.15469332,0.008821175,0.004343616,0.001881299
18.50092983,0.965925826,0.258819045,0,0,0.523598776,0,0,0.967051566,0.254569799,0.002346102,0.000360067,0.514811201,0.004354293,0.001890919,0.002189726,-0.00230819,0.002384931,0.157127617,-0.002215128,-0.000463606,0.159806311,0.155376062,0.154448852,0.158879101,-0.154448852,-0.158879101,-0.159806311,-0.155376062,0.008787575,0.004354293,0.001890919
18.55093002,0.965925826,0.258819045,0,0,0.523598776,0,0,0.967052937,0.254564703,0.002332425,0.000372201,0.514800651,0.004321671,0.001907401,0.00044331,0.001009554,0.002301485,0.157514172,-0.003104061,-0.000538393,0.161156595,0.154948473,0.153871685,0.160079807,-0.153871685,-0.160079807,-0.161156595,-0.154948473,0.008798125,0.004321671,0.001907401
18.5994699,0.965925826,0.258819045,0,0,0.523598776,0,0,0.967053413,0.254562795,0.00232991,0.000357503,0.514796657,0.004324294,0.001877684,0.002615899,-0.00191927,0.000178069,0.157041317,-0.002197519,-0.000114849,0.159353644,0.154958621,0.154728919,0.159123957,-0.154728919,-0.159123957,-0.159353644,-0.154958621,0.008802119,0.004324294,0.001877684
18.64950991,0.965925826,0.258819045,0,0,0.523598776,0,0,0.967050076,0.254575074,0.002348199,0.000358834,0.514822163,0.004358967,0.001889626,8.20E-06,-0.000782311,0.001505762,0.157453745,-0.002910071,-0.000457573,0.160821348,0.155001208,0.154086068,0.159906209,-0.154086068,-0.159906209,-0.160821348,-0.155001208,0.008776613,0.004358967,0.001889626
18.70059991,0.965925826,0.258819045,0,0,0.523598776,0,0,0.967050791,0.254572302,0.002358491,0.000373585,0.514816524,0.004371367,0.001923385,-0.003187359,-0.001476705,0.0046812,0.157603656,-0.002575377,-0.000342658,0.160521656,0.155370906,0.154685587,0.159836337,-0.154685587,-0.159836337,-0.160521656,-0.155370906,0.008782252,0.004371367,0.001923385
18.74977994,0.965925826,0.258819045,0,0,0.523598776,0,0,0.96705246,0.254566371,0.002345883,0.00035075,0.514804081,0.004358618,0.001872771,0.001045316,0.006755442,0.000420958,0.157382293,-0.004502814,-0.000315417,0.162200481,0.15319486,0.152564034,0.161569655,-0.152564034,-0.161569655,-0.162200481,-0.15319486,0.008794695,0.004358618,0.001872771
18.80081987,0.965925826,0.258819045,0,0,0.523598776,0,0,0.967058599,0.254542768,0.002342929,0.000331485,0.514755223,0.004362759,0.001833902,0.000528246,0.003115088,0.000869483,0.157507841,-0.003534748,-0.000289241,0.161331788,0.154262304,0.153683826,0.16075331,-0.153683826,-0.16075331,-0.161331788,-0.154262304,0.008843553,0.004362759,0.001833902
18.85089993,0.965925826,0.258819045,0,0,0.523598776,0,0,0.967055917,0.254553527,0.002318208,0.000374873,0.514777486,0.004292835,0.001905281,0.003203005,-0.005887449,0.007132441,0.15691199,-0.001548139,-0.001226905,0.159686998,0.156590715,0.154136911,0.157233194,-0.154136911,-0.157233194,-0.159686998,-0.156590715,0.00882129,0.004292835,0.001905281
18.89994001,0.965925826,0.258819045,0,0,0.523598776,0,0,0.967047155,0.254586697,0.002314474,0.000368679,0.514846068,0.004288703,0.001891546,0.00160709,0.001630932,0.00147149,0.156433427,-0.001151596,-4.66E-05,0.157631561,0.155328378,0.155235216,0.157538414,-0.155235216,-0.157538414,-0.157631561,-0.155328378,0.008752708,0.004288703,0.001891546
18.95003986,0.965925826,0.258819045,0,0,0.523598776,0,0,0.967038631,0.254618973,0.00232858,0.000387037,0.514912942,0.004306572,0.001934379,0.003696233,0.004685671,-0.00307113,0.157247457,-0.003191524,-0.00040766,0.160846606,0.154463559,0.153648242,0.160031289,-0.153648242,-0.160031289,-0.160846606,-0.154463559,0.008685834,0.004306572,0.001934379
19.00080991,0.965925826,0.258819045,0,0,0.523598776,0,0,0.96703583,0.254629165,0.002326382,0.000367832,0.514934005,0.004312083,0.001896162,0.002840906,-0.001940131,-0.000862777,0.156772861,-0.003747609,0.000289889,0.160846606,0.154463559,0.153648242,0.160031289,-0.153648242,-0.160031289,-0.160846606,-0.154463559,0.008664771,0.004312083,0.001896162
19.05106997,0.965925826,0.258819045,0,0,0.523598776,0,0,0.967037082,0.254625082,0.002321778,0.000357838,0.51492542,0.004308274,0.00187447,0.002904981,-0.001734495,0.002775342,0.156941266,-0.002365013,-0.000545134,0.159851372,0.155121356,0.154031083,0.158761114,-0.154031083,-0.158761114,-0.159851372,-0.155121356,0.008673356,0.004308274,0.00187447
19.10109997,0.965925826,0.258819045,0,0,0.523598776,0,0,0.967030823,0.254648358,0.002358376,0.000363198,0.514973752,0.004376282,0.00190358,0.002222508,-0.000141561,0.003045053,0.157078662,-0.00285258,-0.000628353,0.160559565,0.154854402,0.153597698,0.159302846,-0.153597698,-0.159302846,-0.160559565,-0.154854402,0.008625024,0.004376282,0.00190358
19.15099001,0.965925826,0.258819045,0,0,0.523598776,0,0,0.967038751,0.25461787,0.002370256,0.000414769,0.514910977,0.004373057,0.002009234,-0.00167042,0.00749156,0.003150851,0.157949797,-0.004980935,-0.000874099,0.163804799,0.153842926,0.152094737,0.162056595,-0.152094737,-0.162056595,-0.163804799,-0.153842926,0.008687799,0.004373057,0.002009234
19.19994998,0.965925826,0.258819045,0,0,0.523598776,0,0,0.967043757,0.254599273,0.002358006,0.00041804,0.514872434,0.004347738,0.00200924,0.002414733,0.002811104,0.003001839,0.157063414,-0.003703598,-0.000750789,0.161517769,0.154110566,0.152608991,0.160016194,-0.152608991,-0.160016194,-0.161517769,-0.154110566,0.008726342,0.004347738,0.00200924
19.25090981,0.965925826,0.258819045,0,0,0.523598776,0,0,0.967050433,0.254573911,0.002372495,0.000424803,0.514820052,0.00437237,0.002029582,0.001061708,0.000988692,-0.001195073,0.157747092,-0.003873177,-0.001088988,0.162709221,0.154962867,0.152784899,0.160531238,-0.152784899,-0.160531238,-0.162709221,-0.154962867,0.008778724,0.00437237,0.002029582
19.29988003,0.965925826,0.258819045,0,0,0.523598776,0,0,0.96704936,0.254577816,0.00236537,0.00041942,0.514828107,0.004361323,0.002015561,-0.000356138,0.001665205,0.003690273,0.15737399,-0.002973227,1.11E-05,0.160336077,0.154389635,0.154411837,0.16035828,-0.154411837,-0.16035828,-0.160336077,-0.154389635,0.008770669,0.004361323,0.002015561
19.35448003,0.965925826,0.258819045,0,0,0.523598776,0,0,0.967048109,0.254582763,0.002374621,0.00042263,0.514838354,0.004377569,0.002026503,0.00096634,0.001811236,0.005548447,0.157678354,-0.003466331,-0.000853219,0.16199787,0.155065209,0.153358772,0.160291433,-0.153358772,-0.160291433,-0.16199787,-0.155065209,0.008760422,0.004377569,0.002026503
19.40005994,0.965925826,0.258819045,0,0,0.523598776,0,0,0.967046499,0.254588813,0.002347405,0.00037704,0.514850622,0.004348132,0.001924495,0.000735372,-0.003007055,-0.000530481,0.157436604,-0.001868882,3.79E-05,0.15926756,0.155529797,0.155605584,0.159343347,-0.155605584,-0.159343347,-0.15926756,-0.155529797,0.008748154,0.004348132,0.001924495
19.44991994,0.965925826,0.258819045,0,0,0.523598776,0,0,0.967039466,0.254615813,0.002363503,0.000390129,0.514906523,0.004372549,0.00195813,0.004745275,4.10E-05,0.002741069,0.156542884,-0.002909461,-0.000611899,0.160064206,0.154245287,0.153021485,0.158840403,-0.153021485,-0.158840403,-0.160064206,-0.154245287,0.008692253,0.004372549,0.00195813
19.50094986,0.965925826,0.258819045,0,0,0.523598776,0,0,0.967042208,0.254604757,0.002354784,0.000386428,0.514883702,0.004357592,0.001946483,0.000678748,-0.003112853,0.002435595,0.157439821,-0.002050118,-0.000482782,0.159972683,0.155872449,0.154906884,0.159007117,-0.154906884,-0.159007117,-0.159972683,-0.155872449,0.008715074,0.004357592,0.001946483
19.55103993,0.965925826,0.258819045,0,0,0.523598776,0,0,0.967036903,0.254625052,0.002351776,0.000418858,0.514925768,0.004335219,0.002007764,0.006506593,-0.004306436,0.000808388,0.157104996,-0.003370968,-0.000894879,0.161370814,0.154628873,0.152839109,0.15958105,-0.152839109,-0.15958105,-0.161370814,-0.154628873,0.008673008,0.004335219,0.002007764
19.60122991,0.965925826,0.258819045,0,0,0.523598776,0,0,0.967038512,0.254618853,0.002351178,0.000411014,0.514912928,0.004338069,0.001992262,0.000105053,-0.00077486,0.002311915,0.156150607,-0.001636088,-0.000216339,0.158003002,0.154730827,0.154298142,0.157570317,-0.154298142,-0.157570317,-0.158003002,-0.154730827,0.008685848,0.004338069,0.001992262
19.64982986,0.965925826,0.258819045,0,0,0.523598776,0,0,0.967039168,0.25461629,0.002359872,0.000398977,0.514907619,0.004361019,0.001973397,-0.000581145,0.003468245,0.002487749,0.157558708,-0.002694739,-0.000542466,0.160795882,0.155406401,0.154321477,0.159710944,-0.154321477,-0.159710944,-0.160795882,-0.155406401,0.008691157,0.004361019,0.001973397
19.7005899,0.965925826,0.258819045,0,0,0.523598776,0,0,0.967038274,0.254620105,0.002362992,0.000409491,0.514915501,0.004361691,0.001995338,0.002791733,0.001909584,0.003663451,0.156969271,-0.003498361,-0.000834742,0.161302343,0.154305622,0.152636141,0.159632847,-0.152636141,-0.159632847,-0.161302343,-0.154305622,0.008683275,0.004361691,0.001995338
19.75098991,0.965925826,0.258819045,0,0,0.523598776,0,0,0.967043161,0.254601032,0.002367187,0.000429368,0.514876209,0.004359722,0.002035831,-7.45E-05,-0.001333654,0.000595301,0.157607717,-0.002473148,-0.000251974,0.160332799,0.155386508,0.154882565,0.159828857,-0.154882565,-0.159828857,-0.160332799,-0.155386508,0.008722567,0.004359722,0.002035831
19.80081987,0.965925826,0.258819045,0,0,0.523598776,0,0,0.967055023,0.254556507,0.00236565,0.000418258,0.514784008,0.004362499,0.00201336,-0.002226233,-0.000213087,0.000237674,0.158103788,-0.002741818,-0.000201369,0.161046937,0.15556331,0.155160561,0.160644203,-0.155160561,-0.160644203,-0.161046937,-0.15556331,0.008814768,0.004362499,0.00201336
19.85193992,0.965925826,0.258819045,0,0,0.523598776,0,0,0.967070282,0.254498243,0.00236219,0.000391847,0.514663441,0.004369373,0.001960254,-0.000865757,-0.00333637,-0.001582503,0.158263417,-0.00264762,-0.000564509,0.161475509,0.156180277,0.155051261,0.160346493,-0.155051261,-0.160346493,-0.161475509,-0.156180277,0.008935335,0.004369373,0.001960254
19.90083981,0.965925826,0.258819045,0,0,0.523598776,0,0,0.967070937,0.254495621,0.002379619,0.000404702,0.514658136,0.004396545,0.001993976,-0.001317263,0.003280491,-3.58E-05,0.157836241,-0.001751376,0.000213025,0.161475509,0.156180277,0.155051261,0.160346493,-0.155051261,-0.160346493,-0.161475509,-0.156180277,0.00894064,0.004396545,0.001993976
19.95069003,0.965925826,0.258819045,0,0,0.523598776,0,0,0.967077017,0.254472554,0.002378247,0.000418859,0.514610475,0.004386734,0.002020556,-0.002869964,-0.004218519,0.000854582,0.157937785,-0.003648584,-0.00021545,0.15937455,0.155871809,0.156297863,0.159800604,-0.156297863,-0.159800604,-0.15937455,-0.155871809,0.008988301,0.004386734,0.002020556
20.00171995,0.965925826,0.258819045,0,0,0.523598776,0,0,0.967073143,0.254487455,0.002364674,0.000410933,0.514641197,0.004364484,0.001998385,0.001367182,0.001806766,0.001492352,0.157353132,-0.003338822,-0.000457334,0.161149248,0.154471606,0.153556943,0.160234585,-0.153556943,-0.160234585,-0.161149248,-0.154471606,0.008957579,0.004364484,0.001998385
20.05070996,0.965925826,0.258819045,0,0,0.523598776,0,0,0.967076421,0.254475027,0.002359919,0.000421441,0.514615516,0.004349964,0.002016232,0.000419468,-0.00294447,0.001279265,0.157566482,-0.002067993,-0.000326266,0.159960702,0.155824721,0.155172184,0.15930818,-0.155172184,-0.15930818,-0.159960702,-0.155824721,0.00898326,0.004349964,0.002016232
20.10062981,0.965925826,0.258819045,0,0,0.523598776,0,0,0.967072248,0.254490525,0.002375952,0.000414076,0.514647635,0.004384692,0.002010219,-0.000599027,0.001800805,0.002334266,0.157782412,-0.003412508,-0.000603919,0.159960702,0.155824721,0.155172184,0.15930818,-0.155172184,-0.15930818,-0.159960702,-0.155824721,0.008951141,0.004384692,0.002010219
20.15126991,0.965925826,0.258819045,0,0,0.523598776,0,0,0.967076719,0.254473954,0.002346992,0.000388001,0.514613126,0.004341983,0.00194497,0.002855808,0.000692159,-0.001458824,0.157965684,-0.003391415,-0.000607706,0.161964774,0.155181944,0.153966531,0.160749361,-0.153966531,-0.160749361,-0.161964774,-0.155181944,0.00898565,0.004341983,0.00194497
20.20211983,0.965925826,0.258819045,0,0,0.523598776,0,0,0.967069149,0.254502714,0.002357832,0.000372349,0.514672578,0.004370859,0.001920342,0.005654245,0.00224188,-5.96E-06,0.157034174,-0.002802313,0.00010187,0.161964774,0.155181944,0.153966531,0.160749361,-0.153966531,-0.160749361,-0.161964774,-0.155181944,0.008926198,0.004370859,0.001920342
20.25136995,0.965925826,0.258819045,0,0,0.523598776,0,0,0.967067003,0.25451076,0.002361548,0.000396974,0.514689337,0.004365497,0.001969899,0.005570799,0.004655868,0.000613183,0.156405006,-0.003293843,-0.000165898,0.159864709,0.153277025,0.152945235,0.15953292,-0.152945235,-0.15953292,-0.159864709,-0.153277025,0.008909439,0.004365497,0.001969899
20.30089998,0.965925826,0.258819045,0,0,0.523598776,0,0,0.967064083,0.254521936,0.002349959,0.000387172,0.514712368,0.004348048,0.001945092,-0.001932681,-0.000192225,0.000850111,0.158057905,-0.002733061,-0.000274011,0.161064938,0.155598819,0.155050799,0.160516918,-0.155050799,-0.160516918,-0.161064938,-0.155598819,0.008886408,0.004348048,0.001945092
20.35107994,0.965925826,0.258819045,0,0,0.523598776,0,0,0.967054605,0.254558027,0.002332365,0.000365845,0.514786866,0.004324804,0.001895048,0.002684445,0.000608713,0.002119691,0.157026173,-0.002969898,-0.00049182,0.16048786,0.154548064,0.153564423,0.15950422,-0.153564423,-0.15950422,-0.16048786,-0.154548064,0.00881191,0.004324804,0.001895048
20.39986992,0.965925826,0.258819045,0,0,0.523598776,0,0,0.96704632,0.254589736,0.002347435,0.000341638,0.514852368,0.004366214,0.001856044,0.001794845,0.002763421,0.001070648,0.157204852,-0.003467064,-0.000327937,0.16099982,0.154065698,0.153409824,0.160343945,-0.153409824,-0.160343945,-0.16099982,-0.154065698,0.008746408,0.004366214,0.001856044
20.4498198,0.965925826,0.258819045,0,0,0.523598776,0,0,0.967042208,0.254605263,0.002354439,0.000373221,0.514884632,0.004363649,0.001920765,-0.000874698,0.001508743,0.003964454,0.157781182,-0.00337153,-0.000834745,0.161987424,0.155244365,0.153574869,0.160317928,-0.153574869,-0.160317928,-0.161987424,-0.155244365,0.008714144,0.004363649,0.001920765
20.50082994,0.965925826,0.258819045,0,0,0.523598776,0,0,0.967022836,0.254678667,0.002380381,0.000415893,0.515036703,0.004391941,0.002016841,0.005140155,0.001623482,0.00186935,0.156963469,-0.002589989,-0.000478167,0.160031587,0.154851615,0.153895274,0.15907526,-0.153895274,-0.15907526,-0.160031587,-0.154851615,0.008562073,0.004391941,0.002016841
20.54983997,0.965925826,0.258819045,0,0,0.523598776,0,0,0.967013896,0.254712462,0.002354087,0.000390483,0.515106446,0.004353962,0.001954455,0.002942234,-0.003474951,-0.002351403,0.15642291,-0.003323713,-0.00052422,0.16027081,0.153623387,0.152574942,0.159222364,-0.152574942,-0.159222364,-0.16027081,-0.153623387,0.00849233,0.004353962,0.001954455
20.60097003,0.965925826,0.258819045,0,0,0.523598776,0,0,0.967002332,0.254756629,0.002355243,0.000370566,0.515197687,0.004366256,0.001916723,0.005192309,-0.000493228,0.000999123,0.156369405,-0.002623006,-0.000277039,0.159269407,0.154023409,0.153469324,0.158715338,-0.153469324,-0.158715338,-0.159269407,-0.154023409,0.008401089,0.004366256,0.001916723
20.64982986,0.965925826,0.258819045,0,0,0.523598776,0,0,0.966983378,0.254828453,0.002357864,0.000402763,0.515346381,0.004354773,0.001980651,0.00314936,0.002955645,-0.000983477,0.156779894,-0.003467498,-4.71E-05,0.160294399,0.153359413,0.153265312,0.160200298,-0.153265312,-0.160200298,-0.160294399,-0.153359413,0.008252395,0.004354773,0.001980651
20.70098996,0.965925826,0.258819045,0,0,0.523598776,0,0,0.966968119,0.254886806,0.002320861,0.000335006,0.515466651,0.004317632,0.001831012,0.003881007,-0.003586709,-0.002422929,0.156587104,-0.001505808,0.000421841,0.157671034,0.15465942,0.155503109,0.158514723,-0.155503109,-0.158514723,-0.157671034,-0.15465942,0.008132125,0.004317632,0.001831012
20.75090003,0.965925826,0.258819045,0,0,0.523598776,0,0,0.96694833,0.254961312,0.002330013,0.000312957,0.515620774,0.004346435,0.001793371,0.001394004,-0.00218749,0.001407415,0.157092323,-0.00211834,-0.00024416,0.159454793,0.155218109,0.154729784,0.158966467,-0.154729784,-0.158966467,-0.159454793,-0.155218109,0.007978002,0.004346435,0.001793371
20.80135989,0.965925826,0.258819045,0,0,0.523598776,0,0,0.966915071,0.255088031,0.002314185,0.000288498,0.515882662,0.004328069,0.001738565,0.003073364,0.003092736,0.00250265,0.15617598,-0.002268352,-0.000679638,0.159123927,0.154587239,0.153227955,0.157764658,-0.153227955,-0.157764658,-0.159123927,-0.154587239,0.007716114,0.004328069,0.001738565
20.85189986,0.965925826,0.258819045,0,0,0.523598776,0,0,0.966898918,0.255149096,0.002313587,0.000318756,0.516009104,0.004311362,0.001797047,0.007156283,8.72E-05,0.002066046,0.156656998,-0.003550871,-0.000526712,0.160734549,0.153632805,0.152579382,0.159681126,-0.152579382,-0.159681126,-0.160734549,-0.153632805,0.007589672,0.004311362,0.001797047
20.90430999,0.965925826,0.258819045,0,0,0.523598776,0,0,0.966883779,0.255206496,0.002315788,0.000318995,0.516127837,0.00431539,0.001798889,0.004572423,0.001022965,0.00147149,0.156945165,-0.002084802,0.00015146,0.158878475,0.154708862,0.155011788,0.159181386,-0.155011788,-0.159181386,-0.158878475,-0.154708862,0.007470939,0.00431539,0.001798889
20.95186996,0.965925826,0.258819045,0,0,0.523598776,0,0,0.966867268,0.255268991,0.002300996,0.000295565,0.516256988,0.004298631,0.001746307,0.006390363,-0.00038147,0.002088398,0.155831419,-0.002580209,-0.000388931,0.158800527,0.153640106,0.152862251,0.158022657,-0.152862251,-0.158022657,-0.158800527,-0.153640106,0.007341788,0.004298631,0.001746307
21.00067997,0.965925826,0.258819045,0,0,0.523598776,0,0,0.966849148,0.255338192,0.002278402,0.000283289,0.516399949,0.004261086,0.001711338,0.005611032,-0.003674627,0.001271814,0.155964724,-0.001611944,-0.000162271,0.157738909,0.154515013,0.154190481,0.157414362,-0.154190481,-0.157414362,-0.157738909,-0.154515013,0.007198827,0.004261086,0.001711338
21.05072999,0.965925826,0.258819045,0,0,0.523598776,0,0,0.966825485,0.25542751,0.002293952,0.000271135,0.516584746,0.004297205,0.001696174,0.003468246,-0.000359118,0.001835078,0.156387582,-0.002545078,-0.000316653,0.159249276,0.154159129,0.153525814,0.158615977,-0.153525814,-0.158615977,-0.159249276,-0.154159129,0.00701403,0.004297205,0.001696174
21.10201001,0.965925826,0.258819045,0,0,0.523598776,0,0,0.96678406,0.255584002,0.002307475,0.000301963,0.516908664,0.00430732,0.001763391,0.006539375,0.003580004,0.000938028,0.156067215,-0.00290984,-0.000317131,0.159294143,0.15347448,0.152840212,0.15865989,-0.152840212,-0.15865989,-0.159294143,-0.15347448,0.006690112,0.00430732,0.001763391
21.15179992,0.965925826,0.258819045,0,0,0.523598776,0,0,0.966770828,0.25563398,0.002296332,0.000312629,0.517012074,0.00428023,0.001778539,0.00685975,-0.003865361,0.003584475,0.155630248,-0.003584873,-0.000285126,0.159500211,0.152330473,0.151760221,0.158929959,-0.151760221,-0.158929959,-0.159500211,-0.152330473,0.006586702,0.00428023,0.001778539
21.20524001,0.965925826,0.258819045,0,0,0.523598776,0,0,0.966749847,0.255713791,0.00229632,0.000320362,0.517177148,0.004276104,0.001793839,-0.000706315,0.001762062,0.003848225,0.155531052,-0.001756904,-0.000590733,0.157878652,0.154364854,0.153183386,0.156697184,-0.153183386,-0.156697184,-0.157878652,-0.154364854,0.006421628,0.004276104,0.001793839
21.25264001,0.965925826,0.258819045,0,0,0.523598776,0,0,0.96673131,0.255783737,0.002309462,0.000358987,0.517322049,0.004281624,0.001875551,0.005396456,-0.003890693,0.002916902,0.155771761,-0.001782689,-0.000525721,0.158080131,0.15451476,0.153463319,0.15702869,-0.153463319,-0.15702869,-0.158080131,-0.15451476,0.006276727,0.004281624,0.001875551
21.29983997,0.965925826,0.258819045,0,0,0.523598776,0,0,0.966715932,0.255841762,0.00229997,0.00036579,0.517442104,0.004259678,0.001884104,0.001285225,-0.000835955,-0.000539422,0.156644135,-0.002394042,-3.18E-06,0.159041315,0.154253244,0.154246882,0.159034967,-0.154246882,-0.159034967,-0.159041315,-0.154253244,0.006156672,0.004259678,0.001884104
21.34987998,0.965925826,0.258819045,0,0,0.523598776,0,0,0.966704965,0.255883336,0.002296518,0.000361353,0.517528071,0.004255194,0.001873942,0.004100055,0.000523776,0.00159815,0.15600412,-0.002876921,-0.00040029,0.159281299,0.153527454,0.152726874,0.158480719,-0.152726874,-0.158480719,-0.159281299,-0.153527454,0.006070705,0.004255194,0.001873942
21.40201998,0.965925826,0.258819045,0,0,0.523598776,0,0,0.966667831,0.256022871,0.002321608,0.000420942,0.517817146,0.004272919,0.002002612,0.004183501,0.000546128,-0.000846386,0.155750467,-0.003550362,-0.000418589,0.159719378,0.152618662,0.151781484,0.158882201,-0.151781484,-0.158882201,-0.159719378,-0.152618662,0.00578163,0.004272919,0.002002612
21.45211983,0.965925826,0.258819045,0,0,0.523598776,0,0,0.966653526,0.256077319,0.002298837,0.000444764,0.517929756,0.004216582,0.002037244,0.001981109,0.003134459,0.003642589,0.155910946,-0.002821874,-4.38E-05,0.158776581,0.153132841,0.153045237,0.158688992,-0.153045237,-0.158688992,-0.158776581,-0.153132841,0.00566902,0.004216582,0.002037244
21.50049996,0.965925826,0.258819045,0,0,0.523598776,0,0,0.96663183,0.256158918,0.002304924,0.000450474,0.518098663,0.004225253,0.002051758,0.002644212,-0.001117587,0.0016056,0.156364902,-0.003816533,-0.000907986,0.161089391,0.15345633,0.151640356,0.159273416,-0.151640356,-0.159273416,-0.161089391,-0.15345633,0.005500113,0.004225253,0.002051758
21.55005002,0.965925826,0.258819045,0,0,0.523598776,0,0,0.966616094,0.256218582,0.002299609,0.000430803,0.518221986,0.004224931,0.002011267,0.004146249,-3.28E-05,0.001496822,0.155813479,-0.002809081,-0.000450548,0.15907307,0.153454915,0.152553812,0.158171982,-0.152553812,-0.158171982,-0.15907307,-0.153454915,0.00537679,0.004224931,0.002011267
21.60001993,0.965925826,0.258819045,0,0,0.523598776,0,0,0.966595352,0.256296813,0.002300227,0.000439502,0.518383889,0.004221503,0.002028742,0.004998595,0.001270324,0.001815706,0.155584523,-0.003186964,-0.000545521,0.159316972,0.152943045,0.151852012,0.158225924,-0.151852012,-0.158225924,-0.159316972,-0.152943045,0.005214887,0.004221503,0.002028742
21.64986992,0.965925826,0.258819045,0,0,0.523598776,0,0,0.966574132,0.256376743,0.002309635,0.000449736,0.518549352,0.004234275,0.002053699,0.007423014,-0.000557303,0.00313595,0.155008564,-0.002794052,-0.000745018,0.158547595,0.152959496,0.151469454,0.157057568,-0.151469454,-0.157057568,-0.158547595,-0.152959496,0.005049424,0.004234275,0.002053699
21.70028996,0.965925826,0.258819045,0,0,0.523598776,0,0,0.966557384,0.256439656,0.002326804,0.000467977,0.518679679,0.004257977,0.002098043,0.003433973,-0.003920496,0.001456589,0.155908374,-0.003129833,-0.000380363,0.159418538,0.153158873,0.152398139,0.158657804,-0.152398139,-0.158657804,-0.159418538,-0.153158873,0.004919097,0.004257977,0.002098043
21.75090981,0.965925826,0.258819045,0,0,0.523598776,0,0,0.966514468,0.256601602,0.002330465,0.000491556,0.519014848,0.0042526,0.002146214,-0.000686944,0.000377745,0.001005083,0.15535858,-0.002414369,-0.000553766,0.158326685,0.153497949,0.152390406,0.157219142,-0.152390406,-0.157219142,-0.158326685,-0.153497949,0.004583928,0.0042526,0.002146214
21.79994988,0.965925826,0.258819045,0,0,0.523598776,0,0,0.966492414,0.256684095,0.002358513,0.00051139,0.519185789,0.004296451,0.002199316,0.004462153,2.91E-05,0.00236556,0.156668251,-0.003009611,-0.000438289,0.160116121,0.154096901,0.153220326,0.159239531,-0.153220326,-0.159239531,-0.160116121,-0.154096901,0.004412987,0.004296451,0.002199316
21.85001993,0.965925826,0.258819045,0,0,0.523598776,0,0,0.966477334,0.256740361,0.002372753,0.000519617,0.51930237,0.004319625,0.002222782,0.002419204,0.003541262,0.001386553,0.155912214,-0.003943344,-0.000604437,0.160459965,0.152573273,0.151364401,0.159251079,-0.151364401,-0.159251079,-0.160459965,-0.152573273,0.004296406,0.004319625,0.002222782
21.90001988,0.965925826,0.258819045,0,0,0.523598776,0,0,0.96645689,0.256817728,0.002362769,0.000527955,0.519462413,0.004295864,0.002234116,0.003995747,0.001645833,-9.09E-05,0.155524426,-0.003337143,-0.000318122,0.159179658,0.152505368,0.151869133,0.158543408,-0.151869133,-0.158543408,-0.159179658,-0.152505368,0.004136363,0.004295864,0.002234116
21.95018983,0.965925826,0.258819045,0,0,0.523598776,0,0,0.966435552,0.256897926,0.00236387,0.000508476,0.519628325,0.004307816,0.002197387,0.000720471,-0.004635752,0.001310557,0.156198258,-0.001740623,-0.000393617,0.158332467,0.154851213,0.154063985,0.157545224,-0.154063985,-0.157545224,-0.158332467,-0.154851213,0.003970451,0.004307816,0.002197387
22.00003982,0.965925826,0.258819045,0,0,0.523598776,0,0,0.966392457,0.257059813,0.002376108,0.000535222,0.519963511,0.004317351,0.002256096,0.014156848,-0.0002563,0.000872463,0.155308739,-0.002803475,-0.000180513,0.158292696,0.152685747,0.152324721,0.157931671,-0.152324721,-0.157931671,-0.158292696,-0.152685747,0.003635265,0.004317351,0.002256096
22.05071998,0.965925826,0.258819045,0,0,0.523598776,0,0,0.966376185,0.257120848,0.002375367,0.000524004,0.520089803,0.004321545,0.002234305,0.001057237,-0.001494587,0.001253933,0.154647197,-0.00401962,-0.000270042,0.158936828,0.150897592,0.1503575,0.158396736,-0.1503575,-0.158396736,-0.158936828,-0.150897592,0.003508973,0.004321545,0.002234305
22.10088992,0.965925826,0.258819045,0,0,0.523598776,0,0,0.966352403,0.257209957,0.002386267,0.00053634,0.52027434,0.004336059,0.002264153,0.006520004,-0.002278388,0.002061576,0.156005257,-0.002604825,-0.000471601,0.159081653,0.153871998,0.152928799,0.158138439,-0.152928799,-0.158138439,-0.159081653,-0.153871998,0.003324436,0.004336059,0.002264153
22.14998984,0.965925826,0.258819045,0,0,0.523598776,0,0,0.966334641,0.257276744,0.002396037,0.000576789,0.520412736,0.004333972,0.002347655,0.002386421,0.005004555,0.003405661,0.155630467,-0.00455869,-0.001049901,0.161239028,0.152121648,0.150021851,0.159139216,-0.150021851,-0.159139216,-0.161239028,-0.152121648,0.00318604,0.004333972,0.002347655
22.20037985,0.965925826,0.258819045,0,0,0.523598776,0,0,0.966318011,0.25733912,0.002408836,0.00059527,0.520541957,0.004349043,0.002390239,0.003881008,0.001282245,0.002344698,0.155268064,-0.003524637,-0.000803021,0.159595683,0.152546421,0.150940374,0.157989636,-0.150940374,-0.157989636,-0.159595683,-0.152546421,0.003056819,0.004349043,0.002390239
22.25061989,0.965925826,0.258819045,0,0,0.523598776,0,0,0.966294467,0.257427812,0.002380749,0.000565517,0.520725283,0.004309862,0.002318678,0.004788489,-0.003907084,-0.001841784,0.155020504,-0.001800546,6.81E-05,0.156752869,0.15315178,0.153288081,0.15688917,-0.153288081,-0.15688917,-0.156752869,-0.15315178,0.002873493,0.004309862,0.002318678
22.29978991,0.965925826,0.258819045,0,0,0.523598776,0,0,0.966269612,0.257521003,0.002401152,0.00057864,0.520918299,0.00434231,0.002354962,0.001611561,0.002222508,0.003408641,0.155669696,-0.002357117,-0.001085148,0.159111932,0.154397696,0.152227402,0.156941622,-0.152227402,-0.156941622,-0.159111932,-0.154397696,0.002680477,0.00434231,0.002354962
22.35144997,0.965925826,0.258819045,0,0,0.523598776,0,0,0.966247976,0.257602006,0.002406571,0.000573349,0.521085985,0.004355309,0.002347895,0.006494673,0.000334531,0.001270324,0.155493345,-0.00307493,-0.000480254,0.159048498,0.152898639,0.151938125,0.158087984,-0.151938125,-0.158087984,-0.159048498,-0.152898639,0.002512791,0.004355309,0.002347895
22.40005994,0.965925826,0.258819045,0,0,0.523598776,0,0,0.966235161,0.257649928,0.002408034,0.000598138,0.521185291,0.004345247,0.002396769,0.004089623,-7.15E-05,0.001538545,0.154552378,-0.003164879,-0.000572481,0.158289701,0.151959941,0.15081498,0.15714474,-0.15081498,-0.15714474,-0.158289701,-0.151959941,0.002413485,0.004345247,0.002396769
22.45167994,0.965925826,0.258819045,0,0,0.523598776,0,0,0.966225863,0.257684797,0.002428986,0.00062833,0.521257647,0.00437009,0.002466068,-0.001034141,0.002952665,0.003827363,0.156161017,-0.00414658,-0.001129324,0.161436886,0.153143734,0.150885075,0.159178242,-0.150885075,-0.159178242,-0.161436886,-0.153143734,0.002341129,0.00437009,0.002466068
22.49993992,0.965925826,0.258819045,0,0,0.523598776,0,0,0.96621567,0.257722497,0.002448361,0.000637419,0.521335855,0.004402749,0.002493791,0.002735108,0.002612918,-0.001940131,0.155313963,-0.003699449,-0.000135547,0.159148917,0.151750028,0.151478931,0.158877835,-0.151478931,-0.158877835,-0.159148917,-0.151750028,0.002262921,0.004402749,0.002493791
22.54992986,0.965925826,0.258819045,0,0,0.523598776,0,0,0.9662112,0.257739156,0.002459401,0.000640122,0.521370402,0.004422647,0.002504782,0.001617521,-0.001235306,0.001541525,0.155548742,-0.002914506,-0.000650826,0.159114033,0.153285027,0.15198338,0.157812387,-0.15198338,-0.157812387,-0.159114033,-0.153285027,0.002228374,0.004422647,0.002504782
22.6010499,0.965925826,0.258819045,0,0,0.523598776,0,0,0.966206014,0.257758856,0.00245983,0.000644056,0.521411159,0.004421396,0.002512695,-0.000841916,0.000751764,0.003286452,0.156078342,-0.003573735,-0.001000031,0.160652071,0.15350461,0.151504546,0.158652008,-0.151504546,-0.158652008,-0.160652071,-0.15350461,0.002187617,0.004421396,0.002512695
22.6512599,0.965925826,0.258819045,0,0,0.523598776,0,0,0.96619916,0.25778389,0.002478718,0.000658152,0.521463188,0.004450563,0.002549787,-0.001312793,-0.002360345,-0.002008677,0.15543268,-0.00408995,-0.001225718,0.160748318,0.152568415,0.15011698,0.158296868,-0.15011698,-0.158296868,-0.160748318,-0.152568415,0.002135588,0.004450563,0.002549787
22.70110989,0.965925826,0.258819045,0,0,0.523598776,0,0,0.966203392,0.257768512,0.002468864,0.000669631,0.521431295,0.004425643,0.002566819,-0.000482798,0.001695007,0.002732128,0.156168268,-0.002438792,-2.82E-05,0.158635184,0.153757602,0.153701276,0.158578858,-0.153701276,-0.158578858,-0.158635184,-0.153757602,0.002167481,0.004425643,0.002566819
22.75172997,0.965925826,0.258819045,0,0,0.523598776,0,0,0.966205239,0.2577613,0.002473614,0.000690095,0.521416497,0.004424293,0.002608779,0.000298768,0.000403076,0.002201647,0.155994586,-0.003827214,-0.000954415,0.158635184,0.153757602,0.153701276,0.158578858,-0.153701276,-0.158578858,-0.158635184,-0.153757602,0.002182279,0.004424293,0.002608779
22.80093002,0.965925826,0.258819045,0,0,0.523598776,0,0,0.966206789,0.257755518,0.00246966,0.000703066,0.521404557,0.00440998,0.00263178,-0.001193583,-0.002843141,0.001487881,0.156156412,-0.002581778,-0.0006743,0.159412459,0.154248908,0.152900308,0.158063859,-0.152900308,-0.158063859,-0.159412459,-0.154248908,0.002194219,0.00440998,0.00263178
22.85009003,0.965925826,0.258819045,0,0,0.523598776,0,0,0.966205359,0.257761151,0.002467232,0.000703022,0.52141617,0.004405296,0.002630469,0.003691763,-0.00153482,0.002069026,0.155081063,-0.002941703,-0.000808669,0.159412459,0.154248908,0.152900308,0.158063859,-0.152900308,-0.158063859,-0.159412459,-0.154248908,0.002182606,0.004405296,0.002630469
22.90095997,0.965925826,0.258819045,0,0,0.523598776,0,0,0.966200769,0.257778555,0.002457356,0.00071552,0.521452178,0.00437972,0.002649606,0.002676994,0.001121312,0.002410263,0.155295272,-0.003684069,-0.000942838,0.158831403,0.152947992,0.151330665,0.15721406,-0.151330665,-0.15721406,-0.158831403,-0.152947992,0.002146598,0.00437972,0.002649606
22.95026994,0.965925826,0.258819045,0,0,0.523598776,0,0,0.966205478,0.257760912,0.002441153,0.00068904,0.521415503,0.004362109,0.002590003,0.00199005,-0.002868473,0.000362843,0.155365479,-0.004083641,-0.001039414,0.159922138,0.152554005,0.150668338,0.15803647,-0.150668338,-0.15803647,-0.159922138,-0.152554005,0.002183273,0.004362109,0.002590003
23.00001001,0.965925826,0.258819045,0,0,0.523598776,0,0,0.966207862,0.257751554,0.002446251,0.000703065,0.521396259,0.004364755,0.002619691,0.001100451,0.001753122,0.001079589,0.155454949,-0.002441619,-0.00046953,0.158366069,0.153482825,0.152543768,0.157426998,-0.152543768,-0.157426998,-0.158366069,-0.153482825,0.002202517,0.004364755,0.002619691
23.04987001,0.965925826,0.258819045,0,0,0.523598776,0,0,0.966211557,0.257737577,0.002446983,0.000703938,0.521367349,0.004365759,0.002621694,-0.005121529,0.005999952,-0.001423061,0.155656423,-0.003747528,-0.000713161,0.160117075,0.152622029,0.151195705,0.158690751,-0.151195705,-0.158690751,-0.160117075,-0.152622029,0.002231427,0.004365759,0.002621694
23.10088992,0.965925826,0.258819045,0,0,0.523598776,0,0,0.966215849,0.257721603,0.002441084,0.00071762,0.521334295,0.004347351,0.00264502,-0.000889599,0.00122711,0.002823025,0.156108951,-0.003740733,-0.001018444,0.160868093,0.153386623,0.151349738,0.158831209,-0.151349738,-0.158831209,-0.160868093,-0.153386623,0.002264481,0.004347351,0.00264502
23.15089989,0.965925826,0.258819045,0,0,0.523598776,0,0,0.966215372,0.25772351,0.00245034,0.000728755,0.5213383,0.004359491,0.002671316,0.003410131,-5.07E-05,-0.000876188,0.155164246,-0.003164541,-0.000365135,0.15869388,0.152364805,0.151634544,0.157963619,-0.151634544,-0.157963619,-0.15869388,-0.152364805,0.002260476,0.004359491,0.002671316
23.20008993,0.965925826,0.258819045,0,0,0.523598776,0,0,0.966233552,0.257655203,0.002459054,0.00073098,0.52119697,0.004375373,0.002679799,0.000385195,0.000777096,-0.000143051,0.1558653,-0.003456261,-0.000509879,0.159831405,0.15291889,0.151899129,0.158811644,-0.151899129,-0.158811644,-0.159831405,-0.15291889,0.002401806,0.004375373,0.002679799
23.25424004,0.965925826,0.258819045,0,0,0.523598776,0,0,0.966244459,0.257614285,0.00246046,0.000749088,0.521112344,0.004368875,0.002715332,-0.002194941,-0.000572205,0.002271682,0.155571306,-0.003160972,-0.000825175,0.159557417,0.15323548,0.151585132,0.157907069,-0.151585132,-0.157907069,-0.159557417,-0.15323548,0.002486432,0.004368875,0.002715332
23.30071998,0.965925826,0.258819045,0,0,0.523598776,0,0,0.966256738,0.25756821,0.002467928,0.000741462,0.521016979,0.004387363,0.002704235,-0.003083051,-0.00102669,0.003283471,0.156452768,-0.00328791,-0.000915055,0.160655692,0.154079884,0.152249768,0.158825591,-0.152249768,-0.158825591,-0.160655692,-0.154079884,0.002581797,0.004387363,0.002704235
23.35087991,0.965925826,0.258819045,0,0,0.523598776,0,0,0.966271758,0.257511526,0.002495704,0.00082472,0.520900098,0.004398319,0.002879183,-0.003740192,0.000723451,0.002463907,0.1566721,-0.003234952,-0.001068842,0.160975859,0.154505953,0.152368277,0.158838168,-0.152368277,-0.158838168,-0.160975859,-0.154505953,0.002698678,0.004398319,0.002879183
23.40079999,0.965925826,0.258819045,0,0,0.523598776,0,0,0.966291368,0.257437557,0.002500023,0.000855177,0.520747171,0.004391206,0.002939933,-0.005450845,-0.000788272,0.001839549,0.157262013,-0.003384375,-0.000950107,0.161596462,0.154827714,0.152927503,0.159696251,-0.152927503,-0.159696251,-0.161596462,-0.154827714,0.002851605,0.004391206,0.002939933
23.45080996,0.965925826,0.258819045,0,0,0.523598776,0,0,0.966310561,0.257365316,0.002504379,0.000869691,0.520597745,0.004392373,0.002969897,-0.002604723,0.001450628,0.001110882,0.156677151,-0.003939214,-0.000893967,0.161510289,0.153631866,0.151843935,0.159722358,-0.151843935,-0.159722358,-0.161510289,-0.153631866,0.003001031,0.004392373,0.002969897
23.50102997,0.965925826,0.258819045,0,0,0.523598776,0,0,0.966323793,0.257315904,0.002515121,0.000895461,0.52049557,0.004400022,0.003025004,0.006110222,0.002207607,-0.001329184,0.154791178,-0.003987939,-0.000524411,0.159303486,0.151327625,0.150278792,0.158254668,-0.150278792,-0.158254668,-0.159303486,-0.151327625,0.003103206,0.004400022,0.003025004
23.55002999,0.965925826,0.258819045,0,0,0.523598776,0,0,0.966349185,0.257219911,0.00251484,0.000891556,0.520296965,0.004401789,0.003016877,-0.001718104,-0.001512468,0.005016475,0.156558673,-0.003435414,-0.001525839,0.159303486,0.151327625,0.150278792,0.158254668,-0.150278792,-0.158254668,-0.159303486,-0.151327625,0.003301811,0.004401789,0.003016877
23.59995985,0.965925826,0.258819045,0,0,0.523598776,0,0,0.966380298,0.257103562,0.002488979,0.000873245,0.520055923,0.004361586,0.002967656,0.003836304,0.000124425,-0.000983477,0.15535907,-0.003565216,-0.001062948,0.159987196,0.152856767,0.150730878,0.157861307,-0.150730878,-0.157861307,-0.159987196,-0.152856767,0.003542853,0.004361586,0.002967656
23.64969993,0.965925826,0.258819045,0,0,0.523598776,0,0,0.9664011,0.25702557,0.002481398,0.000864879,0.519894425,0.004351472,0.002947236,-0.003366173,3.20E-05,-0.001457334,0.155404328,-0.003408832,-0.000513194,0.159326315,0.152508661,0.151482269,0.158299938,-0.151482269,-0.158299938,-0.159326315,-0.152508661,0.003704351,0.004351472,0.002947236
23.7010498,0.965925826,0.258819045,0,0,0.523598776,0,0,0.966419995,0.256954253,0.002494329,0.00083911,0.519746831,0.004389928,0.002903755,-2.38E-05,-0.004217029,0.00121966,0.156330071,-0.002374258,-0.000752308,0.159456596,0.154708087,0.153203472,0.157951981,-0.153203472,-0.157951981,-0.159456596,-0.154708087,0.003851945,0.004389928,0.002903755
23.74986982,0.965925826,0.258819045,0,0,0.523598776,0,0,0.966440022,0.256879032,0.002495019,0.000853029,0.519591198,0.004384336,0.002930671,-0.003737211,9.91E-05,0.0014849,0.15718684,-0.003577127,-0.000908883,0.159456596,0.154708087,0.153203472,0.157951981,-0.153203472,-0.157951981,-0.159456596,-0.154708087,0.004007578,0.004384336,0.002930671
23.80105996,0.965925826,0.258819045,0,0,0.523598776,0,0,0.966462731,0.256793827,0.002461733,0.000847308,0.519414688,0.004323192,0.00290213,-0.00576377,-0.00115335,-0.001691282,0.157677682,-0.003007572,-0.000328163,0.16101338,0.154998243,0.154341921,0.160357058,-0.154341921,-0.160357058,-0.16101338,-0.154998243,0.004184088,0.004323192,0.00290213
23.85079002,0.965925826,0.258819045,0,0,0.523598776,0,0,0.966489613,0.25669241,0.002468218,0.000875495,0.51920497,0.004321562,0.00295949,-0.003886223,-0.001876056,0.003933161,0.157318531,-0.003212289,-0.001316322,0.1618471,0.155422539,0.152789891,0.159214467,-0.152789891,-0.159214467,-0.1618471,-0.155422539,0.004393806,0.004321562,0.00295949
23.90042996,0.965925826,0.258819045,0,0,0.523598776,0,0,0.966552198,0.256456673,0.002488695,0.000865685,0.518717209,0.004366899,0.002949975,-0.004540384,-0.003162027,0.001899153,0.157859511,-0.003106077,-5.32E-05,0.161018789,0.154806644,0.15470016,0.160912305,-0.15470016,-0.160912305,-0.161018789,-0.154806644,0.004881567,0.004366899,0.002949975
23.95022988,0.965925826,0.258819045,0,0,0.523598776,0,0,0.966573715,0.256375462,0.002489079,0.00090836,0.51854933,0.004346007,0.003032304,-0.001557171,-0.001500547,-0.000654161,0.157588766,-0.002748392,-0.000921179,0.161258295,0.155761525,0.15391916,0.159415945,-0.15391916,-0.159415945,-0.161258295,-0.155761525,0.005049446,0.004346007,0.003032304
24.00289989,0.965925826,0.258819045,0,0,0.523598776,0,0,0.966596842,0.256287783,0.00250241,0.000916734,0.518368057,0.004367762,0.003054933,-0.003224612,-0.000217557,-0.000327826,0.157392286,-0.00345306,-0.000661751,0.161507055,0.154600948,0.153277442,0.160183564,-0.153277442,-0.160183564,-0.161507055,-0.154600948,0.005230719,0.004367762,0.003054933
24.05028987,0.965925826,0.258819045,0,0,0.523598776,0,0,0.966643274,0.256112844,0.002501175,0.000922386,0.518006076,0.004363031,0.003064436,-0.001583994,-0.00090003,0.001467019,0.157125747,-0.003384091,-0.000964567,0.161507055,0.154600948,0.153277442,0.160183564,-0.153277442,-0.160183564,-0.161507055,-0.154600948,0.0055927,0.004363031,0.003064436
24.10066986,0.965925826,0.258819045,0,0,0.523598776,0,0,0.966653764,0.256073296,0.002508709,0.000926583,0.51792429,0.004375572,0.00307623,0.001042336,0.008762628,0.00083521,0.156573304,-0.00592148,-0.001079411,0.163574159,0.151731208,0.149572387,0.161415339,-0.149572387,-0.161415339,-0.163574159,-0.151731208,0.005674486,0.004375572,0.00307623
24.14991999,0.965925826,0.258819045,0,0,0.523598776,0,0,0.966681004,0.255969822,0.002518269,0.000937078,0.517710367,0.004389013,0.003100947,-0.008442998,-0.001128018,0.002849847,0.158706082,-0.003484011,-0.001206621,0.163396671,0.156428665,0.154015422,0.160983428,-0.154015422,-0.160983428,-0.163396671,-0.156428665,0.005888409,0.004389013,0.003100947
24.2004199,0.965925826,0.258819045,0,0,0.523598776,0,0,0.966715455,0.255839795,0.002530487,0.000899591,0.517441256,0.004432235,0.003034131,-0.002615154,1.56E-05,0.001791865,0.157361474,-0.003859758,-0.000631346,0.161852539,0.154133037,0.152870342,0.160589844,-0.152870342,-0.160589844,-0.161852539,-0.154133037,0.00615752,0.004432235,0.003034131
24.25079989,0.965925826,0.258819045,0,0,0.523598776,0,0,0.966735601,0.255764455,0.002505849,0.000899559,0.517285181,0.004384849,0.003021119,-0.004005433,-0.003385544,-0.000295043,0.157498744,-0.00365316,-0.001010225,0.162162095,0.154855773,0.152835324,0.160141647,-0.152835324,-0.160141647,-0.162162095,-0.154855773,0.006313595,0.004384849,0.003021119
24.30277991,0.965925826,0.258819045,0,0,0.523598776,0,0,0.966749549,0.255711287,0.002508458,0.000857979,0.517175113,0.004411326,0.002941816,0.001557917,0.003442913,0.001812726,0.157843575,-0.002596323,-0.000574693,0.161014557,0.155821905,0.154672518,0.159865171,-0.154672518,-0.159865171,-0.161014557,-0.155821905,0.006423663,0.004411326,0.002941816
24.35095,0.965925826,0.258819045,0,0,0.523598776,0,0,0.966754735,0.255691886,0.002501227,0.00086102,0.51713493,0.004395849,0.00294391,0.000605732,0.004189462,0.000151247,0.156873399,-0.004569866,-0.000782555,0.162225783,0.153086051,0.151520953,0.160660669,-0.151520953,-0.160660669,-0.162225783,-0.153086051,0.006463846,0.004395849,0.00294391
24.40209985,0.965925826,0.258819045,0,0,0.523598776,0,0,0.96676892,0.255638421,0.002476853,0.000840606,0.517024132,0.00435932,0.002891733,-0.004655123,0.004608184,0.001048297,0.158055959,-0.00470998,-0.000923067,0.163688973,0.15426901,0.152422875,0.161842838,-0.152422875,-0.161842838,-0.163688973,-0.15426901,0.006574644,0.00435932,0.002891733
24.45087004,0.965925826,0.258819045,0,0,0.523598776,0,0,0.966782391,0.255587399,0.002488603,0.000835837,0.516918621,0.00438463,0.002888287,-0.004586577,0.005618483,0.004156679,0.158067851,-0.005185419,-0.001475954,0.164729193,0.154358357,0.151406452,0.161777273,-0.151406452,-0.161777273,-0.164729193,-0.154358357,0.006680155,0.00438463,0.002888287
24.49995995,0.965925826,0.258819045,0,0,0.523598776,0,0,0.966796994,0.255532205,0.002483523,0.000802586,0.516804297,0.004391966,0.002821147,0.002477318,-0.00191778,-0.001893938,0.157503273,-0.003224336,-0.000501218,0.164729193,0.154358357,0.151406452,0.161777273,-0.151406452,-0.161777273,-0.164729193,-0.154358357,0.006794479,0.004391966,0.002821147
24.55093002,0.965925826,0.258819045,0,0,0.523598776,0,0,0.966807067,0.255494893,0.00245942,0.000743603,0.516726702,0.004375609,0.002694609,0.000161678,2.61E-05,0.001285225,0.156547479,-0.002711022,-0.000227324,0.159485787,0.154063746,0.153609097,0.159031138,-0.153609097,-0.159031138,-0.159485787,-0.154063746,0.006872074,0.004375609,0.002694609
24.59990001,0.965925826,0.258819045,0,0,0.523598776,0,0,0.966810763,0.255480766,0.002478892,0.00075135,0.516697599,0.004409341,0.002719474,-0.001434982,0.003448874,0.000988692,0.157075684,-0.003351293,-0.000754009,0.161180943,0.154478371,0.152970344,0.159672931,-0.152970344,-0.159672931,-0.161180943,-0.154478371,0.006901177,0.004409341,0.002719474
24.64988995,0.965925826,0.258819045,0,0,0.523598776,0,0,0.966816843,0.255457848,0.002453462,0.000711837,0.516649942,0.004380421,0.002629972,-0.004906952,-0.000594556,-0.003567338,0.158207978,-0.00284936,0.000138312,0.160918996,0.15522027,0.155496895,0.161195621,-0.155496895,-0.161195621,-0.160918996,-0.15522027,0.006948834,0.004380421,0.002629972
24.70099998,0.965925826,0.258819045,0,0,0.523598776,0,0,0.966817081,0.255457282,0.002438815,0.000704046,0.516648644,0.004356081,0.002607421,0.000777096,0.003480166,0.000474602,0.156962044,-0.004150812,-0.000648898,0.161761716,0.1534601,0.152162299,0.160463914,-0.152162299,-0.160463914,-0.161761716,-0.1534601,0.006950132,0.004356081,0.002607421
24.75100994,0.965925826,0.258819045,0,0,0.523598776,0,0,0.966820061,0.255445719,0.002454142,0.000726279,0.516624897,0.004374391,0.00265819,-0.000889599,0.002463907,0.004445761,0.15733269,-0.004183659,-0.001335265,0.162851572,0.154484257,0.151813731,0.160181046,-0.151813731,-0.160181046,-0.162851572,-0.154484257,0.006973879,0.004374391,0.00265819
24.80018997,0.965925826,0.258819045,0,0,0.523598776,0,0,0.966827512,0.255417228,0.002444376,0.000750065,0.516566046,0.004343436,0.002699067,0.000985712,0.000432879,0.001665205,0.156530114,-0.002458263,-0.000481388,0.162851572,0.154484257,0.151813731,0.160181046,-0.151813731,-0.160181046,-0.162851572,-0.154484257,0.00703273,0.004343436,0.002699067
24.85088992,0.965925826,0.258819045,0,0,0.523598776,0,0,0.966831386,0.255402952,0.002450634,0.000781683,0.516536597,0.004339423,0.002763339,0.003165752,8.87E-05,-0.001634658,0.156370337,-0.003821822,-0.000591507,0.160783634,0.153139994,0.151956975,0.159600616,-0.151956975,-0.159600616,-0.160783634,-0.153139994,0.007062179,0.004339423,0.002763339
24.90047002,0.965925826,0.258819045,0,0,0.523598776,0,0,0.966834605,0.255390495,0.002470895,0.000778224,0.516510929,0.004380404,0.002766945,-0.00319481,0.003056974,-0.000236928,0.156466642,-0.003203865,-0.000297848,0.159968317,0.153560594,0.15296489,0.159372628,-0.15296489,-0.159372628,-0.159968317,-0.153560594,0.007087847,0.004380404,0.002766945
24.9504199,0.965925826,0.258819045,0,0,0.523598776,0,0,0.966828048,0.255415261,0.002471256,0.000773262,0.516562151,0.004383566,0.002757645,0.001501292,0.000532717,-0.000630319,0.156825033,-0.003403847,-0.000467884,0.159968317,0.153560594,0.15296489,0.159372628,-0.15296489,-0.159372628,-0.159968317,-0.153560594,0.007036625,0.004383566,0.002757645
25.00071001,0.965925826,0.258819045,0,0,0.523598776,0,0,0.96682179,0.255438715,0.002482917,0.000799225,0.516610838,0.004392785,0.002813912,0.0033997,-0.000303984,0.002668053,0.156394883,-0.003425942,-0.001049702,0.160870492,0.154018611,0.151919201,0.158771083,-0.151919201,-0.158771083,-0.160870492,-0.154018611,0.006987938,0.004392785,0.002813912
25.05063987,0.965925826,0.258819045,0,0,0.523598776,0,0,0.966821551,0.255439281,0.002502672,0.000815926,0.51661219,0.00442245,0.002856303,0.003995746,0.003104657,-0.001724065,0.156265518,-0.004093112,-0.000383354,0.16074194,0.152555734,0.151789024,0.159975246,-0.151789024,-0.159975246,-0.16074194,-0.152555734,0.006986586,0.00442245,0.002856303
25.10115981,0.965925826,0.258819045,0,0,0.523598776,0,0,0.966807365,0.255492628,0.002508667,0.000862375,0.516722778,0.004410149,0.002949426,0.003928692,-0.002630055,0.000640005,0.156461442,-0.003092555,-0.000793413,0.160347372,0.154162273,0.152575448,0.158760548,-0.152575448,-0.158760548,-0.160347372,-0.154162273,0.006875998,0.004410149,0.002949426
25.15078998,0.965925826,0.258819045,0,0,0.523598776,0,0,0.96680522,0.255500913,0.002515584,0.000865996,0.516739935,0.004421649,0.002959999,0.000100583,0.002793223,-5.07E-05,0.156249268,-0.002771175,-0.000716918,0.159737319,0.154194981,0.152761146,0.158303484,-0.152761146,-0.158303484,-0.159737319,-0.154194981,0.006858841,0.004421649,0.002959999
25.20014,0.965925826,0.258819045,0,0,0.523598776,0,0,0.966793656,0.255544394,0.002515964,0.000832281,0.516829804,0.004439482,0.002895201,0.002827495,-0.002649426,-0.001385808,0.157086454,-0.00420484,-0.000719608,0.162010863,0.153601184,0.152161971,0.16057165,-0.152161971,-0.16057165,-0.162010863,-0.153601184,0.006768972,0.004439482,0.002895201
25.24931002,0.965925826,0.258819045,0,0,0.523598776,0,0,0.966785908,0.255574077,0.002517976,0.000817575,0.516891115,0.004450799,0.002867931,0.002867728,0.000693649,0.002440065,0.156439073,-0.003737145,-0.001048806,0.161224991,0.153750703,0.151653096,0.15912737,-0.151653096,-0.15912737,-0.161224991,-0.153750703,0.006707661,0.004450799,0.002867931
25.29797983,0.965925826,0.258819045,0,0,0.523598776,0,0,0.966763318,0.255659699,0.002525692,0.000834323,0.51706831,0.004456901,0.002904654,0.004336983,0.001848489,-0.000445545,0.156071616,-0.003882723,-0.000595004,0.160549313,0.152783871,0.151593849,0.159359306,-0.151593849,-0.159359306,-0.160549313,-0.152783871,0.006530466,0.004456901,0.002904654
25.35167003,0.965925826,0.258819045,0,0,0.523598776,0,0,0.966749907,0.255710065,0.002532598,0.000802764,0.517172466,0.004486242,0.002847398,0.005841999,-0.000217557,0.000613183,0.155713439,-0.003359669,-0.000695427,0.159768492,0.153049171,0.151658311,0.158377647,-0.151658311,-0.158377647,-0.159768492,-0.153049171,0.00642631,0.004486242,0.002847398
25.39848995,0.965925826,0.258819045,0,0,0.523598776,0,0,0.966735423,0.255764991,0.002514942,0.000797107,0.517285984,0.004454837,0.002827683,0.001656264,-0.000855327,-0.00127852,0.156602695,-0.003063399,-0.000346505,0.160012558,0.153885767,0.153192759,0.15931955,-0.153192759,-0.15931955,-0.160012558,-0.153885767,0.006312792,0.004454837,0.002827683
25.44931984,0.965925826,0.258819045,0,0,0.523598776,0,0,0.966698289,0.255905122,0.002517106,0.000752404,0.517575768,0.004481491,0.002743007,0.003630668,0.000954419,0.003407151,0.156394318,-0.002648921,-0.000295851,0.159339055,0.154041216,0.15344952,0.158747345,-0.15344952,-0.158747345,-0.159339055,-0.154041216,0.006023008,0.004481491,0.002743007
25.49880981,0.965925826,0.258819045,0,0,0.523598776,0,0,0.966672122,0.256004095,0.002526441,0.000763867,0.517780594,0.004493389,0.002770408,0.006740541,6.71E-06,0.00172928,0.1560937,-0.003788934,-0.001147024,0.161029622,0.153451756,0.151157707,0.158735573,-0.151157707,-0.158735573,-0.161029622,-0.153451756,0.005818182,0.004493389,0.002770408
25.54902983,0.965925826,0.258819045,0,0,0.523598776,0,0,0.96666038,0.256048381,0.002550047,0.000785182,0.517872397,0.004527985,0.002823912,0.003742427,0.001927465,-0.000292063,0.155993113,-0.003883165,-0.000562723,0.16043897,0.152672634,0.151547194,0.159313515,-0.151547194,-0.159313515,-0.16043897,-0.152672634,0.005726379,0.004527985,0.002823912
25.59895992,0.965925826,0.258819045,0,0,0.523598776,0,0,0.966640055,0.256124794,0.002567433,0.000796776,0.518030648,0.004555434,0.002855591,0.00416115,0.000407547,0.001145154,0.155859309,-0.003597767,-0.000788618,0.160245657,0.153050125,0.151472896,0.158668429,-0.151472896,-0.158668429,-0.160245657,-0.153050125,0.005568128,0.004555434,0.002855591
25.64855981,0.965925826,0.258819045,0,0,0.523598776,0,0,0.966614783,0.256219894,0.002551976,0.00079154,0.51822737,0.004527954,0.002837996,0.004740804,0.000212342,0.002156943,0.15568064,-0.003587248,-0.000955703,0.160223559,0.153049067,0.15113765,0.158312142,-0.15113765,-0.158312142,-0.160223559,-0.153049067,0.005371406,0.004527954,0.002837996
25.69946003,0.965925826,0.258819045,0,0,0.523598776,0,0,0.966595948,0.25629127,0.002556114,0.000781942,0.518374991,0.004540664,0.002821896,0.009664149,-0.002859533,0.001674145,0.154560522,-0.002700519,-0.000795595,0.158056602,0.152655572,0.151064381,0.156465411,-0.151064381,-0.156465411,-0.158056602,-0.152655572,0.005223785,0.004540664,0.002821896
25.75043988,0.965925826,0.258819045,0,0,0.523598776,0,0,0.966561139,0.256422549,0.002566901,0.000806922,0.518646758,0.004548323,0.002876334,0.004144758,-0.0002563,0.000723451,0.154968665,-0.003859011,-0.000963367,0.158056602,0.152655572,0.151064381,0.156465411,-0.151064381,-0.156465411,-0.158056602,-0.152655572,0.004952018,0.004548323,0.002876334
25.80088997,0.965925826,0.258819045,0,0,0.523598776,0,0,0.966538608,0.256507277,0.002555841,0.000793196,0.518822011,0.004533732,0.002844525,0.006144494,0.000471622,0.003381819,0.155702629,-0.003406593,-0.000712588,0.159821779,0.153008595,0.151583418,0.158396602,-0.151583418,-0.158396602,-0.159821779,-0.153008595,0.004776765,0.004533732,0.002844525
25.85451984,0.965925826,0.258819045,0,0,0.523598776,0,0,0.966512561,0.256605655,0.002543418,0.000773493,0.519025427,0.004519541,0.002800525,0.000888854,-0.001531839,-0.002594292,0.155217666,-0.003736195,-0.001175955,0.160129786,0.15265739,0.15030548,0.157777876,-0.15030548,-0.157777876,-0.160129786,-0.15265739,0.004573349,0.004519541,0.002800525
25.89965987,0.965925826,0.258819045,0,0,0.523598776,0,0,0.966498435,0.256659359,0.002526834,0.000729071,0.519136262,0.004510131,0.002706393,0.002738088,0.001993031,-0.000961125,0.155885205,-0.00377592,-0.000386039,0.160047129,0.152495295,0.151723221,0.159275055,-0.151723221,-0.159275055,-0.160047129,-0.152495295,0.004462514,0.004510131,0.002706393
25.94974995,0.965925826,0.258819045,0,0,0.523598776,0,0,0.966486871,0.256702542,0.002561737,0.000756517,0.519225907,0.004563385,0.002777569,0.00559464,0.002478808,0.002803653,0.155234081,-0.004203014,-0.001077244,0.160047129,0.152495295,0.151723221,0.159275055,-0.151723221,-0.159275055,-0.160047129,-0.152495295,0.004372869,0.004563385,0.002777569
25.9999299,0.965925826,0.258819045,0,0,0.523598776,0,0,0.966471195,0.256761372,0.002569103,0.000794278,0.51934784,0.004558063,0.002854619,-0.001938641,0.00340268,0.000890344,0.156856447,-0.004409343,-0.000804665,0.16051431,0.152108282,0.149953797,0.158359811,-0.149953797,-0.158359811,-0.16051431,-0.152108282,0.004250936,0.004558063,0.002854619
26.04793,0.965925826,0.258819045,0,0,0.523598776,0,0,0.966456831,0.256815493,0.002569734,0.000785196,0.5194598,0.004563788,0.002837644,0.003624708,0.001009554,0.002040714,0.155610678,-0.003815128,-0.000947515,0.162070423,0.153251737,0.151642412,0.160461083,-0.151642412,-0.160461083,-0.162070423,-0.153251737,0.004138976,0.004563788,0.002837644
26.09980989,0.965925826,0.258819045,0,0,0.523598776,0,0,0.96643281,0.256905437,0.002567636,0.00080256,0.519646048,0.004550546,0.002870554,0.005551428,-0.000356138,0.000498444,0.155338276,-0.00368573,-0.001060144,0.160084113,0.152712658,0.150592372,0.157963827,-0.150592372,-0.157963827,-0.160084113,-0.152712658,0.003952728,0.004550546,0.002870554
26.1505599,0.965925826,0.258819045,0,0,0.523598776,0,0,0.966436863,0.256889939,0.002570446,0.00080901,0.519614046,0.00455271,0.002884392,-0.004409254,-0.00218749,0.001773983,0.155133848,-0.003357478,-0.000667371,0.159158662,0.152443707,0.151108965,0.15782392,-0.151108965,-0.15782392,-0.159158662,-0.152443707,0.00398473,0.00455271,0.002884392
26.19957995,0.965925826,0.258819045,0,0,0.523598776,0,0,0.966422558,0.256944209,0.002573505,0.000813508,0.519726322,0.004556149,0.002894913,0.002553314,0.00288561,0.001775474,0.155771831,-0.004339248,-0.000970946,0.159158662,0.152443707,0.151108965,0.15782392,-0.151108965,-0.15782392,-0.159158662,-0.152443707,0.003872454,0.004556149,0.002894913
26.24875998,0.965925826,0.258819045,0,0,0.523598776,0,0,0.966416597,0.256966203,0.002593618,0.000813788,0.519771978,0.004594814,0.002905896,-0.004313886,0.000508875,0.001742691,0.157266292,-0.00375436,-0.000903554,0.161081985,0.152403504,0.150461599,0.159140095,-0.150461599,-0.159140095,-0.161081985,-0.152403504,0.003826798,0.004594814,0.002905896
26.30032992,0.965925826,0.258819045,0,0,0.523598776,0,0,0.96641773,0.256962419,0.002559112,0.000795671,0.519763878,0.004537443,0.002853125,0.003916771,-0.001913309,-0.001183152,0.155462017,-0.002824246,-0.000333349,0.158619583,0.152971089,0.152304396,0.157952875,-0.152304396,-0.157952875,-0.158619583,-0.152971089,0.003834898,0.004537443,0.002853125
26.35000992,0.965925826,0.258819045,0,0,0.523598776,0,0,0.966421962,0.256946445,0.002568992,0.00085912,0.519731097,0.00452398,0.002980765,-0.002749264,-0.000970066,0.005180389,0.15644762,-0.003591992,-0.001027075,0.161066651,0.153882667,0.151828527,0.159012496,-0.151828527,-0.159012496,-0.161066651,-0.153882667,0.003867679,0.00452398,0.002980765
26.40394998,0.965925826,0.258819045,0,0,0.523598776,0,0,0.96642077,0.256950557,0.002567432,0.000861778,0.519739662,0.004519586,0.002985122,0.002603978,-0.001840294,0.001657754,0.156932223,-0.003607589,-0.00152078,0.161066651,0.153882667,0.151828527,0.159012496,-0.151828527,-0.159012496,-0.161066651,-0.153882667,0.003859114,0.004519586,0.002985122
26.45198989,0.965925826,0.258819045,0,0,0.523598776,0,0,0.966421068,0.256949544,0.00255289,0.000856284,0.519737472,0.004494306,0.002967025,-0.000776351,0.000590831,-0.002002716,0.155755728,-0.003120217,-0.000900649,0.159776554,0.153536126,0.151734829,0.157975256,-0.151734829,-0.157975256,-0.159776554,-0.153536126,0.003861304,0.004494306,0.002967025
26.50045991,0.965925826,0.258819045,0,0,0.523598776,0,0,0.966431677,0.256909877,0.002551362,0.000796512,0.519655127,0.004522186,0.002850522,-0.004346669,-0.001108647,-0.000831485,0.157304038,-0.00309488,-0.000407926,0.160806805,0.154617056,0.153801203,0.159990951,-0.153801203,-0.159990951,-0.160806805,-0.154617056,0.003943649,0.004522186,0.002850522
26.54980993,0.965925826,0.258819045,0,0,0.523598776,0,0,0.966435432,0.25689584,0.002548804,0.000811548,0.51962611,0.004509558,0.002878204,-0.001257658,0.000656396,0.002817065,0.156633491,-0.003802099,-0.001098493,0.161534041,0.153929859,0.151732862,0.159337059,-0.151732862,-0.159337059,-0.161534041,-0.153929859,0.003972666,0.004509558,0.002878204
26.59959984,0.965925826,0.258819045,0,0,0.523598776,0,0,0.966440856,0.256875008,0.002560796,0.00080592,0.519583085,0.00453569,0.00287339,-0.002418459,-0.006169081,0.001803786,0.156897005,-0.001930494,-0.000759332,0.159586802,0.155725807,0.15420714,0.158068135,-0.15420714,-0.158068135,-0.159586802,-0.155725807,0.004015691,0.00453569,0.00287339
26.64986992,0.965925826,0.258819045,0,0,0.523598776,0,0,0.966453671,0.256827712,0.002540967,0.000760779,0.51948484,0.00452069,0.002775728,0.001447648,0.003310293,0.000468642,0.156476301,-0.003502164,-0.000812736,0.160791159,0.153786838,0.152161375,0.159165695,-0.152161375,-0.159165695,-0.160791159,-0.153786838,0.004113936,0.00452069,0.002775728
26.70093989,0.965925826,0.258819045,0,0,0.523598776,0,0,0.966464162,0.256787747,0.002559888,0.000803389,0.519402431,0.004535495,0.002867622,-0.003381074,0.000477582,0.001650304,0.154976101,-0.004133863,-0.000583512,0.159693435,0.151425719,0.15025869,0.158526421,-0.15025869,-0.158526421,-0.159693435,-0.151425719,0.004196345,0.004535495,0.002867622
26.74776983,0.965925826,0.258819045,0,0,0.523598776,0,0,0.966472685,0.25675562,0.002551836,0.000792512,0.519335883,0.004525612,0.002842311,-0.001867116,0.002648682,-0.000326335,0.157157768,-0.003689045,-0.000880193,0.161726967,0.15434888,0.152588502,0.159966588,-0.152588502,-0.159966588,-0.161726967,-0.15434888,0.004262893,0.004525612,0.002842311
26.79826999,0.965925826,0.258819045,0,0,0.523598776,0,0,0.966477513,0.25673753,0.002539284,0.000809141,0.519298448,0.004492863,0.002867925,-0.002034009,0.000900775,0.003897399,0.156888832,-0.003927755,-0.001288538,0.162105083,0.154249579,0.151672512,0.159528017,-0.151672512,-0.159528017,-0.162105083,-0.154249579,0.004300328,0.004492863,0.002867925
26.84824991,0.965925826,0.258819045,0,0,0.523598776,0,0,0.96648246,0.256719053,0.002539234,0.000796361,0.519260144,0.004499384,0.002843109,-0.002701581,-0.00474751,0.000176579,0.157044214,-0.002171243,-0.00050219,0.159717605,0.155375123,0.154370755,0.158713236,-0.154370755,-0.158713236,-0.159717605,-0.155375123,0.004338632,0.004499384,0.002843109
26.89831996,0.965925826,0.258819045,0,0,0.523598776,0,0,0.966493189,0.256678909,0.002522615,0.000767605,0.51917687,0.004482139,0.002778806,6.03E-05,0.001143664,0.000334531,0.156461848,-0.003685713,-0.00063422,0.160781741,0.153410316,0.152141884,0.15951331,-0.152141884,-0.15951331,-0.160781741,-0.153410316,0.004421906,0.004482139,0.002778806
26.94977999,0.965925826,0.258819045,0,0,0.523598776,0,0,0.966496408,0.256666183,0.00254967,0.00080605,0.519150864,0.004514739,0.00286695,-0.002066791,0.002949685,0.003279001,0.156935088,-0.004438997,-0.001223188,0.162597239,0.153719246,0.151272878,0.160150856,-0.151272878,-0.160150856,-0.162597239,-0.153719246,0.004447912,0.004514739,0.00286695
27.00085998,0.965925826,0.258819045,0,0,0.523598776,0,0,0.966513693,0.256601274,0.002529025,0.000809724,0.519016452,0.004473138,0.002863153,0.005046278,0.000519306,0.002794713,0.156507346,-0.003105708,-0.000530642,0.160143659,0.153932244,0.152870968,0.159082383,-0.152870968,-0.159082383,-0.160143659,-0.153932244,0.004582324,0.004473138,0.002863153
27.05183983,0.965925826,0.258819045,0,0,0.523598776,0,0,0.966516852,0.256588876,0.002557376,0.000851904,0.518991129,0.004506331,0.002959181,0.000932068,-0.001502037,-3.28E-05,0.155408363,-0.0037111,-0.001097329,0.160216749,0.152794555,0.150599897,0.158022091,-0.150599897,-0.158022091,-0.160216749,-0.152794555,0.004607647,0.004506331,0.002959181
27.10048985,0.965925826,0.258819045,0,0,0.523598776,0,0,0.96652317,0.256565571,0.002547811,0.00081298,0.518942658,0.004507885,0.002878922,0.00301674,0.000543147,0.001188368,0.155873426,-0.003645382,-0.000819706,0.160338476,0.153047711,0.1514083,0.158699065,-0.1514083,-0.158699065,-0.160338476,-0.153047711,0.004656118,0.004507885,0.002878922
27.14996982,0.965925826,0.258819045,0,0,0.523598776,0,0,0.966520905,0.256574035,0.00254734,0.000823852,0.518960219,0.004501372,0.002899736,0.004941969,-0.000944734,0.00108704,0.155445793,-0.003244151,-0.000782883,0.159472793,0.1529845,0.151418731,0.157907024,-0.151418731,-0.157907024,-0.159472793,-0.1529845,0.004638557,0.004501372,0.002899736
27.20114994,0.965925826,0.258819045,0,0,0.523598776,0,0,0.966520548,0.256575227,0.00254352,0.000815285,0.518962661,0.00449838,0.002881221,0.002256781,0.002253801,-0.000701845,0.15603587,-0.003982962,-0.000534158,0.160552949,0.152587026,0.151518717,0.15948464,-0.151518717,-0.15948464,-0.160552949,-0.152587026,0.004636115,0.00449838,0.002881221
27.24985003,0.965925826,0.258819045,0,0,0.523598776,0,0,0.966524839,0.256559223,0.002555193,0.000815595,0.518929569,0.004520833,0.002887735,0.001239032,-0.001657009,0.002291054,0.156265997,-0.003147415,-0.000961263,0.160374641,0.15407981,0.152157292,0.158452109,-0.152157292,-0.158452109,-0.160374641,-0.15407981,0.004669207,0.004520833,0.002887735
27.30026984,0.965925826,0.258819045,0,0,0.523598776,0,0,0.966520071,0.256577164,0.002572655,0.000841546,0.518966861,0.004541216,0.002946945,-0.000691414,0.000821799,0.000488013,0.156971703,-0.00347352,-0.001104567,0.161549747,0.154602721,0.152393579,0.15934062,-0.152393579,-0.15934062,-0.161549747,-0.154602721,0.004631915,0.004541216,0.002946945
27.35018992,0.965925826,0.258819045,0,0,0.523598776,0,0,0.966527104,0.256550163,0.002590213,0.000871633,0.518911238,0.004559802,0.003013989,2.46E-05,0.006122143,0.002086908,0.15668112,-0.003749796,-0.000731808,0.161162689,0.153663099,0.152199477,0.159699067,-0.152199477,-0.159699067,-0.161162689,-0.153663099,0.004687538,0.004559802,0.003013989
27.40540981,0.965925826,0.258819045,0,0,0.523598776,0,0,0.96652931,0.256541908,0.002584348,0.000853134,0.518894057,0.004557983,0.00297518,-0.003622472,-0.00230819,-0.000934303,0.157342337,-0.002863989,-0.000424544,0.160630837,0.154902861,0.154053777,0.159781739,-0.154053777,-0.159781739,-0.160630837,-0.154902861,0.004704719,0.004557983,0.00297518
27.44829988,0.965925826,0.258819045,0,0,0.523598776,0,0,0.966530919,0.256535619,0.002579958,0.000846789,0.518881035,0.004552772,0.002960634,0.004135817,-0.003799797,-0.001627207,0.155642863,-0.002368044,-0.000270769,0.158281639,0.153545558,0.15300402,0.157740101,-0.15300402,-0.157740101,-0.158281639,-0.153545558,0.004717741,0.004552772,0.002960634
27.49865985,0.965925826,0.258819045,0,0,0.523598776,0,0,0.966533124,0.256527513,0.002564505,0.000823329,0.518864086,0.00453496,0.002907316,-0.002767146,0.002578646,-0.00179559,0.157164168,-0.004048152,-0.000355533,0.161567822,0.153471515,0.152760446,0.160856754,-0.152760446,-0.160856754,-0.161567822,-0.153471515,0.00473469,0.00453496,0.002907316
27.54952002,0.965925826,0.258819045,0,0,0.523598776,0,0,0.966533005,0.256528229,0.002566849,0.000808826,0.518865486,0.004546931,0.002880486,-0.001223385,0.003229827,-0.000587106,0.156825049,-0.004278707,-0.000563037,0.161567822,0.153471515,0.152760446,0.160856754,-0.152760446,-0.160856754,-0.161567822,-0.153471515,0.00473329,0.004546931,0.002880486
27.59890985,0.965925826,0.258819045,0,0,0.523598776,0,0,0.966527879,0.256548345,0.002538583,0.000747773,0.51890667,0.004523557,0.002748055,-0.000616908,-0.000812113,0.002337247,0.15723808,-0.003379151,-0.00039112,0.161008313,0.154250011,0.153467774,0.160226077,-0.153467774,-0.160226077,-0.161008313,-0.154250011,0.004692106,0.004523557,0.002748055
27.64863992,0.965925826,0.258819045,0,0,0.523598776,0,0,0.966535032,0.256521106,0.002559683,0.00078544,0.518850564,0.004545096,0.002831569,0.001805275,0.001526624,-0.000347197,0.156679666,-0.003287606,-0.000910414,0.160877645,0.154302448,0.152481616,0.159056827,-0.152481616,-0.159056827,-0.160877645,-0.154302448,0.004748212,0.004545096,0.002831569
27.69899988,0.965925826,0.258819045,0,0,0.523598776,0,0,0.966531813,0.256533086,0.002556056,0.000757452,0.518875257,0.004552412,0.002775661,0.003164262,0.000781566,0.00096634,0.156163905,-0.003792805,-0.000541953,0.160498619,0.152913019,0.151829109,0.159414724,-0.151829109,-0.159414724,-0.160498619,-0.152913019,0.004723519,0.004552412,0.002775661
27.74889994,0.965925826,0.258819045,0,0,0.523598776,0,0,0.966531932,0.256532222,0.002565069,0.000727114,0.518873447,0.004585403,0.002721636,0.002001971,-0.002151728,0.000783056,0.156113405,-0.002817392,-0.000586125,0.159516886,0.153882101,0.152709857,0.158344641,-0.152709857,-0.158344641,-0.159516886,-0.153882101,0.004725329,0.004585403,0.002721636
27.80016994,0.965925826,0.258819045,0,0,0.523598776,0,0,0.966532469,0.256530702,0.002568529,0.000734408,0.518870275,0.004588353,0.002737504,-0.000466406,-0.003807247,-5.07E-05,0.156655572,-0.002346722,-0.000410567,0.159412831,0.154719383,0.153898254,0.158591688,-0.153898254,-0.158591688,-0.159412831,-0.154719383,0.004728501,0.004588353,0.002737504
27.84935999,0.965925826,0.258819045,0,0,0.523598776,0,0,0.966525018,0.256558746,0.002586441,0.000766813,0.518928499,0.004606269,0.002809469,0.002390892,0.001554936,0.003736467,0.156014206,-0.004064552,-0.00122389,0.161302611,0.153173506,0.150725737,0.158854827,-0.150725737,-0.158854827,-0.161302611,-0.153173506,0.004670277,0.004606269,0.002809469
27.90019989,0.965925826,0.258819045,0,0,0.523598776,0,0,0.9665277,0.256548256,0.002571289,0.000765363,0.518906779,0.004577755,0.002798841,0.002960116,0.000248104,0.003846735,0.156482289,-0.003356715,-0.000827174,0.160666138,0.153952718,0.152298361,0.159011796,-0.152298361,-0.159011796,-0.160666138,-0.153952718,0.004691997,0.004577755,0.002798841
27.95088983,0.965925826,0.258819045,0,0,0.523598776,0,0,0.966531515,0.256534249,0.002568319,0.000814952,0.518877916,0.00454661,0.002893111,-0.006973744,0.002979487,0.002860278,0.155894462,-0.003703229,-0.0012143,0.160666138,0.153952718,0.152298361,0.159011796,-0.152298361,-0.159011796,-0.160666138,-0.153952718,0.00472086,0.00454661,0.002893111
28.00051999,0.965925826,0.258819045,0,0,0.523598776,0,0,0.966541767,0.256495386,0.002583774,0.0008187,0.518797607,0.004574681,0.002908101,-0.003115833,-0.00037998,0.000105053,0.158082494,-0.004468756,-0.001155383,0.163706601,0.154769093,0.152458325,0.161395833,-0.152458325,-0.161395833,-0.163706601,-0.154769093,0.004801169,0.004574681,0.002908101
28.05005002,0.965925826,0.258819045,0,0,0.523598776,0,0,0.966536999,0.256513029,0.002590287,0.000860849,0.51883434,0.004565594,0.002993006,-0.001063943,0.001139194,0.001145154,0.156797165,-0.003918486,-0.00087224,0.161587849,0.153750882,0.152006403,0.15984337,-0.152006403,-0.15984337,-0.161587849,-0.153750882,0.004764436,0.004565594,0.002993006
28.1013298,0.965925826,0.258819045,0,0,0.523598776,0,0,0.966543198,0.256489515,0.002580933,0.000869226,0.518785697,0.004543287,0.003004289,-0.001393259,0.002693386,-0.000599027,0.15688286,-0.004221887,-0.000616742,0.161721453,0.15327768,0.152044192,0.160487965,-0.152044192,-0.160487965,-0.161721453,-0.15327768,0.004813079,0.004543287,0.003004289
28.15124989,0.965925826,0.258819045,0,0,0.523598776,0,0,0.966549039,0.256467432,0.002582728,0.000883016,0.518740068,0.004539753,0.003031764,0.002253801,0.00519678,0.001008064,0.156094642,-0.004997769,-0.000969453,0.162061825,0.15206629,0.150127396,0.160122916,-0.150127396,-0.160122916,-0.162061825,-0.15206629,0.004858708,0.004539753,0.003031764
28.19845986,0.965925826,0.258819045,0,0,0.523598776,0,0,0.966554403,0.256447226,0.00257263,0.000862184,0.518698139,0.00453098,0.002986218,0.002875179,-0.002709031,0.001353771,0.155966782,-0.002869039,-0.000828642,0.159664422,0.153926358,0.152269065,0.158007145,-0.152269065,-0.158007145,-0.159664422,-0.153926358,0.004900637,0.00453098,0.002986218
28.25035,0.965925826,0.258819045,0,0,0.523598776,0,0,0.966564298,0.256410599,0.002543312,0.000767975,0.518621801,0.004522731,0.002788891,0.000346452,0.00185445,0.002221018,0.156861227,-0.00247117,-0.000403241,0.159735605,0.154793262,0.153986782,0.158929124,-0.153986782,-0.158929124,-0.159735605,-0.154793262,0.004976975,0.004522731,0.002788891
28.29828,0.965925826,0.258819045,0,0,0.523598776,0,0,0.966564119,0.256411105,0.002561144,0.000780744,0.518622988,0.004550653,0.002822723,0.003410131,0.007311255,-0.000438094,0.156543043,-0.004014671,-0.000974186,0.161531866,0.153502524,0.151554152,0.159583494,-0.151554152,-0.159583494,-0.161531866,-0.153502524,0.004975788,0.004550653,0.002822723
28.34913993,0.965925826,0.258819045,0,0,0.523598776,0,0,0.966576219,0.256365538,0.002560787,0.00078752,0.518528718,0.004546621,0.002835424,-5.81E-05,-0.000306964,0.002101809,0.15665534,-0.003472367,-0.000924705,0.161531866,0.153502524,0.151554152,0.159583494,-0.151554152,-0.159583494,-0.161531866,-0.153502524,0.005070058,0.004546621,0.002835424
28.39958,0.965925826,0.258819045,0,0,0.523598776,0,0,0.966574848,0.256370634,0.002561048,0.00073933,0.518539095,0.004571821,0.002742424,-0.000239909,-0.000961125,-0.000873208,0.156693034,-0.003048853,-0.000339687,0.160081536,0.153983831,0.153304458,0.159402162,-0.153304458,-0.159402162,-0.160081536,-0.153983831,0.005059681,0.004571821,0.002742424
28.44903994,0.965925826,0.258819045,0,0,0.523598776,0,0,0.966579437,0.256353587,0.00258644,0.000747293,0.518503915,0.004616872,0.002770754,-0.000667572,0.00288263,0.001805276,0.156796517,-0.004282556,-0.000895051,0.161974087,0.153408974,0.151618883,0.160183981,-0.151618883,-0.160183981,-0.161974087,-0.153408974,0.005094861,0.004616872,0.002770754
28.50020981,0.965925826,0.258819045,0,0,0.523598776,0,0,0.966586888,0.256325096,0.002588612,0.000752412,0.518445044,0.004618529,0.002781629,0.004615635,0.003179163,-0.000599027,0.155652858,-0.004194868,-0.000495254,0.160342947,0.151953205,0.15096271,0.159352437,-0.15096271,-0.159352437,-0.160342947,-0.151953205,0.005153732,0.004618529,0.002781629
28.55026984,0.965925826,0.258819045,0,0,0.523598776,0,0,0.966601372,0.256270796,0.002569903,0.000684623,0.51833232,0.004617262,0.002640727,0.000985712,-0.001442433,0.002206117,0.15653298,-0.003472035,-0.000155279,0.160160258,0.153216198,0.152905628,0.159849703,-0.152905628,-0.159849703,-0.160160258,-0.153216198,0.005266456,0.004617262,0.002640727
28.59962988,0.965925826,0.258819045,0,0,0.523598776,0,0,0.966609657,0.256239831,0.002564193,0.000680723,0.518268176,0.004608306,0.002630114,-0.004898012,-0.000399351,0.001951307,0.156477052,-0.003055546,-0.000797472,0.160330027,0.154218942,0.152623996,0.158735082,-0.152623996,-0.158735082,-0.160330027,-0.154218942,0.0053306,0.004608306,0.002630114
28.65074992,0.965925826,0.258819045,0,0,0.523598776,0,0,0.966614604,0.256221533,0.00253664,0.000605301,0.518229879,0.00459374,0.002470097,0.001690537,-0.000675023,-0.000694394,0.156350019,-0.002942773,-0.000226308,0.160330027,0.154218942,0.152623996,0.158735082,-0.152623996,-0.158735082,-0.160330027,-0.154218942,0.005368897,0.00459374,0.002470097
28.69984984,0.965925826,0.258819045,0,0,0.523598776,0,0,0.966627717,0.25617221,0.002525667,0.000606936,0.518127773,0.004571815,0.002467403,-0.001905859,-0.003807247,0.002846867,0.15716386,-0.002344651,-0.00076835,0.159519061,0.15363352,0.153180912,0.159066454,-0.153180912,-0.159066454,-0.159519061,-0.15363352,0.005471003,0.004571815,0.002467403
28.74979997,0.965925826,0.258819045,0,0,0.523598776,0,0,0.966627717,0.256172329,0.002532459,0.000622545,0.518128086,0.004576948,0.002501059,-0.000414252,-0.002112985,0.001101941,0.156837529,-0.002700837,-0.000523454,0.16027683,0.155587524,0.154050827,0.158740118,-0.154050827,-0.158740118,-0.16027683,-0.155587524,0.00547069,0.004576948,0.002501059
28.80059981,0.965925826,0.258819045,0,0,0.523598776,0,0,0.966633737,0.256149024,0.00253803,0.000617784,0.518079948,0.004590218,0.002494598,-0.002644957,-0.001592934,-0.000798702,0.157339884,-0.00272624,-0.000198851,0.160264939,0.154812455,0.154414758,0.159867242,-0.154414758,-0.159867242,-0.160264939,-0.154812455,0.005518828,0.004590218,0.002494598
28.85090995,0.965925826,0.258819045,0,0,0.523598776,0,0,0.966654956,0.256068975,0.002535255,0.000649493,0.51791443,0.00456882,0.002554102,0.007276983,0.002879649,0.005347282,0.157666917,-0.003640432,-0.000607157,0.161914468,0.154633611,0.153419301,0.160700157,-0.153419301,-0.160700157,-0.161914468,-0.154633611,0.005684346,0.00456882,0.002554102
28.9000299,0.965925826,0.258819045,0,0,0.523598776,0,0,0.966659486,0.256051779,0.002539827,0.000627971,0.517878799,0.004588726,0.002514753,-0.003966689,0.005278737,-0.002919137,0.155205521,-0.004309562,-0.00140675,0.160921797,0.152302682,0.149489179,0.158108294,-0.149489179,-0.158108294,-0.160921797,-0.152302682,0.005719977,0.004588726,0.002514753
28.95311999,0.965925826,0.258819045,0,0,0.523598776,0,0,0.966662765,0.256040126,0.002534509,0.00061538,0.517854525,0.004584922,0.002487629,-0.000913441,0.006715209,0.001168996,0.157020132,-0.005052706,-0.0007256,0.160921797,0.152302682,0.149489179,0.158108294,-0.149489179,-0.158108294,-0.160921797,-0.152302682,0.005744251,0.004584922,0.002487629
28.99984002,0.965925826,0.258819045,0,0,0.523598776,0,0,0.966659904,0.256050199,0.002557564,0.000594053,0.517875466,0.004640391,0.002458253,0.001802295,0.004111976,0.002019852,0.156418148,-0.004401508,-0.000787715,0.16160734,0.15280433,0.15122889,0.1600319,-0.15122889,-0.1600319,-0.16160734,-0.15280433,0.00572331,0.004640391,0.002458253
29.05087996,0.965925826,0.258819045,0,0,0.523598776,0,0,0.966665804,0.256028086,0.002562064,0.000611243,0.517829774,0.004640344,0.002493686,0.001391024,0.000513345,0.002654642,0.156519301,-0.003507546,-0.000835439,0.160862252,0.153847158,0.152176276,0.15919137,-0.152176276,-0.15919137,-0.160862252,-0.153847158,0.005769002,0.004640344,0.002493686
29.10088992,0.965925826,0.258819045,0,0,0.523598776,0,0,0.966665924,0.256027788,0.002551904,0.000604909,0.517829076,0.004623947,0.002476235,-0.00089407,0.001185387,-0.000542402,0.157021662,-0.003472416,-0.000290359,0.160862252,0.153847158,0.152176276,0.15919137,-0.152176276,-0.15919137,-0.160862252,-0.153847158,0.0057697,0.004623947,0.002476235
29.15188003,0.965925826,0.258819045,0,0,0.523598776,0,0,0.966673613,0.25599876,0.002558672,0.000617022,0.517769089,0.004630904,0.00250298,0.002873689,-0.000324845,-0.000609457,0.15650518,-0.003396962,-0.000838345,0.16074045,0.153946534,0.15226984,0.159063756,-0.15226984,-0.159063756,-0.16074045,-0.153946534,0.005829687,0.004630904,0.00250298
29.20144987,0.965925826,0.258819045,0,0,0.523598776,0,0,0.966673672,0.255997956,0.002577535,0.000645871,0.517767682,0.004652605,0.002568411,-0.006482007,-0.004278123,-9.98E-05,0.156210167,-0.003070699,-0.000260258,0.159541085,0.153399691,0.152879179,0.159020573,-0.152879179,-0.159020573,-0.159541085,-0.153399691,0.005831094,0.004652605,0.002568411
29.25073004,0.965925826,0.258819045,0,0,0.523598776,0,0,0.966680348,0.255972803,0.002576395,0.00062237,0.517715539,0.004662497,0.00252227,0.001635403,-0.001171231,0.001669675,0.158261278,-0.002149141,-0.000282884,0.159541085,0.153399691,0.152879179,0.159020573,-0.152879179,-0.159020573,-0.159541085,-0.153399691,0.005883237,0.004662497,0.00252227
29.29971981,0.965925826,0.258819045,0,0,0.523598776,0,0,0.966674089,0.255996555,0.002588792,0.000647881,0.51776481,0.004673343,0.002578054,-0.001007319,0.001952797,0.002334267,0.157062738,-0.003950555,-0.000849672,0.160693273,0.156394988,0.155829221,0.160127506,-0.155829221,-0.160127506,-0.160693273,-0.156394988,0.005833966,0.004673343,0.002578054
29.35089993,0.965925826,0.258819045,0,0,0.523598776,0,0,0.966681421,0.255968302,0.002620957,0.000688953,0.517706712,0.004714578,0.002673792,-0.005890429,0.00198707,0.000732392,0.158149048,-0.003956337,-0.000613372,0.161862925,0.153961822,0.152262479,0.160163581,-0.152262479,-0.160163581,-0.161862925,-0.153961822,0.005892064,0.004714578,0.002673792
29.40183997,0.965925826,0.258819045,0,0,0.523598776,0,0,0.966687202,0.255946428,0.002625916,0.000728192,0.51766163,0.00470414,0.002752088,-0.000597537,0.004430861,0.001119822,0.157000333,-0.004663133,-0.000784036,0.162447467,0.153121203,0.151553139,0.160879388,-0.151553139,-0.160879388,-0.162447467,-0.153121203,0.005937146,0.00470414,0.002752088
29.4526,0.965925826,0.258819045,0,0,0.523598776,0,0,0.966680348,0.255972058,0.002651297,0.000744213,0.517714852,0.004744936,0.002796183,0.005073101,-0.002510846,0.000389665,0.156181823,-0.003471442,-0.000996216,0.160649449,0.153706565,0.151714131,0.158657014,-0.151714131,-0.158657014,-0.160649449,-0.153706565,0.005883924,0.004744936,0.002796183
29.50273991,0.965925826,0.258819045,0,0,0.523598776,0,0,0.96668303,0.255961835,0.002661928,0.000713522,0.517693638,0.004781231,0.002742237,0.002554804,-0.005146862,-0.001218915,0.155740375,-0.00278,-0.000520833,0.159041166,0.153481171,0.152439505,0.157999501,-0.152439505,-0.157999501,-0.159041166,-0.153481171,0.005905138,0.004781231,0.002742237
29.54963994,0.965925826,0.258819045,0,0,0.523598776,0,0,0.966666102,0.25602597,0.002636899,0.000714389,0.517826207,0.004732215,0.002731415,-0.001244247,-0.001069903,0.001578778,0.156297955,-0.001958237,-0.000144231,0.158400387,0.154483914,0.154195458,0.15811193,-0.154195458,-0.15811193,-0.158400387,-0.154483914,0.005772569,0.004732215,0.002731415
29.60078001,0.965925826,0.258819045,0,0,0.523598776,0,0,0.966662228,0.256040245,0.002634843,0.000758394,0.517855952,0.004705665,0.002815508,-0.003248454,0.003976375,0.000669807,0.157531302,-0.004568313,-0.000728007,0.162827581,0.153690964,0.152234957,0.161371574,-0.152234957,-0.161371574,-0.162827581,-0.153690964,0.005742824,0.004705665,0.002815508
29.64978004,0.965925826,0.258819045,0,0,0.523598776,0,0,0.966662347,0.256040096,0.002638025,0.00078588,0.51785572,0.004697741,0.002870277,-0.00013411,0.004769117,-0.000140071,0.156848538,-0.004751986,-0.000639445,0.162239939,0.152735963,0.151457071,0.160961047,-0.151457071,-0.160961047,-0.162239939,-0.152735963,0.005743056,0.004697741,0.002870277
29.70081997,0.965925826,0.258819045,0,0,0.523598776,0,0,0.966655731,0.256065011,0.002630254,0.000775813,0.517907208,0.0046878,0.002846955,0.002945215,0.00172779,0.00224337,0.156158266,-0.004061845,-0.000974586,0.161194667,0.153070971,0.15112181,0.159245491,-0.15112181,-0.159245491,-0.161194667,-0.153070971,0.005691568,0.0046878,0.002846955
29.75079989,0.965925826,0.258819045,0,0,0.523598776,0,0,0.966662586,0.256038547,0.002662824,0.000871523,0.517853027,0.004701835,0.003048547,0.000115484,0.001428276,0.001422316,0.156861777,-0.003901562,-0.000770542,0.161533847,0.15373072,0.152189642,0.159992754,-0.152189642,-0.159992754,-0.161533847,-0.15373072,0.005745749,0.004701835,0.003048547
29.79975986,0.965925826,0.258819045,0,0,0.523598776,0,0,0.966658592,0.256053597,0.002668439,0.000852377,0.51788412,0.004722448,0.00301448,0.000602752,0.002602488,0.002186746,0.156793178,-0.004087692,-0.000930227,0.161811054,0.153635681,0.151775226,0.159950599,-0.151775226,-0.159950599,-0.161811054,-0.153635681,0.005714656,0.004722448,0.00301448
29.85089993,0.965925826,0.258819045,0,0,0.523598776,0,0,0.966660619,0.256046146,0.002661074,0.000824263,0.517868541,0.004722629,0.002956318,0.001712888,0.00096038,0.001337379,0.156678364,-0.004430607,-0.001066332,0.162175268,0.153314054,0.151181385,0.160042599,-0.151181385,-0.160042599,-0.162175268,-0.153314054,0.005730235,0.004722629,0.002956318
29.89994001,0.965925826,0.258819045,0,0,0.523598776,0,0,0.9666574,0.256057739,0.002686865,0.000848388,0.5178928,0.004760102,0.003016224,0.002073497,0.001014024,0.002337247,0.156352843,-0.004022335,-0.001050653,0.161425799,0.153381124,0.151279822,0.159324482,-0.151279822,-0.159324482,-0.161425799,-0.153381124,0.005705976,0.004760102,0.003016224
29.95004988,0.965925826,0.258819045,0,0,0.523598776,0,0,0.966664791,0.256029636,0.002693063,0.000854301,0.51783473,0.004769144,0.003030692,-0.001144409,-0.000981987,0.000151247,0.157073773,-0.003377552,-0.000630996,0.161082283,0.154327184,0.15306519,0.159820288,-0.15306519,-0.159820288,-0.161082283,-0.154327184,0.005764046,0.004769144,0.003030692
30.00089002,0.965925826,0.258819045,0,0,0.523598776,0,0,0.966664314,0.256031632,0.002673389,0.000874043,0.517838828,0.004720992,0.003058795,0.002095849,-0.00269115,-0.001011789,0.15636151,-0.002834189,-0.000419624,0.159615293,0.153946906,0.153107658,0.158776045,-0.153107658,-0.158776045,-0.159615293,-0.153946906,0.005759948,0.004720992,0.003058795
30.05005002,0.965925826,0.258819045,0,0,0.523598776,0,0,0.9666664,0.256023705,0.002677225,0.000900614,0.517822549,0.004714827,0.003112092,-0.001747907,-0.000585616,0.003927201,0.157208445,-0.003771224,-0.001347812,0.162327439,0.154785007,0.152089372,0.159631819,-0.152089372,-0.159631819,-0.162327439,-0.154785007,0.005776227,0.004714827,0.003112092
30.10038996,0.965925826,0.258819045,0,0,0.523598776,0,0,0.966673136,0.255998611,0.002652145,0.000875808,0.517770388,0.00467912,0.003051169,5.59E-05,-0.001855195,0.002806634,0.157406241,-0.003580334,-0.001277126,0.162263662,0.155102998,0.152548745,0.159709409,-0.152548745,-0.159709409,-0.162263662,-0.155102998,0.005828388,0.00467912,0.003051169
30.15091991,0.965925826,0.258819045,0,0,0.523598776,0,0,0.966677964,0.255980879,0.002641832,0.000871367,0.517733573,0.00466151,0.003037216,-0.002507866,-0.001852214,0.002483279,0.156826243,-0.003296118,-0.001101794,0.161224112,0.154631883,0.152428299,0.159020528,-0.152428299,-0.159020528,-0.161224112,-0.154631883,0.005865203,0.00466151,0.003037216
30.19983983,0.965925826,0.258819045,0,0,0.523598776,0,0,0.966684461,0.255956054,0.002653235,0.000872446,0.517682302,0.004683083,0.00304502,-3.13E-05,0.000629574,0.001548976,0.156869463,-0.003874833,-0.000936332,0.161680594,0.153930932,0.152058259,0.15980792,-0.152058259,-0.15980792,-0.161680594,-0.153930932,0.005916474,0.004683083,0.00304502
30.2500298,0.965925826,0.258819045,0,0,0.523598776,0,0,0.966692984,0.255923718,0.002658974,0.000887193,0.5176155,0.004686732,0.003076314,-2.38E-05,0.000367314,-0.001463294,0.156885762,-0.003633424,-0.000425964,0.160945117,0.153678268,0.152826339,0.160093188,-0.152826339,-0.160093188,-0.160945117,-0.153678268,0.005983276,0.004686732,0.003076314
30.30101991,0.965925826,0.258819045,0,0,0.523598776,0,0,0.966685951,0.255950302,0.002672305,0.000867209,0.517670478,0.004722651,0.00304463,-0.000958145,0.003411621,0.000270456,0.157076922,-0.004550106,-0.000768764,0.16239576,0.153295547,0.151758015,0.160858229,-0.151758015,-0.160858229,-0.16239576,-0.153295547,0.005928298,0.004722651,0.00304463
30.35031986,0.965925826,0.258819045,0,0,0.523598776,0,0,0.966687977,0.255942315,0.002678181,0.000851935,0.517653965,0.004741856,0.003018069,-0.002557039,-0.003242493,0.000157207,0.157429784,-0.002765867,-0.000578948,0.160774559,0.155242831,0.154084936,0.159616664,-0.154084936,-0.159616664,-0.160774559,-0.155242831,0.005944811,0.004741856,0.003018069
30.39969993,0.965925826,0.258819045,0,0,0.523598776,0,0,0.966685712,0.255951077,0.002674728,0.00085658,0.517672068,0.004732774,0.003025324,-0.001138449,0.000817329,-0.000661612,0.156394992,-0.003782583,-0.000858946,0.161036491,0.153471321,0.151753426,0.159318596,-0.151753426,-0.159318596,-0.161036491,-0.153471321,0.005926708,0.004732774,0.003025324
30.45064998,0.965925826,0.258819045,0,0,0.523598776,0,0,0.966688037,0.255942017,0.002672303,0.000887414,0.517653468,0.00471233,0.003083653,-0.00013262,-0.000210106,0.000759214,0.157115538,-0.003788864,-0.000536264,0.161440626,0.153862908,0.152790383,0.1603681,-0.152790383,-0.1603681,-0.161440626,-0.153862908,0.005945308,0.00471233,0.003083653
30.50174999,0.965925826,0.258819045,0,0,0.523598776,0,0,0.966686428,0.255948961,0.002633593,0.00082562,0.517667325,0.004669099,0.002944398,4.99E-05,-0.00346005,0.000865013,0.156854382,-0.002664166,-0.000674241,0.161440626,0.153862908,0.152790383,0.1603681,-0.152790383,-0.1603681,-0.161440626,-0.153862908,0.005931451,0.004669099,0.002944398
30.55172992,0.965925826,0.258819045,0,0,0.523598776,0,0,0.966689348,0.255937517,0.002640991,0.00083925,0.517643785,0.004676461,0.002974482,-0.001162291,-6.26E-05,0.000635535,0.157127604,-0.003584899,-0.000725044,0.161437511,0.154267713,0.152817622,0.15998742,-0.152817622,-0.15998742,-0.161437511,-0.154267713,0.005954991,0.004676461,0.002974482
30.60081983,0.965925826,0.258819045,0,0,0.523598776,0,0,0.966691315,0.255930126,0.00263163,0.000829403,0.517628414,0.004663426,0.002950617,0.000398606,-0.002731383,-0.001159311,0.156788719,-0.002728542,-0.000345645,0.161437511,0.154267713,0.152817622,0.15998742,-0.152817622,-0.15998742,-0.161437511,-0.154267713,0.005970362,0.004663426,0.002950617
30.64978981,0.965925826,0.258819045,0,0,0.523598776,0,0,0.966702819,0.255887091,0.002607384,0.000799853,0.517539114,0.004631803,0.002880866,-9.54E-05,-0.002273917,0.00390187,0.156919272,-0.00312072,-0.001199586,0.161239535,0.154998109,0.152598932,0.158840373,-0.152598932,-0.158840373,-0.161239535,-0.154998109,0.006059662,0.004631803,0.002880866
30.70061994,0.965925826,0.258819045,0,0,0.523598776,0,0,0.966716468,0.255835444,0.002606106,0.000780683,0.517432196,0.004639295,0.002842901,0.002600998,-0.000362098,0.00096634,0.15710721,-0.002754868,-0.000493193,0.161239535,0.154998109,0.152598932,0.158840373,-0.152598932,-0.158840373,-0.161239535,-0.154998109,0.00616658,0.004639295,0.002842901
30.75063992,0.965925826,0.258819045,0,0,0.523598776,0,0,0.966725886,0.255800098,0.002628651,0.000786257,0.517359148,0.004680137,0.002865044,0.000800937,-0.000889599,0.004517287,0.156356884,-0.003403606,-0.000715299,0.160475761,0.153668538,0.152237952,0.15904516,-0.152237952,-0.15904516,-0.160475761,-0.153668538,0.006239628,0.004680137,0.002865044
30.80081987,0.965925826,0.258819045,0,0,0.523598776,0,0,0.966739297,0.255749404,0.002626752,0.0007793,0.517254238,0.004680173,0.002850375,-0.000861287,0.003380328,-0.000311434,0.156769742,-0.003528407,-0.001319451,0.161617562,0.15456076,0.151921853,0.158978656,-0.151921853,-0.158978656,-0.161617562,-0.15456076,0.006344538,0.004680173,0.002850375
30.84978986,0.965925826,0.258819045,0,0,0.523598776,0,0,0.966757953,0.255678445,0.00262979,0.000833226,0.517107711,0.004658683,0.002955853,-0.001423061,0.000920147,-4.32E-05,0.157324466,-0.003784242,-0.000624215,0.161732882,0.154164404,0.152915984,0.160484463,-0.152915984,-0.160484463,-0.161732882,-0.154164404,0.006491065,0.004658683,0.002955853
30.90030003,0.965925826,0.258819045,0,0,0.523598776,0,0,0.966766417,0.255646676,0.002617958,0.000817834,0.51704185,0.004643771,0.002919889,-0.006055832,0.001686067,0.001787394,0.15835734,-0.004097486,-0.000938009,0.163392797,0.155197829,0.153321818,0.161516786,-0.153321818,-0.161516786,-0.163392797,-0.155197829,0.006556926,0.004643771,0.002919889
30.95500994,0.965925826,0.258819045,0,0,0.523598776,0,0,0.966784835,0.255577117,0.002627475,0.000826608,0.516898009,0.004657898,0.002941384,-0.005432964,-0.000156462,0.00365451,0.158257019,-0.003746583,-0.001228167,0.16323173,0.155738577,0.15328224,0.160775393,-0.15328224,-0.160775393,-0.16323173,-0.155738577,0.006700767,0.004657898,0.002941384
31.00184989,0.965925826,0.258819045,0,0,0.523598776,0,0,0.966826439,0.255419672,0.002614312,0.000820835,0.516572233,0.004635874,0.002922739,-0.002203882,-0.003035367,-0.001464784,0.157831158,-0.003599561,-0.000264506,0.161695182,0.154496074,0.153967053,0.161166176,-0.153967053,-0.161166176,-0.161695182,-0.154496074,0.007026543,0.004635874,0.002922739
31.05173993,0.965925826,0.258819045,0,0,0.523598776,0,0,0.96685034,0.255328715,0.002622012,0.000826676,0.516384195,0.004648054,0.00293753,-0.000973046,0.000198931,0.002861768,0.15763376,-0.002611172,-0.000276283,0.160521179,0.155298844,0.154746264,0.159968615,-0.154746264,-0.159968615,-0.160521179,-0.155298844,0.007214581,0.004648054,0.00293753
31.10079002,0.965925826,0.258819045,0,0,0.523598776,0,0,0.966865599,0.255271077,0.002624489,0.000832865,0.516264981,0.00464986,0.002950484,-5.66E-05,0.000297278,-0.000609457,0.157412618,-0.003759937,-0.00110401,0.162276521,0.15475665,0.152548641,0.160068512,-0.152548641,-0.160068512,-0.162276521,-0.15475665,0.007333795,0.00464986,0.002950484
31.14978981,0.965925826,0.258819045,0,0,0.523598776,0,0,0.966889262,0.25518167,0.002618645,0.000825012,0.516079956,0.004642839,0.002931887,-0.002919138,-0.001832843,0.003550202,0.157917441,-0.003267423,-0.001174034,0.162358865,0.155824021,0.153475955,0.1600108,-0.153475955,-0.1600108,-0.162358865,-0.155824021,0.00751882,0.004642839,0.002931887
31.19987988,0.965925826,0.258819045,0,0,0.523598776,0,0,0.966912031,0.255095482,0.002628929,0.00083058,0.515901727,0.004660148,0.002947488,-0.007705391,1.71E-05,0.005529076,0.159012962,-0.003929723,-0.001558372,0.164501026,0.156641573,0.153524831,0.16138427,-0.153524831,-0.16138427,-0.164501026,-0.156641573,0.007697049,0.004660148,0.002947488
31.25079989,0.965925826,0.258819045,0,0,0.523598776,0,0,0.966934741,0.255008966,0.00262598,0.000890944,0.515723044,0.004623922,0.003062304,-0.005270542,0.001882762,0.004503877,0.158526374,-0.004414834,-0.00149601,0.164437175,0.155607522,0.152615502,0.161445156,-0.152615502,-0.161445156,-0.164437175,-0.155607522,0.007875732,0.004623922,0.003062304
31.29989982,0.965925826,0.258819045,0,0,0.523598776,0,0,0.96696341,0.254900157,0.00261646,0.000855168,0.515497827,0.004624094,0.002987742,-0.005210937,-0.00282526,-0.001704693,0.158571669,-0.002707729,-0.000276576,0.164437175,0.155607522,0.152615502,0.161445156,-0.152615502,-0.161445156,-0.164437175,-0.155607522,0.008100949,0.004624094,0.002987742
31.35020995,0.965925826,0.258819045,0,0,0.523598776,0,0,0.96702081,0.254682362,0.002615632,0.000872083,0.515047419,0.00461455,0.003018993,-0.005538762,0.003770739,0,0.158197017,-0.004730973,-0.001188896,0.161555931,0.156140476,0.15558733,0.161002785,-0.15558733,-0.161002785,-0.161555931,-0.156140476,0.008551357,0.00461455,0.003018993
31.39900994,0.965925826,0.258819045,0,0,0.523598776,0,0,0.96704632,0.254585862,0.002585714,0.000842299,0.514847557,0.004572152,0.002945693,-0.001741946,0.001939386,0.000426918,0.158761863,-0.004589297,-0.000739631,0.164116845,0.154654905,0.152277112,0.161739051,-0.152277112,-0.161739051,-0.164116845,-0.154654905,0.008751219,0.004572152,0.002945693
31.45087004,0.965925826,0.258819045,0,0,0.523598776,0,0,0.967067301,0.254506469,0.002568993,0.000837418,0.514683234,0.004542536,0.002927364,-0.001978874,0.000361353,-0.000493228,0.158075225,-0.003547681,-0.000546283,0.162169144,0.155073792,0.153981224,0.16107659,-0.153981224,-0.16107659,-0.162169144,-0.155073792,0.008915542,0.004542536,0.002927364
31.50077987,0.965925826,0.258819045,0,0,0.523598776,0,0,0.967100084,0.254382014,0.00258364,0.000867288,0.514426,0.004556048,0.002992007,-0.007496774,0.000757724,0.000404567,0.159351093,-0.003786339,-0.000738693,0.162169144,0.155073792,0.153981224,0.16107659,-0.153981224,-0.16107659,-0.162169144,-0.155073792,0.009172776,0.004556048,0.002992007
31.55064988,0.965925826,0.258819045,0,0,0.523598776,0,0,0.967126429,0.254281312,0.002593414,0.000899587,0.514217974,0.004558838,0.003058979,-0.003416836,-0.00436604,0.005661696,0.158507362,-0.002792461,-0.001571878,0.162871659,0.157286748,0.154142991,0.159727901,-0.154142991,-0.159727901,-0.162871659,-0.157286748,0.009380802,0.004558838,0.003058979
31.60080004,0.965925826,0.258819045,0,0,0.523598776,0,0,0.967146397,0.254205465,0.002617447,0.000886947,0.514061163,0.004611991,0.00304639,-0.001859665,0.001589209,0.000938028,0.158210234,-0.004070976,-0.000872338,0.162871659,0.157286748,0.154142991,0.159727901,-0.154142991,-0.159727901,-0.162871659,-0.157286748,0.009537613,0.004611991,0.00304639
31.65067983,0.965925826,0.258819045,0,0,0.523598776,0,0,0.967197418,0.254010946,0.002604662,0.000889232,0.513658917,0.004586711,0.003043388,-0.006552041,0.001501292,0.000516325,0.159201265,-0.003687317,-0.000572231,0.163460776,0.156086147,0.154941678,0.162316307,-0.154941678,-0.162316307,-0.163460776,-0.156086147,0.009939859,0.004586711,0.003043388
31.70069003,0.965925826,0.258819045,0,0,0.523598776,0,0,0.967212081,0.253955126,0.002598548,0.000887084,0.513543456,0.004576151,0.003035862,-0.001589954,0.001697987,0.003107637,0.15934275,-0.004030882,-0.000798058,0.163460776,0.156086147,0.154941678,0.162316307,-0.154941678,-0.162316307,-0.163460776,-0.156086147,0.01005532,0.004576151,0.003035862
31.75089002,0.965925826,0.258819045,0,0,0.523598776,0,0,0.967234731,0.253869385,0.002582916,0.000859043,0.513365924,0.004560418,0.002973275,0.000128895,-0.003895164,-0.000862777,0.157953123,-0.002413672,-0.000411809,0.160778567,0.155951232,0.155127615,0.15995495,-0.155127615,-0.15995495,-0.160778567,-0.155951232,0.010232852,0.004560418,0.002973275
31.8008399,0.965925826,0.258819045,0,0,0.523598776,0,0,0.967251241,0.253806323,0.002588127,0.000871408,0.513235615,0.004564416,0.002999542,-0.004653633,0.001307577,-0.000613928,0.159036642,-0.003858592,-0.000581332,0.163476527,0.155759349,0.154596686,0.162313864,-0.154596686,-0.162313864,-0.163476527,-0.155759349,0.010363161,0.004564416,0.002999542
31.84979987,0.965925826,0.258819045,0,0,0.523598776,0,0,0.967266977,0.253746033,0.002603915,0.000864333,0.513111033,0.004598736,0.002993583,-0.005726516,-0.001688302,0.001790375,0.159302343,-0.003230461,-0.000918478,0.163451239,0.156990319,0.155153364,0.161614284,-0.155153364,-0.161614284,-0.163451239,-0.156990319,0.010487743,0.004598736,0.002993583
31.90104985,0.965925826,0.258819045,0,0,0.523598776,0,0,0.967290521,0.253656507,0.002599516,0.000850508,0.512925823,0.004597517,0.00296418,-0.004543364,0.005205721,0.003246218,0.159092831,-0.005128677,-0.001310831,0.165532306,0.155274957,0.152653292,0.16291064,-0.152653292,-0.16291064,-0.165532306,-0.155274957,0.010672953,0.004597517,0.00296418
31.95079994,0.965925826,0.258819045,0,0,0.523598776,0,0,0.967320025,0.25354436,0.00258356,0.000842627,0.512693803,0.004570987,0.002940308,-0.005243719,-0.003056228,0.001118332,0.158767752,-0.002481493,-0.000531251,0.165532306,0.155274957,0.152653292,0.16291064,-0.152653292,-0.16291064,-0.165532306,-0.155274957,0.010904973,0.004570987,0.002940308
32.00060987,0.965925826,0.258819045,0,0,0.523598776,0,0,0.967327416,0.253516197,0.002571989,0.000800935,0.51263537,0.004569826,0.002853648,0.001231581,-0.000554323,-0.002096593,0.159304326,-0.002773631,-0.000749631,0.162827551,0.157280296,0.155781031,0.161328286,-0.155781031,-0.161328286,-0.162827551,-0.157280296,0.010963406,0.004569826,0.002853648
32.05321002,0.965925826,0.258819045,0,0,0.523598776,0,0,0.967343569,0.253454953,0.002540045,0.000773867,0.512508469,0.004521926,0.002784796,0.001024455,0.002735108,-0.000968576,0.15950656,-0.002974726,-0.000801272,0.163282514,0.157333076,0.155730531,0.161679983,-0.155730531,-0.161679983,-0.163282514,-0.157333076,0.011090307,0.004521926,0.002784796
32.10043001,0.965925826,0.258819045,0,0,0.523598776,0,0,0.967354417,0.253413409,0.002562629,0.000754752,0.51242261,0.004575427,0.002759067,0.000820309,0.001461059,-0.00089258,0.158047782,-0.003690874,-0.000408508,0.162147135,0.154765382,0.153948367,0.161330104,-0.153948367,-0.161330104,-0.162147135,-0.154765382,0.011176166,0.004575427,0.002759067
32.15069985,0.965925826,0.258819045,0,0,0.523598776,0,0,0.967361569,0.253386289,0.00255745,0.000739917,0.51236644,0.004573003,0.002727612,-0.005751849,-0.000344217,0.000929088,0.159501533,-0.00333321,-0.000662091,0.163496792,0.156830385,0.155506194,0.162172616,-0.155506194,-0.162172616,-0.163496792,-0.156830385,0.011232336,0.004573003,0.002727612
32.20116997,0.965925826,0.258819045,0,0,0.523598776,0,0,0.967371583,0.253347963,0.002556478,0.000720527,0.512287138,0.004581055,0.002689424,-0.001966954,0.002082437,-0.002215803,0.158694094,-0.003734715,-0.000152705,0.162581474,0.155112058,0.154806644,0.162276059,-0.154806644,-0.162276059,-0.162581474,-0.155112058,0.011311638,0.004581055,0.002689424
32.25061989,0.965925826,0.258819045,0,0,0.523598776,0,0,0.967394888,0.253258854,0.002584956,0.000714292,0.512103008,0.004639562,0.002691362,-0.005638599,0.000866503,-0.001642108,0.158020474,-0.00421386,-0.000394601,0.162628904,0.15420118,0.153411984,0.161839694,-0.153411984,-0.161839694,-0.162628904,-0.15420118,0.011495768,0.004639562,0.002691362
32.30071998,0.965925826,0.258819045,0,0,0.523598776,0,0,0.967401385,0.253233939,0.002580867,0.000674142,0.512051343,0.004652055,0.00261149,0.00045225,-0.001975894,0.003228337,0.15954571,-0.003481982,-0.000211268,0.163238928,0.156274959,0.155852422,0.16281639,-0.155852422,-0.16281639,-0.163238928,-0.156274959,0.011547433,0.004652055,0.00261149
32.35080004,0.965925826,0.258819045,0,0,0.523598776,0,0,0.967401445,0.253233194,0.002610568,0.000696526,0.512050069,0.004698186,0.002669838,0.004633517,-0.000888109,0.000340492,0.158222691,-0.002958742,-0.00094895,0.163238928,0.156274959,0.155852422,0.16281639,-0.155852422,-0.16281639,-0.163238928,-0.156274959,0.011548707,0.004698186,0.002669838
32.40103984,0.965925826,0.258819045,0,0,0.523598776,0,0,0.967407823,0.253209144,0.002617989,0.00067583,0.512000253,0.00472309,0.002633435,-0.001621247,-0.00229925,-0.001843274,0.158691235,-0.002594082,-5.92E-05,0.161344498,0.156156331,0.156037912,0.161226079,-0.156037912,-0.161226079,-0.161344498,-0.156156331,0.011598523,0.00472309,0.002633435
32.44971991,0.965925826,0.258819045,0,0,0.523598776,0,0,0.967410266,0.253199846,0.00262853,0.000693481,0.511981133,0.004734573,0.002672881,0.00045374,0.003669411,0.004840641,0.158241761,-0.004638102,-0.00137,0.161344498,0.156156331,0.156037912,0.161226079,-0.156037912,-0.161226079,-0.161344498,-0.156156331,0.011617643,0.004734573,0.002672881
32.50071001,0.965925826,0.258819045,0,0,0.523598776,0,0,0.967401803,0.253231347,0.002653057,0.000737014,0.512046633,0.004759892,0.002769686,0.002258271,-0.008004904,-0.00026077,0.157826277,-0.001258009,-0.000275313,0.164249822,0.154973626,0.15223363,0.161509827,-0.15223363,-0.161509827,-0.164249822,-0.154973626,0.011552143,0.004759892,0.002769686
32.55142999,0.965925826,0.258819045,0,0,0.523598776,0,0,0.967394114,0.253261298,0.002642548,0.000708904,0.512108327,0.004753713,0.002710123,0.003276021,-0.000600517,0.000528246,0.157364667,-0.002641329,-0.000776665,0.16078262,0.155499965,0.153946638,0.159229293,-0.153946638,-0.159229293,-0.16078262,-0.155499965,0.011490449,0.004753713,0.002710123
32.60152984,0.965925826,0.258819045,0,0,0.523598776,0,0,0.967372239,0.253344238,0.002685729,0.000741202,0.512280175,0.00482066,0.002794901,0.004351885,-0.000555813,0.003238768,0.157589944,-0.003240582,-0.000546271,0.161376759,0.154895604,0.153803065,0.160284221,-0.153803065,-0.160284221,-0.161376759,-0.154895604,0.011318601,0.00482066,0.002794901
32.65086985,0.965925826,0.258819045,0,0,0.523598776,0,0,0.967371702,0.253346235,0.002673282,0.000738854,0.512284252,0.004797761,0.00278406,0.00082925,-0.004191697,0.000271946,0.157308847,-0.003500765,-0.001049323,0.161858901,0.154857367,0.152758732,0.159760252,-0.152758732,-0.159760252,-0.161858901,-0.154857367,0.011314524,0.004797761,0.00278406
32.70087981,0.965925826,0.258819045,0,0,0.523598776,0,0,0.96735543,0.253408372,0.00265315,0.000718795,0.512412562,0.004768798,0.002735357,0.005369633,0.000294298,0.003225356,0.157051725,-0.003665635,-0.001045012,0.161762342,0.154431075,0.152341038,0.159672305,-0.152341038,-0.159672305,-0.161762342,-0.154431075,0.011186214,0.004768798,0.002735357
32.74979997,0.965925826,0.258819045,0,0,0.523598776,0,0,0.967336416,0.253481507,0.002646,0.000749636,0.512563788,0.004739124,0.002791758,0.002004951,-0.002890826,0.003612787,0.157749018,-0.002885193,-0.001075233,0.161762342,0.154431075,0.152341038,0.159672305,-0.152341038,-0.159672305,-0.161762342,-0.154431075,0.011034988,0.004739124,0.002791758
32.80088997,0.965925826,0.258819045,0,0,0.523598776,0,0,0.967323005,0.25353235,0.002649067,0.000757148,0.512668993,0.004741101,0.002808097,0.008387119,-0.004322828,0.000809878,0.156322546,-0.00229945,-0.000571696,0.15919365,0.154594764,0.153451368,0.158050269,-0.153451368,-0.158050269,-0.15919365,-0.154594764,0.010929783,0.004741101,0.002808097
32.8500998,0.965925826,0.258819045,0,0,0.523598776,0,0,0.967286706,0.253670752,0.002643093,0.000759857,0.512955148,0.004727767,0.002810985,0.004389137,0.00276044,0.002162904,0.157316202,-0.003966743,-0.000975902,0.162258804,0.154325321,0.152373523,0.160307005,-0.152373523,-0.160307005,-0.162258804,-0.154325321,0.010643628,0.004727767,0.002810985
32.90111995,0.965925826,0.258819045,0,0,0.523598776,0,0,0.967253864,0.25379622,0.00265765,0.000772676,0.513214647,0.004749056,0.002843786,0.006657094,0.000632554,0.001817197,0.157173307,-0.002853441,-0.00087018,0.160896897,0.155190021,0.153449655,0.159156531,-0.153449655,-0.159156531,-0.160896897,-0.155190021,0.010384129,0.004749056,0.002843786
32.95079994,0.965925826,0.258819045,0,0,0.523598776,0,0,0.96723181,0.253879964,0.002668282,0.000771066,0.513387883,0.004770195,0.002846482,0.007868559,0.000780076,-0.002774596,0.156561897,-0.003731879,-0.000871635,0.161165372,0.153701618,0.151958346,0.1594221,-0.151958346,-0.1594221,-0.161165372,-0.153701618,0.010210893,0.004770195,0.002846482
33.00079989,0.965925826,0.258819045,0,0,0.523598776,0,0,0.967218399,0.253930777,0.002676018,0.000771388,0.513493022,0.004784847,0.002851284,0.001231581,-0.002379716,0.003611296,0.157677833,-0.003084036,-0.001106721,0.161868557,0.15570049,0.153487042,0.159655109,-0.153487042,-0.159655109,-0.161868557,-0.15570049,0.010105754,0.004784847,0.002851284
33.04988003,0.965925826,0.258819045,0,0,0.523598776,0,0,0.967200458,0.253999084,0.002682213,0.000769643,0.513634288,0.004797517,0.002851394,0.002814084,0.003901869,0.002951175,0.157296359,-0.004717828,-0.001131161,0.163145304,0.153709665,0.151447341,0.160882995,-0.151447341,-0.160882995,-0.163145304,-0.153709665,0.009964488,0.004797517,0.002851394
33.09983993,0.965925826,0.258819045,0,0,0.523598776,0,0,0.967173636,0.254100978,0.00269131,0.000788856,0.513845132,0.004805049,0.002893688,0.003991276,-0.000961125,0.000400096,0.156982701,-0.003280111,-0.000602999,0.160865769,0.154305562,0.153099552,0.159659773,-0.153099552,-0.159659773,-0.160865769,-0.154305562,0.009753644,0.004805049,0.002893688
33.14978981,0.965925826,0.258819045,0,0,0.523598776,0,0,0.967148542,0.254196286,0.002700513,0.000802136,0.514042334,0.004815813,0.002924527,0.007737428,-0.000791252,-0.000168383,0.157183605,-0.004352074,-0.000830981,0.162366629,0.153662473,0.152000517,0.160704657,-0.152000517,-0.160704657,-0.162366629,-0.153662473,0.009556442,0.004815813,0.002924527
33.20035982,0.965925826,0.258819045,0,0,0.523598776,0,0,0.967113674,0.254328877,0.002729673,0.000822345,0.514316733,0.004861534,0.002979111,0.00764057,0.001097471,-0.001572073,0.156794497,-0.00436966,-0.000931233,0.162095353,0.153356031,0.151493579,0.160232887,-0.151493579,-0.160232887,-0.162095353,-0.153356031,0.009282043,0.004861534,0.002979111
33.25074983,0.965925826,0.258819045,0,0,0.523598776,0,0,0.967088819,0.254422873,0.002749908,0.000825682,0.514511285,0.004898685,0.002996334,0.002013892,0.000362843,0.001481921,0.156060902,-0.003767923,-0.0003438,0.160172597,0.152636752,0.151949152,0.159484982,-0.151949152,-0.159484982,-0.160172597,-0.152636752,0.009087491,0.004898685,0.002996334
33.3008399,0.965925826,0.258819045,0,0,0.523598776,0,0,0.967060804,0.254529446,0.002751309,0.000848615,0.514731771,0.004889391,0.003041944,0.003255159,-0.001119077,0.000738353,0.156913861,-0.003394849,-0.000718797,0.161027476,0.154237777,0.152800187,0.159589872,-0.152800187,-0.159589872,-0.161027476,-0.154237777,0.008867005,0.004889391,0.003041944
33.34998989,0.965925826,0.258819045,0,0,0.523598776,0,0,0.967038751,0.254612714,0.00278075,0.00087545,0.51490428,0.004932404,0.003109259,0.004962832,0.002812594,0.00160113,0.156495466,-0.004555591,-0.000984592,0.161027476,0.154237777,0.152800187,0.159589872,-0.152800187,-0.159589872,-0.161027476,-0.154237777,0.008694496,0.004932404,0.003109259
33.39986992,0.965925826,0.258819045,0,0,0.523598776,0,0,0.967012465,0.254712254,0.002772417,0.000907606,0.515110277,0.004899587,0.003167714,0.007980318,0.002708286,0.004113466,0.155779333,-0.004705117,-0.001458313,0.162035614,0.152924433,0.150955245,0.160066426,-0.150955245,-0.160066426,-0.162035614,-0.152924433,0.008488499,0.004899587,0.003167714
33.4498899,0.965925826,0.258819045,0,0,0.523598776,0,0,0.966984391,0.254819393,0.002762641,0.00092358,0.515331811,0.004872187,0.003194167,0.012155623,0.004412979,-0.003236532,0.154807516,-0.00469168,-0.000245701,0.16194272,0.152532503,0.149615869,0.159026101,-0.149615869,-0.159026101,-0.16194272,-0.152532503,0.008266965,0.004872187,0.003194167
33.50170994,0.965925826,0.258819045,0,0,0.523598776,0,0,0.966929436,0.255027503,0.00277954,0.000949614,0.515762477,0.004890901,0.003254181,0.002039224,0.00277087,0.003915281,0.156069344,-0.003977878,-0.001017461,0.16106464,0.153108895,0.151073977,0.159029722,-0.151073977,-0.159029722,-0.16106464,-0.153108895,0.007836299,0.004890901,0.003254181
33.55162001,0.965925826,0.258819045,0,0,0.523598776,0,0,0.966903687,0.255125046,0.002770894,0.000969188,0.515964285,0.004863865,0.003288116,0.008166581,0.002867729,0.003754348,0.156913397,-0.004796465,-0.001468085,0.163177907,0.153584987,0.150648817,0.160241738,-0.150648817,-0.160241738,-0.163177907,-0.153584987,0.007634491,0.004863865,0.003288116
33.60211992,0.965925826,0.258819045,0,0,0.523598776,0,0,0.96688354,0.255201429,0.002772093,0.000986424,0.516122349,0.004857127,0.003322442,0.005728752,0.001273304,0.000537187,0.156010927,-0.004199417,-0.000896883,0.161107197,0.152708367,0.150914595,0.159313425,-0.150914595,-0.159313425,-0.161107197,-0.152708367,0.007476427,0.004857127,0.003322442
33.64999986,0.965925826,0.258819045,0,0,0.523598776,0,0,0.966848552,0.255333513,0.002799081,0.001023357,0.516395893,0.004889998,0.003408308,0.00238195,-1.64E-05,0.001541525,0.156673345,-0.004006455,-0.001078103,0.161757872,0.153744966,0.151588753,0.159601659,-0.151588753,-0.159601659,-0.161757872,-0.153744966,0.007202883,0.004889998,0.003408308
33.70069981,0.965925826,0.258819045,0,0,0.523598776,0,0,0.966830194,0.255402803,0.002798126,0.001055039,0.516539374,0.004871723,0.003469433,0.00365749,-0.003796816,0.004193932,0.156353842,-0.003195214,-0.001490373,0.161757872,0.153744966,0.151588753,0.159601659,-0.151588753,-0.159601659,-0.161757872,-0.153744966,0.007059402,0.004871723,0.003469433
33.74988985,0.965925826,0.258819045,0,0,0.523598776,0,0,0.966809452,0.255481005,0.002804519,0.001048306,0.516701189,0.004887246,0.003460075,0.006113202,0.001240522,0.003118068,0.155775315,-0.004460135,-0.001410828,0.161646247,0.15272598,0.149904326,0.158824578,-0.149904326,-0.158824578,-0.161646247,-0.15272598,0.006897587,0.004887246,0.003460075
33.80098987,0.965925826,0.258819045,0,0,0.523598776,0,0,0.966761708,0.255661875,0.002790133,0.001014222,0.517075126,0.004876211,0.00338773,0.007692725,0.004214793,0.000182539,0.155698367,-0.002811144,-0.000896117,0.159405589,0.153783306,0.151991069,0.157613352,-0.151991069,-0.157613352,-0.159405589,-0.153783306,0.00652365,0.004876211,0.00338773
33.85100985,0.965925826,0.258819045,0,0,0.523598776,0,0,0.966734111,0.255766124,0.002810699,0.001036716,0.517290987,0.004904103,0.003442268,0.005521625,-0.000357628,0.00185892,0.155333167,-0.005010813,-0.000932861,0.161276802,0.15125519,0.149389461,0.159411088,-0.149389461,-0.159411088,-0.161276802,-0.15125519,0.006307789,0.004904103,0.003442268
33.90464997,0.965925826,0.258819045,0,0,0.523598776,0,0,0.966715574,0.25583604,0.002814919,0.001046725,0.51743571,0.004906892,0.003464136,0.004535168,0.001878291,0.005439669,0.155751676,-0.003948481,-0.001142227,0.160842344,0.152945384,0.150660932,0.158557892,-0.150660932,-0.158557892,-0.160842344,-0.152945384,0.006163066,0.004906892,0.003464136
33.94968987,0.965925826,0.258819045,0,0,0.523598776,0,0,0.966701746,0.255888075,0.002827653,0.001044419,0.517543442,0.004932505,0.003466457,0.003241748,0.003954024,0.000301749,0.156188114,-0.005040949,-0.000974264,0.162203297,0.152121395,0.150172874,0.160254762,-0.150172874,-0.160254762,-0.162203297,-0.152121395,0.006055334,0.004932505,0.003466457
34.00106001,0.965925826,0.258819045,0,0,0.523598776,0,0,0.966682136,0.255962163,0.002831574,0.001041448,0.51769673,0.004941342,0.003463099,0.007673354,0.005806237,0.002517551,0.155175594,-0.005661102,-0.001398902,0.162235558,0.150913358,0.14811556,0.159437761,-0.14811556,-0.159437761,-0.162235558,-0.150913358,0.005902046,0.004941342,0.003463099
34.05088997,0.965925826,0.258819045,0,0,0.523598776,0,0,0.966669202,0.256010652,0.00284691,0.001071255,0.517797285,0.004955556,0.003528828,0.007136913,-0.008326769,0.005250425,0.155260551,-0.00209416,-0.001587553,0.158942223,0.154753909,0.151578799,0.155767128,-0.151578799,-0.155767128,-0.158942223,-0.154753909,0.005801491,0.004955556,0.003528828
34.10159993,0.965925826,0.258819045,0,0,0.523598776,0,0,0.966641247,0.256115466,0.002883916,0.001145222,0.518014707,0.004988825,0.003691323,0.005870313,0.000724941,0.001410395,0.156122656,-0.003994069,-0.000712309,0.158942223,0.154753909,0.151578799,0.155767128,-0.151578799,-0.155767128,-0.158942223,-0.154753909,0.005584069,0.004988825,0.003691323
34.15187001,0.965925826,0.258819045,0,0,0.523598776,0,0,0.966627121,0.256168664,0.002885106,0.001114861,0.518124677,0.00500648,0.003633511,0.00277087,0.002723187,0.003241747,0.155487165,-0.004409959,-0.00120546,0.161102548,0.15228264,0.149871707,0.15869163,-0.149871707,-0.15869163,-0.161102548,-0.15228264,0.005474099,0.00500648,0.003633511
34.20082998,0.965925826,0.258819045,0,0,0.523598776,0,0,0.966629088,0.256161898,0.002870569,0.001101674,0.518110469,0.004985157,0.003600533,0.000794977,-0.005649032,0.00274852,0.156139018,-0.005044406,-0.001528742,0.162712127,0.152623326,0.149565846,0.159654647,-0.149565846,-0.159654647,-0.162712127,-0.152623326,0.005488307,0.004985157,0.003600533
34.25094986,0.965925826,0.258819045,0,0,0.523598776,0,0,0.966617167,0.256206483,0.002855653,0.001127191,0.518202798,0.00494308,0.003642452,0.002834946,3.50E-05,0.001405925,0.15610425,-0.004193951,-0.001169029,0.161467195,0.153079301,0.150741234,0.159129143,-0.150741234,-0.159129143,-0.161467195,-0.153079301,0.005395978,0.00494308,0.003642452
34.30093002,0.965925826,0.258819045,0,0,0.523598776,0,0,0.966609776,0.256234497,0.00287156,0.00115894,0.518260943,0.004957454,0.003712124,0.00572875,0.004636496,0.003517419,0.155454963,-0.005599612,-0.001675275,0.162729815,0.151530594,0.148180038,0.159379259,-0.148180038,-0.159379259,-0.162729815,-0.151530594,0.005337833,0.004957454,0.003712124
34.35003996,0.965925826,0.258819045,0,0,0.523598776,0,0,0.966604769,0.256253242,0.002880137,0.001175035,0.518299853,0.004965715,0.003747733,0.008925049,0.002647191,0.004795939,0.154742088,-0.005158275,-0.001872663,0.162729815,0.151530594,0.148180038,0.159379259,-0.148180038,-0.159379259,-0.162729815,-0.151530594,0.005298923,0.004965715,0.003747733
34.39996982,0.965925826,0.258819045,0,0,0.523598776,0,0,0.966600239,0.256269842,0.002894038,0.001177256,0.518334342,0.004991386,0.003759237,-0.003038347,-0.001074374,0.002276152,0.157353524,-0.004089204,-0.001343721,0.161772996,0.151456445,0.147711113,0.158027664,-0.147711113,-0.158027664,-0.161772996,-0.151456445,0.005264434,0.004991386,0.003759237
34.45090985,0.965925826,0.258819045,0,0,0.523598776,0,0,0.966588199,0.256315351,0.002916832,0.001169175,0.518428572,0.005039416,0.003755534,0.00595972,0.00288561,-0.000202656,0.156392644,-0.003628829,-0.001372588,0.16139403,0.154136375,0.151391193,0.158648849,-0.151391193,-0.158648849,-0.16139403,-0.154136375,0.005170204,0.005039416,0.003755534
34.50075984,0.965925826,0.258819045,0,0,0.523598776,0,0,0.966590703,0.256305754,0.002928168,0.001196938,0.518408901,0.005047136,0.003814967,-0.000414252,-0.003057719,0.001617521,0.155361013,-0.004947151,-0.000998389,0.16139403,0.154136375,0.151391193,0.158648849,-0.151391193,-0.158648849,-0.16139403,-0.154136375,0.005189875,0.005047136,0.003814967
34.55079985,0.965925826,0.258819045,0,0,0.523598776,0,0,0.966587901,0.256316572,0.002903496,0.001195471,0.518431123,0.00500015,0.003799539,0.006096811,0.003582984,0.001845509,0.155329932,-0.005283034,-0.001400876,0.162013799,0.151447743,0.148645997,0.159212053,-0.148645997,-0.159212053,-0.162013799,-0.151447743,0.005167653,0.00500015,0.003799539
34.60083985,0.965925826,0.258819045,0,0,0.523598776,0,0,0.966587603,0.256317645,0.002891241,0.001176366,0.518433216,0.004986249,0.003756328,0.003118068,-0.002145767,-0.001198053,0.155981964,-0.003535541,-0.000722134,0.160239607,0.153168529,0.151724249,0.158795342,-0.151724249,-0.158795342,-0.160239607,-0.153168529,0.00516556,0.004986249,0.003756328
34.65096998,0.965925826,0.258819045,0,0,0.523598776,0,0,0.966583431,0.256333351,0.002886092,0.001156691,0.518465616,0.004986321,0.003715734,0.003229827,-0.000689924,0.002198667,0.155948634,-0.004114208,-0.001320327,0.160239607,0.153168529,0.151724249,0.158795342,-0.151724249,-0.158795342,-0.160239607,-0.153168529,0.00513316,0.004986321,0.003715734
34.70074987,0.965925826,0.258819045,0,0,0.523598776,0,0,0.966574132,0.256368756,0.002913018,0.001171928,0.518539019,0.005030425,0.00375918,0.002063066,0.00340566,0.001817197,0.155785093,-0.004694259,-0.001634457,0.162113771,0.152725264,0.149456352,0.158844858,-0.149456352,-0.158844858,-0.162113771,-0.152725264,0.005059757,0.005030425,0.00375918
34.75091982,0.965925826,0.258819045,0,0,0.523598776,0,0,0.966579914,0.256346017,0.002923457,0.001196208,0.518492242,0.005038244,0.003811353,-0.000782311,0.003237278,0.002136082,0.155930754,-0.005743994,-0.00088214,0.162556857,0.151068866,0.149304584,0.160792574,-0.149304584,-0.160792574,-0.162556857,-0.151068866,0.005106534,0.005038244,0.003811353
34.79976988,0.965925826,0.258819045,0,0,0.523598776,0,0,0.966588736,0.256312579,0.002919803,0.001195227,0.518423055,0.005031816,0.003807408,0.005114824,-0.003802777,0.003639609,0.156823421,-0.00526495,-0.001434841,0.163523167,0.152993277,0.150123596,0.160653487,-0.150123596,-0.160653487,-0.163523167,-0.152993277,0.005175721,0.005031816,0.003807408
34.85078001,0.965925826,0.258819045,0,0,0.523598776,0,0,0.966589212,0.256310612,0.002945119,0.001219176,0.518419228,0.005068486,0.003866674,0.001453608,-0.000727177,-0.001625717,0.156351333,-0.004000166,-0.000720933,0.161072388,0.153072074,0.151630208,0.159630522,-0.151630208,-0.159630522,-0.161072388,-0.153072074,0.005179548,0.005068486,0.003866674
34.90083003,0.965925826,0.258819045,0,0,0.523598776,0,0,0.966597497,0.25627932,0.002958401,0.001246726,0.518354661,0.005080168,0.00392658,-0.004501641,0.005695969,0.002930313,0.157675464,-0.006084052,-0.001677839,0.165437311,0.153269216,0.149913549,0.162081644,-0.149913549,-0.162081644,-0.165437311,-0.153269216,0.005244115,0.005080168,0.00392658
34.95090985,0.965925826,0.258819045,0,0,0.523598776,0,0,0.96660006,0.256269813,0.00292766,0.001260457,0.518334865,0.005013739,0.003937318,-0.001643598,-0.002093613,0.003068894,0.157050643,-0.003991287,-0.00154834,0.162590235,0.154607669,0.151510984,0.159493551,-0.151510984,-0.159493551,-0.162590235,-0.154607669,0.005263911,0.005013739,0.003937318
35.00089002,0.965925826,0.258819045,0,0,0.523598776,0,0,0.966605961,0.256247312,0.002933835,0.001288853,0.518288482,0.005011215,0.00399526,0.005605072,-0.001583993,0.003621727,0.157384844,-0.003315616,-0.001320066,0.16202049,0.155389264,0.152749121,0.159380361,-0.152749121,-0.159380361,-0.16202049,-0.155389264,0.005310294,0.005011215,0.00399526
35.05115986,0.965925826,0.258819045,0,0,0.523598776,0,0,0.966614842,0.256213665,0.002933055,0.001314227,0.518218975,0.004996843,0.004043742,0.000523776,-0.000374019,0.001012534,0.155482505,-0.004154431,-0.001706972,0.161343873,0.153035015,0.149621069,0.157929927,-0.149621069,-0.157929927,-0.161343873,-0.153035015,0.005379801,0.004996843,0.004043742
35.10084987,0.965925826,0.258819045,0,0,0.523598776,0,0,0.966615498,0.256211966,0.002887494,0.001294914,0.518215048,0.004918667,0.003983047,0.003197044,-0.007131697,0.000167638,0.156606562,-0.004371989,-0.001295868,0.162274376,0.153530404,0.150938675,0.159682646,-0.150938675,-0.159682646,-0.162274376,-0.153530404,0.005383728,0.004918667,0.003983047
35.1509099,0.965925826,0.258819045,0,0,0.523598776,0,0,0.966621637,0.256188899,0.002883309,0.001244217,0.518167096,0.00493665,0.003882775,0.000464171,-0.000603497,0.000198931,0.156633547,-0.004126362,-0.001075511,0.161835387,0.153582662,0.151431635,0.15968436,-0.151431635,-0.15968436,-0.161835387,-0.153582662,0.00543168,0.00493665,0.003882775
35.2010498,0.965925826,0.258819045,0,0,0.523598776,0,0,0.966626525,0.256170362,0.002887693,0.0012482,0.518128792,0.004943157,0.003892627,0.002326817,0.00365749,0.000732392,0.15623619,-0.005297192,-0.001269735,0.162803084,0.152208701,0.14966923,0.160263613,-0.14966923,-0.160263613,-0.162803084,-0.152208701,0.005469984,0.004943157,0.003892627
35.24996996,0.965925826,0.258819045,0,0,0.523598776,0,0,0.966639161,0.256122738,0.00288119,0.001278352,0.518030328,0.004915331,0.003947344,0.000151247,0.000490993,0.001483411,0.156737723,-0.004541639,-0.001361805,0.162803084,0.152208701,0.14966923,0.160263613,-0.14966923,-0.160263613,-0.162803084,-0.152208701,0.005568448,0.004915331,0.003947344
35.30102992,0.965925826,0.258819045,0,0,0.523598776,0,0,0.966649652,0.256083399,0.002896194,0.001253992,0.517948884,0.004956976,0.003907732,0.001978129,-0.000365079,0.000733882,0.156358004,-0.004238712,-0.001184597,0.161781281,0.153303862,0.150934666,0.159412086,-0.150934666,-0.159412086,-0.161781281,-0.153303862,0.005649892,0.004956976,0.003907732
35.35100985,0.965925826,0.258819045,0,0,0.523598776,0,0,0.966662228,0.256035477,0.002906833,0.001288687,0.517849979,0.004959973,0.003980013,-0.000815094,0.001589209,0.002866239,0.155892849,-0.003491187,-0.001189729,0.160573721,0.153591365,0.151211902,0.158194274,-0.151211902,-0.158194274,-0.160573721,-0.153591365,0.005748797,0.004959973,0.003980013
35.40092993,0.965925826,0.258819045,0,0,0.523598776,0,0,0.966678321,0.25597477,0.002894068,0.001307404,0.517724374,0.004925961,0.004009354,-0.00627637,-0.000979006,0.003806501,0.156996498,-0.004966071,-0.001633148,0.163595676,0.153663546,0.150397241,0.160329387,-0.150397241,-0.160329387,-0.163595676,-0.153663546,0.005874402,0.004925961,0.004009354
35.45439982,0.965925826,0.258819045,0,0,0.523598776,0,0,0.966674626,0.2559883,0.002901888,0.001327542,0.517752541,0.004930712,0.004052361,0.00249669,0.000532717,0.001323968,0.15657549,-0.004775209,-0.001879415,0.163595676,0.153663546,0.150397241,0.160329387,-0.150397241,-0.160329387,-0.163595676,-0.153663546,0.005846235,0.004930712,0.004052361
35.50019002,0.965925826,0.258819045,0,0,0.523598776,0,0,0.966684222,0.255952537,0.002891945,0.001316361,0.517678392,0.004917363,0.004025471,-0.001710653,0.001528114,-0.001329184,0.157238731,-0.004701862,-0.000939741,0.162880301,0.153476581,0.151597098,0.161000818,-0.151597098,-0.161000818,-0.162880301,-0.153476581,0.005920384,0.004917363,0.004025471
35.55093002,0.965925826,0.258819045,0,0,0.523598776,0,0,0.966693878,0.255916089,0.002873702,0.001302618,0.517602836,0.004889277,0.003989378,0.000808388,-0.002147257,0.000483543,0.156703748,-0.003789424,-0.001159331,0.162880301,0.153476581,0.151597098,0.161000818,-0.151597098,-0.161000818,-0.162880301,-0.153476581,0.00599594,0.004889277,0.003989378
35.60087991,0.965925826,0.258819045,0,0,0.523598776,0,0,0.966697335,0.255902797,0.002879509,0.001324236,0.517575477,0.004889495,0.004034079,0.001043826,-0.003311039,-0.000154972,0.156658795,-0.003467465,-0.001047248,0.161652461,0.154073626,0.15175496,0.15933381,-0.15175496,-0.15933381,-0.161652461,-0.154073626,0.006023299,0.004889495,0.004034079
35.65156984,0.965925826,0.258819045,0,0,0.523598776,0,0,0.966702461,0.255883455,0.002900669,0.001295124,0.517535458,0.004945386,0.003988525,-0.002938509,0.002902001,0.00044629,0.157338267,-0.004382186,-0.001137039,0.162857458,0.154093087,0.151819006,0.160583377,-0.151819006,-0.160583377,-0.162857458,-0.154093087,0.006063318,0.004945386,0.003988525
35.70082998,0.965925826,0.258819045,0,0,0.523598776,0,0,0.966706812,0.255866855,0.002912067,0.001309825,0.517501251,0.004959969,0.004022697,-0.003160537,3.35E-05,0.001699477,0.157545122,-0.005171603,-0.001250661,0.163967341,0.153624147,0.151122823,0.161466032,-0.151122823,-0.161466032,-0.163967341,-0.153624147,0.006097525,0.004959969,0.004022697
35.74971986,0.965925826,0.258819045,0,0,0.523598776,0,0,0.966717601,0.255826533,0.002900918,0.001298843,0.51741767,0.0049442,0.003995551,-0.001259148,-0.000470877,-4.32E-05,0.157601135,-0.004519936,-0.001417531,0.16353856,0.154498696,0.151663631,0.16070351,-0.151663631,-0.16070351,-0.16353856,-0.154498696,0.006181106,0.0049442,0.003995551
35.80012989,0.965925826,0.258819045,0,0,0.523598776,0,0,0.966725945,0.255794793,0.002899268,0.001282477,0.517351964,0.004949514,0.003962902,0.002422184,-0.001238286,7.53E-05,0.156415393,-0.003995182,-0.001084195,0.16353856,0.154498696,0.151663631,0.16070351,-0.151663631,-0.16070351,-0.16353856,-0.154498696,0.006246812,0.004949514,0.003962902
35.84955001,0.965925826,0.258819045,0,0,0.523598776,0,0,0.966725528,0.255796403,0.002915293,0.001280683,0.517355364,0.004981408,0.00396764,0.002189726,0.001401454,0.00148192,0.156466142,-0.004805872,-0.001382398,0.16265437,0.153042644,0.150277838,0.159889579,-0.150277838,-0.159889579,-0.16265437,-0.153042644,0.006243412,0.004981408,0.00396764
35.89820981,0.965925826,0.258819045,0,0,0.523598776,0,0,0.966730058,0.255778939,0.002924171,0.001268228,0.517319277,0.005005017,0.003948011,0.000459701,-0.001710653,0.001459569,0.156853727,-0.003977416,-0.001290947,0.162122056,0.15416722,0.151585326,0.159540161,-0.151585326,-0.159540161,-0.162122056,-0.15416722,0.006279499,0.005005017,0.003948011
35.94868994,0.965925826,0.258819045,0,0,0.523598776,0,0,0.966737628,0.255750537,0.002904331,0.001254137,0.517260336,0.00497398,0.003910469,0.000879914,0.001808256,0.003857166,0.156914903,-0.004428912,-0.001080857,0.162424639,0.153566822,0.151405096,0.160262927,-0.151405096,-0.160262927,-0.162424639,-0.153566822,0.00633844,0.00497398,0.003910469
35.9985199,0.965925826,0.258819045,0,0,0.523598776,0,0,0.966750562,0.255701333,0.002918393,0.001290896,0.517158797,0.004982569,0.003988482,-0.000946224,0.003815443,-0.000371039,0.156019328,-0.00465261,-0.001836005,0.162507907,0.153202698,0.149530679,0.158835903,-0.149530679,-0.158835903,-0.162507907,-0.153202698,0.006439979,0.004982569,0.003988482
36.04836988,0.965925826,0.258819045,0,0,0.523598776,0,0,0.966748595,0.255708992,0.002920088,0.001294571,0.517174634,0.004983936,0.003996494,0.002453476,0.000780076,-0.001613796,0.157206432,-0.005362167,-0.00112467,0.163693234,0.152968898,0.150719568,0.161443889,-0.150719568,-0.161443889,-0.163693234,-0.152968898,0.006424142,0.004983936,0.003996494
36.09949994,0.965925826,0.258819045,0,0,0.523598776,0,0,0.966754675,0.255686104,0.002935102,0.001291843,0.517127337,0.005014454,0.00399878,-0.005486608,0.003895909,-0.000649691,0.158210412,-0.005405784,-0.001072828,0.16468899,0.153877422,0.151731774,0.162543327,-0.151731774,-0.162543327,-0.16468899,-0.153877422,0.006471439,0.005014454,0.00399878
36.14943004,0.965925826,0.258819045,0,0,0.523598776,0,0,0.966767907,0.255635738,0.002925,0.001310539,0.517023205,0.004985571,0.004029503,0.000142306,-0.002227724,0.002481788,0.156999538,-0.003958037,-0.001504687,0.16246222,0.154546157,0.151536778,0.159452856,-0.151536778,-0.159452856,-0.16246222,-0.154546157,0.006575571,0.004985571,0.004029503
36.2001698,0.965925826,0.258819045,0,0,0.523598776,0,0,0.966773987,0.25561291,0.002919098,0.00134211,0.516976045,0.004958115,0.004087413,0.002067536,-0.00627786,0.001839548,0.156587581,-0.002853162,-0.001342242,0.160782948,0.155076623,0.152392149,0.158098459,-0.152392149,-0.158098459,-0.160782948,-0.155076623,0.006622731,0.004958115,0.004087413
36.24995995,0.965925826,0.258819045,0,0,0.523598776,0,0,0.966785371,0.255569786,0.002918417,0.001308372,0.516886711,0.004974224,0.004021609,0.000783056,0.000565499,0.001697988,0.156895948,-0.004639304,-0.001431186,0.1629664,0.153687805,0.150825426,0.160104021,-0.150825426,-0.160104021,-0.1629664,-0.153687805,0.006712065,0.004974224,0.004021609
36.30050993,0.965925826,0.258819045,0,0,0.523598776,0,0,0.966795623,0.255531013,0.002926228,0.001329416,0.51680662,0.004978734,0.004066092,-0.000536442,-0.001870096,-0.000357628,0.157631933,-0.004973137,-0.001155434,0.163760468,0.153814197,0.151503325,0.161449596,-0.151503325,-0.161449596,-0.163760468,-0.153814197,0.006792156,0.004978734,0.004066092
36.35097003,0.965925826,0.258819045,0,0,0.523598776,0,0,0.966799617,0.255515635,0.002906769,0.001308597,0.516774665,0.004951813,0.004015813,-0.001369417,-0.00026226,0.00185892,0.157205716,-0.003897792,-0.001042766,0.16214624,0.154350653,0.152265131,0.160060704,-0.152265131,-0.160060704,-0.16214624,-0.154350653,0.006824111,0.004951813,0.004015813
36.40008998,0.965925826,0.258819045,0,0,0.523598776,0,0,0.966801882,0.255507499,0.002909668,0.001328019,0.516757863,0.004947526,0.004054807,0.001714379,-0.00256896,0.005129725,0.156722506,-0.004031656,-0.00197929,0.162733421,0.154670104,0.150711522,0.158774838,-0.150711522,-0.158774838,-0.162733421,-0.154670104,0.006840913,0.004947526,0.004054807
36.44958997,0.965925826,0.258819045,0,0,0.523598776,0,0,0.966806889,0.255488515,0.002883424,0.001318771,0.516718426,0.004901586,0.004023417,-4.17E-05,0.00288263,-0.003352762,0.157122869,-0.004914757,-0.000625876,0.16266346,0.152833953,0.151582211,0.161411718,-0.151582211,-0.161411718,-0.16266346,-0.152833953,0.00688035,0.004901586,0.004023417
36.50014997,0.965925826,0.258819045,0,0,0.523598776,0,0,0.966808021,0.255484015,0.002899097,0.001325001,0.51670925,0.004928728,0.00404345,6.93E-05,0.004383177,0.001382083,0.157100064,-0.00564243,-0.001483656,0.164226115,0.152941257,0.149973944,0.161258802,-0.149973944,-0.161258802,-0.164226115,-0.152941257,0.006889526,0.004928728,0.00404345
36.54787993,0.965925826,0.258819045,0,0,0.523598776,0,0,0.966803968,0.255499959,0.00286858,0.001293352,0.516741877,0.004885826,0.003966738,0.003797561,0.000604242,0.002942234,0.156272015,-0.00464503,-0.001639856,0.162556857,0.153266802,0.149987102,0.159277156,-0.149987102,-0.159277156,-0.162556857,-0.153266802,0.006856899,0.004885826,0.003966738
36.59950995,0.965925826,0.258819045,0,0,0.523598776,0,0,0.966795802,0.255530745,0.002872573,0.001335882,0.516805756,0.004871684,0.004051171,0.000717491,0.005248935,0.003109128,0.156639615,-0.005426259,-0.00141197,0.163477808,0.152625293,0.149801359,0.160653874,-0.149801359,-0.160653874,-0.163477808,-0.152625293,0.00679302,0.004871684,0.004051171
36.64941001,0.965925826,0.258819045,0,0,0.523598776,0,0,0.966781318,0.255584925,0.002893507,0.001349781,0.516918082,0.004904831,0.00408902,0.003924221,0.005284697,0.001562387,0.156932676,-0.005969369,-0.001818651,0.164720654,0.152781934,0.14914462,0.161083356,-0.14914462,-0.161083356,-0.164720654,-0.152781934,0.006680694,0.004904831,0.00408902
36.69921994,0.965925826,0.258819045,0,0,0.523598776,0,0,0.966768682,0.255632937,0.002895768,0.001367236,0.517017452,0.004900074,0.00412417,-0.000374019,-0.006172061,-0.000368059,0.157113177,-0.002765861,-0.000992052,0.160871059,0.15533933,0.153355226,0.158886954,-0.153355226,-0.158886954,-0.160871059,-0.15533933,0.006581324,0.004900074,0.00412417
36.74887991,0.965925826,0.258819045,0,0,0.523598776,0,0,0.966750622,0.255701274,0.002895433,0.001347203,0.517158743,0.004909379,0.00408561,0.002611429,-0.002714992,0.001811236,0.156422675,-0.003783809,-0.001427132,0.161633581,0.154065967,0.151211709,0.158779308,-0.151211709,-0.158779308,-0.161633581,-0.154065967,0.006440033,0.004909379,0.00408561
36.8002398,0.965925826,0.258819045,0,0,0.523598776,0,0,0.9667328,0.255768776,0.002898845,0.001370414,0.517298478,0.004903817,0.004132576,0.003033131,0.006540865,0.002726168,0.156297145,-0.006346917,-0.00182036,0.164464384,0.151770562,0.148129836,0.160823658,-0.148129836,-0.160823658,-0.164464384,-0.151770562,0.006300298,0.004903817,0.004132576
36.85009003,0.965925826,0.258819045,0,0,0.523598776,0,0,0.966710985,0.255850375,0.002890197,0.001386156,0.51746742,0.004878693,0.004159002,0.004600734,0.000656396,0.001829118,0.155907326,-0.004716927,-0.001554087,0.162178308,0.152744457,0.149636284,0.159070134,-0.149636284,-0.159070134,-0.162178308,-0.152744457,0.006131356,0.004878693,0.004159002
36.90043998,0.965925826,0.258819045,0,0,0.523598776,0,0,0.966686606,0.255942643,0.002912467,0.001412833,0.517658506,0.004907696,0.004222444,0.008111448,0.006035715,0.001146644,0.156805647,-0.005497222,-0.001942996,0.164245829,0.153251395,0.149365395,0.16035983,-0.149365395,-0.16035983,-0.164245829,-0.153251395,0.00594027,0.004907696,0.004222444
36.95073986,0.965925826,0.258819045,0,0,0.523598776,0,0,0.966677725,0.255976051,0.002903352,0.001412902,0.517727595,0.004889892,0.004218081,0.00378713,-0.006479025,0.000224262,0.155089211,-0.006151116,-0.001588153,0.162828445,0.150526211,0.147349909,0.159652129,-0.147349909,-0.159652129,-0.162828445,-0.150526211,0.005871181,0.004889892,0.004218081
37.00592995,0.965925826,0.258819045,0,0,0.523598776,0,0,0.966664612,0.256025314,0.002919168,0.001420733,0.517829666,0.004916246,0.00424157,0.004478544,0.000413507,-2.53E-05,0.15601058,-0.002770291,-0.001149362,0.159930199,0.15438962,0.152090892,0.157631472,-0.152090892,-0.157631472,-0.159930199,-0.15438962,0.00576911,0.004916246,0.00424157
37.05467987,0.965925826,0.258819045,0,0,0.523598776,0,0,0.966656506,0.256055743,0.002931055,0.001440763,0.517892783,0.004928835,0.004286537,-1.79E-05,0.001502782,0.001464039,0.156810463,-0.00505413,-0.001562647,0.163427204,0.153318942,0.150193647,0.160301909,-0.150193647,-0.160301909,-0.163427204,-0.153318942,0.005705993,0.004928835,0.004286537
37.10125995,0.965925826,0.258819045,0,0,0.523598776,0,0,0.966650248,0.256079704,0.002924085,0.00145026,0.51794231,0.004910389,0.00430145,0.002787262,-0.003603101,0.002189726,0.156179551,-0.003723238,-0.001588336,0.161491096,0.154044613,0.150867939,0.158314422,-0.150867939,-0.158314422,-0.161491096,-0.154044613,0.005656466,0.004910389,0.00430145
37.15099001,0.965925826,0.258819045,0,0,0.523598776,0,0,0.966636598,0.256130815,0.002909196,0.00146199,0.518048076,0.004875369,0.004316761,0.006418676,-0.004561245,0.001052767,0.155354982,-0.003367004,-0.001390262,0.160112217,0.153378204,0.150597677,0.15733169,-0.150597677,-0.15733169,-0.160112217,-0.153378204,0.0055507,0.004875369,0.004316761
37.20168996,0.965925826,0.258819045,0,0,0.523598776,0,0,0.966620922,0.256189883,0.002949381,0.001457736,0.518170506,0.004954972,0.004329425,0.006458909,0.00340566,0.002525001,0.157125063,-0.004445167,-0.001869967,0.163440153,0.154549837,0.150809899,0.15970023,-0.150809899,-0.15970023,-0.163440153,-0.154549837,0.00542827,0.004954972,0.004329425
37.25180984,0.965925826,0.258819045,0,0,0.523598776,0,0,0.966612816,0.256220758,0.002917802,0.001490601,0.518234296,0.004876943,0.004376937,-2.09E-05,-0.00141412,-0.002975762,0.155317354,-0.005631981,-0.001813416,0.162762716,0.151498765,0.147871926,0.159135878,-0.147871926,-0.159135878,-0.162762716,-0.151498765,0.00536448,0.004876943,0.004376937
37.29829001,0.965925826,0.258819045,0,0,0.523598776,0,0,0.966618121,0.256200284,0.002925684,0.001496156,0.51819206,0.004889427,0.004391612,-0.003562868,-0.005082787,0.003794581,0.156722523,-0.004037827,-0.000788782,0.161549091,0.153473452,0.151895881,0.159971535,-0.151895881,-0.159971535,-0.161549091,-0.153473452,0.005406716,0.004889427,0.004391612
37.35022998,0.965925826,0.258819045,0,0,0.523598776,0,0,0.966620505,0.256191373,0.002936164,0.001529428,0.518173788,0.004892679,0.00446126,-0.001774729,0.000742823,0.003335625,0.157121656,-0.005096738,-0.001968839,0.164187193,0.153993726,0.150056049,0.160249516,-0.150056049,-0.160249516,-0.164187193,-0.153993726,0.005424988,0.004892679,0.00446126
37.39991999,0.965925826,0.258819045,0,0,0.523598776,0,0,0.96661675,0.256205589,0.002936135,0.001567385,0.51820333,0.004873107,0.004534697,-0.001205504,-0.000344217,0.00095591,0.156989393,-0.00469511,-0.001577643,0.163262114,0.153871894,0.150716603,0.160106823,-0.150716603,-0.160106823,-0.163262114,-0.153871894,0.005395446,0.004873107,0.004534697
37.44965982,0.965925826,0.258819045,0,0,0.523598776,0,0,0.966615438,0.256210804,0.002908133,0.001552766,0.518213876,0.00482644,0.004492113,0.005286188,-0.003564358,0.00390634,0.155559633,-0.00393306,-0.002010445,0.161503106,0.153636992,0.149616092,0.157482207,-0.149616092,-0.157482207,-0.161503106,-0.153636992,0.0053849,0.00482644,0.004492113
37.50019002,0.965925826,0.258819045,0,0,0.523598776,0,0,0.966614366,0.256214529,0.002917394,0.001579796,0.518221775,0.004830473,0.004549133,0.005101413,0.003630668,-3.73E-05,0.156328208,-0.004880283,-0.001791532,0.161503106,0.153636992,0.149616092,0.157482207,-0.149616092,-0.157482207,-0.161503106,-0.153636992,0.005377001,0.004830473,0.004549133
37.55075002,0.965925826,0.258819045,0,0,0.523598776,0,0,0.966605246,0.256248653,0.002917542,0.001557053,0.518292339,0.004842256,0.004505412,-0.003750623,0.000672788,0.003244728,0.155602704,-0.005650887,-0.001519718,0.162773266,0.151471511,0.148432061,0.159733832,-0.148432061,-0.159733832,-0.162773266,-0.151471511,0.005306437,0.004842256,0.004505412
37.60087991,0.965925826,0.258819045,0,0,0.523598776,0,0,0.966596723,0.256280512,0.002948656,0.001580498,0.518358555,0.00489024,0.004566845,-0.001113117,0.003159792,0.002896041,0.157524163,-0.005101469,-0.001983493,0.162773266,0.151471511,0.148432061,0.159733832,-0.148432061,-0.159733832,-0.162773266,-0.151471511,0.005240221,0.00489024,0.004566845
37.65105987,0.965925826,0.258819045,0,0,0.523598776,0,0,0.966592014,0.256297439,0.002987142,0.001597332,0.518393974,0.004955932,0.004619203,0.002447515,-0.000694394,0.00083074,0.156137981,-0.004654306,-0.00158045,0.162372693,0.153064087,0.149903193,0.1592118,-0.149903193,-0.1592118,-0.162372693,-0.153064087,0.005204802,0.004955932,0.004619203
37.70092988,0.965925826,0.258819045,0,0,0.523598776,0,0,0.966596961,0.2562792,0.002954223,0.001609547,0.518356033,0.004886118,0.004625849,0.003205985,-0.000175834,0.0035204,0.155980708,-0.004943431,-0.002076824,0.162372693,0.153064087,0.149903193,0.1592118,-0.149903193,-0.1592118,-0.162372693,-0.153064087,0.005242743,0.004886118,0.004625849
37.75091982,0.965925826,0.258819045,0,0,0.523598776,0,0,0.966588855,0.256309927,0.002973224,0.001603969,0.518419677,0.004925563,0.004624961,0.001696497,0.000102073,0.005093962,0.156294937,-0.005141565,-0.002344155,0.163780615,0.153497502,0.14880918,0.159092307,-0.14880918,-0.159092307,-0.163780615,-0.153497502,0.005179099,0.004925563,0.004624961
37.80085993,0.965925826,0.258819045,0,0,0.523598776,0,0,0.966587007,0.256316662,0.002971053,0.001588837,0.518433579,0.004929092,0.004594632,0.004457683,-0.002200902,0.006713719,0.157832182,-0.004886917,-0.001498088,0.163780615,0.153497502,0.14880918,0.159092307,-0.14880918,-0.159092307,-0.163780615,-0.153497502,0.005165197,0.004929092,0.004594632
37.85195994,0.965925826,0.258819045,0,0,0.523598776,0,0,0.96657896,0.256346911,0.002970929,0.001577123,0.518496139,0.004934713,0.004572077,-0.001440942,-0.002256036,-2.68E-05,0.156058845,-0.004649106,-0.001518694,0.162226602,0.152928397,0.149891019,0.159189224,-0.149891019,-0.159189224,-0.162226602,-0.152928397,0.005102637,0.004934713,0.004572077
37.90032983,0.965925826,0.258819045,0,0,0.523598776,0,0,0.966576576,0.256356269,0.002970805,0.001591557,0.518515503,0.00492703,0.004599964,0.000620633,0.00532344,0.001271814,0.156964197,-0.004170344,-0.001370781,0.162505284,0.154164597,0.151423037,0.159763724,-0.151423037,-0.159763724,-0.162505284,-0.154164597,0.005083273,0.00492703,0.004599964
37.94903994,0.965925826,0.258819045,0,0,0.523598776,0,0,0.966571152,0.256376445,0.002957968,0.001579758,0.518557173,0.004908168,0.004570675,-0.000694394,0.004256517,0.002367049,0.156786649,-0.00604642,-0.001937568,0.164770603,0.15267776,0.148802623,0.160895467,-0.148802623,-0.160895467,-0.164770603,-0.15267776,0.005041603,0.004908168,0.004570675
37.99908996,0.965925826,0.258819045,0,0,0.523598776,0,0,0.966578543,0.256349206,0.002935819,0.001570507,0.518500567,0.004870222,0.004541296,-0.002269447,0.000219792,0.002049655,0.157145371,-0.00492801,-0.001781687,0.163855031,0.153999016,0.150435641,0.160291657,-0.150435641,-0.160291657,-0.163855031,-0.153999016,0.005098209,0.004870222,0.004541296
38.04876995,0.965925826,0.258819045,0,0,0.523598776,0,0,0.96657306,0.256370008,0.002935621,0.001575867,0.51854361,0.004866993,0.00455166,-0.000679493,-0.003618002,0.004389137,0.156782515,-0.004052004,-0.002107424,0.162941903,0.154837906,0.150623053,0.158727065,-0.150623053,-0.158727065,-0.162941903,-0.154837906,0.005055166,0.004866993,0.00455166
38.09871984,0.965925826,0.258819045,0,0,0.523598776,0,0,0.966582,0.256335944,0.002945324,0.001600942,0.518473318,0.004873054,0.004604939,-0.004348159,-0.004301966,-9.39E-05,0.157606741,-0.00364774,-0.001340036,0.162941903,0.154837906,0.150623053,0.158727065,-0.150623053,-0.158727065,-0.162941903,-0.154837906,0.005125458,0.004873054,0.004604939
38.15059996,0.965925826,0.258819045,0,0,0.523598776,0,0,0.966580033,0.256342977,0.002939934,0.001645335,0.518488048,0.004839842,0.004688031,0.00404939,-0.003877282,0.002033263,0.156836814,-0.004613626,-0.001868108,0.163318515,0.154091269,0.150355041,0.159582287,-0.150355041,-0.159582287,-0.163318515,-0.154091269,0.005110728,0.004839842,0.004688031
38.20032001,0.965925826,0.258819045,0,0,0.523598776,0,0,0.966587842,0.256313741,0.00293141,0.001623042,0.518427399,0.004834934,0.004640417,-0.001695752,0.000714511,0.001545995,0.155759858,-0.003880749,-0.001780825,0.161421388,0.153659895,0.150098249,0.157859743,-0.150098249,-0.157859743,-0.161421388,-0.153659895,0.005171377,0.004834934,0.004640417
38.25030994,0.965925826,0.258819045,0,0,0.523598776,0,0,0.966582716,0.25633347,0.002904248,0.001614114,0.518467981,0.004786907,0.00460933,0.002033263,0.002349168,0.003115088,0.156210347,-0.005558094,-0.002074118,0.163842514,0.152726337,0.148578107,0.159694284,-0.148578107,-0.159694284,-0.163842514,-0.152726337,0.005130795,0.004786907,0.00460933
38.29990983,0.965925826,0.258819045,0,0,0.523598776,0,0,0.966584563,0.256326377,0.002915995,0.001602919,0.51845335,0.00481539,0.004593677,0.004414468,-0.003601611,-0.000628829,0.155690123,-0.003707238,-0.001281021,0.160678342,0.153263867,0.150701836,0.158116311,-0.150701836,-0.158116311,-0.160678342,-0.153263867,0.005145426,0.00481539,0.004593677
38.35101986,0.965925826,0.258819045,0,0,0.523598776,0,0,0.966580093,0.256343126,0.002927152,0.001618997,0.51848814,0.004828635,0.004630561,-0.003004075,0.002358109,0.001565367,0.157310742,-0.005520481,-0.001802872,0.164634064,0.153593108,0.149987355,0.161028311,-0.149987355,-0.161028311,-0.164634064,-0.153593108,0.005110636,0.004828635,0.004630561
38.40083981,0.965925826,0.258819045,0,0,0.523598776,0,0,0.966581464,0.256337553,0.00293503,0.001653738,0.518476829,0.004826081,0.004701733,-0.002776087,-0.002296269,0.002806634,0.157260789,-0.004411016,-0.001951234,0.163623005,0.154800981,0.150898501,0.15972054,-0.150898501,-0.15972054,-0.163623005,-0.154800981,0.005121947,0.004826081,0.004701733
38.45289993,0.965925826,0.258819045,0,0,0.523598776,0,0,0.966583669,0.25632897,0.002948414,0.001654611,0.518459187,0.004851547,0.00471024,0.006138533,-0.00320971,0.001112372,0.156545765,-0.005086746,-0.001232833,0.162865311,0.152691826,0.150226161,0.160399646,-0.150226161,-0.160399646,-0.162865311,-0.152691826,0.005139589,0.004851547,0.00471024
38.50237989,0.965925826,0.258819045,0,0,0.523598776,0,0,0.966587126,0.256316155,0.002956751,0.001656485,0.518432695,0.004866766,0.004718073,-9.24E-05,0.001584738,0.002150983,0.155309492,-0.004003659,-0.001648968,0.16096209,0.152954772,0.149656832,0.15766415,-0.149656832,-0.15766415,-0.16096209,-0.152954772,0.005166081,0.004866766,0.004718073
38.55175996,0.965925826,0.258819045,0,0,0.523598776,0,0,0.966594577,0.256287396,0.002989092,0.001678288,0.518373544,0.004918251,0.004776658,0.000678748,-0.000149012,0.000929087,0.155734348,-0.005436209,-0.002364274,0.16353479,0.152662382,0.147933841,0.158806249,-0.147933841,-0.158806249,-0.16353479,-0.152662382,0.005225232,0.004918251,0.004776658
38.59932995,0.965925826,0.258819045,0,0,0.523598776,0,0,0.966603935,0.256252319,0.002987199,0.001683675,0.518300943,0.004912004,0.004785923,0.002918392,-0.001128018,0.002331287,0.156057821,-0.004734564,-0.001930962,0.162723318,0.153254181,0.149392262,0.158861384,-0.149392262,-0.158861384,-0.162723318,-0.153254181,0.005297833,0.004912004,0.004785923
38.64982986,0.965925826,0.258819045,0,0,0.523598776,0,0,0.966604948,0.256248623,0.002973198,0.001678535,0.518293179,0.004887591,0.004768791,0.001578778,0.002077967,-0.002965331,0.156357177,-0.005239808,-0.001081596,0.16267854,0.152198941,0.150035739,0.160515353,-0.150035739,-0.160515353,-0.16267854,-0.152198941,0.005305597,0.004887591,0.004768791
38.69923997,0.965925826,0.258819045,0,0,0.523598776,0,0,0.966604412,0.256250113,0.002998721,0.001696064,0.518296547,0.004927941,0.004815768,-0.000278652,0.001137704,0.004117936,0.156760746,-0.005503815,-0.002299502,0.164564028,0.153556406,0.148957402,0.159965023,-0.148957402,-0.159965023,-0.164564028,-0.153556406,0.005302229,0.004927941,0.004815768
38.74921989,0.965925826,0.258819045,0,0,0.523598776,0,0,0.966615379,0.25620845,0.003005614,0.001696736,0.518210424,0.004941129,0.004820387,-0.00141412,0.000695139,5.89E-05,0.15669762,-0.004881049,-0.001645827,0.163224459,0.153462365,0.150170714,0.159932807,-0.150170714,-0.159932807,-0.163224459,-0.153462365,0.005388352,0.004941129,0.004820387
38.80063987,0.965925826,0.258819045,0,0,0.523598776,0,0,0.966617107,0.2562024,0.002991779,0.001678596,0.518197696,0.004923709,0.004778196,0.004542619,0.001271814,0.000954419,0.157033489,-0.005138382,-0.001586324,0.163758159,0.153481394,0.150308758,0.160585508,-0.150308758,-0.160585508,-0.163758159,-0.153481394,0.00540108,0.004923709,0.004778196
38.85133982,0.965925826,0.258819045,0,0,0.523598776,0,0,0.966621935,0.256184727,0.002974139,0.001670998,0.518160926,0.004893585,0.004754379,-0.003024936,0.001909584,0.004785508,0.155729875,-0.005275032,-0.0017424,0.162747264,0.152197212,0.148712412,0.159262463,-0.148712412,-0.159262463,-0.162747264,-0.152197212,0.00543785,0.004893585,0.004754379
38.90040994,0.965925826,0.258819045,0,0,0.523598776,0,0,0.966626585,0.256167203,0.002974284,0.001665734,0.518124648,0.004896649,0.004744187,0.000412017,-0.001299381,-0.000758469,0.156654732,-0.004473254,-0.001370576,0.162498519,0.153552026,0.150810868,0.159757376,-0.150810868,-0.159757376,-0.162498519,-0.153552026,0.005474128,0.004896649,0.004744187
38.94997001,0.965925826,0.258819045,0,0,0.523598776,0,0,0.966626465,0.256167531,0.002977077,0.001655087,0.518125322,0.004907503,0.004725037,0.00237748,-0.000272691,0.002918392,0.156222474,-0.004960288,-0.002019284,0.163202003,0.153281435,0.149242878,0.159163445,-0.149242878,-0.159163445,-0.163202003,-0.153281435,0.005473454,0.004907503,0.004725037
39.00019002,0.965925826,0.258819045,0,0,0.523598776,0,0,0.966625452,0.256171435,0.00297475,0.001682046,0.51813347,0.004889172,0.004775982,0.001805276,0.002606958,-0.001136959,0.156348616,-0.005502649,-0.001413781,0.163265005,0.152259722,0.149432153,0.16043745,-0.149432153,-0.16043745,-0.163265005,-0.152259722,0.005465306,0.004889172,0.004775982
39.05024981,0.965925826,0.258819045,0,0,0.523598776,0,0,0.966627955,0.256161481,0.002986106,0.001703109,0.518113084,0.004900383,0.004822472,-0.001892448,0.000170618,0.003103167,0.157403816,-0.005464097,-0.00191116,0.164779037,0.153850853,0.150028527,0.160956711,-0.150028527,-0.160956711,-0.164779037,-0.153850853,0.005485692,0.004900383,0.004822472
39.10083985,0.965925826,0.258819045,0,0,0.523598776,0,0,0.966618598,0.256196886,0.002977672,0.00171032,0.518186302,0.004880208,0.004832271,0.001015514,-0.004345179,0.00584349,0.157162336,-0.005187695,-0.002109968,0.164459959,0.154084578,0.149864644,0.160240024,-0.149864644,-0.160240024,-0.164459959,-0.154084578,0.005412474,0.004880208,0.004832271
39.15104985,0.965925826,0.258819045,0,0,0.523598776,0,0,0.966616213,0.256206125,0.002961868,0.001671044,0.518205155,0.004869734,0.004748288,-0.004298985,-0.000113249,-0.001735985,0.156501751,-0.004138593,-0.002495257,0.163135558,0.154858381,0.149867862,0.158145055,-0.149867862,-0.158145055,-0.163135558,-0.154858381,0.005393621,0.004869734,0.004748288
39.20067,0.965925826,0.258819045,0,0,0.523598776,0,0,0.966612577,0.256219864,0.002965952,0.001656136,0.51823355,0.004885202,0.004721629,0.004311651,0.001900643,0.001252443,0.155771522,-0.005412577,-0.001785185,0.162969247,0.152144104,0.148573726,0.159398869,-0.148573726,-0.159398869,-0.162969247,-0.152144104,0.005365226,0.004885202,0.004721629
39.25170994,0.965925826,0.258819045,0,0,0.523598776,0,0,0.966605425,0.25624615,0.00299762,0.001691927,0.518288344,0.004927953,0.004807185,0.001961738,-0.002899766,0.004895777,0.156268898,-0.004453216,-0.002341352,0.163063422,0.154156998,0.149474293,0.158380732,-0.149474293,-0.158380732,-0.163063422,-0.154156998,0.005310432,0.004927953,0.004807185
39.30094004,0.965925826,0.258819045,0,0,0.523598776,0,0,0.966611087,0.2562249,0.002992284,0.001707641,0.518244386,0.00490969,0.004834723,0.001765043,0.001054257,0.001633912,0.156326808,-0.005314526,-0.001885168,0.163526461,0.152897418,0.149127081,0.159756124,-0.149127081,-0.159756124,-0.163526461,-0.152897418,0.00535439,0.00490969,0.004834723
39.35092998,0.965925826,0.258819045,0,0,0.523598776,0,0,0.966601968,0.256259084,0.002997445,0.001691777,0.518315119,0.004927627,0.004806872,0.00160262,0.001678616,0.005463511,0.15682556,-0.005865874,-0.00192019,0.164611593,0.152879849,0.149039462,0.160771206,-0.149039462,-0.160771206,-0.164611593,-0.152879849,0.005283657,0.004927627,0.004806872
39.40208983,0.965925826,0.258819045,0,0,0.523598776,0,0,0.966599882,0.256267697,0.002997285,0.00166903,0.518332757,0.004938933,0.004762858,0.007473677,0.002381951,0.002076477,0.15668813,-0.004885275,-0.001633351,0.163206711,0.153436169,0.150169477,0.159940019,-0.150169477,-0.159940019,-0.163206711,-0.153436169,0.005266019,0.004938933,0.004762858
39.45097995,0.965925826,0.258819045,0,0,0.523598776,0,0,0.966596127,0.256281704,0.00299443,0.001687725,0.51836181,0.004923762,0.004797608,0.000677258,0.000339001,0.005673618,0.155051542,-0.005619967,-0.001953174,0.162624642,0.151384726,0.147478372,0.158718303,-0.147478372,-0.158718303,-0.162624642,-0.151384726,0.005236966,0.004923762,0.004797608
39.50115991,0.965925826,0.258819045,0,0,0.523598776,0,0,0.966593742,0.256290376,0.003009509,0.001697459,0.518379922,0.00494788,0.004824199,-0.00154078,0.001788884,0.002331287,0.157016945,-0.005582981,-0.002003912,0.1646038,0.153437853,0.149430022,0.160595983,-0.149430022,-0.160595983,-0.1646038,-0.153437853,0.005218854,0.00494788,0.004824199
39.55094004,0.965925826,0.258819045,0,0,0.523598776,0,0,0.966585279,0.256321579,0.003021513,0.001709718,0.518444697,0.004964646,0.004854214,0.006378443,0.000941008,0.002611428,0.155261749,-0.005346611,-0.002056095,0.162664413,0.151971206,0.147859007,0.158552229,-0.147859007,-0.158552229,-0.162664413,-0.151971206,0.005154079,0.004964646,0.004854214
39.60084987,0.965925826,0.258819045,0,0,0.523598776,0,0,0.966572881,0.25636825,0.003024837,0.001715666,0.518541317,0.004967788,0.004867656,0.002969056,0.001966208,0.000379235,0.155986168,-0.005511546,-0.001695176,0.163192853,0.152169764,0.148779422,0.159802496,-0.148779422,-0.159802496,-0.163192853,-0.152169764,0.005057459,0.004967788,0.004867656
39.65047002,0.965925826,0.258819045,0,0,0.523598776,0,0,0.966562331,0.256407976,0.00303134,0.001755656,0.518623705,0.004959651,0.004948502,-0.000959635,-0.003503263,0.004457682,0.156841555,-0.004376373,-0.002301066,0.16351895,0.154766217,0.150164083,0.158916831,-0.150164083,-0.158916831,-0.16351895,-0.154766217,0.004975071,0.004959651,0.004948502
39.70108986,0.965925826,0.258819045,0,0,0.523598776,0,0,0.966554046,0.256439477,0.003022266,0.001773641,0.518688858,0.004932723,0.004978776,-0.002487004,0.002052635,-0.000882149,0.15523679,-0.005408826,-0.002054253,0.162699834,0.151882187,0.147773683,0.15859133,-0.147773683,-0.15859133,-0.162699834,-0.151882187,0.004909918,0.004932723,0.004978776
39.75108981,0.965925826,0.258819045,0,0,0.523598776,0,0,0.966548622,0.256460011,0.00301009,0.001790607,0.518731319,0.004900377,0.005005434,-0.002756715,-0.000295043,-0.000610948,0.157145313,-0.005556686,-0.001539869,0.164241835,0.15312846,0.150048733,0.161162093,-0.150048733,-0.161162093,-0.164241835,-0.15312846,0.004867457,0.004900377,0.005005434
39.80092001,0.965925826,0.258819045,0,0,0.523598776,0,0,0.966540694,0.256489396,0.003025593,0.00180377,0.518792331,0.004923441,0.005038981,0.004721433,0.00211969,0.000176579,0.155536235,-0.005635041,-0.001767881,0.162939116,0.15166904,0.148133278,0.159403354,-0.148133278,-0.159403354,-0.162939116,-0.15166904,0.004806445,0.004923441,0.005038981
39.85102987,0.965925826,0.258819045,0,0,0.523598776,0,0,0.966532648,0.256519675,0.003032428,0.001799922,0.51885502,0.00493847,0.005035204,0.000900775,0.001137704,0.003895909,0.156356496,-0.005640517,-0.002378416,0.164375395,0.153094366,0.148337528,0.159618556,-0.148337528,-0.159618556,-0.164375395,-0.153094366,0.004743756,0.00493847,0.005035204
39.90083003,0.965925826,0.258819045,0,0,0.523598776,0,0,0.966529608,0.256531268,0.003021464,0.001812851,0.518878967,0.004910582,0.005054629,0.00173375,-0.001136959,0.001422316,0.156167311,-0.004872459,-0.001917037,0.162956774,0.153211862,0.149377778,0.159122691,-0.149377778,-0.159122691,-0.162956774,-0.153211862,0.004719809,0.004910582,0.005054629
39.95097995,0.965925826,0.258819045,0,0,0.523598776,0,0,0.966523468,0.256554276,0.003032636,0.001813705,0.518926664,0.004931619,0.005062131,0.005508215,-0.001618266,0.002134591,0.155325962,-0.004772502,-0.00203411,0.162132531,0.152587533,0.148519322,0.158064321,-0.148519322,-0.158064321,-0.162132531,-0.152587533,0.004672112,0.004931619,0.005062131
40.00098991,0.965925826,0.258819045,0,0,0.523598776,0,0,0.966520369,0.256565899,0.003019759,0.001828291,0.518950693,0.004899181,0.005083778,0.000493974,0.005432217,-0.000973046,0.156919195,-0.005579013,-0.001859515,0.164357692,0.153199673,0.149480641,0.16063866,-0.149480641,-0.16063866,-0.164357692,-0.153199673,0.004648083,0.004899181,0.005083778
40.05647993,0.965925826,0.258819045,0,0,0.523598776,0,0,0.966513574,0.25659129,0.003028698,0.001851427,0.519003398,0.004904454,0.005133217,0.005250425,-0.001789629,0.000823289,0.156424549,-0.006497115,-0.001667917,0.164589539,0.151595324,0.148259491,0.161253706,-0.148259491,-0.161253706,-0.164589539,-0.151595324,0.004595378,0.004904454,0.005133217
40.10313988,0.965925826,0.258819045,0,0,0.523598776,0,0,0.966510534,0.256602198,0.003044006,0.001859143,0.519026165,0.004930027,0.005156046,-0.004130602,0.001699477,0.001937896,0.157416591,-0.005783219,-0.002112772,0.165312544,0.153746113,0.149520576,0.161087006,-0.149520576,-0.161087006,-0.165312544,-0.153746113,0.004572611,0.004930027,0.005156046
40.15122986,0.965925826,0.258819045,0,0,0.523598776,0,0,0.966512144,0.256596178,0.003022566,0.001876422,0.519013627,0.004879748,0.005178413,0.000857562,-0.001643598,0.000720471,0.156324275,-0.004776541,-0.001856543,0.165312544,0.153746113,0.149520576,0.161087006,-0.149520576,-0.161087006,-0.165312544,-0.153746113,0.004585149,0.004879748,0.005178413
40.20194983,0.965925826,0.258819045,0,0,0.523598776,0,0,0.966499627,0.256643474,0.003027525,0.001907064,0.519111611,0.004873352,0.005240428,8.27E-05,-0.003100932,0.003924221,0.156466489,-0.004643012,-0.00241097,0.162957326,0.153404251,0.149691164,0.159244239,-0.149691164,-0.159244239,-0.162957326,-0.153404251,0.004487165,0.004873352,0.005240428
40.25143003,0.965925826,0.258819045,0,0,0.523598776,0,0,0.966489613,0.256681263,0.003016782,0.001913126,0.519189751,0.004849267,0.005246821,0.000434369,-0.002537668,0.004900247,0.15636891,-0.004850544,-0.00260138,0.163820803,0.154119715,0.14891696,0.158618033,-0.14891696,-0.158618033,-0.163820803,-0.154119715,0.004409025,0.004849267,0.005246821
40.30093002,0.965925826,0.258819045,0,0,0.523598776,0,0,0.966460526,0.256790489,0.003004822,0.00191932,0.519415762,0.004822376,0.005253199,0.005259365,-0.002357364,0.001656264,0.154866386,-0.006073463,-0.002772797,0.163712606,0.151565686,0.1460201,0.158167019,-0.1460201,-0.158167019,-0.163712606,-0.151565686,0.004183014,0.004822376,0.005253199
40.35552001,0.965925826,0.258819045,0,0,0.523598776,0,0,0.96644634,0.256844401,0.002998811,0.001884693,0.519527104,0.004828252,0.005183448,0.003009289,-0.00295341,0.002581626,0.155252714,-0.004646795,-0.002060568,0.161960036,0.15266645,0.148545325,0.157838911,-0.148545325,-0.157838911,-0.161960036,-0.15266645,0.004071672,0.004828252,0.005183448
40.40099001,0.965925826,0.258819045,0,0,0.523598776,0,0,0.966419339,0.256946027,0.002996263,0.001884173,0.519737391,0.004823049,0.005181642,0.005082041,0.001411885,0.001505762,0.155717074,-0.004518306,-0.002164409,0.162399754,0.153363138,0.149034321,0.158070937,-0.149034321,-0.158070937,-0.162399754,-0.153363138,0.003861385,0.004823049,0.005181642
40.45093989,0.965925826,0.258819045,0,0,0.523598776,0,0,0.966396689,0.257030934,0.002995289,0.001889026,0.519913154,0.004818218,0.005190944,0.00930354,-0.002071261,-0.001168251,0.154236696,-0.004468513,-0.001549898,0.160255075,0.151318043,0.148218259,0.157155275,-0.148218259,-0.157155275,-0.160255075,-0.151318043,0.003685622,0.004818218,0.005190944
40.50217986,0.965925826,0.258819045,0,0,0.523598776,0,0,0.966377378,0.257103711,0.003000188,0.001882653,0.520063756,0.004830571,0.005181509,0.004347414,-0.001661479,0.002460927,0.1552845,-0.004846407,-0.002171897,0.162302762,0.152609959,0.148266166,0.157958969,-0.148266166,-0.157958969,-0.162302762,-0.152609959,0.00353502,0.004830571,0.005181509
40.55215001,0.965925826,0.258819045,0,0,0.523598776,0,0,0.966360688,0.257166684,0.002985712,0.001887997,0.520193977,0.004799506,0.005184706,0.003153831,0.001402944,0.00044182,0.155515056,-0.005538334,-0.001898457,0.162951812,0.151875153,0.148078233,0.159154892,-0.148078233,-0.159154892,-0.162951812,-0.151875153,0.003404799,0.004799506,0.005184706
40.6006,0.965925826,0.258819045,0,0,0.523598776,0,0,0.966325462,0.257298738,0.002978387,0.001907466,0.52046734,0.004774623,0.00521922,0.00378117,-0.00127852,0.001432747,0.154532036,-0.005894035,-0.001915801,0.162951812,0.151875153,0.148078233,0.159154892,-0.148078233,-0.159154892,-0.162951812,-0.151875153,0.003131436,0.004774623,0.00521922
40.65202999,0.965925826,0.258819045,0,0,0.523598776,0,0,0.966322899,0.257307976,0.003004695,0.001928729,0.52048675,0.004814474,0.005273899,0.004444272,0.002389401,-0.001351535,0.155304335,-0.004897457,-0.002033525,0.162341833,0.150553778,0.146722168,0.158510238,-0.146722168,-0.158510238,-0.162341833,-0.150553778,0.003112026,0.004814474,0.005273899
40.69994998,0.965925826,0.258819045,0,0,0.523598776,0,0,0.966307819,0.257364213,0.003005373,0.001963227,0.520603315,0.00479772,0.0053412,0.003740937,0.005900114,0.004624575,0.155156496,-0.005746194,-0.001657062,0.162559718,0.151067331,0.147753209,0.159245595,-0.147753209,-0.159245595,-0.162559718,-0.151067331,0.002995461,0.00479772,0.0053412
40.74993992,0.965925826,0.258819045,0,0,0.523598776,0,0,0.96630156,0.257387936,0.003001265,0.00194316,0.520652292,0.004799981,0.005300422,-0.002168119,-0.000412762,0.003305823,0.156561459,-0.005362154,-0.002406266,0.164329842,0.153605536,0.148793012,0.159517303,-0.148793012,-0.159517303,-0.164329842,-0.153605536,0.002946484,0.004799981,0.005300422
40.80080986,0.965925826,0.258819045,0,0,0.523598776,0,0,0.966293514,0.257417947,0.003016143,0.001961053,0.520714588,0.004819356,0.00534281,0.00186488,-0.000683963,0.003563613,0.155659763,-0.00531032,-0.002469459,0.163439512,0.152818874,0.147879958,0.158500582,-0.147879958,-0.158500582,-0.163439512,-0.152818874,0.002884188,0.004819356,0.00534281
40.85088992,0.965925826,0.258819045,0,0,0.523598776,0,0,0.966283262,0.257455915,0.003045353,0.00200688,0.520793583,0.004852,0.005446608,0.001921505,0.006368012,0.002934784,0.155630294,-0.00723636,-0.002569825,0.165436447,0.150963724,0.145824075,0.160296798,-0.145824075,-0.160296798,-0.165436447,-0.150963724,0.002805193,0.004852,0.005446608
40.90041995,0.965925826,0.258819045,0,0,0.523598776,0,0,0.966271102,0.257500947,0.003054113,0.002043605,0.520887048,0.004849761,0.005522319,0.001702458,-0.000689924,0.004240125,0.154728854,-0.004825288,-0.00277647,0.165436447,0.150963724,0.145824075,0.160296798,-0.145824075,-0.160296798,-0.165436447,-0.150963724,0.002711728,0.004849761,0.005522319
40.95028996,0.965925826,0.258819045,0,0,0.523598776,0,0,0.96626097,0.257539183,0.003048044,0.002047726,0.520966135,0.004835691,0.00552735,0.004736335,0.005920977,0.001228601,0.155649751,-0.005490078,-0.002676497,0.163816288,0.152836144,0.14748314,0.158463299,-0.14748314,-0.158463299,-0.163816288,-0.152836144,0.002632641,0.004835691,0.00552735
40.99980998,0.965925826,0.258819045,0,0,0.523598776,0,0,0.966253757,0.257566035,0.003044521,0.002054637,0.521021741,0.004825169,0.005539024,-3.28E-05,-0.002497435,0.004234165,0.154967696,-0.007041138,-0.002315562,0.164324358,0.15024209,0.145610973,0.159693226,-0.145610973,-0.159693226,-0.164324358,-0.15024209,0.002577035,0.004825169,0.005539024
41.05094004,0.965925826,0.258819045,0,0,0.523598776,0,0,0.966239154,0.257620335,0.003062198,0.002083586,0.521134411,0.004844102,0.005604348,0.004997104,-0.006464124,0.004755706,0.15485785,-0.004005803,-0.002685553,0.161549166,0.153537571,0.148166463,0.156178057,-0.148166463,-0.156178057,-0.161549166,-0.153537571,0.002464365,0.004844102,0.005604348
41.10004997,0.965925826,0.258819045,0,0,0.523598776,0,0,0.966224611,0.25767535,0.003069039,0.002048188,0.521248151,0.004875244,0.005539744,0.005588681,0.003101677,-0.002136827,0.154707074,-0.006086041,-0.001668871,0.162461951,0.150289878,0.146952137,0.15912421,-0.146952137,-0.15912421,-0.162461951,-0.150289878,0.002350625,0.004875244,0.005539744
41.15025997,0.965925826,0.258819045,0,0,0.523598776,0,0,0.966215312,0.257710189,0.003053613,0.002049004,0.521320169,0.004844815,0.005533546,0.002231449,-0.00256151,0.002861768,0.155420368,-0.004904461,-0.00240285,0.162727639,0.152918726,0.148113027,0.15792194,-0.148113027,-0.15792194,-0.162727639,-0.152918726,0.002278607,0.004844815,0.005533546
41.20079994,0.965925826,0.258819045,0,0,0.523598776,0,0,0.966191053,0.257800967,0.003052745,0.00207607,0.521508179,0.004828663,0.005585855,-0.000314415,0.005733222,0.002025813,0.155690808,-0.006148935,-0.002686064,0.164525762,0.152227908,0.146855772,0.15915364,-0.146855772,-0.15915364,-0.164525762,-0.152227908,0.002090597,0.004828663,0.005585855
41.24969983,0.965925826,0.258819045,0,0,0.523598776,0,0,0.966184795,0.257824928,0.003049656,0.002062312,0.521557643,0.004829649,0.005557795,-0.002218783,0.001554936,0.002067536,0.155934943,-0.007115776,-0.002474402,0.165525079,0.151293546,0.146344736,0.160576284,-0.146344736,-0.160576284,-0.165525079,-0.151293546,0.002041133,0.004829649,0.005557795
41.30072999,0.965925826,0.258819045,0,0,0.523598776,0,0,0.966178656,0.257847577,0.003062529,0.002054377,0.521604637,0.004858486,0.005549216,0.003457814,0.002030283,0.004493446,0.156338108,-0.006000099,-0.002368196,0.164706364,0.152706176,0.147969782,0.159969971,-0.147969782,-0.159969971,-0.164706364,-0.152706176,0.001994139,0.004858486,0.005549216
41.34986997,0.965925826,0.258819045,0,0,0.523598776,0,0,0.966183484,0.257828861,0.003091394,0.002091594,0.521566295,0.00489518,0.005635924,-0.001755357,-0.001008809,0.00173077,0.156232602,-0.005368094,-0.002280601,0.163881257,0.153145075,0.148583874,0.159320056,-0.148583874,-0.159320056,-0.163881257,-0.153145075,0.002032481,0.00489518,0.005635924
41.39973998,0.965925826,0.258819045,0,0,0.523598776,0,0,0.966184676,0.257823944,0.003089331,0.002107424,0.521556215,0.00488306,0.005665426,0.006770343,-0.000733137,0.001262873,0.154363642,-0.005358333,-0.002237786,0.161959723,0.151243061,0.146767497,0.157484159,-0.146767497,-0.157484159,-0.161959723,-0.151243061,0.002042561,0.00488306,0.005665426
41.4498198,0.965925826,0.258819045,0,0,0.523598776,0,0,0.966174662,0.257861435,0.003103362,0.002124201,0.521633976,0.004901299,0.005705271,-0.000657141,-0.000885129,0.002258271,0.155973584,-0.005477182,-0.002412357,0.163863093,0.152908728,0.148084015,0.159038365,-0.148084015,-0.159038365,-0.163863093,-0.152908728,0.0019648,0.004901299,0.005705271
41.49978995,0.965925826,0.258819045,0,0,0.523598776,0,0,0.966173112,0.257867128,0.00311356,0.002103832,0.521645777,0.004931477,0.005671201,0.002867728,0.002800673,0.000386685,0.155199559,-0.006297562,-0.002153119,0.1636502,0.151055083,0.146748841,0.159343958,-0.146748841,-0.159343958,-0.1636502,-0.151055083,0.001952999,0.004931477,0.005671201
41.55085993,0.965925826,0.258819045,0,0,0.523598776,0,0,0.966177523,0.257850528,0.003120377,0.002118943,0.521611521,0.004936954,0.005703832,0.000507385,0.00403747,0.002139062,0.155511475,-0.006004605,-0.002815877,0.164331913,0.15232271,0.146690965,0.158700168,-0.146690965,-0.158700168,-0.164331913,-0.15232271,0.001987255,0.004936954,0.005703832
41.60083985,0.965925826,0.258819045,0,0,0.523598776,0,0,0.966197073,0.257776648,0.003128998,0.002139175,0.5214588,0.00494362,0.005746997,-0.005462766,0.000800937,0.003860146,0.155726512,-0.006782708,-0.002497145,0.165006325,0.151440918,0.14644663,0.160012037,-0.14644663,-0.160012037,-0.165006325,-0.151440918,0.002139976,0.00494362,0.005746997
41.65088987,0.965925826,0.258819045,0,0,0.523598776,0,0,0.966208756,0.257732481,0.00313226,0.002175513,0.52136757,0.004931454,0.005818675,-0.000537932,-0.000740588,0.004354865,0.156015475,-0.005739297,-0.002833595,0.164588332,0.153109744,0.147442549,0.158921137,-0.147442549,-0.158921137,-0.164588332,-0.153109744,0.002231206,0.004931454,0.005818675
41.69989991,0.965925826,0.258819045,0,0,0.523598776,0,0,0.966220856,0.257687688,0.003125818,0.002147702,0.521274638,0.004933609,0.00576138,-0.010329485,-0.000117719,-0.000485778,0.158190702,-0.005632018,-0.001965254,0.165787935,0.154523909,0.1505934,0.161857426,-0.1505934,-0.161857426,-0.165787935,-0.154523909,0.002324138,0.004933609,0.00576138
41.75102997,0.965925826,0.258819045,0,0,0.523598776,0,0,0.966239929,0.257616311,0.00311983,0.002159751,0.521126873,0.004916254,0.005781215,-0.005225837,-0.001494587,0.003191084,0.157107037,-0.005472628,-0.002591135,0.165170759,0.154225513,0.149043247,0.159988493,-0.149043247,-0.159988493,-0.165170759,-0.154225513,0.002471903,0.004916254,0.005781215
41.80041981,0.965925826,0.258819045,0,0,0.523598776,0,0,0.966255844,0.257556349,0.003129059,0.002162557,0.521002869,0.004933002,0.005791088,0.000251085,0.000556558,0.002702326,0.155938886,-0.005951121,-0.002564497,0.16445446,0.152552232,0.147423238,0.159325466,-0.147423238,-0.159325466,-0.16445446,-0.152552232,0.002595907,0.004933002,0.005791088
41.85071993,0.965925826,0.258819045,0,0,0.523598776,0,0,0.966276407,0.25747934,0.003108883,0.00217576,0.520843358,0.004887672,0.005805819,-0.001256168,0.004836172,-0.000119209,0.156208685,-0.005970399,-0.002017135,0.164196178,0.152255386,0.14822112,0.160161912,-0.14822112,-0.160161912,-0.164196178,-0.152255386,0.002755418,0.004887672,0.005805819
41.90101981,0.965925826,0.258819045,0,0,0.523598776,0,0,0.966275752,0.257481813,0.00310162,0.002199731,0.520848503,0.004861277,0.005848416,-0.000675023,0.002648681,0.00596568,0.156314651,-0.006916025,-0.002190127,0.165420771,0.151588723,0.147208467,0.161040515,-0.147208467,-0.161040515,-0.165420771,-0.151588723,0.002750273,0.004861277,0.005848416
41.95475984,0.965925826,0.258819045,0,0,0.523598776,0,0,0.966290951,0.257424444,0.003117677,0.002162618,0.520729795,0.004911764,0.00578467,-0.005479156,-0.000877678,0.002279133,0.156181867,-0.006745324,-0.003221044,0.166148201,0.152657554,0.146215469,0.159706101,-0.146215469,-0.159706101,-0.166148201,-0.152657554,0.002868981,0.004911764,0.00578467
42.00106001,0.965925826,0.258819045,0,0,0.523598776,0,0,0.966300368,0.257389963,0.003089724,0.002142527,0.520658052,0.004868291,0.005731276,-0.000365078,0.004201383,0.003815442,0.156165487,-0.006936238,-0.002820792,0.165922478,0.152050018,0.146408424,0.160280898,-0.146408424,-0.160280898,-0.165922478,-0.152050018,0.002940724,0.004868291,0.005731276
42.05012989,0.965925826,0.258819045,0,0,0.523598776,0,0,0.966299236,0.25739336,0.003096194,0.002216184,0.520665481,0.004842856,0.005876976,0.0012137,0.001340359,0.006491691,0.155813864,-0.006428454,-0.00330525,0.165547535,0.152690634,0.146080121,0.158937022,-0.146080121,-0.158937022,-0.165547535,-0.152690634,0.002933295,0.004842856,0.005876976
42.10000992,0.965925826,0.258819045,0,0,0.523598776,0,0,0.966319263,0.25731796,0.003085509,0.002251236,0.520509488,0.004804625,0.005938842,-0.001423061,-0.002554059,0.001629442,0.156432915,-0.005129735,-0.002414505,0.163977116,0.153717652,0.148888648,0.159148112,-0.148888648,-0.159148112,-0.163977116,-0.153717652,0.003089288,0.004804625,0.005938842
42.1511898,0.965925826,0.258819045,0,0,0.523598776,0,0,0.966328442,0.257283717,0.003060406,0.002276785,0.520438487,0.004743172,0.00597513,0.000417978,-0.000466406,-0.000968576,0.156305582,-0.006007173,-0.002849111,0.163977116,0.153717652,0.148888648,0.159148112,-0.148888648,-0.159148112,-0.163977116,-0.153717652,0.003160289,0.004743172,0.00597513
42.20087981,0.965925826,0.258819045,0,0,0.523598776,0,0,0.966335893,0.257255584,0.003068802,0.002246596,0.520380247,0.004775106,0.005920968,-0.002682209,0.000768155,-0.000442565,0.156049831,-0.005508074,-0.002049037,0.163606912,0.152590767,0.148492694,0.159508824,-0.148492694,-0.159508824,-0.163606912,-0.152590767,0.003218529,0.004775106,0.005920968
42.25088,0.965925826,0.258819045,0,0,0.523598776,0,0,0.966344893,0.257222086,0.003054926,0.002233067,0.520310737,0.004755454,0.005887516,0.000713021,0.001543015,0.002422184,0.156745828,-0.00586784,-0.002127093,0.164740726,0.153005049,0.148750871,0.160486534,-0.148750871,-0.160486534,-0.164740726,-0.153005049,0.003288039,0.004755454,0.005887516
42.30100989,0.965925826,0.258819045,0,0,0.523598776,0,0,0.966338694,0.257246137,0.00303008,0.00220747,0.520360159,0.004720459,0.005825378,-0.001011789,0.001104921,0.003170222,0.156383361,-0.006093609,-0.002721311,0.165198237,0.153011024,0.147568405,0.159755617,-0.147568405,-0.159755617,-0.165198237,-0.153011024,0.003238617,0.004720459,0.005825378
42.35113001,0.965925826,0.258819045,0,0,0.523598776,0,0,0.966345191,0.25722155,0.003041434,0.00219071,0.520309323,0.004751173,0.005798707,-0.004974008,0.000674278,-0.000104308,0.15726717,-0.005788839,-0.002118919,0.165174887,0.153597221,0.149359375,0.160937056,-0.149359375,-0.160937056,-0.165174887,-0.153597221,0.003289453,0.004751173,0.005798707
42.40106988,0.965925826,0.258819045,0,0,0.523598776,0,0,0.966347694,0.257212639,0.003029273,0.002137504,0.520290565,0.004755094,0.005689575,-0.001843274,-0.002060831,0.00044331,0.156583603,-0.004995237,-0.002096179,0.16367498,0.153684512,0.149492159,0.159482628,-0.149492159,-0.159482628,-0.16367498,-0.153684512,0.003308211,0.004755094,0.005689575
42.45078993,0.965925826,0.258819045,0,0,0.523598776,0,0,0.966350615,0.257201582,0.003037856,0.002188034,0.520267908,0.004745754,0.005791596,0.002481788,-0.003404916,0.002429635,0.155211553,-0.005367633,-0.00232886,0.16367498,0.153684512,0.149492159,0.159482628,-0.149492159,-0.159482628,-0.16367498,-0.153684512,0.003330868,0.004745754,0.005791596
42.50199986,0.965925826,0.258819045,0,0,0.523598776,0,0,0.966350973,0.257200658,0.003019811,0.002162921,0.520265739,0.004723802,0.00573377,-0.001308322,-0.002114475,-0.000979006,0.155638359,-0.004796079,-0.002473298,0.162907705,0.153315544,0.148368955,0.1579611,-0.148368955,-0.1579611,-0.162907705,-0.153315544,0.003333037,0.004723802,0.00573377
42.54982996,0.965925826,0.258819045,0,0,0.523598776,0,0,0.966347516,0.257213324,0.00301081,0.002171161,0.520291961,0.004702092,0.005745128,-0.00026077,-0.002904236,0.005631894,0.156473247,-0.004905527,-0.001880812,0.163259551,0.153448507,0.149686873,0.159497932,-0.149686873,-0.159497932,-0.163259551,-0.153448507,0.003306815,0.004702092,0.005745128
42.60081983,0.965925826,0.258819045,0,0,0.523598776,0,0,0.966342986,0.257230461,0.00301809,0.002185175,0.520327504,0.004708849,0.005776042,-0.002807379,0.000863522,0.000456721,0.156787083,-0.005829027,-0.002220159,0.163259551,0.153448507,0.149686873,0.159497932,-0.149686873,-0.159497932,-0.163259551,-0.153448507,0.003271272,0.004708849,0.005776042
42.65215993,0.965925826,0.258819045,0,0,0.523598776,0,0,0.966351032,0.257199556,0.00303727,0.002201599,0.520263815,0.004737655,0.005817502,0.004767627,-0.00090003,-8.94E-06,0.155140204,-0.005305354,-0.002127754,0.162573278,0.151962578,0.14770706,0.158317775,-0.14770706,-0.158317775,-0.162573278,-0.151962578,0.003334961,0.004737655,0.005817502
42.70106983,0.965925826,0.258819045,0,0,0.523598776,0,0,0.966357052,0.257177234,0.003026542,0.002219478,0.520217557,0.004707858,0.005846428,0.00712201,-0.00154078,0.004113466,0.154633029,-0.005388761,-0.002852205,0.162873954,0.152096435,0.146392033,0.157169551,-0.146392033,-0.157169551,-0.162873954,-0.152096435,0.003381219,0.004707858,0.005846428
42.75098991,0.965925826,0.258819045,0,0,0.523598776,0,0,0.966371417,0.257123172,0.003030926,0.002217746,0.520105707,0.004717549,0.005845072,0.000721961,-6.41E-05,0.002590567,0.155762128,-0.006333206,-0.001850698,0.162873954,0.152096435,0.146392033,0.157169551,-0.146392033,-0.157169551,-0.162873954,-0.152096435,0.003493069,0.004717549,0.005845072
42.80098987,0.965925826,0.258819045,0,0,0.523598776,0,0,0.966375589,0.257107079,0.00303636,0.002259165,0.52007262,0.00470685,0.005927842,0.000999123,-0.00115484,0.004766137,0.156068637,-0.005742238,-0.002609313,0.164420158,0.152935684,0.147717059,0.159201533,-0.147717059,-0.159201533,-0.164420158,-0.152935684,0.003526156,0.00470685,0.005927842
42.8510499,0.965925826,0.258819045,0,0,0.523598776,0,0,0.966389298,0.257055461,0.00302557,0.002292161,0.51996583,0.004669349,0.005985819,-0.000964105,-0.003229082,0.004570931,0.156014481,-0.005644158,-0.003008307,0.164666906,0.153378606,0.147361979,0.158650294,-0.147361979,-0.158650294,-0.164666906,-0.153378606,0.003632946,0.004669349,0.005985819
42.90102983,0.965925826,0.258819045,0,0,0.523598776,0,0,0.96640414,0.25699842,0.003062306,0.002329048,0.519848318,0.004721744,0.006075724,-0.005045533,-0.001899898,0.002732128,0.157398981,-0.00547753,-0.002707091,0.164666906,0.153378606,0.147361979,0.158650294,-0.147361979,-0.158650294,-0.164666906,-0.153378606,0.003750458,0.004721744,0.006075724
42.95102,0.965925826,0.258819045,0,0,0.523598776,0,0,0.966409862,0.256976664,0.003067488,0.002363935,0.519803468,0.004713966,0.006145712,6.48E-05,-0.001201034,0.004737824,0.156288809,-0.005793325,-0.00311811,0.165583566,0.154628515,0.149214327,0.160169378,-0.149214327,-0.160169378,-0.165583566,-0.154628515,0.003795308,0.004713966,0.006145712
43.00079989,0.965925826,0.258819045,0,0,0.523598776,0,0,0.96642071,0.256936371,0.003060466,0.002342676,0.5197199,0.004711575,0.006100815,0.001751632,-0.005020201,-0.0037238,0.155942202,-0.00417942,-0.001548476,0.161670059,0.153311223,0.15021427,0.158573106,-0.15021427,-0.158573106,-0.161670059,-0.153311223,0.003878876,0.004711575,0.006100815
43.05045986,0.965925826,0.258819045,0,0,0.523598776,0,0,0.966433704,0.256887525,0.00305819,0.002314487,0.519618709,0.004721968,0.006044923,-0.002586841,-0.000458956,0.000182539,0.156921601,-0.005649982,-0.002287545,0.161670059,0.153311223,0.15021427,0.158573106,-0.15021427,-0.158573106,-0.161670059,-0.153311223,0.003980067,0.004721968,0.006044923
43.1013,0.965925826,0.258819045,0,0,0.523598776,0,0,0.966444135,0.256848276,0.003062449,0.002320595,0.519537533,0.004727308,0.006058725,-0.001177192,0.000741333,-0.001087785,0.157014041,-0.00591061,-0.002872671,0.165797278,0.153976068,0.148230731,0.160051942,-0.148230731,-0.160051942,-0.165797278,-0.153976068,0.004061243,0.004727308,0.006058725
43.15069985,0.965925826,0.258819045,0,0,0.523598776,0,0,0.966453671,0.256813645,0.003032092,0.002245683,0.519465258,0.004707324,0.005898161,9.31E-05,-0.001786649,-0.001901389,0.156634706,-0.005886562,-0.002104086,0.164625317,0.152852193,0.14864403,0.16041714,-0.14864403,-0.16041714,-0.164625317,-0.152852193,0.004133518,0.004707324,0.005898161
43.20097995,0.965925826,0.258819045,0,0,0.523598776,0,0,0.966454685,0.256809652,0.003017979,0.002246428,0.519456923,0.004679688,0.005892332,0.000274926,-0.00397414,0.000665337,0.156333792,-0.004597951,-0.002222604,0.163154304,0.15395841,0.1495132,0.158709109,-0.1495132,-0.158709109,-0.163154304,-0.15395841,0.004141853,0.004679688,0.005892332
43.25090981,0.965925826,0.258819045,0,0,0.523598776,0,0,0.966462135,0.256781697,0.003024513,0.002260286,0.519399149,0.00468537,0.00592234,-0.003367663,-7.45E-05,-0.000266731,0.157150743,-0.005630556,-0.002159343,0.164940611,0.153679505,0.149360806,0.160621911,-0.149360806,-0.160621911,-0.164940611,-0.153679505,0.004199627,0.00468537,0.00592234
43.30094981,0.965925826,0.258819045,0,0,0.523598776,0,0,0.966466427,0.256765425,0.003026911,0.002229029,0.519365414,0.004706158,0.005863075,-0.002877414,0.000383705,0.000267476,0.157052085,-0.005747493,-0.002226313,0.164940611,0.153679505,0.149360806,0.160621911,-0.149360806,-0.160621911,-0.164940611,-0.153679505,0.004233362,0.004706158,0.005863075
43.35080981,0.965925826,0.258819045,0,0,0.523598776,0,0,0.966461539,0.25678426,0.003018665,0.002207258,0.519404209,0.004701286,0.005816847,0.004336982,-0.003121793,0.000818819,0.155456768,-0.004752748,-0.00222951,0.165025845,0.153530881,0.14907825,0.160573229,-0.14907825,-0.160573229,-0.165025845,-0.153530881,0.004194567,0.004701286,0.005816847
43.40103984,0.965925826,0.258819045,0,0,0.523598776,0,0,0.9664675,0.256762296,0.003005614,0.002193432,0.519358561,0.004683291,0.005783313,-0.001761317,-0.003679097,0.002672523,0.155634078,-0.005691725,-0.00227892,0.163604692,0.152221248,0.1476634,0.159046844,-0.1476634,-0.159046844,-0.163604692,-0.152221248,0.004240215,0.004683291,0.005783313
43.45087004,0.965925826,0.258819045,0,0,0.523598776,0,0,0.966468692,0.256757736,0.00300042,0.002198038,0.519349113,0.004670914,0.005789527,0.002913922,-0.002206862,0.001388043,0.156805657,-0.00474911,-0.002513044,0.163604692,0.152221248,0.1476634,0.159046844,-0.1476634,-0.159046844,-0.163604692,-0.152221248,0.004249663,0.004670914,0.005789527
43.50086999,0.965925826,0.258819045,0,0,0.523598776,0,0,0.966459692,0.256791621,0.002997529,0.002176928,0.51941915,0.004675965,0.005747402,0.003805012,0.000204891,0.000330061,0.155783826,-0.005017697,-0.002338072,0.163139552,0.153104171,0.148428023,0.158463418,-0.148428023,-0.158463418,-0.163139552,-0.153104171,0.004179626,0.004675965,0.005747402
43.55072999,0.965925826,0.258819045,0,0,0.523598776,0,0,0.966457844,0.256798923,0.003003306,0.002152852,0.519434178,0.004699453,0.005703867,0.002836436,-0.004978478,-7.90E-05,0.155777853,-0.004131946,-0.001968912,0.161878675,0.153614789,0.149676964,0.15794085,-0.149676964,-0.15794085,-0.161878675,-0.153614789,0.004164598,0.004699453,0.005703867
43.60082984,0.965925826,0.258819045,0,0,0.523598776,0,0,0.966452479,0.25681901,0.003008122,0.002178691,0.519475872,0.004695372,0.005756383,0.003512949,-0.002482533,0.000818819,0.155619576,-0.004886985,-0.002210848,0.162717372,0.152943403,0.148521706,0.158295676,-0.148521706,-0.158295676,-0.162717372,-0.152943403,0.004122904,0.004695372,0.005756383
43.65087986,0.965925826,0.258819045,0,0,0.523598776,0,0,0.966451526,0.256821811,0.003026357,0.002203349,0.519481976,0.004717935,0.005813426,-0.004543365,0.000584871,0.002854318,0.157386274,-0.005951829,-0.002645342,0.165983409,0.15407975,0.148789078,0.160692722,-0.148789078,-0.160692722,-0.165983409,-0.15407975,0.0041168,0.004717935,0.005813426
43.70135999,0.965925826,0.258819045,0,0,0.523598776,0,0,0.966445804,0.256844133,0.003015521,0.002141948,0.519527799,0.004728398,0.005689284,0.006712229,-0.003866852,0.000516325,0.155307101,-0.005272011,-0.002341169,0.165983409,0.15407975,0.148789078,0.160692722,-0.148789078,-0.160692722,-0.165983409,-0.15407975,0.004070977,0.004728398,0.005689284
43.75092983,0.965925826,0.258819045,0,0,0.523598776,0,0,0.96644485,0.256848156,0.003007934,0.002132708,0.519535986,0.004718457,0.005667545,0.001522154,0.003757328,0.003238768,0.154903213,-0.004432632,-0.002088694,0.161424503,0.152559251,0.148381859,0.157247111,-0.148381859,-0.157247111,-0.161424503,-0.152559251,0.00406279,0.004718457,0.005667545
43.80098987,0.965925826,0.258819045,0,0,0.523598776,0,0,0.96644336,0.256853551,0.003009005,0.002169194,0.519547298,0.004701752,0.005738647,-1.04E-05,0.003279001,0.003317744,0.156043443,-0.006671396,-0.002713781,0.165428579,0.152085796,0.146658242,0.160001025,-0.146658242,-0.160001025,-0.165428579,-0.152085796,0.004051478,0.004701752,0.005738647
43.85080004,0.965925826,0.258819045,0,0,0.523598776,0,0,0.966443837,0.256851465,0.00300879,0.002168809,0.519543018,0.004701547,0.005737782,0.002285093,-0.0026837,0.002808124,0.155870558,-0.004960987,-0.002536688,0.163368195,0.153446227,0.148372859,0.158294827,-0.148372859,-0.158294827,-0.163368195,-0.153446227,0.004055758,0.004701547,0.005737782
43.90096998,0.965925826,0.258819045,0,0,0.523598776,0,0,0.966445744,0.256844431,0.003003187,0.002177982,0.519528433,0.004686045,0.005752601,0.003003329,0.001556426,0.000724942,0.155720108,-0.005959949,-0.002284806,0.163964823,0.152044937,0.147475317,0.159395218,-0.147475317,-0.159395218,-0.163964823,-0.152044937,0.004070343,0.004686045,0.005752601
43.95079994,0.965925826,0.258819045,0,0,0.523598776,0,0,0.96644479,0.256846994,0.003010226,0.002221987,0.519534059,0.004677031,0.005841288,0.000765175,-0.001300871,0.003058464,0.156206837,-0.00542487,-0.002670192,0.164301857,0.153452128,0.148111746,0.158961475,-0.148111746,-0.158961475,-0.164301857,-0.153452128,0.004064717,0.004677031,0.005841288
44.00091982,0.965925826,0.258819045,0,0,0.523598776,0,0,0.966438353,0.256870925,0.003029727,0.002246536,0.519583831,0.004701966,0.005898875,0.000721961,0.002308935,0.001000613,0.155328325,-0.005589688,-0.00287606,0.164301857,0.153452128,0.148111746,0.158961475,-0.148111746,-0.158961475,-0.164301857,-0.153452128,0.004014945,0.004701966,0.005898875
44.05087996,0.965925826,0.258819045,0,0,0.523598776,0,0,0.966437578,0.256874233,0.003019653,0.00224746,0.519590556,0.004681999,0.0058955,0.002393872,-0.002497435,0.002200156,0.156206258,-0.006304106,-0.002421976,0.163794041,0.152614668,0.146862552,0.158041909,-0.146862552,-0.158041909,-0.163794041,-0.152614668,0.00400822,0.004681999,0.0058955
44.10231996,0.965925826,0.258819045,0,0,0.523598776,0,0,0.966432095,0.256894559,0.00302291,0.002276459,0.51963277,0.004673271,0.005953325,-0.002191961,0.000116974,0.005688517,0.155834304,-0.005075502,-0.002525699,0.163435474,0.153284475,0.148233071,0.15838407,-0.148233071,-0.15838407,-0.163435474,-0.153284475,0.003966006,0.004673271,0.005953325
44.15098,0.965925826,0.258819045,0,0,0.523598776,0,0,0.966434121,0.256886482,0.003019162,0.002301621,0.519616166,0.004653148,0.005999995,-0.000363588,0.002703816,0.003197044,0.156435046,-0.006616043,-0.002874027,0.165925071,0.152693003,0.14694494,0.160177022,-0.14694494,-0.160177022,-0.165925071,-0.152693003,0.00398261,0.004653148,0.005999995
44.19982982,0.965925826,0.258819045,0,0,0.523598776,0,0,0.966429472,0.256903946,0.003009792,0.002312298,0.519652277,0.004629443,0.006015901,0.002159923,-0.001566112,0.001793355,0.15587002,-0.005368648,-0.002552507,0.165925071,0.152693003,0.14694494,0.160177022,-0.14694494,-0.160177022,-0.165925071,-0.152693003,0.003946499,0.004629443,0.006015901
44.24990988,0.965925826,0.258819045,0,0,0.523598776,0,0,0.966430247,0.256900966,0.003010844,0.002336201,0.519646195,0.004619213,0.006062631,-0.000619888,-0.000907481,0.005512685,0.156480023,-0.005839227,-0.003233022,0.165552229,0.153873786,0.14740774,0.159086183,-0.14740774,-0.159086183,-0.165552229,-0.153873786,0.003952581,0.004619213,0.006062631
44.29982996,0.965925826,0.258819045,0,0,0.523598776,0,0,0.966421425,0.256933898,0.003012192,0.002366371,0.519714478,0.004606107,0.006121794,0.00339821,0.000201911,0.001519174,0.155583025,-0.005880334,-0.002609427,0.165552229,0.153873786,0.14740774,0.159086183,-0.14740774,-0.159086183,-0.165552229,-0.153873786,0.003884298,0.004606107,0.006121794
44.35097003,0.965925826,0.258819045,0,0,0.523598776,0,0,0.966417193,0.25695008,0.00301759,0.00235587,0.519747939,0.004621836,0.006104349,0.004588813,0.001234561,-0.003346801,0.1561218,-0.006443214,-0.002695748,0.165260717,0.152374297,0.146982804,0.159869224,-0.146982804,-0.159869224,-0.165260717,-0.152374297,0.003850837,0.004621836,0.006104349
44.39997983,0.965925826,0.258819045,0,0,0.523598776,0,0,0.966403425,0.257001907,0.003022484,0.002349182,0.519855203,0.004634405,0.006094186,-0.000374019,-0.002026558,0.004366785,0.15531579,-0.005827329,-0.00178024,0.162923321,0.151268676,0.147708192,0.159362838,-0.147708192,-0.159362838,-0.162923321,-0.151268676,0.003743573,0.004634405,0.006094186
44.45490003,0.965925826,0.258819045,0,0,0.523598776,0,0,0.966392159,0.257044286,0.003028366,0.002304203,0.519942813,0.00466863,0.006010476,0.002522021,0.000276417,-0.00077188,0.155717271,-0.005702042,-0.002139308,0.163558587,0.152154505,0.14787589,0.159279972,-0.14787589,-0.159279972,-0.163558587,-0.152154505,0.003655963,0.00466863,0.006010476
44.50003982,0.965925826,0.258819045,0,0,0.523598776,0,0,0.966379702,0.257091641,0.00300987,0.00228096,0.520040549,0.00464454,0.005956271,0.004961342,0.000370294,-0.002174079,0.155157185,-0.005572561,-0.001878128,0.162607834,0.151462719,0.147706464,0.158851579,-0.147706464,-0.158851579,-0.162607834,-0.151462719,0.003558227,0.00464454,0.005956271
44.54974985,0.965925826,0.258819045,0,0,0.523598776,0,0,0.966382027,0.257082671,0.003026132,0.002280143,0.520022127,0.004676446,0.00596301,-0.006094575,-0.002022088,0.005226583,0.157582922,-0.005523981,-0.003081328,0.166188195,0.155140236,0.148977578,0.160025537,-0.148977578,-0.160025537,-0.166188195,-0.155140236,0.003576649,0.004676446,0.00596301
44.60159993,0.965925826,0.258819045,0,0,0.523598776,0,0,0.966383457,0.257077008,0.00303736,0.002291736,0.52001056,0.00469222,0.005991164,-0.001619756,0.001693517,0.003316253,0.156220861,-0.006446479,-0.002874207,0.165541515,0.152648553,0.146900147,0.159793094,-0.146900147,-0.159793094,-0.165541515,-0.152648553,0.003588216,0.00469222,0.005991164
44.65231991,0.965925826,0.258819045,0,0,0.523598776,0,0,0.966391802,0.25704515,0.0030535,0.002333218,0.519944931,0.004702286,0.006079484,-0.006572902,-0.00422448,0.005429239,0.156005401,-0.005154545,-0.002800838,0.16396074,0.15365167,0.14804998,0.158359066,-0.14804998,-0.158359066,-0.16396074,-0.15365167,0.003653845,0.004702286,0.006079484
44.70074987,0.965925826,0.258819045,0,0,0.523598776,0,0,0.966394186,0.257035553,0.003062492,0.002360663,0.519925303,0.004705618,0.006137108,0.003365428,0.002085418,0.000821799,0.157705815,-0.005048985,-0.003122816,0.165877581,0.155779615,0.149533987,0.159631953,-0.149533987,-0.159631953,-0.165877581,-0.155779615,0.003673473,0.004705618,0.006137108
44.74983001,0.965925826,0.258819045,0,0,0.523598776,0,0,0.966391325,0.257046282,0.003070442,0.002345131,0.519947521,0.0047289,0.006111228,-0.002042949,-0.000818074,0.00160262,0.156715696,-0.00569209,-0.002559255,0.164967,0.153582826,0.148464322,0.159848496,-0.148464322,-0.159848496,-0.164967,-0.153582826,0.003651255,0.0047289,0.006111228
44.7998898,0.965925826,0.258819045,0,0,0.523598776,0,0,0.966390908,0.257048726,0.003050619,0.002297128,0.519952175,0.004715251,0.006008266,0.000926107,-0.000500679,-0.003491342,0.156065823,-0.005344896,-0.001638105,0.163048789,0.152358994,0.149082795,0.159772575,-0.149082795,-0.159772575,-0.163048789,-0.152358994,0.003646601,0.004715251,0.006008266
44.84978986,0.965925826,0.258819045,0,0,0.523598776,0,0,0.966385663,0.257069319,0.003025115,0.002251487,0.519994359,0.004689295,0.005907036,-0.001521409,-0.002557039,0.000417978,0.156589197,-0.004990964,-0.002213669,0.163793787,0.153811872,0.149384528,0.159366459,-0.149384528,-0.159366459,-0.163793787,-0.153811872,0.003604417,0.004689295,0.005907036
44.90079999,0.965925826,0.258819045,0,0,0.523598776,0,0,0.966380477,0.257088065,0.003062184,0.002275655,0.520033588,0.004748399,0.005972902,0.0041686,-0.000284612,0.000142306,0.155331555,-0.005596197,-0.002249558,0.163177267,0.151984885,0.147485763,0.158678159,-0.147485763,-0.158678159,-0.163177267,-0.151984885,0.003565188,0.004748399,0.005972902
44.95106983,0.965925826,0.258819045,0,0,0.523598776,0,0,0.966375947,0.257105917,0.003042167,0.002200076,0.520070049,0.004748466,0.005816618,0.005429239,-0.002132357,0.000555068,0.155335458,-0.004862727,-0.001838581,0.162036732,0.15231128,0.148634121,0.158359572,-0.148634121,-0.158359572,-0.162036732,-0.15231128,0.003528727,0.004748466,0.005816618
45.00085998,0.965925826,0.258819045,0,0,0.523598776,0,0,0.96637094,0.257124603,0.003051967,0.002207441,0.52010883,0.004763508,0.005835985,-0.001439452,0.002449006,0.005417318,0.15504442,-0.005008061,-0.002196163,0.162248611,0.152232498,0.147840157,0.157856286,-0.147840157,-0.157856286,-0.162248611,-0.152232498,0.003489946,0.004763508,0.005835985
45.05220985,0.965925826,0.258819045,0,0,0.523598776,0,0,0.966375768,0.257106781,0.003023855,0.002205793,0.520071704,0.004710129,0.005818253,0.001380593,0.001009554,0.001249462,0.156542205,-0.006620916,-0.003136448,0.166299537,0.153057709,0.146784812,0.16002664,-0.146784812,-0.16002664,-0.166299537,-0.153057709,0.003527072,0.004710129,0.005818253
45.10184002,0.965925826,0.258819045,0,0,0.523598776,0,0,0.966376424,0.257104635,0.00303641,0.002173108,0.520067204,0.004751214,0.005761526,-0.002874434,0.000328571,0.00057444,0.156869124,-0.005697118,-0.002211871,0.164778084,0.153383851,0.148960099,0.160354331,-0.148960099,-0.160354331,-0.164778084,-0.153383851,0.003531572,0.004751214,0.005761526
45.15081,0.965925826,0.258819045,0,0,0.523598776,0,0,0.966379702,0.25709188,0.003034125,0.002203608,0.520040944,0.004731192,0.005819241,0.002928823,0.005350262,0.001498312,0.155604474,-0.007087081,-0.002529577,0.165221095,0.151046932,0.145987779,0.160161942,-0.145987779,-0.160161942,-0.165221095,-0.151046932,0.003557832,0.004731192,0.005819241
45.1998198,0.965925826,0.258819045,0,0,0.523598776,0,0,0.966384649,0.257073402,0.003044209,0.002204189,0.520002758,0.004750493,0.005825457,-0.002531708,0.002441555,0.00365302,0.156810313,-0.00650132,-0.002827094,0.166138694,0.15313606,0.147481874,0.160484508,-0.147481874,-0.160484508,-0.166138694,-0.15313606,0.003596018,0.004750493,0.005825457
45.25080991,0.965925826,0.258819045,0,0,0.523598776,0,0,0.966404319,0.256998718,0.003052084,0.002266198,0.51984854,0.004734292,0.005948991,0.0027664,-0.002619624,0.001163036,0.157031778,-0.006324914,-0.003247152,0.166603804,0.153953984,0.147459686,0.160109505,-0.147459686,-0.160109505,-0.166603804,-0.153953984,0.003750236,0.004734292,0.005948991
45.30091,0.965925826,0.258819045,0,0,0.523598776,0,0,0.966401398,0.257010043,0.003040206,0.002245005,0.519871784,0.004722158,0.005901977,-6.11E-05,0.000747293,0.00044778,0.155685673,-0.005027448,-0.002361521,0.163074613,0.153019711,0.148296669,0.158351555,-0.148296669,-0.158351555,-0.163074613,-0.153019711,0.003726992,0.004722158,0.005901977
45.34984994,0.965925826,0.258819045,0,0,0.523598776,0,0,0.966407537,0.256986618,0.003043298,0.002236803,0.519823348,0.004732493,0.0058876,0.002679974,0.003720075,5.14E-05,0.156302611,-0.005867348,-0.002286614,0.164456531,0.152721852,0.148148626,0.159883305,-0.148148626,-0.159883305,-0.164456531,-0.152721852,0.003775428,0.004732493,0.0058876
45.40063,0.965925826,0.258819045,0,0,0.523598776,0,0,0.966402948,0.257004887,0.003025905,0.002213345,0.519860827,0.004710823,0.005833407,-0.004376471,0.001948327,0.002015382,0.157252395,-0.006271094,-0.002543259,0.166066706,0.153524533,0.148438007,0.160980195,-0.148438007,-0.160980195,-0.166066706,-0.153524533,0.003737949,0.004710823,0.005833407
45.45077991,0.965925826,0.258819045,0,0,0.523598776,0,0,0.966400564,0.257013679,0.003023028,0.002214159,0.519879028,0.00470479,0.005833544,-0.001013279,-0.003539026,0.00211075,0.156506449,-0.004787068,-0.002441784,0.163735271,0.15416114,0.149277568,0.158851698,-0.149277568,-0.158851698,-0.163735271,-0.15416114,0.003719748,0.00470479,0.005833544
45.50091982,0.965925826,0.258819045,0,0,0.523598776,0,0,0.966397703,0.257024765,0.003016755,0.002170735,0.519901751,0.004714923,0.005746444,-0.003252923,0.003580005,-0.00038445,0.156997334,-0.006479646,-0.002119605,0.165596545,0.152637258,0.148398057,0.161357343,-0.148398057,-0.161357343,-0.165596545,-0.152637258,0.003697025,0.004714923,0.005746444
45.54999995,0.965925826,0.258819045,0,0,0.523598776,0,0,0.966403067,0.25700441,0.003027615,0.00215445,0.519859674,0.004744404,0.005720451,0.004795939,0.001535565,0.002255291,0.155580355,-0.005882759,-0.002069656,0.163532734,0.151767224,0.147627905,0.159393415,-0.147627905,-0.159393415,-0.163532734,-0.151767224,0.003739102,0.004744404,0.005720451
45.60097003,0.965925826,0.258819045,0,0,0.523598776,0,0,0.966394365,0.257036924,0.003048769,0.002143117,0.519927099,0.004790925,0.005709582,0.002866238,-5.22E-05,-9.69E-05,0.155239755,-0.006035694,-0.002520952,0.163796365,0.151724979,0.146683082,0.158754453,-0.146683082,-0.158754453,-0.163796365,-0.151724979,0.003671677,0.004790925,0.005709582
45.64989996,0.965925826,0.258819045,0,0,0.523598776,0,0,0.966403961,0.257001668,0.003023081,0.002120272,0.519853777,0.004753225,0.005652045,0.000532717,-3.58E-05,0.000566989,0.155645952,-0.005481702,-0.002059558,0.163187176,0.152223781,0.148104668,0.159068063,-0.148104668,-0.159068063,-0.163187176,-0.152223781,0.003744999,0.004753225,0.005652045
45.70085001,0.965925826,0.258819045,0,0,0.523598776,0,0,0.966400504,0.25701496,0.003013687,0.002113314,0.519881161,0.004738568,0.005633833,0.001416355,0.002855807,0.00237897,0.155976852,-0.00635959,-0.002521287,0.164857686,0.152138516,0.147095948,0.159815118,-0.147095948,-0.159815118,-0.164857686,-0.152138516,0.003717615,0.004738568,0.005633833
45.75014997,0.965925826,0.258819045,0,0,0.523598776,0,0,0.966406107,0.256993651,0.003002259,0.002118027,0.519837033,0.004714182,0.005636963,-0.001646578,0.000169128,0.000762194,0.156659684,-0.005556536,-0.002183477,0.164399654,0.153286591,0.148919642,0.160032704,-0.148919642,-0.160032704,-0.164399654,-0.153286591,0.003761743,0.004714182,0.005636963
45.80104995,0.965925826,0.258819045,0,0,0.523598776,0,0,0.966414511,0.256962329,0.002992443,0.002140858,0.519772178,0.004683657,0.005675894,0.003135949,0.001273304,0.001797825,0.155627145,-0.005898436,-0.002422411,0.163947955,0.152151093,0.147306263,0.159103125,-0.147306263,-0.159103125,-0.163947955,-0.152151093,0.003826598,0.004683657,0.005675894
45.85026002,0.965925826,0.258819045,0,0,0.523598776,0,0,0.966420174,0.256940871,0.002989979,0.002139149,0.519727772,0.004679898,0.00567122,-0.002685189,0.004742295,0.002283603,0.157054599,-0.005645172,-0.002338738,0.165038466,0.15374814,0.14907065,0.160360992,-0.14907065,-0.160360992,-0.165038466,-0.15374814,0.003871004,0.004679898,0.00567122
45.90134001,0.965925826,0.258819045,0,0,0.523598776,0,0,0.966444731,0.256848305,0.002985494,0.002152493,0.519536246,0.004664917,0.005694262,-0.003829598,0.001940876,0.002031774,0.156982911,-0.00508235,-0.002142918,0.164208144,0.154043451,0.149757609,0.159922302,-0.149757609,-0.159922302,-0.164208144,-0.154043451,0.00406253,0.004664917,0.005694262
45.9498899,0.965925826,0.258819045,0,0,0.523598776,0,0,0.966452301,0.256819904,0.00298706,0.002171051,0.519477526,0.004658579,0.005730801,0.002143532,-0.002348423,0.004560501,0.157217076,-0.006151654,-0.002481953,0.165850639,0.153547347,0.148583442,0.160886735,-0.148583442,-0.160886735,-0.165850639,-0.153547347,0.00412125,0.004658579,0.005730801
46.00088,0.965925826,0.258819045,0,0,0.523598776,0,0,0.966469288,0.256756186,0.00297914,0.00217375,0.519345595,0.004642263,0.005731643,-0.001738966,0.000935048,-0.000117719,0.156808368,-0.005747075,-0.002116471,0.164671883,0.153177738,0.148944795,0.16043894,-0.148944795,-0.16043894,-0.164671883,-0.153177738,0.004253181,0.004642263,0.005731643
46.05072999,0.965925826,0.258819045,0,0,0.523598776,0,0,0.966490149,0.256677032,0.002983445,0.002211993,0.519182022,0.004631422,0.005807397,0.006411226,0.00045076,0.001125783,0.1550613,-0.005683596,-0.002376501,0.164671883,0.153177738,0.148944795,0.16043894,-0.148944795,-0.16043894,-0.164671883,-0.153177738,0.004416754,0.004631422,0.005807397
46.09997988,0.965925826,0.258819045,0,0,0.523598776,0,0,0.966490805,0.256674677,0.002983613,0.002203155,0.519177109,0.004636297,0.005790388,0.002072006,0.005806237,-1.49E-06,0.156018159,-0.007065689,-0.002285715,0.165369526,0.151238158,0.146666721,0.160798088,-0.146666721,-0.160798088,-0.165369526,-0.151238158,0.004421667,0.004636297,0.005790388
46.15530992,0.965925826,0.258819045,0,0,0.523598776,0,0,0.966510952,0.256599337,0.002958817,0.002177928,0.519020891,0.004601764,0.005728535,-0.001451373,-0.002397597,0.003383309,0.157772962,-0.004981858,-0.002189634,0.16494441,0.154980704,0.150601432,0.160565153,-0.150601432,-0.160565153,-0.16494441,-0.154980704,0.004577885,0.004601764,0.005728535
46.20177984,0.965925826,0.258819045,0,0,0.523598776,0,0,0.96651727,0.256575078,0.002968278,0.002228252,0.518970968,0.004594371,0.005830553,0.000626594,-0.001768768,0.003280491,0.156826101,-0.005068252,-0.00265397,0.16494441,0.154980704,0.150601432,0.160565153,-0.150601432,-0.160565153,-0.16494441,-0.154980704,0.004627808,0.004594371,0.005830553
46.25028992,0.965925826,0.258819045,0,0,0.523598776,0,0,0.966557562,0.256423324,0.002947999,0.002222097,0.518656788,0.004559242,0.005807533,-0.00179261,-0.000594556,0.003590435,0.156383379,-0.005280335,-0.002710933,0.164374605,0.153813943,0.148392081,0.158952743,-0.148392081,-0.158952743,-0.164374605,-0.153813943,0.004941988,0.004559242,0.005807533
46.30075002,0.965925826,0.258819045,0,0,0.523598776,0,0,0.96656847,0.256381929,0.002970444,0.002236272,0.518571366,0.004595611,0.00584625,-0.003235043,0.000143796,7.67E-05,0.15733689,-0.005625173,-0.002203622,0.165165648,0.153915301,0.149508059,0.160758406,-0.149508059,-0.160758406,-0.165165648,-0.153915301,0.00502741,0.004595611,0.00584625
46.35049987,0.965925826,0.258819045,0,0,0.523598776,0,0,0.966582537,0.256328642,0.002976001,0.002274747,0.518461292,0.004586951,0.005923227,-0.007244946,0.00417009,0.00160411,0.158246124,-0.006876266,-0.002596549,0.165165648,0.153915301,0.149508059,0.160758406,-0.149508059,-0.160758406,-0.165165648,-0.153915301,0.005137484,0.004586951,0.005923227
46.39846992,0.965925826,0.258819045,0,0,0.523598776,0,0,0.966603935,0.256248295,0.002965784,0.002244608,0.518294838,0.004583139,0.005859342,-0.000959635,-0.00037998,0.00199154,0.15690845,-0.005595564,-0.002536583,0.165040553,0.153849438,0.148776278,0.159967393,-0.148776278,-0.159967393,-0.165040553,-0.153849438,0.005303938,0.004583139,0.005859342
46.44837999,0.965925826,0.258819045,0,0,0.523598776,0,0,0.966625512,0.256166726,0.002959546,0.002261364,0.518126095,0.004562988,0.005888154,-0.00639409,-0.000466406,0.002024323,0.158143855,-0.00563453,-0.002551786,0.166330129,0.155061081,0.149957508,0.161226556,-0.149957508,-0.161226556,-0.166330129,-0.155061081,0.005472681,0.004562988,0.005888154
46.49814987,0.965925826,0.258819045,0,0,0.523598776,0,0,0.966648579,0.256079465,0.002954107,0.002277229,0.517945586,0.004544879,0.005915628,-0.000481308,0.000362843,-0.001944602,0.15634751,-0.004667831,-0.002191328,0.163206637,0.15387097,0.149488315,0.158823982,-0.149488315,-0.158823982,-0.163206637,-0.15387097,0.00565319,0.004544879,0.005915628
46.54881001,0.965925826,0.258819045,0,0,0.523598776,0,0,0.966659486,0.256038547,0.002935784,0.002263474,0.517860725,0.004516749,0.005879458,0.001109392,0.001683086,0.002064556,0.156896293,-0.005561836,-0.001913243,0.164371327,0.153247669,0.149421185,0.160544842,-0.149421185,-0.160544842,-0.164371327,-0.153247669,0.005738051,0.004516749,0.005879458
46.5985899,0.965925826,0.258819045,0,0,0.523598776,0,0,0.966669023,0.256002486,0.002958019,0.002239784,0.517786207,0.004572087,0.005844873,0.002674014,-0.002256036,-0.000619888,0.156243571,-0.004880601,-0.002044119,0.163168252,0.153407052,0.149318814,0.159080014,-0.149318814,-0.159080014,-0.163168252,-0.153407052,0.005812569,0.004572087,0.005844873
46.64875984,0.965925826,0.258819045,0,0,0.523598776,0,0,0.966673791,0.255985111,0.002940835,0.002218437,0.517749995,0.004549898,0.005794721,-0.001877546,0.003675372,0.000653416,0.157254249,-0.006538566,-0.002368853,0.166161627,0.153084502,0.148346797,0.161423922,-0.148346797,-0.161423922,-0.166161627,-0.153084502,0.005848781,0.004549898,0.005794721
46.69931984,0.965925826,0.258819045,0,0,0.523598776,0,0,0.966677189,0.255972326,0.002922014,0.002193642,0.517723338,0.00452628,0.005737088,0.001689047,0.000532716,-0.003184378,0.156478898,-0.005378587,-0.001613283,0.16347073,0.152713567,0.149487004,0.160244167,-0.149487004,-0.160244167,-0.16347073,-0.152713567,0.005875438,0.00452628,0.005737088
46.75090981,0.965925826,0.258819045,0,0,0.523598776,0,0,0.966688097,0.255931646,0.00291932,0.002162665,0.517638996,0.004537171,0.005675626,-0.00026077,-0.001746416,-0.000217557,0.156926171,-0.004936716,-0.002036516,0.163899362,0.154025942,0.149952903,0.159826338,-0.149952903,-0.159826338,-0.163899362,-0.154025942,0.00595978,0.004537171,0.005675626
46.80156994,0.965925826,0.258819045,0,0,0.523598776,0,0,0.966695189,0.255904794,0.002934091,0.002161563,0.517583545,0.004566449,0.00568093,0.001292676,-0.003951788,0.00211224,0.156297345,-0.005233668,-0.002172025,0.163702995,0.153235674,0.148891628,0.159358948,-0.148891628,-0.159358948,-0.163702995,-0.153235674,0.006015231,0.004566449,0.00568093
46.85185981,0.965925826,0.258819045,0,0,0.523598776,0,0,0.966696978,0.255898595,0.002905419,0.002139426,0.517570389,0.004522382,0.005623425,-0.005616248,0.001280755,-4.32E-05,0.156597392,-0.00449779,-0.002388814,0.163483962,0.154488385,0.14971076,0.158706337,-0.14971076,-0.158706337,-0.163483962,-0.154488385,0.006028387,0.004522382,0.005623425
46.90031981,0.965925826,0.258819045,0,0,0.523598776,0,0,0.966704428,0.255870014,0.002936129,0.002153596,0.517511563,0.004574671,0.005666405,0.00108406,0.001206249,0.002122671,0.158120145,-0.00575391,-0.002102192,0.165976211,0.154468402,0.15026401,0.161771819,-0.15026401,-0.161771819,-0.165976211,-0.154468402,0.006087213,0.004574671,0.005666405
46.94956994,0.965925826,0.258819045,0,0,0.523598776,0,0,0.966714501,0.255832314,0.002900304,0.002153247,0.51743328,0.004505806,0.005647219,0.001452118,-0.003276766,0.000116974,0.15660292,-0.004505098,-0.002054199,0.165976211,0.154468402,0.15026401,0.161771819,-0.15026401,-0.161771819,-0.165976211,-0.154468402,0.006165496,0.004505806,0.005647219
46.99985981,0.965925826,0.258819045,0,0,0.523598776,0,0,0.966720343,0.255810022,0.002917691,0.002152758,0.517387304,0.004539803,0.005655068,0.000116974,0.002338737,0.003352016,0.156909448,-0.006239277,-0.002735216,0.165883899,0.153405353,0.147934929,0.160413474,-0.147934929,-0.160413474,-0.165883899,-0.153405353,0.006211472,0.004539803,0.005655068
47.04972982,0.965925826,0.258819045,0,0,0.523598776,0,0,0.966725171,0.255791813,0.00291901,0.002145648,0.517349615,0.004546098,0.00564191,9.31E-05,0.001706928,0.002954155,0.156924332,-0.006037823,-0.002643736,0.165605858,0.15353021,0.148242742,0.160318375,-0.148242742,-0.160318375,-0.165605858,-0.15353021,0.006249161,0.004546098,0.00564191
47.09912992,0.965925826,0.258819045,0,0,0.523598776,0,0,0.96672976,0.255774856,0.002895504,0.002137486,0.517314301,0.004504924,0.005614022,-0.000660121,-0.000502169,0.001133233,0.157035334,-0.005057463,-0.00214512,0.164237887,0.154122964,0.149832726,0.159947634,-0.149832726,-0.159947634,-0.164237887,-0.154122964,0.006284475,0.004504924,0.005614022
47.15070987,0.965925826,0.258819045,0,0,0.523598776,0,0,0.966733336,0.255761117,0.002889871,0.002101453,0.517285765,0.004512545,0.005541409,0.001787394,-0.000545383,0.000385195,0.157098381,-0.005304459,-0.002271665,0.164237887,0.154122964,0.149832726,0.159947634,-0.149832726,-0.159947634,-0.164237887,-0.154122964,0.006313011,0.004512545,0.005541409
47.19991994,0.965925826,0.258819045,0,0,0.523598776,0,0,0.966727436,0.255783856,0.002895921,0.002120494,0.517332845,0.004514372,0.005581424,-0.001485646,-0.000828505,0.000866503,0.156569351,-0.005176572,-0.00210396,0.163849846,0.153496712,0.149288788,0.159641922,-0.149288788,-0.159641922,-0.163849846,-0.153496712,0.006265931,0.004514372,0.005581424
47.24905992,0.965925826,0.258819045,0,0,0.523598776,0,0,0.966726065,0.255788296,0.002911783,0.002119472,0.517342233,0.004545537,0.005587584,-0.000664592,-0.001642108,-0.001978874,0.157092785,-0.004793673,-0.001684839,0.163571253,0.153983921,0.150614247,0.160201579,-0.150614247,-0.160201579,-0.163571253,-0.153983921,0.006256543,0.004545537,0.005587584
47.30085993,0.965925826,0.258819045,0,0,0.523598776,0,0,0.96672523,0.255791873,0.002911442,0.002122599,0.517349582,0.004543257,0.005593472,0.005819649,-6.71E-05,0.002605468,0.15566734,-0.005461713,-0.002526399,0.163655415,0.152732,0.147679195,0.15860261,-0.147679195,-0.15860261,-0.163655415,-0.152732,0.006249194,0.004543257,0.005593472
47.35106993,0.965925826,0.258819045,0,0,0.523598776,0,0,0.966727972,0.255780995,0.00291288,0.002153951,0.517327249,0.004530061,0.005654777,0.003158301,0.002821535,0.001759082,0.156258796,-0.006239832,-0.002477105,0.164975703,0.15249604,0.147541821,0.160021484,-0.147541821,-0.160021484,-0.164975703,-0.15249604,0.006271527,0.004530061,0.005654777
47.39987993,0.965925826,0.258819045,0,0,0.523598776,0,0,0.966728568,0.25577876,0.002906629,0.002162969,0.517322607,0.004513374,0.005669003,0.002729147,0.000610203,0.001928955,0.157363653,-0.004699002,-0.002350169,0.164975703,0.15249604,0.147541821,0.160021484,-0.147541821,-0.160021484,-0.164975703,-0.15249604,0.006276169,0.004513374,0.005669003
47.44990993,0.965925826,0.258819045,0,0,0.523598776,0,0,0.966742456,0.255726308,0.002914405,0.002161016,0.517214134,0.004529717,0.005668961,0.001014024,0.001675636,0.004705042,0.157764214,-0.006557508,-0.002153901,0.164412782,0.155014783,0.15031445,0.159712449,-0.15031445,-0.159712449,-0.164412782,-0.155014783,0.006384642,0.004529717,0.005668961
47.50043988,0.965925826,0.258819045,0,0,0.523598776,0,0,0.966754436,0.255680472,0.002946533,0.002186162,0.517119671,0.004579245,0.005733797,-0.002233684,0.003165752,0.00160113,0.156756661,-0.006148707,-0.002965685,0.166475579,0.153360575,0.149052769,0.162167788,-0.149052769,-0.162167788,-0.166475579,-0.153360575,0.006479105,0.004579245,0.005733797
47.55072999,0.965925826,0.258819045,0,0,0.523598776,0,0,0.966770172,0.255621076,0.002939234,0.00218204,0.516996719,0.004567592,0.005721814,-0.00012666,0.003185123,-0.000910461,0.157066359,-0.006246255,-0.002048079,0.165871009,0.153573602,0.14764224,0.159939647,-0.14764224,-0.159939647,-0.165871009,-0.153573602,0.006602057,0.004567592,0.005721814
47.59986997,0.965925826,0.258819045,0,0,0.523598776,0,0,0.966769814,0.255622,0.002950771,0.002203851,0.51699883,0.004578742,0.00576989,0.004211812,-0.00411272,0.000173599,0.15610947,-0.004368561,-0.00210167,0.162579671,0.153842553,0.149639204,0.158376321,-0.149639204,-0.158376321,-0.162579671,-0.153842553,0.006599946,0.004578742,0.00576989
47.64985991,0.965925826,0.258819045,0,0,0.523598776,0,0,0.966775596,0.255600363,0.002955001,0.002169772,0.516953966,0.004604473,0.005706055,-0.002877414,-0.004643202,-0.00051707,0.15767604,-0.00420879,-0.00191896,0.162579671,0.153842553,0.149639204,0.158376321,-0.149639204,-0.158376321,-0.162579671,-0.153842553,0.00664481,0.004604473,0.005706055
47.69976997,0.965925826,0.258819045,0,0,0.523598776,0,0,0.96677357,0.255609125,0.002936509,0.002092376,0.516971588,0.004608233,0.00554699,-0.001938641,0.000558049,0.001186877,0.157468407,-0.005584355,-0.002245302,0.16529803,0.154129326,0.149638712,0.160807416,-0.149638712,-0.160807416,-0.16529803,-0.154129326,0.006627188,0.004608233,0.00554699
47.74935985,0.965925826,0.258819045,0,0,0.523598776,0,0,0.966770589,0.255621016,0.002917528,0.002024113,0.516995772,0.004606365,0.005405351,0.001447648,-0.00422746,-0.00333041,0.157344251,-0.004089431,-0.001623739,0.163057387,0.154878527,0.151631042,0.159809902,-0.151631042,-0.159809902,-0.163057387,-0.154878527,0.006603004,0.004606365,0.005405351
47.80016994,0.965925826,0.258819045,0,0,0.523598776,0,0,0.966778159,0.255592972,0.002886562,0.001985988,0.516937364,0.004566137,0.00531567,-0.004312397,-0.004065037,6.78E-05,0.156718968,-0.00388935,-0.001284669,0.161892951,0.154114261,0.151544914,0.159323618,-0.151544914,-0.159323618,-0.161892951,-0.154114261,0.006661412,0.004566137,0.00531567
47.84819984,0.965925826,0.258819045,0,0,0.523598776,0,0,0.966782749,0.255576015,0.002863114,0.001962989,0.516902012,0.004532649,0.005259133,-0.00115633,0.001942366,0.000328571,0.157316586,-0.005664788,-0.001989292,0.164970621,0.15364106,0.14966248,0.160992041,-0.14966248,-0.160992041,-0.164970621,-0.15364106,0.006696764,0.004532649,0.005259133
47.89838982,0.965925826,0.258819045,0,0,0.523598776,0,0,0.966784835,0.255567819,0.002870986,0.001981103,0.516885203,0.004538654,0.005298142,0.002219528,-0.001649559,-0.000560284,0.156578948,-0.004653544,-0.001779244,0.1630117,0.153704613,0.150146127,0.159453213,-0.150146127,-0.159453213,-0.1630117,-0.153704613,0.006713573,0.004538654,0.005298142
47.94957995,0.965925826,0.258819045,0,0,0.523598776,0,0,0.966797411,0.255520999,0.002837251,0.001963118,0.51678798,0.004482874,0.005245905,-0.005342067,0.000748783,-0.002525747,0.158264533,-0.005166144,-0.001467145,0.164897785,0.154565498,0.151631206,0.161963493,-0.151631206,-0.161963493,-0.164897785,-0.154565498,0.006810796,0.004482874,0.005245905
48.00072002,0.965925826,0.258819045,0,0,0.523598776,0,0,0.966812968,0.255462319,0.00281597,0.001925787,0.516666321,0.004461115,0.005162576,-0.003829599,0.001514703,0.000918657,0.157963686,-0.005516551,-0.002041372,0.164897785,0.154565498,0.151631206,0.161963493,-0.151631206,-0.161963493,-0.164897785,-0.154565498,0.006932455,0.004461115,0.005162576
48.04938984,0.965925826,0.258819045,0,0,0.523598776,0,0,0.966842473,0.255349964,0.002862315,0.001961109,0.516434385,0.004533293,0.005254029,6.03E-05,0.00019446,0.00071004,0.157346648,-0.005124989,-0.001986372,0.165521577,0.154488474,0.150405735,0.161438823,-0.150405735,-0.161438823,-0.165521577,-0.154488474,0.007164391,0.004533293,0.005254029
48.10066986,0.965925826,0.258819045,0,0,0.523598776,0,0,0.966859818,0.255284429,0.002850066,0.001960522,0.516298723,0.004510262,0.005246332,-0.003741682,-0.001375377,0.002723187,0.157170125,-0.00520997,-0.002015548,0.164395601,0.153975666,0.149944574,0.160364509,-0.149944574,-0.160364509,-0.164395601,-0.153975666,0.007300053,0.004510262,0.005246332
48.15257001,0.965925826,0.258819045,0,0,0.523598776,0,0,0.966870785,0.255242556,0.002870397,0.001978143,0.516212333,0.004540808,0.005290592,-0.002895296,0.004003197,0.002609939,0.15787685,-0.00639578,-0.002444545,0.166717142,0.153925583,0.149036497,0.161828041,-0.149036497,-0.161828041,-0.166717142,-0.153925583,0.007386443,0.004540808,0.005290592
48.20135999,0.965925826,0.258819045,0,0,0.523598776,0,0,0.966889977,0.255170196,0.002869126,0.001959197,0.516062543,0.004548417,0.005252965,-0.003634393,0.000416487,0.000941008,0.158076744,-0.00531423,-0.002052328,0.166717142,0.153925583,0.149036497,0.161828041,-0.149036497,-0.161828041,-0.166717142,-0.153925583,0.007536233,0.004548417,0.005252965
48.25126982,0.965925826,0.258819045,0,0,0.523598776,0,0,0.966909707,0.25509575,0.00284455,0.001948773,0.515908326,0.004506614,0.005219917,0.001112371,-0.003316999,-0.001427531,0.15707502,-0.004093208,-0.001556575,0.165443271,0.15481481,0.150710151,0.161338612,-0.150710151,-0.161338612,-0.165443271,-0.15481481,0.00769045,0.004506614,0.005219917
48.30099988,0.965925826,0.258819045,0,0,0.523598776,0,0,0.9669258,0.255034089,0.002862928,0.001985518,0.515781098,0.004523744,0.005300066,-0.000852346,0.00546202,0.003596395,0.157541047,-0.006834703,-0.00266037,0.167036086,0.153366685,0.148045942,0.161715344,-0.148045942,-0.161715344,-0.167036086,-0.153366685,0.007817678,0.004523744,0.005300066
48.35150981,0.965925826,0.258819045,0,0,0.523598776,0,0,0.966955781,0.254920602,0.002855643,0.001988674,0.5155463,0.004508667,0.005301922,0.003340096,0.00146553,0.001267344,0.157619079,-0.005080876,-0.001783367,0.167036086,0.153366685,0.148045942,0.161715344,-0.148045942,-0.161715344,-0.167036086,-0.153366685,0.008052476,0.004508667,0.005301922
48.40186,0.965925826,0.258819045,0,0,0.523598776,0,0,0.966966987,0.254878163,0.002849169,0.001958216,0.515458381,0.004511906,0.005239519,-0.004757941,-0.003516674,0.00083372,0.156681696,-0.005585195,-0.002178069,0.164483279,0.154321536,0.150754809,0.160916552,-0.150754809,-0.160916552,-0.164483279,-0.154321536,0.008140395,0.004511906,0.005239519
48.44834995,0.965925826,0.258819045,0,0,0.523598776,0,0,0.966975451,0.254846513,0.002846043,0.001950078,0.515392813,0.004510181,0.00522204,0.001548976,-0.001861155,0.001425296,0.158477503,-0.004248201,-0.001945118,0.16467078,0.156174392,0.152284145,0.160780549,-0.152284145,-0.160780549,-0.16467078,-0.156174392,0.008205963,0.004510181,0.00522204
48.49893999,0.965925826,0.258819045,0,0,0.523598776,0,0,0.966979146,0.254832268,0.002863188,0.001940313,0.515363455,0.004548392,0.005211826,0.002878159,0.003663451,0.004743785,0.156830296,-0.006348018,-0.002771166,0.165949449,0.153253421,0.147711083,0.160407111,-0.147711083,-0.160407111,-0.165949449,-0.153253421,0.008235321,0.004548392,0.005211826
48.54808998,0.965925826,0.258819045,0,0,0.523598776,0,0,0.966990411,0.254789501,0.002866481,0.001939411,0.515275022,0.004555452,0.00521156,5.14E-05,0.000167638,-0.004939735,0.157475096,-0.004812619,-0.001012204,0.165949449,0.153253421,0.147711083,0.160407111,-0.147711083,-0.160407111,-0.165949449,-0.153253421,0.008323754,0.004555452,0.00521156
48.59924984,0.965925826,0.258819045,0,0,0.523598776,0,0,0.967003286,0.254740566,0.002865904,0.001934025,0.5151738,0.004557344,0.005200619,-0.001254678,0.001036376,0.003739447,0.157784799,-0.005605734,-0.002525072,0.165915564,0.154704109,0.149653956,0.160865426,-0.149653956,-0.160865426,-0.165915564,-0.154704109,0.008424976,0.004557344,0.005200619
48.64907002,0.965925826,0.258819045,0,0,0.523598776,0,0,0.96701616,0.254691958,0.002850266,0.00192393,0.515073105,0.004532502,0.005172897,-0.000700355,0.002706796,0.00211373,0.15721971,-0.005734853,-0.00195156,0.164906085,0.153436393,0.149533272,0.161002964,-0.149533272,-0.161002964,-0.164906085,-0.153436393,0.008525671,0.004532502,0.005172897
48.69835997,0.965925826,0.258819045,0,0,0.523598776,0,0,0.967028081,0.254647106,0.002835341,0.001907923,0.514980145,0.004512029,0.005134128,0.005223601,-0.003242493,0.000632554,0.157690939,-0.00591459,-0.002272631,0.164906085,0.153436393,0.149533272,0.161002964,-0.149533272,-0.161002964,-0.164906085,-0.153436393,0.008618631,0.004512029,0.005134128
48.75005984,0.965925826,0.258819045,0,0,0.523598776,0,0,0.967040896,0.254598171,0.002830967,0.001916149,0.514878972,0.00449964,0.005147582,-0.000841916,0.003620238,0.002057105,0.156413682,-0.004151733,-0.00187462,0.162440002,0.154136539,0.150387302,0.158690751,-0.150387302,-0.158690751,-0.162440002,-0.154136539,0.008719804,0.00449964,0.005147582
48.79934001,0.965925826,0.258819045,0,0,0.523598776,0,0,0.967044294,0.254585654,0.00283427,0.001914852,0.514853049,0.004506756,0.005146697,-0.004389883,-0.000855327,-0.001694262,0.158556518,-0.004719083,-0.001520752,0.164796323,0.155358151,0.152316645,0.161754817,-0.152316645,-0.161754817,-0.164796323,-0.155358151,0.008745727,0.004506756,0.005146697
48.84998989,0.965925826,0.258819045,0,0,0.523598776,0,0,0.967050552,0.25456199,0.002824332,0.001888715,0.514803955,0.004500968,0.005090973,-0.000931323,-0.005857647,0.001444668,0.157807133,-0.003521604,-0.001926956,0.163255662,0.156212449,0.152358547,0.159401745,-0.152358547,-0.159401745,-0.163255662,-0.156212449,0.008794821,0.004500968,0.005090973
48.89998984,0.965925826,0.258819045,0,0,0.523598776,0,0,0.967056334,0.254539698,0.002835787,0.001851377,0.51475785,0.004542249,0.005024486,0.002569705,-0.002512336,-0.000558794,0.157054398,-0.004223539,-0.00161542,0.162893325,0.154446244,0.151215404,0.159662485,-0.151215404,-0.159662485,-0.162893325,-0.154446244,0.008840926,0.004542249,0.005024486
48.95098996,0.965925826,0.258819045,0,0,0.523598776,0,0,0.967056632,0.254539609,0.00279828,0.001760654,0.51475702,0.004515895,0.004829919,-0.001448393,-0.003646314,0.00147894,0.157846522,-0.004967444,-0.001722349,0.162893325,0.154446244,0.151215404,0.159662485,-0.151215404,-0.159662485,-0.162893325,-0.154446244,0.008841756,0.004515895,0.004829919
49.00196004,0.965925826,0.258819045,0,0,0.523598776,0,0,0.967054367,0.254548669,0.002774225,0.001754602,0.514775537,0.004472405,0.004806009,-0.004382432,0.000814348,0.001328439,0.157934529,-0.003938,-0.001836905,0.163709402,0.155833408,0.152159587,0.16003558,-0.152159587,-0.16003558,-0.163709402,-0.155833408,0.008823239,0.004472405,0.004806009
49.04992986,0.965925826,0.258819045,0,0,0.523598776,0,0,0.967053711,0.254551649,0.002761071,0.00170263,0.514781398,0.004473409,0.004698805,0.003578514,-0.005419552,-0.00294596,0.158575277,-0.005106408,-0.001903602,0.16558525,0.155372441,0.151565239,0.161778048,-0.151565239,-0.161778048,-0.16558525,-0.155372441,0.008817378,0.004473409,0.004698805
49.10086989,0.965925826,0.258819045,0,0,0.523598776,0,0,0.96705693,0.254540086,0.0027511,0.001652124,0.514757179,0.004479891,0.004595989,0.005013496,-0.00320822,0.002213567,0.15651819,-0.003877459,-0.001862924,0.162258536,0.154503629,0.150777772,0.158532694,-0.150777772,-0.158532694,-0.162258536,-0.154503629,0.008841597,0.004479891,0.004595989
49.14980984,0.965925826,0.258819045,0,0,0.523598776,0,0,0.967049301,0.254568875,0.002756129,0.001644438,0.514816749,0.004493395,0.004583817,-0.004765392,0.001541525,0.0005804,0.158649521,-0.005102799,-0.001665133,0.165417418,0.155211821,0.151881561,0.162087142,-0.151881561,-0.162087142,-0.165417418,-0.155211821,0.008782027,0.004493395,0.004583817
49.19939995,0.965925826,0.258819045,0,0,0.523598776,0,0,0.967045188,0.254584938,0.002752146,0.001651425,0.514849911,0.004482057,0.004595375,0.004795939,-0.005039573,0.001107901,0.156541302,-0.003318178,-0.001629346,0.161488786,0.154852435,0.151593745,0.158230096,-0.151593745,-0.158230096,-0.161488786,-0.154852435,0.008748865,0.004482057,0.004595375
49.24921989,0.965925826,0.258819045,0,0,0.523598776,0,0,0.967033863,0.254627764,0.002760553,0.001661138,0.514938585,0.004493167,0.004618644,0.003557653,0.000432879,-0.000682473,0.156793176,-0.004697943,-0.001450262,0.162941337,0.153545469,0.150644943,0.160040826,-0.150644943,-0.160040826,-0.162941337,-0.153545469,0.008660191,0.004493167,0.004618644
49.29896998,0.965925826,0.258819045,0,0,0.523598776,0,0,0.967013538,0.254704773,0.002778862,0.001629412,0.51509788,0.004544372,0.004566969,0.006534906,-0.000405312,0.001447648,0.156006584,-0.004632382,-0.002061808,0.162700742,0.153435975,0.149312362,0.158577114,-0.149312362,-0.158577114,-0.162700742,-0.153435975,0.008500896,0.004544372,0.004566969
49.34970999,0.965925826,0.258819045,0,0,0.523598776,0,0,0.966995418,0.254774034,0.002747614,0.001597319,0.515240787,0.004499965,0.004489303,0.003159791,-0.004988908,-0.001633167,0.156097734,-0.00457037,-0.001764494,0.162432566,0.153291821,0.149762839,0.158903569,-0.149762839,-0.158903569,-0.162432566,-0.153291821,0.008357989,0.004499965,0.004489303
49.40021992,0.965925826,0.258819045,0,0,0.523598776,0,0,0.966985464,0.254812121,0.002748065,0.001556598,0.515319392,0.004521413,0.004410954,0.002812594,0.002812594,0.003359467,0.1568577,-0.005462639,-0.002082444,0.164402738,0.153477475,0.149312586,0.160237864,-0.149312586,-0.160237864,-0.164402738,-0.153477475,0.008279384,0.004521413,0.004410954
49.45114994,0.965925826,0.258819045,0,0,0.523598776,0,0,0.966963828,0.254894346,0.002725171,0.001536676,0.515489252,0.004486918,0.00436114,0.004758686,0.003752857,0.002305955,0.156387527,-0.00559066,-0.001903233,0.163881376,0.152700067,0.14889361,0.160074919,-0.14889361,-0.160074919,-0.163881376,-0.152700067,0.008109524,0.004486918,0.00436114
49.50082994,0.965925826,0.258819045,0,0,0.523598776,0,0,0.966954768,0.254928768,0.002734506,0.001548519,0.515560529,0.004498777,0.004388961,0.009658188,-0.000321865,0.003727526,0.155291878,-0.004580741,-0.002076688,0.161949277,0.15278779,0.148634419,0.157795891,-0.148634419,-0.157795891,-0.161949277,-0.15278779,0.008038247,0.004498777,0.004388961
49.55124998,0.965925826,0.258819045,0,0,0.523598776,0,0,0.966944933,0.254966348,0.002703118,0.001546988,0.515638048,0.004438687,0.004370169,0.000377744,-0.003014505,0.001805276,0.157306981,-0.003768372,-0.001674721,0.162750036,0.155213296,0.151863858,0.159400597,-0.151863858,-0.159400597,-0.162750036,-0.155213296,0.007960728,0.004438687,0.004370169
49.60058999,0.965925826,0.258819045,0,0,0.523598776,0,0,0.966927469,0.255032688,0.00268056,0.001544374,0.51577512,0.004396097,0.004353912,0.002276153,0.000258535,-0.001062453,0.156733442,-0.004534831,-0.001568085,0.162836328,0.153766662,0.150630489,0.159700155,-0.150630489,-0.159700155,-0.162836328,-0.153766662,0.007823656,0.004396097,0.004353912
49.65144992,0.965925826,0.258819045,0,0,0.523598776,0,0,0.966917753,0.255069703,0.002691351,0.001550418,0.515851734,0.004413714,0.004371273,0.004351885,0.004235655,-0.000108778,0.156857615,-0.004421336,-0.001254262,0.162533179,0.153690502,0.151181981,0.160024658,-0.151181981,-0.160024658,-0.162533179,-0.153690502,0.007747042,0.004413714,0.004371273
49.70182991,0.965925826,0.258819045,0,0,0.523598776,0,0,0.966916621,0.255073428,0.002696627,0.001555348,0.51585956,0.004421387,0.004383517,0.000659376,-0.000575185,0.003200024,0.157188385,-0.00451188,-0.001981633,0.163681865,0.154658109,0.150694832,0.159718588,-0.150694832,-0.159718588,-0.163681865,-0.154658109,0.007739216,0.004421387,0.004383517
49.74983001,0.965925826,0.258819045,0,0,0.523598776,0,0,0.966900706,0.255134106,0.002692782,0.001574363,0.515985059,0.004403971,0.004418602,0.006025285,6.71E-06,0.000170618,0.155980106,-0.004458141,-0.001499351,0.161937565,0.153021291,0.150022581,0.158938855,-0.150022581,-0.158938855,-0.161937565,-0.153021291,0.007613717,0.004403971,0.004418602
49.79978991,0.965925826,0.258819045,0,0,0.523598776,0,0,0.966894269,0.255158246,0.002700578,0.001570527,0.516035056,0.004420895,0.004415275,0.00134632,-0.001212954,0.002334266,0.156992172,-0.00430384,-0.00183542,0.163131401,0.154523715,0.150852874,0.159460559,-0.150852874,-0.159460559,-0.163131401,-0.154523715,0.00756372,0.004420895,0.004415275
49.85063982,0.965925826,0.258819045,0,0,0.523598776,0,0,0.966884971,0.255193561,0.00271633,0.001571793,0.516108184,0.004450548,0.004425923,0.002171844,0.005710869,0.00083968,0.156795402,-0.006069812,-0.001732582,0.164597765,0.152458146,0.148992971,0.161132589,-0.148992971,-0.161132589,-0.164597765,-0.152458146,0.007490592,0.004450548,0.004425923
49.90025997,0.965925826,0.258819045,0,0,0.523598776,0,0,0.966874897,0.255230933,0.002723821,0.001600964,0.516185728,0.004449972,0.004486331,0.003608317,-0.004699827,0.001920015,0.157273378,-0.005720813,-0.002274248,0.165268406,0.153826788,0.149278283,0.160719901,-0.149278283,-0.160719901,-0.165268406,-0.153826788,0.007413048,0.004449972,0.004486331
49.95091987,0.965925826,0.258819045,0,0,0.523598776,0,0,0.96687007,0.255249143,0.002738971,0.001655744,0.516223661,0.004451217,0.004600081,0.003565103,0.000534207,0.005131215,0.156455093,-0.003387816,-0.001720561,0.161563441,0.154787809,0.151346684,0.158122316,-0.151346684,-0.158122316,-0.161563441,-0.154787809,0.007375115,0.004451217,0.004600081
49.99977994,0.965925826,0.258819045,0,0,0.523598776,0,0,0.966867805,0.255256921,0.002758818,0.001735018,0.516240218,0.004449088,0.004763546,0.0004448,0.003933162,0.006978959,0.156455983,-0.005074898,-0.002455046,0.163985893,0.153836101,0.148926005,0.159075797,-0.148926005,-0.159075797,-0.163985893,-0.153836101,0.007358558,0.004449088,0.004763546
50.05097985,0.965925826,0.258819045,0,0,0.523598776,0,0,0.966871023,0.255244821,0.002758422,0.001747976,0.516215214,0.004441768,0.004788345,0.001371652,0.004953892,0.003498048,0.156941489,-0.006294726,-0.002373332,0.165609509,0.153020069,0.148273394,0.160862848,-0.148273394,-0.160862848,-0.165609509,-0.153020069,0.007383562,0.004441768,0.004788345
50.09995985,0.965925826,0.258819045,0,0,0.523598776,0,0,0.966866612,0.255261391,0.00275917,0.001777268,0.516249602,0.004428176,0.004845446,0.003863127,-0.003504754,0.001633913,0.156382675,-0.003932097,-0.001898128,0.162212864,0.154348671,0.150552422,0.158416614,-0.150552422,-0.158416614,-0.162212864,-0.154348671,0.007349174,0.004428176,0.004845446
50.14989996,0.965925826,0.258819045,0,0,0.523598776,0,0,0.966859579,0.255287617,0.002756653,0.001755438,0.516303827,0.004434324,0.004802068,0.005852431,0.00121221,0.003000349,0.155934047,-0.005240855,-0.002217795,0.163392663,0.152910963,0.148475364,0.158957064,-0.148475364,-0.158957064,-0.163392663,-0.152910963,0.007294949,0.004434324,0.004802068
50.20018983,0.965925826,0.258819045,0,0,0.523598776,0,0,0.966861904,0.255278438,0.00278673,0.001795289,0.516285187,0.004472183,0.004894445,0.004898757,-0.000560284,0.00134334,0.156768465,-0.004902229,-0.001764923,0.163392663,0.152910963,0.148475364,0.158957064,-0.148475364,-0.158957064,-0.163392663,-0.152910963,0.007313589,0.004472183,0.004894445
50.25102997,0.965925826,0.258819045,0,0,0.523598776,0,0,0.966858685,0.255290806,0.002777986,0.001772603,0.516310626,0.004466797,0.00484617,-0.004534423,-0.000810623,0.001551956,0.156147729,-0.004742479,-0.001932389,0.162822559,0.153337613,0.149472833,0.158957779,-0.149472833,-0.158957779,-0.162822559,-0.153337613,0.00728815,0.004466797,0.00484617
50.29972982,0.965925826,0.258819045,0,0,0.523598776,0,0,0.9668594,0.255288124,0.002786115,0.001790578,0.516305177,0.004473351,0.004885067,-0.00115782,0.002589077,0.003667921,0.158209709,-0.004721312,-0.001925229,0.16485621,0.155413598,0.151563138,0.16100575,-0.151563138,-0.16100575,-0.16485621,-0.155413598,0.007293599,0.004473351,0.004885067
50.34975982,0.965925826,0.258819045,0,0,0.523598776,0,0,0.96685499,0.255304784,0.002797362,0.001819497,0.516339799,0.004480248,0.004946808,0.002834946,0.001505762,0.002861768,0.156586649,-0.005446441,-0.002265427,0.164298475,0.153405607,0.148874745,0.159767628,-0.148874745,-0.159767628,-0.164298475,-0.153405607,0.007258977,0.004480248,0.004946808
50.40009999,0.965925826,0.258819045,0,0,0.523598776,0,0,0.966849744,0.255323917,0.002822527,0.001840955,0.516379692,0.004517854,0.005001243,-0.001235306,-0.000174344,0.002344698,0.15746816,-0.005043567,-0.002154232,0.164665923,0.15457879,0.150270328,0.16035746,-0.150270328,-0.16035746,-0.164665923,-0.15457879,0.007219084,0.004517854,0.005001243
50.45092988,0.965925826,0.258819045,0,0,0.523598776,0,0,0.96685344,0.25530991,0.002822213,0.0018246,0.516350666,0.004525672,0.004969392,0.000416487,-0.00179261,0.000981241,0.157113217,-0.004491682,-0.00186537,0.163470238,0.15448688,0.150756136,0.159739494,-0.150756136,-0.159739494,-0.163470238,-0.15448688,0.00724811,0.004525672,0.004969392
50.50372982,0.965925826,0.258819045,0,0,0.523598776,0,0,0.966856062,0.25529933,0.002866825,0.001842094,0.516329191,0.004603059,0.005025951,-0.001169741,-5.96E-05,0.00045076,0.157214749,-0.006364987,-0.002488572,0.166068271,0.153338298,0.148361161,0.161091119,-0.148361161,-0.161091119,-0.166068271,-0.153338298,0.007269585,0.004603059,0.005025951
50.55122995,0.965925826,0.258819045,0,0,0.523598776,0,0,0.966863751,0.25527066,0.002844853,0.001822906,0.516269633,0.004570517,0.00497749,-0.001442432,-0.001521409,0.002007932,0.157467577,-0.004995178,-0.0018248,0.164287522,0.154297173,0.150647566,0.160637915,-0.150647566,-0.160637915,-0.164287522,-0.154297173,0.007329143,0.004570517,0.00497749
50.60086989,0.965925826,0.258819045,0,0,0.523598776,0,0,0.966861248,0.25527963,0.002863851,0.001856265,0.516288477,0.004590176,0.005051741,0.00352189,0.002380461,0.004360825,0.157541573,-0.004663816,-0.00204147,0.164246827,0.154919192,0.150836259,0.160163879,-0.150836259,-0.160163879,-0.164246827,-0.154919192,0.007310299,0.004590176,0.005051741
50.64974999,0.965925826,0.258819045,0,0,0.523598776,0,0,0.966868401,0.25525254,0.00287839,0.001882042,0.516232609,0.004605272,0.005108882,-0.000858307,-9.69E-05,0.00198707,0.157423592,-0.005141086,-0.002134794,0.164699435,0.154417261,0.150147676,0.16042985,-0.150147676,-0.16042985,-0.164699435,-0.154417261,0.007366167,0.004605272,0.005108882
50.70098996,0.965925826,0.258819045,0,0,0.523598776,0,0,0.966875196,0.255226761,0.002862369,0.001909636,0.516179278,0.004560341,0.005153941,0.001385063,0.003261119,0.002736598,0.156946742,-0.006087125,-0.002377169,0.165410995,0.153236762,0.148482412,0.160656661,-0.148482412,-0.160656661,-0.165410995,-0.153236762,0.007419498,0.004560341,0.005153941
50.75061989,0.965925826,0.258819045,0,0,0.523598776,0,0,0.966862679,0.255274028,0.002875732,0.001922817,0.516277193,0.0045792,0.005186475,-0.001157821,-0.000752509,0.001070649,0.15747758,-0.00495612,-0.002008741,0.164442405,0.154530168,0.15051268,0.160424918,-0.15051268,-0.160424918,-0.164442405,-0.154530168,0.007321583,0.0045792,0.005186475
50.79996991,0.965925826,0.258819045,0,0,0.523598776,0,0,0.966865718,0.255262583,0.002860702,0.001899945,0.516253347,0.004561875,0.00513452,0.00122115,0.001093,-0.001130998,0.156963935,-0.00524737,-0.001648197,0.164442405,0.154530168,0.15051268,0.160424918,-0.15051268,-0.160424918,-0.164442405,-0.154530168,0.007345429,0.004561875,0.00513452
50.85071993,0.965925826,0.258819045,0,0,0.523598776,0,0,0.966857135,0.255294979,0.002855448,0.001901638,0.516320346,0.004550679,0.005135264,-0.000914931,0.00160709,0.003761798,0.156240902,-0.005495373,-0.001715171,0.163451403,0.152460665,0.149030328,0.160021067,-0.149030328,-0.160021067,-0.163451403,-0.152460665,0.00727843,0.004550679,0.005135264
50.90082002,0.965925826,0.258819045,0,0,0.523598776,0,0,0.966860235,0.255283445,0.002837115,0.001903871,0.516296356,0.004514149,0.005130166,0.000629574,0.000260025,-0.000557303,0.157413316,-0.005712102,-0.002505752,0.16563113,0.154206932,0.149195433,0.160619631,-0.149195433,-0.160619631,-0.16563113,-0.154206932,0.00730242,0.004514149,0.005130166
50.94958997,0.965925826,0.258819045,0,0,0.523598776,0,0,0.966855466,0.255301893,0.002827722,0.001921473,0.516334459,0.004486899,0.005159492,0.000172108,0.004341453,0.001841039,0.157173331,-0.006307199,-0.002263343,0.165743828,0.153129444,0.148602754,0.161217153,-0.148602754,-0.161217153,-0.165743828,-0.153129444,0.007264317,0.004486899,0.005159492
51.00089002,0.965925826,0.258819045,0,0,0.523598776,0,0,0.966854692,0.255304396,0.0028421,0.001946618,0.51633986,0.004501849,0.005215471,0.000298768,-0.001385808,0.000111014,0.157141924,-0.004710734,-0.001862666,0.163715288,0.15429382,0.150568485,0.159989953,-0.150568485,-0.159989953,-0.163715288,-0.15429382,0.007258916,0.004501849,0.005215471
51.05056,0.965925826,0.258819045,0,0,0.523598776,0,0,0.966861427,0.255278617,0.002837972,0.00195806,0.516286581,0.004488163,0.005235369,0.002198666,-0.000730157,0.003378838,0.156738014,-0.00509107,-0.002459202,0.164288253,0.15410611,0.149187714,0.159369841,-0.149187714,-0.159369841,-0.164288253,-0.15410611,0.007312195,0.004488163,0.005235369
51.10091996,0.965925826,0.258819045,0,0,0.523598776,0,0,0.966857195,0.255294323,0.002838138,0.001984861,0.516319193,0.004474717,0.005287353,-1.94E-05,-0.002786517,-0.002163649,0.156680689,-0.005682912,-0.002260635,0.164624199,0.153258383,0.148737118,0.160102934,-0.148737118,-0.160102934,-0.164624199,-0.153258383,0.007279583,0.004474717,0.005287353
51.14984989,0.965925826,0.258819045,0,0,0.523598776,0,0,0.96684885,0.255326271,0.002819858,0.001963136,0.516385055,0.004450286,0.005236155,0.001401454,-0.000436604,0.002744049,0.157220589,-0.004230867,-0.001481255,0.162932679,0.15447095,0.151508436,0.159970164,-0.151508436,-0.159970164,-0.162932679,-0.15447095,0.007213721,0.004450286,0.005236155
51.20022988,0.965925826,0.258819045,0,0,0.523598776,0,0,0.966837764,0.255368471,0.002821689,0.001960122,0.516472322,0.004455138,0.005231457,0.000544637,-0.003947317,0.003118068,0.156887721,-0.005123892,-0.002363114,0.164374694,0.154126912,0.149400681,0.159648463,-0.149400681,-0.159648463,-0.164374694,-0.154126912,0.007126454,0.004455138,0.005231457
51.24985003,0.965925826,0.258819045,0,0,0.523598776,0,0,0.966842711,0.255349755,0.002833065,0.00196049,0.516433676,0.004477049,0.005237891,-0.003822149,0.002106279,0.001765043,0.158022249,-0.005786351,-0.002238945,0.166047513,0.15447481,0.149996921,0.16156961,-0.149996921,-0.16156961,-0.166047513,-0.15447481,0.0071651,0.004477049,0.005237891
51.30002999,0.965925826,0.258819045,0,0,0.523598776,0,0,0.966834366,0.255381376,0.002816237,0.001972919,0.516499014,0.00443799,0.005253475,0.0021182,-0.000575185,0.000149757,0.156701924,-0.004923327,-0.001924035,0.163549244,0.153702602,0.149854526,0.159701183,-0.149854526,-0.159701183,-0.163549244,-0.153702602,0.007099762,0.00443799,0.005253475
51.34973001,0.965925826,0.258819045,0,0,0.523598776,0,0,0.966830671,0.255394816,0.002830908,0.001993307,0.516527044,0.004455871,0.005300456,-0.000472367,-0.000655651,0.003422052,0.157261244,-0.005171084,-0.002506142,0.164938435,0.154596269,0.14958398,0.159926146,-0.14958398,-0.159926146,-0.164938435,-0.154596269,0.007071732,0.004455871,0.005300456
51.40106988,0.965925826,0.258819045,0,0,0.523598776,0,0,0.966835916,0.255374342,0.002844403,0.002040324,0.516484997,0.004458065,0.005398173,0.001306087,0.004877894,0.002034754,0.15688523,-0.006614908,-0.00244596,0.165946066,0.152716249,0.147824332,0.161054134,-0.147824332,-0.161054134,-0.165946066,-0.152716249,0.007113779,0.004458065,0.005398173
51.4498198,0.965925826,0.258819045,0,0,0.523598776,0,0,0.966825366,0.255413622,0.002876493,0.002065797,0.516566621,0.004506883,0.005464005,0.00122115,-0.0034675,-0.000485778,0.156224833,-0.004728739,-0.002335818,0.163289353,0.153831884,0.149160251,0.15861772,-0.149160251,-0.15861772,-0.163289353,-0.153831884,0.007032155,0.004506883,0.005464005
51.49984002,0.965925826,0.258819045,0,0,0.523598776,0,0,0.966827393,0.255406171,0.002880531,0.002070248,0.516551218,0.00451246,0.005474638,0.001830607,-0.001598894,0.000780076,0.156879202,-0.004286251,-0.001847454,0.163012877,0.154440373,0.150745466,0.159317955,-0.150745466,-0.159317955,-0.163012877,-0.154440373,0.007047558,0.00451246,0.005474638
51.55164981,0.965925826,0.258819045,0,0,0.523598776,0,0,0.966821671,0.255427927,0.002875634,0.002074705,0.516596191,0.00450059,0.005480856,0.004597753,0.003931672,0.003679842,0.157063601,-0.005398897,-0.002110933,0.164573386,0.153775603,0.149553746,0.16035153,-0.149553746,-0.16035153,-0.164573386,-0.153775603,0.007002585,0.00450059,0.005480856
51.60080981,0.965925826,0.258819045,0,0,0.523598776,0,0,0.966813385,0.255458683,0.002894576,0.002069491,0.516660002,0.004539707,0.005480597,-0.001811981,0.003487617,-0.003279746,0.157524808,-0.006005334,-0.001518674,0.165048778,0.153038114,0.150000766,0.16201143,-0.150000766,-0.16201143,-0.165048778,-0.153038114,0.006938774,0.004539707,0.005480597
51.65072989,0.965925826,0.258819045,0,0,0.523598776,0,0,0.966815948,0.255449295,0.002893299,0.002067327,0.516640525,0.004538396,0.005475716,0.003371388,0.00327006,0.002511591,0.156390733,-0.006281724,-0.002519892,0.165192306,0.152628869,0.147589087,0.160152525,-0.147589087,-0.160152525,-0.165192306,-0.152628869,0.006958251,0.004538396,0.005475716
51.70002985,0.965925826,0.258819045,0,0,0.523598776,0,0,0.966811597,0.255465865,0.002881757,0.002090846,0.516674784,0.004503967,0.005515372,-3.28E-05,0.004716963,0.00338927,0.157128779,-0.006765407,-0.002728295,0.166622445,0.153091639,0.147635043,0.161165848,-0.147635043,-0.161165848,-0.166622445,-0.153091639,0.006923992,0.004503967,0.005515372
51.7515099,0.965925826,0.258819045,0,0,0.523598776,0,0,0.966806352,0.255484909,0.002887986,0.002164077,0.516714542,0.004478483,0.005660248,-0.00089854,0.000911206,0.00313744,0.156989308,-0.004602019,-0.00218014,0.163771436,0.154567391,0.150207117,0.159411147,-0.150207117,-0.159411147,-0.163771436,-0.154567391,0.006884234,0.004478483,0.005660248
51.80176997,0.965925826,0.258819045,0,0,0.523598776,0,0,0.966796696,0.25552091,0.002886731,0.002187902,0.516789149,0.00446367,0.005705842,0.00262186,0.004992635,0.002617389,0.157306146,-0.005835038,-0.002681745,0.165822893,0.154152825,0.148789331,0.160459399,-0.148789331,-0.160459399,-0.165822893,-0.154152825,0.006809627,0.00446367,0.005705842
51.84979987,0.965925826,0.258819045,0,0,0.523598776,0,0,0.966781616,0.255578488,0.002887608,0.002175278,0.516908159,0.004471479,0.005682144,0.000462681,0.000742823,-0.001646578,0.156516838,-0.006892889,-0.002716617,0.166126311,0.152340531,0.1469073,0.160693079,-0.1469073,-0.160693079,-0.166126311,-0.152340531,0.006690617,0.004471479,0.005682144
51.90073991,0.965925826,0.258819045,0,0,0.523598776,0,0,0.966769099,0.255626529,0.002865301,0.0021393,0.517007198,0.004446459,0.005601396,0.001318008,-0.001032651,0.002350658,0.156743489,-0.005197367,-0.002479521,0.164420336,0.154025614,0.149066567,0.159461305,-0.149066567,-0.159461305,-0.164420336,-0.154025614,0.006591578,0.004446459,0.005601396
51.94972992,0.965925826,0.258819045,0,0,0.523598776,0,0,0.966755569,0.255677372,0.002850848,0.00216327,0.517112397,0.004405963,0.005640585,0.00275895,0.001826137,0.004138798,0.156400769,-0.006080178,-0.002885002,0.165365905,0.153205559,0.147435561,0.159595907,-0.147435561,-0.159595907,-0.165365905,-0.153205559,0.006486379,0.004405963,0.005640585
51.99987984,0.965925826,0.258819045,0,0,0.523598776,0,0,0.966750681,0.255696207,0.00284161,0.002160888,0.517151247,0.004389208,0.00563134,0.006581098,-0.00539273,0.002140552,0.155548766,-0.003975025,-0.002381775,0.161905527,0.153955489,0.149191931,0.157141984,-0.149191931,-0.157141984,-0.161905527,-0.153955489,0.006447529,0.004389208,0.00563134
52.04990983,0.965925826,0.258819045,0,0,0.523598776,0,0,0.966735959,0.255751282,0.002845823,0.002193434,0.517265382,0.004380385,0.005696674,0.005768985,0.000558049,0.002595037,0.156155655,-0.006037724,-0.002314882,0.164508224,0.152432784,0.147803023,0.159878463,-0.147803023,-0.159878463,-0.164508224,-0.152432784,0.006333394,0.004380385,0.005696674
52.09988999,0.965925826,0.258819045,0,0,0.523598776,0,0,0.966723323,0.255798727,0.002854275,0.002227562,0.517363731,0.004378987,0.005767199,0.000760704,-0.001235306,0.002103299,0.155691418,-0.00567869,-0.002657167,0.164027244,0.152669862,0.147355527,0.158712909,-0.147355527,-0.158712909,-0.164027244,-0.152669862,0.006235045,0.004378987,0.005767199
52.14981985,0.965925826,0.258819045,0,0,0.523598776,0,0,0.966715157,0.255829245,0.002875117,0.002238264,0.517427083,0.004413625,0.005798695,0.002660603,0.000635535,-0.000281632,0.156772692,-0.005228612,-0.002534985,0.164536253,0.154079035,0.149009064,0.159466282,-0.149009064,-0.159466282,-0.164536253,-0.154079035,0.006171693,0.004413625,0.005798695
52.20056987,0.965925826,0.258819045,0,0,0.523598776,0,0,0.966707945,0.255856782,0.002889215,0.002229828,0.517484087,0.004445035,0.005789724,0.007834286,1.42E-05,0.001869351,0.15519021,-0.005527382,-0.002531385,0.163248941,0.152194187,0.147131413,0.158186167,-0.147131413,-0.158186167,-0.163248941,-0.152194187,0.006114689,0.004445035,0.005789724
52.25071001,0.965925826,0.258819045,0,0,0.523598776,0,0,0.966704905,0.255867779,0.002894521,0.002245525,0.517506985,0.004447195,0.00582284,-0.002735854,0.001055748,0.00249818,0.157503324,-0.005954435,-0.002664795,0.166122511,0.154213652,0.148884058,0.160792932,-0.148884058,-0.160792932,-0.166122511,-0.154213652,0.006091791,0.004447195,0.00582284
52.30047989,0.965925826,0.258819045,0,0,0.523598776,0,0,0.966693878,0.255908698,0.002909477,0.002297585,0.517591988,0.004449218,0.005931336,0.003624707,-0.0017941,0.001578778,0.156084559,-0.005159059,-0.002509977,0.163753554,0.153435454,0.148415491,0.158733606,-0.148415491,-0.158733606,-0.163753554,-0.153435454,0.006006788,0.004449218,0.005931336
52.34979987,0.965925826,0.258819045,0,0,0.523598776,0,0,0.96668911,0.255927056,0.002880323,0.002304088,0.51762974,0.004389411,0.00592907,0.004477054,0.003498048,0.002170354,0.155895427,-0.004869012,-0.002394194,0.163158596,0.153420582,0.148632184,0.158370212,-0.148632184,-0.158370212,-0.163158596,-0.153420582,0.005969036,0.004389411,0.00592907
52.40089989,0.965925826,0.258819045,0,0,0.523598776,0,0,0.966680527,0.255959004,0.002885626,0.002354993,0.517696076,0.004373408,0.00603035,0.003551692,0.000882894,0.00186041,0.156462475,-0.00521828,-0.002208096,0.163888812,0.153452262,0.149036065,0.159472615,-0.149036065,-0.159472615,-0.163888812,-0.153452262,0.0059027,0.004373408,0.00603035
52.45067,0.965925826,0.258819045,0,0,0.523598776,0,0,0.966672003,0.255990595,0.002895688,0.002366921,0.517761618,0.004386557,0.006058706,0.004570932,-0.000847876,-0.00359565,0.156074761,-0.005940206,-0.002688533,0.164703459,0.152823061,0.147445992,0.159326389,-0.147445992,-0.159326389,-0.164703459,-0.152823061,0.005837158,0.004386557,0.006058706
52.50082994,0.965925826,0.258819045,0,0,0.523598776,0,0,0.966662526,0.256026626,0.002902469,0.002369481,0.517836186,0.004398129,0.006067291,0.003150851,-0.003664196,0.000616163,0.156123979,-0.00468125,-0.002384907,0.163190097,0.153827608,0.149057791,0.15842028,-0.149057791,-0.15842028,-0.163190097,-0.153827608,0.00576259,0.004398129,0.006067291
52.55060983,0.965925826,0.258819045,0,0,0.523598776,0,0,0.966661334,0.256031126,0.002906538,0.002381011,0.517845556,0.004400064,0.006091686,6.03E-05,0.002088398,0.002060086,0.156802282,-0.006354957,-0.002772018,0.165929213,0.153219312,0.147675276,0.160385177,-0.147675276,-0.160385177,-0.165929213,-0.153219312,0.00575322,0.004400064,0.006091686
52.60073996,0.965925826,0.258819045,0,0,0.523598776,0,0,0.966651499,0.256067723,0.002900115,0.002403211,0.517921361,0.004376045,0.006131484,0.005433708,0.005138667,0.001686067,0.155605281,-0.007126817,-0.002810815,0.165542871,0.151289254,0.145667613,0.159921244,-0.145667613,-0.159921244,-0.165542871,-0.151289254,0.005677415,0.004376045,0.006131484
52.65067983,0.965925826,0.258819045,0,0,0.523598776,0,0,0.966640174,0.256110072,0.002916286,0.002451142,0.518009277,0.004382488,0.006232625,0.007952006,-0.001946092,0.002671033,0.15502504,-0.00534129,-0.002879977,0.165542871,0.151289254,0.145667613,0.159921244,-0.145667613,-0.159921244,-0.165542871,-0.151289254,0.005589499,0.004382488,0.006232625
52.70087004,0.965925826,0.258819045,0,0,0.523598776,0,0,0.966619074,0.256189018,0.00294356,0.002499796,0.518173037,0.004409776,0.006341021,-0.003036857,0.002262742,-0.001101196,0.156385798,-0.007140501,-0.002939865,0.166466132,0.152185127,0.146305397,0.160586402,-0.146305397,-0.160586402,-0.166466132,-0.152185127,0.005425739,0.004409776,0.006341021
52.75066996,0.965925826,0.258819045,0,0,0.523598776,0,0,0.9666152,0.256203711,0.002925859,0.002498027,0.518203294,0.004376366,0.006328595,0.005701929,-0.005981327,-0.000265241,0.157397451,-0.006401645,-0.002357187,0.166466132,0.152185127,0.146305397,0.160586402,-0.146305397,-0.160586402,-0.166466132,-0.152185127,0.005395482,0.004376366,0.006328595
52.80078983,0.965925826,0.258819045,0,0,0.523598776,0,0,0.966602504,0.256251395,0.002941667,0.00249506,0.518302091,0.004408134,0.006331178,0.002168864,0.00186339,0.002793223,0.156219961,-0.00649744,-0.003024466,0.165741831,0.152746961,0.146698028,0.159692898,-0.146698028,-0.159692898,-0.165741831,-0.152746961,0.005296685,0.004408134,0.006331178
52.84969997,0.965925826,0.258819045,0,0,0.523598776,0,0,0.966595173,0.256278843,0.002947976,0.002509173,0.518358994,0.004412916,0.006361822,0.003043562,0.002609938,0.002229959,0.156013871,-0.006676806,-0.002960826,0.16565147,0.152297854,0.146376207,0.159729809,-0.146376207,-0.159729809,-0.16565147,-0.152297854,0.005239782,0.004412916,0.006361822
52.9009099,0.965925826,0.258819045,0,0,0.523598776,0,0,0.966582835,0.256325573,0.002922003,0.002507551,0.518455464,0.00436323,0.006345582,0.006974489,-0.000232458,0.007271022,0.155121907,-0.00617797,-0.003777327,0.16565147,0.152297854,0.146376207,0.159729809,-0.146376207,-0.159729809,-0.16565147,-0.152297854,0.005143312,0.00436323,0.006345582
52.94986987,0.965925826,0.258819045,0,0,0.523598776,0,0,0.966571867,0.25636667,0.002936025,0.002540699,0.518540723,0.004373071,0.006417038,0.005129725,0.00224933,0.001680106,0.155508755,-0.006554967,-0.002899131,0.164962813,0.151852891,0.146054626,0.159164548,-0.146054626,-0.159164548,-0.164962813,-0.151852891,0.005058053,0.004373071,0.006417038
53.00073981,0.965925826,0.258819045,0,0,0.523598776,0,0,0.966558337,0.256417304,0.002940994,0.002573556,0.518645666,0.004365489,0.006483334,0.003648549,-0.001215935,-0.00051111,0.156200992,-0.006228189,-0.002650582,0.165079728,0.152623355,0.147322193,0.159778565,-0.147322193,-0.159778565,-0.165079728,-0.152623355,0.00495311,0.004365489,0.006483334
53.05075002,0.965925826,0.258819045,0,0,0.523598776,0,0,0.966542542,0.256476402,0.002947505,0.002595865,0.518768116,0.004366236,0.006530068,0.003110617,0.000109524,0.001842529,0.1558053,-0.005543438,-0.002477148,0.163825855,0.152738973,0.14778468,0.158871546,-0.14778468,-0.158871546,-0.163825855,-0.152738973,0.00483066,0.004366236,0.006530068
53.10330987,0.965925826,0.258819045,0,0,0.523598776,0,0,0.966540098,0.256485343,0.002968507,0.002604094,0.51878683,0.004402552,0.006556789,0.000459701,0.00135675,-0.001512468,0.156663155,-0.00631689,-0.00265251,0.165632516,0.152998745,0.147693723,0.160327494,-0.147693723,-0.160327494,-0.165632516,-0.152998745,0.004811946,0.004402552,0.006556789
53.15180993,0.965925826,0.258819045,0,0,0.523598776,0,0,0.966532707,0.256513089,0.0029521,0.002626744,0.518844192,0.004359028,0.006592282,0.002082438,-0.000809133,0.002815575,0.156095562,-0.005955439,-0.003118968,0.165169924,0.153259069,0.14702113,0.158932,-0.14702113,-0.158932,-0.165169924,-0.153259069,0.004754584,0.004359028,0.006592282
53.20077991,0.965925826,0.258819045,0,0,0.523598776,0,0,0.966528356,0.256528676,0.002981649,0.002662138,0.518876867,0.004397882,0.006675934,-0.000950694,0.005703419,0.001918524,0.156756624,-0.007732266,-0.003142926,0.167631775,0.152167261,0.1458814,0.161345929,-0.1458814,-0.161345929,-0.167631775,-0.152167261,0.004721909,0.004397882,0.006675934
53.24981999,0.965925826,0.258819045,0,0,0.523598776,0,0,0.966524363,0.256543845,0.00298451,0.002668556,0.518908277,0.004400014,0.006689877,0.001750141,-0.001172722,0.00045076,0.156152507,-0.005790611,-0.002745422,0.164688498,0.153107285,0.147616446,0.159197658,-0.147616446,-0.159197658,-0.164688498,-0.153107285,0.004690499,0.004400014,0.006689877
53.30050993,0.965925826,0.258819045,0,0,0.523598776,0,0,0.966515839,0.256576061,0.002972501,0.002671369,0.518974843,0.004375133,0.006689299,0.001255423,0.001537055,0.000994653,0.15590348,-0.006349882,-0.002481527,0.164734855,0.152035087,0.147072047,0.1597718,-0.147072047,-0.1597718,-0.164734855,-0.152035087,0.004623933,0.004375133,0.006689299
53.35078001,0.965925826,0.258819045,0,0,0.523598776,0,0,0.966520667,0.256558031,0.002966022,0.002663069,0.518937442,0.004366993,0.006669849,-0.002472103,-0.00192821,0.002575665,0.156245206,-0.006545821,-0.002904626,0.165695623,0.152603984,0.146794721,0.15988636,-0.146794721,-0.15988636,-0.165695623,-0.152603984,0.004661334,0.004366993,0.006669849
53.40081,0.965925826,0.258819045,0,0,0.523598776,0,0,0.96651262,0.256588459,0.002972911,0.00266418,0.519000445,0.00437953,0.006675668,0.00288114,0.00366643,0.001039356,0.157069576,-0.005742396,-0.003083987,0.165895924,0.154411137,0.148243159,0.159727946,-0.148243159,-0.159727946,-0.165895924,-0.154411137,0.004598331,0.00437953,0.006675668
53.44974995,0.965925826,0.258819045,0,0,0.523598776,0,0,0.96650368,0.256621659,0.002977182,0.002696953,0.519069325,0.004370735,0.006741363,0.00224337,0.004779548,0.001268834,0.156005491,-0.007456977,-0.003055919,0.166518345,0.151604399,0.145492569,0.160406515,-0.145492569,-0.160406515,-0.166518345,-0.151604399,0.004529451,0.004370735,0.006741363
53.49991989,0.965925826,0.258819045,0,0,0.523598776,0,0,0.966510892,0.256594121,0.002974023,0.002692326,0.519012357,0.004367195,0.006730674,-0.002124906,-0.001712144,0.003553182,0.156973326,-0.005903278,-0.003291165,0.166167736,0.154361188,0.147778854,0.159585401,-0.147778854,-0.159585401,-0.166167736,-0.154361188,0.004586419,0.004367195,0.006730674
53.54980993,0.965925826,0.258819045,0,0,0.523598776,0,0,0.966510832,0.25659433,0.00298582,0.002743854,0.519013009,0.004363553,0.006836335,0.00879392,0.003043562,0.003331155,0.154580114,-0.007134199,-0.00343806,0.165152341,0.150883943,0.144007832,0.158276215,-0.144007832,-0.158276215,-0.165152341,-0.150883943,0.004585767,0.004363553,0.006836335
53.59984994,0.965925826,0.258819045,0,0,0.523598776,0,0,0.966507912,0.256605297,0.003000202,0.002696804,0.519035701,0.004415424,0.006752817,-0.001460314,0.002022833,0.000908226,0.156745499,-0.006281542,-0.002613021,0.165640026,0.153076947,0.147850901,0.16041398,-0.147850901,-0.16041398,-0.165640026,-0.153076947,0.004563075,0.004415424,0.006752817
53.65074992,0.965925826,0.258819045,0,0,0.523598776,0,0,0.96651274,0.256586939,0.002998913,0.00270754,0.518997753,0.004407551,0.006772824,0.002530962,-0.000934303,0.001560897,0.156825328,-0.006750892,-0.002921704,0.166497886,0.152996108,0.147152707,0.16065447,-0.147152707,-0.16065447,-0.166497886,-0.152996108,0.004601023,0.004407551,0.006772824
53.70088983,0.965925826,0.258819045,0,0,0.523598776,0,0,0.96651125,0.256593108,0.003002326,0.002659472,0.519010347,0.004438773,0.006681687,0.000927597,0.00134632,-0.000484288,0.155957227,-0.005979486,-0.002987367,0.16492404,0.152965084,0.146990344,0.158949301,-0.146990344,-0.158949301,-0.16492404,-0.152965084,0.004588429,0.004438773,0.006681687
53.74979997,0.965925826,0.258819045,0,0,0.523598776,0,0,0.966521442,0.256554544,0.003017302,0.002662508,0.518930692,0.004466432,0.006695062,-0.001382828,0.001194328,0.001842528,0.156834789,-0.006564851,-0.003022537,0.166422144,0.153292447,0.147247374,0.16037707,-0.147247374,-0.16037707,-0.166422144,-0.153292447,0.004668084,0.004466432,0.006695062
53.79991984,0.965925826,0.258819045,0,0,0.523598776,0,0,0.966518104,0.256567359,0.003017281,0.002655627,0.518957159,0.004469833,0.006681811,0.005043298,0.000423938,0.000592321,0.155418128,-0.006213461,-0.002792205,0.164423749,0.151996836,0.146412432,0.158839345,-0.146412432,-0.158839345,-0.164423749,-0.151996836,0.004641617,0.004469833,0.006681811
53.84998989,0.965925826,0.258819045,0,0,0.523598776,0,0,0.966517925,0.256567746,0.00302617,0.002676218,0.518958121,0.004476447,0.006726177,-0.000362098,0.001906604,0.002414734,0.156603832,-0.006807811,-0.003154031,0.166565642,0.152950019,0.146641955,0.160257578,-0.146641955,-0.160257578,-0.166565642,-0.152950019,0.004640655,0.004476447,0.006726177
53.89990997,0.965925826,0.258819045,0,0,0.523598776,0,0,0.966533303,0.256508738,0.003044832,0.002751261,0.5188365,0.004474431,0.006880544,0.000735372,0.006712229,0.001979619,0.156397248,-0.00816018,-0.003273886,0.167831272,0.151510924,0.144963145,0.161283508,-0.144963145,-0.161283508,-0.167831272,-0.151510924,0.004762276,0.004474431,0.006880544
53.95079994,0.965925826,0.258819045,0,0,0.523598776,0,0,0.966533542,0.256506592,0.00307082,0.002823896,0.51883262,0.00448742,0.00703428,-0.003486872,0.001258403,-0.001367927,0.156583484,-0.007437074,-0.003732619,0.167753145,0.152879,0.145413756,0.160287902,-0.145413756,-0.160287902,-0.167753145,-0.152879,0.004766156,0.00448742,0.00703428
53.99988985,0.965925826,0.258819045,0,0,0.523598776,0,0,0.966543198,0.256469965,0.003082609,0.002821674,0.518756951,0.004511615,0.007035861,-0.002193451,-0.000946224,0.001337379,0.157322455,-0.006638842,-0.002645227,0.166606486,0.153328806,0.148038357,0.161316037,-0.148038357,-0.161316037,-0.166606486,-0.153328806,0.004841825,0.004511615,0.007035861
54.04990983,0.965925826,0.258819045,0,0,0.523598776,0,0,0.966551185,0.256438941,0.003090725,0.002906217,0.518693159,0.004484167,0.007203314,0.004420429,-0.000721216,0.002618879,0.155620027,-0.006410834,-0.003397083,0.165427908,0.152606249,0.145812079,0.158633739,-0.145812079,-0.158633739,-0.165427908,-0.152606249,0.004905617,0.004484167,0.007203314
54.09995985,0.965925826,0.258819045,0,0,0.523598776,0,0,0.966550767,0.256440341,0.003092682,0.002912155,0.518696112,0.004484896,0.007215804,0.002177805,-0.003777445,0.000979751,0.15610994,-0.005519804,-0.003047014,0.164676726,0.153637126,0.147543088,0.158582687,-0.147543088,-0.158582687,-0.164676726,-0.153637126,0.004902664,0.004484896,0.007215804
54.14998984,0.965925826,0.258819045,0,0,0.523598776,0,0,0.966556251,0.256420493,0.003041271,0.002873312,0.51865442,0.004405582,0.007114252,0.003235787,-0.003269315,-0.000752509,0.155890345,-0.005437217,-0.002722822,0.164050341,0.15317592,0.147730276,0.158604696,-0.147730276,-0.158604696,-0.164050341,-0.15317592,0.004944356,0.004405582,0.007114252
54.19999003,0.965925826,0.258819045,0,0,0.523598776,0,0,0.966553748,0.256430089,0.003055691,0.002857882,0.518674332,0.0044413,0.007091864,0.004049391,0.00172779,-0.000281632,0.155709877,-0.006792425,-0.002898424,0.165400684,0.151815847,0.146018997,0.159603834,-0.146018997,-0.159603834,-0.165400684,-0.151815847,0.004924444,0.0044413,0.007091864
54.24976993,0.965925826,0.258819045,0,0,0.523598776,0,0,0.966559649,0.256408274,0.003070855,0.002833859,0.518629195,0.004483092,0.007053101,0.003208965,0.002198667,0.004445762,0.156828142,-0.006244153,-0.003372059,0.166444317,0.153956011,0.147211894,0.1597002,-0.147211894,-0.1597002,-0.166444317,-0.153956011,0.004969581,0.004483092,0.007053101
54.29971981,0.965925826,0.258819045,0,0,0.523598776,0,0,0.966558874,0.256411076,0.003064737,0.002852594,0.518635006,0.004461637,0.007086194,0.005184859,0.000240654,0.001796335,0.155903975,-0.007215337,-0.003695199,0.166814476,0.152383804,0.14499341,0.159424081,-0.14499341,-0.159424081,-0.166814476,-0.152383804,0.00496377,0.004461637,0.007086194
54.35080004,0.965925826,0.258819045,0,0,0.523598776,0,0,0.966571927,0.256360412,0.003080348,0.002922475,0.51853067,0.004456356,0.007229058,-0.004680455,0.000286847,0.006061048,0.157657081,-0.007002911,-0.004016976,0.168676928,0.154671118,0.146637157,0.160642982,-0.146637157,-0.160642982,-0.168676928,-0.154671118,0.005068106,0.004456356,0.007229058
54.40128994,0.965925826,0.258819045,0,0,0.523598776,0,0,0.966585934,0.256307811,0.003041147,0.002958892,0.518421571,0.004362299,0.007279119,-0.006072223,0.001332909,0.000268966,0.157994516,-0.006922515,-0.003085171,0.168002158,0.154157147,0.147986799,0.161831826,-0.147986799,-0.161831826,-0.168002158,-0.154157147,0.005177205,0.004362299,0.007279119
54.44992995,0.965925826,0.258819045,0,0,0.523598776,0,0,0.966598749,0.256259382,0.003043017,0.002957553,0.518321391,0.004366966,0.007277271,-0.004588068,0.003112108,0.004272909,0.157694068,-0.007641258,-0.003818238,0.169153526,0.153871015,0.146234542,0.161517054,-0.146234542,-0.161517054,-0.169153526,-0.153871015,0.005277385,0.004366966,0.007277271
54.50090981,0.965925826,0.258819045,0,0,0.523598776,0,0,0.96660471,0.256237358,0.003045035,0.002945708,0.518275748,0.004377102,0.007255306,-0.005443395,7.53E-05,-0.001972914,0.157894979,-0.006423855,-0.002654898,0.166973695,0.154125988,0.148816198,0.161663905,-0.148816198,-0.161663905,-0.166973695,-0.154125988,0.005323028,0.004377102,0.007255306
54.54965997,0.965925826,0.258819045,0,0,0.523598776,0,0,0.966609478,0.256218612,0.003063163,0.002962574,0.518237253,0.004403646,0.007297118,0.002021343,0.000713021,0.000772625,0.156958065,-0.00584119,-0.003221907,0.166973695,0.154125988,0.148816198,0.161663905,-0.148816198,-0.161663905,-0.166973695,-0.154125988,0.005361523,0.004403646,0.007297118
54.60075998,0.965925826,0.258819045,0,0,0.523598776,0,0,0.966606379,0.256230712,0.003073941,0.00293776,0.518262261,0.004437108,0.007254724,-0.000238419,-0.0056535,-0.002241134,0.15626664,-0.006738078,-0.003174855,0.166021124,0.154338747,0.147894934,0.15957731,-0.147894934,-0.15957731,-0.166021124,-0.154338747,0.005336515,0.004437108,0.007254724
54.64997983,0.965925826,0.258819045,0,0,0.523598776,0,0,0.9665941,0.25627771,0.003047957,0.00288676,0.518359077,0.004412664,0.007143027,0.002685934,-0.001111627,-0.000885129,0.156089307,-0.006032449,-0.002762341,0.164884061,0.152819172,0.147294492,0.159359381,-0.147294492,-0.159359381,-0.164884061,-0.152819172,0.005239699,0.004412664,0.007143027
54.70002985,0.965925826,0.258819045,0,0,0.523598776,0,0,0.966581285,0.25632596,0.003045627,0.002876157,0.518458878,0.004413239,0.007121555,-6.41E-05,-0.002931058,-0.001056492,0.156665479,-0.005547987,-0.002674504,0.164884061,0.152819172,0.147294492,0.159359381,-0.147294492,-0.159359381,-0.164884061,-0.152819172,0.005139898,0.004413239,0.007121555
54.74984002,0.965925826,0.258819045,0,0,0.523598776,0,0,0.966576517,0.256344706,0.003041002,0.002837726,0.51849743,0.004423864,0.007044976,0.004368275,-0.006048381,-0.000101328,0.155680474,-0.004680147,-0.00273389,0.164887935,0.153791964,0.148442954,0.159538925,-0.148442954,-0.159538925,-0.164887935,-0.153791964,0.005101346,0.004423864,0.007044976
54.79986,0.965925826,0.258819045,0,0,0.523598776,0,0,0.966565311,0.25638777,0.003024053,0.002795002,0.518586187,0.004412693,0.006953888,0.002310425,0.005518646,-0.000883639,0.156117286,-0.007676153,-0.002808078,0.166601479,0.151249185,0.145633027,0.160985321,-0.145633027,-0.160985321,-0.166601479,-0.151249185,0.005012589,0.004412693,0.006953888
54.85056996,0.965925826,0.258819045,0,0,0.523598776,0,0,0.966540575,0.256481349,0.003005934,0.002757194,0.518779538,0.004396391,0.006871932,0.002560765,-0.002755225,0.000173599,0.15526401,-0.006911719,-0.003277124,0.165452808,0.151629388,0.145075142,0.158898562,-0.145075142,-0.158898562,-0.165452808,-0.151629388,0.004819238,0.004396391,0.006871932
54.90073991,0.965925826,0.258819045,0,0,0.523598776,0,0,0.966534197,0.256505489,0.003005828,0.002742495,0.518829437,0.004403555,0.006843573,0.000210851,0.001855939,0.002316385,0.156006588,-0.005468502,-0.00276325,0.164238304,0.153301299,0.147774801,0.158711806,-0.147774801,-0.158711806,-0.164238304,-0.153301299,0.004769339,0.004403555,0.006843573
54.94994998,0.965925826,0.258819045,0,0,0.523598776,0,0,0.966516733,0.256571352,0.003009514,0.002775041,0.518965825,0.004393512,0.006908678,0.000897795,-0.001503527,-0.000494719,0.156511212,-0.006842413,-0.003216492,0.164238304,0.153301299,0.147774801,0.158711806,-0.147774801,-0.158711806,-0.164238304,-0.153301299,0.004632951,0.004393512,0.006908678
55.00043988,0.965925826,0.258819045,0,0,0.523598776,0,0,0.966510415,0.256595135,0.002997529,0.002757966,0.519014904,0.004378938,0.006869627,-0.000709295,-0.002221763,-0.002811849,0.156664779,-0.005443389,-0.002255243,0.164363369,0.153476596,0.148966119,0.159852892,-0.148966119,-0.159852892,-0.164363369,-0.153476596,0.004583872,0.004378938,0.006869627
55.04978991,0.965925826,0.258819045,0,0,0.523598776,0,0,0.966512799,0.256586283,0.002990478,0.002751195,0.518996499,0.004368847,0.00685288,0.006052107,0.003243238,0.002435595,0.155186757,-0.007166813,-0.003290745,0.164363369,0.153476596,0.148966119,0.159852892,-0.148966119,-0.159852892,-0.164363369,-0.153476596,0.004602277,0.004368847,0.00685288
55.10089993,0.965925826,0.258819045,0,0,0.523598776,0,0,0.966510653,0.256593883,0.003002875,0.002798761,0.519012504,0.004368345,0.006951225,0.001443177,0.003854186,0.00301972,0.156193844,-0.007475782,-0.003450966,0.167120546,0.152169004,0.145267069,0.160218626,-0.145267069,-0.160218626,-0.167120546,-0.152169004,0.004586272,0.004368345,0.006951225
55.15071988,0.965925826,0.258819045,0,0,0.523598776,0,0,0.966500223,0.256632805,0.003004553,0.002826563,0.519093175,0.004357037,0.007006003,0.003459305,-0.00064075,-0.000169873,0.156476749,-0.007125193,-0.003584731,0.167186633,0.15293625,0.145766795,0.160017177,-0.145766795,-0.160017177,-0.167186633,-0.15293625,0.004505601,0.004357037,0.007006003
55.20186996,0.965925826,0.258819045,0,0,0.523598776,0,0,0.966494441,0.256654352,0.003023497,0.002836499,0.519137967,0.0043884,0.007035034,0.0018619,0.003414601,0.002679974,0.155729107,-0.006086185,-0.002833665,0.16464892,0.152476564,0.14680922,0.158981591,-0.14680922,-0.158981591,-0.16464892,-0.152476564,0.004460809,0.0043884,0.007035034
55.25076985,0.965925826,0.258819045,0,0,0.523598776,0,0,0.966494143,0.256655365,0.003012413,0.002816805,0.519139943,0.004377077,0.006991279,0.000562519,0.000608712,-0.000469387,0.156069015,-0.007398471,-0.003423991,0.166891441,0.152094498,0.145246521,0.160043463,-0.145246521,-0.160043463,-0.166891441,-0.152094498,0.004458833,0.004377077,0.006991279
55.29992986,0.965925826,0.258819045,0,0,0.523598776,0,0,0.966483235,0.256696343,0.003008131,0.00285554,0.519224813,0.004348617,0.00706414,-0.000445545,-0.001306832,0.001888722,0.156549855,-0.006117365,-0.003200235,0.165867418,0.1536327,0.14723222,0.159466952,-0.14723222,-0.159466952,-0.165867418,-0.1536327,0.004373963,0.004348617,0.00706414
55.35143995,0.965925826,0.258819045,0,0,0.523598776,0,0,0.966483474,0.256695509,0.003010806,0.002848791,0.519223083,0.004357258,0.007052465,0.001675636,-0.006714463,0.000526756,0.156081646,-0.004558747,-0.002838506,0.163478866,0.154361367,0.148684368,0.157801852,-0.148684368,-0.157801852,-0.163478866,-0.154361367,0.004375693,0.004357258,0.007052465
55.40091991,0.965925826,0.258819045,0,0,0.523598776,0,0,0.966480911,0.256705284,0.003014936,0.002848575,0.519243326,0.004365281,0.007054212,0.005651266,0.002195686,-0.000855327,0.155211012,-0.006818986,-0.002806954,0.163478866,0.154361367,0.148684368,0.157801852,-0.148684368,-0.157801852,-0.163478866,-0.154361367,0.00435545,0.004365281,0.007054212
55.44984984,0.965925826,0.258819045,0,0,0.523598776,0,0,0.96648401,0.256693244,0.003031046,0.002853791,0.519218602,0.004393831,0.007072512,-0.001190603,-0.001458824,0.004025549,0.156713544,-0.006242714,-0.003559471,0.166515693,0.154030263,0.146911323,0.159396753,-0.146911323,-0.159396753,-0.166515693,-0.154030263,0.004380174,0.004393831,0.007072512
55.50102997,0.965925826,0.258819045,0,0,0.523598776,0,0,0.966479242,0.256711721,0.003025297,0.002842309,0.519256693,0.004388479,0.007047448,0.001173467,0.001931936,-0.001105666,0.156709125,-0.007329045,-0.003915846,0.167953983,0.153295889,0.145464197,0.16012229,-0.145464197,-0.16012229,-0.167953983,-0.153295889,0.004342083,0.004388479,0.007047448
55.55198002,0.965925826,0.258819045,0,0,0.523598776,0,0,0.966480553,0.256705403,0.003046428,0.002876657,0.51924406,0.004411735,0.007124666,0.000841171,0.002554805,0.002042204,0.156190229,-0.006773595,-0.002741309,0.1657051,0.152157918,0.146675289,0.160222471,-0.146675289,-0.160222471,-0.1657051,-0.152157918,0.004354716,0.004411735,0.007124666
55.59992981,0.965925826,0.258819045,0,0,0.523598776,0,0,0.966484964,0.256689459,0.003031065,0.002870307,0.519210837,0.004385416,0.007104429,-0.00077039,-0.000992417,0.001654774,0.15662497,-0.006229131,-0.003180334,0.1660344,0.153576151,0.147215471,0.159673735,-0.147215471,-0.159673735,-0.1660344,-0.153576151,0.004387939,0.004385416,0.007104429
55.64978981,0.965925826,0.258819045,0,0,0.523598776,0,0,0.966502547,0.256623089,0.003034619,0.002896645,0.51907361,0.004379255,0.007156864,0.000991672,0.000155717,0.00070408,0.156275262,-0.006491372,-0.003075462,0.165842056,0.152859315,0.146708399,0.15969114,-0.146708399,-0.15969114,-0.165842056,-0.152859315,0.004525166,0.004379255,0.007156864
55.70112991,0.965925826,0.258819045,0,0,0.523598776,0,0,0.966495514,0.256649375,0.003036314,0.002880793,0.519128006,0.004390475,0.007127213,0.006151945,-0.00129044,4.99E-05,0.155128134,-0.005996144,-0.002920663,0.164044902,0.152052626,0.146211296,0.158203572,-0.146211296,-0.158203572,-0.164044902,-0.152052626,0.00447077,0.004390475,0.007127213
55.75055981,0.965925826,0.258819045,0,0,0.523598776,0,0,0.966498792,0.256637841,0.003025854,0.002839484,0.519115177,0.004398886,0.0070538,0.00018701,0.00378415,0.000568479,0.156754106,-0.005402127,-0.003265462,0.165421665,0.154617414,0.148086488,0.158890739,-0.148086488,-0.158890739,-0.165421665,-0.154617414,0.004483599,0.004398886,0.0070538
55.80094004,0.965925826,0.258819045,0,0,0.523598776,0,0,0.966496289,0.256646961,0.003049206,0.00284039,0.519122946,0.004436151,0.007055718,-0.00076741,0.001934916,0.001258403,0.155698314,-0.005446517,-0.003050067,0.164194867,0.153301835,0.147201702,0.158094719,-0.147201702,-0.158094719,-0.164194867,-0.153301835,0.00447583,0.004436151,0.007055718
55.85035992,0.965925826,0.258819045,0,0,0.523598776,0,0,0.966505826,0.256611228,0.003055263,0.002835191,0.519049014,0.00445079,0.007048614,0.002082438,0.0017263,0.000641495,0.15664952,-0.006964717,-0.00314111,0.166755304,0.152825877,0.146543667,0.160473093,-0.146543667,-0.160473093,-0.166755304,-0.152825877,0.004549762,0.00445079,0.007048614
55.90071988,0.965925826,0.258819045,0,0,0.523598776,0,0,0.966510057,0.256594747,0.003061842,0.002854499,0.519015085,0.004453718,0.007089239,0.003839285,0.004258008,0.003119559,0.155667168,-0.007693073,-0.00353838,0.166898578,0.151512444,0.144435689,0.159821823,-0.144435689,-0.159821823,-0.166898578,-0.151512444,0.004583691,0.004453718,0.007089239
55.94990993,0.965925826,0.258819045,0,0,0.523598776,0,0,0.966512501,0.25658533,0.003064521,0.00287573,0.5189957,0.004448069,0.00713161,0.003115088,-0.003691018,0.00467524,0.155824605,-0.005701283,-0.003651139,0.165176988,0.153774425,0.146472156,0.157874703,-0.146472156,-0.157874703,-0.165176988,-0.153774425,0.004603076,0.004448069,0.00713161
56.00100994,0.965925826,0.258819045,0,0,0.523598776,0,0,0.96652019,0.256556422,0.003072885,0.002869156,0.518935924,0.004467824,0.007123061,-0.002968312,0.002335757,0.004004688,0.157179427,-0.007326721,-0.003650776,0.168156892,0.153503448,0.146201894,0.160855338,-0.146201894,-0.160855338,-0.168156892,-0.153503448,0.004662852,0.004467824,0.007123061
56.04991984,0.965925826,0.258819045,0,0,0.523598776,0,0,0.966520905,0.25655371,0.003063367,0.002874542,0.518930252,0.004446682,0.007128577,0.005162508,-0.001016259,0.005304068,0.155394017,-0.00643353,-0.00382309,0.168156892,0.153503448,0.146201894,0.160855338,-0.146201894,-0.160855338,-0.168156892,-0.153503448,0.004668524,0.004446682,0.007128577
56.10125995,0.965925826,0.258819045,0,0,0.523598776,0,0,0.966538727,0.25648582,0.003073294,0.002931156,0.518790091,0.004437329,0.007242798,-0.001585484,-0.002411008,0.001139194,0.156898105,-0.005904541,-0.003582786,0.166385397,0.154576316,0.14741075,0.159219816,-0.14741075,-0.159219816,-0.166385397,-0.154576316,0.004808685,0.004437329,0.007242798
56.14988995,0.965925826,0.258819045,0,0,0.523598776,0,0,0.966539562,0.256481946,0.003078768,0.002953046,0.518782271,0.004436712,0.007287905,0.001931936,-0.003188849,0.003621727,0.156911884,-0.005938509,-0.003122571,0.166385397,0.154576316,0.14741075,0.159219816,-0.14741075,-0.159219816,-0.166385397,-0.154576316,0.004816505,0.004436712,0.007287905
56.20227981,0.965925826,0.258819045,0,0,0.523598776,0,0,0.96653688,0.256491959,0.003082655,0.002957964,0.518803048,0.004441626,0.007299452,-0.002732874,-0.002002717,-0.001372397,0.156134636,-0.005895524,-0.003570984,0.165601104,0.153810069,0.146668091,0.158459142,-0.146668091,-0.158459142,-0.165601104,-0.153810069,0.004795728,0.004441626,0.007299452
56.25084996,0.965925826,0.258819045,0,0,0.523598776,0,0,0.966546118,0.256458193,0.003058658,0.002911623,0.518732728,0.004419263,0.007197403,-0.00038594,-0.000946224,-0.000391901,0.15666575,-0.006179717,-0.002872835,0.165718257,0.153358832,0.147613168,0.159972593,-0.147613168,-0.159972593,-0.165718257,-0.153358832,0.004866048,0.004419263,0.007197403
56.30014992,0.965925826,0.258819045,0,0,0.523598776,0,0,0.966546178,0.256457657,0.003049104,0.002928107,0.518731623,0.004392344,0.007224366,0.000742823,0.001513213,0.004098565,0.156417514,-0.007125481,-0.003727148,0.167270109,0.153019145,0.145564854,0.159815803,-0.145564854,-0.159815803,-0.167270109,-0.153019145,0.004867153,0.004392344,0.007224366
56.35009003,0.965925826,0.258819045,0,0,0.523598776,0,0,0.966544688,0.25646323,0.003049731,0.002952513,0.518743224,0.004380994,0.007271893,0.004715472,-0.003780425,0.002335757,0.155539907,-0.005586467,-0.003339058,0.164465398,0.153292462,0.146614358,0.157787278,-0.146614358,-0.157787278,-0.164465398,-0.153292462,0.004855552,0.004380994,0.007271893
56.40154982,0.965925826,0.258819045,0,0,0.523598776,0,0,0.966561556,0.256400138,0.003048135,0.002942126,0.518612571,0.00438371,0.007250708,0.0017263,0.003369898,0.002322346,0.157098072,-0.00726429,-0.003148694,0.167511016,0.152982444,0.146685064,0.161213636,-0.146685064,-0.161213636,-0.167511016,-0.152982444,0.004986205,0.00438371,0.007250708
56.45544982,0.965925826,0.258819045,0,0,0.523598776,0,0,0.966556072,0.256420255,0.003059551,0.002951425,0.518654387,0.00440086,0.007274632,-0.001625717,-0.001105666,0.001388043,0.156234905,-0.007512949,-0.003480307,0.167511016,0.152982444,0.146685064,0.161213636,-0.146685064,-0.161213636,-0.167511016,-0.152982444,0.004944389,0.00440086,0.007274632
56.50184989,0.965925826,0.258819045,0,0,0.523598776,0,0,0.966559887,0.256406516,0.003052703,0.002924336,0.518625751,0.004401616,0.00721869,0.000392646,0.001914054,-0.001339615,0.156956673,-0.006313243,-0.003220469,0.166490346,0.153863862,0.147422925,0.160049409,-0.147422925,-0.160049409,-0.166490346,-0.153863862,0.004973025,0.004401616,0.00721869
56.54984999,0.965925826,0.258819045,0,0,0.523598776,0,0,0.966554105,0.256427974,0.003053163,0.002961739,0.518670289,0.004383163,0.007291329,0.001332909,-0.000683963,0.002857298,0.156303019,-0.006497098,-0.003502581,0.166302666,0.153308466,0.146303311,0.159297496,-0.146303311,-0.159297496,-0.166302666,-0.153308466,0.004928487,0.004383163,0.007291329
56.60086989,0.965925826,0.258819045,0,0,0.523598776,0,0,0.966544628,0.256463081,0.003055091,0.002973593,0.51874306,0.004380544,0.007315393,0.000796467,0.002340227,0.001568347,0.156404468,-0.007242849,-0.003360465,0.167007744,0.152522057,0.145801127,0.160286814,-0.145801127,-0.160286814,-0.167007744,-0.152522057,0.004855716,0.004380544,0.007315393
56.65093994,0.965925826,0.258819045,0,0,0.523598776,0,0,0.966543972,0.256465882,0.003047893,0.002945848,0.518748687,0.00438084,0.007258079,2.76E-05,-0.00307411,-0.001962483,0.156570015,-0.005537521,-0.00259513,0.164702624,0.153627589,0.148437336,0.159512371,-0.148437336,-0.159512371,-0.164702624,-0.153627589,0.004850089,0.00438084,0.007258079
56.70108986,0.965925826,0.258819045,0,0,0.523598776,0,0,0.966509819,0.256594688,0.003055023,0.002966364,0.519015308,0.004383126,0.00730198,0.000105053,-0.000521541,0.000847131,0.156031408,-0.007802064,-0.003372017,0.164702624,0.153627589,0.148437336,0.159512371,-0.148437336,-0.159512371,-0.164702624,-0.153627589,0.004583468,0.004383126,0.00730198
56.7515099,0.965925826,0.258819045,0,0,0.523598776,0,0,0.966498733,0.256637156,0.003047998,0.002898385,0.519102871,0.004404119,0.007167159,0.005391987,-0.000840426,-0.003404915,0.156483905,-0.006431708,-0.003161279,0.166076854,0.153213441,0.146890894,0.159754291,-0.146890894,-0.159754291,-0.166076854,-0.153213441,0.004495905,0.004404119,0.007167159
56.79975986,0.965925826,0.258819045,0,0,0.523598776,0,0,0.966477692,0.256716222,0.003046124,0.002895945,0.519266484,0.004401165,0.007161841,0.001481921,0.003222376,-0.000679493,0.155303496,-0.005934731,-0.002350656,0.166076854,0.153213441,0.146890894,0.159754291,-0.146890894,-0.159754291,-0.166076854,-0.153213441,0.004332292,0.004401165,0.007161841
56.8485198,0.965925826,0.258819045,0,0,0.523598776,0,0,0.966460049,0.25678274,0.003046144,0.002896608,0.519404124,0.00440037,0.007163437,0.00390783,-0.00795573,0.002827496,0.155541923,-0.004441735,-0.003263447,0.163247064,0.154363602,0.147836715,0.156720176,-0.147836715,-0.156720176,-0.163247064,-0.154363602,0.004194652,0.00440037,0.007163437
56.89868999,0.965925826,0.258819045,0,0,0.523598776,0,0,0.966440558,0.25685668,0.003023042,0.002884505,0.51955684,0.004361386,0.00712851,0.000432879,0.000790507,-0.001826883,0.156274066,-0.00647865,-0.002638624,0.165391296,0.152434006,0.14715676,0.16011405,-0.14715676,-0.16011405,-0.165391296,-0.152434006,0.004041936,0.004361386,0.00712851
56.94836998,0.965925826,0.258819045,0,0,0.523598776,0,0,0.966418266,0.256940573,0.003022056,0.002883571,0.519730439,0.004359341,0.007126575,0.002362579,-0.003470481,-0.000913441,0.155802045,-0.00537994,-0.002702644,0.163884595,0.15312472,0.147719428,0.158479303,-0.147719428,-0.158479303,-0.163884595,-0.15312472,0.003868337,0.004359341,0.007126575
56.99829984,0.965925826,0.258819045,0,0,0.523598776,0,0,0.966403186,0.256996781,0.003040456,0.002886126,0.519846982,0.004393177,0.007141228,0.004585833,-0.003422797,0.000604242,0.155282895,-0.005488921,-0.002970808,0.163742587,0.152764753,0.146823138,0.157800972,-0.146823138,-0.157800972,-0.163742587,-0.152764753,0.003751794,0.004393177,0.007141228
57.04813981,0.965925826,0.258819045,0,0,0.523598776,0,0,0.966368616,0.257126898,0.003042037,0.00291024,0.520116315,0.004382869,0.007189237,0.005248934,0.004947931,0.002913922,0.156225714,-0.006074193,-0.002814811,0.165114686,0.152966306,0.147336677,0.159485057,-0.147336677,-0.159485057,-0.165114686,-0.152966306,0.003482461,0.004382869,0.007189237
57.09847999,0.965925826,0.258819045,0,0,0.523598776,0,0,0.966348767,0.257201016,0.003054578,0.002913789,0.520269885,0.004404731,0.007202885,0.00327155,0.001282245,0.000474602,0.155071478,-0.007904437,-0.003587823,0.166563705,0.150754839,0.143579185,0.15938805,-0.143579185,-0.15938805,-0.166563705,-0.150754839,0.003328891,0.004404731,0.007202885
57.14835,0.965925826,0.258819045,0,0,0.523598776,0,0,0.966334462,0.25725463,0.003053648,0.00291459,0.52038086,0.00440212,0.007204199,0.004728884,0.000741333,0.000623614,0.155115239,-0.006652652,-0.003099341,0.164867193,0.151561901,0.145363212,0.158668518,-0.145363212,-0.158668518,-0.164867193,-0.151561901,0.003217916,0.00440212,0.007204199
57.19871998,0.965925826,0.258819045,0,0,0.523598776,0,0,0.966318429,0.257314801,0.003046148,0.002915017,0.520505341,0.004386958,0.00720144,0.003730506,0.00082776,0.000972301,0.155301852,-0.006701275,-0.003161167,0.165164262,0.151761711,0.145439386,0.158841923,-0.145439386,-0.158841923,-0.165164262,-0.151761711,0.003093435,0.004386958,0.00720144
57.24856997,0.965925826,0.258819045,0,0,0.523598776,0,0,0.966301918,0.257376701,0.003063294,0.002931579,0.520633647,0.004411108,0.007242554,0.005719811,-9.83E-05,-0.000986457,0.154832072,-0.006345657,-0.002822125,0.163999811,0.151308507,0.14566426,0.158355564,-0.14566426,-0.158355564,-0.163999811,-0.151308507,0.002965129,0.004411108,0.007242554
57.29992986,0.965925826,0.258819045,0,0,0.523598776,0,0,0.966292739,0.25741154,0.003027593,0.002908346,0.520705358,0.004353813,0.007179432,0.005614013,0.002061576,-0.001448393,0.154849526,-0.006864486,-0.002782298,0.164496273,0.150767311,0.145202711,0.158931673,-0.145202711,-0.158931673,-0.164496273,-0.150767311,0.002893418,0.004353813,0.007179432
57.34988999,0.965925826,0.258819045,0,0,0.523598776,0,0,0.966280878,0.257455319,0.003052975,0.002967752,0.520796419,0.004371949,0.007307507,0.00393018,0.001358241,0.004751235,0.154688015,-0.006249731,-0.003639283,0.164576992,0.152077541,0.144798964,0.157298431,-0.144798964,-0.157298431,-0.164576992,-0.152077541,0.002802357,0.004371949,0.007307507
57.39945984,0.965925826,0.258819045,0,0,0.523598776,0,0,0.966281414,0.257453382,0.003025256,0.00297792,0.520792196,0.004313159,0.007312874,0.001541525,-0.001519918,0.001063198,0.155180162,-0.007155156,-0.003886911,0.164576992,0.152077541,0.144798964,0.157298431,-0.144798964,-0.157298431,-0.164576992,-0.152077541,0.00280658,0.004313159,0.007312874
57.44972992,0.965925826,0.258819045,0,0,0.523598776,0,0,0.966273427,0.257483363,0.003023681,0.002998427,0.520854283,0.004299328,0.007351829,0.008343905,0.003428013,0.002739578,0.154198365,-0.007548765,-0.003633662,0.165380761,0.150283232,0.143015906,0.158113435,-0.143015906,-0.158113435,-0.165380761,-0.150283232,0.002744493,0.004299328,0.007351829
57.50086999,0.965925826,0.258819045,0,0,0.523598776,0,0,0.966271102,0.257491738,0.00301388,0.003008758,0.520871607,0.004275002,0.007366785,0.000504404,0.002469867,0.002538413,0.155914302,-0.007353844,-0.003575703,0.165380761,0.150283232,0.143015906,0.158113435,-0.143015906,-0.158113435,-0.165380761,-0.150283232,0.002727169,0.004275002,0.007366785
57.54785991,0.965925826,0.258819045,0,0,0.523598776,0,0,0.966271758,0.257489473,0.003001144,0.002992923,0.520866753,0.004258563,0.007329613,-0.004447997,0.004015117,0.001541525,0.157003884,-0.007714451,-0.003412648,0.168130949,0.152702048,0.14587675,0.161305651,-0.14587675,-0.161305651,-0.168130949,-0.152702048,0.002732023,0.004258563,0.007329613
57.59804988,0.965925826,0.258819045,0,0,0.523598776,0,0,0.966269314,0.257498145,0.003026998,0.003038804,0.520885086,0.004284831,0.007431635,0.003571063,-0.000543892,0.002910941,0.155235189,-0.006591645,-0.003610898,0.165437698,0.152254418,0.145032614,0.158215895,-0.145032614,-0.158215895,-0.165437698,-0.152254418,0.00271369,0.004284831,0.007431635
57.6493299,0.965925826,0.258819045,0,0,0.523598776,0,0,0.966271818,0.257488638,0.003031963,0.00303232,0.520865451,0.004297838,0.007421619,0.001559407,-0.000202656,0.001152605,0.156727953,-0.007700501,-0.003583609,0.168012023,0.152611032,0.145443812,0.160844803,-0.145443812,-0.160844803,-0.168012023,-0.152611032,0.002733325,0.004297838,0.007421619
57.69941998,0.965925826,0.258819045,0,0,0.523598776,0,0,0.96627605,0.257473052,0.003024851,0.003034315,0.520833095,0.004283186,0.007421743,0.000459701,0.00019595,0.004994124,0.155683128,-0.006586578,-0.003302573,0.165572241,0.152399093,0.145793945,0.158967093,-0.145793945,-0.158967093,-0.165572241,-0.152399093,0.002765681,0.004283186,0.007421743
57.74949002,0.965925826,0.258819045,0,0,0.523598776,0,0,0.966268301,0.257502019,0.003026123,0.003032757,0.520893075,0.004286225,0.007419516,0.00237748,-0.001163781,0.002165884,0.155495123,-0.006381997,-0.003458796,0.165335879,0.152571887,0.145654306,0.158418283,-0.145654306,-0.158418283,-0.165335879,-0.152571887,0.002705701,0.004286225,0.007419516
57.80066991,0.965925826,0.258819045,0,0,0.523598776,0,0,0.966264188,0.257518321,0.00298073,0.003010935,0.520926275,0.004209616,0.007354034,0.002009422,0.000951439,0.003156811,0.15556845,-0.006944888,-0.003657988,0.166171283,0.152281523,0.144965544,0.158855319,-0.144965544,-0.158855319,-0.166171283,-0.152281523,0.002672501,0.004209616,0.007354034
57.85002995,0.965925826,0.258819045,0,0,0.523598776,0,0,0.966255724,0.257550001,0.002987606,0.002993088,0.520991874,0.004231855,0.007323224,0.004754216,-0.000333786,0.001811236,0.154948791,-0.006473308,-0.003380034,0.164802089,0.151855484,0.145095423,0.158042029,-0.145095423,-0.158042029,-0.164802089,-0.151855484,0.002606902,0.004231855,0.007323224
57.8999598,0.965925826,0.258819045,0,0,0.523598776,0,0,0.966240942,0.257605851,0.002970756,0.002965108,0.521107221,0.004213286,0.007260715,0.009020418,-0.003518164,0.002590567,0.153979398,-0.005576926,-0.003421064,0.162977353,0.151823506,0.144981369,0.156135216,-0.144981369,-0.156135216,-0.162977353,-0.151823506,0.002491555,0.004213286,0.007260715
57.95065999,0.965925826,0.258819045,0,0,0.523598776,0,0,0.966225863,0.257663339,0.002937382,0.002904566,0.521225686,0.004179561,0.007126768,0.005998462,-0.005325675,-3.58E-05,0.156355481,-0.005797596,-0.003020911,0.165173948,0.153578758,0.147536948,0.159132123,-0.147536948,-0.159132123,-0.165173948,-0.153578758,0.00237309,0.004179561,0.007126768
58.00106001,0.965925826,0.258819045,0,0,0.523598776,0,0,0.966217637,0.257694483,0.002940254,0.002901183,0.521290124,0.004186626,0.007121845,-0.001215935,-0.000308454,-0.001746416,0.154612723,-0.004851768,-0.002854172,0.162318632,0.1526151,0.146906748,0.15661028,-0.146906748,-0.15661028,-0.162318632,-0.1526151,0.002308652,0.004186626,0.007121845
58.05057001,0.965925826,0.258819045,0,0,0.523598776,0,0,0.966225028,0.257667094,0.002935359,0.002884248,0.521233311,0.004186096,0.007086476,-0.000120699,0.00300631,-7.15E-05,0.15618422,-0.006152675,-0.0026543,0.164991155,0.152685821,0.147377208,0.159682557,-0.147377208,-0.159682557,-0.164991155,-0.152685821,0.002365465,0.004186096,0.007086476
58.10134983,0.965925826,0.258819045,0,0,0.523598776,0,0,0.966226995,0.257659525,0.002936389,0.0028915,0.521217694,0.004184403,0.007100989,-0.001293421,0.004132838,0.002532452,0.15622071,-0.007598144,-0.003483544,0.167302355,0.152106076,0.145138994,0.160335273,-0.145138994,-0.160335273,-0.167302355,-0.152106076,0.002381082,0.004184403,0.007100989
58.15004992,0.965925826,0.258819045,0,0,0.523598776,0,0,0.966229677,0.257649034,0.002938741,0.002910766,0.5211961,0.004179098,0.007139389,-0.005581975,-0.000821054,-0.000753999,0.157165665,-0.006132629,-0.002817124,0.166115373,0.153850123,0.148215875,0.160481125,-0.148215875,-0.160481125,-0.166115373,-0.153850123,0.002402676,0.004179098,0.007139389
58.20098996,0.965925826,0.258819045,0,0,0.523598776,0,0,0.966242969,0.257599711,0.00292502,0.002898226,0.521093799,0.004159408,0.007107871,-0.000749528,7.45E-07,0.001624972,0.15613138,-0.00643021,-0.003243215,0.165804774,0.152944356,0.146457925,0.159318343,-0.146457925,-0.159318343,-0.165804774,-0.152944356,0.002504977,0.004159408,0.007107871
58.25137997,0.965925826,0.258819045,0,0,0.523598776,0,0,0.966263413,0.257522315,0.002922803,0.002968686,0.520933831,0.004119401,0.007242564,-2.68E-05,0.003048033,0.0060834,0.156722023,-0.007558626,-0.003626269,0.16790688,0.152789637,0.145537093,0.160654336,-0.145537093,-0.160654336,-0.16790688,-0.152789637,0.002664945,0.004119401,0.007242564
58.2990799,0.965925826,0.258819045,0,0,0.523598776,0,0,0.966272533,0.257487178,0.002939716,0.002998574,0.52086143,0.004136958,0.007308886,-0.005711616,-0.000968575,-9.98E-05,0.156013501,-0.007606415,-0.004165989,0.167785868,0.152573049,0.144241065,0.159453884,-0.144241065,-0.159453884,-0.167785868,-0.152573049,0.002737346,0.004136958,0.007308886
58.34852982,0.965925826,0.258819045,0,0,0.523598776,0,0,0.966284096,0.257444561,0.002916573,0.002976463,0.520772881,0.00410394,0.007254054,0.003945083,-0.003799797,-0.000362098,0.157280054,-0.006243834,-0.003027911,0.166551769,0.154064104,0.148008272,0.160495937,-0.148008272,-0.160495937,-0.166551769,-0.154064104,0.002825895,0.00410394,0.007254054
58.39860988,0.965925826,0.258819045,0,0,0.523598776,0,0,0.966284513,0.257443368,0.002906637,0.00295853,0.520770245,0.004093981,0.007214275,-0.000344217,-0.000156462,-6.71E-05,0.156127107,-0.006328333,-0.003020608,0.165476009,0.15281935,0.146778136,0.159434795,-0.146778136,-0.159434795,-0.165476009,-0.15281935,0.002828531,0.004093981,0.007214275
58.44903994,0.965925826,0.258819045,0,0,0.523598776,0,0,0.966284752,0.257442892,0.002875955,0.002932851,0.520768902,0.004047911,0.007148846,0.001723319,-0.001686811,-0.000451505,0.155673041,-0.005814732,-0.002897726,0.164385468,0.152756006,0.146960557,0.158590004,-0.146960557,-0.158590004,-0.164385468,-0.152756006,0.002829874,0.004047911,0.007148846
58.49973989,0.965925826,0.258819045,0,0,0.523598776,0,0,0.966285765,0.257439733,0.002881422,0.002888454,0.520762225,0.004081359,0.007065846,0.001022965,-0.002324581,0.000511855,0.155827805,-0.00566554,-0.002996232,0.164489537,0.153158471,0.147165999,0.15849708,-0.147165999,-0.15849708,-0.164489537,-0.153158471,0.002836551,0.004081359,0.007065846
58.54914999,0.965925826,0.258819045,0,0,0.523598776,0,0,0.966282964,0.25745073,0.002851194,0.002845812,0.520784593,0.004044819,0.006967918,0.00237748,0.001620501,0.003289432,0.155525565,-0.006804237,-0.003518641,0.165848404,0.152239934,0.145202652,0.158811122,-0.145202652,-0.158811122,-0.165848404,-0.152239934,0.002814183,0.004044819,0.006967918
58.60001993,0.965925826,0.258819045,0,0,0.523598776,0,0,0.966283083,0.257451862,0.00280324,0.002775402,0.520786203,0.003988392,0.006807153,-0.001959503,-0.002066791,-0.000226498,0.155846574,-0.004628381,-0.003186193,0.163661107,0.154404357,0.148031965,0.15728873,-0.148031965,-0.15728873,-0.163661107,-0.154404357,0.002812573,0.003988392,0.006807153
58.65095997,0.965925826,0.258819045,0,0,0.523598776,0,0,0.966291606,0.257420391,0.002786385,0.002750667,0.520720814,0.003968776,0.006750541,0.001121312,0.0008367,-0.000579655,0.156477505,-0.005503769,-0.002748533,0.164729774,0.153722242,0.148225173,0.159232706,-0.148225173,-0.159232706,-0.164729774,-0.153722242,0.002877962,0.003968776,0.006750541
58.70044994,0.965925826,0.258819045,0,0,0.523598776,0,0,0.966297328,0.257398874,0.002788682,0.002738782,0.520676276,0.003979483,0.006728666,-0.002001226,0.002808124,0.00135526,0.156517811,-0.006845607,-0.003092182,0.166455567,0.15276435,0.146579996,0.160271198,-0.146579996,-0.160271198,-0.166455567,-0.15276435,0.0029225,0.003979483,0.006728666
58.75096989,0.965925826,0.258819045,0,0,0.523598776,0,0,0.966304243,0.257373124,0.002779795,0.002716594,0.52062284,0.003973909,0.006681105,-0.001911819,-0.004400313,-0.001989305,0.156509215,-0.004673426,-0.002326284,0.163508892,0.154162034,0.149509475,0.158856317,-0.149509475,-0.158856317,-0.163508892,-0.154162034,0.002975936,0.003973909,0.006681105
58.80109,0.965925826,0.258819045,0,0,0.523598776,0,0,0.966313303,0.257339895,0.002760628,0.002681412,0.520553739,0.003955206,0.006603108,-0.001838803,-0.002084672,0.002700836,0.15651058,-0.005532303,-0.003151034,0.165193886,0.154129282,0.147827208,0.158891812,-0.147827208,-0.158891812,-0.165193886,-0.154129282,0.003045037,0.003955206,0.006603108
58.85099983,0.965925826,0.258819045,0,0,0.523598776,0,0,0.966335118,0.257256985,0.002770365,0.002757691,0.520382508,0.003935342,0.006755202,-0.001381338,-0.002454221,0.003121048,0.156070705,-0.006183006,-0.003679827,0.165933505,0.153567493,0.146207839,0.158573851,-0.146207839,-0.158573851,-0.165933505,-0.153567493,0.003216268,0.003935342,0.006755202
58.90088987,0.965925826,0.258819045,0,0,0.523598776,0,0,0.966347456,0.25721094,0.002757937,0.00276559,0.520287092,0.003907581,0.006763887,0.00173375,-0.000751019,0.001037866,0.15609693,-0.005989536,-0.00297427,0.165060699,0.153081626,0.147133097,0.159112155,-0.147133097,-0.159112155,-0.165060699,-0.153081626,0.003311684,0.003907581,0.006763887
58.94851995,0.965925826,0.258819045,0,0,0.523598776,0,0,0.966356397,0.257177353,0.002760781,0.00274209,0.520217552,0.0039254,0.006719796,0.000128895,-0.00359565,0.00314638,0.155797279,-0.005844374,-0.002998543,0.164640158,0.152951419,0.146954328,0.158643067,-0.146954328,-0.158643067,-0.164640158,-0.152951419,0.003381224,0.0039254,0.006719796
58.99821997,0.965925826,0.258819045,0,0,0.523598776,0,0,0.966370404,0.257124722,0.002769825,0.002755085,0.520108721,0.003936563,0.00674935,-8.34E-05,-0.000584126,-0.000281632,0.15624331,-0.005818393,-0.002757401,0.164819062,0.153182283,0.147667482,0.159304261,-0.147667482,-0.159304261,-0.164819062,-0.153182283,0.003490055,0.003936563,0.00674935
59.04806995,0.965925826,0.258819045,0,0,0.523598776,0,0,0.966379285,0.257091492,0.002767871,0.0027535,0.520039911,0.003933834,0.006745145,-0.004544855,0.002264232,-0.001208484,0.157242276,-0.006550884,-0.002652802,0.166445926,0.153344169,0.148038566,0.161140323,-0.148038566,-0.161140323,-0.166445926,-0.153344169,0.003558865,0.003933834,0.006745145
59.09818983,0.965925826,0.258819045,0,0,0.523598776,0,0,0.966390491,0.257048905,0.002772591,0.002757559,0.519951881,0.003941166,0.006755245,-0.002023578,0.001382083,0.00185445,0.156709887,-0.00650304,-0.003170181,0.166383073,0.153376997,0.147036642,0.160042703,-0.147036642,-0.160042703,-0.166383073,-0.153376997,0.003646895,0.003941166,0.006755245
59.14943981,0.965925826,0.258819045,0,0,0.523598776,0,0,0.966395438,0.257029444,0.002812584,0.002817974,0.519912154,0.003987542,0.006892496,-0.00167042,0.002954155,0.003903359,0.156642237,-0.007162836,-0.003625026,0.167430058,0.153104395,0.145854339,0.160180002,-0.145854339,-0.160180002,-0.167430058,-0.153104395,0.003686622,0.003987542,0.006892496
59.20021987,0.965925826,0.258819045,0,0,0.523598776,0,0,0.966424763,0.256917,0.00285537,0.002930705,0.519680313,0.004013115,0.007131917,0.003210455,0.003407151,0.005518645,0.156625566,-0.007234105,-0.003823305,0.167682931,0.153214738,0.145568132,0.160036325,-0.145568132,-0.160036325,-0.167682931,-0.153214738,0.003918463,0.004013115,0.007131917
59.24986982,0.965925826,0.258819045,0,0,0.523598776,0,0,0.966433108,0.256886095,0.00284399,0.002936806,0.519616212,0.003988212,0.007137731,0.000640005,-0.001527369,0.002045185,0.155630122,-0.007520311,-0.004048589,0.167198986,0.152158365,0.144061193,0.159101799,-0.144061193,-0.159101799,-0.167198986,-0.152158365,0.003982564,0.003988212,0.007137731
59.3015399,0.965925826,0.258819045,0,0,0.523598776,0,0,0.96644479,0.256842166,0.002839545,0.002934852,0.519525262,0.003980949,0.00713149,0.001040846,0.005335361,0.00185445,0.15614975,-0.007807188,-0.003461773,0.167418674,0.151804298,0.144880757,0.160495132,-0.144880757,-0.160495132,-0.167418674,-0.151804298,0.004073514,0.003980949,0.00713149
59.35092998,0.965925826,0.258819045,0,0,0.523598776,0,0,0.966454506,0.256805122,0.002861354,0.002945714,0.519448863,0.004017798,0.007163537,-0.001941621,0.001802296,0.001231581,0.156821994,-0.006884878,-0.003278372,0.166985199,0.153215453,0.146658719,0.160428464,-0.146658719,-0.160428464,-0.166985199,-0.153215453,0.004149913,0.004017798,0.007163537
59.40121984,0.965925826,0.258819045,0,0,0.523598776,0,0,0.966462851,0.256773561,0.002883489,0.002929821,0.519383716,0.004068981,0.007144054,-8.20E-05,-7.45E-05,0.000990182,0.156429885,-0.006353847,-0.003176256,0.165959954,0.153252259,0.146899745,0.15960744,-0.146899745,-0.15960744,-0.165959954,-0.153252259,0.00421506,0.004068981,0.007144054
59.45096993,0.965925826,0.258819045,0,0,0.523598776,0,0,0.966470838,0.256743848,0.002870564,0.002899242,0.519322014,0.004059919,0.007078184,0.003132969,-5.96E-06,-0.001625717,0.155742135,-0.006124245,-0.002697811,0.164564148,0.152315676,0.146920055,0.159168527,-0.146920055,-0.159168527,-0.164564148,-0.152315676,0.004276762,0.004059919,0.007078184
59.50110984,0.965925826,0.258819045,0,0,0.523598776,0,0,0.96649158,0.256665945,0.002874112,0.002910179,0.51916083,0.004061733,0.007100817,-0.000356138,-0.00167042,0.005546957,0.156168054,-0.007169018,-0.003370379,0.166707411,0.15236938,0.145628631,0.159966663,-0.145628631,-0.159966663,-0.166707411,-0.15236938,0.004437946,0.004061733,0.007100817
59.54996991,0.965925826,0.258819045,0,0,0.523598776,0,0,0.966514647,0.256578505,0.002868117,0.002942228,0.518979987,0.00403434,0.007159326,-0.002017617,-0.000222027,0.002928824,0.156544396,-0.006192166,-0.003905717,0.166642249,0.154257923,0.146446481,0.158830807,-0.146446481,-0.158830807,-0.166642249,-0.154257923,0.004618789,0.00403434,0.007159326
59.60103989,0.965925826,0.258819045,0,0,0.523598776,0,0,0.966532528,0.256511152,0.002871088,0.002970645,0.518840696,0.004026003,0.007215503,-0.001694262,-0.001454353,0.001210719,0.156958187,-0.006457321,-0.003520866,0.166936338,0.154021695,0.146979973,0.159894601,-0.146979973,-0.159894601,-0.166936338,-0.154021695,0.00475808,0.004026003,0.007215503
59.6496098,0.965925826,0.258819045,0,0,0.523598776,0,0,0.966548264,0.256451488,0.002870823,0.002985502,0.518717316,0.004018315,0.007243839,-0.001840294,0.002843887,0.001793355,0.156989999,-0.007252034,-0.003444397,0.167686388,0.153182328,0.146293536,0.160797596,-0.146293536,-0.160797596,-0.167686388,-0.153182328,0.00488146,0.004018315,0.007243839
59.69828987,0.965925826,0.258819045,0,0,0.523598776,0,0,0.966574132,0.256353438,0.002886256,0.00303399,0.518514729,0.004024024,0.007345079,-0.004658103,0.000146776,0.004570932,0.157656768,-0.006815248,-0.003911666,0.168383643,0.154753163,0.14692983,0.16056031,-0.14692983,-0.16056031,-0.168383643,-0.154753163,0.005084047,0.004024024,0.007345079
59.74961996,0.965925826,0.258819045,0,0,0.523598776,0,0,0.966596723,0.25626713,0.002911128,0.003098006,0.518336632,0.00403995,0.007481227,-0.002706051,-0.001598895,0.001531094,0.157274988,-0.006234366,-0.00342176,0.166931078,0.154462352,0.14761883,0.160087556,-0.14761883,-0.160087556,-0.166931078,-0.154462352,0.005262144,0.00403995,0.007481227
59.79906988,0.965925826,0.258819045,0,0,0.523598776,0,0,0.96663785,0.256112516,0.002905478,0.003074778,0.518016558,0.004042122,0.007432779,-0.003738702,0.001973659,0.004128367,0.157415536,-0.00714952,-0.003197655,0.167762667,0.153463647,0.147068337,0.161367357,-0.147068337,-0.161367357,-0.167762667,-0.153463647,0.005582218,0.004042122,0.007432779
59.84957981,0.965925826,0.258819045,0,0,0.523598776,0,0,0.966644287,0.256088287,0.002901179,0.003072002,0.517966377,0.00403542,0.00742511,-4.47E-06,-0.001987815,0.002054125,0.157585817,-0.007328585,-0.003923497,0.167762667,0.153463647,0.147068337,0.161367357,-0.147068337,-0.161367357,-0.167762667,-0.153463647,0.005632399,0.00403542,0.00742511
59.90047002,0.965925826,0.258819045,0,0,0.523598776,0,0,0.966658592,0.256035089,0.002874015,0.003018556,0.517855876,0.004010681,0.007307646,0.000975281,-0.001890957,0.001420826,0.156778335,-0.006094044,-0.003480329,0.166352674,0.154164582,0.147203937,0.159392014,-0.147203937,-0.159392014,-0.166352674,-0.154164582,0.0057429,0.004010681,0.007307646
59.95020986,0.965925826,0.258819045,0,0,0.523598776,0,0,0.9666695,0.255993873,0.002883922,0.003013172,0.517770674,0.004032901,0.007302139,-0.003021956,0.00276044,-0.001163781,0.157496387,-0.007091144,-0.002960053,0.167547539,0.153365269,0.147445157,0.161627442,-0.147445157,-0.161627442,-0.167547539,-0.153365269,0.005828102,0.004032901,0.007302139
60.00039983,0.965925826,0.258819045,0,0,0.523598776,0,0,0.966679215,0.255957931,0.002861259,0.002965542,0.517695933,0.004013742,0.007198298,-0.002460182,-0.003734231,-0.000299513,0.157387936,-0.005334151,-0.002911401,0.165633455,0.154965162,0.149142355,0.159810647,-0.149142355,-0.159810647,-0.165633455,-0.154965162,0.005902843,0.004013742,0.007198298
