time,time_edmd,p,q,r,sindy_p,sindy_q,sindy_r,linear_p,linear_q,linear_r,edmd_p,edmd_q,edmd_r,linear_error,sindy_error,edmd_error
0.0,0.0,-0.086002052,-0.13788195,-0.082948804,-0.086002052,-0.13788195,-0.082948804,-0.086002052,-0.13788195,-0.082948804,0.2688353,-0.131525365,-0.100504321,0.0,0.0,0.354837352
0.0502601,0.0502601,0.323098183,0.040020797,0.045653433,0.24849378,-0.13350051,-0.087745645,0.935537526,-0.144701854,-0.073909726,0.603175451,-0.124261679,-0.116633279,0.6124393429999999,0.07460440299999999,0.28007726800000005
0.0999901,0.0999901,0.522018254,0.083705045,-0.005787612,0.579358104,-0.129200004,-0.089301382,1.95988089,-0.200129603,-0.037038911,0.916586865,-0.116572545,-0.130158235,1.437862636,0.05733984999999997,0.39456861099999996
0.15031,0.15031,1.161375403,0.057692114,-0.056813687,0.898745269,-0.124636722,-0.086705686,2.975316957,-0.359185797,0.066115763,1.194576368,-0.108996357,-0.139886794,1.813941554,0.2626301340000001,0.03320096500000003
0.19993,0.19993,1.505519867,0.064014688,-0.049153004,1.18860049,-0.119038354,-0.079856341,3.932286807,-0.664002188,0.327960411,1.441454034,-0.102101003,-0.146645578,2.4267669400000003,0.31691937700000006,0.06406583300000013
0.2502201,0.2502201,1.888526559,0.060202979,-0.051088676,1.444952581,-0.111801697,-0.068580548,4.830376033,-1.160322244,0.931233078,1.63814055,-0.096013892,-0.149611392,2.9418494740000005,0.4435739780000001,0.2503860090000001
0.2999699,0.2999699,2.070061922,0.053640515,-0.055937529,1.651548697,-0.103508013,-0.053607353,5.622974544,-1.857579674,2.11270063,1.791652955,-0.091353452,-0.150036665,3.552912622,0.4185132249999999,0.27840896699999984
0.3499601,0.3499601,2.193983078,0.048934732,-0.063456677,1.811160624,-0.094577379,-0.035921078,6.313073893,-2.770499832,4.195944237,1.89740612,-0.08808551,-0.148142559,4.119090815,0.38282245400000003,0.29657695799999995
0.4000301,0.4000301,2.257674217,0.051873241,-0.060159046,1.92219433,-0.085726265,-0.016634103,6.886053666,-3.888066531,7.52012124,1.952165191,-0.086141036,-0.144187665,4.628379449,0.335479887,0.30550902599999996
0.4500401,0.4500401,2.212156773,0.050798867,-0.043258131,1.961327046,-0.077794648,0.004914572,7.285929965,-5.176667731,12.38279292,1.913061659,-0.08476048,-0.135262653,5.073773192000001,0.2508297269999997,0.2990951139999998
0.5000401,0.5000401,2.139827967,0.049889892,-0.046396311,1.932555863,-0.071483171,0.027659799,7.504204098,-6.577211404,18.96110024,1.830862343,-0.084743763,-0.125666174,5.364376131,0.20727210400000007,0.30896562400000005
0.5500801,0.5500801,2.013604403,0.046721891,-0.042571176,1.862799309,-0.067097551,0.049333647,7.578749569,-8.034941678,27.31148484,1.707278895,-0.085934154,-0.115420145,5.565145166000001,0.15080509400000008,0.306325508
0.60007,0.60007,1.871381164,0.040214539,-0.035865638,1.752552314,-0.064715043,0.06975834,7.502991739,-9.490893855,37.31885502,1.544613371,-0.088078626,-0.104658168,5.631610575,0.11882884999999987,0.3267677929999999
0.65008,0.65008,1.657028913,0.035242014,-0.033871848,1.602847633,-0.064324835,0.088840759,7.275153718,-10.88976927,48.73028308,1.340324891,-0.090971163,-0.093115876,5.618124805000001,0.05418127999999989,0.3167040219999999
0.69998,0.69998,1.466772199,0.023030503,-0.030164436,1.418172208,-0.06590843,0.10622973,6.902980036,-12.17432528,61.09239366,1.105671982,-0.09439919,-0.081588321,5.4362078369999995,0.0485999909999999,0.36110021699999995
0.7502701,0.7502701,1.181761503,0.020431736,-0.020331154,1.199499214,-0.069449745,0.121901066,6.390922442,-13.31315022,74.00475939,0.836919931,-0.098211731,-0.069563591,5.209160939,0.0177377110000001,0.344841572
0.8003299,0.8003299,0.512913704,-0.289537102,0.129026964,0.945858832,-0.074613239,0.135928314,5.744895345,-14.25832044,86.69839737,0.539396933,-0.101082065,-0.057268984,5.231981641,0.43294512799999996,0.026483228999999997
0.8500001,0.8500001,0.351200283,-0.307761163,0.120570518,0.668953856,-0.080348688,0.147554775,4.996445832,-14.99287011,98.51987461,0.235956596,-0.10050341,-0.046275084,4.645245549,0.317753573,0.11524368700000001
0.9000201,0.9000201,0.116004795,-0.053955618,-0.047977269,0.375038201,-0.086463441,0.156389525,4.163866053,-15.53143525,109.1133802,-0.070559152,-0.098935469,-0.036189761,4.047861257999999,0.259033406,0.186563947
0.95,0.95,-0.007350743,-0.049848858,-0.039148331,0.068131686,-0.093422059,0.162596402,3.267151115,-15.88626631,117.9502197,-0.377225679,-0.097522409,-0.026763436,3.274501858,0.07548242899999999,0.369874936
1.0002701,1.0002701,-0.256851315,-0.073339052,-0.055176027,-0.249256781,-0.100889149,0.16643849,2.318266267,-16.08878633,124.74766,-0.678679043,-0.095895099,-0.018031088,2.575117582,0.007594534000000014,0.421827728
1.05004,1.05004,-0.67371732,-0.078339875,-0.06180704,-0.565031964,-0.10794822,0.168132987,1.353377618,-16.17649473,129.2090177,-0.967453512,-0.093832662,-0.010166801,2.027094938,0.10868535599999996,0.293736192
1.10009,1.10009,-0.96873951,-0.075756021,-0.048252948,-0.873491618,-0.113826472,0.167947274,0.383151743,-16.1977112,131.3336409,-1.233869045,-0.091123474,-0.003500187,1.351891253,0.09524789200000006,0.265129535
1.1503201,1.1503201,-1.299182177,-0.086408883,-0.035841782,-1.1623571,-0.117603097,0.166201658,-0.564367298,-16.19985631,131.1030121,-1.471600237,-0.087643878,0.001920906,0.7348148790000001,0.13682507700000013,0.17241806000000004
1.2000501,1.2000501,-1.616656423,-0.086548992,-0.014208267,-1.419681453,-0.118605303,0.163550093,-1.456694533,-16.22770033,128.6281758,-1.677766794,-0.083347961,0.006303818,0.15996188999999994,0.19697497000000008,0.06111037100000005
1.2500601,1.2500601,-1.852454543,-0.074034996,-0.001201035,-1.641948336,-0.11658334,0.16051328,-2.288039759,-16.31929444,124.0050491,-1.845753643,-0.078182133,0.009524193,0.4355852160000002,0.2105062069999999,0.006700899999999788
1.3001401,1.3001401,-2.050096273,-0.073582016,0.00247136,-1.820109206,-0.111643029,0.157409872,-3.03203114,-16.50249133,117.3751547,-1.970148675,-0.072182269,0.01153846,0.9819348670000001,0.22998706699999993,0.07994759799999995
1.3503201,1.3503201,-2.197612524,-0.060615018,0.002904985,-1.948305615,-0.104259062,0.154347325,-3.6674775,-16.79262278,108.8883481,-2.039022983,-0.065493203,0.011745203,1.4698649759999998,0.2493069090000002,0.158589541
1.40011,1.40011,-2.280895948,-0.058589958,-0.000531972,-2.005155472,-0.095004963,0.149939559,-4.137464771,-17.18327186,98.86891836,-2.025482993,-0.058639551,0.008348214,1.8565688230000004,0.27574047599999973,0.25541295500000016
1.4503701,1.4503701,-2.235725641,-0.054982372,-0.008788717,-2.000100185,-0.084732417,0.144352734,-4.448049999,-17.65884641,87.47355081,-1.968812062,-0.051365218,0.004633382,2.212324358,0.23562545600000018,0.2669135790000001
1.5000701,1.5000701,-2.120205402,-0.054083835,-0.022330906,-1.944786409,-0.074266333,0.138200286,-4.600409834,-18.18154867,75.25020065,-1.854373613,-0.043854695,-0.000660166,2.480204432,0.17541899299999986,0.26583178899999993
1.5504,1.5504,-2.009535551,-0.043904826,-0.0246078,-1.843776181,-0.063703893,0.131376969,-4.597729979,-18.72767233,62.30042879,-1.710796848,-0.035655996,-0.005367116,2.5881944280000004,0.16575936999999996,0.29873870299999994
1.60007,1.60007,-1.862150669,-0.041975122,-0.019831976,-1.711419059,-0.053546231,0.124690948,-4.455757612,-19.2501398,49.35286725,-1.531106212,-0.02696853,-0.010236483,2.593606943,0.15073161000000002,0.33104445699999996
1.6500599,1.6500599,-1.681512594,-0.04101995,-0.032621656,-1.544887264,-0.043417725,0.117810352,-4.169556666,-19.72753845,36.61064928,-1.31825866,-0.017857697,-0.015160605,2.488044072,0.13662533,0.36325393400000006
1.70016,1.70016,-1.178580999,-0.021938987,-0.049009945,-1.334064406,-0.032594199,0.109844271,-3.721023172,-20.12905221,24.65185864,-1.050151482,-0.008831389,-0.021969338,2.5424421730000004,0.15548340699999996,0.12842951700000005
1.75032,1.75032,-0.993316174,-0.011302534,-0.0618756,-1.084358816,-0.020858023,0.101067068,-3.123518394,-20.43142111,14.09189059,-0.766111764,0.000873237,-0.027835695,2.13020222,0.0910426419999999,0.22720441000000002
1.80007,1.80007,-0.786098957,-0.008380415,-0.065614305,-0.815438493,-0.008676997,0.092812727,-2.422607095,-20.62901426,5.497506729,-0.468727154,0.01100925,-0.033058958,1.636508138,0.029339536000000055,0.317371803
1.8503799,1.8503799,-0.609193802,-0.004900993,-0.074887298,-0.521092492,0.004589594,0.084806407,-1.612841732,-20.73578533,-0.877050875,-0.160969629,0.021340008,-0.037847241,1.00364793,0.08810130999999999,0.44822417299999995
1.90011,1.90011,-0.410339236,0.003979356,-0.089706481,-0.209885858,0.018946298,0.077189753,-0.726717868,-20.77258189,-4.549226127,0.155077261,0.031708506,-0.042472439,0.31637863200000005,0.200453378,0.565416497
1.9500899,1.9500899,-0.265434384,0.017299505,-0.08956641,0.120365211,0.034665631,0.069670284,0.23457096,-20.77615746,-5.337809764,0.473523341,0.041838042,-0.046925588,0.5000053440000001,0.38579959500000005,0.738957725
2.0000701,2.0000701,0.101191565,0.132409498,-0.008916855,0.462486779,0.051479255,0.062032711,1.247618578,-20.79222093,-3.020973769,0.788921499,0.051522732,-0.051280445,1.146427013,0.36129521400000003,0.6877299339999999
2.05036,2.05036,0.410386145,0.096712254,-0.019195678,0.810404592,0.06803108,0.053859353,2.297834537,-20.87511742,2.589706022,1.092657185,0.059385375,-0.055343614,1.887448392,0.40001844700000005,0.68227104
2.1003501,2.1003501,0.694774866,0.121881835,0.009668619,1.149666259,0.082399551,0.044853986,3.350527475,-21.08103791,11.54385954,1.378990059,0.065481212,-0.059247715,2.655752609,0.4548913929999999,0.6842151929999999
2.1500499,2.1500499,1.045031428,0.099810243,-0.02010316,1.469461105,0.093896199,0.034712114,4.384465427,-21.46318879,23.91023938,1.640732528,0.06989517,-0.062995022,3.3394339990000006,0.424429677,0.5957011000000001
2.2004101,2.2004101,1.391093612,0.118327945,-0.032039002,1.764283889,0.101958955,0.023147234,5.397507346,-22.08137158,40.13275929,1.870243791,0.072664403,-0.066520193,4.006413734000001,0.3731902770000002,0.4791501790000001
2.2500601,2.2500601,1.816705585,0.111668654,-0.053301498,2.010456801,0.105778275,0.011158974,6.330227283,-22.95689453,59.97376252,2.048838725,0.074072133,-0.0688772,4.513521698,0.19375121600000011,0.23213313999999996
2.3005099,2.3005099,2.113166332,0.109043099,-0.070072792,2.199692756,0.105515847,-0.000294847,7.173640547,-24.13594191,84.25167915,2.167841755,0.074234133,-0.069831429,5.060474214999999,0.0865264240000001,0.054675422999999945
2.35008,2.35008,2.255462646,0.095669307,-0.075610071,2.324354852,0.102188628,-0.010132059,7.882678767,-25.57513593,112.3275947,2.230536921,0.073004606,-0.069879442,5.627216121,0.06889220600000012,0.024925724999999677
2.4000499,2.4000499,2.330689907,0.089281179,-0.076666579,2.385562342,0.096630353,-0.01768633,8.453633687,-27.28332043,144.9903737,2.226570337,0.070456133,-0.068268729,6.12294378,0.05487243500000005,0.10411956999999994
2.4500401,2.4500401,2.304805517,0.083520383,-0.069515519,2.389053797,0.089883907,-0.022657779,8.873318923,-29.20434604,182.0217328,2.175489781,0.066372134,-0.066466218,6.568513405999999,0.08424827999999973,0.12931573600000013
2.50014,2.50014,2.232675552,0.075466283,-0.067436785,2.34768982,0.082764401,-0.025617481,9.14900924,-31.2870906,223.3650692,2.078103117,0.060900751,-0.064294125,6.916333688,0.11501426799999992,0.15457243499999995
2.55038,2.55038,2.131659269,0.063920841,-0.060910057,2.264273552,0.075586669,-0.026599862,9.272699115,-33.46910869,268.734945,1.936267103,0.054182618,-0.061661296,7.141039846,0.1326142830000001,0.19539216599999998
2.60006,2.60006,1.961651206,0.053476594,-0.054332666,2.14321289,0.068604128,-0.025796799,9.240025076,-35.64843868,316.8650147,1.745813397,0.046402036,-0.057976962,7.27837387,0.18156168400000006,0.21583780899999994
2.6500399,2.6500399,1.647168636,0.052263621,-0.057672005,1.973391064,0.061574443,-0.022548886,9.028571496,-37.78465069,367.6480668,1.495911157,0.037594463,-0.052077553,7.38140286,0.3262224280000001,0.15125747899999986
2.7000701,2.7000701,1.447761059,0.046017047,-0.054253671,1.766195157,0.05467448,-0.017696462,8.655702417,-39.78682085,419.6097672,1.222171148,0.028202526,-0.046444931,7.207941358,0.318434098,0.22558991100000014
2.7500701,2.7500701,1.216695905,0.036441542,-0.055009145,1.535623296,0.047879769,-0.012451129,8.151395312,-41.59469347,471.3935903,0.924187199,0.018267575,-0.040487407,6.934699407,0.3189273910000001,0.2925087059999999
2.8004701,2.8004701,1.040704131,0.029773269,-0.057367992,1.279338661,0.040931762,-0.006904518,7.518410353,-43.17876272,522.0835004,0.611116707,0.008151842,-0.034503516,6.477706222,0.2386345299999999,0.42958742400000005
2.85007,2.85007,0.867893815,0.019828236,-0.051189974,1.007630464,0.033828678,-0.001584125,6.790785481,-44.47898955,569.1845508,0.286664398,-0.00191202,-0.028355904,5.922891666,0.13973664900000005,0.581229417
2.90043,2.90043,0.715015113,0.018721074,-0.046861175,0.712982539,0.02629014,0.003598098,5.960029775,-45.52772075,612.9388782,-0.04509299,-0.011666421,-0.021961526,5.245014662,0.002032574000000009,0.760108103
2.9500799,2.9500799,-0.031892955,-0.067558892,0.043342263,0.40353489,0.017940942,0.008638803,5.062461142,-46.30097692,650.9829966,-0.38312696,-0.022521531,-0.014911483,5.094354097,0.435427845,0.351234005
3.0004699,3.0004699,-0.165976599,-0.074383624,0.039877743,0.075998518,0.008765459,0.013506799,4.094961017,-46.84304085,683.5069235,-0.711528435,-0.031279134,-0.008220678,4.2609376160000005,0.24197511700000002,0.545551836
3.0501101,3.0501101,-0.368925959,-0.074504323,0.075600296,-0.25125906,-0.000171062,0.017810459,3.113325171,-47.17456251,708.9565281,-1.025720209,-0.037962561,-0.00176188,3.48225113,0.11766689900000005,0.6567942499999999
3.1001301,3.1001301,-0.749738693,-0.073926173,0.076030962,-0.578616954,-0.008722732,0.021709679,2.117271458,-47.35125042,727.6518183,-1.316372328,-0.042007087,0.004146014,2.8670101509999997,0.17112173899999994,0.566633635
3.15007,3.15007,-1.081197143,-0.060640283,0.078430042,-0.893294684,-0.016370932,0.025220589,1.140440682,-47.42073729,739.2936659,-1.579783161,-0.044199744,0.009694065,2.221637825,0.18790245900000002,0.4985860179999999
3.2000799,3.2000799,-1.402046442,-0.061969493,0.098807432,-1.189429857,-0.02286568,0.02874711,0.197072888,-47.43391549,744.0618096,-1.809004053,-0.044529878,0.014721234,1.5991193300000002,0.21261658500000014,0.40695761099999994
3.25035,3.25035,-1.88922596,-0.056813713,0.082596458,-1.444887503,-0.027485052,0.031519161,-0.670089883,-47.43707769,742.2888133,-1.97376769,-0.042700877,0.017159268,1.219136077,0.4443384570000002,0.08454172999999998
3.3004501,3.3004501,-2.092556,-0.052397009,0.065270871,-1.6429475,-0.029879423,0.033122728,-1.420805471,-47.46672166,734.7075427,-2.08630076,-0.039821468,0.018389826,0.6717505290000001,0.4496085000000001,0.006255240000000217
3.35008,3.35008,-2.186901569,-0.054773767,0.053552605,-1.789185181,-0.030376078,0.03440746,-2.053864286,-47.54489351,722.2522417,-2.15154055,-0.03603862,0.018925149,0.13303728300000017,0.3977163880000003,0.035361019000000216
3.40009,3.40009,-2.22736311,-0.046756927,0.042348415,-1.88527131,-0.029152578,0.035499551,-2.567895738,-47.68308059,705.5342168,-2.167663001,-0.031393636,0.018678015,0.3405326279999996,0.34209180000000017,0.059700109
3.4502301,3.4502301,-2.215893269,-0.051504437,0.045412093,-1.929932236,-0.026449139,0.036309261,-2.94654033,-47.8796499,685.473434,-2.134129757,-0.025956125,0.0176513,0.730647061,0.285961033,0.08176351199999976
3.5004401,3.5004401,-2.142524481,-0.042374488,0.039260879,-1.923285887,-0.022511903,0.036613937,-3.177276059,-48.12216923,663.0604857,-2.043759975,-0.020009333,0.015297025,1.0347515779999998,0.21923859400000012,0.0987645060000002
3.5500801,3.5500801,-1.943345785,-0.023345672,0.024364168,-1.853301748,-0.017517827,0.035075606,-3.223922101,-48.38443269,639.7579963,-1.87963484,-0.014390447,0.010312263,1.2805763159999999,0.09004403699999997,0.06371094499999996
3.6001,3.6001,-1.77305913,-0.015607487,0.01798944,-1.730987179,-0.011798614,0.032028354,-3.09981104,-48.64168108,616.4672337,-1.681741505,-0.008271884,0.005660697,1.32675191,0.04207195100000005,0.09131762500000007
3.64996,3.64996,-1.507266879,-0.010311611,0.001456589,-1.571389588,-0.005712384,0.028236577,-2.826904883,-48.86736114,594.5846663,-1.442623818,-0.002135301,0.000375336,1.3196380040000002,0.06412270900000006,0.06464306099999995
3.7000899,3.7000899,-1.294971108,-0.002111495,-0.008264188,-1.37480629,0.000895203,0.023584191,-2.405672071,-49.04437424,575.0858325,-1.179975401,0.004511633,-0.004515146,1.1107009630000002,0.07983518200000006,0.11499570699999984
3.7500801,3.7500801,-1.09966588,0.001291186,-0.019456452,-1.152250633,0.007867342,0.018695416,-1.860534159,-49.16223567,559.1751038,-0.896982726,0.011544375,-0.009171193,0.7608682789999999,0.05258475299999987,0.20268315400000014
3.80007,3.80007,-0.765794694,0.17548281,0.058235981,-0.904621658,0.015840465,0.013606242,-1.200044774,-49.2236365,547.7268527,-0.597501451,0.01850244,-0.013657364,0.43425008,0.13882696400000005,0.16829324300000004
3.8500299,3.8500299,-0.318646461,0.242813706,0.079003729,-0.6319463,0.020389678,0.008171516,-0.433617783,-49.24226082,541.5873633,-0.283010142,0.018988382,-0.017966813,0.11497132199999999,0.31329983899999997,0.03563631899999997
3.90007,3.90007,-0.191988066,0.232314318,0.064533211,-0.338021635,0.020019325,0.002418392,0.422292855,-49.24382556,541.499763,0.034508392,0.018236453,-0.021952488,0.614280921,0.14603356899999997,0.226496458
3.9500501,3.9500501,-0.025735797,0.220512599,0.040408228,-0.0307149,0.017954153,-0.003221211,1.341889361,-49.26526136,548.0305198,0.351748075,0.016209215,-0.025915832,1.367625158,0.004979102999999999,0.377483872
4.00035,4.00035,0.177454233,0.209822536,0.001419336,0.289075137,0.013450837,-0.008578316,2.316489616,-49.35290572,561.7247954,0.663623078,0.012549401,-0.029977593,2.139035383,0.11162090399999999,0.486168845
4.05006,4.05006,0.386860251,0.179534405,-0.002630056,0.609086696,0.006985355,-0.013079297,3.308186351,-49.55546929,582.6182568,0.965096174,0.007959039,-0.034304261,2.9213261,0.222226445,0.578235923
4.10062,4.10062,0.63990593,0.203419507,-0.018303102,0.932684239,-0.000869048,-0.01637975,4.328777756,-49.93405136,611.6561787,1.24997868,0.002419985,-0.038915005,3.688871826,0.292778309,0.6100727499999999
4.1500599,4.1500599,1.238414645,0.144472048,-0.052441686,1.228537785,-0.010058273,-0.016982552,5.300039835,-50.52209077,647.8360649,1.492555706,-0.0043145,-0.04231668,4.06162519,0.009876859999999876,0.2541410610000001
4.2004001,4.2004001,1.620407939,0.122978628,-0.057579625,1.495913723,-0.020058852,-0.01401274,6.234303428,-51.38003108,692.5935302,1.70218396,-0.011458464,-0.045781985,4.613895489,0.12449421599999999,0.08177602100000003
4.2500801,4.2500801,1.874924779,0.109686807,-0.070650943,1.723536894,-0.029237822,-0.007553424,7.092229189,-52.50979754,744.6321705,1.872466797,-0.019063334,-0.049093779,5.217304410000001,0.1513878850000001,0.0024579820000001362
4.3003499,4.3003499,2.056539059,0.102736928,-0.081870049,1.909086052,-0.037550509,0.00274695,7.873884043,-53.95122075,805.2372229,1.998244811,-0.027197502,-0.052083771,5.817344984,0.14745300699999997,0.05829424799999994
4.35009,4.35009,2.247510195,0.087096661,-0.081057958,2.035275484,-0.044581669,0.017059699,8.5276989,-55.66474892,872.9290478,2.059523034,-0.035739888,-0.053370992,6.2801887050000005,0.2122347109999998,0.18798716099999968
4.4003999,4.4003999,2.291373491,0.077848971,-0.088168807,2.102156836,-0.05062522,0.035197331,9.048573461,-57.65384983,948.7669246,2.07266768,-0.045017111,-0.054328225,6.75719997,0.18921665500000007,0.21870581099999997
4.4500701,4.4500701,2.269616127,0.075907372,-0.087726235,2.121399436,-0.056013466,0.055107799,9.433564941,-59.82499552,1030.393781,2.037181383,-0.055051557,-0.054791751,7.163948814,0.148216691,0.23243474399999986
4.50033,4.50033,2.111722469,0.051588625,-0.071564399,2.072879571,-0.060831234,0.078142839,9.640170216,-62.16754183,1118.970138,1.914724314,-0.065676148,-0.051594577,7.5284477469999995,0.03884289799999996,0.19699815499999995
4.5501001,4.5501001,1.989492536,0.040306937,-0.080943182,1.96511146,-0.065570533,0.102519285,9.661940811,-64.54001746,1211.111122,1.757010145,-0.07693042,-0.048670586,7.672448274999999,0.024381076000000057,0.232482391
4.6001101,4.6001101,1.82103157,0.027009126,-0.077830322,1.823529126,-0.071230274,0.126195852,9.540965535,-66.89964938,1306.667279,1.566603358,-0.088718477,-0.045704522,7.719933965,0.002497556000000012,0.2544282119999999
4.65007,4.65007,1.63553381,0.016362231,-0.073915772,1.648375311,-0.077983201,0.148744778,9.274027607,-69.16266159,1403.490569,1.346311166,-0.100887617,-0.042534507,7.638493797000001,0.012841500999999811,0.2892226440000001
4.7004499,4.7004499,1.43584621,0.002662094,-0.074079663,1.441695698,-0.086185171,0.169795492,8.865847633,-71.28402652,1500.659757,1.09939126,-0.11324644,-0.039088475,7.430001422999999,0.005849487999999958,0.33645495000000003
4.7500901,4.7500901,0.70626992,-0.378920257,0.081143565,1.209495012,-0.095705141,0.188554773,8.333237189,-73.16328628,1594.023178,0.82781532,-0.124090606,-0.035267528,7.626967269,0.5032250920000001,0.12154540000000003
4.8001001,4.8001001,0.470439374,-0.364899725,0.120336577,0.947985126,-0.104618482,0.205088075,7.675126855,-74.80369975,1683.700332,0.53894659,-0.127063849,-0.031572348,7.204687481000001,0.47754575199999993,0.06850721599999998
4.8499701,4.8499701,0.341931731,-0.334885716,0.09364412,0.666375355,-0.112713184,0.218495059,6.919005747,-76.1632195,1766.864426,0.242377276,-0.127495098,-0.02801098,6.577074016,0.324443624,0.09955445500000001
4.9003601,4.9003601,0.152082041,-0.320263267,0.089145467,0.366013219,-0.121103858,0.228641375,6.073903972,-77.25249355,1842.886524,-0.059398655,-0.124643589,-0.02433337,5.921821931,0.213931178,0.211480696
4.9500701,4.9500701,0.020500278,-0.303804874,0.087917596,0.056355958,-0.128960222,0.235467114,5.174718507,-78.05829813,1908.607625,-0.362394096,-0.119721167,-0.020341352,5.154218229,0.03585568,0.382894374
5.0000601,5.0000601,-0.103281446,-0.300103366,0.056198984,-0.26378416,-0.13604705,0.239383348,4.222489096,-78.62441679,1964.300035,-0.662478526,-0.112848329,-0.015916497,4.325770542000001,0.160502714,0.55919708
5.05007,5.05007,-0.288811326,-0.279100269,0.061000142,-0.588257963,-0.141564758,0.240898248,3.238114006,-78.9820766,2008.782807,-0.954349976,-0.104141405,-0.011037193,3.526925332,0.299446637,0.66553865
5.1001301,5.1001301,-0.909637094,-0.233644277,0.027374184,-0.90327738,-0.143382038,0.240179511,2.252399727,-79.17651223,2041.630197,-1.218697228,-0.090175426,-0.006966863,3.162036821,0.006359714000000016,0.3090601339999999
5.1501,5.1501,-1.209593296,-0.234428108,0.04999714,-1.19661911,-0.140565999,0.237871915,1.294024793,-79.25845764,2062.829271,-1.459188712,-0.075570221,-0.002696029,2.5036180889999997,0.012974185999999888,0.24959541600000001
5.20011,5.20011,-1.527602792,-0.209708676,0.055753477,-1.464468405,-0.133804457,0.23513004,0.37410559,-79.27783439,2072.775775,-1.668373633,-0.060038016,0.001508838,1.9017083819999998,0.06313438699999985,0.14077084100000015
5.2501199,5.2501199,-1.857961893,-0.192195371,0.050719872,-1.693193013,-0.122511136,0.232339477,-0.476018535,-79.27946005,2072.078838,-1.83289139,-0.043246872,0.0048892,1.381943358,0.16476888,0.025070503000000022
5.3001001,5.3001001,-2.044352055,-0.165887371,0.042729869,-1.874320325,-0.107201501,0.229931238,-1.231683774,-79.29963527,2061.748059,-1.953775681,-0.025950691,0.00785012,0.8126682810000001,0.17003173000000005,0.09057637400000007
5.3501101,5.3501101,-2.167495728,-0.149910346,0.033416644,-2.010198112,-0.089203311,0.228697988,-1.886613572,-79.36336696,2042.92917,-2.027012503,-0.008282095,0.010245683,0.2808821560000001,0.15729761600000014,0.1404832250000001
5.40011,5.40011,-2.26303792,-0.095294535,0.011765227,-2.075701093,-0.067946143,0.227005387,-2.381296088,-79.48194656,2017.102937,-2.008600399,0.009977747,0.008724594,0.11825816800000011,0.18733682699999976,0.25443752099999983
5.4500101,5.4500101,-2.239203691,-0.096009791,0.012763605,-2.073633388,-0.044605512,0.224723401,-2.702002028,-79.64822526,1986.448354,-1.947399462,0.027773435,0.007325525,0.4627983369999997,0.16557030299999997,0.29180422900000025
5.50034,5.50034,-2.147711277,-0.075832106,0.004827237,-2.029388044,-0.021191082,0.223361295,-2.884882387,-79.85058289,1952.390718,-1.844414395,0.045258258,0.005817925,0.7371711100000002,0.11832323299999992,0.30329688199999993
5.55006,5.55006,-2.031225681,-0.061668519,0.003243241,-1.943903419,0.002026009,0.22259772,-2.917017037,-80.06601293,1917.365855,-1.701431675,0.062427665,0.004124715,0.8857913559999999,0.08732226200000004,0.329794006
5.6004601,5.6004601,-1.838049293,-0.049117237,-0.002746286,-1.815127096,0.026014385,0.222066248,-2.792921627,-80.27773575,1882.315771,-1.514442897,0.079117283,0.001741865,0.954872334,0.022922196999999978,0.3236063960000002
5.6500399,5.6500399,-1.669290423,-0.039818913,-0.003926459,-1.652093589,0.050194015,0.221814714,-2.522958792,-80.45827423,1850.146493,-1.295225094,0.095466576,-0.000636377,0.8536683689999998,0.01719683400000016,0.374065329
5.7000899,5.7000899,-1.320607185,-0.024409605,-0.011473901,-1.447587131,0.076499088,0.221305909,-2.096113369,-80.59657173,1821.829273,-1.029614906,0.110916467,-0.004377114,0.7755061839999997,0.12697994599999984,0.29099227900000013
5.75017,5.75017,-0.651818633,0.317443281,0.14442879,-1.205821258,0.102360809,0.220323824,-1.523910191,-80.68197046,1799.599834,-0.745787071,0.121650936,-0.00742646,0.8720915579999999,0.5540026250000001,0.09396843799999999
5.80024,5.80024,-0.468286961,0.306912541,0.128019616,-0.942510949,0.125032649,0.219382712,-0.842281974,-80.71924978,1785.039921,-0.453172129,0.129393762,-0.009736702,0.37399501300000004,0.474223988,0.015114832000000022
5.85024,5.85024,-0.34276405,0.272674143,0.1240604,-0.661260906,0.145763158,0.21805132,-0.067020734,-80.72597732,1779.400887,-0.153546911,0.134461053,-0.011756863,0.275743316,0.318496856,0.18921713899999998
5.90029,5.90029,-0.193189085,0.271525294,0.10824427,-0.363615386,0.16465638,0.215706627,0.790160356,-80.73077036,1783.743605,0.150572964,0.137084106,-0.013819113,0.983349441,0.17042630099999997,0.343762049
5.9502599,5.9502599,-0.042322278,0.253083616,0.103617482,-0.053486947,0.180971804,0.211652135,1.712042792,-80.77219776,1798.950664,0.455890195,0.136713617,-0.016140452,1.7543650700000002,0.011164669000000002,0.498212473
6.0002999,6.0002999,0.144474953,0.247306392,0.091267377,0.265514682,0.193865177,0.205157532,2.684828848,-80.89730538,1825.800695,0.757189758,0.133733284,-0.018843511,2.540353895,0.12103972900000001,0.612714805
6.0503399,6.0503399,0.455520362,0.208485872,0.061275817,0.584423512,0.201684498,0.195823895,3.684631651,-81.15833116,1864.832451,1.0451357,0.127522714,-0.021700575,3.229111289,0.12890314999999997,0.5896153379999999
6.1000099,6.1000099,0.708454311,0.196900249,0.06557034,0.892950768,0.204089677,0.183562486,4.68329998,-81.6043607,1915.974242,1.316703437,0.120068337,-0.025104008,3.974845669,0.18449645699999995,0.6082491259999999
6.1500301,6.1500301,1.114515662,0.204511791,0.060892876,1.18617869,0.20127139,0.168438807,5.672652895,-82.29176102,1980.183451,1.560943936,0.110932517,-0.028649598,4.558137233,0.0716630279999999,0.44642827399999985
6.2000401,6.2000401,1.456235409,0.187688425,0.028213128,1.452001304,0.192854644,0.1513263,6.621397211,-83.25965989,2057.176079,1.773347174,0.100756421,-0.03245947,5.165161802,0.004234105000000099,0.31711176499999993
6.2502601,6.2502601,1.724747539,0.158456832,0.010832408,1.683344774,0.17972118,0.133283084,7.511393565,-84.54375833,2147.281424,1.946987708,0.089674237,-0.036349041,5.786646026,0.04140276499999995,0.222240169
6.30023,6.30023,1.925733328,0.141289219,-0.001832845,1.874171383,0.163086183,0.115638416,8.318238283,-86.14624132,2249.438865,2.076228043,0.077760181,-0.040153992,6.392504955,0.051561945,0.150494715
6.3500199,6.3500199,2.202723265,0.109704725,-0.028662421,2.000264613,0.143900816,0.101262844,8.98676866,-88.05652919,2363.090149,2.117841784,0.065021751,-0.040709004,6.784045395,0.2024586519999998,0.08488148100000004
6.4003,6.4003,2.233582973,0.096602112,-0.031521957,2.060973021,0.123893698,0.091352781,9.504645834,-90.25638644,2488.560184,2.113957471,0.051697775,-0.041476672,7.271062861,0.17260995199999973,0.11962550199999988
6.45016,6.45016,2.216977358,0.085602053,-0.038749024,2.077888188,0.104913503,0.084900936,9.889347044,-92.6559262,2622.430751,2.06413922,0.03779247,-0.042126445,7.6723696860000015,0.13908916999999965,0.1528381379999999
6.50019,6.50019,2.127992392,0.070303023,-0.036543652,2.041433234,0.087235642,0.08261707,10.11540513,-95.21868808,2764.786229,1.953574176,0.023408621,-0.041239867,7.987412738,0.08655915800000002,0.17441821599999985
6.55019,6.55019,2.005062819,0.055713266,-0.03580752,1.956042358,0.071226082,0.084074943,10.17787367,-97.85304937,2913.073162,1.803615391,0.008652208,-0.040261633,8.172810851000001,0.049020461000000015,0.20144742800000004
6.6001701,6.6001701,1.863481879,0.044391334,-0.033697508,1.836368674,0.056617695,0.087813908,10.09653027,-100.4813841,3065.202056,1.61690008,-0.006364663,-0.039002415,8.233048391,0.02711320500000003,0.2465817990000001
6.6505101,6.6505101,1.460182786,0.019026555,-0.029250996,1.667665493,0.043368083,0.09442443,9.841853589,-103.0437115,3219.895352,1.370566174,-0.021430433,-0.035274843,8.381670802999999,0.20748270700000004,0.08961661200000015
6.7001801,6.7001801,1.27529943,0.010211026,-0.032593329,1.459937008,0.03135268,0.102815203,9.4307348,-105.4038601,3370.932506,1.103506551,-0.036235073,-0.031849622,8.15543537,0.18463757800000002,0.17179287900000006
6.7499599,6.7499599,1.092118979,0.007205459,-0.031037632,1.228418586,0.019579992,0.1113328,8.896148455,-107.5430456,3517.984604,0.818581324,-0.050714664,-0.028404477,7.804029476,0.136299607,0.27353765500000005
6.80007,6.80007,0.910143197,0.001587719,-0.024993727,0.971130956,0.007676568,0.119743525,8.24142684,-109.4262474,3659.017357,0.518818113,-0.064710549,-0.024754505,7.331283643000001,0.060987758999999975,0.391325084
6.8503201,6.8503201,0.701912642,-0.008176269,-0.027909881,0.68958459,-0.004568121,0.127728854,7.479382532,-111.0158476,3790.829636,0.205446894,-0.078008171,-0.020613881,6.77746989,0.012328051999999978,0.49646574800000004
6.9000399,6.9000399,0.53789109,-0.016759342,-0.034356117,0.389901998,-0.017175912,0.134912853,6.635988901,-112.2840261,3909.434541,-0.114686081,-0.090424818,-0.016152633,6.098097811000001,0.147989092,0.652577171
6.94998,6.94998,0.244630173,-0.02803356,-0.051854558,0.069634653,-0.030336989,0.14131394,5.713786465,-113.2597433,4014.710589,-0.440594647,-0.101841327,-0.011033594,5.469156292,0.17499552000000002,0.68522482
7.0000401,7.0000401,-0.059089068,-0.031973422,-0.069797046,-0.265938806,-0.043890498,0.146814488,4.733058051,-113.9599922,4104.617155,-0.76128355,-0.112183427,-0.005722257,4.792147119,0.20684973800000003,0.702194482
7.05,7.05,-0.272762805,-0.048556924,-0.088931628,-0.606174164,-0.057467077,0.151219419,3.722868259,-114.4184655,4177.595748,-1.070751819,-0.121354544,-0.00024927,3.9956310640000003,0.333411359,0.7979890140000001
7.10004,7.10004,-0.558523774,-0.061778728,-0.085021555,-0.944271969,-0.070409364,0.154734688,2.699661582,-114.6841341,4233.265965,-1.362751014,-0.12918795,0.005311638,3.2581853560000003,0.385748195,0.8042272400000001
7.1503601,7.1503601,-0.888619006,-0.072689369,-0.07888975,-1.271171561,-0.081891843,0.157645931,1.681109089,-114.8093989,4271.482756,-1.630139353,-0.135545999,0.010799035,2.569728095,0.38255255500000007,0.7415203469999999
7.2001801,7.2001801,-1.398510456,-0.072516538,-0.037945822,-1.567894931,-0.090976484,0.160070881,0.71015932,-114.8474702,4292.085672,-1.857443521,-0.140148054,0.015350131,2.108669776,0.1693844750000002,0.4589330650000001
7.2502,7.2502,-1.83303833,-0.080600478,-0.032317668,-1.813661172,-0.097529444,0.161285819,-0.177928943,-114.8508341,4296.547028,-2.020964076,-0.14274984,0.017425472,1.655109387,0.01937715799999995,0.1879257459999999
7.3001201,7.3001201,-2.126391172,-0.065717191,-0.014549515,-2.001138851,-0.101428597,0.161537121,-0.958860978,-114.860599,4286.551456,-2.139227819,-0.143961018,0.01883718,1.1675301939999998,0.12525232100000006,0.012836646999999868
7.3503001,7.3503001,-2.243570805,-0.079079062,-0.005216904,-2.134119689,-0.102952377,0.161374879,-1.631081796,-114.9052505,4263.785873,-2.201048169,-0.143737567,0.018779981,0.6124890090000001,0.10945111600000024,0.04252263600000017
7.40026,7.40026,-2.291579723,-0.069010362,0.001239034,-2.208627845,-0.102764121,0.160560759,-2.168103847,-114.9989572,4230.605868,-2.213487885,-0.142213463,0.017929123,0.1234758760000001,0.08295187799999981,0.07809183799999975
7.45035,7.45035,-2.277889729,-0.06507048,0.002924357,-2.232032351,-0.10152774,0.159289363,-2.570151917,-115.1442731,4189.103393,-2.175983355,-0.139461989,0.016256003,0.29226218800000003,0.045857378000000004,0.10190637399999991
7.5001001,7.5001001,-2.226431608,-0.063994609,0.01142697,-2.206868308,-0.099900876,0.157332934,-2.823606865,-115.3308318,4142.13214,-2.089280315,-0.135569747,0.013810248,0.597175257,0.019563300000000172,0.13715129300000006
7.5501001,7.5501001,-2.079028845,-0.063990131,0.012988612,-2.135643338,-0.098377093,0.154381175,-2.923785604,-115.5436485,4091.734908,-1.947520824,-0.130759393,0.010084745,0.844756759,0.0566144930000001,0.13150802099999992
7.60007,7.60007,-1.816280365,-0.058892425,0.002000483,-2.008599488,-0.097439812,0.149167967,-2.840884953,-115.757997,4041.07702,-1.73646434,-0.125502584,0.003909107,1.0246045880000003,0.1923191230000003,0.07981602499999996
7.6500399,7.6500399,-1.629401207,-0.057248812,0.005239996,-1.83719956,-0.097375348,0.14201072,-2.588500213,-115.9477549,3993.345188,-1.495471371,-0.119332992,-0.001848609,0.9590990060000002,0.20779835300000005,0.13392983599999986
7.7000201,7.7000201,-1.423572898,-0.057195157,0.004834685,-1.640312374,-0.09822695,0.134153038,-2.201042721,-116.0957807,3951.15193,-1.228174208,-0.112369035,-0.007373302,0.7774698229999999,0.2167394760000001,0.19539868999999999
7.7502801,7.7502801,-1.195696473,-0.061446451,0.002736599,-1.414585093,-0.099922975,0.125409571,-1.676348505,-116.1939037,3916.733284,-0.934305078,-0.104822382,-0.013067277,0.48065203200000006,0.21888861999999998,0.26139139499999997
7.80001,7.80001,-1.00108707,-0.057770327,-0.003626944,-1.166462791,-0.102330902,0.116244897,-1.035621506,-116.242094,3892.87103,-0.623424483,-0.096759469,-0.018560858,0.034534435999999946,0.16537572099999998,0.3776625870000001
7.85028,7.85028,-0.820394099,-0.059895232,-0.014369193,-0.895675942,-0.105427211,0.107066858,-0.284165379,-116.2547549,3881.065035,-0.29960101,-0.08835202,-0.023965158,0.53622872,0.07528184299999996,0.5207930890000001
7.9000101,7.9000101,-0.448656172,-0.059734296,-0.025677685,-0.60365747,-0.108405079,0.098066061,0.558467386,-116.2566804,3883.318763,0.04326115,-0.079414692,-0.030184959,1.007123558,0.155001298,0.49191732200000005
7.95014,7.95014,-0.19846414,-0.184959188,-0.086809695,-0.289114516,-0.110336397,0.089784386,1.488636985,-116.2850775,3901.271845,0.384497311,-0.069438436,-0.036081398,1.687101125,0.09065037599999998,0.5829614510000001
8.0001299,8.0001299,-0.070156157,-0.181676447,-0.073860593,0.034349129,-0.110437484,0.083453504,2.466400743,-116.3865464,3935.986046,0.719673398,-0.058579966,-0.041866855,2.5365569,0.104505286,0.789829555
8.0503399,8.0503399,0.116536781,-0.119358301,-0.059312593,0.365824381,-0.10803288,0.07952046,3.482663481,-116.6152411,3988.566051,1.043412657,-0.047386366,-0.047617374,3.3661266999999997,0.24928759999999997,0.926875876
8.10023,8.10023,0.363532424,-0.030739607,0.121059269,0.694382597,-0.102989865,0.078540559,4.504703519,-117.0236457,4058.94637,1.348692999,-0.036700948,-0.053254903,4.141171095000001,0.330850173,0.9851605750000001
8.15009,8.15009,0.687002599,0.006122143,0.129119352,1.015069948,-0.096411205,0.080636192,5.519700671,-117.66565,4147.64675,1.629124537,-0.028472564,-0.058698331,4.8326980719999995,0.328067349,0.942121938
8.20011,8.20011,1.409563422,0.022199016,0.078447945,1.311924858,-0.089568246,0.08644702,6.496033694,-118.59106,4255.087341,1.861082572,-0.022240094,-0.0626732,5.086470272000001,0.09763856399999993,0.45151915
8.2500801,8.2500801,1.761587739,0.023543108,0.06391485,1.567743138,-0.082275259,0.096174679,7.396209339,-119.825963,4380.322259,2.045748527,-0.017600529,-0.065815163,5.6346216,0.19384460100000012,0.2841607880000001
8.3000801,8.3000801,1.970441341,0.018560162,0.056672905,1.780017512,-0.074361777,0.108919898,8.210277003,-121.3847383,4522.750564,2.183640562,-0.014583362,-0.068479509,6.239835662,0.190423829,0.213199221
8.3501401,8.3501401,2.113711834,0.02105909,0.044750471,1.943956205,-0.066302123,0.12391957,8.921541213,-123.2650862,4681.534668,2.270791923,-0.01311014,-0.070552005,6.807829378999999,0.16975562899999996,0.15708008899999992
8.40013,8.40013,2.202767372,0.032984506,0.03614058,2.055564736,-0.05869828,0.140408548,9.510907082,-125.4384878,4854.973815,2.304730994,-0.013124924,-0.071952593,7.308139709999999,0.14720263599999983,0.10196362199999998
8.4500401,8.4500401,2.218634367,0.031355806,0.044661079,2.112710843,-0.052078333,0.157788011,9.961454506,-127.8604438,5041.314692,2.276424066,-0.014357965,-0.072006172,7.742820139000001,0.10592352400000005,0.057789699000000194
8.5013201,8.5013201,2.134258032,0.038536683,0.057791989,2.100109282,-0.046672765,0.177197207,10.23981757,-130.5405,5244.024101,2.164838266,-0.016331933,-0.069017513,8.105559538,0.03414874999999995,0.030580233999999873
8.5501301,8.5501301,2.012474537,0.029129567,0.063052088,2.03158451,-0.043122594,0.196007289,10.33447541,-133.1835777,5444.480167,2.011772819,-0.019583368,-0.066060168,8.322000873,0.019109972999999947,0.0007017180000001844
8.6001201,8.6001201,1.801750779,0.030132405,0.061232653,1.917542864,-0.041121328,0.214525577,10.27302984,-135.900486,5654.344647,1.807450305,-0.023631605,-0.061875604,8.471279060999999,0.11579208500000004,0.005699525999999899
8.6501801,8.6501801,1.625510097,0.025410224,0.059955616,1.762409037,-0.04073374,0.232099919,10.05309862,-138.5463244,5865.722797,1.572277969,-0.028461138,-0.057676183,8.427588523,0.13689894000000002,0.0532321280000001
8.70015,8.70015,1.427474499,0.020531574,0.063686848,1.578030609,-0.041947793,0.247897703,9.695495835,-141.0395551,6074.565145,1.30992854,-0.033834014,-0.053286529,8.268021335999999,0.15055611000000013,0.11754595899999987
8.75018,8.75018,1.247209191,0.019747771,0.058630887,1.366642371,-0.044733761,0.261851294,9.208014359,-143.3267465,6278.126253,1.024288308,-0.039530399,-0.048610724,7.960805168,0.11943317999999992,0.22292088300000001
8.8003001,8.8003001,0.855050325,0.012328479,0.068817295,1.121797113,-0.048793278,0.274493925,8.585413569,-145.3580863,6473.037334,0.704804197,-0.044850738,-0.042428733,7.730363244,0.26674678799999996,0.15024612800000003
8.85005,8.85005,0.394503057,0.302239567,-0.05696715,0.849906363,-0.054392887,0.28548269,7.850188641,-147.0775888,6654.000144,0.377010246,-0.05126596,-0.036318577,7.455685584,0.455403306,0.017492810999999997
8.9002299,8.9002299,0.111157447,0.046286736,0.076123334,0.560571958,-0.062022179,0.294177925,7.026977013,-148.4988157,6820.975262,0.048160892,-0.058326418,-0.030388766,6.915819566,0.449414511,0.06299655500000001
8.9500799,8.9500799,0.026019668,0.026493523,0.048012286,0.260539073,-0.070947147,0.300565232,6.144259274,-149.6057477,6969.070544,-0.277914145,-0.064743024,-0.024577405,6.118239606,0.23451940500000001,0.303933813
9.0000801,9.0000801,-0.232763633,0.030881915,0.073225074,-0.049128531,-0.080578962,0.304825286,5.211957623,-150.4314576,7097.951425,-0.59675186,-0.070262434,-0.018848992,5.444721256,0.183635102,0.363988227
9.0501301,9.0501301,-0.415225387,0.008159132,0.064977258,-0.363124213,-0.09033549,0.307166005,4.250109422,-151.0056953,7205.919182,-0.903647968,-0.074710848,-0.013181279,4.665334809000001,0.05210117400000003,0.488422581
9.0999701,9.0999701,-0.819516361,-0.022114817,0.110990569,-0.670386404,-0.099332145,0.307671292,3.288715674,-151.3689664,7291.79373,-1.186388659,-0.077511661,-0.00816572,4.108232035,0.14912995699999998,0.3668722979999999
9.15029,9.15029,-1.268390417,-0.035007313,0.133902654,-0.960927879,-0.106717231,0.306286144,2.346375988,-151.57429,7356.659252,-1.435320763,-0.078552325,-0.004147112,3.614766405,0.307462538,0.166930346
9.2000701,9.2000701,-1.557555318,-0.04255626,0.159595251,-1.220984269,-0.111635138,0.303545455,1.461990737,-151.6676581,7400.020854,-1.651285187,-0.078128372,-0.000649683,3.019546055,0.336571049,0.09372986900000013
9.2500501,9.2500501,-1.812692285,-0.046753924,0.161539912,-1.448089153,-0.11374127,0.299996498,0.639790133,-151.6969294,7423.965804,-1.827913583,-0.076246167,0.002138758,2.4524824179999998,0.36460313200000005,0.015221297999999939
9.30007,9.30007,-2.021438122,-0.047709092,0.153135672,-1.634500194,-0.11291801,0.296048977,-0.097580322,-151.699856,7430.002372,-1.959870273,-0.073090092,0.004103535,1.9238578000000002,0.38693792800000026,0.06156784900000023
9.35006,9.35006,-2.170937777,-0.05909659,0.157117277,-1.765434508,-0.109322641,0.291260031,-0.713057201,-151.705104,7420.4351,-2.027570076,-0.068767888,0.003956014,1.4578805759999998,0.4055032689999998,0.14336770099999985
9.40009,9.40009,-2.221900225,-0.066623181,0.152895808,-1.841455207,-0.103611308,0.285876606,-1.195369397,-151.7293781,7398.287468,-2.046689929,-0.063637779,0.003168937,1.0265308280000003,0.3804450180000001,0.17521029600000038
9.45031,9.45031,-2.194621801,-0.06860055,0.124383867,-1.854093459,-0.09641275,0.279216183,-1.516770154,-151.777889,7366.657859,-1.984079045,-0.058309207,-0.000800643,0.6778516469999998,0.3405283419999998,0.21054275599999972
9.5000801,9.5000801,-2.085685015,-0.072075486,0.108955167,-1.801912149,-0.088519072,0.270880678,-1.656346711,-151.842935,7330.110667,-1.873140846,-0.052578243,-0.00527374,0.42933830400000006,0.28377286600000007,0.21254416900000006
9.5503499,9.5503499,-1.945561767,-0.06660676,0.099004172,-1.706734582,-0.080597262,0.262064529,-1.64757764,-151.9140171,7291.684674,-1.725327743,-0.046283313,-0.00962681,0.2979841270000001,0.2388271850000001,0.22023402400000003
9.6001,9.6001,-1.779533982,-0.064608499,0.088191845,-1.574990109,-0.073032832,0.253076731,-1.49310539,-151.9776637,7255.510519,-1.542977608,-0.039524174,-0.013936533,0.28642859200000004,0.204543873,0.23655637400000007
9.6501,9.6501,-1.601643443,-0.061170787,0.089757942,-1.407893826,-0.065794202,0.24386233,-1.194598054,-152.0247582,7224.354781,-1.328894918,-0.032388933,-0.018210548,0.40704538899999987,0.19374961699999993,0.2727485249999999
9.7000799,9.7000799,-1.353452206,-0.057381421,0.072322078,-1.207728632,-0.058876932,0.234494746,-0.757129465,-152.0500454,7201.662784,-1.081965896,-0.025141211,-0.022761181,0.596322741,0.14572357400000002,0.27148631
9.7501001,9.7501001,-0.955501497,-0.044244546,0.046930477,-0.969727515,-0.052092251,0.224600724,-0.176236036,-152.0566134,7190.655381,-0.799079631,-0.0181682,-0.028062102,0.7792654609999999,0.014226018000000007,0.15642186599999996
9.8000801,9.8000801,-0.760135233,-0.038923334,0.037812449,-0.700926533,-0.045325437,0.214701542,0.528091487,-152.0583832,7194.498178,-0.502261711,-0.010793764,-0.032783123,1.28822672,0.0592087,0.2578735219999999
9.8503401,9.8503401,-0.540758729,-0.031830382,0.025274608,-0.408172634,-0.038376163,0.205437194,1.33580255,-152.0816835,7215.853932,-0.192909932,-0.00336255,-0.037297912,1.876561279,0.13258609500000001,0.347848797
9.9003301,9.9003301,-0.38023743,-0.030864775,0.016859921,-0.095935562,-0.031076177,0.197026297,2.225651554,-152.1637125,7256.6577,0.123057955,0.004015062,-0.041613599,2.605888984,0.284301868,0.5032953849999999
9.9500799,9.9500799,-0.22297354,-0.022570789,0.014887006,0.231083378,-0.023229592,0.18971506,3.179278346,-152.3504329,7318.445194,0.441708123,0.011106702,-0.045906059,3.4022518859999997,0.45405691800000003,0.664681663
10.0002301,10.0002301,-0.082020462,-0.008229912,-0.000761449,0.572988196,-0.014638226,0.183455293,4.193424164,-152.6998495,7403.628817,0.7583955,0.017754212,-0.050308356,4.275444626,0.655008658,0.840415962
10.05054,10.05054,0.416126162,-0.000219047,-0.012379888,0.918811665,-0.00503864,0.178472983,5.240821016,-153.2733521,7513.383945,1.062444385,0.024399894,-0.054541282,4.824694854,0.5026855029999999,0.646318223
10.10005,10.10005,0.701407373,0.029893965,0.086600341,1.251209178,0.004860755,0.174837031,6.278441334,-154.1141095,7645.913864,1.349446809,0.029865617,-0.058747977,5.577033961,0.5498018050000001,0.648039436
10.1500001,10.1500001,1.054772258,0.059872128,0.091091566,1.568903084,0.013865104,0.172195497,7.313286381,-155.2947418,7804.755832,1.611900553,0.033466736,-0.062830083,6.258514123,0.5141308259999999,0.5571282949999998
10.2000101,10.2000101,1.509119749,0.045711577,0.073462032,1.854851049,0.020946907,0.170705441,8.310045004,-156.8565759,7989.231417,1.837443071,0.035368522,-0.066348387,6.800925254999999,0.3457313000000002,0.32832332200000014
10.2500601,10.2500601,1.772304654,0.060873527,0.053077236,2.096667241,0.025937211,0.170516898,9.242476191,-158.8291178,8199.022218,2.023241454,0.03577452,-0.069560001,7.470171537,0.324362587,0.25093679999999985
10.30006,10.30006,1.991645932,0.064083256,0.044507578,2.291055122,0.029074294,0.171324533,10.09619158,-161.2208923,8433.144054,2.163322197,0.034754699,-0.072350917,8.104545647999998,0.29940919,0.17167626499999988
10.35005,10.35005,2.278550625,0.065747745,0.030425977,2.413015483,0.029961954,0.174768685,10.81311233,-164.0191949,8690.499656,2.21327285,0.032988781,-0.071586821,8.534561705,0.1344648580000003,0.06527777499999976
10.4000001,10.4000001,2.326821804,0.059887107,0.021540403,2.463072596,0.029116454,0.180980815,11.37208841,-167.1635643,8968.209093,2.215595679,0.029751113,-0.070775704,9.045266606,0.1362507919999998,0.11122612499999995
10.4500301,10.4500301,2.294438601,0.062897131,0.022999229,2.465637331,0.027305652,0.188318395,11.79928347,-170.5992663,9264.52255,2.169923285,0.025148261,-0.069653693,9.504844869000001,0.17119872999999997,0.1245153160000001
10.50001,10.50001,2.222126961,0.06535881,0.027757172,2.421356097,0.024657432,0.196799945,12.07828674,-174.2437536,9575.965047,2.077132565,0.019272131,-0.068081294,9.856159778999999,0.19922913600000003,0.14499439599999997
10.55005,10.55005,2.123375416,0.068382271,0.026025653,2.335872778,0.021313729,0.206092267,12.20640671,-178.0180352,9899.93098,1.939145871,0.012254432,-0.065986183,10.083031294,0.21249736200000013,0.184229545
10.6000099,10.6000099,1.945951343,0.060451835,0.026834786,2.212098434,0.01736236,0.215994378,12.17853391,-181.817861,10231.72377,1.75197256,0.00433161,-0.06279784,10.232582567000001,0.2661470910000001,0.19397878299999993
10.6500101,10.6500101,1.619539142,0.050009072,0.026401151,2.041000748,0.012866623,0.227145578,11.97254641,-185.5495936,10567.55206,1.505149277,-0.004179512,-0.057392906,10.353007267999999,0.42146160600000004,0.11438986500000015
10.7000401,10.7000401,1.425476432,0.035945341,0.030743346,1.833746615,0.007866357,0.238646017,11.60609449,-189.1063625,10902.01485,1.234111133,-0.013007632,-0.052221609,10.180618058,0.40827018299999995,0.19136529899999988
10.7502501,10.7502501,1.130102158,0.028684001,0.039166976,1.601365661,0.002310953,0.249557203,11.10350538,-192.4184579,11231.268,0.935092321,-0.021870675,-0.046426131,9.973403222,0.4712635030000001,0.19500983699999996
10.7999799,10.7999799,0.95574522,0.019491471,0.0346996,1.347035275,-0.003775213,0.259636181,10.48025377,-195.3810054,11546.25166,0.622196607,-0.030566288,-0.040684118,9.524508549999998,0.39129005500000014,0.33354861299999994
10.8501,10.8501,0.133027896,0.022131952,0.083235651,1.074123257,-0.010816902,0.268456827,9.750727172,-198.0042258,11848.07332,0.301924441,-0.039456685,-0.035025931,9.617699276,0.9410953610000001,0.16889654499999998
10.9001,10.9001,0.082217902,0.020112842,0.053595755,0.788771016,-0.018748966,0.275730035,8.940768028,-200.2378923,12129.65794,-0.018560335,-0.047461047,-0.029655062,8.858550126,0.706553114,0.10077823699999999
10.9500799,10.9500799,-0.196638733,-0.021512812,0.033657998,0.494123836,-0.027172484,0.281339852,8.068807537,-202.0869653,12388.3981,-0.335195644,-0.054027169,-0.024512753,8.26544627,0.690762569,0.138556911
11.0001199,11.0001199,-0.375978649,-0.032503907,0.032293051,0.192580644,-0.036032953,0.285343597,7.151417299,-203.5693259,12622.08325,-0.644194111,-0.059719045,-0.019476696,7.527395948000001,0.568559293,0.268215462
11.05001,11.05001,-0.564044774,-0.018119812,0.03466532,-0.110659376,-0.04519398,0.287854854,6.211248069,-204.7085802,12827.91477,-0.940789442,-0.064365062,-0.014542317,6.775292843,0.453385398,0.37674466800000006
11.0999701,11.0999701,-0.852875471,-0.039657962,0.021263218,-0.409915303,-0.054238329,0.288950037,5.266885999,-205.5502852,13005.76413,-1.216943149,-0.067777694,-0.009958933,6.11976147,0.44296016800000004,0.36406767799999995
11.14993,11.14993,-1.159960508,-0.036728401,0.03998803,-0.697076283,-0.062622061,0.288795535,4.341758239,-206.1401959,13155.1095,-1.467963719,-0.06992193,-0.005692399,5.501718747,0.4628842249999999,0.30800321099999994
11.2,11.2,-1.477202177,-0.049275193,0.060535263,-0.963943809,-0.069755955,0.287593012,3.456514124,-206.5295891,13276.79421,-1.686852404,-0.070683874,-0.001920214,4.933716301,0.5132583679999999,0.20965022700000002
11.2502201,11.2502201,-1.725360751,-0.053408787,0.073284715,-1.204237738,-0.075115094,0.285759732,2.628151242,-206.7674077,13372.08635,-1.866855478,-0.070073947,0.001186508,4.353511993,0.521123013,0.141494727
11.2999601,11.2999601,-2.097588062,-0.066900335,0.090969458,-1.38711058,-0.078045059,0.282069306,1.924079765,-206.898515,13442.49782,-1.966194023,-0.068046283,0.000646643,4.021667827,0.7104774819999997,0.1313940389999999
11.35008,11.35008,-2.187436819,-0.06180115,0.095444299,-1.508547974,-0.078583246,0.276409121,1.354980212,-206.9671746,13493.61837,-2.021208223,-0.065115687,-0.000302745,3.5424170310000003,0.6788888450000001,0.16622859600000028
11.4000301,11.4000301,-2.212177277,-0.061228957,0.091143817,-1.584906805,-0.077299345,0.270439123,0.905709368,-206.9995613,13528.61929,-2.030249633,-0.061292865,-0.001821257,3.117886645,0.627270472,0.18192764399999994
11.4502201,11.4502201,-2.171494961,-0.055034522,0.080829203,-1.604336921,-0.07437794,0.263298881,0.606079064,-207.013858,13551.93024,-1.976857799,-0.056959921,-0.005153724,2.777574025,0.56715804,0.19463716200000003
11.5000601,11.5000601,-2.0840137,-0.05560673,0.072241671,-1.569128058,-0.070359841,0.255123097,0.466178494,-207.0208881,13568.28226,-1.881640664,-0.051930094,-0.008656412,2.550192194,0.5148856419999999,0.20237303599999978
11.5501001,11.5501001,-1.955364943,-0.052063216,0.065750688,-1.493252662,-0.065743498,0.246730454,0.46683505,-207.0261622,13582.51598,-1.746199322,-0.046276226,-0.01235297,2.422199993,0.462112281,0.2091656209999999
11.60041,11.60041,-1.598499298,-0.05025271,0.053376738,-1.361387019,-0.06053975,0.23686292,0.641911252,-207.0336673,13599.46658,-1.54401422,-0.040988367,-0.018366975,2.24041055,0.23711227899999998,0.05448507799999991
11.65026,11.65026,-1.417855263,-0.055493448,0.052534822,-1.182028504,-0.05504692,0.225948068,0.980113775,-207.0501954,13624.43364,-1.316753777,-0.034874288,-0.023626943,2.3979690380000003,0.23582675900000005,0.10110148600000013
11.7,11.7,-1.213016033,-0.051175077,0.046902169,-0.973839124,-0.049456783,0.215331964,1.445422651,-207.0873465,13661.87495,-1.066735132,-0.028108543,-0.028385731,2.658438684,0.239176909,0.1462809009999999
11.7501099,11.7501099,-1.013550282,-0.050085794,0.036454957,-0.734424416,-0.043566217,0.204943141,2.038602724,-207.1648484,13716.24154,-0.796483831,-0.020866098,-0.032803037,3.052153006,0.279125866,0.217066451
11.8001499,11.8001499,-0.78087163,-0.040391091,0.032451004,-0.467010646,-0.037260603,0.195027385,2.745916693,-207.3109796,13790.97242,-0.506576813,-0.013426753,-0.037169429,3.526788323,0.31386098400000007,0.274294817
11.85008,11.85008,-0.600046098,-0.039468713,0.027047848,-0.174786782,-0.030392735,0.18583945,3.552963458,-207.563963,13889.37575,-0.203934502,-0.005819008,-0.041321915,4.153009556,0.425259316,0.396111596
11.9001,11.9001,-0.27974695,-0.039704148,0.014222413,0.141014915,-0.022656954,0.177472654,4.449904074,-207.9730996,14014.90847,0.111774416,0.001682563,-0.045699394,4.729651024,0.420761865,0.391521366
11.9500701,11.9500701,-0.157502323,-0.017446281,0.011753293,0.47480629,-0.013972578,0.170102986,5.417851763,-208.5948519,14170.03978,0.429708,0.009052046,-0.049920543,5.575354086,0.632308613,0.587210323
12.0001199,12.0001199,0.148162991,-0.013174117,-0.003138185,0.817922795,-0.00437741,0.163983215,6.43607802,-209.493616,14357.4527,0.744167723,0.016237607,-0.054077372,6.287915029,0.669759804,0.596004732
12.05005,12.05005,0.327629566,-0.018364191,-0.026443603,1.160904738,0.006006455,0.159015313,7.482341357,-210.7297958,14578.16652,1.049680346,0.023026941,-0.058272552,7.154711791,0.833275172,0.72205078
12.10008,12.10008,0.685323179,-0.026726728,-0.034599014,1.494223618,0.016804348,0.154990862,8.540158034,-212.3713804,14834.56001,1.339726516,0.029268854,-0.062525716,7.854834854999999,0.808900439,0.6544033370000001
12.1500599,12.1500599,0.985747099,-0.016653541,-0.037789356,1.807052842,0.027343837,0.151466506,9.5887826,-214.4709416,15126.98481,1.606487073,0.034875214,-0.066749823,8.603035501,0.821305743,0.620739974
12.2000999,12.2000999,1.802696824,-0.002042951,-0.041486353,2.073028501,0.0370938,0.14923848,10.58036925,-217.0749777,15456.48809,1.812697043,0.041465825,-0.068684402,8.777672426,0.27033167699999994,0.010000218999999921
12.2500801,12.2500801,2.013547659,0.007312752,-0.02990368,2.279167114,0.045259614,0.148324333,11.48242139,-220.1852703,15821.19594,1.97961912,0.046781326,-0.070377777,9.468873731,0.26561945499999995,0.033928538999999924
12.30006,12.30006,2.183701754,0.017126672,-0.025531679,2.434443167,0.051282716,0.147645224,12.29982671,-223.7994564,16220.41684,2.102141013,0.05079011,-0.071615972,10.116124956,0.2507414130000001,0.0815607410000001
12.3501,12.3501,2.315400362,0.035920046,-0.017951453,2.530493068,0.055077042,0.147787862,13.0018719,-227.8959359,16653.11586,2.168178646,0.05364034,-0.071627694,10.686471538,0.21509270600000008,0.14722171600000022
12.4000599,12.4000599,2.353318691,0.039909091,-0.010122374,2.569518354,0.05683869,0.148873167,13.57074638,-232.4063011,17115.45911,2.184809896,0.054917636,-0.071056246,11.217427688999999,0.21619966299999982,0.16850879500000016
12.45011,12.45011,2.338637114,0.046125866,-0.009764745,2.559553939,0.057003573,0.150718875,14.00299337,-237.2717593,17605.90558,2.151309145,0.054665619,-0.069808663,11.664356256000001,0.2209168250000002,0.18732796900000004
12.5000701,12.5000701,2.265102625,0.046757672,0.003606831,2.502769835,0.055919821,0.153535269,14.28339044,-242.3833936,18118.84544,2.060059744,0.053066369,-0.067203912,12.018287815,0.23766721000000013,0.2050428809999998
12.55004,12.55004,2.054444075,0.051077511,0.008549551,2.388057042,0.053658377,0.158506545,14.3767303,-247.6342856,18650.0294,1.893103811,0.050360367,-0.061687661,12.322286225,0.33361296699999965,0.16134026400000012
12.60005,12.60005,1.882457256,0.05020728,0.004544114,2.22769953,0.05071983,0.165044988,14.2922959,-252.8891685,19193.03773,1.692459589,0.046389802,-0.056328173,12.409838643999999,0.3452422740000003,0.18999766699999987
12.6500599,12.6500599,1.708158135,0.044361543,0.004845116,2.04337589,0.047518258,0.171573968,14.06592829,-258.0307512,19741.32037,1.461191593,0.041366512,-0.05086362,12.357770155,0.3352177550000002,0.246966542
12.7000501,12.7000501,1.409110308,0.043553878,0.005819651,1.829124193,0.043972038,0.178471543,13.6887133,-262.9547514,20288.33704,1.193279553,0.03549605,-0.04441613,12.279602992,0.4200138849999999,0.21583075500000004
12.7501099,12.7501099,1.212961674,0.045395661,0.011887408,1.588175299,0.040011879,0.185456048,13.17130777,-267.5717545,20828.0929,0.905492825,0.029094845,-0.03798272,11.958346096,0.375213625,0.30746884900000004
12.8000801,12.8000801,1.029417872,0.046192862,0.012256952,1.329006975,0.035952401,0.1918952,12.53832594,-271.7941467,21352.38174,0.601322464,0.022397957,-0.031429582,11.508908068,0.29958910299999997,0.428095408
12.8503301,12.8503301,0.414853513,0.283130258,-0.084485114,1.046068367,0.030013393,0.198141913,11.78959419,-275.5966192,21858.70653,0.277499585,0.009965087,-0.023864481,11.374740677,0.631214854,0.13735392800000001
12.9000499,12.9000499,0.296225369,0.249021515,-0.07674396,0.747926109,0.021714496,0.20401372,10.95731239,-278.8849681,22333.10528,-0.049214555,-0.003792789,-0.016553724,10.661087021,0.45170074,0.345439924
12.9500999,12.9500999,0.167953238,0.235400349,-0.063629456,0.43611984,0.011943375,0.209273205,10.05296595,-281.7090867,22779.02599,-0.375582022,-0.018418658,-0.009392495,9.885012712,0.268166602,0.5435352600000001
13.0000901,13.0000901,-0.013685226,0.223871335,-0.04966259,0.114166319,0.00073014,0.213993719,9.098414957,-284.0527607,23188.70443,-0.697495496,-0.033366333,-0.002368518,9.112100182999999,0.127851545,0.68381027
13.05004,13.05004,-0.252634287,0.191383809,-0.027784711,-0.21328211,-0.011879278,0.218139408,8.113546704,-285.9441458,23559.29011,-1.009061422,-0.048658761,0.004433891,8.366180991,0.039352177000000016,0.756427135
13.1000099,13.1000099,-0.49777931,0.134708732,0.046028946,-0.54157179,-0.025390969,0.221802183,7.115799262,-287.4254597,23889.19936,-1.304535822,-0.062786281,0.010895871,7.613578572000001,0.04379248000000002,0.8067565120000001
13.1499701,13.1499701,-1.15753746,0.091653347,0.077622421,-0.856621069,-0.039313342,0.224586419,6.137856564,-288.5463652,24177.39823,-1.56495949,-0.076057307,0.015944604,7.295394024,0.3009163909999999,0.40742203
13.19997,13.19997,-1.558565617,0.071627699,0.099160582,-1.143837747,-0.053173401,0.22613376,5.210806165,-289.3686196,24425.11371,-1.787438074,-0.08762071,0.019756808,6.769371782,0.4147278699999999,0.22887245700000003
13.25003,13.25003,-1.817914724,0.05706628,0.106955409,-1.397203002,-0.0659499,0.22676193,4.349884897,-289.9526422,24634.46368,-1.970035725,-0.097387161,0.022539855,6.167799621,0.42071172200000007,0.15212100100000003
13.2999899,13.2999899,-2.028611898,0.038499422,0.128144905,-1.608489476,-0.077071542,0.22662948,3.57657976,-290.3528956,24807.85266,-2.107389693,-0.105410374,0.024185114,5.605191658,0.42012242199999994,0.07877779500000015
13.3500299,13.3500299,-2.163098335,0.022984328,0.130737722,-1.770668896,-0.086401613,0.225676418,2.909617215,-290.620924,24949.99114,-2.195284906,-0.111798495,0.024646326,5.07271555,0.3924294389999998,0.032186571
13.3999801,13.3999801,-2.242320538,0.003167246,0.151489109,-1.883041674,-0.093864676,0.224157161,2.361446179,-290.7972643,25065.26065,-2.231027882,-0.116620729,0.023939338,4.603766717,0.359278864,0.011292656000000179
13.4504001,13.4504001,-2.245201111,-0.014412425,0.159549192,-1.923106963,-0.100694271,0.22025493,1.981696491,-290.9169873,25160.78312,-2.172520413,-0.121130554,0.018980268,4.226897602,0.32209414800000014,0.0726806980000001
13.50002,13.50002,-2.153215408,-0.02125355,0.14964433,-1.893919885,-0.107492383,0.213783646,1.788349028,-291.0059336,25242.56064,-2.070322169,-0.124445966,0.013855006,3.941564436,0.2592955229999998,0.08289323899999967
13.5503399,13.5503399,-2.029681683,-0.031544302,0.137128845,-1.82313397,-0.114279491,0.206259251,1.735069657,-291.0845358,25320.02946,-1.9264088,-0.126628245,0.008436652,3.76475134,0.2065477130000002,0.10327288300000026
13.6000299,13.6000299,-1.808147311,-0.039878521,0.126946837,-1.705582663,-0.121712799,0.197096357,1.843627191,-291.1645074,25397.69141,-1.730588693,-0.128308565,0.00177174,3.651774502,0.10256464799999998,0.07755861799999986
13.65009,13.65009,-1.567704558,-0.113593109,0.093738049,-1.544378086,-0.130615484,0.186235028,2.110772148,-291.2633768,25484.33742,-1.503256899,-0.128882592,-0.004747159,3.678476706,0.02332647199999993,0.06444765900000005
13.7000301,13.7000301,-0.75086832,-0.669281363,-0.137668893,-1.356102018,-0.138397438,0.174873165,2.506911114,-291.3984168,25585.47214,-1.253320097,-0.122764868,-0.011008542,3.257779434,0.605233698,0.502451777
13.7503099,13.7503099,-0.482286602,-0.544846177,-0.1355827,-1.139162228,-0.136557679,0.163348107,3.032591294,-291.5943979,25707.75727,-0.972144573,-0.103670448,-0.01818172,3.514877896,0.6568756259999999,0.489857971
13.80003,13.80003,-0.341497421,-0.509628832,-0.112375632,-0.901872443,-0.125618943,0.152848687,3.665498765,-291.8785575,25854.3053,-0.678529039,-0.081228997,-0.024411984,4.006996186,0.560375022,0.3370316179999999
13.8503301,13.8503301,-0.198896274,-0.493127167,-0.135152087,-0.646561183,-0.110545048,0.144046534,4.39748355,-292.295554,26033.09958,-0.374139513,-0.055916576,-0.029837848,4.596379824,0.447664909,0.17524323899999997
13.9000301,13.9000301,-0.102521501,-0.441168308,-0.113652669,-0.379835609,-0.090717383,0.137300289,5.199736348,-292.8796919,26243.8514,-0.061451373,-0.028514252,-0.034544276,5.302257849,0.277314108,0.041070128000000004
13.95031,13.95031,0.039657213,-0.400105208,-0.129771248,-0.097518311,-0.064991903,0.13246817,6.076221686,-293.6958668,26495.05593,0.25643734,0.001390559,-0.038688718,6.036564473,0.137175524,0.21678012700000002
14.0000701,14.0000701,0.224801168,-0.403364003,-0.128220022,0.190717776,-0.033659486,0.129385876,6.990456088,-294.7808817,26784.17907,0.574072931,0.031935664,-0.042197849,6.76565492,0.03408339199999999,0.349271763
14.0500901,14.0500901,0.532461107,-0.318518341,-0.125671953,0.485714316,0.002059478,0.127222594,7.940119586,-296.2052538,27117.7697,0.885590762,0.062654038,-0.045113832,7.407658479,0.046746791000000065,0.35312965499999993
14.0999901,14.0999901,0.975623429,-0.253002435,-0.127159089,0.770667912,0.044305819,0.125433258,8.884435044,-298.0107423,27495.0009,1.170679168,0.098703586,-0.046672213,7.908811615,0.20495551700000003,0.19505573899999995
14.15025,14.15025,1.257106423,-0.234764948,-0.114163816,1.036570274,0.091244221,0.122552921,9.806296872,-300.2546364,27919.98377,1.432142746,0.132856764,-0.047297667,8.549190449000001,0.22053614899999996,0.17503632300000005
14.2000101,14.2000101,1.569353461,-0.193026796,-0.079029858,1.273747107,0.136430927,0.116649253,10.67715015,-302.9231804,28384.96288,1.662287948,0.165031242,-0.046890933,9.107796688999999,0.295606354,0.09293448699999995
14.2502801,14.2502801,1.803114533,-0.145493582,-0.040568449,1.474776837,0.178876983,0.106478073,11.48963458,-306.0807493,28898.29041,1.854196881,0.194947534,-0.045405794,9.686520047,0.32833769599999996,0.051082348
14.30005,14.30005,2.035424471,-0.099161386,-0.003317002,1.626010838,0.215759195,0.0917262,12.20459258,-309.6532607,29447.62922,1.995038997,0.222863409,-0.042325156,10.169168109000001,0.4094136329999998,0.04038547399999981
14.35009,14.35009,2.198883057,-0.038373519,0.044182748,1.707485817,0.245615258,0.073886888,12.78159946,-313.6500274,30037.45097,2.057395951,0.24940168,-0.03594399,10.582716403000001,0.4913972400000002,0.14148710600000003
14.4000599,14.4000599,2.213748693,-0.0131488,0.061065782,1.722993305,0.268816629,0.054147666,13.20797394,-317.9651594,30658.08627,2.075624705,0.272476884,-0.02915465,10.994225247000001,0.49075538799999996,0.1381239879999998
14.4500501,14.4500501,2.158650875,0.010065001,0.069055803,1.68736777,0.287294803,0.032941194,13.49595094,-322.5236245,31305.09777,2.04162475,0.292496623,-0.021305464,11.337300065,0.47128310500000015,0.1170261250000002
14.5000701,14.5000701,2.069714785,0.023788985,0.067316815,1.602096456,0.30232118,0.011835328,13.63377538,-327.2305993,31972.29304,1.965201695,0.309412931,-0.013180137,11.564060594999999,0.467618329,0.10451308999999998
14.5501101,14.5501101,1.936149001,0.051834479,0.070219547,1.476206462,0.315669903,-0.008365753,13.62700166,-331.9851491,32652.76373,1.847475373,0.323446489,-0.004809291,11.690852658999999,0.45994253900000004,0.088673628
14.60006,14.60006,1.778840423,0.069008082,0.070328325,1.312897091,0.328332487,-0.026576903,13.47403969,-336.6756667,33337.708,1.69039218,0.334813193,0.003725108,11.695199267,0.46594333199999993,0.08844824299999998
14.6500201,14.6500201,1.574391484,0.090207949,0.06914068,1.114368543,0.341077923,-0.041889994,13.17581166,-341.2126774,34020.71435,1.491659969,0.343725135,0.012725879,11.601420176000001,0.46002294099999985,0.08273151499999987
14.7000601,14.7000601,1.205815196,0.110016063,0.072249062,0.875241806,0.353580099,-0.052752771,12.72147474,-345.5049722,34694.22342,1.246171778,0.350179059,0.022795105,11.515659544,0.3305733900000001,0.04035658199999981
14.7502899,14.7502899,1.007127047,0.124041013,0.072649866,0.604030343,0.366716278,-0.058562771,12.12742913,-349.4702653,35350.57166,0.978143759,0.354846637,0.03222603,11.120302082999999,0.403096704,0.02898328800000005
14.80003,14.80003,0.632501483,0.227973655,0.048819937,0.315675376,0.38032139,-0.059217541,11.42699496,-352.9988061,35973.30773,0.687459796,0.356525368,0.041495081,10.794493477,0.31682610699999997,0.05495831299999998
14.85006,14.85006,0.455475569,0.238498315,0.05483254,0.009846873,0.393434039,-0.054187372,10.6215345,-356.108391,36565.10539,0.38318977,0.3562116,0.050177957,10.166058930999998,0.44562869600000005,0.07228579900000004
14.9000599,14.9000599,0.274231344,0.237872481,0.060043495,-0.302934643,0.405013779,-0.043354159,9.735456323,-358.7577175,37115.57281,0.0690289,0.354284959,0.058355308,9.461224978999999,0.577165987,0.20520244399999998
14.9504201,14.9504201,0.10548906,0.257008582,0.06383881,-0.619313079,0.413405352,-0.026460903,8.775626114,-360.9643682,37623.11499,-0.250684468,0.351100402,0.066074593,8.670137054,0.724802139,0.356173528
15.0002,15.0002,-0.366030723,0.238382101,0.053184487,-0.924534007,0.416390107,-0.004296993,7.780969349,-362.7091912,38074.21571,-0.568157131,0.345155889,0.073218829,8.147000072,0.5585032839999999,0.20212640799999998
15.05006,15.05006,-0.59889555,0.239347711,0.063697256,-1.214666665,0.412758715,0.02251627,6.759760409,-364.0573255,38472.66028,-0.877480597,0.338807212,0.079665373,7.358655959,0.6157711149999999,0.278585047
15.1000299,15.1000299,-0.927838981,0.225784689,0.05553887,-1.483644075,0.402209472,0.052997052,5.731174141,-365.0544439,38816.70553,-1.17171907,0.332139934,0.085351411,6.659013122,0.555805094,0.24388008900000002
15.1501901,15.1501901,-1.233410001,0.218791604,0.072114944,-1.726329482,0.384850968,0.086005767,4.715171981,-365.7546091,39106.0936,-1.443118734,0.325417458,0.090154355,5.948581982,0.49291948099999994,0.20970873300000004
15.2000601,15.2000601,-1.615787625,0.20270285,0.094347514,-1.932646099,0.36224692,0.119725405,3.7500861,-366.2116042,39339.44127,-1.679501724,0.318453886,0.09361224,5.365873725,0.316858474,0.06371409900000002
15.25032,15.25032,-1.888053417,0.18467848,0.121132404,-2.103212577,0.336057724,0.153584667,2.842945145,-366.4911395,39522.65548,-1.877524737,0.311804113,0.095914395,4.730998562,0.2151591599999998,0.010528679999999957
15.3010001,15.3010001,-2.234907389,0.151959985,0.174600855,-2.221312617,0.309130355,0.185682422,2.040780159,-366.6452306,39659.1443,-2.001734693,0.304031889,0.094706895,4.2756875480000005,0.01359477199999981,0.233172696
15.3503101,15.3503101,-2.358455181,0.135564268,0.200594559,-2.277000343,0.285189581,0.213689602,1.402074935,-366.7197403,39752.67568,-2.070987382,0.296261696,0.091822588,3.760530116,0.08145483799999997,0.28746779899999986
15.40007,15.40007,-2.387080431,0.119214706,0.213008702,-2.289301091,0.264511351,0.239498426,0.888654383,-366.7529768,39815.26749,-2.092609847,0.28893252,0.08793508,3.2757348139999998,0.09777933999999977,0.2944705839999999
15.45032,15.45032,-2.345771074,0.090097763,0.220486075,-2.260156065,0.247914839,0.263129502,0.510950487,-366.765413,39853.59264,-2.065916504,0.282034522,0.083063848,2.856721561,0.08561500900000008,0.2798545699999999
15.5000701,15.5000701,-2.271917582,0.066525586,0.214617968,-2.192262564,0.236090651,0.284208432,0.28385454,-366.7692855,39874.83039,-1.99147144,0.275600214,0.077323513,2.555772122,0.07965501799999997,0.28044614199999995
15.55059,15.55059,-2.11450386,0.046154168,0.201676294,-2.079957015,0.228969889,0.302895803,0.217874811,-366.7707313,39888.04809,-1.855470749,0.268607432,0.06972082,2.3323786710000003,0.03454684499999994,0.25903311100000015
15.60008,15.60008,-1.884125233,0.033349574,0.187301055,-1.916467248,0.226801043,0.317509021,0.341611787,-366.7725225,39902.5258,-1.654368239,0.260226072,0.06003658,2.22573702,0.032342015,0.22975699399999994
15.6503,15.6503,-1.619043708,0.023224223,0.175205737,-1.71132247,0.229224686,0.329415307,0.63449248,-366.7785259,39929.0629,-1.426019809,0.252807415,0.050928185,2.253536188,0.09227876200000007,0.19302389899999994
15.7000701,15.7000701,-1.364771247,0.021766879,0.167819187,-1.482614532,0.235767683,0.339278592,1.062671903,-366.7967076,39975.26027,-1.168939598,0.245648283,0.041897134,2.42744315,0.11784328499999996,0.19583164900000005
15.7505801,15.7505801,-1.166676641,0.02499596,0.162952468,-1.224445024,0.246186306,0.347157745,1.631325113,-366.8434796,40050.15902,-0.892346506,0.239108899,0.033307774,2.798001754,0.05776838299999998,0.27433013500000003
15.80005,15.80005,-0.96913594,0.026688728,0.159788921,-0.950710426,0.25970993,0.352842639,2.302781652,-366.9412404,40157.62397,-0.599357465,0.232922079,0.0250505,3.2719175920000003,0.01842551400000003,0.36977847500000005
15.85006,15.85006,-0.790205836,0.030186037,0.158137888,-0.654380702,0.276131088,0.356110265,3.085341897,-367.1267379,40306.71961,-0.293506029,0.226834663,0.017042319,3.8755477330000003,0.13582513400000007,0.49669980700000005
15.8999901,15.8999901,-0.433592588,0.026065862,0.157963514,-0.340557318,0.29414067,0.356091374,3.958091157,-367.4431912,40501.62151,0.024630874,0.219822043,0.008981444,4.391683745,0.09303527,0.458223462
15.94994,15.94994,-0.318922132,0.0602074,0.127936155,-0.011575728,0.311794674,0.351720764,4.90943648,-367.9451069,40747.55791,0.348554498,0.211550039,0.000944666,5.228358612,0.307346404,0.66747663
15.99999,15.99999,-0.05825609,0.035389513,0.099789359,0.324040801,0.328041503,0.342096298,5.918256417,-368.6951622,41049.15705,0.66843861,0.203373693,-0.00689702,5.976512507000001,0.38229689099999997,0.7266947
16.0499899,16.0499899,0.163859904,0.034404557,0.107126698,0.655687243,0.341322815,0.3263868,6.959302301,-369.7550215,41408.49945,0.978729458,0.194623379,-0.014636408,6.795442397,0.49182733900000003,0.8148695539999999
16.10025,16.10025,0.547678113,0.039739173,0.060550131,0.976880938,0.349552678,0.303755256,8.01956359,-371.1965278,41830.19159,1.272716413,0.185626214,-0.022314598,7.471885477000001,0.42920282499999995,0.7250382999999999
16.1500301,16.1500301,0.763388813,0.049190976,0.065731265,1.273004081,0.351382576,0.274586429,9.060227088,-373.0528905,42308.66254,1.543305092,0.176421658,-0.029908102,8.296838274999999,0.509615268,0.7799162789999999
16.2000701,16.2000701,1.148598909,0.032014411,0.065597162,1.543031492,0.346087251,0.238994522,10.07935361,-375.3962046,42850.75702,1.783037311,0.166819381,-0.037320563,8.930754701,0.39443258299999995,0.634438402
16.25,16.25,1.873206496,0.036860287,0.066497244,1.761713608,0.332850082,0.20007743,11.01592489,-378.2390916,43451.40897,1.951202386,0.157172969,-0.041910629,9.142718394000001,0.11149288800000012,0.07799588999999996
16.3001699,16.3001699,2.05450058,0.020354265,0.06661348,1.924452533,0.313417172,0.160462994,11.84745027,-381.5921784,44110.75095,2.075199813,0.147089237,-0.046243263,9.79294969,0.13004804700000006,0.02069923299999976
16.3501501,16.3501501,2.185512066,0.044662561,0.058149613,2.043529685,0.290779842,0.121575124,12.57440545,-385.4037096,44819.06285,2.151135728,0.136569274,-0.05007669,10.388893384000001,0.1419823809999996,0.03437633799999995
16.40027,16.40027,2.256964922,0.042685173,0.043665681,2.117490403,0.266523962,0.085054922,13.18138106,-389.654795,45576.06808,2.176469706,0.125581103,-0.053243973,10.924416138,0.13947451899999974,0.08049521600000009
16.45013,16.45013,2.251402378,0.060205981,0.034118492,2.142353969,0.242365215,0.052798805,13.64217702,-394.2425435,46369.42299,2.142104266,0.114149276,-0.055010833,11.390774642,0.10904840899999968,0.10929811199999984
16.50018,16.50018,2.189672709,0.069177993,0.02581704,2.123120534,0.219374116,0.025089592,13.95575212,-399.1164557,47198.62325,2.058803202,0.102040389,-0.056120809,11.766079411,0.06655217499999999,0.13086950699999989
16.55023,16.55023,1.996968746,0.079584956,0.023818789,2.051011447,0.198136891,0.003112309,14.09378748,-404.1542377,48052.20603,1.898587508,0.089341009,-0.054144992,12.096818734,0.05404270099999997,0.09838123799999998
16.6001601,16.6001601,1.823466301,0.074341215,0.022811461,1.927324063,0.179274575,-0.012871806,14.0482553,-409.2103782,48917.06556,1.69615052,0.075982416,-0.051588162,12.224788999,0.10385776199999985,0.12731578100000007
16.65009,16.65009,1.648135781,0.086029664,0.025967525,1.77301113,0.162957741,-0.024783096,13.8546964,-414.1802968,49785.08959,1.463271318,0.062128917,-0.048879658,12.206560619,0.12487534900000008,0.1848644629999998
16.7000701,16.7000701,1.457606316,0.085177325,0.022096198,1.590937978,0.148816936,-0.033374774,13.52020795,-418.9686129,50647.63151,1.203402796,0.04797273,-0.045834629,12.062601634,0.13333166200000002,0.2542035199999999
16.7503099,16.7503099,1.280694962,0.081267245,0.019720949,1.382286294,0.136396017,-0.039266427,13.05134536,-423.5034172,51498.60902,0.920301319,0.033719357,-0.042358598,11.770650397999999,0.10159133199999992,0.3603936430000001
16.8003201,16.8003201,1.06363225,0.072523214,0.023049867,1.149737352,0.125373792,-0.042810704,12.4614451,-427.6651266,52320.33441,0.614516042,0.019512427,-0.038115251,11.397812850000001,0.0861051020000001,0.44911620799999996
16.8505599,16.8505599,0.758544564,0.059088338,0.021218514,0.886950987,0.115191602,-0.043952664,11.74729527,-431.430114,53110.96031,0.284888509,0.005456914,-0.03262301,10.988750706000001,0.12840642299999994,0.473656055
16.90007,16.90007,0.616981924,0.050102927,0.022745881,0.604564297,0.105728352,-0.043182168,10.94467888,-434.6890005,53847.09304,-0.049770803,-0.007715408,-0.026999943,10.327696956,0.012417626999999931,0.666752727
16.9500401,16.9500401,0.402126521,0.049725931,0.014405699,0.30255152,0.096435123,-0.040990263,10.05923191,-437.5073178,54539.59936,-0.387873025,-0.019941669,-0.020867744,9.657105389,0.099575001,0.789999546
17.0001299,17.0001299,0.192866504,0.028265271,0.032965098,-0.014829114,0.087018244,-0.037393662,9.112730055,-439.8608308,55176.87289,-0.720139533,-0.030914885,-0.014524763,8.919863551,0.207695618,0.9130060369999999
17.05003,17.05003,-0.11392089,-0.103551172,0.134832412,-0.338546898,0.077393275,-0.032655272,8.134751351,-441.7582788,55750.68532,-1.040603289,-0.039945652,-0.008011053,8.248672241,0.224626008,0.9266823990000002
17.1000099,17.1000099,-0.349831671,-0.01497418,-0.034272678,-0.665019688,0.067641732,-0.026713296,7.138649557,-443.2485319,56261.48492,-1.342049439,-0.046603775,-0.001468148,7.4884812279999995,0.315188017,0.9922177679999999
17.1501701,17.1501701,-1.118322253,-0.008353593,0.030057887,-0.978657641,0.057596459,-0.020179465,6.158316601,-444.3812729,56708.85279,-1.60429703,-0.051729351,0.003960464,7.276638854,0.13966461200000013,0.4859747769999998
17.20014,17.20014,-1.431924582,-0.017403075,0.04443752,-1.264415935,0.047363214,-0.013475298,5.229072553,-445.2088716,57091.28196,-1.830664463,-0.05531753,0.008951422,6.660997135,0.167508647,0.398739881
17.2501199,17.2501199,-1.720549107,-0.017286854,0.036906481,-1.519029574,0.037355002,-0.00635323,4.359747283,-445.7954783,57413.70904,-2.014999908,-0.057472263,0.013294367,6.08029639,0.20151953300000014,0.294450801
17.3,17.3,-1.997184038,-0.012508049,0.041379828,-1.728447458,0.027968617,0.00062198,3.582256947,-446.1965167,57680.26947,-2.145268613,-0.058395,0.016282481,5.579440985,0.2687365800000001,0.14808457499999972
17.35007,17.35007,-2.144484282,-0.007174918,0.053987719,-1.886223964,0.019547538,0.007135902,2.914266289,-446.4655744,57899.14769,-2.224891685,-0.05818937,0.018392042,5.058750571,0.25826031800000004,0.08040740299999971
17.4000399,17.4000399,-2.205963135,-0.010736301,0.059110742,-1.994947409,0.012444863,0.013434157,2.363887588,-446.6424685,58076.52197,-2.251796306,-0.056900976,0.019543633,4.569850723,0.2110157260000003,0.04583317099999995
17.4503,17.4503,-2.172553062,-0.033676665,0.077637374,-2.03186804,0.006729344,0.017598915,1.982714314,-446.7620257,58222.89104,-2.184883848,-0.055406655,0.016595248,4.155267376,0.140685022,0.012330786000000149
17.49998,17.49998,-2.114387751,-0.037698485,0.088595696,-2.001447988,0.002484909,0.019249671,1.784653505,-446.8509638,58348.53749,-2.074645669,-0.05298763,0.013540388,3.8990412560000003,0.11293976300000041,0.03974208200000007
17.5499401,17.5499401,-1.990041733,-0.046137031,0.090699747,-1.930188453,-0.000511782,0.019981641,1.728738558,-446.9285631,58466.30305,-1.923497886,-0.049633844,0.010208957,3.718780291,0.05985328000000001,0.06654384699999993
17.59992,17.59992,-1.83316803,-0.051924642,0.086059511,-1.819537573,-0.002418078,0.019602289,1.8212545,-447.0078643,58585.38894,-1.734350474,-0.045439748,0.006571554,3.6544225299999997,0.013630456999999874,0.09881755599999997
17.6501,17.6501,-1.584548712,-0.056897145,0.086089283,-1.66742083,-0.003353132,0.017747742,2.070256428,-447.1036347,58716.46915,-1.499312409,-0.040863733,0.001806988,3.6548051399999997,0.08287211800000005,0.08523630299999985
17.70013,17.70013,-1.390234351,-0.063627988,0.069768019,-1.478949931,-0.003610387,0.014508886,2.467652678,-447.2341734,58869.22253,-1.23750132,-0.035562476,-0.002848889,3.8578870289999996,0.08871558000000013,0.1527330309999999
17.75003,17.75003,-0.222796232,-0.123094045,0.018370897,-1.266046485,-0.002278332,0.010714665,2.987818762,-447.4229474,59052.699,-0.957473647,-0.027867207,-0.007197657,3.2106149939999997,1.0432502529999998,0.7346774150000001
17.8001001,17.8001001,-0.117142521,-0.105865315,0.032547865,-1.033162225,0.001234228,0.006853413,3.616515663,-447.7011517,59275.93251,-0.667260264,-0.018716004,-0.010948375,3.733658184,0.9160197040000001,0.550117743
17.85004,17.85004,-0.016693773,-0.095139429,0.026837736,-0.786171261,0.006252421,0.003338606,4.332739651,-448.1036054,59544.3237,-0.36999595,-0.008627536,-0.01421687,4.349433424,0.769477488,0.353302177
17.90029,17.90029,0.108816497,-0.110214964,0.026143346,-0.524866322,0.012746482,0.000263398,5.129001101,-448.6777195,59866.28216,-0.06795867,0.001943536,-0.017179639,5.020184604,0.633682819,0.176775167
17.9507401,17.9507401,0.197619945,-0.097589202,0.024209173,-0.251888481,0.020578967,-0.00235066,5.989188813,-449.4739595,60246.84583,0.236099091,0.012656269,-0.019997139,5.791568868000001,0.44950842599999996,0.03847914600000002
18.0001099,18.0001099,0.353031665,-0.079180315,-0.024172667,0.022477051,0.029535316,-0.004488774,6.874076862,-450.5172303,60678.74412,0.538020046,0.023386487,-0.022762981,6.521045197,0.33055461399999997,0.18498838099999998
18.0504601,18.0504601,0.577346206,-0.084692247,-0.025931001,0.305077456,0.039946778,-0.006361753,7.802213418,-451.9027556,61182.80277,0.830583061,0.034235663,-0.025380404,7.224867212,0.27226874999999995,0.25323685500000004
18.0999501,18.0999501,1.00053823,-0.064577177,-0.08267615,0.572857513,0.051766578,-0.007612923,8.707936862,-453.6270278,61742.30234,1.097506699,0.046184441,-0.027126309,7.707398632,0.4276807170000001,0.09696846899999989
18.1502001,18.1502001,1.286107063,-0.057810571,-0.104866967,0.826663704,0.064782368,-0.008519636,9.599080551,-455.7793204,62374.94263,1.342011018,0.057564853,-0.028664525,8.312973488,0.459443359,0.055903955000000005
18.2000701,18.2000701,1.627922416,-0.052374635,-0.081305251,1.053491121,0.077580139,-0.009436831,10.43549259,-458.3382562,63065.78138,1.550920254,0.06861062,-0.02938242,8.807570174,0.5744312950000001,0.0770021620000001
18.2503099,18.2503099,1.826613426,-0.040787488,-0.052231599,1.247070887,0.089615659,-0.010491386,11.20534549,-461.3460032,63822.16699,1.723422786,0.078565697,-0.029580348,9.378732064,0.579542539,0.10319064
18.3001001,18.3001001,1.996418595,-0.026185839,-0.033044845,1.398990672,0.099928229,-0.011888606,11.8787129,-464.7379576,64627.43158,1.854242429,0.087280159,-0.029149997,9.882294305,0.5974279229999999,0.14217616600000005
18.3501201,18.3501201,2.113047361,-0.020501038,-0.017038003,1.510266814,0.108401194,-0.013889509,12.45382809,-468.5241547,65486.8228,1.939333403,0.094598896,-0.028026287,10.340780729,0.602780547,0.173713958
18.39993,18.39993,2.183043003,0.015834739,0.008922082,1.550678686,0.114386274,-0.014324175,12.86177641,-472.609805,66385.24238,1.928550128,0.101657267,-0.022504709,10.678733407,0.632364317,0.25449287499999995
18.44993,18.44993,2.136379957,0.028597597,0.003168736,1.521908596,0.118273954,-0.012788867,13.09419769,-476.916525,67317.68472,1.878822257,0.106729483,-0.017149877,10.957817732999999,0.6144713609999999,0.2575577
18.5000701,18.5000701,2.045506239,0.042546585,0.003192578,1.453038565,0.120891681,-0.011065577,13.19265866,-481.3464439,68273.42497,1.790679554,0.109888234,-0.011698361,11.147152421,0.5924676739999999,0.25482668499999983
18.55003,18.55003,1.877514601,0.053326096,0.011489552,1.338953731,0.122410381,-0.008448824,13.13907397,-485.7761107,69236.24935,1.659077526,0.111283599,-0.005565228,11.261559369,0.53856087,0.21843707499999998
18.60005,18.60005,1.70948112,0.054731257,0.008936978,1.182991251,0.123193397,-0.004864991,12.93557131,-490.124365,70199.42103,1.49395004,0.111059927,0.000597962,11.22609019,0.5264898689999999,0.21553107999999987
18.64994,18.64994,1.527090549,0.057578873,0.011045493,0.99357782,0.123604399,-0.000636006,12.59600238,-494.2825317,71148.26751,1.297400706,0.109428789,0.006815681,11.068911831,0.533512729,0.22968984300000006
18.70014,18.70014,1.079913616,0.065139696,0.018014764,0.760249026,0.123450766,0.005194783,12.10312168,-498.1999526,72079.64481,1.055031117,0.10626488,0.014472026,11.023208063999999,0.31966459,0.024882499000000058
18.7499301,18.7499301,0.895392299,0.064516813,0.019548094,0.491067622,0.122833356,0.012571095,11.4769432,-501.7396539,72967.94422,0.793557607,0.102399301,0.021600834,10.581550901,0.40432467699999997,0.10183469199999995
18.7999301,18.7999301,0.703664958,0.063288964,0.022833794,0.196144997,0.121873019,0.020926465,10.74082924,-504.8957065,73814.06668,0.515326844,0.097947865,0.028394756,10.037164282,0.507519961,0.188338114
18.8499701,18.8499701,0.535080731,0.059912365,0.023538623,-0.122510552,0.120234154,0.030561964,9.90618443,-507.6236756,74605.56059,0.223131778,0.093147427,0.034960687,9.371103698999999,0.6575912829999999,0.311948953
18.9000101,18.9000101,0.338964909,0.0630714,0.025228413,-0.460903028,0.117517487,0.041706961,8.987135479,-509.9082635,75333.37994,-0.080496555,0.088165999,0.041445853,8.648170570000001,0.7998679369999999,0.41946146399999995
18.95031,18.95031,0.205858797,0.055896495,0.043233477,-0.815003843,0.113264042,0.054630295,7.994357418,-511.7637459,75993.5563,-0.38999114,0.083329382,0.047781368,7.788498621,1.02086264,0.595849937
19.00002,19.00002,-0.211715713,0.071514398,0.005417317,-1.170781751,0.107211988,0.069217338,6.962267722,-513.1865435,76569.96963,-0.700454303,0.078735979,0.054015843,7.173983435,0.959066038,0.48873859
19.0499501,19.0499501,-0.558139384,0.063506514,-0.009821354,-1.521439137,0.099000908,0.085520915,5.897516961,-514.2431456,77068.82407,-1.000823844,0.074006972,0.059744487,6.4556563449999995,0.963299753,0.44268445999999995
19.0999601,19.0999601,-0.887969255,0.042039912,-0.024776164,-1.852494084,0.088823698,0.10325679,4.826423082,-514.9795132,77486.11825,-1.286517367,0.069693037,0.065066849,5.714392337,0.9645248289999999,0.39854811200000007
19.14994,19.14994,-1.221895576,0.039016463,0.001696498,-2.152356358,0.07739711,0.122253816,3.770656008,-515.4528475,77820.68813,-1.549966916,0.065999028,0.069839748,4.992551584,0.9304607819999999,0.32807133999999993
19.19997,19.19997,-1.545723915,0.040861253,0.014901916,-2.410025003,0.065632439,0.14220475,2.752075307,-515.7260288,78074.77691,-1.783380622,0.063161695,0.073895098,4.297799222,0.8643010879999999,0.23765670699999997
19.25,19.25,-1.936736941,0.034507398,0.042422891,-2.616112832,0.05456585,0.162672378,1.796244144,-515.8592885,78251.72393,-1.973288221,0.061301741,0.076586749,3.732981085,0.6793758910000003,0.036551280000000075
19.30023,19.30023,-2.287195683,0.014244784,0.081775449,-2.751319441,0.045208327,0.182080719,0.951642473,-515.9083733,78358.44428,-2.090043793,0.060257719,0.075952466,3.2388381560000004,0.46412375799999994,0.19715189000000022
19.3500299,19.3500299,-2.388247967,0.00410155,0.096211724,-2.817553151,0.03817953,0.199673814,0.247515615,-515.9182677,78404.27182,-2.159929197,0.059954066,0.074436033,2.635763582,0.42930518399999995,0.22831877
19.40008,19.40008,-2.43465519,0.004921116,0.10424199,-2.835289113,0.033240333,0.216474533,-0.337953897,-515.9190807,78399.86942,-2.180475615,0.060421847,0.071910629,2.0967012929999997,0.400633923,0.25417957499999977
19.45,19.45,-2.410977602,-0.007565331,0.124179758,-2.80152824,0.030375406,0.231524766,-0.773595245,-515.9277377,78355.54722,-2.141830513,0.061454683,0.067704047,1.637382357,0.3905506380000001,0.26914708900000006
19.49997,19.49997,-2.356905222,-0.013300795,0.125315234,-2.722988858,0.029327541,0.244691155,-1.053372597,-515.9497845,78283.34174,-2.054822342,0.063138022,0.062742732,1.303532625,0.36608363599999993,0.30208287999999994
19.55007,19.55007,-2.252665043,-0.017820323,0.123030856,-2.608281923,0.029783756,0.25615453,-1.179137,-515.9824385,78195.05894,-1.9211834,0.065383693,0.057107912,1.0735280429999998,0.3556168799999999,0.3314816429999998
19.5999601,19.5999601,-2.114696741,-0.021787014,0.12054085,-2.46457398,0.031501504,0.265992249,-1.153058205,-516.0178321,78103.2882,-1.74380876,0.068079108,0.05093158,0.9616385359999999,0.349877239,0.37088798099999987
19.6500499,19.6500499,-1.723645806,-0.031723112,0.115855888,-2.276417628,0.034434901,0.272952504,-0.94426065,-516.0469708,78019.98166,-1.494174055,0.069797133,0.041924637,0.7793851559999999,0.552771822,0.22947175099999995
19.69995,19.69995,-1.51085794,-0.041067623,0.11170885,-2.052204272,0.038461997,0.277090566,-0.564166653,-516.0622043,77960.37448,-1.219962853,0.072167801,0.033562372,0.9466912869999999,0.541346332,0.290895087
19.75017,19.75017,-1.304005623,-0.045201201,0.102815814,-1.811442001,0.043493521,0.280083399,-0.05433041,-516.065383,77935.30474,-0.92507084,0.075014345,0.025620208,1.249675213,0.5074363780000002,0.37893478299999994
19.80006,19.80006,-1.017624378,-0.03968627,0.090687744,-1.551014056,0.049472085,0.28155168,0.579868169,-516.0678595,77954.95047,-0.60660426,0.077763376,0.017463799,1.597492547,0.533389678,0.41102011800000005
19.8501799,19.8501799,-0.834706604,-0.038684908,0.079164654,-1.270171733,0.056447877,0.281704524,1.32965271,-516.0919852,78028.99227,-0.278310879,0.080719415,0.009729797,2.164359314,0.435465129,0.556395725
19.89994,19.89994,-0.666947782,-0.029464068,0.068389624,-0.977556294,0.064359144,0.280948547,2.162632385,-516.1703002,78164.07689,0.055797874,0.083668298,0.002244364,2.8295801670000005,0.31060851199999995,0.7227456560000001
19.9502101,19.9502101,-0.274153084,-0.021454692,0.039327893,-0.664896177,0.07324918,0.278946847,3.0848598,-516.3479317,78369.49545,0.39718195,0.085983541,-0.005549782,3.3590128839999998,0.39074309300000004,0.6713350339999999
20.0000801,20.0000801,-0.069461763,-0.014306606,0.031144168,-0.341361027,0.082833199,0.275730099,4.059346427,-516.6741488,78647.46563,0.730787091,0.088178272,-0.01300165,4.12880819,0.271899264,0.800248854
20.05003,20.05003,0.130748004,-0.0169158,0.002553314,-0.011621812,0.093041943,0.271443154,5.068295875,-517.2069549,79003.66974,1.05166589,0.090085868,-0.020283782,4.937547871,0.142369816,0.920917886
20.10004,20.10004,0.476063043,-0.011360645,-0.018940868,0.319909722,0.10355923,0.265798821,6.092740032,-518.0041853,79440.48506,1.353345173,0.091708322,-0.02742372,5.616676989,0.156153321,0.8772821299999999
20.1500499,20.1500499,0.86744678,0.004040451,-0.006560984,0.643129101,0.113802406,0.258744702,7.105662265,-519.1188827,79958.17206,1.626001333,0.093023102,-0.034168208,6.2382154850000004,0.224317679,0.7585545530000001
20.19993,20.19993,1.220577598,-0.0012815,-0.037400432,0.948956872,0.122926251,0.250068355,8.083556178,-520.5910143,80553.9773,1.864526095,0.093790253,-0.040587185,6.86297858,0.271620726,0.643948497
20.2504699,20.2504699,1.797158599,-0.002376737,-0.020681337,1.22155937,0.130291164,0.240343663,8.999985876,-522.4791286,81235.51673,2.039689621,0.095003528,-0.04489224,7.202827277,0.575599229,0.24253102199999987
20.3000901,20.3000901,2.046887398,0.000847132,-0.017766669,1.437291391,0.135094723,0.230614364,9.793094117,-524.7212322,81974.46401,2.161390339,0.09550672,-0.048181047,7.746206719000001,0.6095960069999999,0.11450294100000002
20.3500099,20.3500099,2.167940855,0.01345502,-0.022235544,1.605673962,0.13729857,0.220349455,10.48216691,-527.3462084,82780.24159,2.233966148,0.094903699,-0.050882506,8.314226055,0.5622668929999999,0.06602529300000004
20.4000599,20.4000599,2.224060059,0.023438813,-0.020265605,1.723521258,0.137049476,0.209968139,11.05037694,-530.3144902,83642.83906,2.255521008,0.093152849,-0.052851469,8.826316881,0.5005388010000003,0.03146094899999996
20.4500899,20.4500899,2.232570171,0.029826952,-0.01730027,1.789908356,0.134744517,0.199990153,11.48367881,-533.5638739,84550.53569,2.22560258,0.090182818,-0.054009721,9.251108639000002,0.4426618149999999,0.006967590999999995
20.5000901,20.5000901,2.166872025,0.044205103,-0.01896622,1.79994731,0.13081657,0.191346262,11.76129702,-537.0206031,85492.40743,2.129097031,0.086249384,-0.05308405,9.594424995,0.3669247149999999,0.03777499399999984
20.55039,20.55039,1.937882066,0.042732842,-0.014026477,1.740771989,0.125595788,0.185615499,11.84904265,-540.6092818,86461.32291,1.959253361,0.081276728,-0.049386973,9.911160584,0.19711007700000005,0.021371295000000012
20.59993,20.59993,1.792491555,0.039526112,-0.009687255,1.630004607,0.120046602,0.182322176,11.76507641,-544.1420682,87421.68693,1.756169486,0.075134729,-0.045772627,9.972584855000001,0.16248694799999996,0.03632206900000012
20.6500499,20.6500499,1.579112053,0.038497921,-0.004284087,1.48097905,0.114540586,0.180396285,11.53290982,-547.6217955,88386.56418,1.517624352,0.068044385,-0.041540967,9.953797767000001,0.09813300300000005,0.06148770100000012
20.7000601,20.7000601,1.392601371,0.032094881,0.005633387,1.29685969,0.109266607,0.179892635,11.15700955,-550.9145064,89329.92117,1.254199899,0.06027513,-0.037142291,9.764408179,0.09574168100000002,0.13840147199999997
20.7502899,20.7502899,1.19918704,0.039448608,0.013370073,1.082885493,0.104254873,0.180392861,10.65003885,-553.9694333,90245.79628,0.969395403,0.052091519,-0.03246826,9.45085181,0.11630154699999995,0.22979163699999994
20.80005,20.80005,1.018110871,0.0397183,0.012179466,0.844393476,0.099488475,0.181785428,10.03027468,-556.6911485,91110.67911,0.666883642,0.043731555,-0.0274575,9.012163809,0.17371739499999994,0.3512272289999999
20.8503001,20.8503001,0.823510706,0.036273159,0.014682862,0.575236934,0.094662217,0.184350055,9.291711639,-559.091216,91930.52877,0.343439521,0.035378154,-0.021488304,8.468200933,0.248273772,0.48007118499999996
20.90007,20.90007,0.522460699,0.026097151,0.0154607,0.281798681,0.089765822,0.18819521,8.460796023,-561.0977255,92679.41737,0.010189269,0.027407672,-0.015088199,7.9383353240000005,0.24066201800000003,0.51227143
20.9500501,20.9500501,0.178007066,0.264238626,-0.082428753,-0.030999437,0.084115962,0.193043887,7.552959552,-562.7373169,93359.89958,-0.322999873,0.018144378,-0.008522872,7.374952486,0.20900650299999998,0.501006939
20.9999499,20.9999499,-0.015157463,0.249644414,-0.096583366,-0.354626824,0.07695151,0.198802841,6.595327858,-564.0153292,93961.61845,-0.650893099,0.007479532,-0.001781937,6.6104853210000005,0.339469361,0.635735636
21.0501001,21.0501001,-0.235955432,0.208222136,-0.077231228,-0.685210148,0.067880654,0.205573622,5.600438699,-564.9699923,94483.83031,-0.967752972,-0.004519182,0.005058966,5.836394131,0.449254716,0.73179754
21.10006,21.10006,-0.539343178,0.186868802,-0.07461907,-1.01115319,0.057061537,0.213230594,4.59872613,-565.6354024,94919.38808,-1.267282695,-0.016548555,0.011807896,5.138069308,0.47181001199999995,0.727939517
21.15007,21.15007,-0.856863201,0.168309405,-0.069971398,-1.326498956,0.045043101,0.221891716,3.602912093,-566.0665026,95270.1863,-1.542336899,-0.028283322,0.01825831,4.459775294,0.469635755,0.6854736979999999
21.19994,21.19994,-1.629584551,0.09544424,-0.017221285,-1.604399562,0.031403395,0.230253033,2.666190278,-566.3173124,95537.20322,-1.759517232,-0.041565102,0.022182711,4.295774829,0.02518498899999999,0.1299326810000001
21.2500601,21.2500601,-1.8757689,0.0731849,0.010135035,-1.833789379,0.01673228,0.237719776,1.81064082,-566.4463502,95728.81988,-1.93640814,-0.053366981,0.025200583,3.68640972,0.04197952100000002,0.06063923999999998
21.30002,21.30002,-2.068623304,0.048697785,0.026585933,-2.01725273,0.002939039,0.244830078,1.042852699,-566.4989257,95850.22492,-2.068222307,-0.063605029,0.027095431,3.111476003,0.05137057399999989,0.0004009969999998475
21.3503001,21.3503001,-2.199513912,0.037651557,0.044084396,-2.150194861,-0.009770198,0.251300029,0.377369904,-566.5124689,95910.56209,-2.151218225,-0.07224785,0.027765398,2.576883816,0.04931905099999989,0.048295686999999976
21.4000201,21.4000201,-2.270659924,0.01151489,0.058434241,-2.224275967,-0.021056437,0.256406193,-0.14959768,-566.5133203,95919.23599,-2.174825836,-0.079519207,0.026566264,2.121062244,0.046383956999999754,0.0958340879999997
21.4500501,21.4500501,-2.273057461,0.000397116,0.071016788,-2.245162917,-0.031089653,0.260137934,-0.539305237,-566.5168837,95888.71512,-2.147765107,-0.085259753,0.024324762,1.733752224,0.02789454400000002,0.12529235399999994
21.5,21.5,-2.144762516,-0.028316716,0.069994569,-2.203437252,-0.040364342,0.261295686,-0.756245183,-566.5282487,95831.84119,-2.038999108,-0.090438855,0.018686782,1.3885173330000002,0.05867473599999995,0.10576340800000006
21.5499401,21.5499401,-1.983114123,-0.037707429,0.066224545,-2.101526819,-0.049272637,0.259304378,-0.789277954,-566.5440015,95764.59209,-1.883229616,-0.094294437,0.012384515,1.193836169,0.11841269600000004,0.09988450700000007
21.5999401,21.5999401,-1.224624157,-0.550478935,-0.071963705,-1.962732087,-0.057755402,0.255466565,-0.671666047,-566.5581087,95700.97468,-1.693365257,-0.095749311,0.006092204,0.5529581100000001,0.73810793,0.4687410999999999
21.6500301,21.6500301,-0.694821894,-0.788693368,-0.180359215,-1.797580243,-0.061582171,0.250537351,-0.419290832,-566.5661418,95653.28303,-1.481321243,-0.087764718,0.000140589,0.27553106200000005,1.1027583490000001,0.786499349
21.7,21.7,-0.654116452,-0.71593684,-0.180953771,-1.614469292,-0.057320253,0.245554489,-0.048202373,-566.5679487,95632.42788,-1.247277262,-0.072100863,-0.005508866,0.605914079,0.9603528399999999,0.5931608100000001
21.7500501,21.7500501,-0.504636824,-0.645022154,-0.186230287,-1.412353307,-0.045389805,0.240951609,0.439667281,-566.5693429,95648.40305,-0.989803147,-0.048822682,-0.011021654,0.9443041050000001,0.9077164830000001,0.48516632300000007
21.80003,21.80003,-0.034269691,-0.251086086,-0.010062756,-1.1925292,-0.023909318,0.237215428,1.035111212,-566.5836533,95710.82112,-0.711655222,-0.018507299,-0.016209614,1.0693809029999999,1.158259509,0.677385531
21.85006,21.85006,0.05848483,-0.24889116,-0.010618569,-0.958630158,0.003151899,0.234881477,1.722520805,-566.6327451,95828.44604,-0.423246239,0.010974698,-0.020053355,1.664035975,1.0171149879999999,0.481731069
21.89991,21.89991,0.185758621,-0.21013172,-0.008112192,-0.715796927,0.032447916,0.234032289,2.47971394,-566.7457278,96007.47705,-0.126825205,0.040938054,-0.022821898,2.2939553189999997,0.9015555479999999,0.312583826
21.9500401,21.9500401,0.262712717,-0.205455765,-0.053089865,-0.462959529,0.065098729,0.234271886,3.299908462,-566.9602457,96255.44052,0.17514516,0.069866153,-0.024693917,3.037195745,0.725672246,0.08756755699999999
22.00001,22.00001,0.363514602,-0.175277933,-0.039023168,-0.205015805,0.099957909,0.235002414,4.159717512,-567.3161601,96574.84978,0.478342767,0.097675269,-0.025855644,3.7962029100000003,0.568530407,0.11482816499999998
22.0503001,22.0503001,0.502064109,-0.153002158,-0.040683158,0.057361487,0.137110476,0.2353209,5.051621007,-567.8621274,96972.28967,0.776919884,0.124243086,-0.026435359,4.549556898,0.444702622,0.274855775
22.0999601,22.0999601,1.006303072,-0.115421429,-0.108417891,0.30558572,0.175939483,0.234791686,5.925660302,-568.6281049,97440.86471,1.050446071,0.151879531,-0.025587542,4.91935723,0.7007173519999998,0.04414299900000018
22.1499701,22.1499701,1.245674491,-0.093671732,-0.084674388,0.53470933,0.215788251,0.232558937,6.774613651,-569.6599965,97987.67183,1.302942275,0.177497307,-0.024121299,5.52893916,0.710965161,0.05726778399999999
22.1998999,22.1998999,1.54904294,-0.071686551,-0.072693877,0.738820476,0.253863352,0.227334857,7.578614142,-570.9758883,98606.07119,1.526251264,0.201077633,-0.021941246,6.029571202,0.8102224640000001,0.022791675999999983
22.25002,22.25002,1.773608446,-0.047065355,-0.066691704,0.909181789,0.289112422,0.218554456,8.318793202,-572.5962873,99295.48889,1.713071801,0.222503878,-0.019002582,6.545184756,0.8644266569999999,0.060536645
22.2999799,22.2999799,1.9850775,-0.020715613,-0.046902943,1.032822581,0.319930545,0.206540595,8.961494229,-574.5051883,100044.9751,1.850333961,0.241920621,-0.014769864,6.976416728999999,0.952254919,0.13474353900000002
22.3500199,22.3500199,2.091124773,-0.008209059,-0.033234101,1.107104431,0.346207688,0.19172814,9.494146127,-576.6855323,100849.5537,1.941665346,0.258818021,-0.009910511,7.403021354,0.9840203420000002,0.14945942700000026
22.4000301,22.4000301,2.169176102,0.031457137,-0.020954043,1.122133165,0.367471746,0.175777118,9.885841061,-579.0899643,101697.643,1.961285622,0.273547824,-0.002661464,7.716664959000001,1.0470429370000003,0.20789048000000032
22.44993,22.44993,2.105532646,0.049047973,-0.020560646,1.070862126,0.384019652,0.161083989,10.10846227,-581.6428687,102574.3514,1.921588044,0.285577486,0.005831398,8.002929624,1.03467052,0.18394460199999996
22.50003,22.50003,2.020939112,0.057291299,-0.014683621,0.969945816,0.398239636,0.148178126,10.18104204,-584.2812087,103471.4096,1.841382006,0.294893728,0.014138972,8.160102927999999,1.0509932960000001,0.1795571060000003
22.55006,22.55006,1.889132738,0.075482644,-0.007939347,0.829315604,0.411480833,0.137851918,10.11082384,-586.9165835,104371.3944,1.721803414,0.301640744,0.022334732,8.221691102,1.059817134,0.167329324
22.59992,22.59992,1.731458902,0.085831515,-0.010442744,0.653223014,0.424334623,0.13108154,9.898917906,-589.4705084,105259.7644,1.564687337,0.305985671,0.030403005,8.167459004,1.078235888,0.1667715649999999
22.64992,22.64992,1.463876843,0.096327864,0.001520664,0.439439693,0.436658928,0.129129946,9.537592269,-591.8878136,106128.8872,1.363764187,0.307912394,0.039012244,8.073715426,1.02443715,0.10011265600000008
22.6999199,22.6999199,1.050891995,0.111735649,0.014165793,0.19533914,0.44844092,0.132764393,9.036959772,-594.0949598,106962.5712,1.13406356,0.308110402,0.047118848,7.986067777,0.855552855,0.083171565
22.7500801,22.7500801,0.857440591,0.119229436,0.015760219,-0.074828754,0.458863531,0.142617235,8.403242555,-596.0480207,107750.738,0.868688204,0.306102119,0.055629382,7.545801964000001,0.932269345,0.01124761299999999
22.7999201,22.7999201,0.63504523,0.126373053,0.017269706,-0.362780269,0.466442251,0.159019972,7.65269936,-597.6925522,108473.7402,0.583621105,0.302896484,0.063525163,7.0176541299999995,0.997825499,0.05142412500000004
22.8500199,22.8500199,0.461127609,0.132574886,0.029327722,-0.658484044,0.4701473,0.181596469,6.802090672,-599.0328158,109129.6366,0.284313908,0.29886632,0.070776108,6.340963063,1.119611653,0.176813701
22.8998799,22.8998799,0.282969385,0.135637075,0.046768051,-0.953059429,0.468128351,0.209691911,5.873703813,-600.0590841,109703.1572,-0.025544233,0.294271635,0.077507604,5.590734427999999,1.236028814,0.308513618
22.9500101,22.9500101,0.115471356,0.150106102,0.060392182,-1.243837397,0.458817923,0.242795025,4.873831213,-600.8015684,110192.7531,-0.34154711,0.289410919,0.083808454,4.758359857,1.359308753,0.45701846599999996
23.00002,23.00002,-0.13564527,0.153005883,0.080207743,-1.524352369,0.441316321,0.279630686,3.826276109,-601.287765,110588.484,-0.658365786,0.284565413,0.089732684,3.961921379,1.3887070990000001,0.5227205159999999
23.05002,23.05002,-0.570051491,0.162608206,0.134734094,-1.788664899,0.415762412,0.318802262,2.752438235,-601.566573,110887.7134,-0.964982764,0.27994434,0.094905848,3.322489726,1.218613408,0.3949312730000001
23.1001301,23.1001301,-0.911067605,0.146917298,0.149693385,-2.033052042,0.38336073,0.359043643,1.67137001,-601.6941894,111089.347,-1.256954086,0.276193517,0.099497488,2.582437615,1.121984437,0.34588648099999997
23.1500399,23.1500399,-1.376920223,0.127793163,0.152628943,-2.249655871,0.346622699,0.398772918,0.615681613,-601.7296871,111192.906,-1.519721732,0.273281833,0.1028683,1.992601836,0.8727356479999999,0.1428015090000001
23.2000101,23.2000101,-1.712794542,0.117526293,0.156254455,-2.433564972,0.308195808,0.437129509,-0.394261978,-601.7321446,111202.5715,-1.75153955,0.27112128,0.105417076,1.3185325639999999,0.7207704300000002,0.038745008000000025
23.25018,23.25018,-1.918279052,0.103374675,0.164104417,-2.585477753,0.27045032,0.473973048,-1.347937702,-601.7537714,111122.5335,-1.950865756,0.269834057,0.107473052,0.5703413499999999,0.6671987010000002,0.03258670400000008
23.2999201,23.2999201,-2.127052307,0.096308567,0.159860581,-2.702488408,0.235946172,0.50879873,-2.21881421,-601.836838,110960.4044,-2.105390425,0.269357913,0.108465007,0.09176190300000009,0.5754361009999998,0.021661882000000077
23.34993,23.34993,-2.402818918,0.072156742,0.18096222,-2.754984467,0.207517912,0.539768992,-2.946126596,-602.0104023,110723.824,-2.161866505,0.268408609,0.104594826,0.5433076780000001,0.35216554899999997,0.24095241300000003
23.3998899,23.3998899,-2.432993889,0.063478313,0.182906836,-2.743778796,0.186693007,0.566333391,-3.503306889,-602.2780848,110429.4619,-2.171015394,0.267579048,0.10021856,1.070313,0.31078490699999994,0.26197849500000014
23.44995,23.44995,-2.406444788,0.053624146,0.189195141,-2.696916076,0.17196348,0.590605329,-3.926835689,-602.6335128,110089.5171,-2.132260777,0.266976572,0.095170249,1.5203909009999999,0.290471288,0.274184011
23.4999201,23.4999201,-2.332170486,0.047982555,0.178682297,-2.61296338,0.163039557,0.612426143,-4.199767205,-603.0574712,109718.2063,-2.046156473,0.266581214,0.089456082,1.8675967189999998,0.2807928940000002,0.28601401299999996
23.55005,23.55005,-2.192224026,0.039490361,0.166978911,-2.490416533,0.159387495,0.631801303,-4.311104998,-603.5240201,109327.7177,-1.906371043,0.265961339,0.08255988,2.1188809720000004,0.298192507,0.28585298299999984
23.60004,23.60004,-2.047331095,0.034720488,0.163325101,-2.335599836,0.160421414,0.648964446,-4.26322243,-603.9958419,108935.2618,-1.725995723,0.265481088,0.075412642,2.215891335,0.288268741,0.32133537200000006
23.6500499,23.6500499,-1.69658196,0.048654556,0.149395436,-2.141946638,0.165567846,0.663504055,-4.042748903,-604.439649,108554.3127,-1.483895686,0.263115469,0.066271046,2.3461669429999996,0.4453646779999998,0.21268627399999995
23.7000401,23.7000401,-1.439910412,0.057799403,0.142050594,-1.911373715,0.174306755,0.675325013,-3.652890618,-604.820158,108201.512,-1.212444133,0.260441229,0.057376289,2.212980206,0.47146330300000017,0.22746627899999994
23.7500701,23.7500701,-1.246622562,0.054546464,0.139244676,-1.660833976,0.186149586,0.685666659,-3.130759231,-605.1163816,107890.1021,-0.921918,0.257844454,0.049024543,1.8841366689999999,0.41421141399999994,0.324704562
23.80002,23.80002,-1.050116301,0.066859297,0.132451236,-1.392163507,0.200848633,0.694552262,-2.489984818,-605.3200065,107632.3145,-0.61588716,0.25510382,0.041037066,1.4398685169999998,0.34204720599999994,0.4342291410000001
23.85005,23.85005,-0.869123876,0.066720709,0.12666513,-1.105642822,0.218202521,0.701859366,-1.742079311,-605.4364516,107437.7471,-0.298158497,0.252039728,0.033281635,0.872955435,0.23651894600000012,0.570965379
23.90027,23.90027,-0.652556241,0.067595415,0.111234948,-0.801100145,0.237798322,0.707129577,-0.898025762,-605.4831413,107315.6988,0.029041265,0.248081184,0.025516911,0.24546952099999997,0.14854390400000006,0.681597506
23.9500701,23.9500701,-0.3567487,0.084198274,0.095704958,-0.48365334,0.258486047,0.70958562,0.017377783,-605.4899781,107275.0172,0.36073958,0.242874862,0.017679031,0.37412648299999995,0.12690464,0.71748828
24.0000901,24.0000901,-0.159414157,0.089574628,0.094913691,-0.15426954,0.279429002,0.70846777,0.996164797,-605.4984731,107321.0663,0.688843032,0.236488779,0.009874275,1.155578954,0.00514461699999999,0.8482571889999999
24.05039,24.05039,0.188591346,0.08893235,0.051445514,0.179252985,0.299215353,0.702878017,2.01655549,-605.5588134,107459.628,1.004683792,0.229040831,0.002208479,1.827964144,0.00933836099999999,0.8160924460000001
24.0999901,24.0999901,0.421538264,0.085081905,0.061621524,0.501583366,0.316254129,0.692127626,3.035957152,-605.7225739,107689.0982,1.302106857,0.221147032,-0.005431467,2.614418888,0.08004510199999998,0.880568593
24.1503401,24.1503401,0.758419216,0.098473594,0.058891632,0.81307406,0.329627991,0.675179311,4.062729351,-606.0489408,108016.6856,1.574121622,0.212603309,-0.013011978,3.3043101349999997,0.05465484400000009,0.8157024060000001
24.2000799,24.2000799,1.117346883,0.08340852,0.043118753,1.09543945,0.337235848,0.652282803,5.046048472,-606.5785001,108432.3636,1.813376231,0.203325638,-0.020436594,3.928701589,0.021907432999999976,0.6960293479999999
24.2501001,24.2501001,1.579130054,0.084874846,0.044288516,1.344921605,0.338184424,0.623615513,5.980214639,-607.358167,108939.0799,2.007924782,0.193274348,-0.027207191,4.4010845849999995,0.23420844900000004,0.42879472799999996
24.30007,24.30007,1.9796772,0.063712217,0.025486231,1.539157515,0.331836598,0.591749655,6.810524736,-608.4065492,109527.5436,2.130146673,0.182891212,-0.031591835,4.830847535999999,0.44051968499999994,0.15046947300000002
24.35008,24.35008,2.114631176,0.060007785,0.014510021,1.676705136,0.319892229,0.558709548,7.519217919,-609.7215962,110188.3528,2.20358569,0.171968032,-0.03569292,5.404586742999999,0.43792604,0.0889545140000001
24.4000399,24.4000399,2.196647882,0.062760048,-0.005063421,1.764859326,0.304486658,0.525793006,8.102917656,-611.2831234,110909.8976,2.218189855,0.16062183,-0.038679628,5.906269774,0.4317885560000001,0.021541972999999714
24.4499199,24.4499199,2.191529274,0.060118072,-0.015014431,1.802145735,0.287172655,0.494818207,8.543283887,-613.0524367,111679.521,2.182706487,0.148656957,-0.041152053,6.351754612999999,0.389383539,0.008822787000000165
24.50003,24.50003,2.150589466,0.059666559,-0.027096307,1.797032267,0.269356448,0.466232658,8.84466419,-614.9916412,112489.6065,2.097982071,0.136059183,-0.042974144,6.694074724,0.35355719899999993,0.05260739499999989
24.55042,24.55042,1.995588779,0.063442506,-0.034000017,1.740198872,0.251811116,0.441612553,8.979365144,-617.0420076,113327.6618,1.943743097,0.122939098,-0.042321828,6.983776365000001,0.2553899070000001,0.05184568199999995
24.6000001,24.6000001,1.731922269,0.058009513,-0.018236056,1.62723631,0.235708315,0.422704721,8.925923472,-619.0774061,114158.6734,1.732260853,0.109233069,-0.039905904,7.194001202999999,0.104685959,0.00033858400000008615
24.6503201,24.6503201,1.574247003,0.055351146,-0.015328836,1.472367119,0.221367655,0.407978723,8.710594446,-621.0804316,114991.8762,1.492210438,0.095181006,-0.037551673,7.136347443,0.10187988399999992,0.0820365649999999
24.70031,24.70031,1.389863729,0.053163636,-0.014296181,1.290984942,0.209217172,0.396734643,8.360817649,-622.9449212,115795.5738,1.22708541,0.080917615,-0.03498937,6.9709539199999995,0.09887878700000008,0.16277831900000006
24.75036,24.75036,1.149253249,0.048025712,-0.013911729,1.080165869,0.198824982,0.388771993,7.876373984,-624.6340502,116563.1318,0.936700933,0.066620164,-0.031767646,6.727120735,0.06908738000000003,0.21255231600000002
24.80036,24.80036,0.982994854,0.037168719,-0.010508302,0.842936435,0.189919738,0.38382591,7.270146415,-626.1024154,117280.1449,0.630066626,0.052622395,-0.028224039,6.287151561,0.14005841899999993,0.352928228
24.85021,24.85021,0.826224148,0.035028912,-0.013896828,0.584816887,0.182138369,0.381474534,6.561947471,-627.3235981,117934.3408,0.310995496,0.039124049,-0.02425288,5.735723323,0.24140726099999998,0.515228652
24.90012,24.90012,0.521680057,0.022926178,-0.030374525,0.302400605,0.174866932,0.381939961,5.755014414,-628.2938269,118518.6649,-0.023473557,0.026023183,-0.019197226,5.2333343569999995,0.21927945199999999,0.545153614
24.95051,24.95051,0.328665257,0.018767267,-0.045783829,-0.003479689,0.167458168,0.385242439,4.858480615,-629.0214748,119027.5702,-0.359237496,0.013698251,-0.013794572,4.5298153580000005,0.332144946,0.6879027529999999
25.0004699,25.0004699,0.156577677,0.014803559,-0.071752079,-0.318023565,0.159487135,0.390908565,3.915450304,-629.5150505,119445.0103,-0.689575929,0.002337212,-0.008115375,3.758872627,0.474601242,0.846153606
25.05054,25.05054,-0.06996543,0.003721565,-0.084619224,-0.639064734,0.150288397,0.398888704,2.934826489,-629.8173396,119771.7764,-1.009026917,-0.007980921,-0.00214462,3.004791919,0.569099304,0.9390614869999999
25.10023,25.10023,-0.370672345,0.012626499,-0.080549724,-0.955888512,0.139520829,0.408899276,1.947080675,-629.9705877,120002.8538,-1.311196731,-0.017135105,0.004034774,2.31775302,0.585216167,0.9405243859999999
25.15008,25.15008,-0.728729546,-0.009188058,-0.09595903,-1.263140972,0.126850549,0.420769454,0.962741385,-630.0263877,120140.8702,-1.586912156,-0.025223766,0.010108889,1.691470931,0.534411426,0.85818261
25.20048,25.20048,-1.412121415,-0.022408377,-0.045073058,-1.543491831,0.112183,0.43351911,0.013926786,-630.0343101,120187.2045,-1.814634827,-0.032268264,0.014738874,1.4260482010000002,0.131370416,0.4025134119999998
25.2500901,25.2500901,-1.705896616,-0.023330769,-0.031936191,-1.779411206,0.096683004,0.446198091,-0.85010718,-630.0404402,120147.1275,-2.000827246,-0.037781158,0.018774439,0.855789436,0.07351459000000005,0.2949306300000001
25.3001401,25.3001401,-2.031964302,-0.023275638,-0.025796916,-1.968155456,0.080959501,0.458538582,-1.627570299,-630.0815661,120028.0516,-2.126504584,-0.041986931,0.020919943,0.40439400299999995,0.06380884599999992,0.09454028200000009
25.3501,25.3501,-2.155537367,-0.025863975,-0.01745226,-2.1001251,0.066060117,0.469728243,-2.28520388,-630.1810583,119840.8899,-2.202450904,-0.044816703,0.022229675,0.1296665130000001,0.055412266999999904,0.046913537000000005
25.40012,25.40012,-2.220122576,-0.021460678,-0.010694576,-2.184477531,0.052711242,0.48023738,-2.827765309,-630.3498601,119596.2247,-2.234675029,-0.046179907,0.023219128,0.607642733,0.035645044999999875,0.014552452999999854
25.45011,25.45011,-2.242608547,-0.019829003,-0.006763647,-2.224224989,0.041291943,0.490073481,-3.246960618,-630.5874641,119305.6326,-2.213146726,-0.046323335,0.023121082,1.004352071,0.018383558000000022,0.029461820999999944
25.5,25.5,-2.098657608,-0.014525667,0.004506861,-2.191484713,0.03167647,0.49671949,-3.476922564,-630.8787089,118983.9012,-2.090969958,-0.046759916,0.018384009,1.3782649560000002,0.09282710500000002,0.007687649999999824
25.5502901,25.5502901,-1.986092806,-0.010174522,0.006770351,-2.093985786,0.023706161,0.49996358,-3.516529843,-631.1948121,118647.1526,-1.929838446,-0.046176296,0.013821103,1.5304370369999998,0.10789298000000014,0.05625436000000006
25.6000199,25.6000199,-1.842716455,-0.009991236,0.0091903,-1.965876069,0.017527441,0.501785353,-3.415150459,-631.5019524,118316.9135,-1.732697499,-0.044631601,0.009199383,1.572434004,0.12315961399999997,0.110018956
25.6499901,25.6499901,-1.62252152,-0.006765131,0.01124815,-1.800748892,0.012361094,0.50175041,-3.160457006,-631.7799783,118001.8781,-1.497289012,-0.042448571,0.004025801,1.537935486,0.17822737200000005,0.12523250800000008
25.69993,25.69993,-0.827439487,-0.624933958,-0.254173666,-1.606364528,0.010323672,0.500274724,-2.766051431,-632.005766,117718.0874,-1.238789156,-0.035132266,-0.00101848,1.9386119440000003,0.778925041,0.4113496689999999
25.74998,25.74998,-0.279679924,-0.089323506,0.011102109,-1.391952528,0.014216127,0.498333651,-2.252963546,-632.1684195,117477.1191,-0.964406738,-0.022881945,-0.005664561,1.973283622,1.112272604,0.684726814
25.7999301,25.7999301,-0.053308908,-0.077658877,0.000645965,-1.161430472,0.022216031,0.496443838,-1.636446374,-632.2664763,117290.6206,-0.677959189,-0.009319189,-0.009720912,1.583137466,1.108121564,0.624650281
25.8499401,25.8499401,0.036542863,-0.087949641,0.000461191,-0.917141495,0.032025169,0.494880485,-0.929787222,-632.3100128,117167.2815,-0.384609801,0.004439601,-0.013049338,0.966330085,0.953684358,0.42115266399999995
25.89994,25.89994,0.132993624,-0.088648498,-0.013546646,-0.662127092,0.043329259,0.493732479,-0.149681627,-632.3188987,117115.1434,-0.085768012,0.018268573,-0.015901927,0.282675251,0.795120716,0.218761636
25.9500201,25.9500201,0.217265636,-0.0777319,-0.003243983,-0.397174644,0.056125373,0.492836236,0.691698247,-632.3222262,117140.6807,0.215954605,0.031841758,-0.018457239,0.474432611,0.6144402800000001,0.001311031000000018
25.9999201,25.9999201,0.430665195,-0.07378459,-0.021366781,-0.127694019,0.070402617,0.492066592,1.571386413,-632.3563397,117248.4104,0.514081605,0.045414806,-0.020669795,1.140721218,0.558359214,0.08341641
26.05003,26.05003,0.528950393,-0.052693497,-0.027440492,0.143509902,0.085979615,0.491166348,2.476887026,-632.4627699,117442.2716,0.805618321,0.058226328,-0.022758298,1.9479366329999999,0.385440491,0.27666792799999995
26.09989,26.09989,0.732492864,-0.04078747,-0.043345995,0.411374006,0.10197819,0.489529224,3.385913699,-632.6832898,117721.8925,1.084659123,0.070180844,-0.024761083,2.653420835,0.321118858,0.352166259
26.1500001,26.1500001,1.338158607,-0.027419643,-0.07097128,0.660199009,0.118141606,0.487556093,4.266405144,-633.0604354,118089.3199,1.322668281,0.082539744,-0.025054644,2.928246537,0.677959598,0.01549032600000011
26.19996,26.19996,1.584399104,-0.002117456,-0.056377087,0.876932511,0.133396204,0.485198723,5.083974005,-633.6204324,118537.1176,1.531348359,0.093536829,-0.025019264,3.499574901,0.707466593,0.053050744999999955
26.25003,26.25003,1.812130928,0.007481134,-0.056949303,1.063663002,0.146828204,0.48163633,5.837305921,-634.385676,119061.9596,1.704067119,0.10309961,-0.024485852,4.025174992999999,0.748467926,0.1080638089999999
26.30003,26.30003,1.974269509,0.01021401,-0.047332097,1.211101843,0.157834844,0.47703281,6.500110367,-635.3604969,119654.9097,1.835403353,0.111052931,-0.023358934,4.525840858,0.763167666,0.13886615599999996
26.3500299,26.3500299,2.077731609,0.030512394,-0.042894527,1.314896988,0.166156833,0.471595407,7.055899112,-636.5371357,120307.5886,1.921324441,0.117316752,-0.021602408,4.978167503,0.7628346210000001,0.1564071680000001
26.4000201,26.4000201,2.148108721,0.029539354,-0.044415951,1.370590663,0.171886619,0.46584411,7.486319273,-637.8910808,121009.1385,1.951320179,0.121995249,-0.01860327,5.3382105520000005,0.7775180579999998,0.19678854199999973
26.4500401,26.4500401,2.094786167,0.048431065,-0.053395394,1.360345099,0.174886288,0.46163318,7.748050654,-639.3789827,121746.5088,1.903598855,0.125065829,-0.012765605,5.6532644869999995,0.7344410680000002,0.19118731200000005
26.5,26.5,2.00359273,0.047625646,-0.048686609,1.292108497,0.176081769,0.459221102,7.843558746,-640.9336768,122501.6249,1.816434563,0.126291192,-0.007118124,5.839966016,0.7114842329999997,0.18715816699999976
26.5499301,26.5499301,1.844156742,0.045845699,-0.045385994,1.181265462,0.176418717,0.458007739,7.79324927,-642.4969451,123260.4442,1.684988992,0.125732771,-0.000990819,5.9490925279999995,0.66289128,0.15916774999999994
26.60021,26.60021,1.682073593,0.041589927,-0.040368766,1.027206197,0.176272073,0.458418206,7.592193221,-644.0206772,124014.0172,1.519202514,0.123633535,0.005018665,5.9101196279999995,0.654867396,0.16287107899999986
26.65014,26.65014,1.501865864,0.037998732,-0.034685448,0.838453012,0.176006688,0.460341531,7.253454198,-645.429681,124737.7457,1.321352152,0.120187657,0.010964073,5.751588334,0.663412852,0.180513712
26.70014,26.70014,1.303623438,0.048727561,-0.030237447,0.616911878,0.175719574,0.463865727,6.782582358,-646.6911674,125424.3732,1.094167407,0.115608656,0.016855905,5.47895892,0.68671156,0.209456031
26.7499201,26.7499201,0.820955038,0.044815999,-0.023129586,0.357006323,0.175001301,0.469845915,6.174068219,-647.762533,126056.7819,0.825103239,0.109550573,0.024002968,5.353113180999999,0.463948715,0.004148201000000018
26.8000901,26.8000901,0.640217364,0.044416644,-0.022500759,0.060483484,0.173637103,0.478500479,5.434535096,-648.629085,126628.4405,0.540173281,0.103144423,0.030549093,4.7943177320000006,0.5797338799999999,0.100044083
26.85027,26.85027,0.467207342,0.046881296,-0.02149195,-0.256413014,0.171431261,0.489188043,4.600755431,-649.2774572,127123.3171,0.242274122,0.096455724,0.036713435,4.133548089,0.7236203560000001,0.22493322000000002
26.90011,26.90011,0.255247205,0.041908771,-0.021283329,-0.589071115,0.167650375,0.50210167,3.688971372,-649.7176711,127529.6951,-0.065793657,0.089510049,0.042685386,3.4337241670000003,0.84431832,0.321040862
26.95013,26.95013,0.076765575,0.040338188,-0.033552945,-0.933943954,0.16155853,0.517365584,2.706848555,-649.9816543,127844.5277,-0.37859269,0.082627566,0.048435942,2.63008298,1.0107095289999999,0.455358265
27.00021,27.00021,-0.109858826,0.029446932,-0.026038295,-1.282181969,0.15263251,0.534891679,1.673432758,-650.1069459,128060.4787,-0.691145404,0.076023869,0.05401511,1.7832915839999999,1.172323143,0.581286578
27.0506799,27.0506799,-0.624166548,0.029102717,-0.041477393,-1.622958333,0.14044485,0.554369922,0.605807832,-650.1429113,128173.6513,-0.991816187,0.069333571,0.058978684,1.22997438,0.9987917849999999,0.3676496389999999
27.1001601,27.1001601,-0.946544349,0.01556799,-0.054635119,-1.934701473,0.125726587,0.574728183,-0.443539228,-650.1453951,128181.5055,-1.277053345,0.063266319,0.063507181,0.5030051209999999,0.9881571240000001,0.33050899599999994
27.1500101,27.1500101,-1.26443696,0.013319409,-0.025796898,-2.21688396,0.109136371,0.596168852,-1.484617831,-650.1714627,128086.7858,-1.539364405,0.057990381,0.067466346,0.22018087099999994,0.952447,0.2749274449999999
27.2000899,27.2000899,-1.601504683,0.009939825,-0.014995047,-2.458498488,0.091973421,0.618222746,-2.49193978,-650.2751215,127890.5805,-1.771074007,0.053730452,0.070701887,0.8904350970000001,0.8569938050000001,0.16956932400000002
27.2500601,27.2500601,-1.934042811,-0.008988389,0.004612658,-2.646758837,0.075755556,0.640031591,-3.428758834,-650.50161,127598.9396,-1.958791035,0.050541057,0.072582277,1.4947160229999998,0.7127160260000001,0.024748223999999874
27.3003101,27.3003101,-2.139885426,-0.019675516,0.006199636,-2.781232541,0.061464527,0.661465904,-4.28299464,-650.8861334,127216.8939,-2.102011806,0.04846823,0.073474591,2.143109214,0.6413471149999999,0.03787362000000005
27.35045,27.35045,-2.376874447,-0.023673512,0.028242959,-2.847995248,0.049974492,0.680997671,-5.003823628,-651.4424918,126757.0412,-2.163733926,0.047060879,0.070756794,2.626949181,0.4711208010000001,0.21314052100000014
27.40008,27.40008,-2.412710428,-0.004971035,0.03456255,-2.841815487,0.041602182,0.697123498,-5.548522394,-652.1519981,126239.5949,-2.159496498,0.046014408,0.065980021,3.135811966,0.42910505899999984,0.2532139299999998
27.4500501,27.4500501,-2.387029886,-0.0130892,0.039423317,-2.786981567,0.035818084,0.711068251,-5.945680364,-652.9984336,125671.6693,-2.109144903,0.045669829,0.060692834,3.558650478,0.3999516810000001,0.2778849830000003
27.5000501,27.5000501,-2.328342676,-0.006970773,0.042752244,-2.694852007,0.032245271,0.723104574,-6.195229297,-653.943109,125070.6093,-2.013366645,0.046036713,0.054833782,3.866886621,0.36650933100000005,0.31497603100000005
27.55019,27.55019,-2.201999426,-0.012372449,0.038280383,-2.569109069,0.030508089,0.733219389,-6.292257579,-654.945106,124449.7541,-1.873887309,0.047081024,0.048464398,4.090258153000001,0.36710964300000004,0.3281121170000001
27.6000099,27.6000099,-2.017158747,-0.013262048,0.032984499,-2.411065591,0.030329025,0.741096712,-6.228812626,-655.9463308,123830.1694,-1.686162597,0.04847585,0.0411541,4.211653879,0.393906844,0.3309961499999998
27.65009,27.65009,-1.835888982,-0.007015474,0.031567398,-2.220700689,0.031486092,0.746759413,-6.003720791,-656.9069212,123220.824,-1.456997036,0.050219846,0.03330826,4.167831809,0.3848117070000001,0.378891946
27.7002401,27.7002401,-1.428491354,-0.000828505,0.014116623,-1.998095767,0.033818612,0.750022793,-5.616920032,-657.7756118,122640.2191,-1.183680584,0.051859803,0.024507375,4.188428678,0.569604413,0.24481076999999996
27.7501299,27.7501299,-1.194687724,0.000522286,0.011193013,-1.749319836,0.037196551,0.751160117,-5.084669646,-658.5083629,122107.8324,-0.887161583,0.053983849,0.016045034,3.889981922,0.554632112,0.307526141
27.7999699,27.7999699,-1.000020266,0.004369767,0.006733093,-1.483505018,0.041571376,0.751037003,-4.433541228,-659.0877788,121634.3524,-0.576329474,0.056637946,0.008140065,3.4335209620000002,0.4834847520000001,0.4236907919999999
27.8499901,27.8499901,-0.817637444,0.002386421,-0.002309681,-1.200721847,0.046940332,0.749873094,-3.675104897,-659.5104338,121229.1982,-0.25467993,0.059567319,0.000607414,2.857467453,0.383084403,0.562957514
27.9001,27.9001,-0.628975093,0.01173392,-0.012969973,-0.902067067,0.053279712,0.747764912,-2.825094448,-659.7833336,120903.6261,0.073639939,0.062580653,-0.006676702,2.1961193550000004,0.27309197399999996,0.702615032
27.95012,27.95012,-0.294725627,0.014100226,-0.051358353,-0.589277506,0.060538177,0.744721507,-1.901954533,-659.9284685,120667.1561,0.405203446,0.065497679,-0.013904819,1.607228906,0.29455187899999996,0.6999290730000001
27.99997,27.99997,0.069480389,0.010731072,-0.062383711,-0.264985133,0.068855997,0.740720184,-0.925010102,-659.9816157,120526.1465,0.733171883,0.068560925,-0.021047017,0.994490491,0.334465522,0.663691494
28.05005,28.05005,0.339008182,0.011264533,-0.082474954,0.067269887,0.078203773,0.73581862,0.090012321,-659.9883057,120484.2413,1.048138285,0.071622436,-0.027890962,0.24899586099999999,0.271738295,0.7091301030000001
28.1000299,28.1000299,0.65133059,-0.006337464,-0.099478662,0.398454557,0.088014715,0.729988177,1.113754507,-659.9997799,120544.284,1.343549783,0.074549557,-0.034461096,0.46242391699999985,0.25287603300000006,0.692219193
28.1502101,28.1502101,1.118753433,0.006332251,-0.083652169,0.719374108,0.097922093,0.723268475,2.124420506,-660.0693525,120706.7365,1.605746442,0.077677461,-0.040235877,1.005667073,0.39937932499999995,0.4869930090000001
28.2000401,28.2000401,1.464939117,0.015661875,-0.094504699,1.015066644,0.10700757,0.715762268,3.084576763,-660.2444178,120966.2435,1.833422636,0.080232167,-0.045562802,1.619637646,0.4498724729999999,0.3684835190000002
28.2500601,28.2500601,1.73104167,0.026948029,-0.09464629,1.284213928,0.114482087,0.706967664,3.991865199,-660.5669107,121320.2824,2.020102178,0.082095583,-0.0503126,2.2608235289999996,0.44682774199999997,0.28906050800000016
28.3002601,28.3002601,2.137543678,0.036840931,-0.095605977,1.497687003,0.119646667,0.698482593,4.788222845,-661.0650434,121761.9606,2.124385619,0.084520461,-0.051674613,2.650679167,0.6398566750000001,0.013158059000000222
28.3499601,28.3499601,2.23303318,0.044987403,-0.091378503,1.645152317,0.122222842,0.69101962,5.439977477,-661.7319911,122271.2781,2.182237442,0.0854433,-0.052652778,3.206944297,0.5878808630000001,0.050795738000000146
28.4002199,28.4002199,2.270393848,0.052148923,-0.09076757,1.745128267,0.122471973,0.683528396,5.977967994,-662.5721026,122846.9435,2.192039052,0.084862334,-0.053017476,3.7075741460000002,0.525265581,0.07835479599999973
28.4500701,28.4500701,2.258282185,0.057228729,-0.088954099,1.792917688,0.120738934,0.676729451,6.375103143,-663.5469825,123465.5032,2.153417849,0.082751781,-0.052655973,4.116820958,0.46536449700000015,0.10486433599999989
28.50002,28.50002,2.195375204,0.064840242,-0.080441035,1.786704352,0.1173774,0.671232952,6.61952818,-664.6280788,124118.6265,2.059053817,0.079202236,-0.050892388,4.424152976,0.40867085199999975,0.13632138699999974
28.5499201,28.5499201,2.095642805,0.064041525,-0.077714108,1.731907558,0.113001292,0.667147167,6.709210166,-665.763724,124788.8437,1.920862344,0.074202472,-0.048527026,4.613567360999999,0.36373524700000015,0.1747804610000001
28.6006701,28.6006701,1.811993957,0.058170453,-0.077010758,1.620629516,0.107698442,0.665272459,6.624087752,-666.9209131,125472.3043,1.715400216,0.067685779,-0.04343701,4.812093795,0.19136444100000016,0.09659374100000018
28.65031,28.65031,1.567736864,0.046189915,-0.0677929,1.459824246,0.102048838,0.665864405,6.366970929,-667.9943194,126124.3728,1.475662143,0.059971686,-0.038010107,4.799234065,0.10791261800000007,0.09207472099999991
28.7000401,28.7000401,1.367334962,0.047067568,-0.06105306,1.266416865,0.096395436,0.667537127,5.970796709,-668.9642327,126745.6582,1.212254225,0.051391281,-0.032629875,4.603461747,0.10091809699999987,0.15508073700000002
28.7500501,28.7500501,1.17082274,0.043920442,-0.054176167,1.042904079,0.090730851,0.670083204,5.443636152,-669.7994004,127324.4703,0.928463059,0.042193205,-0.027148358,4.272813412,0.12791866100000004,0.24235968099999994
28.80004,28.80004,0.985434055,0.036560755,-0.05580486,0.793093595,0.085001643,0.673343672,4.799645391,-670.4721248,127844.275,0.627720158,0.032644251,-0.02148795,3.8142113360000005,0.19234046000000005,0.357713897
28.85008,28.85008,0.731984615,0.028937314,-0.051142287,0.516563306,0.079006697,0.677429377,4.046750151,-670.9751047,128294.1154,0.30916089,0.022806385,-0.015222055,3.3147655360000003,0.215421309,0.422823725
28.90014,28.90014,0.418098986,0.017739087,-0.037442144,0.212883663,0.072493444,0.682584136,3.194410895,-671.3130532,128662.7461,-0.022502213,0.012881518,-0.008365613,2.776311909,0.205215323,0.440601199
28.9500999,28.9500999,0.261946797,0.01467243,-0.016307833,-0.110184094,0.065399546,0.688592507,2.267772655,-671.5058278,128940.3064,-0.354311907,0.003642806,-0.001574668,2.0058258579999997,0.372130891,0.616258704
29.0000901,29.0000901,-0.022676587,0.007986278,-0.042432547,-0.445127055,0.057672318,0.695288569,1.288871428,-671.5888973,129121.2086,-0.681055548,-0.00478264,0.005198508,1.311548015,0.42245046799999997,0.658378961
29.0501699,29.0501699,-0.212703645,-0.021182002,-0.033062696,-0.786115939,0.049278001,0.702807719,0.274998013,-671.6067963,129200.9333,-0.996913875,-0.012149305,0.011927849,0.487701658,0.5734122939999999,0.78421023
29.1001999,29.1001999,-0.556628466,-0.010812285,-0.019174818,-1.122949208,0.040397018,0.711182583,-0.749604169,-671.6104687,129176.8321,-1.295574292,-0.018289609,0.018546847,0.192975703,0.566320742,0.7389458259999999
29.1501,29.1501,-0.905461848,-0.008633735,-0.011572245,-1.445563681,0.031369272,0.720533917,-1.76353352,-671.6529867,129049.3039,-1.569405191,-0.023088287,0.024877344,0.858071672,0.5401018330000001,0.663943343
29.2000501,29.2000501,-1.640161633,-0.01995267,-0.016780209,-1.734277433,0.022538258,0.730201576,-2.730984828,-671.7844604,128820.6619,-1.793870575,-0.026713956,0.029371143,1.090823195,0.09411579999999997,0.15370894199999996
29.2500801,29.2500801,-1.886838913,-0.015081479,-0.018465536,-1.973007182,0.014352292,0.739595651,-3.618851967,-672.0447278,128497.1958,-1.971625579,-0.029323984,0.032647051,1.7320130539999998,0.08616826899999985,0.08478666599999984
29.2999501,29.2999501,-2.08527112,-0.022277262,-0.011432184,-2.160108393,0.007331517,0.748961366,-4.413899764,-672.4584092,128089.1841,-2.103613545,-0.030855091,0.035014023,2.328628644,0.07483727299999998,0.018342425000000162
29.3501,29.3501,-2.190877676,-0.017720483,-0.015343746,-2.295044811,0.001686176,0.758313817,-5.10760942,-673.0420335,127602.4785,-2.186183738,-0.031309101,0.036355506,2.9167317440000002,0.10416713499999997,0.004693937999999953
29.40011,29.40011,-2.272236824,-0.022748144,-0.011999922,-2.371433819,-0.002489109,0.766985866,-5.669565405,-673.7873217,127052.468,-2.208906564,-0.030865419,0.036000347,3.397328581,0.09919699499999979,0.0633302600000003
29.4500501,29.4500501,-2.26574111,-0.017464183,-0.009153795,-2.390884181,-0.005320896,0.774576261,-6.085490109,-674.6719597,126452.7875,-2.180349488,-0.029481848,0.034730277,3.819748999,0.1251430710000001,0.08539162199999994
29.5001001,29.5001001,-2.188962698,-0.020512968,-0.012567657,-2.365972746,-0.006971132,0.78150941,-6.363333855,-675.6659209,125815.4657,-2.101200591,-0.027181837,0.032574948,4.1743711569999995,0.1770100480000001,0.08776210700000009
29.5499301,29.5499301,-1.960887432,-0.009413074,-0.015622392,-2.275930707,-0.007721635,0.785603459,-6.448783167,-676.716039,125160.7876,-1.928457904,-0.025430699,0.026199705,4.487895735,0.31504327500000007,0.032429527999999985
29.5999501,29.5999501,-1.816120744,-0.003442171,-0.016629709,-2.129584273,-0.00788174,0.786717142,-6.344823061,-677.7648673,124504.2477,-1.72249932,-0.022842901,0.020233252,4.528702317,0.31346352899999985,0.09362142399999995
29.65011,29.65011,-1.636917472,-0.000615418,-0.021810846,-1.95722725,-0.007563026,0.786767156,-6.101090787,-678.7604459,123862.7626,-1.486547241,-0.019494201,0.014427233,4.464173315,0.32030977800000016,0.1503702309999999
29.70011,29.70011,-1.125868201,-0.319328964,-0.170755431,-1.758050862,-0.006769409,0.785545724,-5.71692119,-679.6553889,123254.7532,-1.224542413,-0.0149264,0.008693708,4.591052989,0.6321826609999999,0.09867421199999993
29.75019,29.75019,-0.277557969,-0.043390695,-0.008983911,-1.538723723,-0.003633677,0.783645586,-5.209153115,-680.4215327,122691.1587,-0.948300506,-0.006766751,0.003503979,4.931595146,1.2611657539999999,0.670742537
29.80023,29.80023,-0.182041526,-0.036674742,0.021704288,-1.306598579,0.001580956,0.781772795,-4.599547656,-681.038741,122185.1324,-0.663689699,0.001981342,-0.000879307,4.4175061300000005,1.1245570530000002,0.48164817299999996
29.85006,29.85006,0.040826946,-0.052657727,-0.0130713,-1.064149765,0.007604938,0.780141467,-3.90389058,-681.5011065,121747.9356,-0.37142142,0.011654247,-0.004762308,3.9447175260000003,1.104976711,0.41224836600000003
29.9001,29.9001,0.14488478,-0.033786893,-0.015263262,-0.810866163,0.014937467,0.778851829,-3.130556238,-681.8193927,121384.5507,-0.074972371,0.021629077,-0.008182091,3.275441018,0.955750943,0.21985715099999997
29.9500701,29.9500701,0.219748184,-0.049252808,-0.018101932,-0.550202294,0.023191273,0.77795833,-2.299499431,-682.0094988,121104.33,0.223545818,0.031540166,-0.011336424,2.5192476150000003,0.7699504779999999,0.003797633999999994
