time,time_edmd,p,q,r,sindy_p,sindy_q,sindy_r,linear_p,linear_q,linear_r,edmd_p,edmd_q,edmd_r,linear_error,sindy_error,edmd_error
0.0,0.0,0.057239093,0.075659908,0.148566827,0.057239093,0.075659908,0.148566827,0.057239093,0.075659908,0.148566827,0.671171172,0.040103827,0.135575691,0.0,0.0,0.613932079
0.050250053,0.050250053,0.453718752,0.074175745,0.179492682,0.646073021,0.068052127,0.122533951,1.640164923,0.052211341,0.140106934,1.264386734,0.013292451,0.113745698,1.186446171,0.19235426899999997,0.8106679819999999
0.099989891,0.099989891,0.904970765,0.055297475,0.247492686,1.228241449,0.061518137,0.096517115,3.29694359,-0.107601371,0.147232758,1.830978527,-0.009588056,0.088459088,2.3919728250000003,0.32327068400000003,0.9260077620000001
0.150029897,0.150029897,1.596142769,0.063385852,0.341252506,1.79998193,0.055494123,0.071435713,5.010001115,-0.554135781,0.345659518,2.357022149,-0.030546869,0.062970534,3.4138583459999996,0.20383916099999988,0.76087938
0.199990034,0.199990034,2.106162071,0.085743643,0.432967961,2.346250744,0.049904977,0.0480662,6.727950894,-1.439256959,1.210670492,2.833372552,-0.049738736,0.039815788,4.621788823,0.24008867300000025,0.7272104810000002
0.249979972,0.249979972,3.065404892,0.143256411,0.508334279,2.841081002,0.043831956,0.029928954,8.379022945,-2.905059677,3.66412816,3.207343517,-0.070444529,0.019429641,5.313618053000001,0.22432388999999997,0.14193862499999987
0.299999952,0.299999952,3.668696404,0.174791992,0.440401703,3.258754098,0.037013951,0.019423111,9.893939854,-5.046988317,9.125479613,3.489925393,-0.089174415,0.004179201,6.225243449999999,0.40994230600000003,0.1787710109999998
0.350260019,0.350260019,4.08921814,0.180256426,0.331253558,3.600956535,0.030490225,0.014779003,11.2624767,-7.929787938,19.52168712,3.68391164,-0.104790942,-0.005288459,7.173258560000001,0.48826160499999993,0.4053065
0.399999856,0.399999856,4.400760651,0.182692885,0.21029596,3.852858551,0.024636445,0.015992293,12.42762043,-11.50577645,36.8092367,3.782496655,-0.116931705,-0.009385862,8.026859778999999,0.5479020999999995,0.6182639959999996
0.449990034,0.449990034,4.605786324,0.152641654,0.149943069,4.009660174,0.019473459,0.022831377,13.37412058,-15.76822729,63.39588043,3.78338464,-0.125463591,-0.008642564,8.768334256,0.5961261499999999,0.8224016840000004
0.5,0.5,4.664200306,0.134041935,0.153088704,4.056346581,0.014918594,0.035128896,14.0577305,-20.58889127,101.1285005,3.672921839,-0.129742467,-0.005246331,9.393530194,0.607853725,0.9912784669999999
0.549989938,0.549989938,4.520049095,0.180165693,0.155310422,3.974744744,0.010691812,0.052238634,14.43812462,-25.78876933,151.1418619,3.453162258,-0.128992854,-0.001112828,9.918075524999999,0.545304351,1.0668868370000002
0.599999904,0.599999904,4.254532814,0.12057256,0.132261068,3.768333198,0.006501502,0.071757891,14.51498674,-31.15716466,213.5792836,3.154899764,-0.123792864,0.004022272,10.260453926,0.48619961599999995,1.09963305
0.650029897,0.650029897,3.8295753,0.093887359,0.066297762,3.455475761,0.001906578,0.090906701,14.31185422,-36.4794448,287.4531438,2.807823009,-0.115736117,0.010221695,10.48227892,0.3740995389999999,1.0217522910000003
0.700010061,0.700010061,3.426844358,0.097308591,0.048441585,3.065989477,-0.003737622,0.108270303,13.86300894,-41.55726174,370.6747117,2.438760358,-0.108141714,0.019505686,10.436164582,0.36085488099999985,0.9880839999999997
0.75,0.75,3.030452967,0.096174553,0.024912568,2.620340251,-0.010926972,0.123758349,13.18950602,-46.23995243,460.6006383,2.048770218,-0.101462148,0.030200151,10.159053053,0.410112716,0.981682749
0.799969911,0.799969911,2.548537493,0.052196622,0.006230931,2.127266934,-0.019969058,0.136906363,12.30405366,-50.39755844,553.8441115,1.636883174,-0.096156906,0.040771827,9.755516167,0.4212705589999999,0.9116543189999999
0.849999904,0.849999904,2.08213973,0.060556162,-0.009670865,1.59468171,-0.031103107,0.147395282,11.22061025,-53.94301865,646.8575216,1.202391622,-0.092191629,0.04942041,9.13847052,0.48745802000000027,0.8797481080000003
0.90000987,0.90000987,1.313496828,0.023033477,-0.012063985,1.03117471,-0.044420307,0.153975594,9.963509912,-56.81790396,735.7287403,0.748680064,-0.089447382,0.054601484,8.650013084,0.28232211799999996,0.5648167639999999
0.94998002,0.94998002,0.962240458,0.014216457,-0.010842088,0.446699744,-0.059917007,0.157320068,8.551305201,-59.01434441,816.8998106,0.26955371,-0.089132628,0.057408388,7.589064743,0.515540714,0.6926867480000001
1.000010013,1.000010013,0.521183789,-0.02732724,0.014116616,-0.1529936,-0.077437971,0.158800408,6.994973651,-60.56699035,887.344321,-0.232587777,-0.090860993,0.057932113,6.473789861999999,0.674177389,0.753771566
1.050019979,1.050019979,0.035027415,-0.090654202,0.024921447,-0.760509508,-0.096574309,0.158531291,5.32012732,-61.54380939,944.3058825,-0.755257782,-0.094363301,0.056674122,5.285099905,0.7955369229999999,0.790285197
1.099989891,1.099989891,-0.603315353,-0.067517184,0.013718756,-1.369518354,-0.11682999,0.15738733,3.549051295,-62.05373563,985.7957964,-1.291730006,-0.099369247,0.054260614,4.152366648,0.7662030009999999,0.688414653
1.149990081,1.149990081,-1.325506449,-0.084517933,0.039220616,-1.973721512,-0.13766778,0.155657777,1.707947943,-62.23793746,1010.543886,-1.833043392,-0.10563815,0.051583958,3.033454392,0.6482150630000001,0.5075369430000001
1.200089931,1.200089931,-2.931753397,-0.025297757,0.048158422,-2.566088796,-0.158410726,0.15693432,-0.192120396,-62.26048402,1017.729479,-2.375766209,-0.114455744,0.052998581,2.739633001,0.3656646010000002,0.555987188
1.250060081,1.250060081,-3.537236452,-0.01843131,0.070806831,-3.129234914,-0.178316982,0.162588141,-2.105809975,-62.30199815,1006.909074,-2.890985736,-0.124209497,0.058181888,1.431426477,0.40800153800000016,0.646250716
1.300040006,1.300040006,-3.910855532,-0.042836539,0.065396234,-3.653574179,-0.196926067,0.171121618,-3.988866248,-62.54716296,978.1212424,-3.358100554,-0.134749015,0.067448081,0.07801071600000009,0.25728135299999977,0.5527549779999998
1.350029945,1.350029945,-4.334492683,-0.000853841,-0.092135824,-4.114227816,-0.214224265,0.183742117,-5.790095147,-63.16656881,931.5823978,-3.744495151,-0.148702776,0.083363181,1.455602464,0.22026486700000003,0.5899975319999995
1.400019884,1.400019884,-4.700120449,0.078351505,-0.078613013,-4.491228511,-0.230577096,0.199488613,-7.45263333,-64.29570244,867.6868398,-4.040219892,-0.163899305,0.102253022,2.7525128810000004,0.20889193799999983,0.6599005570000003
1.45005989,1.45005989,-4.925434589,0.053479116,-0.034271397,-4.785290365,-0.246127104,0.216620989,-8.943691958,-66.02434607,786.7174961,-4.229414335,-0.17959347,0.122885324,4.0182573690000005,0.14014422400000015,0.6960202539999996
1.500159978,1.500159978,-4.971440792,0.015886975,0.037571281,-4.942590721,-0.261110431,0.232732155,-10.16236373,-68.37582122,689.1953347,-4.234221294,-0.199128178,0.15020888,5.190922937999999,0.02885007099999992,0.737219498
1.550289869,1.550289869,-4.860696316,0.021786373,0.02906117,-4.942848559,-0.275952561,0.243567893,-11.04086847,-71.26789235,576.7360021,-4.111875613,-0.216704562,0.173544243,6.180172153999999,0.08215224299999946,0.7488207030000007
1.60010004,1.60010004,-4.661860466,-0.002117467,0.030999806,-4.830765757,-0.290869659,0.248823109,-11.61249079,-74.54538636,452.0931392,-3.889989367,-0.231220138,0.189109698,6.9506303240000005,0.16890529099999974,0.7718710990000002
1.650330066,1.650330066,-4.378354073,0.015417566,0.039505415,-4.613378063,-0.306369306,0.247568133,-11.88064909,-78.09931686,315.6227998,-3.576065631,-0.242667811,0.196274875,7.502295017000001,0.23502399000000018,0.8022884419999996
1.700039863,1.700039863,-4.066063881,0.016986651,0.053207055,-4.303386046,-0.322385132,0.239113927,-11.8407474,-81.68446659,172.8713019,-3.179800932,-0.251070872,0.194917556,7.774683519,0.23732216500000014,0.8862629489999998
1.750069856,1.750069856,-3.582249641,0.036955755,0.05601291,-3.903753684,-0.339336306,0.222691684,-11.49541154,-85.17725188,25.24803655,-2.701016026,-0.256700113,0.18551721,7.9131618989999986,0.3215040429999996,0.8812336150000002
1.800610065,1.800610065,-2.68938756,0.013300056,0.082769394,-3.410677265,-0.357525122,0.195545591,-10.82244608,-88.4065843,-123.163428,-2.137116695,-0.259821916,0.167482652,8.13305852,0.7212897049999998,0.5522708650000001
1.850090026,1.850090026,-2.222728729,0.018518446,0.081569813,-2.865966641,-0.376293987,0.16104715,-9.891190683,-91.1278234,-262.5645172,-1.543671213,-0.260137774,0.141640178,7.668461954,0.643237912,0.6790575159999999
1.900039911,1.900039911,-1.748712063,-0.016485168,0.086515456,-2.277156315,-0.396015706,0.122260315,-8.729839342,-93.3496552,-392.5701023,-0.922036002,-0.258560562,0.110754737,6.981127279,0.5284442520000001,0.8266760609999999
1.950109958,1.950109958,-1.453709006,-0.046063982,0.069833599,-1.657282694,-0.416451162,0.080632413,-7.366763086,-95.01551434,-507.5885795,-0.283025565,-0.255393959,0.077105465,5.91305408,0.20357368800000009,1.170683441
2.00003004,2.00003004,-1.044442177,-0.058370855,0.06022232,-1.020949434,-0.437202229,0.038826787,-5.842382816,-96.13633262,-603.0856429,0.366603623,-0.250975112,0.042574442,4.797940639,0.023492743000000038,1.4110458000000001
2.050080061,2.050080061,-0.626281083,-0.072036698,0.028198218,-0.374034757,-0.458067383,-0.001333907,-4.178475969,-96.78620883,-676.3964757,1.018112829,-0.245742946,0.008590758,3.552194886,0.25224632599999997,1.644393912
2.100039959,2.100039959,0.712230086,-0.086377569,0.007075816,0.271423158,-0.478483295,-0.037485851,-2.414498188,-97.0711779,-724.7815804,1.661009587,-0.239922525,-0.023629683,3.126728274,0.44080692800000004,0.9487795009999999
2.150089979,2.150089979,1.373468399,-0.122140415,0.025839373,0.907158796,-0.497863592,-0.066116928,-0.587986583,-97.13608262,-746.8874254,2.274351221,-0.234444567,-0.052061737,1.961454982,0.466309603,0.9008828219999998
2.200049877,2.200049877,2.061301947,-0.108935058,0.047766481,1.520086681,-0.515461491,-0.083842369,1.24992816,-97.14606555,-742.0262035,2.845853945,-0.229727207,-0.075970056,0.811373787,0.541215266,0.784551998
2.250099897,2.250099897,2.763617754,-0.066509977,0.073782504,2.100981555,-0.530552245,-0.088180541,3.061576073,-97.27233389,-710.2396993,3.35242558,-0.226027368,-0.094576583,0.2979583189999997,0.662636199,0.5888078259999996
2.300080061,2.300080061,3.290376186,-0.066787206,0.074314542,2.634365251,-0.542158023,-0.076718798,4.790559096,-97.67361385,-652.2871362,3.781289348,-0.223187896,-0.107731897,1.50018291,0.6560109349999999,0.490913162
2.35029006,2.35029006,3.743124485,-0.052969355,0.018618325,3.116510306,-0.549363208,-0.049614267,6.415240738,-98.48727161,-568.6889546,4.115352438,-0.220679666,-0.115406541,2.6721162529999996,0.6266141790000002,0.37222795300000033
2.400039911,2.400039911,4.347512722,0.024374697,-0.105371125,3.496897991,-0.551114783,-0.002195298,7.799527803,-99.78353115,-462.3247404,4.267136589,-0.216425762,-0.11926459,3.452015081,0.8506147310000003,0.08037613300000057
2.44998002,2.44998002,4.427661896,0.031132413,-0.132397503,3.761449126,-0.547367879,0.063336396,8.910329688,-101.5739946,-335.0210861,4.310020254,-0.212145663,-0.116185359,4.482667791999999,0.66621277,0.11764164199999971
2.499949932,2.499949932,4.416881084,0.012173565,-0.195838019,3.936918861,-0.538576645,0.138792185,9.78150419,-103.8142529,-189.6704244,4.243719567,-0.207103402,-0.107726749,5.364623106,0.4799622229999998,0.1731615169999996
2.549959898,2.549959898,4.357729435,0.034963511,-0.171186909,4.014326243,-0.525425393,0.221032651,10.38181424,-106.4218134,-29.04897002,4.072560298,-0.20145972,-0.094788282,6.024084805,0.34340319200000025,0.28516913700000046
2.599969863,2.599969863,4.245966434,0.079924993,-0.138602287,3.985922133,-0.50925526,0.306322141,10.68689248,-109.2691059,143.178142,3.78959422,-0.195007856,-0.079642914,6.4409260459999995,0.26004430099999976,0.4563722139999995
2.649960041,2.649960041,4.045810699,0.090914607,-0.124346264,3.852220865,-0.491813568,0.390529442,10.69030564,-112.1976825,322.5056654,3.425444023,-0.188787569,-0.061262016,6.6444949410000005,0.19358983399999952,0.6203666759999997
2.699959993,2.699959993,3.790493011,0.065190583,-0.100735225,3.634537544,-0.474631022,0.46990369,10.4199822,-115.0539693,504.2547395,2.992210349,-0.182846064,-0.040691881,6.629489188999999,0.15595546700000007,0.7982826620000001
2.75,2.75,2.853972435,0.040599044,-0.086009689,3.303718362,-0.459787704,0.542082376,9.841622788,-117.6903996,683.1512011,2.464211076,-0.174739965,-0.025927798,6.987650353,0.44974592699999993,0.3897613590000004
2.799999952,2.799999952,2.418896198,0.03489485,-0.088828944,2.880792239,-0.449281252,0.603874847,8.991857504,-119.9644301,852.7071145,1.914431861,-0.168812971,-0.008257474,6.572961306,0.4618960409999997,0.5044643370000002
2.850319862,2.850319862,1.951887965,0.065470546,-0.085333064,2.405476413,-0.443888693,0.656234775,7.919696084,-121.8112732,1008.606982,1.347604648,-0.164995704,0.010955644,5.967808119,0.4535884480000001,0.6042833170000002
2.899990081,2.899990081,1.559461951,-0.003319981,-0.059777528,1.890935114,-0.444453154,0.698482804,6.662640967,-123.1683926,1143.065574,0.766944844,-0.163131182,0.03039946,5.1031790159999995,0.33147316299999985,0.7925171070000001
2.950299978,2.950299978,1.092613697,-0.006295742,-0.039500006,1.331548709,-0.451447181,0.732295962,5.210294418,-124.0822877,1255.001405,0.174966947,-0.16292083,0.048514377,4.117680721,0.238935012,0.91764675
3.000149965,3.000149965,0.697358847,0.002320857,-0.016467277,0.747677053,-0.464922774,0.757605788,3.618787971,-124.5862153,1337.972875,-0.42265482,-0.164302719,0.065042643,2.9214291240000003,0.05031820600000003,1.1200136669999998
3.05005002,3.05005002,-0.149452686,-0.078757115,0.07860586,0.142623985,-0.484592211,0.775726583,1.900047128,-124.7877658,1390.071733,-1.020382246,-0.166468718,0.079659556,2.049499814,0.292076671,0.87092956
3.100090026,3.100090026,-0.755459249,-0.120720282,0.173980787,-0.474893947,-0.509817343,0.787799095,0.080147478,-124.8202038,1408.898266,-1.609614994,-0.169310528,0.093228228,0.835606727,0.28056530200000007,0.8541557449999999
3.150029897,3.150029897,-1.625433087,-0.121405788,0.260049999,-1.089135115,-0.539234271,0.795458871,-1.799692279,-124.8463934,1392.762101,-2.179725886,-0.171897654,0.107003723,0.17425919200000006,0.5362979720000001,0.554292799
3.19998002,3.19998002,-2.379245043,-0.134589002,0.323687196,-1.689401975,-0.57148008,0.80011033,-3.707807748,-125.0473958,1340.807339,-2.718238412,-0.174253418,0.121485852,1.328562705,0.6898430680000001,0.33899336899999977
3.250010013,3.250010013,-3.017836094,-0.151042998,0.366915911,-2.262386016,-0.605191947,0.803101895,-5.606940561,-125.6097302,1252.456745,-3.209892256,-0.176132273,0.137405997,2.589104467,0.755450078,0.19205616199999964
3.300009965,3.300009965,-3.5770998,-0.142203748,0.37257871,-2.795438154,-0.638988378,0.80537464,-7.453292666,-126.7075258,1127.795451,-3.637770806,-0.177571585,0.155242864,3.8761928660000002,0.7816616459999999,0.06067100599999975
3.350049972,3.350049972,-3.286053658,-0.107319973,0.174772471,-3.241900408,-0.670769733,0.808267374,-9.167505781,-128.484919,967.0582337,-3.938684321,-0.179554854,0.18228162,5.881452122999999,0.044153250000000366,0.652630663
3.400079965,3.400079965,-2.513423204,-0.14554435,0.076415516,-3.587886341,-0.700143444,0.810726622,-10.69736906,-131.0160655,771.8735793,-4.165960719,-0.181641219,0.206386829,8.183945856,1.074463137,1.6525375150000001
3.45005989,3.45005989,-2.755006313,0.012487941,0.228748918,-3.871356963,-0.727955996,0.812991538,-12.06549484,-134.3340345,543.3916394,-4.315272309,-0.18277014,0.226571323,9.310488527,1.1163506500000002,1.560265996
3.500429868,3.500429868,-3.859239578,-0.145097658,0.244252563,-4.062440099,-0.753644473,0.813818938,-13.2166787,-138.4604016,280.3500845,-4.342365188,-0.183603609,0.24622728,9.357439121999999,0.20320052099999986,0.48312560999999965
3.549989938,3.549989938,-4.102173805,-0.147151127,0.229710609,-4.140895451,-0.776712515,0.811315348,-14.07952231,-143.1900163,-8.125348286,-4.263785595,-0.183611335,0.261860276,9.977348505,0.03872164599999994,0.16161179000000025
3.600199937,3.600199937,-4.237098217,-0.150904775,0.201590583,-4.124211711,-0.798500305,0.804990425,-14.68501487,-148.5104403,-327.1217179,-4.07709122,-0.182842091,0.272730073,10.447916653,0.11288650599999972,0.16000699699999998
3.649999856,3.649999856,-3.908052206,-0.13807027,0.085758761,-3.965940308,-0.818693851,0.788814812,-14.92366445,-154.1089991,-665.2575046,-3.710442198,-0.181991382,0.280787802,11.015612244,0.05788810200000016,0.19761000799999984
3.700000047,3.700000047,-3.641005039,-0.124647141,0.07300774,-3.67823731,-0.838006102,0.760717333,-14.8027957,-159.7659915,-1018.532589,-3.274914972,-0.178903978,0.277845321,11.161790661000001,0.03723227100000015,0.366090067
3.750010013,3.750010013,-3.242304802,-0.129220247,0.048584621,-3.312490032,-0.856836271,0.725573324,-14.40590377,-165.2289696,-1378.039671,-2.779872007,-0.174059343,0.265603836,11.163598968,0.07018522999999988,0.46243279500000023
3.799999952,3.799999952,-2.839278936,-0.123529382,0.021661114,-2.874418431,-0.875118865,0.683575937,-13.73825557,-170.2990057,-1735.522227,-2.234420269,-0.167545991,0.245601536,10.898976634,0.03513949500000013,0.6048586669999998
3.850009918,3.850009918,-2.338289022,-0.10780409,-0.002592806,-2.373195462,-0.892684991,0.635885373,-12.81494911,-174.8150317,-2082.591085,-1.641630866,-0.159257243,0.219333643,10.476660088000001,0.03490643999999987,0.696658156
3.899970054,3.899970054,-1.967438102,-0.1199947,-0.013747827,-1.822322206,-0.909194878,0.585168753,-11.66432202,-178.649595,-2409.930259,-1.01836922,-0.14967659,0.188468478,9.696883918000001,0.14511589600000008,0.949068882
3.950000047,3.950000047,-1.425529242,-0.119382203,-0.050812993,-1.230174221,-0.924007882,0.533420419,-10.30428844,-181.7446155,-2709.910736,-0.361372225,-0.137741383,0.15411574,8.878759198000001,0.19535502100000013,1.064157017
4.000089883,4.000089883,-0.75585264,-0.115250066,-0.112848006,-0.608266094,-0.936156393,0.483749786,-8.763123514,-184.080094,-2974.460081,0.307170379,-0.124542778,0.118177553,8.007270874,0.14758654599999999,1.063023019
4.049999952,4.049999952,-0.385463268,-0.115081668,-0.153705478,0.02634489,-0.94494127,0.44196733,-7.094787662,-185.6916931,-3196.020498,0.973809747,-0.111660622,0.082858942,6.709324394,0.41180815800000004,1.359273015
4.100019931,4.100019931,0.260471553,-0.101713836,-0.200162858,0.667692448,-0.94934975,0.411748169,-5.324538356,-186.6851619,-3371.122342,1.628964925,-0.098693531,0.049713929,5.585009909,0.407220895,1.368493372
4.149869918,4.149869918,0.972574592,-0.105346777,-0.246018276,1.303438044,-0.947888889,0.396584084,-3.496792384,-187.1881487,-3495.53373,2.259213147,-0.085773566,0.01999156,4.469366976,0.330863452,1.2866385550000001
4.200039863,4.200039863,2.072903872,-0.043110598,-0.400613725,1.929483901,-0.938511565,0.400475665,-1.638880333,-187.3643142,-3568.479698,2.842950207,-0.071852546,-0.0042442,3.711784205,0.14341997099999992,0.770046335
4.250010013,4.250010013,3.002679825,-0.030367149,-0.520532966,2.527390561,-0.9191338,0.426486588,0.18072319,-187.384746,-3588.989439,3.359051399,-0.056839268,-0.021800287,2.821956635,0.47528926400000016,0.3563715740000002
4.300009965,4.300009965,3.766484737,-0.008982455,-0.526962221,3.077956893,-0.887692415,0.477814337,1.898316571,-187.4192688,-3559.185006,3.764511167,-0.039822914,-0.031649596,1.8681681659999998,0.6885278439999998,0.001973569999999647
4.349999904,4.349999904,4.167124271,0.014019824,-0.444450021,3.564763365,-0.843798286,0.552429346,3.462126263,-187.6095615,-3482.846556,4.070194631,-0.02427698,-0.034504246,0.7049980079999996,0.6023609059999995,0.09692963999999993
4.400439977,4.400439977,4.543423176,0.012282347,-0.318664521,3.981710181,-0.787637522,0.646410707,4.8493261,-188.0625097,-3363.236297,4.246247754,-0.009488384,-0.031912578,0.30590292399999974,0.5617129950000002,0.29717542200000047
4.450039863,4.450039863,4.646253109,-0.009776706,-0.282254905,4.303290546,-0.721597203,0.751964467,5.978789673,-188.8128481,-3209.660115,4.303516538,0.004030739,-0.023887346,1.3325365639999998,0.3429625629999995,0.34273657099999966
4.500040054,4.500040054,4.674719334,0.002718733,-0.243927464,4.535665535,-0.645998203,0.864039894,6.861475062,-189.8739947,-3025.220426,4.241297893,0.016698968,-0.011395052,2.1867557280000005,0.13905379900000003,0.43342144100000013
4.550139904,4.550139904,4.628098488,0.00723679,-0.19232738,4.676175638,-0.563065627,0.974813024,7.476595948,-191.1979051,-2817.601129,4.064647712,0.028531884,0.004765351,2.84849746,0.048077150000000124,0.5634507759999998
4.600080013,4.600080013,3.523157835,1.006887674,-0.751094222,4.67728931,-0.478814697,1.079878285,7.742613118,-192.6871064,-2596.068076,3.717515719,0.033506535,0.015260609,4.219455283,1.1541314749999998,0.19435788399999998
4.650179863,4.650179863,3.244704247,0.180428967,-0.111475877,4.551070057,-0.39855739,1.173223716,7.680241315,-194.2165345,-2369.418642,3.315572067,0.031807009,0.030152193,4.435537068,1.3063658099999995,0.07086782000000014
4.700269937,4.700269937,2.692055464,0.10106805,-0.085121557,4.353806194,-0.322427972,1.251117298,7.367270015,-195.6724681,-2146.608174,2.866149663,0.031035142,0.048993099,4.675214551,1.6617507299999996,0.17409419899999978
4.750309944,4.750309944,2.430206299,0.042218778,-0.06660381,4.077519036,-0.251148773,1.314026953,6.796750943,-196.9620996,-1935.575288,2.367499046,0.03048906,0.069262792,4.366544644,1.647312737,0.06270725300000013
4.800019979,4.800019979,2.120497942,0.03850539,-0.063532673,3.730477599,-0.186996482,1.36302458,5.987300782,-198.0065813,-1745.23158,1.833582343,0.029279035,0.091096537,3.86680284,1.6099796569999998,0.2869155990000001
4.850430011,4.850430011,1.7381078,0.076628536,-0.052517693,3.317212379,-0.129902094,1.401377728,4.94306733,-198.7826194,-1579.387887,1.269609823,0.027184392,0.113482167,3.20495953,1.5791045789999998,0.4684979770000002
4.900749921,4.900749921,0.873407245,0.032231968,-0.009775165,2.84045682,-0.081989517,1.43042998,3.688482986,-199.268282,-1448.15105,0.672402428,0.025219487,0.133213433,2.815075741,1.9670495749999999,0.20100481699999995
4.949889898,4.949889898,0.582281649,0.017542392,0.020869823,2.322785551,-0.044667734,1.452476364,2.281215263,-199.4979564,-1359.307559,0.062759187,0.021952224,0.15313881,1.698933614,1.740503902,0.5195224620000001
5.000249862,5.000249862,0.283210725,0.014135987,0.028920924,1.75711232,-0.016334507,1.471746571,0.685668534,-199.5608877,-1313.872398,-0.55410456,0.017619913,0.172717144,0.40245780900000006,1.473901595,0.837315285
5.04993987,5.04993987,-0.143881157,0.016044829,0.050028425,1.170909468,0.001564912,1.489167393,-1.013611682,-199.5676032,-1318.513268,-1.171195908,0.012420254,0.191586491,0.869730525,1.314790625,1.027314751
5.100009918,5.100009918,-0.69771868,-0.03583581,0.077269241,0.562262729,0.009487133,1.506526455,-2.821128795,-199.6678947,-1376.26657,-1.779002845,0.00672708,0.209883718,2.123410115,1.2599814089999999,1.081284165
5.149849891,5.149849891,-1.263618946,-0.005540254,0.075323172,-0.051930693,0.00727922,1.524262044,-4.682278387,-200.0326631,-1489.15478,-2.366362363,0.000301068,0.227746417,3.418659441,1.211688253,1.102743417
5.200379848,5.200379848,-2.346656084,-0.022973154,0.036416255,-0.660905673,-0.005001106,1.543605756,-6.586601422,-200.8596946,-1661.747783,-2.906466983,-0.00824222,0.248654354,4.239945338,1.6857504110000001,0.5598108989999999
5.249830007,5.249830007,-3.135005474,-0.003066668,-0.104663059,-1.220013436,-0.026427185,1.56370846,-8.415621462,-202.2888464,-1887.962963,-3.388362729,-0.019312412,0.271169404,5.280615988000001,1.9149920380000003,0.2533572549999996
5.30031991,5.30031991,-3.607507467,0.000240655,-0.217013821,-1.74474635,-0.057613223,1.584100061,-10.20844953,-204.5346647,-2177.3761,-3.802355229,-0.03269004,0.293717893,6.600942063,1.862761117,0.19484776199999976
5.350069999,5.350069999,-4.112535954,0.016111951,-0.228331491,-2.201760971,-0.096708673,1.60290245,-11.85603206,-207.6382288,-2519.742543,-4.133174403,-0.048019064,0.31576772,7.743496106,1.910774983,0.02063844899999978
5.40015006,5.40015006,-4.535822868,0.020871421,-0.125382006,-2.58597213,-0.142958171,1.619280605,-13.34849453,-211.7134987,-2920.351702,-4.366529264,-0.0641858,0.336756102,8.812671662,1.9498507380000003,0.16929360399999993
5.45002985,5.45002985,-4.67874527,0.053405318,0.0860167,-2.864031705,-0.193962591,1.63089437,-14.60307573,-216.7072658,-3372.617547,-4.457018202,-0.082055402,0.358340458,9.92433046,1.8147135650000004,0.22172706799999986
5.500230073,5.500230073,-4.283750534,0.029153517,0.302065134,-2.987227765,-0.247893669,1.632676388,-15.52513198,-222.5486256,-3875.850985,-4.379071206,-0.10065588,0.377693343,11.241381445999998,1.296522769,0.09532067199999972
5.549829959,5.549829959,-4.074944496,0.012912657,0.362628073,-2.990326812,-0.301303527,1.625602477,-16.13325633,-228.9099576,-4412.431422,-4.242578401,-0.11531306,0.385737546,12.058311833999998,1.0846176839999995,0.16763390500000064
5.600039959,5.600039959,-3.516025066,-0.023977535,0.088572048,-2.898430202,-0.354191658,1.610997785,-16.46832302,-235.7436783,-4988.390641,-4.006161835,-0.128119917,0.385250056,12.952297953999999,0.617594864,0.49013676900000025
5.650029897,5.650029897,-2.854855299,0.074596122,-0.012564687,-2.708345918,-0.404209584,1.587865531,-16.50292126,-242.6980833,-5585.379645,-3.711092937,-0.136838668,0.375299134,13.648065961,0.146509381,0.8562376380000001
5.699970006,5.699970006,-2.620449543,0.001042338,-0.091304056,-2.442173318,-0.450185052,1.559139198,-16.27444358,-249.5640486,-6195.408978,-3.359531299,-0.141736556,0.358143121,13.653994037,0.17827622499999984,0.739081756
5.750769853,5.750769853,-2.208784342,-0.003699963,0.054081604,-2.100084596,-0.492058808,1.525243549,-15.78381553,-256.2453402,-6819.041553,-2.951944706,-0.143497744,0.335638264,13.575031188,0.1086997460000001,0.743160364
5.799969911,5.799969911,-1.921004653,-0.069198087,0.02169239,-1.696110086,-0.527285565,1.486517031,-15.04376061,-262.2316092,-7414.507526,-2.467059777,-0.142088105,0.308029156,13.122755956999999,0.224894567,0.5460551239999998
5.849900007,5.849900007,-1.634210229,-0.059157655,0.026059916,-1.222634905,-0.556852744,1.443044153,-14.04395999,-267.6386458,-7997.098632,-1.939445654,-0.138433655,0.276683515,12.409749760999999,0.41157532399999996,0.305235425
5.899879932,5.899879932,-1.273136377,-0.077296831,0.005956741,-0.700943057,-0.579460593,1.40013506,-12.83896776,-272.2628422,-8546.271397,-1.372348322,-0.133204708,0.243573647,11.565831382999999,0.5721933199999999,0.09921194499999997
5.950099945,5.950099945,-1.012069345,-0.090540975,0.004955383,-0.135246108,-0.594312598,1.359531311,-11.44169742,-276.0546471,-9052.422253,-0.771516378,-0.126700248,0.209857913,10.429628075,0.876823237,0.24055296700000006
6.00007987,6.00007987,-0.588360548,-0.084179655,-0.036747765,0.461206203,-0.600250562,1.323991975,-9.89084007,-278.9692483,-9500.383766,-0.144401365,-0.118948742,0.176269784,9.302479521999999,1.049566751,0.44395918300000003
6.050070047,6.050070047,-0.244709894,-0.101552926,-0.078456104,1.083099597,-0.59617193,1.295832393,-8.208811363,-281.0697332,-9883.928001,0.496801666,-0.110471469,0.143689699,7.964101469000001,1.327809491,0.74151156
6.100260019,6.100260019,0.244469211,-0.118699677,-0.131306052,1.724625573,-0.580878318,1.277133234,-6.420802881,-282.4500742,-10197.07245,1.139555245,-0.101549333,0.112860447,6.665272092,1.480156362,0.895086034
6.149859905,6.149859905,1.748613238,-0.069887996,-0.14751865,2.366507862,-0.552805354,1.270925107,-4.598932016,-283.2264409,-10430.94167,1.759870977,-0.090900584,0.086441084,6.347545254,0.6178946240000003,0.011257739000000155
6.200269937,6.200269937,2.487268209,-0.032527797,-0.083831109,3.016146208,-0.509992332,1.278469545,-2.736997182,-283.5800035,-10589.39406,2.34323808,-0.081738683,0.064297542,5.224265390999999,0.5288779990000001,0.1440301289999999
6.249949932,6.249949932,3.136526346,-0.017517854,-0.018464079,3.642786297,-0.453856654,1.298197462,-0.931942948,-283.6718272,-10667.37361,2.868828469,-0.074354329,0.046647135,4.068469294,0.5062599509999997,0.26769787700000025
6.299999952,6.299999952,3.668920994,0.040195283,0.044929393,4.248042981,-0.383319105,1.32768849,0.811562236,-283.6783779,-10669.60102,3.315858382,-0.068978784,0.033590062,2.857358758,0.5791219870000002,0.353062612
6.350219965,6.350219965,4.221165657,0.056086,0.0242972,4.803395719,-0.299562192,1.364652003,2.412509654,-283.7518214,-10599.4487,3.639258955,-0.065598818,0.025043914,1.8086560030000003,0.5822300619999998,0.5819067020000004
6.399960041,6.399960041,4.423543453,-0.005021716,0.005934418,5.2862744,-0.205807832,1.401634903,3.808209914,-284.0041505,-10465.95267,3.851184452,-0.062994801,0.021664472,0.6153335389999999,0.8627309470000002,0.5723590009999997
6.449939966,6.449939966,4.705673218,0.085534655,-0.008095847,5.664129942,-0.103943903,1.434203775,4.937892547,-284.5013713,-10276.82002,3.870253456,-0.058767335,0.019417888,0.23221932899999942,0.9584567239999995,0.8354197620000003
6.499929904,6.499929904,4.651152611,0.113595918,0.02097276,5.90228627,0.000908311,1.455795265,5.736794666,-285.2363287,-10045.93237,3.765299995,-0.053742318,0.022092252,1.085642055,1.2511336590000006,0.8858526159999998
6.550220012,6.550220012,4.507562637,0.128218472,0.03246757,6.032204401,0.10498338,1.45740082,6.259387094,-286.167784,-9784.302876,3.566590466,-0.048138437,0.030130185,1.7518244569999997,1.524641764,0.9409721710000003
6.600319862,6.600319862,4.030206203,-0.491430551,0.609548807,6.051418715,0.203540906,1.436959209,6.497324245,-287.2161399,-9506.231742,3.285243579,-0.040425764,0.042873535,2.467118042,2.021212512,0.7449626239999998
6.649999856,6.649999856,3.435118437,-0.572708666,0.65970552,5.965459352,0.295376708,1.39583917,6.459249476,-288.2878485,-9225.206455,2.940345557,-0.0245409,0.061937028,3.0241310390000002,2.530340915,0.49477287999999975
6.700160026,6.700160026,3.177051544,-0.383835584,0.563002348,5.775754668,0.381673022,1.336249522,6.150284186,-289.3133732,-8947.994737,2.530705557,-0.001891881,0.084940714,2.9732326420000006,2.5987031240000005,0.6463459869999997
6.749929904,6.749929904,2.583385468,-0.153556779,0.48983264,5.469991288,0.4600745,1.263856498,5.561046268,-290.1922946,-8691.598045,2.055907835,0.028892202,0.108656546,2.9776608,2.88660582,0.5274776329999997
6.799949884,6.799949884,2.146305561,-0.086367242,0.468709886,5.065807022,0.53012866,1.183704595,4.716223144,-290.8730203,-8464.93607,1.557719923,0.056754211,0.136035615,2.5699175829999996,2.9195014610000003,0.5885856380000001
6.85017991,6.85017991,1.528125286,-0.027096288,0.480227411,4.587652764,0.591400607,1.102483836,3.647799169,-291.3277876,-8279.214523,1.035664566,0.085057971,0.164678357,2.119673883,3.0595274780000006,0.4924607200000002
6.900049924,6.900049924,1.155164599,-0.019712754,0.469135731,4.05117961,0.644667771,1.026658364,2.386565869,-291.5653194,-8145.911691,0.497799681,0.110417769,0.194160423,1.23140127,2.8960150110000002,0.6573649179999999
6.94998002,6.94998002,0.8221457,-0.005379321,0.455928683,3.468534109,0.691319259,0.960425024,0.947970734,-291.641747,-8071.894753,-0.054561941,0.133290352,0.22301836,0.125825034,2.646388409,0.876707641
6.999989986,6.999989986,0.516904116,-0.003749133,0.49437362,2.849621997,0.732488581,0.906800557,-0.645729934,-291.6478307,-8064.715299,-0.618190548,0.154054037,0.250293635,1.1626340499999999,2.3327178809999998,1.135094664
7.049849987,7.049849987,-0.450803339,0.065930933,0.5450719,2.210580958,0.770598653,0.867850579,-2.360006716,-291.7108535,-8130.40391,-1.184567389,0.178418736,0.277175688,1.9092033769999999,2.661384297,0.7337640499999999
7.09995985,7.09995985,-0.971359432,0.052744914,0.558119416,1.560120532,0.806689266,0.844116269,-4.178363128,-291.9902054,-8274.690063,-1.746721009,0.199425977,0.303054247,3.207003696,2.531479964,0.7753615770000001
7.149909973,7.149909973,-1.674446225,0.118061237,0.587039828,0.916700991,0.83922631,0.835850881,-6.052280391,-292.6639564,-8500.392015,-2.293794171,0.217927864,0.328436199,4.3778341659999995,2.591147216,0.619347946
7.200000047,7.200000047,-2.305884838,0.138690501,0.627580464,0.289412035,0.86850749,0.841868273,-7.956665799,-293.9261097,-8811.533691,-2.812760783,0.234353694,0.353879438,5.650780961,2.5952968729999997,0.506875945
7.250259876,7.250259876,-2.710156918,0.232445911,0.418490231,-0.30219222,0.894423773,0.860728212,-9.847350271,-295.9687501,-9210.725666,-3.283200581,0.248744762,0.381034806,7.137193353,2.407964698,0.573043663
7.299870014,7.299870014,-2.732694626,0.359536678,-0.134875149,-0.840140593,0.915062617,0.889251078,-11.65405776,-298.9062184,-9690.675172,-3.70168373,0.256816733,0.406919556,8.921363134,1.8925540329999997,0.9689891040000003
7.350039959,7.350039959,-3.786532164,0.291492403,0.220242247,-1.309343151,0.928640865,0.925347363,-13.35564721,-302.9269085,-10262.17522,-4.016675906,0.255323914,0.436016467,9.569115046,2.4771890130000003,0.23014374199999965
7.40019989,7.40019989,-4.165466309,0.213009372,0.377569586,-1.67324408,0.93560094,0.964557218,-14.8599445,-308.0404719,-10916.59586,-4.234565556,0.251072708,0.464178272,10.694478190999998,2.4922222290000002,0.06909924699999959
7.450010061,7.450010061,-4.413784027,0.214727566,0.470787495,-1.940138364,0.93741126,1.003556574,-16.14128688,-314.1684914,-11643.77488,-4.359706671,0.245445209,0.488582575,11.727502852999999,2.473645663,0.05407735600000052
7.500149965,7.500149965,-4.54350996,0.217639357,0.502491474,-2.108305025,0.935025725,1.040502258,-17.18362711,-321.2961158,-12447.49047,-4.385365641,0.23864141,0.508255163,12.64011715,2.435204935,0.1581443189999998
7.54993987,7.54993987,-4.681021214,0.183545381,0.423453987,-2.173180421,0.929773503,1.073135351,-17.9472456,-329.1611405,-13308.7528,-4.30853213,0.230880999,0.522171138,13.266224385999998,2.507840793,0.3724890840000006
7.600229978,7.600229978,-4.588486195,0.123122282,0.381240129,-2.116135089,0.922957066,1.098502806,-18.39013906,-337.6644926,-14231.50188,-4.097009771,0.221020661,0.530329769,13.801652865,2.4723511059999996,0.491476424
7.650179863,7.650179863,-4.280565739,0.13127315,0.372953266,-1.939032629,0.916657159,1.113806252,-18.48579692,-346.3586459,-15185.4278,-3.788895985,0.211345801,0.528788471,14.205231180999998,2.3415331100000003,0.4916697540000001
7.70020008,7.70020008,-3.814817429,0.146762833,0.375179112,-1.660592365,0.912397333,1.118839994,-18.25694951,-355.0026679,-16161.42595,-3.391731561,0.201165357,0.516346859,14.442132080999999,2.1542250640000002,0.42308586800000025
7.750289917,7.750289917,-3.236126423,0.147699967,0.314898849,-1.293981587,0.911268239,1.112158885,-17.71572179,-363.2980228,-17141.31187,-2.931582322,0.191394797,0.492450659,14.479595367,1.942144836,0.30454410099999984
7.800369973,7.800369973,-2.783854008,0.134476557,0.310440242,-0.863666937,0.914695622,1.095422995,-16.90999071,-370.9802021,-18105.13984,-2.435575558,0.183417472,0.459888178,14.126136701999998,1.920187071,0.34827845
7.850250003,7.850250003,-2.341275454,0.119789854,0.303013355,-0.385533797,0.923465506,1.069324273,-15.87789538,-377.8414804,-19032.14591,-1.906379898,0.176620993,0.421590854,13.536619926,1.955741657,0.43489555599999985
7.900099993,7.900099993,-1.922016382,0.10635791,0.297779918,0.133773653,0.937537592,1.032250027,-14.63779898,-383.781904,-19909.09865,-1.347401876,0.170761639,0.379884447,12.715782597999999,2.0557900350000002,0.5746145060000001
7.949949983,7.949949983,-1.447278976,0.09667208,0.287609726,0.686113172,0.956442469,0.982062898,-13.21293557,-388.7312971,-20720.88338,-0.761894186,0.165114549,0.336101333,11.765656594000001,2.133392148,0.68538479
7.999870063,7.999870063,-0.651864886,0.105343036,0.228010908,1.262887973,0.978661623,0.915483516,-11.62568927,-392.6750207,-21454.19327,-0.156173426,0.158280016,0.290887549,10.973824384,1.914752859,0.49569146000000003
8.049969913,8.049969913,-0.152391925,0.143501163,0.206293166,1.856868892,1.003067783,0.830023996,-9.903617576,-395.6501729,-22097.66261,0.459508918,0.152173884,0.247337203,9.751225651,2.009260817,0.611900843
8.099819903,8.099819903,0.5335235,0.150137395,0.174737737,2.455519348,1.027922798,0.72424353,-8.094333069,-397.7210383,-22636.25638,1.075682368,0.145585963,0.206786636,8.627856568999999,1.9219958480000001,0.542158868
8.149829863,8.149829863,1.196196675,0.15380615,0.167722359,3.053514868,1.050640124,0.594264995,-6.21532808,-399.0368987,-23067.5917,1.67986909,0.138650952,0.170294629,7.411524755,1.8573181930000002,0.483672415
8.199970003,8.199970003,1.864437461,0.124179691,0.166092232,3.638922436,1.068045211,0.437946952,-4.303524089,-399.7529514,-23386.16596,2.256921016,0.130938095,0.138597398,6.167961549999999,1.774484975,0.3924835550000001
8.249860043,8.249860043,2.471565008,0.124638736,0.141973302,4.192873804,1.076543743,0.255173733,-2.408907376,-400.0470597,-23588.52339,2.789149744,0.122185845,0.112276622,4.880472384,1.7213087960000006,0.31758473600000015
8.300019983,8.300019983,3.744803429,0.144097015,0.122956648,4.700502767,1.072056441,0.050138151,-0.583042174,-400.1106297,-23678.62497,3.220711577,0.10798192,0.094578815,4.327845603,0.9556993379999996,0.5240918520000002
8.349859953,8.349859953,4.31667614,0.135777816,0.060015462,5.125368703,1.052285214,-0.168258255,1.086017008,-400.1182973,-23662.75736,3.557320096,0.094407162,0.083817808,3.2306591320000004,0.8086925630000001,0.759356044
8.399859903,8.399859903,4.549198627,0.177982688,-0.011484389,5.460856346,1.016709669,-0.398332478,2.601831446,-400.2114705,-23550.23527,3.780652205,0.081957944,0.079141629,1.9473671810000002,0.9116577189999999,0.768546422
8.449830053,8.449830053,4.802031517,0.184569135,-0.07963229,5.677535253,0.965659759,-0.627074208,3.890908588,-400.4874284,-23352.53741,3.861656809,0.070660108,0.079819255,0.9111229289999998,0.8755037360000006,0.9403747079999998
8.500210043,8.500210043,4.824892044,0.216796085,-0.133245513,5.762054669,0.900868768,-0.844856228,4.921718286,-400.9941691,-23082.14502,3.814260862,0.060787833,0.086381012,0.09682624199999967,0.937162625,1.0106311820000005
8.550179953,8.550179953,4.764815331,0.221318588,-0.144676253,5.722072519,0.827048129,-1.040079351,5.675081172,-401.7179774,-22759.35496,3.64128158,0.052557175,0.098248168,0.9102658409999993,0.9572571879999998,1.1235337510000005
8.599889993,8.599889993,4.516201019,0.222906187,-0.162653014,5.521393461,0.747952412,-1.202941442,6.071682199,-402.6038938,-22402.22343,3.282127913,0.047110363,0.109108186,1.5554811799999992,1.0051924419999994,1.2340731060000003
8.649930003,8.649930003,4.117208481,0.249977782,-0.183524996,5.162847302,0.667649505,-1.330800319,6.104112228,-403.5587451,-22029.3033,2.830857051,0.042563269,0.124896,1.9869037470000004,1.0456388210000007,1.2863514299999994
8.700249913,8.700249913,3.690994978,0.24242267,-0.172086701,4.708549285,0.590546915,-1.426483885,5.845291016,-404.4831061,-21660.52837,2.323345952,0.038504852,0.14605621,2.154296038,1.0175543070000002,1.367649026
8.749850033,8.749850033,3.224509239,0.21807833,-0.163053423,4.189539099,0.52063221,-1.492397128,5.319393991,-405.2789546,-21320.17616,1.773313058,0.034639426,0.171015438,2.094884752,0.96502986,1.451196181
8.800240043,8.800240043,2.775323868,0.189473912,-0.178935021,3.60880998,0.457428542,-1.535420191,4.528443731,-405.9091989,-21014.57018,1.192287459,0.030568323,0.198278926,1.7531198630000002,0.8334861120000001,1.583036409
8.849920033,8.849920033,2.214800358,0.17011413,-0.204009101,2.99739608,0.403618682,-1.559306709,3.513292444,-406.3252925,-20768.07748,0.585405485,0.025798432,0.225409722,1.298492086,0.7825957219999999,1.6293948730000003
8.900229933,8.900229933,1.386791229,0.147461206,-0.17562069,2.347612652,0.357767504,-1.569714583,2.264537796,-406.5455615,-20588.36369,-0.039953709,0.019614466,0.250262969,0.877746567,0.9608214230000001,1.426744938
8.949980023,8.949980023,1.053364158,0.119776316,-0.184166491,1.692572918,0.321240327,-1.570123856,0.842333726,-406.6122567,-20492.47373,-0.667885532,0.012211669,0.273859207,0.21103043199999993,0.63920876,1.72124969
9.000220063,9.000220063,0.458347857,0.092758246,-0.182537749,1.034530979,0.293293204,-1.56326547,-0.75167009,-406.6177757,-20488.93242,-1.292648673,0.003033654,0.295284624,1.2100179469999999,0.5761831219999999,1.75099653
9.049959893,9.049959893,0.008966772,0.06393566,-0.21167545,0.396850688,0.274211924,-1.551264035,-2.456696162,-406.6885227,-20586.48891,-1.906464965,-0.007441157,0.31477857,2.465662934,0.387883916,1.915431737
9.099959853,9.099959853,-0.575242996,0.056031357,-0.218758032,-0.220023701,0.263381468,-1.535125082,-4.266702698,-406.982811,-20792.8691,-2.502411038,-0.019378578,0.332100403,3.6914597019999995,0.35521929499999993,1.927168042
9.149889943,9.149889943,-1.215087533,0.060350478,-0.245680034,-0.803648586,0.260277509,-1.51577353,-6.137119412,-407.6789804,-21112.56014,-3.071403889,-0.032894772,0.347379333,4.9220318789999995,0.41143894699999994,1.856316356
9.200279953,9.200279953,-1.925888777,0.107625969,-0.128270775,-1.347399161,0.2640861,-1.493152113,-8.049722794,-408.9811202,-21553.89369,-3.597185796,-0.048801526,0.362345243,6.123834016999999,0.5784896159999999,1.6712970190000003
9.249959943,9.249959943,-2.732606173,0.118363902,0.114400186,-1.81743241,0.274080323,-1.467634252,-9.908659523,-411.0353094,-22107.23161,-4.057678995,-0.065726845,0.379386586,7.17605335,0.9151737630000001,1.3250728219999997
9.299849983,9.299849983,-2.921237469,0.246642336,0.160084277,-2.216434135,0.289615325,-1.439844101,-11.70585369,-414.0206442,-22780.22719,-4.45331771,-0.081573152,0.395813907,8.784616221,0.7048033339999997,1.5320802410000005
9.349910023,9.349910023,-3.358667374,0.167010486,0.346078306,-2.538322824,0.309660071,-1.410841452,-13.39846784,-418.0607213,-23571.4499,-4.762588045,-0.096383865,0.412748477,10.039800466,0.8203445499999997,1.4039206710000003
9.400290013,9.400290013,-3.529917955,0.115488105,0.435671866,-2.774262638,0.333062389,-1.381464197,-14.94578886,-423.2417783,-24480.51456,-4.983708502,-0.109518708,0.428346755,11.415870905,0.755655317,1.4537905469999997
9.449859853,9.449859853,-3.967065811,0.130682975,0.351000577,-2.917571006,0.35778342,-1.353289281,-16.27943442,-429.4275906,-25479.3168,-5.105238134,-0.121440532,0.442222259,12.312368609000002,1.0494948049999997,1.1381723230000005
9.500329973,9.500329973,-4.180655956,0.096971981,0.31638062,-2.973740696,0.38323771,-1.326038933,-17.41665544,-436.7614567,-26594.22909,-5.118042914,-0.132525679,0.453691882,13.235999484,1.2069152599999997,0.9373869580000003
9.550199983,9.550199983,-4.441205025,0.037262786,0.261246264,-2.889173609,0.40722701,-1.3050727,-18.21210384,-444.8729798,-27780.71325,-4.933550427,-0.146046573,0.466607683,13.770898815,1.5520314160000002,0.49234540199999977
9.599969863,9.599969863,-4.397527695,0.049326818,0.245051563,-2.671423305,0.428433909,-1.292501677,-18.64904091,-453.5265285,-29028.35997,-4.658789089,-0.156884698,0.470010269,14.251513215,1.7261043900000002,0.2612613939999999
9.649810073,9.649810073,-4.204802036,0.024207789,0.24044995,-2.377910671,0.446090592,-1.284754404,-18.8027192,-462.472256,-30322.71619,-4.300652255,-0.165528315,0.464090557,14.597917163999998,1.8268913650000003,0.0958502189999999
9.700249913,9.700249913,-3.798329592,-0.011953756,0.249590203,-1.996107115,0.459519958,-1.285174638,-18.63375676,-471.5213004,-31658.09697,-3.84409387,-0.172545982,0.448986852,14.835427168,1.802222477,0.04576427800000005
9.749870063,9.749870063,-3.401742935,-0.029391145,0.248460501,-1.555308197,0.467669588,-1.294059871,-18.16433958,-480.1180767,-32973.45006,-3.333442114,-0.176788687,0.424104646,14.762596645,1.8464347380000001,0.06830082100000023
9.800260063,9.800260063,-2.980018139,-0.034074564,0.263370395,-1.068476175,0.470434017,-1.309518743,-17.42710864,-488.2852626,-34288.15156,-2.776568944,-0.179031373,0.391486831,14.447090501,1.9115419639999998,0.2034491949999997
9.849959853,9.849959853,-2.035793066,-0.091508128,0.244628876,-0.552915488,0.466515738,-1.334526989,-16.43617594,-495.5799678,-35541.73835,-2.162362494,-0.180548626,0.3506944,14.400382873999998,1.482877578,0.12656942799999982
9.899970053,9.899970053,-1.701763153,-0.116567418,0.252407283,-0.015131212,0.455226559,-1.369124575,-15.20732073,-501.9873349,-36736.56947,-1.526339673,-0.180456467,0.305142927,13.505557577,1.686631941,0.17542347999999985
9.949850083,9.949850083,-1.316349983,-0.140643179,0.227155671,0.525818085,0.436536077,-1.410205888,-13.79888695,-507.3582624,-37841.82601,-0.871969857,-0.179700625,0.257582017,12.482536967,1.842168068,0.4443801260000001
9.999949933,9.999949933,-0.9921211,-0.149431854,0.242678151,1.06628995,0.409602142,-1.458444926,-12.2237139,-511.7014941,-38847.28671,-0.2052172,-0.178636389,0.209780834,11.2315928,2.05841105,0.7869039
10.04987001,10.04987001,-0.504154027,-0.164921597,0.193823129,1.594408756,0.374208211,-1.512662613,-10.52425562,-515.0100164,-39729.55947,0.465874127,-0.177443186,0.163108101,10.020101593,2.098562783,0.970028154
10.09995985,10.09995985,0.076254465,-0.185489684,0.14385657,2.106513085,0.329789319,-1.572079265,-8.719188333,-517.387658,-40482.49697,1.131167227,-0.176560178,0.118619745,8.795442798,2.03025862,1.0549127619999998
10.1502099,10.1502099,1.269883513,-0.207173914,0.00841469,2.595855248,0.276362446,-1.633736816,-6.846295783,-518.9503213,-41095.62542,1.774992033,-0.176134095,0.078537493,8.116179296,1.325971735,0.5051085200000001
10.19990992,10.19990992,1.954333305,-0.187634155,-0.046883576,3.04900703,0.215537684,-1.693362281,-4.971579103,-519.8437421,-41556.95211,2.383922903,-0.175203707,0.043737191,6.925912408,1.0946737249999998,0.4295895980000002
10.24978995,10.24978995,2.676698923,-0.159478486,-0.124034524,3.464523834,0.147707164,-1.748003759,-3.109839479,-520.2660883,-41873.64643,2.936748597,-0.173645725,0.015455814,5.786538402,0.787824911,0.2600496739999998
10.29994988,10.29994988,3.151859522,-0.136293828,-0.101886958,3.833020318,0.074005914,-1.79350132,-1.302451556,-520.3969042,-42047.22377,3.417620749,-0.171830072,-0.006298715,4.454311078,0.6811607959999999,0.26576122700000004
10.34985995,10.34985995,3.685756922,-0.097699806,0.007880507,4.140506477,-0.003355669,-1.825485881,0.387138581,-520.4080531,-42082.30907,3.807325296,-0.170344676,-0.0215899,3.298618341,0.4547495549999998,0.1215683740000002
10.40031004,10.40031004,4.055035591,-0.075139426,0.139324233,4.385373884,-0.083856409,-1.841672903,1.949655485,-520.4493355,-41988.40239,4.087784701,-0.16978273,-0.030647274,2.105380106,0.3303382929999996,0.03274911000000014
10.44995999,10.44995999,4.527797699,0.08569479,0.328270584,4.51318923,-0.163807098,-1.832501257,3.215683425,-520.6258504,-41784.1467,4.151044698,-0.17039163,-0.036349172,1.3121142739999998,0.01460846899999968,0.376753001
10.50035,10.50035,4.526157379,0.113451332,0.381603688,4.510809426,-0.242880658,-1.797825732,4.170063427,-520.9827362,-41489.35517,4.096865832,-0.171049437,-0.034351018,0.35609395200000016,0.015347953000000025,0.42929154700000005
10.55001998,10.55001998,4.447124958,0.157417431,0.371780634,4.424703698,-0.316548325,-1.747160299,4.851980867,-521.5051393,-41134.31923,3.928013364,-0.170664594,-0.026534676,0.4048559090000001,0.022421259999999776,0.519111594
10.59996986,10.59996986,4.33196497,0.160945982,0.330469936,4.23702801,-0.385229845,-1.681680555,5.229983636,-522.1603023,-40734.86569,3.636517121,-0.168142115,-0.015036554,0.8980186660000005,0.09493695999999918,0.6954478489999998
10.64999985,10.64999985,4.111427307,0.166086867,0.291583478,3.956061151,-0.447762993,-1.606827341,5.299305229,-522.8748217,-40316.73046,3.256186358,-0.164136435,0.001350318,1.1878779220000002,0.15536615599999948,0.8552409489999997
10.70073986,10.70073986,3.80731535,0.145195231,0.23561728,3.596845187,-0.504649657,-1.527422118,5.078073271,-523.5788125,-39898.21103,2.801407611,-0.158703729,0.021668344,1.270757921,0.2104701630000001,1.005907739
10.75006985,10.75006985,3.209872246,0.124079339,0.21268189,3.172445775,-0.55390114,-1.451365913,4.573613715,-524.171808,-39519.14498,2.269469527,-0.150512187,0.042593678,1.3637414689999994,0.037426471000000294,0.9404027190000002
10.80000996,10.80000996,2.482560873,0.106232777,0.189454406,2.667480415,-0.597816502,-1.380474798,3.776090622,-524.6222855,-39186.7377,1.685382864,-0.13988734,0.063845844,1.2935297489999997,0.18491954199999983,0.7971780090000002
10.85000991,10.85000991,2.021558523,0.080934986,0.157960653,2.11789266,-0.636169946,-1.319311195,2.73693423,-524.8982764,-38926.91375,1.085950764,-0.130498964,0.088137346,0.7153757070000002,0.09633413699999993,0.935607759
10.90060997,10.90060997,1.638865709,0.074520014,0.154665962,1.540916974,-0.669708433,-1.268585589,1.478588707,-525.0182442,-38756.27765,0.476243781,-0.122303382,0.113771369,0.16027700200000017,0.09794873500000012,1.162621928
10.95044994,10.95044994,1.24616468,0.014559187,0.132744834,0.956733701,-0.697399416,-1.230203961,0.055487167,-525.0380759,-38694.44565,-0.140637785,-0.114890561,0.138831094,1.190677513,0.2894309789999999,1.386802465
11.00049996,11.00049996,0.82804352,0.0914924,0.10872262,0.363555204,-0.719521326,-1.202772266,-1.531426226,-525.0569118,-38752.14642,-0.757057534,-0.109106343,0.162651372,2.3594697460000003,0.464488316,1.585101054
11.05025005,11.05025005,0.167658195,0.013146551,0.087741785,-0.223444018,-0.735209496,-1.185343704,-3.236867257,-525.2062901,-38939.75622,-1.367513899,-0.104361243,0.18434772,3.404525452,0.39110221300000003,1.535172094
11.10056996,11.10056996,-0.98017174,-0.006742776,0.032546382,-0.802062769,-0.743860078,-1.175517589,-5.058655055,-525.6539535,-39270.86397,-1.960210818,-0.102005291,0.205023811,4.078483315,0.178108971,0.980039078
11.15001988,11.15001988,-1.54872179,-0.008438532,0.029095277,-1.342618905,-0.744828349,-1.170924384,-6.908588999,-526.5639166,-39741.32495,-2.526517682,-0.102222697,0.224450929,5.359867209,0.20610288500000018,0.977795892
11.20000004,11.20000004,-2.33506608,0.02661128,-0.029672725,-1.850325089,-0.737917577,-1.169199831,-8.802047075,-528.1458528,-40367.3892,-3.054495003,-0.105061764,0.242948681,6.466980995000001,0.4847409909999998,0.7194289230000002
11.25048995,11.25048995,-3.021144629,0.03883177,-0.085637175,-2.311958984,-0.722954164,-1.168469905,-10.69780008,-530.6054319,-41155.66674,-3.530026987,-0.110736747,0.260854275,7.676655451,0.7091856450000003,0.5088823579999997
11.29999995,11.29999995,-3.752284288,0.088474482,-0.093171343,-2.694148033,-0.701286091,-1.167212441,-12.48764751,-534.013715,-42080.17442,-3.928976877,-0.120384999,0.279687013,8.735363222,1.058136255,0.1766925890000004
11.35029006,11.35029006,-4.196000099,0.09214846,-0.027164942,-3.001371536,-0.673495138,-1.165098948,-14.19067679,-538.5957698,-43168.97209,-4.244017877,-0.132184617,0.297917788,9.994676690999999,1.1946285629999998,0.04801777800000018
11.40001988,11.40001988,-4.764471531,0.010862265,0.092822105,-3.182500107,-0.641914547,-1.163721185,-15.66876844,-544.2768596,-44386.43344,-4.398884761,-0.148986605,0.321174833,10.904296909,1.5819714239999998,0.36558677000000017
11.45026993,11.45026993,-4.899422169,0.067370057,0.134445086,-3.219102135,-0.608475713,-1.166467089,-16.8764684,-551.091343,-45742.49841,-4.437916569,-0.16517375,0.340697668,11.977046231,1.6803200340000002,0.46150559999999974
11.50051999,11.50051999,-4.860592365,0.007600384,0.160548344,-3.149029436,-0.57575201,-1.173526747,-17.81927422,-558.8335894,-47207.31354,-4.382838146,-0.17963431,0.352987473,12.958681855000002,1.7115629289999994,0.4777542189999995
11.55005002,11.55005002,-4.750132084,-0.017891929,0.16755785,-2.983087959,-0.546010532,-1.185609835,-18.47057089,-567.1812381,-48739.41012,-4.236013604,-0.191936704,0.357398797,13.720438806,1.7670441249999995,0.5141184799999996
11.60029006,11.60029006,-4.632448196,-0.017103648,0.169395089,-2.722792528,-0.519773896,-1.203967134,-18.83281046,-576.1279554,-50361.48529,-4.001952755,-0.201763538,0.353577207,14.200362264,1.9096556680000005,0.6304954410000008
11.65003991,11.65003991,-4.397397041,-0.06112339,0.183606327,-2.38964227,-0.499212051,-1.227673936,-18.90168636,-585.1921652,-52011.84526,-3.687648075,-0.208851898,0.34151441,14.504289319,2.0077547709999997,0.7097489659999998
11.70008993,11.70008993,-3.492129803,-0.446098983,-0.159739479,-1.968676685,-0.482700038,-1.261200941,-18.63244269,-594.2204003,-53689.65105,-3.255761366,-0.204269634,0.322292128,15.140312887,1.5234531180000002,0.23636843699999988
11.75025987,11.75025987,-3.042939663,-0.395489693,-0.140217289,-1.487634972,-0.470291002,-1.302787164,-18.05469211,-602.8587945,-55357.38924,-2.782005783,-0.195483847,0.294692811,15.011752447000001,1.555304691,0.26093388000000006
11.80022001,11.80022001,-2.608955622,-0.342907697,-0.132058799,-0.981915458,-0.464043211,-1.345548288,-17.24036682,-610.8210464,-56977.27934,-2.26743295,-0.18385897,0.261813555,14.631411197999999,1.6270401639999998,0.34152267199999997
11.85037994,11.85037994,-1.982821941,-0.28517279,-0.124339886,-0.454391469,-0.463749636,-1.389980187,-16.18900105,-617.9935008,-58536.91067,-1.71026565,-0.168679841,0.224994727,14.206179109,1.5284304720000002,0.2725562910000001
11.90023994,11.90023994,-1.602105379,-0.289534241,-0.1348124,0.07939423,-0.469582476,-1.433583871,-14.93642949,-624.1742522,-59995.91687,-1.121091277,-0.152560122,0.186373547,13.334324111,1.6814996089999998,0.48101410199999983
11.95046997,11.95046997,-1.232171655,-0.278878331,-0.140973985,0.618852343,-0.481933513,-1.474144199,-13.49442123,-629.3707344,-61350.76028,-0.504048839,-0.135901722,0.147419525,12.262249575,1.851023998,0.728122816
12.00026989,12.00026989,-0.310757846,-0.267073572,-0.21847491,1.147762481,-0.499630486,-1.50999717,-11.90880265,-633.4852822,-62559.81326,0.135444649,-0.116368721,0.108819949,11.598044804,1.458520327,0.446202495
12.05000996,12.05000996,0.190428644,-0.281323522,-0.232610106,1.66496594,-0.522080922,-1.539154568,-10.19811171,-636.5990484,-63616.6108,0.786845251,-0.097669648,0.072401291,10.388540354,1.474537296,0.596416607
12.10002994,12.10002994,0.808822513,-0.270059794,-0.275221527,2.170724529,-0.549119112,-1.558667886,-8.382396525,-638.8131389,-64513.46767,1.439138241,-0.07967879,0.039202951,9.191219038,1.3619020160000002,0.630315728
12.15029001,12.15029001,1.514806271,-0.237898692,-0.323306203,2.659051829,-0.579560768,-1.566121553,-6.494542626,-640.2418861,-65236.91185,2.078117451,-0.062529571,0.010038376,8.009348897,1.144245558,0.5633111799999997
12.20004987,12.20004987,2.403933048,-0.227988154,-0.35179916,3.1187504,-0.611218659,-1.558327604,-4.60104908,-641.0313978,-65771.77773,2.684875496,-0.045790934,-0.013599062,7.004982128,0.7148173520000003,0.28094244800000023
12.24997997,12.24997997,3.062982321,-0.203355178,-0.355189443,3.549460354,-0.642887751,-1.533172765,-2.715711771,-641.3795469,-66125.69591,3.240011873,-0.030213284,-0.031647968,5.778694092,0.48647803300000003,0.17702955200000003
12.29999995,12.29999995,4.013635159,-0.140686944,-0.253383398,3.936248533,-0.672025178,-1.485512016,-0.909843137,-641.4693683,-66300.48558,3.690506534,-0.013985533,-0.040977672,4.923478296,0.07738662599999957,0.32312862499999984
12.35003996,12.35003996,4.51919651,-0.10947644,-0.135227263,4.255366899,-0.696717921,-1.412850819,0.738637734,-641.4752862,-66307.43786,4.027621764,-1.04e-05,-0.043532917,3.7805587760000003,0.26382961100000024,0.4915747460000004
12.40024995,12.40024995,4.711048126,-0.045086708,-0.104916692,4.503288798,-0.716532391,-1.319251904,2.211261493,-641.5369494,-66162.15181,4.247223098,0.012226924,-0.040334815,2.499786633,0.20775932799999985,0.4638250279999996
12.45027995,12.45027995,4.831606388,-0.035613991,-0.071509622,4.670192168,-0.730167141,-1.208339058,3.459148253,-641.7484681,-65884.98484,4.338982737,0.02342322,-0.032089688,1.372458135,0.16141422000000016,0.4926236509999997
12.50004005,12.50004005,4.839302063,-0.019532563,-0.046828672,4.750153169,-0.737089188,-1.084632434,4.448430017,-642.1521364,-65500.90045,4.300117876,0.034015685,-0.01919192,0.39087204600000014,0.08914889400000003,0.539184187
12.55027008,12.55027008,4.689709663,0.027261088,0.012325566,4.726058471,-0.737407518,-0.950253824,5.143379416,-642.7500593,-65030.0756,4.098005285,0.045663011,-0.004329904,0.4536697529999998,0.03634880799999962,0.5917043780000002
12.60009002,12.60009002,4.468276024,0.080983035,0.039585888,4.557578406,-0.732156281,-0.812270933,5.454306303,-643.4732149,-64513.49627,3.726592117,0.059614027,0.009718352,0.9860302790000004,0.08930238200000051,0.7416839069999996
12.65028,12.65028,4.05018425,0.108144887,0.022327248,4.27410407,-0.722957666,-0.678878129,5.430882101,-644.2387145,-63979.34158,3.288584173,0.072079388,0.030090581,1.3806978509999999,0.22391981999999988,0.7616000770000002
12.70032,12.70032,3.558667898,0.099049099,0.035093091,3.91685882,-0.711426108,-0.557645155,5.126947431,-644.9572782,-63462.06781,2.788159609,0.084231516,0.053652531,1.5682795329999997,0.3581909219999999,0.7705082889999999
12.74995994,12.74995994,3.11613059,0.110151909,0.022558179,3.492904931,-0.699131574,-0.451778124,4.555054739,-645.5570118,-62991.11392,2.251659824,0.094895203,0.080802231,1.438924149,0.37677434099999996,0.8644707660000002
12.80002999,12.80002999,2.649442911,0.1161898,0.015660405,3.012981493,-0.687066885,-0.360875262,3.73310413,-646.0016186,-62583.95968,1.687497108,0.103825194,0.109885109,1.0836612190000001,0.3635385819999999,0.9619458029999999
12.85027003,12.85027003,2.184197426,0.126794875,0.002040717,2.486770845,-0.676243557,-0.285841407,2.680648629,-646.2707358,-62267.36638,1.102338991,0.110767945,0.139403072,0.4964512029999999,0.30257341900000023,1.0818584349999998
12.90001988,12.90001988,1.64634192,0.106936023,0.033808526,1.929249137,-0.667269088,-0.226939318,1.433402084,-646.3832019,-62065.76057,0.499715508,0.116248953,0.167557994,0.2129398360000001,0.282907217,1.146626412
12.95024991,12.95024991,0.960606039,0.088953257,0.044133533,1.333769954,-0.659930242,-0.182390254,-0.011833635,-646.4011554,-61994.55481,-0.115748128,0.121000339,0.192711101,0.972439674,0.3731639150000001,1.0763541669999999
13.0,13.0,0.555790246,0.101172179,0.025390835,0.724623202,-0.654091016,-0.151234174,-1.598110197,-646.4224715,-62071.71308,-0.732387836,0.123419224,0.216225579,2.153900443,0.16883295599999992,1.288178082
13.04995989,13.04995989,0.087221719,0.112438962,0.049532209,0.106981048,-0.649107247,-0.130276926,-3.316768181,-646.581613,-62310.83492,-1.344822865,0.123854613,0.237788141,3.4039899,0.019759328999999992,1.432044584
13.10026002,13.10026002,-0.565202475,0.101054467,0.049962852,-0.512374801,-0.644071294,-0.117472637,-5.143969921,-647.0468338,-62726.38014,-1.945691076,0.122553365,0.25749068,4.5787674460000005,0.05282767399999999,1.380488601
13.15006995,13.15006995,-1.089091778,0.107868783,0.146182671,-1.112318778,-0.638059961,-0.110479008,-7.016811241,-647.9931653,-63319.03491,-2.525760224,0.11972709,0.275628748,5.927719463,0.023226999999999887,1.4366684459999999
13.20034003,13.20034003,-1.659419894,0.091972277,0.191978514,-1.696607037,-0.629874442,-0.10720082,-8.937884132,-649.633782,-64105.73023,-3.073627332,0.11627156,0.292826042,7.278464238000001,0.03718714299999992,1.414207438
13.25031995,13.25031995,-3.362622261,0.136875749,0.285369307,-2.22300628,-0.618105045,-0.103922464,-10.82391462,-652.1351614,-65078.2643,-3.547241248,0.110313835,0.316623425,7.461292359,1.139615981,0.18461898700000035
13.29994988,13.29994988,-3.691176891,0.236463666,0.018525938,-2.668117798,-0.602577633,-0.099571776,-12.61460787,-655.6260528,-66229.02668,-3.953025785,0.102815657,0.341304929,8.923430979,1.023059093,0.2618488939999999
13.35004997,13.35004997,-4.223287582,0.23923254,0.055230673,-3.044779684,-0.584254968,-0.094680131,-14.30984573,-660.275422,-67572.0675,-4.277299092,0.092357112,0.365680312,10.086558147999998,1.1785078980000003,0.054011509999999596
13.39993,13.39993,-4.57104969,0.180281937,0.131072089,-3.331691484,-0.564081205,-0.089662257,-15.83565634,-666.0772755,-69081.30228,-4.505921973,0.080288504,0.389144625,11.264606650000001,1.239358206,0.06512771699999931
13.44994998,13.44994998,-4.564281464,0.117251165,-0.072613746,-3.510213094,-0.54265534,-0.086005906,-17.1441576,-673.0421348,-70753.43969,-4.614796406,0.066024159,0.411711401,12.579876136,1.0540683699999995,0.050514942000000396
13.49994993,13.49994993,-4.647315502,0.128622323,-0.102520578,-3.580143468,-0.521128101,-0.085054715,-18.20170229,-681.0360365,-72564.72059,-4.619179981,0.051632863,0.429727737,13.554386788,1.0671720339999995,0.028135520999999386
13.55033993,13.55033993,-4.669146061,0.062553197,-0.030732332,-3.509613441,-0.500417828,-0.091195953,-18.93494425,-689.93856,-74507.75098,-4.445933999,0.034886988,0.445451898,14.265798189000002,1.1595326200000002,0.223212062
13.60009002,13.60009002,-4.454897881,0.035087202,0.015703673,-3.298599721,-0.48169617,-0.1077004,-19.29285672,-699.2432075,-76507.88392,-4.176036191,0.021441221,0.450752434,14.837958838999999,1.15629816,0.2788616900000003
13.65018987,13.65018987,-4.153526783,0.030141462,0.053552784,-2.995393142,-0.464694138,-0.131367894,-19.35174138,-708.8162778,-78571.51181,-3.838571961,0.011495375,0.44512609,15.198214597,1.158133641,0.31495482200000025
13.70008993,13.70008993,-3.783890009,0.008619608,0.063244492,-2.617626913,-0.449824278,-0.161208308,-19.12139117,-718.2661546,-80645.39368,-3.440409916,0.004810469,0.429985987,15.337501160999999,1.1662630959999998,0.3434800929999997
13.74993992,13.74993992,-3.381710052,-0.013165218,0.089124881,-2.176860327,-0.43711268,-0.196368178,-18.61443822,-727.3478428,-82703.82098,-2.988329917,0.001190229,0.406896346,15.232728168000001,1.2048497249999999,0.3933801349999997
13.79996991,13.79996991,-2.836660385,-0.027431605,0.102142438,-1.682442709,-0.426573499,-0.236075566,-17.842006,-735.8554628,-84723.94257,-2.483303582,0.000221986,0.377107994,15.005345615000001,1.154217676,0.35335680300000005
13.85023999,13.85023999,-1.981528521,-0.041002076,0.08444719,-1.143043879,-0.418343518,-0.280810928,-16.80878807,-743.5793094,-86674.6577,-1.927989138,0.001886116,0.340726803,14.827259548999999,0.8384846420000001,0.05353938299999994
13.90007996,13.90007996,-1.609348893,-0.037838541,0.085868753,-0.58218256,-0.4123255,-0.326918957,-15.56657083,-750.2630073,-88498.92583,-1.345219108,0.005138592,0.301220862,13.957221937,1.0271663329999998,0.26412978499999995
13.95025992,13.95025992,-1.050277591,-0.057283059,0.060945023,-0.002370595,-0.408198639,-0.371880331,-14.13218988,-755.927073,-90197.69741,-0.736375484,0.00935802,0.260190853,13.081912289,1.047906996,0.313902107
14.00001001,14.00001001,-0.708824456,-0.046950579,0.049417477,0.579371399,-0.405823254,-0.413727986,-12.55291106,-760.4616702,-91721.11001,-0.109676727,0.014137084,0.219761036,11.844086604,1.2881958550000001,0.599147729
14.05028987,14.05028987,-0.255939364,-0.021234157,0.011876971,1.167620701,-0.404695287,-0.451066093,-10.82892452,-763.9819237,-93077.22158,0.527116875,0.019198114,0.181111678,10.572985156,1.423560065,0.783056239
14.10028004,14.10028004,0.270276546,-0.015275183,-0.025345389,1.745370901,-0.40444356,-0.48208581,-9.01732916,-766.5052615,-94226.03044,1.163643132,0.024250241,0.145119404,9.287605705999999,1.475094355,0.893366586
14.15026998,14.15026998,1.835138559,0.086485676,-0.220605955,2.311403936,-0.404027315,-0.504353796,-7.145130701,-768.180661,-95163.88917,1.78303277,0.029719478,0.114659748,8.98026926,0.47626537700000005,0.05210578900000007
14.20009994,14.20009994,2.576566219,0.066117324,-0.389487237,2.856792044,-0.402363894,-0.515699572,-5.258871083,-769.1667524,-95882.32798,2.369839546,0.035514675,0.089786729,7.835437302,0.28022582500000004,0.20672667299999992
14.25026989,14.25026989,2.965787411,0.03044687,-0.385838181,3.377284421,-0.398375697,-0.515684619,-3.377621499,-769.6511577,-96386.03226,2.904765987,0.042064295,0.070947726,6.34340891,0.41149701000000016,0.06102142399999977
14.30010986,14.30010986,2.134951353,0.473585665,0.974271357,3.855211025,-0.39226708,-0.503051558,-1.574134884,-769.8130911,-96672.41225,3.365908201,0.043246867,0.057293189,3.709086237,1.720259672,1.230956848
14.34998989,14.34998989,2.764972448,0.564568162,0.690854371,4.286237248,-0.386211217,-0.478514387,0.128676358,-769.8322012,-96755.23245,3.745246542,0.034829443,0.04680286,2.63629609,1.5212648,0.9802740939999999
14.40035987,14.40035987,3.403680801,0.490500838,0.382718861,4.665959292,-0.38015737,-0.442357976,1.709746295,-769.8599316,-96645.85919,4.022702026,0.021917914,0.039733888,1.6939345060000002,1.262278491,0.619021225
14.45009994,14.45009994,3.629286528,0.521161675,0.141183779,4.978711531,-0.372286461,-0.396299773,3.098442114,-770.0127695,-96365.55815,4.183196314,0.006949993,0.036619652,0.5308444140000002,1.349425003,0.5539097859999997
14.50037002,14.50037002,4.101327896,0.372810066,-0.146710053,5.192543974,-0.362560002,-0.335739047,4.2263635,-770.365223,-95933.33515,4.146385823,-0.010973676,0.03558539,0.1250356039999998,1.0912160780000004,0.04505792700000022
14.55005002,14.55005002,4.143207073,0.374504358,-0.106026709,5.288275807,-0.350838969,-0.264955468,5.027009269,-770.9146882,-95395.10184,3.988564787,-0.027345671,0.041137682,0.8838021959999995,1.1450687339999996,0.15464228600000007
14.60013008,14.60013008,4.173574448,0.328782976,-0.086427145,5.296964566,-0.336320428,-0.190162102,5.559298581,-771.6382137,-94773.97282,3.712589695,-0.042052835,0.052157459,1.385724133,1.1233901179999997,0.46098475299999997
14.65002989,14.65002989,4.084079742,0.285622954,-0.106713645,5.212530486,-0.320072533,-0.114623808,5.795879037,-772.4666619,-94109.62815,3.327212827,-0.055002589,0.068171965,1.7117992949999996,1.1284507440000002,0.7568669150000003
14.70004987,14.70004987,3.716187954,0.207346722,-0.107154645,5.019364177,-0.303305385,-0.039613703,5.708647511,-773.3199992,-93433.78596,2.81912104,-0.065845149,0.086118383,1.9924595569999997,1.303176223,0.8970669139999998
14.75033998,14.75033998,3.38503623,0.182173938,-0.105919257,4.727557871,-0.287093025,0.031967526,5.311547943,-774.1063929,-92782.68508,2.243614008,-0.07502505,0.109216472,1.926511713,1.3425216410000003,1.1414222219999997
14.80009985,14.80009985,2.569446802,0.05801703,-0.030830558,4.3458166,-0.272780556,0.097140086,4.623165189,-774.7407581,-92200.78967,1.585205816,-0.081411931,0.13197408,2.053718387,1.7763697980000002,0.9842409859999999
14.85005998,14.85005998,2.059181452,0.039196804,-0.027482243,3.878159073,-0.261175096,0.155513556,3.656233541,-775.1839661,-91713.79934,0.902606648,-0.086299473,0.158755776,1.5970520890000004,1.8189776210000002,1.156574804
14.90013003,14.90013003,1.7074579,0.024800766,-0.022918006,3.36243144,-0.252588033,0.206523061,2.470067017,-775.4294781,-91352.19667,0.213185306,-0.090612793,0.188798424,0.7626091169999998,1.6549735399999999,1.4942725940000001
14.95000004,14.95000004,1.360778332,0.012386597,-0.005578997,2.811191103,-0.247618819,0.25045413,1.097249913,-775.5158278,-91141.86102,-0.475585993,-0.094547166,0.220237942,0.263528419,1.450412771,1.836364325
15.00002002,15.00002002,0.973826051,-0.003926457,-0.032675274,2.230347642,-0.246514357,0.288348521,-0.443727837,-775.523823,-91102.06791,-1.156204276,-0.098384177,0.25148044,1.417553888,1.2565215909999998,2.130030327
15.05023002,15.05023002,0.364137471,-0.005766749,-0.008259715,1.628091217,-0.249476905,0.320878428,-2.125808275,-775.5715285,-91252.1894,-1.821194578,-0.102241492,0.281201858,2.4899457459999996,1.2639537459999999,2.185332049
15.10041999,15.10041999,-0.831608534,-0.012786688,0.043181341,1.021168172,-0.256349267,0.348792297,-3.905637526,-775.8103255,-91606.47987,-2.455976306,-0.106565627,0.309933539,3.074028992,1.8527767060000002,1.6243677720000003
15.15023994,15.15023994,-1.614209771,-0.013661393,0.054582238,0.429956657,-0.266677116,0.372897559,-5.729632375,-776.4069104,-92169.42272,-3.04942675,-0.111694198,0.337576809,4.115422604000001,2.044166428,1.4352169789999998
15.20044994,15.20044994,-2.511424541,-0.003425782,0.05586081,-0.136354047,-0.280169339,0.394321169,-7.580340191,-777.5498344,-92954.65952,-3.584285178,-0.118183811,0.365004262,5.068915650000001,2.3750704939999996,1.0728606370000002
15.25025987,15.25025987,-3.16652751,-0.000631811,0.045011315,-0.652567731,-0.296095295,0.413077688,-9.382423587,-779.3878025,-93949.68262,-4.051873455,-0.12582108,0.391283284,6.215896077,2.513959779,0.8853459450000001
15.30069995,15.30069995,-3.686635256,-0.008805128,0.04837307,-1.114090025,-0.314269533,0.429487452,-11.12586136,-782.106487,-95171.85584,-4.439088502,-0.134484514,0.41611218,7.439226103999999,2.5725452310000003,0.7524532459999995
15.35061001,15.35061001,-4.072825432,-0.027459985,0.061851263,-1.503988843,-0.333736119,0.443038193,-12.73416349,-785.745627,-96584.76825,-4.733873612,-0.143863767,0.438958121,8.661338058,2.568836589,0.6610481799999999
15.40023994,15.40023994,-4.723928452,-0.005368921,0.134786993,-1.752440832,-0.353742667,0.450253315,-14.08207282,-790.3243398,-98173.98698,-4.824269217,-0.157617701,0.466854253,9.358144368000001,2.97148762,0.10034076500000033
15.45010996,15.45010996,-4.80100584,0.025911033,0.154557988,-1.851517731,-0.3739188,0.448335777,-15.12735171,-795.7717138,-99923.03289,-4.826103134,-0.169661166,0.485372215,10.326345869999999,2.9494881090000002,0.025097294000000048
15.50012993,15.50012993,-4.741971016,0.03590754,0.163140327,-1.859665631,-0.394216492,0.440550234,-15.93303502,-801.9496498,-101802.3473,-4.741733857,-0.180323635,0.494073415,11.191064004000001,2.882305385,0.00023715900000009782
15.55007004,15.55007004,-4.609723091,0.003722331,0.174523368,-1.762443942,-0.414356364,0.424591116,-16.44522823,-808.6530932,-103774.3285,-4.559397863,-0.189547474,0.492940017,11.835505139000002,2.8472791490000002,0.050325228000000166
15.6003499,15.6003499,-4.417384148,-0.015704416,0.158125237,-1.568618,-0.434279477,0.400352938,-16.66175339,-815.706852,-105821.4831,-4.30572382,-0.1961475,0.48100769,12.244369242000001,2.848766148,0.11166032800000014
15.65009999,15.65009999,-4.104124069,-0.05022011,0.146020845,-1.302816629,-0.453354445,0.370724143,-16.60389911,-822.7524494,-107874.3488,-3.986519956,-0.200014033,0.459433522,12.499775041,2.80130744,0.11760411300000007
15.70015001,15.70015001,-3.428794622,-0.086014234,0.085924074,-0.957844674,-0.471824234,0.331880271,-16.23771968,-829.6647875,-109931.1875,-3.57755477,-0.200016487,0.426528874,12.808925058000002,2.470949948,0.14876014800000004
15.74997997,15.74997997,-2.881622553,-0.114764512,0.064756863,-0.55999777,-0.489205508,0.286767624,-15.59819322,-836.1269957,-111931.5409,-3.129594496,-0.197159344,0.38536291,12.716570667000001,2.3216247830000003,0.24797194300000003
15.80028987,15.80028987,-2.418055058,-0.144675598,0.054634444,-0.121099301,-0.505395991,0.241159216,-14.7250683,-842.0470382,-113869.5202,-2.640630177,-0.19238629,0.339462981,12.307013242,2.296955757,0.2225751189999996
15.85014987,15.85014987,-2.000380278,-0.118592501,0.026997207,0.343631024,-0.519911274,0.197327747,-13.64741729,-847.1842567,-115678.4011,-2.110350449,-0.186048841,0.291085112,11.647037012,2.344011302,0.10997017099999962
15.90012002,15.90012002,-1.431577682,-0.157372758,0.003141912,0.831269613,-0.532665341,0.156387018,-12.37257856,-851.5157121,-117350.2684,-1.54070509,-0.178141594,0.240891702,10.941000877999999,2.262847295,0.1091274080000002
15.95011997,15.95011997,-1.138527989,-0.128430158,-0.028841203,1.334563124,-0.543244503,0.120450737,-10.92427198,-854.9915403,-118854.8976,-0.935194719,-0.169622465,0.191071392,9.785743991,2.4730911129999997,0.20333327
16.00035,16.00035,-0.784090281,-0.130140826,-0.053322326,1.851783854,-0.551059735,0.091748811,-9.319673043,-857.6301548,-120173.0434,-0.299995718,-0.160578707,0.142427415,8.535582762,2.635874135,0.484094563
16.05017995,16.05017995,0.035087019,-0.153279319,-0.103215896,2.370836188,-0.555215297,0.072150592,-7.60498879,-859.4619878,-121269.08,0.356838635,-0.151195851,0.095968078,7.640075809,2.335749169,0.321751616
16.10045004,16.10045004,0.893574536,-0.164982721,-0.144223899,2.898804707,-0.554739069,0.063220003,-5.777975877,-860.6205874,-122144.8891,1.025605803,-0.14210741,0.053196256,6.671550413,2.005230171,0.1320312669999999
16.15015006,16.15015006,1.554630995,-0.149048954,-0.165242091,3.422423752,-0.548655947,0.066561828,-3.905243762,-861.2237873,-122771.9262,1.691273711,-0.133956466,0.014530059,5.459874757,1.867792757,0.1366427160000001
16.20042991,16.20042991,2.196660995,-0.08823584,-0.198285535,3.948698988,-0.535809054,0.083011845,-1.97689049,-861.4539681,-123157.2882,2.336147876,-0.126959714,-0.019518537,4.173551485,1.752037993,0.13948688100000028
16.25008988,16.25008988,2.805786133,-0.070451349,-0.222217008,4.459516586,-0.515379692,0.112398144,-0.075911884,-861.488216,-123289.8301,2.940050834,-0.121004173,-0.048407427,2.8816980169999997,1.6537304530000005,0.1342647010000002
16.30025005,16.30025005,3.450079203,-0.027582135,-0.194340065,4.958983907,-0.48588088,0.154773254,1.799476466,-861.5150044,-123176.4538,3.477960137,-0.1162766,-0.07078635,1.650602737,1.5089047040000003,0.027880934000000135
16.35008001,16.35008001,4.06743145,0.062921174,-0.123574361,5.424290548,-0.447040597,0.211382912,3.548435959,-861.7052196,-122827.5317,3.900150612,-0.113707043,-0.08444886,0.5189954910000001,1.3568590980000002,0.16728083799999993
16.40009999,16.40009999,4.325639248,0.088804647,-0.093126751,5.839156933,-0.398864531,0.279276995,5.133124949,-862.1948605,-122259.7263,4.208591912,-0.112806811,-0.091691343,0.8074857010000001,1.513517685,0.11704733599999972
16.45015001,16.45015001,4.533195496,0.180493519,-0.102140553,6.189873449,-0.342846094,0.351559757,6.517121753,-863.0718733,-121496.5816,4.373858886,-0.113344776,-0.093315119,1.9839262569999994,1.656677953,0.15933661000000043
16.50022006,16.50022006,4.511584759,0.156140387,-0.061443768,6.459515964,-0.280792614,0.423518633,7.653066653,-864.365354,-120567.2549,4.402956816,-0.114987698,-0.08919575,3.141481894,1.9479312050000006,0.10862794300000012
16.55010986,16.55010986,4.532478809,0.176525295,-0.017002314,6.641448648,-0.21533111,0.488783365,8.517982839,-866.0416542,-119508.7699,4.29477354,-0.117238982,-0.079679161,3.9855040300000004,2.1089698390000002,0.2377052690000001
16.60018992,16.60018992,4.517958641,0.214469865,-0.001288958,6.733693753,-0.148461531,0.543173659,9.105366875,-868.0385078,-118348.5063,4.053824757,-0.119572709,-0.064999971,4.587408234,2.215735112,0.4641338839999998
16.65006995,16.65006995,4.145740032,0.152629524,-0.028807053,6.682704603,-0.083924967,0.587497364,9.318843431,-870.2165504,-117136.0504,3.609653738,-0.119674977,-0.051868205,5.1731033989999995,2.5369645710000004,0.536086294
16.70029997,16.70029997,3.563849211,-0.50113976,0.527119219,6.4878613,-0.023566651,0.619956451,9.164749009,-872.4181226,-115909.6879,3.08861983,-0.117661812,-0.030768698,5.6008997979999995,2.9240120889999996,0.4752293810000001
16.75011992,16.75011992,2.53470397,-0.830651879,0.594802678,6.214811157,0.032685168,0.637579233,8.746040176,-874.4682517,-114728.308,2.516036664,-0.106929486,-0.000788774,6.2113362059999995,3.680107187,0.018667305999999773
16.80014991,16.80014991,2.18494463,-0.55341357,0.508317351,5.85397051,0.086948281,0.643185583,8.055080218,-876.2812848,-113612.7445,1.89091999,-0.086271677,0.035465943,5.870135588,3.66902588,0.29402463999999995
16.85010004,16.85010004,1.821435928,-0.448334605,0.480039835,5.418126398,0.137458004,0.639235051,7.116839817,-877.7578749,-112605.2621,1.243931747,-0.064562328,0.077562827,5.295403888999999,3.59669047,0.5775041810000001
16.90012002,16.90012002,1.48184967,-0.401820511,0.457771361,4.927134982,0.182635978,0.629045618,5.96451125,-878.8587849,-111734.0128,0.583710723,-0.042155077,0.123292418,4.48266158,3.445285312,0.8981389469999999
16.95012998,16.95012998,0.812440515,-0.312201768,0.413455993,4.380908015,0.224412892,0.615982743,4.610945567,-879.5809127,-111028.7323,-0.092998057,-0.012612834,0.169948087,3.798505052,3.5684675,0.905438572
17.00008988,17.00008988,0.43316704,-0.267754525,0.400684029,3.794228395,0.262904067,0.602847191,3.088607421,-879.9661995,-110515.4208,-0.760556573,0.013682419,0.217360208,2.655440381,3.3610613550000004,1.193723613
17.05005002,17.05005002,-0.047294807,-0.239676267,0.378941774,3.189249138,0.296968416,0.592315104,1.438932221,-880.1037765,-110213.179,-1.411751716,0.037510455,0.263961378,1.486227028,3.236543945,1.3644569089999998
17.10011005,17.10011005,-0.632847905,-0.224077746,0.335084707,2.575345431,0.327492518,0.586148453,-0.31022719,-880.1186243,-110137.1229,-2.038625371,0.058920434,0.308624173,0.322620715,3.208193336,1.4057774660000002
17.15016007,17.15016007,-1.424813867,-0.189842373,0.25236842,1.970646487,0.354943506,0.585502149,-2.114749959,-880.1629495,-110298.2654,-2.627944077,0.077865369,0.351369304,0.6899360920000002,3.395460354,1.20313021
17.20018005,17.20018005,-2.049643993,-0.156885579,0.186103046,1.389466134,0.379462918,0.590686921,-3.933818431,-880.4036152,-110701.0188,-3.170309195,0.093224561,0.391389854,1.884174438,3.439110127,1.120665202
17.25010991,17.25010991,-3.054927111,-0.15081352,0.06237641,0.859449065,0.401220604,0.601203814,-5.706766251,-881.0043071,-111342.9583,-3.627887569,0.104268958,0.431956891,2.6518391400000003,3.914376176,0.5729604579999998
17.30001998,17.30001998,-3.871004343,-0.119665712,0.020786455,0.422141503,0.420740673,0.614710336,-7.350804226,-882.100636,-112213.4388,-3.975055301,0.110244678,0.472802502,3.479799883,4.293145846,0.10405095799999975
17.35009002,17.35009002,-4.298504829,-0.136168972,0.019633118,0.079089193,0.43813676,0.628786909,-8.833664697,-883.7848312,-113297.1123,-4.240358198,0.113576669,0.508107139,4.535159868,4.377594021999999,0.058146630999999616
17.40022993,17.40022993,-4.534045696,-0.110684931,-0.011789863,-0.177189555,0.453674335,0.642071539,-10.13490444,-886.0993659,-114572.0356,-4.415631678,0.115093547,0.537229114,5.600858744,4.356856141,0.11841401800000018
17.45001006,17.45001006,-4.691580296,-0.111468777,0.007865624,-0.331759073,0.467924893,0.65199053,-11.19644113,-889.0036681,-115999.7798,-4.496559744,0.115773049,0.559370756,6.5048608340000005,4.359821223,0.1950205519999999
17.49998998,17.49998998,-4.753409863,-0.089367278,0.024118416,-0.398218388,0.481695827,0.658229126,-12.0259478,-892.4567624,-117565.6078,-4.500207412,0.116720918,0.573039766,7.272537937000001,4.355191475,0.25320245099999994
17.55001998,17.55001998,-4.628839016,-0.090371564,0.029557364,-0.353958212,0.495787623,0.656563532,-12.55615951,-896.3347768,-119232.883,-4.358662161,0.117863025,0.580280761,7.927320494000001,4.2748808039999995,0.2701768549999999
17.60003996,17.60003996,-4.355795383,-0.077534109,0.060927421,-0.183766931,0.511282109,0.640829968,-12.72371327,-900.4328635,-120954.4226,-4.107752502,0.121294154,0.575698533,8.367917886999999,4.172028452,0.24804288099999994
17.65001988,17.65001988,-4.036311626,-0.030133255,0.057917334,0.06767066,0.528624663,0.614114258,-12.59361535,-904.5356398,-122684.1364,-3.804487355,0.126268456,0.558908092,8.557303724,4.103982286,0.2318242709999998
17.70015001,17.70015001,-3.544887543,0.019364869,0.054172598,0.379269972,0.54795314,0.577889094,-12.19891739,-908.4825756,-124390.7549,-3.446224741,0.132619488,0.531839953,8.654029847,3.924157515,0.09866280200000022
17.74988007,17.74988007,-3.131951809,0.060210537,0.035288274,0.736458347,0.569038344,0.532028972,-11.55790202,-912.0773321,-126019.5727,-3.04293742,0.140099811,0.497131396,8.425950211,3.868410156,0.08901438899999992
17.79997992,17.79997992,-2.654197931,0.042042956,0.022543261,1.13423962,0.592004605,0.476229267,-10.68302792,-915.2522996,-127561.5255,-2.59505887,0.148545787,0.457233977,8.028829989,3.7884375510000003,0.059139061000000215
17.85013985,17.85013985,-2.260356903,0.068952985,0.002438578,1.562734777,0.616242226,0.410030155,-9.595591023,-917.8961127,-128973.6186,-2.103419616,0.15779146,0.414156201,7.335234120000001,3.82309168,0.15693728699999987
17.89995002,17.89995002,-1.405652642,0.097886525,-0.017261513,2.005485171,0.64073713,0.331734877,-8.324328713,-919.9477182,-130215.9316,-1.573496136,0.169048246,0.367026127,6.918676071,3.411137813,0.16784349399999998
17.95003986,17.95003986,-0.979046702,0.104289517,-0.037826609,2.460040402,0.664681538,0.239616837,-6.878005096,-921.4347493,-131277.886,-1.004522265,0.180084473,0.320236255,5.898958394,3.4390871040000004,0.02547556300000009
18.00008988,18.00008988,-0.581804097,0.109770171,-0.010572376,2.924602425,0.686482558,0.134078826,-5.285362981,-922.3886904,-132128.0966,-0.401778587,0.190561383,0.274953167,4.7035588839999996,3.506406522,0.18002551
18.05007004,18.05007004,0.08064732,0.166381165,-0.084301852,3.389811288,0.704504595,0.013642197,-3.572922954,-922.8975245,-132747.0354,0.226053316,0.200752781,0.231932244,3.6535702740000002,3.309163968,0.145405996
18.10022998,18.10022998,0.714848459,0.184825838,-0.114941627,3.852815597,0.717031165,-0.122970346,-1.757109568,-923.0873825,-133121.1366,0.868833761,0.209959676,0.192067676,2.471958027,3.137967138,0.15398530199999994
18.15001988,18.15001988,1.249909282,0.173629135,-0.141306296,4.298309149,0.721734378,-0.274593301,0.111604351,-923.1121675,-133236.0879,1.511678423,0.217836862,0.15544957,1.138304931,3.0483998669999997,0.26176914100000004
18.20018005,18.20018005,3.015425682,0.238300666,-0.189489543,4.736880973,0.717375893,-0.440353601,2.033963381,-923.1494351,-133086.1138,2.141481615,0.22379031,0.128243317,0.9814623010000001,1.7214552909999998,0.873944067
18.25001001,18.25001001,3.578530312,0.230824962,-0.226157129,5.149899257,0.702412613,-0.61465058,3.938031503,-923.3842898,-132670.3609,2.726331596,0.227547028,0.106731464,0.3595011910000001,1.5713689450000006,0.8521987159999997
18.30001998,18.30001998,3.983193874,0.268888861,-0.258071244,5.518921618,0.675008071,-0.796613683,5.79819306,-923.9982567,-131989.4426,3.24035202,0.229605286,0.090770403,1.814999186,1.5357277440000003,0.7428418539999999
18.34998989,18.34998989,4.418314457,0.257255673,-0.264865011,5.826256223,0.635078534,-0.97906127,7.557344141,-925.1459094,-131055.0335,3.659065898,0.230057376,0.080441214,3.1390296839999996,1.4079417659999995,0.759248559
18.40003991,18.40003991,4.704632282,0.303817838,-0.293311656,6.052957405,0.583293243,-1.153748757,9.158748203,-926.9432201,-129881.3013,3.949464034,0.228946128,0.076274573,4.454115921,1.3483251229999995,0.7551682480000004
18.44995999,18.44995999,4.809166908,0.306963563,-0.327875227,6.184684049,0.521974821,-1.312774059,10.55177747,-929.4317024,-128497.8483,4.106419352,0.226922037,0.07813409,5.742610561999999,1.3755171410000004,0.7027475560000003
18.50014996,18.50014996,4.943786621,0.266681075,-0.35425207,6.186665316,0.453315742,-1.446847707,11.6531027,-932.6105883,-126924.5402,4.050359903,0.224522467,0.083485094,6.709316079,1.242878695,0.8934267179999997
18.55005002,18.55005002,4.827209949,0.218897164,-0.359194726,6.037695545,0.382196631,-1.548218495,12.38932923,-936.3092453,-125225.6894,3.84585584,0.222076301,0.094916607,7.562119280999999,1.2104855959999998,0.9813541090000002
18.5999999,18.5999999,4.633645535,0.200789034,-0.374493629,5.778165267,0.312062719,-1.621364268,12.82059635,-940.3774015,-123435.4981,3.526375618,0.219870946,0.112671895,8.186950815,1.144519732,1.1072699170000004
18.65001988,18.65001988,4.322577477,0.172656879,-0.393386602,5.420272828,0.245596929,-1.668506273,12.94699071,-944.6328003,-121595.0635,3.106543502,0.217706191,0.135636935,8.624413232999999,1.0976953509999996,1.2160339750000002
18.70000004,18.70000004,3.939321518,0.126012936,-0.412436008,4.979120014,0.184889212,-1.693426073,12.77492976,-948.8692437,-119751.1848,2.60400208,0.215322705,0.162923036,8.835608242,1.0397984960000004,1.335319438
18.74996996,18.74996996,3.316143274,0.074116364,-0.408678979,4.458505629,0.130907309,-1.700619164,12.30224903,-952.8966663,-117945.7856,2.01647545,0.212373291,0.190719374,8.986105756,1.1423623550000004,1.2996678239999997
18.79998994,18.79998994,2.421633244,0.048886318,-0.364065707,3.856556805,0.083681439,-1.695133585,11.52696904,-956.5374168,-116221.6459,1.365664755,0.207628622,0.217119032,9.105335796,1.4349235609999997,1.055968489
18.84994006,18.84994006,1.954947114,0.040423162,-0.305509895,3.21234877,0.044323881,-1.682104932,10.50264602,-959.643591,-114624.8824,0.703386835,0.201636635,0.246921525,8.547698906,1.257401656,1.251560279
18.89997005,18.89997005,1.568028569,0.051150501,-0.274977237,2.556046149,0.013598226,-1.664828905,9.271085168,-962.1516829,-113185.1091,0.035783193,0.194291391,0.278269681,7.703056599000001,0.9880175800000002,1.5322453759999999
18.95001006,18.95001006,1.096394181,0.0790857,-0.228397578,1.893666315,-0.008748264,-1.645974915,7.853002698,-964.0350202,-111935.1192,-0.633766064,0.185461656,0.308945979,6.756608517,0.797272134,1.730160245
18.99998998,18.99998998,0.770186841,0.068184011,-0.190554589,1.235951934,-0.022602644,-1.627064239,6.27761956,-965.318285,-110903.1871,-1.296952184,0.175791872,0.338359823,5.507432719,0.465765093,2.067139025
19.04996991,19.04996991,0.296346128,0.055297472,-0.114895426,0.592468394,-0.027750978,-1.608646845,4.573474206,-966.0781592,-110109.8747,-1.947320934,0.165523759,0.365720244,4.2771280780000005,0.29612226599999997,2.243667062
19.09997987,19.09997987,-0.537154198,0.087991379,-0.033681106,-0.029480134,-0.024198843,-1.590810132,2.770063798,-966.4305482,-109572.316,-2.576526579,0.154723197,0.390820769,3.307217996,0.5076740639999999,2.0393723809999997
19.14998006,19.14998006,-1.645993829,-0.013603278,0.081209145,-0.613322781,-0.01185195,-1.572566058,0.908190393,-966.5245435,-109303.1144,-3.167002371,0.143180393,0.416035991,2.554184222,1.032671048,1.5210085420000001
19.19994998,19.19994998,-2.38693881,0.04774712,0.09269803,-1.145039971,0.009045789,-1.553120692,-0.969648026,-966.5320685,-109307.6069,-3.711268231,0.131606057,0.440646956,1.4172907840000002,1.241898839,1.3243294209999998
19.24998998,19.24998998,-3.033986568,-0.020518949,0.147357196,-1.619208753,0.0377851,-1.532302955,-2.828967567,-966.6319473,-109585.9573,-4.195479684,0.120207094,0.465014546,0.20501900100000015,1.414777815,1.1614931160000004
19.30027008,19.30027008,-3.664001703,-0.03546489,0.228361845,-2.017640589,0.073779033,-1.509853309,-4.621732412,-966.9967432,-110134.8944,-4.595738807,0.108900676,0.490743189,0.9577307090000002,1.6463611139999998,0.9317371040000002
19.34995985,19.34995985,-3.809132338,0.325757742,-0.313913524,-2.324773143,0.114132015,-1.486718996,-6.271804293,-967.7582415,-110928.317,-4.910096696,0.094739291,0.514927783,2.462671955,1.4843591950000001,1.1009643580000001
19.39998006,19.39998006,-4.146426201,0.240871653,-0.093922444,-2.533682603,0.156447044,-1.463686658,-7.756941593,-969.0260015,-111958.5203,-5.099256014,0.075507875,0.539207476,3.610515392,1.6127435979999998,0.9528298130000001
19.45028996,19.45028996,-4.514188766,0.125975817,0.307396978,-2.594119867,0.198862782,-1.444855555,-8.962734147,-970.836142,-113196.2849,-5.118255636,0.053670006,0.563749353,4.448545381000001,1.9200688990000003,0.6040668699999996
19.50003004,19.50003004,-4.532750607,0.045585129,0.388461173,-2.52490901,0.239431622,-1.432241475,-9.853959802,-973.0958238,-114574.9436,-5.048726728,0.035329188,0.579207499,5.321209195000001,2.0078415969999996,0.5159761210000005
19.54997992,19.54997992,-4.502207756,-0.012929808,0.422452539,-2.367064384,0.277758592,-1.424065906,-10.48105237,-975.7450415,-116074.9592,-4.892438121,0.019760638,0.585509877,5.978844614000001,2.135143372,0.39023036499999986
19.60026002,19.60026002,-4.407109737,-0.002695634,0.390569568,-2.122875657,0.312827775,-1.421470395,-10.82283674,-978.6710515,-117661.3092,-4.652490738,0.006776407,0.582683478,6.415727003,2.28423408,0.24538100100000015
19.65023994,19.65023994,-4.157625198,0.017694464,0.37351644,-1.798737655,0.343047917,-1.426258679,-10.8559567,-981.6834257,-119271.0441,-4.321456611,-0.00429396,0.570826429,6.698331502,2.358887543,0.16383141300000048
19.70002985,19.70002985,-3.804331779,0.01056571,0.357533157,-1.411868069,0.367700636,-1.438350755,-10.59592421,-984.6203628,-120862.2586,-3.925870369,-0.012909933,0.549768884,6.791592431,2.39246371,0.12153859000000011
19.74995994,19.74995994,-3.022329569,0.060070455,0.267928749,-0.968948991,0.38563296,-1.460121514,-10.03799794,-987.3476627,-122402.0721,-3.448004974,-0.020889977,0.518493827,7.015668371,2.053380578,0.4256754049999998
19.79999995,19.79999995,-2.474889994,0.048136041,0.245940298,-0.488953905,0.395904151,-1.49206798,-9.204183936,-989.7235569,-123844.3023,-2.929266961,-0.026433467,0.478973953,6.729293942,1.9859360890000002,0.45437696699999996
19.85019993,19.85019993,-2.092314959,0.06016127,0.236244023,0.008643346,0.398597807,-1.530728766,-8.143284689,-991.6619087,-125151.5087,-2.376150867,-0.030173566,0.434771094,6.05096973,2.100958305,0.28383590800000036
19.90000987,19.90000987,-1.717825055,0.055707291,0.216169059,0.510362026,0.393221455,-1.575660347,-6.888753379,-993.1077778,-126277.4291,-1.790540839,-0.032591424,0.38813696,5.170928324,2.228187081,0.0727157839999999
19.95021987,19.95021987,-1.377808094,0.023906691,0.201512203,1.016822821,0.379143278,-1.627504046,-5.443600153,-994.0912612,-127209.8427,-1.176409953,-0.033977093,0.340647107,4.0657920590000005,2.394630915,0.20139814099999986
20.00001001,20.00001001,-0.929473579,0.035164513,0.163283244,1.51243684,0.356069916,-1.685189176,-3.856280922,-994.6489732,-127907.8187,-0.539822828,-0.034823315,0.293114392,2.9268073429999997,2.441910419,0.389650751
20.05016994,20.05016994,-0.052177917,0.03307835,0.092377536,1.997823724,0.323073773,-1.748864512,-2.129262342,-994.8861359,-128360.8366,0.11056758,-0.03581925,0.24641254,2.0770844250000002,2.050001641,0.162745497
20.09997987,20.09997987,0.520188332,0.022564085,0.052746385,2.461302585,0.280746754,-1.815607191,-0.317911263,-994.9315818,-128545.2153,0.764765694,-0.036351679,0.202661472,0.8380995950000001,1.9411142529999998,0.24457736200000002
20.14990997,20.14990997,1.475145102,0.018768771,-0.003674628,2.90488898,0.229200046,-1.882844129,1.561572901,-994.9488248,-128452.3746,1.409264863,-0.037552855,0.16356406,0.08642779899999997,1.429743878,0.06588023899999995
20.19999003,20.19999003,2.149157763,0.009769958,-0.0163764,3.322672485,0.16873216,-1.94739904,3.474858376,-995.1186466,-128073.0202,2.027459685,-0.039170495,0.129474004,1.325700613,1.1735147220000002,0.12169807799999965
20.24993992,20.24993992,2.770720482,0.039791401,-0.048814811,3.704870334,0.10077962,-2.005263211,5.372503958,-995.6258866,-127407.5216,2.600081125,-0.041365328,0.100873141,2.601783476,0.934149852,0.1706393570000002
20.29994988,20.29994988,3.329855442,-0.002005703,-0.08907941,4.044933838,0.025981781,-2.053043824,7.222788158,-996.6476486,-126457.8923,3.106332841,-0.044035183,0.07817965,3.8929327160000002,0.7150783960000004,0.223522601
20.35011005,20.35011005,3.889081001,-0.298434228,-0.894575655,4.326345251,-0.050661653,-2.08261791,8.951851327,-998.3352329,-125231.9142,3.488461998,-0.035874306,0.066644394,5.062770326,0.43726425000000013,0.4006190030000001
20.40001988,20.40001988,4.212537289,-0.024250261,-0.648616195,4.527973682,-0.124664071,-2.090510594,10.48505093,-1000.753931,-123763.5897,3.762783883,-0.025478838,0.063709822,6.272513641,0.3154363929999997,0.44975340600000013
20.44995999,20.44995999,4.306175232,-0.013676354,-0.555808604,4.654864345,-0.196939864,-2.079520578,11.82508008,-1003.940634,-122072.2231,3.916135543,-0.014794917,0.067851811,7.518904847999999,0.34868911299999983,0.39003968899999997
20.50010991,20.50010991,4.450400352,-0.055481788,-0.564925373,4.69840646,-0.266086429,-2.048948895,12.9331064,-1007.879891,-120180.5663,3.940732844,-0.003811383,0.078405835,8.482706048,0.24800610800000022,0.5096675080000002
20.54994988,20.54994988,4.496346951,-0.080791548,-0.511772692,4.645776002,-0.329741866,-1.999808389,13.75153312,-1012.42816,-118145.3064,3.817368589,0.00813065,0.094009733,9.255186169,0.14942905100000026,0.6789783619999996
20.60001993,20.60001993,4.433170795,-0.080362365,-0.452946991,4.498372357,-0.387422598,-1.935427126,14.27259951,-1017.464938,-115988.1828,3.571268093,0.019751115,0.115059218,9.839428715,0.06520156200000038,0.8619027019999996
20.65000987,20.65000987,4.096019745,-0.068983741,-0.330120265,4.243124979,-0.438295006,-1.859745578,14.45572666,-1022.753626,-113768.1738,3.164963249,0.033209752,0.136704119,10.359706915,0.14710523399999964,0.9310564960000005
20.70009994,20.70009994,3.416090488,0.408663392,-0.620870769,3.870103552,-0.48243883,-1.778042166,14.2784367,-1028.052001,-111532.3411,2.653334846,0.045196613,0.160681542,10.862346212,0.45401306399999974,0.7627556420000001
20.75005006,20.75005006,2.887047291,0.464863718,-0.62642628,3.42852464,-0.521339119,-1.6983824,13.80904152,-1033.097448,-109342.6571,2.092016889,0.04959258,0.188628326,10.921994229,0.541477349,0.7950304020000001
20.80009007,20.80009007,2.538114071,0.341835499,-0.541449606,2.941604419,-0.55653462,-1.624382728,13.08231722,-1037.73117,-107232.6106,1.491249433,0.04900348,0.218591447,10.544203149000001,0.40349034800000005,1.046864638
20.85007,20.85007,2.119303226,0.266533673,-0.500409901,2.41965281,-0.587754373,-1.558603594,12.11773669,-1041.796126,-105249.4239,0.860720054,0.044476102,0.249008258,9.998433464,0.3003495840000001,1.258583172
20.90009999,20.90009999,1.552440763,0.206405789,-0.428994238,1.865930529,-0.615754238,-1.502497604,10.92910436,-1045.201183,-103427.2595,0.202532802,0.035417216,0.276931325,9.376663597,0.313489766,1.349907961
20.95008993,20.95008993,1.258647323,0.165619761,-0.389786184,1.293614746,-0.640000253,-1.45694666,9.546442415,-1047.887681,-101805.1737,-0.464062528,0.024447981,0.30352731,8.287795092,0.03496742300000011,1.7227098509999998
21.0002799,21.0002799,0.549727023,0.108035669,-0.315378666,0.710879261,-0.660396482,-1.421696205,7.992173736,-1049.869025,-100407.0119,-1.136050428,0.009187357,0.326225249,7.442446713,0.161152238,1.6857774509999999
21.04997992,21.04997992,0.030656904,0.097989298,-0.286637247,0.136014379,-0.676309469,-1.396355857,6.319272166,-1051.177505,-99275.67728,-1.795906637,-0.007313566,0.346894497,6.288615262,0.10535747499999999,1.826563541
21.10026002,21.10026002,-0.52076143,0.082812458,-0.250704616,-0.427393602,-0.686381643,-1.378643825,4.530480082,-1051.941588,-98407.2094,-2.433761008,-0.02443067,0.365733025,5.051241512000001,0.09336782799999999,1.912999578
21.15017986,21.15017986,-0.89970547,-0.004167856,-0.263762563,-0.958788176,-0.689732159,-1.367149568,2.694066075,-1052.281929,-97832.90935,-3.03882045,-0.04215946,0.382876087,3.593771545,0.059082705999999985,2.1391149799999996
21.19998002,21.19998002,-0.921854615,0.073143117,-0.394871891,-1.452675869,-0.686215725,-1.359931396,0.837139591,-1052.368551,-97552.98848,-3.602400124,-0.060846112,0.397708472,1.7589942060000001,0.5308212539999999,2.680545509
21.25018,21.25018,-1.224729896,0.089142509,-0.298817575,-1.90560886,-0.676177337,-1.355299086,-1.023083106,-1052.376183,-97568.28971,-4.109469289,-0.081983144,0.4105009,0.20164678999999985,0.6808789640000001,2.884739393
21.30022001,21.30022001,-2.341038465,0.058352288,-0.353421807,-2.291993485,-0.660509836,-1.351762886,-2.814246148,-1052.47781,-97875.07218,-4.535841709,-0.106064178,0.423033171,0.47320768300000005,0.04904498000000013,2.1948032439999996
21.34991002,21.34991002,-2.922104836,-0.015729699,-0.329195708,-2.601804581,-0.639880575,-1.348581995,-4.487344436,-1052.823669,-98454.11507,-4.880561989,-0.129511533,0.433781119,1.5652396,0.3203002549999998,1.9584571530000003
21.40025997,21.40025997,-3.508377552,-0.02664932,-0.245178521,-2.831033432,-0.614693582,-1.345647861,-6.031067548,-1053.543874,-99299.93187,-5.118592852,-0.153191171,0.444103619,2.5226899960000004,0.6773441199999999,1.6102153000000001
21.45044994,21.45044994,-3.82521534,0.015103129,-0.174828529,-2.96461205,-0.586907146,-1.343586968,-7.372788883,-1054.704532,-100374.9643,-5.251257744,-0.175120638,0.452202607,3.547573543,0.8606032900000002,1.426042404
21.50008988,21.50008988,-3.976078033,0.007895413,-0.143758059,-3.002208638,-0.558391942,-1.343180952,-8.473002269,-1056.305982,-101633.5309,-5.272156517,-0.195006062,0.457447922,4.496924236,0.9738693949999999,1.2960784840000001
21.55017995,21.55017995,-4.149711609,0.032163564,-0.152727157,-2.950934468,-0.530336983,-1.344904352,-9.336427645,-1058.34527,-103063.2309,-5.178185258,-0.212696644,0.45901135,5.186716036000001,1.1987771409999999,1.0284736490000004
21.5999999,21.5999999,-4.198051929,0.075757101,-0.063076906,-2.758112578,-0.505355807,-1.354645402,-9.83166028,-1060.700135,-104599.0516,-4.874275066,-0.231621926,0.459913558,5.6336083509999995,1.439939351,0.676223137
21.64989996,21.64989996,-4.008396626,0.073474199,-0.003524139,-2.439169179,-0.485738188,-1.374348196,-9.951379609,-1063.204707,-106188.0256,-4.490982604,-0.245790414,0.449674508,5.942982983,1.5692274469999998,0.48258597800000036
21.69993996,21.69993996,-3.691445112,0.067191809,0.055266369,-2.058001017,-0.472462888,-1.398257966,-9.79178401,-1065.706323,-107782.036,-4.037266346,-0.256406507,0.429695683,6.100338898,1.6334440949999998,0.3458212340000002
21.75018,21.75018,-3.242662907,0.031779051,0.102720715,-1.615082134,-0.466445467,-1.427559115,-9.33634795,-1068.064732,-109336.2586,-3.513557735,-0.263946121,0.401010608,6.093685043000001,1.6275807730000003,0.27089482799999987
21.80022001,21.80022001,-2.833149195,0.012408969,0.113360062,-1.130000166,-0.468346761,-1.460586727,-8.609509275,-1070.132341,-110791.369,-2.941681994,-0.268455058,0.364857548,5.776360080000001,1.7031490289999998,0.10853279900000024
21.85044002,21.85044002,-2.417547464,-0.035302397,0.136406183,-0.616141021,-0.478379333,-1.494965035,-7.63862201,-1071.834508,-112115.9244,-2.329173114,-0.270472323,0.323323367,5.221074546,1.801406443,0.08837435000000005
21.90022993,21.90022993,-1.721003413,-0.086984105,0.134765446,-0.086676612,-0.496656743,-1.530311176,-6.444689076,-1073.104669,-113256.1029,-1.67240311,-0.270525805,0.276810437,4.723685663,1.634326801,0.048600302999999956
21.94995999,21.94995999,-1.306841373,-0.103369407,0.110455662,0.450159667,-0.52309926,-1.56477607,-5.049676108,-1073.951626,-114186.3521,-0.994036431,-0.268829179,0.227768334,3.7428347349999997,1.75700104,0.31280494199999986
22.00058007,22.00058007,-0.86056602,-0.167104647,0.11395143,0.99294883,-0.557764861,-1.594645949,-3.467210792,-1074.428353,-114888.6302,-0.30314065,-0.266192316,0.178557848,2.606644772,1.85351485,0.55742537
22.0504899,22.0504899,-0.401461184,-0.154797778,0.11049287,1.517467874,-0.59888361,-1.616310407,-1.776623981,-1074.610862,-115315.4094,0.391553839,-0.263075397,0.130701037,1.375162797,1.918929058,0.793015023
22.10027003,22.10027003,0.187919289,-0.173763946,0.145501643,2.024204752,-0.645777541,-1.627238944,0.007638924,-1074.637794,-115459.5921,1.078942619,-0.260110344,0.085294319,0.180280365,1.8362854630000003,0.89102333
22.15047001,22.15047001,1.025345445,-0.16900304,0.189621031,2.512740519,-0.697751585,-1.62432329,1.87137551,-1074.66766,-115306.9254,1.744516411,-0.258361684,0.04338169,0.8460300650000001,1.487395074,0.7191709660000001
22.20025992,22.20025992,2.369800091,-0.132489398,0.276724666,2.968017095,-0.752760131,-1.602248671,3.733768586,-1074.874852,-114853.1717,2.360381739,-0.26032204,0.006952164,1.363968495,0.5982170039999999,0.009418351999999963
22.25021004,22.25021004,2.995619297,-0.089915313,0.328546792,3.387228617,-0.809352819,-1.55738521,5.570055638,-1075.434772,-114097.0463,2.915997698,-0.263857484,-0.023999745,2.574436341,0.3916093199999997,0.07962159900000021
22.30027985,22.30027985,3.765478611,-0.056031555,0.340985328,3.757732369,-0.865129494,-1.486565419,7.324473262,-1076.507347,-113044.9446,3.373055016,-0.269947564,-0.04911691,3.558994651,0.007746241999999626,0.3924235949999999
22.35020995,22.35020995,4.154755592,-0.015954744,0.289336473,4.064701467,-0.917268915,-1.388591334,8.931443917,-1078.201981,-111720.7234,3.730376234,-0.27609095,-0.068147051,4.776688324999999,0.09005412499999998,0.42437935799999993
22.39999008,22.39999008,4.46779108,0.060163017,0.238737971,4.304897557,-0.963206004,-1.265919746,10.3601158,-1080.578859,-110150.7193,3.973564318,-0.281761003,-0.081447909,5.892324720000001,0.16289352299999926,0.4942267619999994
22.45046997,22.45046997,4.641917706,0.047541682,0.195825428,4.473351548,-1.001928243,-1.118628377,11.59015636,-1083.697443,-108334.4492,4.093990208,-0.286425723,-0.089181321,6.948238654,0.16856615799999997,0.547927498
22.50026989,22.50026989,4.643936157,0.075012118,0.177672759,4.545670061,-1.031407897,-0.953971551,12.52729415,-1087.412613,-106358.6863,4.054207089,-0.288562471,-0.093402521,7.883357993,0.09826609599999969,0.5897290679999996
22.55026006,22.55026006,4.513694286,0.083803833,0.170940354,4.489881202,-1.052557631,-0.774990781,13.11316322,-1091.627796,-104242.0808,3.853054787,-0.286994015,-0.095349787,8.599468934,0.023813083999999485,0.6606394989999997
22.60030007,22.60030007,4.341590881,0.096675493,0.145554513,4.329303484,-1.066568552,-0.59394083,13.37542423,-1096.124935,-102045.8231,3.567145942,-0.283804472,-0.090341141,9.033833349,0.0122873969999997,0.7744449390000003
22.65026998,22.65026998,3.989011765,0.048174907,0.118602566,4.08704536,-1.075143921,-0.419717051,13.34533604,-1100.695664,-99823.99746,3.19680887,-0.277994798,-0.081267939,9.356324274999999,0.09803359500000042,0.792202895
22.70001006,22.70001006,3.632941961,0.025928855,0.117332891,3.767583466,-1.080555828,-0.258742524,13.02891339,-1105.126575,-97632.54783,2.771739164,-0.271274895,-0.067423919,9.395971429,0.13464150499999983,0.8612027970000002
22.74997997,22.74997997,3.245280027,0.0507304,0.114607379,3.383787247,-1.085062464,-0.113898917,12.4486459,-1109.280775,-95497.57503,2.302551948,-0.264035854,-0.050216455,9.203365873000001,0.1385072199999997,0.9427280790000001
22.80028987,22.80028987,2.825985193,0.018500574,0.139218122,2.942949534,-1.090711749,0.01233679,11.61862707,-1113.013651,-93459.87221,1.797676102,-0.256669245,-0.0310741,8.792641877000001,0.11696434099999964,1.0283090910000001
22.85022998,22.85022998,1.875127435,-0.005868083,0.138443097,2.444059607,-1.098724927,0.115879944,10.5573886,-1116.161373,-91590.13882,1.25235176,-0.246131775,-0.014517005,8.682261165,0.5689321719999998,0.622775675
22.90001988,22.90001988,1.527685165,-0.04175904,0.133683622,1.898528518,-1.11042732,0.196437739,9.292056882,-1118.676224,-89917.67034,0.693988409,-0.2375479,0.002922262,7.764371717,0.37084335299999993,0.833696756
22.95003986,22.95003986,1.148327112,-0.03552885,0.118514925,1.323997329,-1.126877735,0.256647847,7.845938522,-1120.561671,-88464.07263,0.125544617,-0.230713444,0.020098602,6.69761141,0.17567021699999996,1.022782495
23.00001001,23.00001001,0.590769291,-0.070086144,0.158924639,0.726782672,-1.147693828,0.297154548,6.249176466,-1121.838288,-87268.01637,-0.449950361,-0.22451414,0.03584655,5.658407175,0.13601338100000004,1.040719652
23.05024004,23.05024004,0.073308498,-0.093227632,0.177731365,0.112048684,-1.172240032,0.320314035,4.518372718,-1122.590507,-86348.67108,-1.025889352,-0.21984359,0.050269471,4.44506422,0.038740185999999996,1.0991978500000001
23.10026002,23.10026002,-0.499811828,-0.106769823,0.221110165,-0.504821224,-1.19919829,0.328624975,2.698566185,-1122.931302,-85734.66952,-1.595267096,-0.216311361,0.063366194,3.1983780129999997,0.005009395999999944,1.0954552679999998
23.15024995,23.15024995,-1.858222842,-0.079512671,0.326767117,-1.112922237,-1.226053787,0.326087419,0.81561447,-1123.017981,-85435.72526,-2.146672651,-0.211849616,0.078076471,2.673837312,0.745300605,0.28844980899999983
23.20001006,23.20001006,-2.706789732,-0.051070847,0.385224879,-1.693023576,-1.250217062,0.31682403,-1.084114994,-1123.026081,-85458.33892,-2.66544592,-0.208006512,0.094808168,1.6226747379999997,1.0137661559999998,0.041343812000000035
23.24996996,23.24996996,-3.310056448,-0.054146506,0.421262264,-2.23743813,-1.270511168,0.303498708,-2.976129929,-1123.139123,-85803.32125,-3.137562456,-0.20490604,0.11319021,0.33392651900000025,1.072618318,0.17249399200000015
23.30004,23.30004,-3.855862379,-0.080518737,0.39377588,-2.730326846,-1.285422216,0.288651969,-4.812689555,-1123.535365,-86466.90302,-3.545864458,-0.202521853,0.133401764,0.9568271760000004,1.1255355329999999,0.3099979209999999
23.35023999,23.35023999,-4.268072605,-0.111045465,0.314878643,-3.154653487,-1.294106283,0.274149199,-6.54597193,-1124.371607,-87437.81993,-3.872841112,-0.20126963,0.155215552,2.277899325,1.1134191180000004,0.39523149300000027
23.39999008,23.39999008,-4.745808125,-0.059558801,0.197482541,-3.486529153,-1.29667394,0.260762075,-8.103111772,-1125.745422,-88680.36005,-4.088907559,-0.202222884,0.179505002,3.357303647,1.2592789719999997,0.656900566
23.45024991,23.45024991,-4.355211258,-0.126946643,0.667883158,-3.679408683,-1.293852824,0.245684795,-9.408851629,-1127.728418,-90184.48013,-4.136650464,-0.205624814,0.208293093,5.053640371000001,0.6758025749999996,0.21856079400000006
23.50001001,23.50001001,-4.060150146,-0.100949846,0.75375843,-3.736836013,-1.287559108,0.226585721,-10.41176039,-1130.23575,-91871.57449,-4.097905831,-0.207360108,0.230205246,6.351610244,0.3233141329999998,0.03775568500000048
23.55049991,23.55049991,-3.999347687,-0.06215895,0.410825938,-3.6939627,-1.279699935,0.202924851,-11.162281,-1133.249897,-93739.82993,-3.959544824,-0.208695088,0.245381137,7.162933313,0.30538498700000005,0.039802863000000244
23.60001993,23.60001993,-3.859687567,-0.062774383,0.211922914,-3.54928814,-1.272329987,0.173568068,-11.61000876,-1136.541179,-95678.90628,-3.739749382,-0.209421873,0.25207694,7.7503211929999996,0.3103994270000001,0.11993818500000009
23.65049004,23.65049004,-3.68729353,-0.125711113,-0.014244071,-3.309708881,-1.266485729,0.13712712,-11.77641727,-1140.078853,-97714.67984,-3.441117793,-0.208730862,0.250812019,8.08912374,0.37758464899999966,0.24617573699999973
23.70002985,23.70002985,-3.369487524,-0.115588658,-0.063908294,-2.994977465,-1.263011935,0.095368871,-11.66194729,-1143.566,-99723.34871,-3.069200344,-0.205855007,0.242291519,8.292459766,0.37451005900000034,0.3002871800000002
23.74993992,23.74993992,-2.440338612,-0.06014714,0.059753004,-2.582987529,-1.261939771,0.043755493,-11.22089786,-1146.919013,-101706.1737,-2.582881613,-0.199723055,0.22689758,8.780559248,0.14264891699999982,0.14254300099999995
23.80000996,23.80000996,-1.980941772,-0.062277984,0.187141672,-2.096163998,-1.263986415,-0.015154134,-10.48099627,-1149.940728,-103596.517,-2.060780993,-0.192889545,0.203348587,8.500054498,0.1152222260000002,0.07983922099999985
23.85028004,23.85028004,-0.834571064,-0.052468486,0.341659069,-1.568906789,-1.270001398,-0.073218724,-9.516061359,-1152.517526,-105349.5688,-1.508983984,-0.187173182,0.174712764,8.681490295,0.7343357249999999,0.6744129199999999
23.89999985,23.89999985,-0.812573969,-0.073622182,0.299959749,-1.016442755,-1.279708112,-0.126763611,-8.356613069,-1154.554649,-106902.3396,-0.929839927,-0.182273615,0.143193711,7.5440391,0.2038687859999999,0.11726595799999995
23.95045995,23.95045995,-0.603175342,-0.157000154,0.218393698,-0.433663017,-1.292543832,-0.173278703,-6.996028458,-1156.082202,-108258.1982,-0.328199321,-0.177492249,0.110506324,6.3928531159999995,0.16951232500000002,0.274976021
24.00029993,24.00029993,-0.461810887,-0.138549522,0.198743522,0.15527865,-1.306983889,-0.20759861,-5.495877231,-1157.083377,-109349.1069,0.290045142,-0.172783429,0.077825965,5.034066343999999,0.617089537,0.751856029
24.05046987,24.05046987,-0.030817093,-0.189536825,0.099793822,0.753901333,-1.321943381,-0.2266619,-3.854285958,-1157.651255,-110171.7525,0.917556272,-0.168240594,0.045889335,3.823468865,0.784718426,0.948373365
24.10028004,24.10028004,0.287286162,-0.215470791,-0.008337201,1.345759553,-1.335240305,-0.22608441,-2.126273198,-1157.885967,-110694.4035,1.540840358,-0.163038448,0.015831392,2.41355936,1.058473391,1.253554196
24.15021991,24.15021991,0.807079017,-0.203649744,-0.111553088,1.92851626,-1.344469938,-0.201795422,-0.332884931,-1157.931569,-110910.0381,2.146167477,-0.157011312,-0.011342764,1.139963948,1.1214372430000001,1.3390884600000001
24.20036006,24.20036006,1.339511395,-0.190036058,-0.173743144,2.495802942,-1.34693696,-0.150268017,1.491227018,-1157.947251,-110808.395,2.718103056,-0.150135989,-0.034766206,0.15171562300000008,1.1562915470000001,1.378591661
24.25024986,24.25024986,2.191074848,-0.154607221,-0.242400497,3.03372568,-1.339608727,-0.069045874,3.283046523,-1158.099702,-110390.6184,3.233928572,-0.142060383,-0.05328431,1.091971675,0.8426508319999999,1.042853724
24.30057001,24.30057001,2.957570076,-0.12119142,-0.105403587,3.541155903,-1.319710086,0.044110898,5.021078346,-1158.550632,-109657.4411,3.677806331,-0.134268242,-0.066607494,2.0635082700000003,0.5835858269999998,0.7202362550000001
24.35023999,24.35023999,3.844725132,-0.046789829,-0.004933793,3.993538401,-1.285934814,0.186384855,6.610915525,-1159.417925,-108642.4708,4.006364836,-0.127298232,-0.074680635,2.766190393,0.1488132689999997,0.16163970400000016
24.40030002,24.40030002,4.425309658,-0.001528867,0.014137547,4.358096748,-1.23666941,0.36059739,7.974133101,-1160.790097,-107357.4537,4.162470953,-0.119995676,-0.078898179,3.548823443,0.0672129099999994,0.26283870500000006
24.45046997,24.45046997,4.586679459,0.021156041,0.038024247,4.624209174,-1.172573544,0.555526303,9.069690863,-1162.661308,-105851.9555,4.207526349,-0.113070777,-0.076637371,4.483011404,0.0375297149999998,0.37915310999999985
24.5002799,24.5002799,4.602330208,0.052617032,0.022884581,4.811185492,-1.095700414,0.756601846,9.911444021,-1164.963858,-104184.3421,4.140975875,-0.105900696,-0.06942103,5.309113813,0.2088552840000002,0.46135433300000006
24.55007004,24.55007004,4.535426617,0.101220414,0.016548576,4.911180727,-1.008006469,0.956634942,10.47689617,-1167.618141,-102390.0625,3.968171301,-0.09866395,-0.058131358,5.941469553,0.3757541099999999,0.5672553159999998
24.60029006,24.60029006,4.372807026,0.103305042,0.004061332,4.924068292,-0.911784018,1.148675523,10.76026061,-1170.522217,-100500.4801,3.698711831,-0.091317016,-0.043473961,6.387453583999999,0.551261266,0.6740951950000005
24.65035987,24.65035987,4.114875793,0.086663291,0.026453404,4.845399411,-0.811690943,1.323531047,10.74893011,-1173.492566,-98587.45712,3.331875719,-0.082890048,-0.027629099,6.6340543169999995,0.7305236179999994,0.7830000740000003
24.70008993,24.70008993,3.486490965,0.108462922,0.048908748,4.650078565,-0.712402745,1.475486684,10.41651472,-1176.350548,-96712.76066,2.865112641,-0.071647864,-0.014691059,6.930023755000001,1.1635876,0.6213783240000001
24.75023985,24.75023985,2.972571611,0.102777265,0.044269212,4.35703841,-0.616880028,1.602545589,9.798430407,-1178.977347,-94903.89872,2.365953111,-0.062044487,0.001953991,6.825858796,1.3844667990000006,0.6066184999999997
24.80000996,24.80000996,2.515411854,0.108083539,0.032351218,3.999748576,-0.529538872,1.703521603,8.949125678,-1181.220642,-93235.49083,1.837608775,-0.053448604,0.019894877,6.433713824,1.484336722,0.6778030789999998
24.85048985,24.85048985,2.064174891,0.102248162,0.017560294,3.572725589,-0.450916481,1.782868303,7.864819733,-1183.052075,-91715.19617,1.290736239,-0.046938288,0.038981389,5.8006448420000005,1.508550698,0.7734386520000001
24.90000987,24.90000987,1.555407524,0.075677849,0.032614939,3.100506085,-0.385158444,1.84201142,6.606103383,-1184.384529,-90429.8352,0.728285951,-0.042364616,0.057978614,5.050695858999999,1.545098561,0.827121573
24.95000004,24.95000004,1.288720727,0.025134545,0.039037336,2.575424963,-0.331293504,1.886759345,5.159595488,-1185.276278,-89373.6562,0.153284569,-0.039543218,0.075880758,3.8708747609999996,1.286704236,1.135436158
25.0002799,25.0002799,0.378035724,0.006509573,0.033242252,2.002487334,-0.290544475,1.919699026,3.552539957,-1185.771457,-88586.33054,-0.430781851,-0.037617188,0.090970968,3.174504233,1.62445161,0.808817575
25.05027008,25.05027008,-0.129257143,0.021708759,0.021740051,1.396839034,-0.264020463,1.943792734,1.830353178,-1185.963904,-88102.16368,-1.016441744,-0.038018867,0.104569259,1.959610321,1.526096177,0.887184601
25.10000991,25.10000991,-0.764551878,0.011213127,0.007933379,0.769396323,-0.251810251,1.962487367,0.020833271,-1185.992909,-87935.83914,-1.596595302,-0.040490066,0.116904823,0.785385149,1.533948201,0.8320434240000001
25.15022993,25.15022993,-1.764370322,0.000452251,-0.009185083,0.121670323,-0.25381081,1.978283586,-1.871869833,-1186.022336,-88101.81211,-2.160566096,-0.045534702,0.129469777,0.1074995110000001,1.886040645,0.39619577400000017
25.20002985,25.20002985,-2.531070709,0.036535472,-0.065598004,-0.52095696,-0.269757352,1.992517727,-3.778267203,-1186.232808,-88606.28616,-2.696377427,-0.052868652,0.142329596,1.2471964939999998,2.0101137490000003,0.16530671799999963
25.25028991,25.25028991,-3.177794456,0.03770376,-0.084023409,-1.160819584,-0.299403432,2.005435218,-5.695186877,-1186.816928,-89460.93308,-3.188654508,-0.062577245,0.156052713,2.5173924210000003,2.016974872,0.010860051999999953
25.30001998,25.30001998,-3.903507948,-0.179860711,0.490985602,-1.740613993,-0.341064967,2.018434497,-7.515057278,-1187.935219,-90642.33304,-3.580343487,-0.07814456,0.178415998,3.6115493299999994,2.1628939550000004,0.3231644610000002
25.35025,25.35025,-4.368121147,-0.157310858,0.434684694,-2.245155714,-0.392107172,2.030267943,-9.209458758,-1189.739415,-92154.47834,-3.894577019,-0.08948742,0.201996609,4.841337611,2.122965433,0.4735441279999999
25.40023994,25.40023994,-4.652759552,-0.170772746,0.392753541,-2.679483923,-0.448893623,2.03923826,-10.73648634,-1192.290649,-93952.9227,-4.116409136,-0.098863033,0.22577599,6.083726788000001,1.9732756290000002,0.5363504160000003
25.45021987,25.45021987,-4.832303047,-0.144069776,0.328856528,-3.025711159,-0.510127039,2.044421003,-12.05353934,-1195.618459,-96012.65282,-4.234530409,-0.107016683,0.248527237,7.2212362930000005,1.8065918879999998,0.5977726379999995
25.50003004,25.50003004,-4.860749722,-0.094041795,0.285779178,-3.260234524,-0.573496541,2.044017768,-13.10198628,-1199.659211,-98286.06758,-4.225268601,-0.114486364,0.270040203,8.241236558,1.6005151980000005,0.6354811210000006
25.55031991,25.55031991,-4.771919727,-0.118725702,0.224450827,-3.384256443,-0.637908507,2.036994577,-13.87303878,-1204.347252,-100755.9289,-4.111317389,-0.12043877,0.286247061,9.101119053,1.3876632840000003,0.6606023380000003
25.60057997,25.60057997,-4.519657135,-0.119257607,0.172016189,-3.367265256,-0.700891182,2.019071409,-14.29005744,-1209.460287,-103345.3412,-3.82961332,-0.125619905,0.29805501,9.770400304999999,1.152391879,0.6900438150000001
25.65023994,25.65023994,-4.145028114,-0.124218114,0.164325505,-3.212473353,-0.759825876,1.988047775,-14.33558854,-1214.672478,-105955.3217,-3.467316386,-0.127931378,0.298206872,10.190560426000001,0.9325547609999996,0.6777117279999998
25.70023989,25.70023989,-3.744677782,-0.140992343,0.161830947,-2.963916559,-0.814872514,1.948063305,-14.08943743,-1219.845594,-108575.551,-3.051067639,-0.127784797,0.287384088,10.344759648,0.7807612230000003,0.6936101429999999
25.7502799,25.7502799,-3.294739962,-0.15158847,0.126106665,-2.633340883,-0.864808357,1.900441207,-13.56784293,-1224.746996,-111137.5164,-2.587171652,-0.125272007,0.267616558,10.273102968,0.6613990790000002,0.7075683100000001
25.80025005,25.80025005,-2.839544296,-0.159944937,0.121068478,-2.231562102,-0.908776203,1.847095726,-12.79132766,-1229.193191,-113585.0396,-2.081348578,-0.120647829,0.240919191,9.951783364,0.6079821940000003,0.7581957180000001
25.85041999,25.85041999,-2.184377193,-0.189441696,0.091671303,-1.763319276,-0.946285001,1.788835352,-11.76702748,-1233.069622,-115882.3742,-1.531989074,-0.113917477,0.208397471,9.582650287,0.42105791699999995,0.652388119
25.90009999,25.90009999,-1.626948714,-0.193324804,0.047697905,-1.246282058,-0.976079964,1.729799598,-10.53795367,-1236.236467,-117954.1289,-0.954043438,-0.105978721,0.172583902,8.911004956,0.38066665600000005,0.672905276
25.95001006,25.95001006,-1.087975979,-0.173617974,-0.005128982,-0.683302541,-0.99759887,1.6725961,-9.114424855,-1238.708386,-119792.2611,-0.347854449,-0.096205887,0.134310892,8.026448876,0.4046734380000001,0.7401215300000001
25.99996996,25.99996996,-0.693768263,-0.178547218,-0.04969687,-0.085069618,-1.009499854,1.621309855,-7.52886524,-1240.484919,-121353.0036,0.274707056,-0.086121028,0.096387673,6.835096977,0.608698645,0.9684753190000001
26.05023002,26.05023002,-0.073528297,-0.157676607,-0.082845986,0.545005646,-1.010280831,1.58095071,-5.806285748,-1241.635158,-122612.5189,0.906490803,-0.075689482,0.0603167,5.7327574509999994,0.618533943,0.9800190999999999
26.10003996,26.10003996,0.56125313,-0.154095918,-0.133019686,1.190140318,-0.998239,1.555727858,-4.002721298,-1242.255366,-123531.2868,1.536972041,-0.065453719,0.027265365,4.563974428,0.6288871880000001,0.9757189110000001
26.1498599,26.1498599,1.245352387,-0.142759144,-0.177377522,1.849695501,-0.971492381,1.548775508,-2.13599945,-1242.502951,-124106.5152,2.153235412,-0.055523461,-0.0018509,3.381351837,0.604343114,0.9078830249999998
26.20001006,26.20001006,2.116285563,-0.126966983,-0.231036827,2.521073586,-0.927493312,1.562671398,-0.230086149,-1242.546567,-124329.5334,2.737843556,-0.04578818,-0.025624016,2.346371712,0.40478802300000005,0.6215579930000001
26.24995994,26.24995994,3.265072823,-0.109535761,-0.286061347,3.187787474,-0.863831794,1.600946797,1.638257236,-1242.566837,-124196.3302,3.255103776,-0.035551519,-0.040998492,1.626815587,0.07728534900000028,0.00996904700000023
26.3001399,26.3001399,3.77036047,-0.093715258,-0.297572851,3.83983067,-0.778372784,1.662706545,3.431249213,-1242.739306,-123716.8784,3.696479502,-0.026051489,-0.04973428,0.3391112569999999,0.06947020000000004,0.0738809680000001
26.35021996,26.35021996,4.278047085,0.08896856,-0.13524808,4.463115594,-0.671567893,1.740512646,5.10553868,-1243.213688,-122911.1339,4.040849376,-0.01733414,-0.052444872,0.8274915950000006,0.18506850899999971,0.23719770900000015
26.40019989,26.40019989,4.578873158,0.154426828,0.030020788,5.036169939,-0.545180268,1.827877884,6.597242684,-1244.097348,-121807.9078,4.255870115,-0.012068748,-0.050154523,2.018369526,0.45729678099999926,0.3230030430000008
26.45015001,26.45015001,4.750471115,0.084878251,0.026013853,5.540498334,-0.402501288,1.914340204,7.858742427,-1245.440171,-120445.1766,4.345478697,-0.008452442,-0.042766807,3.1082713120000003,0.7900272189999997,0.40499241799999997
26.50035,26.50035,4.829767227,0.139972687,0.004646956,5.978113204,-0.246632685,1.98592034,8.88917594,-1247.248866,-118856.6654,4.304595619,-0.005508921,-0.030871416,4.059408713,1.148345977,0.525171608
26.55006003,26.55006003,4.60756731,0.142458141,0.004186505,6.266208588,-0.0865227,2.035806265,9.540543105,-1249.422511,-117120.2597,4.027297116,0.000436012,-0.022450816,4.932975794999999,1.6586412779999993,0.5802701940000006
26.60013008,26.60013008,4.434732437,0.134560421,-0.0127495,6.396233927,0.072298705,2.054204773,9.816854236,-1251.828832,-115282.9823,3.665688579,0.006177216,-0.006734943,5.382121798999999,1.9615014899999998,0.7690438580000003
26.65014004,26.65014004,4.128791809,0.119881131,-0.047777805,6.425390022,0.222699793,2.03300386,9.815729134,-1254.300991,-113418.1578,3.23339035,0.012237124,0.014213613,5.686937325,2.296598213,0.8954014589999999
26.70001006,26.70001006,3.32885313,-0.277222008,0.23778747,6.344619078,0.359738284,1.975049949,9.533112851,-1256.695088,-111582.0786,2.747185884,0.018363341,0.03949435,6.204259721,3.015765948,0.5816672460000003
26.75004005,26.75004005,2.825067282,-0.079591736,0.229018643,6.155075148,0.482071267,1.886156916,8.979649574,-1258.894556,-109816.3613,2.213793362,0.027736613,0.067690719,6.154582292,3.330007866,0.6112739199999999
26.79999995,26.79999995,2.466933727,-0.057561789,0.194184035,5.865531995,0.588114882,1.77553845,8.177053985,-1260.781387,-108179.7811,1.651433421,0.037277608,0.098520372,5.710120258000001,3.3985982680000006,0.8155003059999999
26.85027003,26.85027003,1.656128883,0.009130693,0.185553104,5.474607881,0.678642587,1.652131252,7.130899916,-1262.294886,-106708.0998,1.054919047,0.049396367,0.128021783,5.474771033,3.818478998,0.601209836
26.90011,26.90011,1.246090055,-0.005018713,0.184767753,4.999779314,0.75363444,1.527832807,5.880856911,-1263.380418,-105466.7411,0.448087207,0.060185457,0.158044697,4.634766856000001,3.7536892590000006,0.7980028480000001
26.95033002,26.95033002,0.910403728,0.013291093,0.190549389,4.458521719,0.81598236,1.410039694,4.441575117,-1264.071481,-104473.4927,-0.163522593,0.069185959,0.187791802,3.5311713890000003,3.5481179910000002,1.073926321
27.00011992,27.00011992,0.602626204,0.040207066,0.171230033,3.872045085,0.866905975,1.307074837,2.860922858,-1264.417816,-103776.2137,-0.776391969,0.076562615,0.216132934,2.258296654,3.269418881,1.379018173
27.05012989,27.05012989,0.131683767,0.041867048,0.197789833,3.246610729,0.90919251,1.221863626,1.146268304,-1264.527523,-103391.2688,-1.385158479,0.082574672,0.242412628,1.014584537,3.1149269619999997,1.516842246
27.10018992,27.10018992,-0.401851594,0.030147294,0.218004763,2.59737216,0.94429846,1.15709728,-0.667288194,-1264.536082,-103344.1299,-1.982078012,0.087795615,0.266636891,0.26543659999999997,2.999223754,1.5802264179999999
27.15019989,27.15019989,-1.589493036,0.067044102,0.281226039,1.946319471,0.973900328,1.114115351,-2.539282771,-1264.608902,-103650.1307,-2.551079019,0.092850211,0.291422688,0.949789735,3.535812507,0.961585983
27.20018005,27.20018005,-2.191928148,0.093796238,0.291701883,1.310003178,0.998519815,1.091854347,-4.432129031,-1264.926468,-104316.3902,-3.084204466,0.096018076,0.31568715,2.2402008829999995,3.5019313260000002,0.892276318
27.24995994,27.24995994,-3.127599716,0.144697383,0.358604133,0.710989944,1.017987658,1.088149072,-6.293297103,-1265.665885,-105338.7121,-3.555632297,0.097346417,0.342222792,3.1656973869999994,3.8385896600000002,0.42803258099999963
27.30001998,27.30001998,-3.667656422,0.137692437,0.469323456,0.163910716,1.032634946,1.09958094,-8.090662271,-1266.997421,-106718.8822,-3.959374972,0.097349074,0.369034864,4.423005848999999,3.831567138,0.29171855000000013
27.34992003,27.34992003,-4.021160126,0.138094142,0.561802983,-0.315619168,1.042116596,1.122060937,-9.766110461,-1269.039411,-108429.5083,-4.280706238,0.096558349,0.395794163,5.744950335,3.705540958,0.2595461119999998
27.39996004,27.39996004,-4.266270161,0.115141064,0.613287866,-0.721864599,1.046651827,1.151970036,-11.29126387,-1271.884262,-110456.5248,-4.506755149,0.095210819,0.421799716,7.024993709,3.5444055619999997,0.2404849880000004
27.44997,27.44997,-4.514523029,0.10794235,0.655625463,-0.989717309,1.047180368,1.182805194,-12.54172935,-1275.531314,-112757.7425,-4.541974601,0.09024442,0.452780813,8.027206321000001,3.5248057200000003,0.02745157199999948
27.50024986,27.50024986,-4.761415482,0.099888295,0.548493326,-1.110457826,1.045110891,1.208849427,-13.47441429,-1279.891192,-115289.1602,-4.485401064,0.084744096,0.475468975,8.712998808,3.650957656,0.27601441799999993
27.54998994,27.54998994,-4.737102509,0.083370253,0.488439888,-1.131212891,1.041246548,1.230098653,-14.12800587,-1284.745656,-117955.8402,-4.338767912,0.078765289,0.489129262,9.390903361000001,3.6058896179999995,0.39833459699999985
27.60033989,27.60033989,-4.534832478,0.057494204,0.449109256,-1.047979573,1.037116204,1.244443105,-14.49170891,-1290.027691,-120765.7468,-4.107409998,0.072819927,0.493159287,9.956876432,3.486852905,0.4274224800000006
27.65001988,27.65001988,-4.242543697,0.04342889,0.433498472,-0.86378761,1.034154353,1.249026189,-14.54139526,-1295.391741,-123590.2078,-3.785734567,0.066644479,0.487323359,10.298851563,3.378756087,0.45680913000000034
27.70017004,27.70017004,-3.859056234,-0.00613483,0.419762105,-0.586664763,1.033786668,1.242716078,-14.28883499,-1300.729233,-126432.6715,-3.401805799,0.061583337,0.471339482,10.429778756,3.272391471,0.4572504350000002
27.75016999,27.75016999,-3.508069515,-0.009931657,0.39029026,-0.232507907,1.036997247,1.224169577,-13.75104357,-1305.764483,-129200.2434,-2.948543779,0.056524654,0.445521117,10.242974055000001,3.275561608,0.5595257359999999
27.79991007,27.79991007,-2.418507099,-0.008270158,0.349053562,0.189163658,1.043526856,1.189561309,-12.93263981,-1310.30092,-131829.7065,-2.439973462,0.050950979,0.409076914,10.514132710999998,2.607670757,0.021466363000000044
27.85011005,27.85011005,-2.001921177,-0.03646021,0.341552138,0.66358055,1.053915604,1.139038665,-11.86786804,-1314.255152,-134303.6119,-1.902927691,0.046714251,0.366658311,9.865946863,2.6655017269999997,0.09899348599999991
27.90030002,27.90030002,-1.71776247,-0.030182326,0.323575228,1.175674786,1.068519353,1.073586912,-10.60405243,-1317.502357,-136550.9019,-1.338801396,0.043424589,0.321911617,8.88628996,2.8934372560000003,0.378961074
27.9500699,27.9500699,-1.368362546,-0.0649378,0.31626761,1.713307706,1.085997319,0.990822951,-9.172863619,-1319.998097,-138516.4139,-0.748719912,0.040273444,0.276183307,7.804501072999999,3.081670252,0.619642634
28.00011992,28.00011992,-0.80513078,-0.044213247,0.284803689,2.274057311,1.104257951,0.885905756,-7.577563219,-1321.800835,-140193.254,-0.138013192,0.036132647,0.229925562,6.772432439,3.079188091,0.667117588
28.05029988,28.05029988,-0.404954046,-0.051017109,0.319290936,2.846379691,1.120948257,0.755932349,-5.850387428,-1322.965175,-141542.4562,0.485040557,0.031814265,0.185041453,5.445433382,3.251333737,0.889994603
28.10033989,28.10033989,0.560525835,-0.031873588,0.380892336,3.417778111,1.132335414,0.599398922,-4.031318815,-1323.597547,-142533.2145,1.11014283,0.023171521,0.142006308,4.59184465,2.857252276,0.549616995
28.15009999,28.15009999,1.323270798,-0.007060174,0.395495653,3.976228055,1.134453688,0.415970033,-2.158611757,-1323.848911,-143150.488,1.724227639,0.012227968,0.102506036,3.4818825550000003,2.6529572569999997,0.40095684099999995
28.20021987,28.20021987,2.005916357,-0.011891138,0.446515948,4.516104165,1.124341375,0.203711481,-0.243507885,-1323.8937,-143391.6658,2.311456625,-0.000568075,0.067140795,2.249424242,2.510187808,0.3055402680000001
28.25006985,28.25006985,2.610090017,0.03103843,0.491303414,5.015115193,1.098633796,-0.032057298,1.652340105,-1323.914042,-143250.5967,2.853484237,-0.015778108,0.036348789,0.9577499120000001,2.4050251759999997,0.24339421999999988
28.30008006,28.30008006,3.153566837,0.036294114,0.470366061,5.461293841,1.054434757,-0.287110422,3.503865416,-1324.091818,-142733.1735,3.330509543,-0.033309766,0.010558527,0.35029857899999994,2.3077270039999997,0.17694270599999973
28.35038995,28.35038995,3.778202534,0.027007712,0.251063913,5.837844724,0.990220747,-0.552833803,5.270718457,-1324.595238,-141847.0809,3.715357693,-0.052553019,-0.009099658,1.492515923,2.05964219,0.06284484099999998
28.40004992,28.40004992,4.393352032,0.042570591,-0.030546039,6.106696082,0.908756393,-0.807412446,6.8301022,-1325.534656,-140639.0763,3.947710905,-0.071164945,-0.021149579,2.4367501679999997,1.71334405,0.445641127
28.45016002,28.45016002,4.627567768,0.071128845,-0.059596032,6.255193017,0.812418602,-1.043618642,8.167497387,-1326.98398,-139128.3263,4.058322367,-0.086579623,-0.025360454,3.5399296189999996,1.6276252490000003,0.5692454009999999
28.50003004,28.50003004,4.704712868,0.001739721,-0.035433676,6.272516566,0.707049991,-1.248261319,9.2318778,-1328.924964,-137380.7507,4.005240917,-0.098071128,-0.023852136,4.527164932,1.5678036980000005,0.6994719509999996
28.55007004,28.55007004,4.658720016,0.050870616,-0.024192169,6.161416599,0.597042715,-1.41545505,10.008643,-1331.300927,-135440.1212,3.848966529,-0.107074718,-0.014037236,5.349922983999999,1.5026965829999996,0.809753487
28.60030007,28.60030007,4.575708866,0.068318471,0.006424671,5.943833256,0.486837449,-1.544065535,10.50991212,-1334.013865,-133358.1652,3.574033905,-0.113105526,0.001568077,5.934203253999999,1.3681243899999993,1.0016749610000004
28.65007996,28.65007996,4.439363003,0.127254337,0.021650752,5.626940423,0.381586945,-1.632996226,10.70999565,-1336.88818,-131220.1433,3.191960936,-0.116957227,0.022284734,6.270632646999999,1.1875774199999993,1.2474020670000003
28.70042991,28.70042991,3.348357677,-0.340117067,0.52993679,5.168184754,0.281879252,-1.685326823,10.53826519,-1339.808757,-129047.9557,2.642860021,-0.114578631,0.039408326,7.1899075130000005,1.8198270770000002,0.7054976559999999
28.75006985,28.75006985,2.761183023,-0.380920649,0.565231264,4.609569959,0.194547622,-1.707495999,10.03266064,-1342.501169,-126972.9312,2.05990765,-0.106155252,0.065687512,7.2714776169999995,1.8483869359999998,0.7012753730000001
28.79994988,28.79994988,2.395387411,-0.280254066,0.495883912,4.014085305,0.119868339,-1.710130363,9.282089652,-1344.887263,-125011.3704,1.452701259,-0.093924851,0.098569189,6.886702241,1.6186978939999999,0.9426861520000003
28.85002994,28.85002994,1.914819837,-0.188483477,0.450025201,3.382788403,0.057561137,-1.699869959,8.288244992,-1346.871166,-123216.7516,0.824937918,-0.078239014,0.135264091,6.373425155,1.4679685660000001,1.089881919
28.90013003,28.90013003,1.532592297,-0.162224606,0.427765697,2.732679532,0.007526677,-1.682241059,7.07881542,-1348.390762,-121644.5349,0.190425812,-0.062006043,0.174582039,5.546223123,1.200087235,1.3421664850000001
28.95000004,28.95000004,1.221281052,-0.121611424,0.401503772,2.081146281,-0.030984829,-1.661272879,5.689070315,-1349.437146,-120342.8639,-0.445952765,-0.045642921,0.214467531,4.467789263,0.8598652290000002,1.6672338169999998
29.00013995,29.00013995,0.490754128,-0.106376432,0.377740771,1.425661846,-0.057719967,-1.63958067,4.126710266,-1350.062118,-119335.7918,-1.082612274,-0.025512504,0.25307995,3.635956138,0.9349077179999998,1.573366402
29.05004,29.05004,-0.089348853,-0.110092767,0.329887152,0.784384608,-0.072463392,-1.618775513,2.439278905,-1350.344293,-118664.9735,-1.704459457,-0.007012687,0.290492376,2.5286277580000003,0.873733461,1.615110604
29.10037994,29.10037994,-0.731274605,-0.078347348,0.325512171,0.163973027,-0.076697641,-1.598657473,0.641266198,-1350.412709,-118346.9886,-2.303385878,0.009000465,0.326023027,1.372540803,0.895247632,1.572111273
29.15001988,29.15001988,-1.367708325,-0.115074277,0.281540483,-0.41209902,-0.070842672,-1.57940756,-1.190724861,-1350.421667,-118401.9986,-2.870262341,0.022642713,0.359418069,0.17698346399999987,0.955609305,1.5025540160000002
29.20007991,29.20007991,-2.095311165,-0.014621039,0.211777776,-0.947708572,-0.055450422,-1.560057933,-3.06016637,-1350.544557,-118836.5169,-3.393929015,0.03364501,0.390704439,0.9648552050000001,1.147602593,1.2986178499999999
29.25001001,29.25001001,-2.822978973,-0.0316859,0.250758767,-1.416220898,-0.031442025,-1.540072814,-4.894481112,-1350.955975,-119648.753,-3.848432587,0.041140905,0.42224619,2.071502139,1.4067580750000002,1.025453614
29.30009985,29.30009985,-3.658355474,-0.0219629,0.300322801,-1.803901514,0.000118966,-1.519331848,-6.651187065,-1351.817355,-120832.2763,-4.222725986,0.046121402,0.453218186,2.9928315910000003,1.8544539599999998,0.5643705120000004
29.35003996,29.35003996,-4.277597904,-0.025767211,0.268069476,-2.0803418,0.037540026,-1.499194803,-8.245589014,-1353.243791,-122357.2513,-4.470684777,0.047348088,0.486258452,3.96799111,2.1972561040000005,0.1930868729999995
29.39999008,29.39999008,-4.592589378,-0.005108146,0.205819681,-2.229746839,0.078469422,-1.481834181,-9.616383066,-1355.290321,-124188.0784,-4.61077795,0.046108601,0.515666199,5.023793687999999,2.3628425390000003,0.01818857199999968
29.45023989,29.45023989,-4.756833076,-0.00595752,0.18385385,-2.27339942,0.120727887,-1.46778086,-10.76129794,-1357.966805,-126292.6949,-4.657934429,0.043870805,0.53819816,6.004464864,2.4834336560000003,0.0988986470000004
29.50035,29.50035,-4.743488789,-0.074391499,0.171908975,-2.217075961,0.162398008,-1.458037458,-11.64595258,-1361.192412,-128605.5689,-4.611462905,0.041628089,0.553047233,6.902463791,2.5264128279999998,0.13202588399999993
29.55049991,29.55049991,-4.678404331,-0.111474738,0.182287693,-2.065591616,0.20236246,-1.45359218,-12.25135219,-1364.863019,-131080.457,-4.474184063,0.040219764,0.559567304,7.572947859,2.6128127150000005,0.20422026800000026
29.59998989,29.59998989,-4.444785118,-0.137594327,0.183671176,-1.828020367,0.239068919,-1.455625191,-12.55442728,-1368.766031,-133622.9099,-4.236706221,0.040165492,0.557618634,8.109642162,2.6167647510000007,0.20807889700000004
29.65000987,29.65000987,-3.93632555,-0.10689541,0.167229682,-1.490813989,0.272222806,-1.468949831,-12.51327831,-1372.796836,-136228.0676,-3.883707548,0.041977765,0.544980731,8.576952760000001,2.445511561,0.052618002
29.70002007,29.70002007,-3.545479059,-0.076680139,0.138497069,-1.090124764,0.30019731,-1.492201459,-12.16342874,-1376.697352,-138797.8693,-3.485500202,0.045613675,0.521033902,8.617949681,2.455354295,0.05997885699999994
29.75001001,29.75001001,-2.984125614,-0.061364621,0.112169527,-0.655280892,0.322264989,-1.521907202,-11.55710267,-1380.300908,-141273.9754,-3.039612768,0.050656938,0.488270341,8.572977056000001,2.328844722,0.05548715400000015
29.80012989,29.80012989,-2.531170607,-0.050981428,0.092517748,-0.195136349,0.337902843,-1.55865225,-10.70513854,-1383.483502,-143609.4147,-2.554845829,0.056823676,0.449494457,8.173967933,2.3360342579999998,0.02367522200000005
29.85028004,29.85028004,-2.069458961,-0.070846155,0.094404183,0.279292778,0.346515636,-1.601483926,-9.63327626,-1386.142632,-145748.8649,-2.032296218,0.063747628,0.407073467,7.563817299,2.348751739,0.03716274300000011
29.90033006,29.90033006,-1.685683131,-0.058126491,0.072845116,0.75955284,0.34752228,-1.650248461,-8.364580352,-1388.222394,-147641.6007,-1.47412878,0.071118559,0.362803932,6.678897221000001,2.445235971,0.21155435099999997
29.95003986,29.95003986,-0.74340117,-0.040338945,-0.011552873,1.233956745,0.340357452,-1.705543258,-6.92681132,-1389.715596,-149240.9418,-0.884486677,0.079335356,0.316057207,6.183410149999999,1.9773579149999998,0.1410855070000001
