time,ref_qw,ref_qx,ref_qy,ref_qz,ref_phi,ref_theta,ref_psi,qw,qx,qy,qz,phi,theta,psi,p,q,r,u_4,u_5,u_6,m_1,m_2,m_3,m_4,m_5,m_6,m_7,m_8
0,1,0,0,0,0,0,0,0.997191787,0.009108321,-0.005278529,0.07414712,0.017384811,-0.011878402,0.148335438,0.077312447,-0.010970235,0.002647192,0.285316955,0,0,0.285316885,0.285316885,0.285316885,0.285316885,-0.285316885,-0.285316885,-0.285316885,-0.285316885
0.050139904,1,0,0,0,0,0,0,0.997147739,0.014960993,-0.004399966,0.073845252,0.029192717,-0.010984651,0.147682732,0.23258552,0.034236159,-0.00861585,0.267301957,0,0,0.267301887,0.267301887,0.267301887,0.267301887,-0.267301887,-0.267301887,-0.267301887,-0.267301887
0.100029945,1,0,0,0,0,0,0,0.997045219,0.018756576,-0.002307823,0.074457407,0.037068134,-0.007395205,0.148942331,0.188951939,0.115729146,0.029178714,0.242705098,0,0,0.242705047,0.242705047,0.242705047,0.242705047,-0.242705047,-0.242705047,-0.242705047,-0.242705047
0.150139808,1,0,0,0,0,0,0,0.996832848,0.024354886,0.000963953,0.075699888,0.048720778,-0.001765525,0.151546832,0.361252636,0.178749114,0.086831316,0.212132034,0,0,0.242705047,0.242705047,0.242705047,0.242705047,-0.242705047,-0.242705047,-0.242705047,-0.242705047
0.199989795,1,0,0,0,0,0,0,0.996433377,0.03193213,0.005963219,0.077881373,0.064611803,0.006910118,0.15622644,0.439638674,0.252725989,0.121616594,0.176335576,0,0,0.176335543,0.176335543,0.176335543,0.176335543,-0.176335543,-0.176335543,-0.176335543,-0.176335543
0.250020027,1,0,0,0,0,0,0,0.995840907,0.039965317,0.011138454,0.081114821,0.081505428,0.015701342,0.163188576,0.368396223,0.164071485,0.175347224,0.13619715,0,0,0.176335543,0.176335543,0.176335543,0.176335543,-0.176335543,-0.176335543,-0.176335543,-0.176335543
0.300019979,1,0,0,0,0,0,0,0.995116353,0.048986599,0.013916742,0.084560007,0.100033872,0.019414154,0.170514575,0.361657888,0.026556108,0.100641705,0.092705098,0,0,0.092705078,0.092705078,0.092705078,0.092705078,-0.092705078,-0.092705078,-0.092705078,-0.092705078
0.349939823,1,0,0,0,0,0,0,0.99381268,0.06675043,0.015157613,0.087470971,0.135766263,0.01845125,0.17683314,0.483480752,-0.031366941,0.055540353,0.04693034,0,0,0.046930328,0.046930328,0.046930328,0.046930328,-0.046930328,-0.046930328,-0.046930328,-0.046930328
0.399919986,1,0,0,0,0,0,0,0.993025482,0.076486357,0.015386102,0.088395745,0.155271489,0.017036264,0.178890484,0.485675782,-0.019916892,0.047454987,-2.30E-16,0,0,-2.30E-16,-2.30E-16,-2.30E-16,-2.30E-16,2.30E-16,2.30E-16,2.30E-16,2.30E-16
0.45005989,1,0,0,0,0,0,0,0.991824389,0.088869244,0.017016642,0.089984223,0.180352234,0.017762313,0.18256265,0.390746444,0.033900887,0.055743013,-0.04693034,0,0,-0.046930328,-0.046930328,-0.046930328,-0.046930328,0.046930328,0.046930328,0.046930328,0.046930328
0.499989986,1,0,0,0,0,0,0,0.991237462,0.094208881,0.017942026,0.090836309,0.191221889,0.018455488,0.184538123,0.344959676,0.031810254,0.058574241,-0.092705098,0,0,-0.092705078,-0.092705078,-0.092705078,-0.092705078,0.092705078,0.092705078,0.092705078,0.092705078
0.550249815,1,0,0,0,0,0,0,0.990508914,0.10029386,0.019140624,0.092016071,0.203649443,0.019461849,0.18725246,0.281622291,0.034788996,0.05920605,-0.13619715,0,0,-0.092705078,-0.092705078,-0.092705078,-0.092705078,0.092705078,0.092705078,0.092705078,0.092705078
0.600009918,1,0,0,0,0,0,0,0.989887059,0.105027221,0.020141078,0.093207151,0.213343014,0.020297596,0.189938655,0.205796227,0.040353093,0.055261701,-0.176335576,0,0,-0.176335543,-0.176335543,-0.176335543,-0.176335543,0.176335543,0.176335543,0.176335543,0.176335543
0.650219917,1,0,0,0,0,0,0,0.988898218,0.111117214,0.021828962,0.096213691,0.225938234,0.021792968,0.196449677,0.053241108,0.026222318,0.059541315,-0.212132034,0,0,-0.212131992,-0.212131992,-0.212131992,-0.212131992,0.212131992,0.212131992,0.212131992,0.212131992
0.699989795,1,0,0,0,0,0,0,0.988722265,0.111532167,0.022207173,0.097447045,0.226873233,0.022178305,0.199009349,-0.002026558,0.024948269,0.053656846,-0.242705098,0,0,-0.242705047,-0.242705047,-0.242705047,-0.242705047,0.242705047,0.242705047,0.242705047,0.242705047
0.749969959,1,0,0,0,0,0,0,0.988658011,0.111012757,0.02243641,0.098632455,0.225906264,0.022466836,0.201418574,-0.03885179,0.013343246,0.049271438,-0.267301957,0,0,-0.267301887,-0.267301887,-0.267301887,-0.267301887,0.267301887,0.267301887,0.267301887,0.267301887
0.80005002,1,0,0,0,0,0,0,0.988902032,0.107672654,0.022302547,0.099910267,0.219219038,0.022596783,0.203866586,-0.181268156,-0.009281934,0.028727204,-0.285316955,0,0,-0.285316885,-0.285316885,-0.285316885,-0.285316885,0.285316885,0.285316885,0.285316885,0.285316885
0.849989891,1,0,0,0,0,0,0,0.989386797,0.102520928,0.021878133,0.100622043,0.208836416,0.022662075,0.205080956,-0.315830141,0.016444176,0.021781774,-0.296306502,0,0,-0.296306431,-0.296306431,-0.296306431,-0.296306431,0.296306431,0.296306431,0.296306431,0.296306431
0.900019884,1,0,0,0,0,0,0,0.990099907,0.095015302,0.021051737,0.101149566,0.193664909,0.022467018,0.205797984,-0.465777606,-0.009232761,0.015283379,-0.3,0,0,-0.299999923,-0.299999923,-0.299999923,-0.299999923,0.299999923,0.299999923,0.299999923,0.299999923
0.950119972,1,0,0,0,0,0,0,0.992821932,0.060333692,0.017009044,0.101860203,0.12360926,0.021484345,0.205807427,-1.066907048,-0.013096633,-0.001098216,-0.296306502,0,0,-0.296306431,-0.296306431,-0.296306431,-0.296306431,0.296306431,0.296306431,0.296306431,0.296306431
1.000010013,1,0,0,0,0,0,0,0.993990302,0.036258027,0.014073329,0.102327146,0.075046669,0.020558587,0.205940708,-1.358391881,-0.019092867,0.003390761,-0.285316955,0,0,-0.285316885,-0.285316885,-0.285316885,-0.285316885,0.285316885,0.285316885,0.285316885,0.285316885
1.05012989,1,0,0,0,0,0,0,0.994602978,0.006639069,0.010428431,0.103016242,0.015358554,0.01937764,0.206563268,-1.601951718,-0.032165665,0.022793572,-0.267301957,0,0,-0.267301887,-0.267301887,-0.267301887,-0.267301887,0.267301887,0.267301887,0.267301887,0.267301887
1.100019931,1,0,0,0,0,0,0,0.994196177,-0.027449144,0.006177104,0.103839062,-0.053330705,0.017984058,0.207656161,-1.807131171,-0.039041083,0.023996107,-0.242705098,0,0,-0.267301887,-0.267301887,-0.267301887,-0.267301887,0.267301887,0.267301887,0.267301887,0.267301887
1.149879932,1,0,0,0,0,0,0,0.991698861,-0.074609004,0.000122541,0.104723349,-0.148517664,0.015870322,0.209239347,-1.981014371,-0.050933704,0.021495691,-0.212132034,0,0,-0.212131992,-0.212131992,-0.212131992,-0.212131992,0.212131992,0.212131992,0.212131992,0.212131992
1.200019836,1,0,0,0,0,0,0,0.987834513,-0.114490308,-0.004932186,0.105122752,-0.229258214,0.014327194,0.210387159,-2.04109478,-0.040380705,0.013320908,-0.176335576,0,0,-0.176335543,-0.176335543,-0.176335543,-0.176335543,0.176335543,0.176335543,0.176335543,0.176335543
1.249919891,1,0,0,0,0,0,0,0.97505337,-0.194952235,-0.014949414,0.105077349,-0.393416404,0.011817448,0.212347823,-1.996431351,-0.065726109,-0.01480134,-0.13619715,0,0,-0.13619712,-0.13619712,-0.13619712,-0.13619712,0.13619712,0.13619712,0.13619712,0.13619712
1.300009966,1,0,0,0,0,0,0,0.965623617,-0.236775294,-0.03009255,0.102971978,-0.481928796,-0.009353847,0.214771264,-1.105241895,-0.023747984,-0.026130682,-0.092705098,0,0,-0.092705078,-0.092705078,-0.092705078,-0.092705078,0.092705078,0.092705078,0.092705078,0.092705078
1.35014987,1,0,0,0,0,0,0,0.96027863,-0.257420838,-0.03267346,0.10262613,-0.524895166,-0.009915201,0.215597863,-1.090200424,-0.036807369,0.010459872,-0.04693034,0,0,-0.046930328,-0.046930328,-0.046930328,-0.046930328,0.046930328,0.046930328,0.046930328,0.046930328
1.400219917,1,0,0,0,0,0,0,0.954799592,-0.276912928,-0.035390943,0.102101386,-0.565753599,-0.011036351,0.216268098,-0.991153896,-0.020036105,0.003715605,7.26E-16,0,0,7.26E-16,7.26E-16,7.26E-16,7.26E-16,-7.26E-16,-7.26E-16,-7.26E-16,-7.26E-16
1.450009823,1,0,0,0,0,0,0,0.94954741,-0.294305027,-0.037910182,0.101525478,-0.602438145,-0.012236415,0.216831966,-0.833538234,-0.045233965,-0.021067264,0.04693034,0,0,0.046930328,0.046930328,0.046930328,0.046930328,-0.046930328,-0.046930328,-0.046930328,-0.046930328
1.500229835,1,0,0,0,0,0,0,0.944801867,-0.30913198,-0.040134214,0.100878172,-0.633895331,-0.013468826,0.217155479,-0.727445006,-0.01943857,-0.010724368,0.092705098,0,0,0.092705078,0.092705078,0.092705078,0.092705078,-0.092705078,-0.092705078,-0.092705078,-0.092705078
1.550119877,1,0,0,0,0,0,0,0.939124763,-0.32593134,-0.042987734,0.099828087,-0.669812822,-0.015668126,0.21725563,-0.524513483,-0.025764111,-0.017313665,0.13619715,0,0,0.13619712,0.13619712,0.13619712,0.13619712,-0.13619712,-0.13619712,-0.13619712,-0.13619712
1.600069999,1,0,0,0,0,0,0,0.935150981,-0.337204903,-0.045492146,0.098571099,-0.694178121,-0.018607802,0.216768871,-0.209970742,-0.033044808,-0.042363998,0.176335576,0,0,0.176335543,0.176335543,0.176335543,0.176335543,-0.176335543,-0.176335543,-0.176335543,-0.176335543
1.650110006,1,0,0,0,0,0,0,0.934214413,-0.339855343,-0.046579923,0.097837575,-0.700036717,-0.020531467,0.216188696,-0.083324313,-0.013445318,-0.043156747,0.212132034,0,0,0.212131992,0.212131992,0.212131992,0.212131992,-0.212131992,-0.212131992,-0.212131992,-0.212131992
1.700199842,1,0,0,0,0,0,0,0.934441984,-0.339381844,-0.047565248,0.096828423,-0.699257203,-0.023172384,0.214955451,0.104247779,-0.020264087,-0.057432055,0.242705098,0,0,0.242705047,0.242705047,0.242705047,0.242705047,-0.242705047,-0.242705047,-0.242705047,-0.242705047
1.750219822,1,0,0,0,0,0,0,0.93570745,-0.336088777,-0.048164375,0.095793582,-0.692418563,-0.02574807,0.213329056,0.27212429,-0.031530868,-0.097152606,0.267301957,0,0,0.267301887,0.267301887,0.267301887,0.267301887,-0.267301887,-0.267301887,-0.267301887,-0.267301887
1.800109863,1,0,0,0,0,0,0,0.938171983,-0.329457909,-0.048550699,0.094519362,-0.678485682,-0.028821491,0.210990544,0.44087556,-0.013262035,-0.091256224,0.285316955,0,0,0.285316885,0.285316885,0.285316885,0.285316885,-0.285316885,-0.285316885,-0.285316885,-0.285316885
1.85036993,1,0,0,0,0,0,0,0.943992853,-0.313107938,-0.048619695,0.092072286,-0.64405891,-0.034142786,0.205847309,0.986739576,-0.020395223,-0.136925325,0.296306502,0,0,0.296306431,0.296306431,0.296306431,0.296306431,-0.296306431,-0.296306431,-0.296306431,-0.296306431
1.900179863,1,0,0,0,0,0,0,0.956119657,-0.275347024,-0.047008082,0.088373065,-0.564854307,-0.041235853,0.196301553,1.25784862,0.017402329,-0.16471006,0.3,0,0,0.296306431,0.296306431,0.296306431,0.296306431,-0.296306431,-0.296306431,-0.296306431,-0.296306431
1.95005989,1,0,0,0,0,0,0,0.961770356,-0.255614758,-0.045719679,0.086998165,-0.523729368,-0.043481331,0.192077066,1.440072179,0.015450276,-0.148670435,0.296306502,0,0,0.296306431,0.296306431,0.296306431,0.296306431,-0.296306431,-0.296306431,-0.296306431,-0.296306431
2.000010013,1,0,0,0,0,0,0,0.969759762,-0.224483743,-0.043146897,0.085506685,-0.459192269,-0.04531003,0.186482694,1.747026324,0.030737393,-0.149864078,0.285316955,0,0,0.285316885,0.285316885,0.285316885,0.285316885,-0.285316885,-0.285316885,-0.285316885,-0.285316885
2.050379991,1,0,0,0,0,0,0,0.981402397,-0.168646261,-0.037724197,0.083574951,-0.344451522,-0.045872109,0.177888232,2.043305397,0.064114541,-0.132833555,0.267301957,0,0,0.267301887,0.267301887,0.267301887,0.267301887,-0.267301887,-0.267301887,-0.267301887,-0.267301887
2.100239992,1,0,0,0,0,0,0,0.987935603,-0.126778424,-0.033318289,0.082465515,-0.259142424,-0.044938066,0.172415449,2.190426588,0.063157909,-0.123578459,0.242705098,0,0,0.242705047,0.242705047,0.242705047,0.242705047,-0.242705047,-0.242705047,-0.242705047,-0.242705047
2.150099992,1,0,0,0,0,0,0,0.992856205,-0.0823351,-0.028502433,0.081520028,-0.169102503,-0.043187121,0.16750645,2.288321733,0.069036432,-0.111870632,0.212132034,0,0,0.242705047,0.242705047,0.242705047,0.242705047,-0.242705047,-0.242705047,-0.242705047,-0.242705047
2.199919939,1,0,0,0,0,0,0,0.996477604,0.021568418,-0.017148999,0.079205394,0.040307687,-0.037602704,0.15787919,2.312687874,0.071894489,-0.102766007,0.176335576,0,0,0.176335543,0.176335543,0.176335543,0.176335543,-0.176335543,-0.176335543,-0.176335543,-0.176335543
2.249979973,1,0,0,0,0,0,0,0.99460578,0.06712421,-0.0122191,0.078131191,0.132078278,-0.034802386,0.154485993,2.271882534,0.059870716,-0.091225028,0.13619715,0,0,0.13619712,0.13619712,0.13619712,0.13619712,-0.13619712,-0.13619712,-0.13619712,-0.13619712
2.299949884,1,0,0,0,0,0,0,0.990792453,0.111074664,-0.007469658,0.077052183,0.220855444,-0.031924272,0.151684031,2.181892633,0.055935301,-0.081819393,0.092705098,0,0,0.092705078,0.092705078,0.092705078,0.092705078,-0.092705078,-0.092705078,-0.092705078,-0.092705078
2.350059986,1,0,0,0,0,0,0,0.98531723,0.152872935,-0.00288157,0.075971991,0.305682943,-0.028910663,0.149449895,2.062185287,0.060420554,-0.069683865,0.04693034,0,0,0.046930328,0.046930328,0.046930328,0.046930328,-0.046930328,-0.046930328,-0.046930328,-0.046930328
2.399969816,1,0,0,0,0,0,0,0.976761103,0.200901344,0.002552005,0.074633397,0.403858025,-0.025005101,0.147402477,1.86528194,0.063163832,-0.067603648,2.77E-15,0,0,2.77E-15,2.77E-15,2.77E-15,2.77E-15,-2.77E-15,-2.77E-15,-2.77E-15,-2.77E-15
2.450069904,1,0,0,0,0,0,0,0.969102144,0.235345021,0.006693285,0.073547155,0.474887377,-0.021646645,0.146254835,1.689228773,0.060422014,-0.06324058,-0.04693034,0,0,-0.046930328,-0.046930328,-0.046930328,-0.046930328,0.046930328,0.046930328,0.046930328,0.046930328
2.501379966,1,0,0,0,0,0,0,0.953647614,0.291970909,0.013833164,0.071541764,0.593082837,-0.015392902,0.145054239,1.282915354,0.050910596,-0.049436118,-0.092705098,0,0,-0.092705078,-0.092705078,-0.092705078,-0.092705078,0.092705078,0.092705078,0.092705078,0.092705078
2.550159931,1,0,0,0,0,0,0,0.943386614,0.323647141,0.018194525,0.07030727,0.660162922,-0.011180786,0.14494714,0.973769486,0.055750471,-0.046516962,-0.13619715,0,0,-0.13619712,-0.13619712,-0.13619712,-0.13619712,0.13619712,0.13619712,0.13619712,0.13619712
2.600109815,1,0,0,0,0,0,0,0.937567651,0.340153813,0.020638846,0.069544889,0.695447036,-0.008611395,0.144959316,0.805121243,0.050503779,-0.042140499,-0.176335576,0,0,-0.176335543,-0.176335543,-0.176335543,-0.176335543,0.176335543,0.176335543,0.176335543,0.176335543
2.650110006,1,0,0,0,0,0,0,0.933811247,0.350337893,0.022227639,0.069036394,0.717341025,-0.006859343,0.14501944,0.673366308,0.043434661,-0.037653744,-0.212132034,0,0,-0.176335543,-0.176335543,-0.176335543,-0.176335543,0.176335543,0.176335543,0.176335543,0.176335543
2.700079918,1,0,0,0,0,0,0,0.929675639,0.361171573,0.024052894,0.068411611,0.740751923,-0.004693895,0.145085666,0.510650218,0.044151396,-0.034959618,-0.242705098,0,0,-0.242705047,-0.242705047,-0.242705047,-0.242705047,0.242705047,0.242705047,0.242705047,0.242705047
2.749959945,1,0,0,0,0,0,0,0.925421059,0.371917695,0.026209436,0.067722872,0.764133879,-0.001865141,0.145351335,0.275529236,0.030661378,-0.030095881,-0.267301957,0,0,-0.267301887,-0.267301887,-0.267301887,-0.267301887,0.267301887,0.267301887,0.267301887,0.267301887
2.800059795,1,0,0,0,0,0,0,0.924055874,0.37528792,0.028097849,0.067009971,0.771680272,0.001631901,0.145443901,-0.125662997,0.032468885,-0.033846501,-0.285316955,0,0,-0.285316885,-0.285316885,-0.285316885,-0.285316885,0.285316885,0.285316885,0.285316885,0.285316885
2.84995985,1,0,0,0,0,0,0,0.925635338,0.371386558,0.02858617,0.06674172,0.763364751,0.003346787,0.145301524,-0.322561026,0.024909532,-0.013156237,-0.296306502,0,0,-0.296306431,-0.296306431,-0.296306431,-0.296306431,0.296306431,0.296306431,0.296306431,0.296306431
2.900039911,1,0,0,0,0,0,0,0.929045916,0.362784892,0.02852631,0.066687949,0.744901557,0.004617758,0.145120507,-0.614483774,0.034660846,-0.033174466,-0.3,0,0,-0.299999923,-0.299999923,-0.299999923,-0.299999923,0.299999923,0.299999923,0.299999923,0.299999923
2.950179815,1,0,0,0,0,0,0,0.936552584,0.343020916,0.027654586,0.066643655,0.702610408,0.006079649,0.14430572,-1.038778067,0.010881576,-0.033800315,-0.296306502,0,0,-0.296306431,-0.296306431,-0.296306431,-0.296306431,0.296306431,0.296306431,0.296306431,0.296306431
2.999919891,1,0,0,0,0,0,0,0.944746077,0.319818497,0.026206264,0.066966303,0.653309615,0.006682454,0.143792968,-1.392596126,-0.004017355,-0.016224392,-0.285316955,0,0,-0.285316885,-0.285316885,-0.285316885,-0.285316885,0.285316885,0.285316885,0.285316885,0.285316885
3.050009966,1,0,0,0,0,0,0,0.954325199,0.290026754,0.024044702,0.067601457,0.590555955,0.006680516,0.143469601,-1.703998208,-0.012399266,-0.010970242,-0.267301957,0,0,-0.267301887,-0.267301887,-0.267301887,-0.267301887,0.267301887,0.267301887,0.267301887,0.267301887
3.100059986,1,0,0,0,0,0,0,0.976206899,0.204749867,0.017386563,0.069250003,0.413886473,0.005587936,0.142811586,-2.092503786,-0.010369729,0.000640006,-0.242705098,0,0,-0.242705047,-0.242705047,-0.242705047,-0.242705047,0.242705047,0.242705047,0.242705047,0.242705047
3.150029897,1,0,0,0,0,0,0,0.984332502,0.161204696,0.013821482,0.070084751,0.324989341,0.0046139,0.142917064,-2.275305033,-0.021530718,0.009662672,-0.212132034,0,0,-0.212131992,-0.212131992,-0.212131992,-0.212131992,0.212131992,0.212131992,0.212131992,0.212131992
3.200189829,1,0,0,0,0,0,0,0.990692437,0.115734495,0.010109431,0.070934936,0.232848743,0.003611444,0.14338114,-2.325858593,-0.014042876,0.016466554,-0.176335576,0,0,-0.176335543,-0.176335543,-0.176335543,-0.176335543,0.176335543,0.176335543,0.176335543,0.176335543
3.249989986,1,0,0,0,0,0,0,0.994982362,0.069386609,0.006402223,0.071797036,0.139448241,0.002776696,0.144262419,-2.325216293,-0.016066456,0.02564121,-0.13619715,0,0,-0.13619712,-0.13619712,-0.13619712,-0.13619712,0.13619712,0.13619712,0.13619712,0.13619712
3.300059795,1,0,0,0,0,0,0,0.997330785,0.000784335,0.001047789,0.073004559,0.001717473,0.001975466,0.146140943,-2.251072168,-0.016990326,0.026419045,-0.092705098,0,0,-0.092705078,-0.092705078,-0.092705078,-0.092705078,0.092705078,0.092705078,0.092705078,0.092705078
3.350080013,1,0,0,0,0,0,0,0.996355653,-0.043003894,-0.002288287,0.073628396,-0.086137902,0.001772721,0.14745086,-2.136207581,-0.004902488,0.027673721,-0.04693034,0,0,-0.046930328,-0.046930328,-0.046930328,-0.046930328,0.046930328,0.046930328,0.046930328,0.046930328
3.400049925,1,0,0,0,0,0,0,0.992755115,-0.094259217,-0.006108984,0.074264392,-0.189186857,0.001870757,0.149157076,-2.007321119,-0.000348688,0.031670216,-6.01E-15,0,0,-6.01E-15,-6.01E-15,-6.01E-15,-6.01E-15,6.01E-15,6.01E-15,6.01E-15,6.01E-15
3.449810028,1,0,0,0,0,0,0,0.983271182,-0.16557999,-0.011485397,0.075028501,-0.333491675,0.002259919,0.151934466,-1.620243192,-0.012457378,0.025504101,0.04693034,0,0,0.046930328,0.046930328,0.046930328,0.046930328,-0.046930328,-0.046930328,-0.046930328,-0.046930328
3.499830007,1,0,0,0,0,0,0,0.977695346,-0.195603281,-0.013902022,0.075218521,-0.394745431,0.002242098,0.153118165,-1.44463253,-0.011403865,0.021646185,0.092705098,0,0,0.046930328,0.046930328,0.046930328,0.046930328,-0.046930328,-0.046930328,-0.046930328,-0.046930328
3.550089836,1,0,0,0,0,0,0,0.972039342,-0.221828923,-0.016137669,0.075306594,-0.448577601,0.002037465,0.154171883,-1.263000607,-0.016158823,0.015469644,0.13619715,0,0,0.13619712,0.13619712,0.13619712,0.13619712,-0.13619712,-0.13619712,-0.13619712,-0.13619712
3.599869966,1,0,0,0,0,0,0,0.966591418,-0.244342595,-0.018123308,0.075296015,-0.495064911,0.001760379,0.155038119,-1.076738834,-0.017678743,0.007370862,0.176335576,0,0,0.176335543,0.176335543,0.176335543,0.176335543,-0.176335543,-0.176335543,-0.176335543,-0.176335543
3.650309801,1,0,0,0,0,0,0,0.960411608,-0.267494828,-0.020246921,0.0751421,-0.543171238,0.00130949,0.155796179,-0.860518456,-0.01763404,-0.001902879,0.212132034,0,0,0.212131992,0.212131992,0.212131992,0.212131992,-0.212131992,-0.212131992,-0.212131992,-0.212131992
3.700150013,1,0,0,0,0,0,0,0.956144929,-0.282339871,-0.021720253,0.074830189,-0.574203659,0.000719672,0.155993892,-0.704759419,-0.007121265,-0.013102592,0.242705098,0,0,0.242705047,0.242705047,0.242705047,0.242705047,-0.242705047,-0.242705047,-0.242705047,-0.242705047
3.749939918,1,0,0,0,0,0,0,0.949895084,-0.302846164,-0.024075706,0.073511936,-0.617359667,-0.001213173,0.154858019,-0.397227705,-0.004841388,-0.039266042,0.267301957,0,0,0.267301887,0.267301887,0.267301887,0.267301887,-0.267301887,-0.267301887,-0.267301887,-0.267301887
3.799919843,1,0,0,0,0,0,0,0.948188245,-0.308389485,-0.025144352,0.072130091,-0.629144029,-0.003194839,0.15289004,-0.133208945,-0.003948808,-0.067032874,0.285316955,0,0,0.285316885,0.285316885,0.285316885,0.285316885,-0.285316885,-0.285316885,-0.285316885,-0.285316885
3.850419998,1,0,0,0,0,0,0,0.948207498,-0.308648378,-0.025937157,0.070471972,-0.629809021,-0.005685522,0.150221761,0.092310481,-0.00294149,-0.11568518,0.296306502,0,0,0.296306431,0.296306431,0.296306431,0.296306431,-0.296306431,-0.296306431,-0.296306431,-0.296306431
3.900099992,1,0,0,0,0,0,0,0.949860871,-0.303886801,-0.026429474,0.068693198,-0.619897972,-0.008458834,0.14709621,0.385002106,-0.011658669,-0.103925169,0.3,0,0,0.299999923,0.299999923,0.299999923,0.299999923,-0.299999923,-0.299999923,-0.299999923,-0.299999923
3.94998002,1,0,0,0,0,0,0,0.953410149,-0.292957693,-0.026453247,0.066971056,-0.597038955,-0.011202451,0.14370421,0.731390178,-0.009895864,-0.123213246,0.296306502,0,0,0.296306431,0.296306431,0.296306431,0.296306431,-0.296306431,-0.296306431,-0.296306431,-0.296306431
3.999989986,1,0,0,0,0,0,0,0.961943924,-0.264296055,-0.025671463,0.064440884,-0.537330585,-0.015326671,0.1380005,1.249280214,-0.00217855,-0.124119274,0.285316955,0,0,0.296306431,0.296306431,0.296306431,0.296306431,-0.296306431,-0.296306431,-0.296306431,-0.296306431
4.05053997,1,0,0,0,0,0,0,0.976673484,-0.204402208,-0.022816956,0.06170918,-0.413874492,-0.019343653,0.130259465,1.79932797,0.001490862,-0.111150831,0.267301957,0,0,0.267301887,0.267301887,0.267301887,0.267301887,-0.267301887,-0.267301887,-0.267301887,-0.267301887
4.100049972,1,0,0,0,0,0,0,0.983874679,-0.167081788,-0.020656051,0.060397711,-0.337722951,-0.020464639,0.126110367,1.995717049,0.015185044,-0.11105103,0.242705098,0,0,0.242705047,0.242705047,0.242705047,0.242705047,-0.242705047,-0.242705047,-0.242705047,-0.242705047
4.149940014,1,0,0,0,0,0,0,0.991388559,-0.115685791,-0.017384404,0.058851056,-0.233594226,-0.020854446,0.121032301,2.151808262,0.026335599,-0.100594878,0.212132034,0,0,0.212131992,0.212131992,0.212131992,0.212131992,-0.212131992,-0.212131992,-0.212131992,-0.212131992
4.200169801,1,0,0,0,0,0,0,0.995606959,-0.072311789,-0.014402857,0.057709258,-0.146200991,-0.020334451,0.117287384,2.209443569,0.034918685,-0.08970809,0.176335576,0,0,0.176335543,0.176335543,0.176335543,0.176335543,-0.176335543,-0.176335543,-0.176335543,-0.176335543
4.250049829,1,0,0,0,0,0,0,0.997929633,-0.028173404,-0.011178139,0.056728065,-0.057540612,-0.019114704,0.114119392,2.213730335,0.045720544,-0.07353732,0.13619715,0,0,0.13619712,0.13619712,0.13619712,0.13619712,-0.13619712,-0.13619712,-0.13619712,-0.13619712
4.300019979,1,0,0,0,0,0,0,0.998288989,0.015577795,-0.007839751,0.055812813,0.030236341,-0.017392431,0.111437692,2.174165964,0.045696691,-0.067770563,0.092705098,0,0,0.092705078,0.092705078,0.092705078,0.092705078,-0.092705078,-0.092705078,-0.092705078,-0.092705078
4.350129842,1,0,0,0,0,0,0,0.99265343,0.108478397,-0.000410068,0.05358579,0.217035501,-0.012440233,0.106504733,1.948223948,0.048586037,-0.061799645,0.04693034,0,0,0.046930328,0.046930328,0.046930328,0.046930328,-0.046930328,-0.046930328,-0.046930328,-0.046930328
4.400029897,1,0,0,0,0,0,0,0.987950265,0.145589978,0.002767639,0.052442726,0.292112017,-0.009801848,0.104623264,1.814740181,0.051056638,-0.068391927,9.24E-15,0,0,9.24E-15,9.24E-15,9.24E-15,9.24E-15,-9.24E-15,-9.24E-15,-9.24E-15,-9.24E-15
4.450079918,1,0,0,0,0,0,0,0.982433856,0.179356635,0.005758898,0.051204469,0.360786866,-0.007052307,0.102859621,1.638185143,0.05138595,-0.069165289,-0.04693034,0,0,-0.046930328,-0.046930328,-0.046930328,-0.046930328,0.046930328,0.046930328,0.046930328,0.046930328
4.499929905,1,0,0,0,0,0,0,0.976508379,0.209442377,0.008492396,0.049934071,0.422340404,-0.004330841,0.101253257,1.449313998,0.050912086,-0.064100355,-0.092705098,0,0,-0.092705078,-0.092705078,-0.092705078,-0.092705078,0.092705078,0.092705078,0.092705078,0.092705078
4.550040006,1,0,0,0,0,0,0,0.969123185,0.241502881,0.011531932,0.048413415,0.488394644,-0.001032232,0.099571597,1.211394072,0.043650735,-0.058750831,-0.13619715,0,0,-0.13619712,-0.13619712,-0.13619712,-0.13619712,0.13619712,0.13619712,0.13619712,0.13619712
4.600199937,1,0,0,0,0,0,0,0.963559151,0.262931675,0.013589453,0.047288306,0.532845082,0.001321297,0.098435313,1.029851556,0.033753373,-0.056153547,-0.176335576,0,0,-0.176335543,-0.176335543,-0.176335543,-0.176335543,0.176335543,0.176335543,0.176335543,0.176335543
4.650099992,1,0,0,0,0,0,0,0.955111206,0.29227367,0.016463885,0.045472674,0.594158402,0.00486877,0.096638318,0.709467411,0.024770951,-0.050482161,-0.212132034,0,0,-0.212131992,-0.212131992,-0.212131992,-0.212131992,0.212131992,0.212131992,0.212131992,0.212131992
4.700199842,1,0,0,0,0,0,0,0.948702335,0.312551528,0.018571509,0.043939225,0.636875822,0.007771201,0.095125853,0.479241461,0.009202212,-0.038924817,-0.242705098,0,0,-0.242705047,-0.242705047,-0.242705047,-0.242705047,0.242705047,0.242705047,0.242705047,0.242705047
4.750069856,1,0,0,0,0,0,0,0.946135163,0.320266604,0.019390309,0.043378986,0.653208168,0.008906142,0.094649897,0.340337336,0.019993635,-0.011713805,-0.267301957,0,0,-0.267301887,-0.267301887,-0.267301887,-0.267301887,0.267301887,0.267301887,0.267301887,0.267301887
4.80005002,1,0,0,0,0,0,0,0.944643259,0.324631095,0.019882938,0.043227009,0.662471919,0.009499045,0.094723287,0.155613601,0.00070855,-0.012440981,-0.285316955,0,0,-0.285316885,-0.285316885,-0.285316885,-0.285316885,0.285316885,0.285316885,0.285316885,0.285316885
4.850059986,1,0,0,0,0,0,0,0.944381654,0.32537207,0.020068582,0.043287117,0.664057675,0.009736116,0.094965782,-0.028513378,0.004517288,0.012110922,-0.296306502,0,0,-0.285316885,-0.285316885,-0.285316885,-0.285316885,0.285316885,0.285316885,0.285316885,0.285316885
4.900029897,1,0,0,0,0,0,0,0.946047306,0.3204557,0.019753123,0.043735977,0.653648221,0.009344023,0.095562118,-0.370159775,-0.007626415,0.019656867,-0.3,0,0,-0.299999923,-0.299999923,-0.299999923,-0.299999923,0.299999923,0.299999923,0.299999923,0.299999923
4.950009823,1,0,0,0,0,0,0,0.949540317,0.309880733,0.018967578,0.044582397,0.631307033,0.008390605,0.09657436,-0.82092154,-0.006380679,0.032683469,-0.296306502,0,0,-0.296306431,-0.296306431,-0.296306431,-0.296306431,0.296306431,0.296306431,0.296306431,0.296306431
4.999979973,1,0,0,0,0,0,0,0.962058246,0.268383622,0.01605274,0.046441492,0.544395883,0.005959103,0.098134568,-1.419676185,-0.02241434,0.025443003,-0.285316955,0,0,-0.285316885,-0.285316885,-0.285316885,-0.285316885,0.285316885,0.285316885,0.285316885,0.285316885
5.050009966,1,0,0,0,0,0,0,0.972136974,0.229145423,0.013497202,0.047541913,0.46319545,0.004454248,0.098781663,-1.788391232,-0.020746902,0.019002723,-0.267301957,0,0,-0.267301887,-0.267301887,-0.267301887,-0.267301887,0.267301887,0.267301887,0.267301887,0.267301887
5.099999904,1,0,0,0,0,0,0,0.980138481,0.192003578,0.011104187,0.048373435,0.387047931,0.003191542,0.099252789,-1.999221087,-0.021117954,0.010123115,-0.242705098,0,0,-0.242705047,-0.242705047,-0.242705047,-0.242705047,0.242705047,0.242705047,0.242705047,0.242705047
5.149979829,1,0,0,0,0,0,0,0.987242937,0.151215032,0.008530149,0.049121208,0.304074729,0.00198693,0.099734336,-2.138903141,-0.019674027,0.019303732,-0.212132034,0,0,-0.212131992,-0.212131992,-0.212131992,-0.212131992,0.212131992,0.212131992,0.212131992,0.212131992
5.199989795,1,0,0,0,0,0,0,0.992881894,0.108035214,0.005914924,0.049791742,0.216816233,0.000987119,0.100320892,-2.216395617,-0.014406459,0.016579797,-0.176335576,0,0,-0.176335543,-0.176335543,-0.176335543,-0.176335543,0.176335543,0.176335543,0.176335543,0.176335543
5.25,1,0,0,0,0,0,0,0.997342467,0.052357763,0.00266337,0.050592761,0.104899006,1.47E-05,0.101369027,-2.243045092,-0.017175101,0.023215294,-0.13619715,0,0,-0.13619712,-0.13619712,-0.13619712,-0.13619712,0.13619712,0.13619712,0.13619712,0.13619712
5.299979925,1,0,0,0,0,0,0,0.998016,-0.036017481,-0.00227094,0.051592816,-0.072189068,-0.000816383,0.103328285,-2.165062666,-0.005097694,0.018409662,-0.092705098,0,0,-0.092705078,-0.092705078,-0.092705078,-0.092705078,0.092705078,0.092705078,0.092705078,0.092705078
5.350009918,1,0,0,0,0,0,0,0.995606124,-0.077827036,-0.004494393,0.051878031,-0.156069316,-0.000874264,0.104188163,-2.045787096,-0.004252795,0.019002724,-0.04693034,0,0,-0.046930328,-0.046930328,-0.046930328,-0.046930328,0.046930328,0.046930328,0.046930328,0.046930328
5.40000987,1,0,0,0,0,0,0,0.989401579,-0.135312721,-0.007314441,0.052168939,-0.271856689,-0.000355597,0.105406609,-1.828815222,0.008904196,0.016411411,-1.30E-14,0,0,-1.30E-14,-1.30E-14,-1.30E-14,-1.30E-14,1.30E-14,1.30E-14,1.30E-14,1.30E-14
5.450009823,1,0,0,0,0,0,0,0.984090328,-0.169566244,-0.008879772,0.052295737,-0.341250452,0.000258187,0.106138029,-1.661349297,0.01495258,0.020777447,0.04693034,0,0,0.046930328,0.046930328,0.046930328,0.046930328,-0.046930328,-0.046930328,-0.046930328,-0.046930328
5.499979973,1,0,0,0,0,0,0,0.97830528,-0.200162441,-0.010270798,0.052425575,-0.403584031,0.000891311,0.106891552,-1.468894601,0.004277381,0.019321598,0.092705098,0,0,0.092705078,0.092705078,0.092705078,0.092705078,-0.092705078,-0.092705078,-0.092705078,-0.092705078
5.550299883,1,0,0,0,0,0,0,0.972422361,-0.226935357,-0.011483164,0.052568503,-0.458453417,0.001526334,0.107657388,-1.287810922,0.006101283,0.022988774,0.13619715,0,0,0.13619712,0.13619712,0.13619712,0.13619712,-0.13619712,-0.13619712,-0.13619712,-0.13619712
5.600080013,1,0,0,0,0,0,0,0.960249722,-0.273751646,-0.013640163,0.052864134,-0.555283162,0.002747366,0.109210932,-0.877344787,0.003299863,0.013323876,0.176335576,0,0,0.176335543,0.176335543,0.176335543,0.176335543,-0.176335543,-0.176335543,-0.176335543,-0.176335543
5.650279998,1,0,0,0,0,0,0,0.955765665,-0.288977355,-0.014340764,0.052901126,-0.587052321,0.003161641,0.109630481,-0.718058705,0.004329533,0.005250424,0.212132034,0,0,0.176335543,0.176335543,0.176335543,0.176335543,-0.176335543,-0.176335543,-0.176335543,-0.176335543
5.699929952,1,0,0,0,0,0,0,0.951958776,-0.301253557,-0.0149264,0.052895986,-0.612780721,0.003451579,0.109924756,-0.571604133,0.001045317,0.005298108,0.242705098,0,0,0.242705047,0.242705047,0.242705047,0.242705047,-0.242705047,-0.242705047,-0.242705047,-0.242705047
5.749959945,1,0,0,0,0,0,0,0.948929071,-0.31065625,-0.015424023,0.052805454,-0.632563417,0.003536087,0.110022922,-0.425317973,-0.008878112,-0.004905464,0.267301957,0,0,0.267301887,0.267301887,0.267301887,0.267301887,-0.267301887,-0.267301887,-0.267301887,-0.267301887
5.799959898,1,0,0,0,0,0,0,0.946685851,-0.31740877,-0.0157205,0.05282706,-0.646802511,0.003770803,0.110224723,-0.137013167,0.000985712,-0.000464916,0.285316955,0,0,0.285316885,0.285316885,0.285316885,0.285316885,-0.285316885,-0.285316885,-0.285316885,-0.285316885
5.849979877,1,0,0,0,0,0,0,0.946441293,-0.318148345,-0.015756508,0.052747183,-0.64836486,0.003737646,0.110093064,0.03894493,0.004348904,-0.008550287,0.296306502,0,0,0.285316885,0.285316885,0.285316885,0.285316885,-0.285316885,-0.285316885,-0.285316885,-0.285316885
5.900110006,1,0,0,0,0,0,0,0.950485945,-0.305873126,-0.015080142,0.052828699,-0.622481885,0.003650841,0.109872734,0.646137536,0.008415433,-0.012472274,0.3,0,0,0.299999923,0.299999923,0.299999923,0.299999923,-0.299999923,-0.299999923,-0.299999923,-0.299999923
5.949689865,1,0,0,0,0,0,0,0.956946671,-0.285099417,-0.013875934,0.052717246,-0.578915047,0.00350226,0.109023718,1.075878263,0.014502557,-0.021399563,0.296306502,0,0,0.296306431,0.296306431,0.296306431,0.296306431,-0.296306431,-0.296306431,-0.296306431,-0.296306431
5.999939918,1,0,0,0,0,0,0,0.96387589,-0.260813624,-0.012449537,0.052578192,-0.528335001,0.003426607,0.108062556,1.415404916,0.013475873,-0.023536401,0.285316955,0,0,0.285316885,0.285316885,0.285316885,0.285316885,-0.285316885,-0.285316885,-0.285316885,-0.285316885
6.050099849,1,0,0,0,0,0,0,0.971603215,-0.230521917,-0.010462849,0.052322444,-0.465701449,0.003791472,0.106700225,1.698416948,0.022979846,-0.034214579,0.267301957,0,0,0.267301887,0.267301887,0.267301887,0.267301887,-0.267301887,-0.267301887,-0.267301887,-0.267301887
6.099969864,1,0,0,0,0,0,0,0.979373574,-0.195091143,-0.008111272,0.051971558,-0.393021218,0.004390465,0.105158736,1.91354084,0.039600614,-0.032147788,0.242705098,0,0,0.242705047,0.242705047,0.242705047,0.242705047,-0.242705047,-0.242705047,-0.242705047,-0.242705047
6.149950027,1,0,0,0,0,0,0,0.989541531,-0.134725794,-0.003983857,0.051388536,-0.270328164,0.005962373,0.102959259,2.143741369,0.03773649,-0.029343406,0.212132034,0,0,0.212131992,0.212131992,0.212131992,0.212131992,-0.212131992,-0.212131992,-0.212131992,-0.212131992
6.200009823,1,0,0,0,0,0,0,0.997623384,-0.047020238,0.002161893,0.050320853,-0.093740441,0.009045828,0.100371742,2.229086637,0.046240598,-0.029845579,0.176335576,0,0,0.176335543,0.176335543,0.176335543,0.176335543,-0.176335543,-0.176335543,-0.176335543,-0.176335543
6.249959945,1,0,0,0,0,0,0,0.998753965,-0.002786147,0.005396186,0.049535494,-0.005031074,0.011055175,0.099085562,2.211105347,0.056279529,-0.037038371,0.13619715,0,0,0.13619712,0.13619712,0.13619712,0.13619712,-0.13619712,-0.13619712,-0.13619712,-0.13619712
6.299949884,1,0,0,0,0,0,0,0.997476161,0.051126342,0.009344669,0.048378132,0.103090891,0.013695799,0.097631721,2.129274845,0.055859316,-0.036390174,0.092705098,0,0,0.13619712,0.13619712,0.13619712,0.13619712,-0.13619712,-0.13619712,-0.13619712,-0.13619712
6.349979877,1,0,0,0,0,0,0,0.99454695,0.092059158,0.012321458,0.047431879,0.185365802,0.015776112,0.096778079,2.003992558,0.042868447,-0.030705364,0.04693034,0,0,0.046930328,0.046930328,0.046930328,0.046930328,-0.046930328,-0.046930328,-0.046930328,-0.046930328
6.399909973,1,0,0,0,0,0,0,0.990264356,0.130336359,0.015120571,0.046482895,0.262589103,0.017830842,0.096165609,1.864852667,0.047247898,-0.027491173,1.62E-14,0,0,1.62E-14,1.62E-14,1.62E-14,1.62E-14,-1.62E-14,-1.62E-14,-1.62E-14,-1.62E-14
6.449959993,1,0,0,0,0,0,0,0.985003531,0.165468022,0.01773582,0.045541666,0.333818599,0.019869615,0.095751926,1.707974792,0.043565817,-0.029721882,-0.04693034,0,0,-0.046930328,-0.046930328,-0.046930328,-0.046930328,0.046930328,0.046930328,0.046930328,0.046930328
6.500039816,1,0,0,0,0,0,0,0.976168454,0.211389706,0.021181235,0.044284392,0.427597745,0.022632305,0.095582941,1.423896909,0.045495506,-0.015135117,-0.092705098,0,0,-0.092705078,-0.092705078,-0.092705078,-0.092705078,0.092705078,0.092705078,0.092705078,0.092705078
6.549979925,1,0,0,0,0,0,0,0.965904713,0.254098415,0.024447419,0.043180786,0.515693858,0.025286105,0.096019258,1.103177071,0.034262996,-0.009976329,-0.13619715,0,0,-0.092705078,-0.092705078,-0.092705078,-0.092705078,0.092705078,0.092705078,0.092705078,0.092705078
6.599999904,1,0,0,0,0,0,0,0.96058023,0.273473352,0.025945969,0.04271869,0.555994153,0.026484616,0.096443718,0.929869235,0.030893836,-0.009316209,-0.176335576,0,0,-0.13619712,-0.13619712,-0.13619712,-0.13619712,0.13619712,0.13619712,0.13619712,0.13619712
6.649879932,1,0,0,0,0,0,0,0.954762638,0.293069571,0.027466651,0.042241942,0.596994798,0.02769214,0.096950229,0.724978149,0.023945427,-0.011368098,-0.212132034,0,0,-0.212131992,-0.212131992,-0.212131992,-0.212131992,0.212131992,0.212131992,0.212131992,0.212131992
6.699819803,1,0,0,0,0,0,0,0.951039076,0.304913521,0.02850564,0.041714594,0.621910169,0.028785236,0.096919654,0.543763578,0.022273516,-0.028209392,-0.242705098,0,0,-0.242705047,-0.242705047,-0.242705047,-0.242705047,0.242705047,0.242705047,0.242705047,0.242705047
6.75,1,0,0,0,0,0,0,0.948255181,0.313484102,0.029405763,0.040931851,0.640010217,0.030109907,0.096256264,0.361486584,0.018074369,-0.050805517,-0.267301957,0,0,-0.267301887,-0.267301887,-0.267301887,-0.267301887,0.267301887,0.267301887,0.267301887,0.267301887
6.800019979,1,0,0,0,0,0,0,0.946034491,0.320244133,0.030747144,0.038948342,0.654364673,0.033235881,0.093574242,0.20333451,0.021228936,-0.081719451,-0.285316955,0,0,-0.285316885,-0.285316885,-0.285316885,-0.285316885,0.285316885,0.285316885,0.285316885,0.285316885
6.850080013,1,0,0,0,0,0,0,0.947998106,0.314650506,0.032094106,0.035562143,0.642629472,0.038480505,0.087800214,-0.371591777,0.00930354,-0.135922432,-0.296306502,0,0,-0.285316885,-0.285316885,-0.285316885,-0.285316885,0.285316885,0.285316885,0.285316885,0.285316885
6.90000987,1,0,0,0,0,0,0,0.951494575,0.304126918,0.032563269,0.033239353,0.62047506,0.041761708,0.083229375,-0.707267165,-0.016316773,-0.141923144,-0.3,0,0,-0.299999923,-0.299999923,-0.299999923,-0.299999923,0.299999923,0.299999923,0.299999923,0.299999923
6.95002985,1,0,0,0,0,0,0,0.956801891,0.287192822,0.032655586,0.031374142,0.584962851,0.044483651,0.078954581,-1.036303043,0.003146381,-0.125220463,-0.296306502,0,0,-0.296306431,-0.296306431,-0.296306431,-0.296306431,0.296306431,0.296306431,0.296306431,0.296306431
7.000279903,1,0,0,0,0,0,0,0.965501845,0.256710559,0.031947564,0.029756144,0.521460498,0.046430103,0.074008992,-1.460667849,-0.024113076,-0.101724327,-0.285316955,0,0,-0.285316885,-0.285316885,-0.285316885,-0.285316885,0.285316885,0.285316885,0.285316885,0.285316885
7.050369978,1,0,0,0,0,0,0,0.973413169,0.225122929,0.030772323,0.02897766,0.456202961,0.046878457,0.070405004,-1.762468815,-0.033527639,-0.074520767,-0.267301957,0,0,-0.267301887,-0.267301887,-0.267301887,-0.267301887,0.267301887,0.267301887,0.267301887,0.267301887
7.100250005,1,0,0,0,0,0,0,0.981240928,0.188395113,0.029208757,0.028644102,0.380945055,0.046545638,0.067342866,-1.970169663,-0.043220863,-0.067003138,-0.242705098,0,0,-0.267301887,-0.267301887,-0.267301887,-0.267301887,0.267301887,0.267301887,0.267301887,0.267301887
7.149950027,1,0,0,0,0,0,0,0.994895041,0.093234837,0.025054745,0.029389659,0.188285274,0.044387962,0.063255618,-2.240037918,-0.03600423,-0.021299748,-0.212132034,0,0,-0.212131992,-0.212131992,-0.212131992,-0.212131992,0.212131992,0.212131992,0.212131992,0.212131992
7.199889898,1,0,0,0,0,0,0,0.998121679,0.048074231,0.023040945,0.030188965,0.097604424,0.043106047,0.062578783,-2.283398628,-0.041279249,-0.009375825,-0.176335576,0,0,-0.212131992,-0.212131992,-0.212131992,-0.212131992,0.212131992,0.212131992,0.212131992,0.212131992
7.250209808,1,0,0,0,0,0,0,0.99928993,0.002869709,0.021050172,0.031119594,0.007051736,0.041904098,0.062411062,-2.25647068,-0.020945102,-0.004501647,-0.13619715,0,0,-0.13619712,-0.13619712,-0.13619712,-0.13619712,0.13619712,0.13619712,0.13619712,0.13619712
7.300149917,1,0,0,0,0,0,0,0.998438358,-0.041620199,0.019122735,0.031985939,-0.082047501,0.040859627,0.06237264,-2.19895649,-0.018341862,-0.005707152,-0.092705098,0,0,-0.092705078,-0.092705078,-0.092705078,-0.092705078,0.092705078,0.092705078,0.092705078,0.092705078
7.350229978,1,0,0,0,0,0,0,0.995731235,-0.084547296,0.017283661,0.032748442,-0.168165883,0.039967983,0.062384959,-2.095640421,-0.022044802,-0.006023056,-0.04693034,0,0,-0.046930328,-0.046930328,-0.046930328,-0.046930328,0.046930328,0.046930328,0.046930328,0.046930328
7.400219917,1,0,0,0,0,0,0,0.990206242,-0.134677514,0.015127734,0.03354058,-0.269141983,0.039003356,0.062437452,-1.930314898,-0.013355926,-0.005158788,-1.95E-14,0,0,-1.95E-14,-1.95E-14,-1.95E-14,-1.95E-14,1.95E-14,1.95E-14,1.95E-14,1.95E-14
7.450589895,1,0,0,0,0,0,0,0.97832495,-0.203845486,0.011946525,0.03442185,-0.409674185,0.037417366,0.062565576,-1.581278205,-0.021335497,-0.009897358,0.04693034,0,0,-1.95E-14,-1.95E-14,-1.95E-14,-1.95E-14,1.95E-14,1.95E-14,1.95E-14,1.95E-14
7.499840021,1,0,0,0,0,0,0,0.971923947,-0.232490033,0.010423654,0.034695391,-0.468446836,0.036402695,0.062678287,-1.378346443,-0.025418418,-0.014573343,0.092705098,0,0,0.046930328,0.046930328,0.046930328,0.046930328,-0.046930328,-0.046930328,-0.046930328,-0.046930328
7.549880027,1,0,0,0,0,0,0,0.962750852,-0.267988294,0.008257796,0.034999639,-0.541875473,0.034666327,0.063045483,-1.084809422,-0.033845015,-0.013600294,0.13619715,0,0,0.13619712,0.13619712,0.13619712,0.13619712,-0.13619712,-0.13619712,-0.13619712,-0.13619712
7.599949836,1,0,0,0,0,0,0,0.957294166,-0.286897421,0.006895702,0.035074692,-0.581301056,0.033334281,0.063274216,-0.901007831,-0.032727428,-0.018288201,0.176335576,0,0,0.176335543,0.176335543,0.176335543,0.176335543,-0.176335543,-0.176335543,-0.176335543,-0.176335543
7.649959802,1,0,0,0,0,0,0,0.952555954,-0.302292049,0.005560234,0.035010099,-0.613583945,0.03176476,0.063410985,-0.718840957,-0.034946207,-0.029936433,0.212132034,0,0,0.212131992,0.212131992,0.212131992,0.212131992,-0.212131992,-0.212131992,-0.212131992,-0.212131992
7.699849844,1,0,0,0,0,0,0,0.948707402,-0.314215869,0.004225081,0.034715366,-0.638721701,0.029837385,0.063284634,-0.540702164,-0.039449342,-0.041885685,0.242705098,0,0,0.242705047,0.242705047,0.242705047,0.242705047,-0.242705047,-0.242705047,-0.242705047,-0.242705047
7.749869823,1,0,0,0,0,0,0,0.94380188,-0.328908026,0.000997188,0.032505125,-0.669955659,0.023266786,0.060754629,-0.127889231,-0.05616248,-0.089143217,0.267301957,0,0,0.267301887,0.267301887,0.267301887,0.267301887,-0.267301887,-0.267301887,-0.267301887,-0.267301887
7.800109863,1,0,0,0,0,0,0,0.943729043,-0.329251796,-0.000468953,0.031122401,-0.670780571,0.019610339,0.05909678,0.081882626,-0.044743717,-0.096338995,0.285316955,0,0,0.285316885,0.285316885,0.285316885,0.285316885,-0.285316885,-0.285316885,-0.285316885,-0.285316885
7.849929809,1,0,0,0,0,0,0,0.945150554,-0.325302064,-0.001913137,0.029412491,-0.662519922,0.01552011,0.056880687,0.306094497,-0.0379324,-0.119231656,0.296306502,0,0,0.296306431,0.296306431,0.296306431,0.296306431,-0.296306431,-0.296306431,-0.296306431,-0.296306431
7.900110006,1,0,0,0,0,0,0,0.949218631,-0.313481122,-0.003860519,0.026435688,-0.637705791,0.009245356,0.052633432,0.681559145,-0.030581657,-0.144724593,0.3,0,0,0.299999923,0.299999923,0.299999923,0.299999923,-0.299999923,-0.299999923,-0.299999923,-0.299999923
7.949859857,1,0,0,0,0,0,0,0.954529762,-0.297082454,-0.005033144,0.024286039,-0.603343768,0.004821358,0.049374635,1.00655818,-0.045013446,-0.127379626,0.296306502,0,0,0.296306431,0.296306431,0.296306431,0.296306431,-0.296306431,-0.296306431,-0.296306431,-0.296306431
7.999869823,1,0,0,0,0,0,0,0.961291194,-0.274568856,-0.005780544,0.022313489,-0.556408065,0.001139607,0.046090176,1.335713267,-0.021427881,-0.123366781,0.285316955,0,0,0.285316885,0.285316885,0.285316885,0.285316885,-0.285316885,-0.285316885,-0.285316885,-0.285316885
8.049979925,1,0,0,0,0,0,0,0.979263186,-0.201733947,-0.006025454,0.017642148,-0.40641401,-0.004682986,0.036992512,1.939038634,0.003909323,-0.122039139,0.267301957,0,0,0.267301887,0.267301887,0.267301887,0.267301887,-0.267301887,-0.267301887,-0.267301887,-0.267301887
8.099859953,1,0,0,0,0,0,0,0.986682892,-0.161803827,-0.005527425,0.015680086,-0.325177411,-0.005833469,0.032737666,2.106734276,0.019881902,-0.109140731,0.242705098,0,0,0.242705047,0.242705047,0.242705047,0.242705047,-0.242705047,-0.242705047,-0.242705047,-0.242705047
8.150239944,1,0,0,0,0,0,0,0.992779493,-0.119054444,-0.004724521,0.013878176,-0.238787929,-0.006076336,0.028685351,2.20187521,0.029838869,-0.097409017,0.212132034,0,0,0.212131992,0.212131992,0.212131992,0.212131992,-0.212131992,-0.212131992,-0.212131992,-0.212131992
8.200219869,1,0,0,0,0,0,0,0.997132063,-0.074592881,-0.003696305,0.012248335,-0.149405945,-0.005544158,0.024980831,2.257834911,0.030643536,-0.088794656,0.176335576,0,0,0.212131992,0.212131992,0.212131992,0.212131992,-0.212131992,-0.212131992,-0.212131992,-0.212131992
8.249909877,1,0,0,0,0,0,0,0.999923646,-0.007085739,-0.001966603,0.009945708,-0.01421009,-0.003791969,0.019919222,2.240888119,0.03362526,-0.080727167,0.13619715,0,0,0.13619712,0.13619712,0.13619712,0.13619712,-0.13619712,-0.13619712,-0.13619712,-0.13619712
8.299880027,1,0,0,0,0,0,0,0.999278665,0.036983222,-0.000812987,0.008592299,0.073966728,-0.002260345,0.017112946,2.167177916,0.03730287,-0.069372445,0.092705098,0,0,0.092705078,0.092705078,0.092705078,0.092705078,-0.092705078,-0.092705078,-0.092705078,-0.092705078
8.349889993,1,0,0,0,0,0,0,0.995953083,0.089592494,0.000611069,0.00711383,0.179429717,-5.75E-05,0.014280056,2.017238617,0.041172702,-0.062359948,0.04693034,0,0,0.046930328,0.046930328,0.046930328,0.046930328,-0.046930328,-0.046930328,-0.046930328,-0.046930328
8.399819851,1,0,0,0,0,0,0,0.986305356,0.164824173,0.002846865,0.005173577,0.331187081,0.003910305,0.011144231,1.732378483,0.041439418,-0.04691039,6.73E-15,0,0,6.73E-15,6.73E-15,6.73E-15,6.73E-15,-6.73E-15,-6.73E-15,-6.73E-15,-6.73E-15
8.449869871,1,0,0,0,0,0,0,0.980351806,0.197168693,0.003935519,0.004396948,0.396975595,0.005982541,0.010173392,1.562983155,0.032813124,-0.042921338,-0.04693034,0,0,6.73E-15,6.73E-15,6.73E-15,6.73E-15,-6.73E-15,-6.73E-15,-6.73E-15,-6.73E-15
8.499869823,1,0,0,0,0,0,0,0.974214971,0.225537151,0.004977898,0.003699829,0.455035518,0.008030271,0.009454702,1.367431641,0.037416089,-0.039048508,-0.092705098,0,0,-0.092705078,-0.092705078,-0.092705078,-0.092705078,0.092705078,0.092705078,0.092705078,0.092705078
8.550009966,1,0,0,0,0,0,0,0.96822679,0.249985978,0.005895952,0.00304787,0.505386661,0.009893548,0.008850418,1.161995292,0.030287366,-0.032053899,-0.13619715,0,0,-0.13619712,-0.13619712,-0.13619712,-0.13619712,0.13619712,0.13619712,0.13619712,0.13619712
8.599849939,1,0,0,0,0,0,0,0.961599886,0.274329215,0.008107993,0.001885315,0.555862687,0.014559408,0.008075298,0.693344533,0.260325551,-0.150579244,-0.176335576,0,0,-0.176335543,-0.176335543,-0.176335543,-0.176335543,0.176335543,0.176335543,0.176335543,0.176335543
8.649899959,1,0,0,0,0,0,0,0.958749831,0.283925891,0.013534056,0.001280171,0.575954762,0.025227277,0.010143467,0.343417406,0.027016556,0.037430976,-0.212132034,0,0,-0.212131992,-0.212131992,-0.212131992,-0.212131992,0.212131992,0.212131992,0.212131992,0.212131992
8.699849844,1,0,0,0,0,0,0,0.957289934,0.288887948,0.011209729,0.003804863,0.586304871,0.019264748,0.013764408,-0.011816623,-0.036621105,0.065045811,-0.242705098,0,0,-0.242705047,-0.242705047,-0.242705047,-0.242705047,0.242705047,0.242705047,0.242705047,0.242705047
8.75007987,1,0,0,0,0,0,0,0.957606971,0.287865281,0.010018793,0.004722036,0.58415285,0.016470253,0.014814382,-0.116385534,-0.038121644,0.058438633,-0.267301957,0,0,-0.267301887,-0.267301887,-0.267301887,-0.267301887,0.267301887,0.267301887,0.267301887,0.267301887
8.800059795,1,0,0,0,0,0,0,0.959248483,0.282388628,0.008303285,0.005502036,0.572693243,0.01282275,0.015246986,-0.336280495,-0.043708086,0.022313746,-0.285316955,0,0,-0.285316885,-0.285316885,-0.285316885,-0.285316885,0.285316885,0.285316885,0.285316885,0.285316885
8.849999904,1,0,0,0,0,0,0,0.96157676,0.274387807,0.006961679,0.005751212,0.556005423,0.010232431,0.01488219,-0.519040227,-0.058713567,0.009212645,-0.296306502,0,0,-0.296306431,-0.296306431,-0.296306431,-0.296306431,0.296306431,0.296306431,0.296306431,0.296306431
8.899909973,1,0,0,0,0,0,0,0.964856267,0.262653619,0.005501206,0.005950823,0.531614361,0.007489803,0.014374096,-0.752285302,-0.068016365,0.024857378,-0.3,0,0,-0.299999923,-0.299999923,-0.299999923,-0.299999923,0.299999923,0.299999923,0.299999923,0.299999923
8.950089931,1,0,0,0,0,0,0,0.969451845,0.245173916,0.003956411,0.006112116,0.495443763,0.004674053,0.013791409,-1.060539842,-0.072075441,0.031458598,-0.296306502,0,0,-0.296306431,-0.296306431,-0.296306431,-0.296306431,0.296306431,0.296306431,0.296306431,0.296306431
9.000409841,1,0,0,0,0,0,0,0.984233499,0.176689401,-0.000178653,0.008082658,0.35523012,-0.003207917,0.015848057,-1.739150167,-0.055669285,0.0568964,-0.285316955,0,0,-0.285316885,-0.285316885,-0.285316885,-0.285316885,0.285316885,0.285316885,0.285316885,0.285316885
9.050069809,1,0,0,0,0,0,0,0.990122199,0.139907077,-0.001730995,0.009003448,0.280695431,-0.00594712,0.017345847,-1.957832575,-0.052094508,0.048715666,-0.267301957,0,0,-0.267301887,-0.267301887,-0.267301887,-0.267301887,0.267301887,0.267301887,0.267301887,0.267301887
9.09991002,1,0,0,0,0,0,0,0.994992137,0.099413469,-0.003217725,0.009865719,0.199087211,-0.00836489,0.01899466,-2.10733819,-0.035145923,0.05250356,-0.242705098,0,0,-0.242705047,-0.242705047,-0.242705047,-0.242705047,0.242705047,0.242705047,0.242705047,0.242705047
9.149940014,1,0,0,0,0,0,0,0.998903394,0.045288682,-0.004946472,0.010796518,0.090500035,-0.010860227,0.021124133,-2.227239847,-0.043742418,0.038977765,-0.212132034,0,0,-0.212131992,-0.212131992,-0.212131992,-0.212131992,0.212131992,0.212131992,0.212131992,0.212131992
9.199899912,1,0,0,0,0,0,0,0.999915063,0.000563424,-0.006337604,0.011383359,0.000982545,-0.012687296,0.022761436,-2.256462097,-0.037096489,0.031320047,-0.176335576,0,0,-0.176335543,-0.176335543,-0.176335543,-0.176335543,0.176335543,0.176335543,0.176335543,0.176335543
9.250039816,1,0,0,0,0,0,0,0.998913646,-0.044430401,-0.007718933,0.011748763,-0.08907256,-0.014377583,0.024162754,-2.230861902,-0.053197213,0.021844387,-0.13619715,0,0,-0.13619712,-0.13619712,-0.13619712,-0.13619712,0.13619712,0.13619712,0.13619712,0.13619712
9.30005002,1,0,0,0,0,0,0,0.989863038,-0.141109765,-0.010932808,0.01182896,-0.283444251,-0.018306619,0.026511093,-2.052920341,-0.04688954,0.005819655,-0.092705098,0,0,-0.092705078,-0.092705078,-0.092705078,-0.092705078,0.092705078,0.092705078,0.092705078,0.092705078
9.350090027,1,0,0,0,0,0,0,0.983482182,-0.180224046,-0.012207006,0.011549584,-0.362749382,-0.019849018,0.027126272,-1.916815519,-0.040625069,-0.003410879,-0.04693034,0,0,-0.046930328,-0.046930328,-0.046930328,-0.046930328,0.046930328,0.046930328,0.046930328,0.046930328
9.400059938,1,0,0,0,0,0,0,0.97623229,-0.216025263,-0.01338564,0.01116409,-0.435844768,-0.021313145,0.027590522,-1.750081658,-0.042684406,-0.011238464,6.03E-15,0,0,6.03E-15,6.03E-15,6.03E-15,6.03E-15,-6.03E-15,-6.03E-15,-6.03E-15,-6.03E-15
9.449919939,1,0,0,0,0,0,0,0.968549907,-0.24817057,-0.01440698,0.010723277,-0.501980706,-0.022587273,0.027933589,-1.560621858,-0.030371565,-0.01526625,0.04693034,0,0,0.046930328,0.046930328,0.046930328,0.046930328,-0.046930328,-0.046930328,-0.046930328,-0.046930328
9.499919895,1,0,0,0,0,0,0,0.959062397,-0.28258884,-0.015530073,0.010084841,-0.573423716,-0.024091221,0.028133108,-1.306030869,-0.026018931,-0.020523377,0.092705098,0,0,0.092705078,0.092705078,0.092705078,0.092705078,-0.092705078,-0.092705078,-0.092705078,-0.092705078
9.549899815,1,0,0,0,0,0,0,0.952008307,-0.305490851,-0.016291279,0.009494422,-0.621375539,-0.025220621,0.028043803,-1.102237821,-0.017957395,-0.023752455,0.13619715,0,0,0.13619712,0.13619712,0.13619712,0.13619712,-0.13619712,-0.13619712,-0.13619712,-0.13619712
9.600049975,1,0,0,0,0,0,0,0.940401971,-0.339520872,-0.017464057,0.00804021,-0.693318154,-0.027390255,0.026994287,-0.710256517,-0.006829204,-0.04119277,0.176335576,0,0,0.176335543,0.176335543,0.176335543,0.176335543,-0.176335543,-0.176335543,-0.176335543,-0.176335543
9.650049925,1,0,0,0,0,0,0,0.934341729,-0.355856329,-0.018096933,0.006660814,-0.728170559,-0.029080951,0.025340194,-0.448593587,-0.000950694,-0.054623194,0.212132034,0,0,0.212131992,0.212131992,0.212131992,0.212131992,-0.212131992,-0.212131992,-0.212131992,-0.212131992
9.700029845,1,0,0,0,0,0,0,0.931742549,-0.362607956,-0.018486174,0.005449994,-0.742633664,-0.030501011,0.023575596,-0.283579528,0.004477054,-0.067697473,0.242705098,0,0,0.242705047,0.242705047,0.242705047,0.242705047,-0.242705047,-0.242705047,-0.242705047,-0.242705047
9.750049825,1,0,0,0,0,0,0,0.93028897,-0.366319954,-0.018881572,0.003968569,-0.750590625,-0.032228679,0.021229842,-0.108049832,0.016302615,-0.089468062,0.267301957,0,0,0.242705047,0.242705047,0.242705047,0.242705047,-0.242705047,-0.242705047,-0.242705047,-0.242705047
9.800050015,1,0,0,0,0,0,0,0.930020094,-0.366995513,-0.019294659,0.00217748,-0.752015499,-0.03429731,0.01822403,0.040084872,0.004722923,-0.116483867,0.285316955,0,0,0.285316885,0.285316885,0.285316885,0.285316885,-0.285316885,-0.285316885,-0.285316885,-0.285316885
9.850039955,1,0,0,0,0,0,0,0.931782603,-0.362472683,-0.019863345,-0.00052349,-0.742244129,-0.037404858,0.013434082,0.350987136,0.024182348,-0.133654475,0.296306502,0,0,0.296306431,0.296306431,0.296306431,0.296306431,-0.296306431,-0.296306431,-0.296306431,-0.296306431
9.899940015,1,0,0,0,0,0,0,0.940018237,-0.340405881,-0.02122991,-0.006260762,-0.694933698,-0.044189769,0.002685736,0.79160881,0.014518951,-0.192749575,0.3,0,0,0.299999923,0.299999923,0.299999923,0.299999923,-0.299999923,-0.299999923,-0.299999923,-0.299999923
9.950039865,1,0,0,0,0,0,0,0.946834624,-0.320828617,-0.021983227,-0.009498327,-0.653309926,-0.047741751,-0.003885429,1.187181354,0.035620496,-0.185179785,0.296306502,0,0,0.296306431,0.296306431,0.296306431,0.296306431,-0.296306431,-0.296306431,-0.296306431,-0.296306431
10.00001002,1,0,0,0,0,0,0,0.957675338,-0.286631703,-0.022894841,-0.013267958,-0.581311134,-0.051480419,-0.012304629,1.621137857,0.033339135,-0.179231301,0.285316955,0,0,0.285316885,0.285316885,0.285316885,0.285316885,-0.285316885,-0.285316885,-0.285316885,-0.285316885
10.0500598,1,0,0,0,0,0,0,0.967178524,-0.252501965,-0.02347336,-0.016058564,-0.510226243,-0.053541051,-0.019237602,1.890301228,0.048651591,-0.172068372,0.267301957,0,0,0.267301887,0.267301887,0.267301887,0.267301887,-0.267301887,-0.267301887,-0.267301887,-0.267301887
10.10004998,1,0,0,0,0,0,0,0.976443052,-0.213638112,-0.023908669,-0.01860282,-0.430080782,-0.054666676,-0.026155634,2.081717491,0.058090001,-0.175653592,0.242705098,0,0,0.242705047,0.242705047,0.242705047,0.242705047,-0.242705047,-0.242705047,-0.242705047,-0.242705047
10.14999986,1,0,0,0,0,0,0,0.984707952,-0.171243727,-0.024254132,-0.020929106,-0.34345597,-0.054962072,-0.032967106,2.211885452,0.062679574,-0.161528811,0.212132034,0,0,0.212131992,0.212131992,0.212131992,0.212131992,-0.212131992,-0.212131992,-0.212131992,-0.212131992
10.1999898,1,0,0,0,0,0,0,0.991404414,-0.126427352,-0.024569096,-0.023019375,-0.252599747,-0.054563441,-0.039499644,2.29029417,0.058809742,-0.15086402,0.176335576,0,0,0.176335543,0.176335543,0.176335543,0.176335543,-0.176335543,-0.176335543,-0.176335543,-0.176335543
10.24987984,1,0,0,0,0,0,0,0.999076426,-0.022561405,-0.024933873,-0.026749799,-0.043818274,-0.051050888,-0.052417361,2.297359228,0.060417585,-0.132180944,0.13619715,0,0,0.13619712,0.13619712,0.13619712,0.13619712,-0.13619712,-0.13619712,-0.13619712,-0.13619712
10.29989982,1,0,0,0,0,0,0,0.999034643,0.022616083,-0.025077997,-0.028100995,0.046670529,-0.048855926,-0.057381968,2.228125095,0.05240969,-0.126066953,0.092705098,0,0,0.13619712,0.13619712,0.13619712,0.13619712,-0.13619712,-0.13619712,-0.13619712,-0.13619712
10.35003996,1,0,0,0,0,0,0,0.997066259,0.066047825,-0.025158487,-0.029391581,0.133728106,-0.04630339,-0.062040263,2.118404627,0.049417526,-0.122830428,0.04693034,0,0,0.046930328,0.046930328,0.046930328,0.046930328,-0.046930328,-0.046930328,-0.046930328,-0.046930328
10.39988995,1,0,0,0,0,0,0,0.991217613,0.126028776,-0.025106333,-0.031210104,0.254366206,-0.041917211,-0.06831333,1.899300098,0.051213112,-0.11730206,-1.98E-14,0,0,-1.98E-14,-1.98E-14,-1.98E-14,-1.98E-14,1.98E-14,1.98E-14,1.98E-14,1.98E-14
10.45000983,1,0,0,0,0,0,0,0.985981405,0.16177769,-0.024966959,-0.032332707,0.326653544,-0.03878221,-0.071953211,1.717250943,0.051879182,-0.106436111,-0.04693034,0,0,-0.046930328,-0.046930328,-0.046930328,-0.046930328,0.046930328,0.046930328,0.046930328,0.046930328
10.5,1,0,0,0,0,0,0,0.980190217,0.193656072,-0.024714548,-0.033375196,0.391450925,-0.035530764,-0.0751183,1.520128846,0.047833495,-0.106188722,-0.092705098,0,0,-0.092705078,-0.092705078,-0.092705078,-0.092705078,0.092705078,0.092705078,0.092705078,0.092705078
10.55035997,1,0,0,0,0,0,0,0.96712476,0.250674397,-0.024009809,-0.035435498,0.508386631,-0.028679346,-0.080699086,1.081153154,0.03961698,-0.081557058,-0.13619715,0,0,-0.13619712,-0.13619712,-0.13619712,-0.13619712,0.13619712,0.13619712,0.13619712,0.13619712
10.59999991,1,0,0,0,0,0,0,0.962333679,0.268502235,-0.021840014,-0.036653258,0.545105191,-0.022353659,-0.082387244,0.61783421,0.27519989,-0.137336597,-0.176335576,0,0,-0.176335543,-0.176335543,-0.176335543,-0.176335543,0.176335543,0.176335543,0.176335543,0.176335543
10.65001989,1,0,0,0,0,0,0,0.959219694,0.279628813,-0.016371094,-0.037913162,0.567730802,-0.010203902,-0.081985833,0.530385256,0.250206172,-0.162160441,-0.212132034,0,0,-0.212131992,-0.212131992,-0.212131992,-0.212131992,0.212131992,0.212131992,0.212131992,0.212131992
10.69997001,1,0,0,0,0,0,0,0.956694841,0.288196295,-0.011112526,-0.039425761,0.585131063,0.001462124,-0.08193375,0.364372909,0.240264118,-0.167502508,-0.242705098,0,0,-0.242705047,-0.242705047,-0.242705047,-0.242705047,0.242705047,0.242705047,0.242705047,0.242705047
10.75,1,0,0,0,0,0,0,0.954600573,0.294955224,-0.004790452,-0.041429523,0.598727275,0.015294365,-0.082024745,0.185757145,0.220579684,-0.155110672,-0.267301957,0,0,-0.267301887,-0.267301887,-0.267301887,-0.267301887,0.267301887,0.267301887,0.267301887,0.267301887
10.79999996,1,0,0,0,0,0,0,0.953913867,0.29695335,1.79E-06,-0.043212038,0.602522107,0.025670144,-0.082560973,0.050631922,0.195474207,-0.18858169,-0.285316955,0,0,-0.285316885,-0.285316885,-0.285316885,-0.285316885,0.285316885,0.285316885,0.285316885,0.285316885
10.85062004,1,0,0,0,0,0,0,0.955872476,0.289822578,0.009161645,-0.04719048,0.586872751,0.044883521,-0.085093893,-0.419457287,0.164041668,-0.177523509,-0.296306502,0,0,-0.296306431,-0.296306431,-0.296306431,-0.296306431,0.296306431,0.296306431,0.296306431,0.296306431
10.89999986,1,0,0,0,0,0,0,0.959769785,0.275783241,0.014807383,-0.050659064,0.557088437,0.056395085,-0.089335435,-0.776352167,0.123667024,-0.175020173,-0.3,0,0,-0.299999923,-0.299999923,-0.299999923,-0.299999923,0.299999923,0.299999923,0.299999923,0.299999923
10.95000983,1,0,0,0,0,0,0,0.964631438,0.257563025,0.018993493,-0.052790254,0.518885785,0.063880508,-0.092381734,-1.099171042,0.113353908,-0.157406956,-0.296306502,0,0,-0.299999923,-0.299999923,-0.299999923,-0.299999923,0.299999923,0.299999923,0.299999923,0.299999923
10.99998999,1,0,0,0,0,0,0,0.970656574,0.233047754,0.022979178,-0.054650221,0.467903276,0.070139488,-0.095764095,-1.431612134,0.084451631,-0.146135777,-0.285316955,0,0,-0.285316885,-0.285316885,-0.285316885,-0.285316885,0.285316885,0.285316885,0.285316885,0.285316885
11.05001998,1,0,0,0,0,0,0,0.977363348,0.202256054,0.026688954,-0.056047916,0.404399727,0.074911694,-0.099202721,-1.71659863,0.065440729,-0.116135255,-0.267301957,0,0,-0.285316885,-0.285316885,-0.285316885,-0.285316885,0.285316885,0.285316885,0.285316885,0.285316885
11.09990001,1,0,0,0,0,0,0,0.987010241,0.146725565,0.031836595,-0.057174802,0.290999326,0.079708468,-0.104039051,-2.025295019,0.033209506,-0.088374406,-0.242705098,0,0,-0.242705047,-0.242705047,-0.242705047,-0.242705047,0.242705047,0.242705047,0.242705047,0.242705047
11.15030981,1,0,0,0,0,0,0,0.995799959,0.061070994,0.037986618,-0.056656227,0.11800031,0.082668365,-0.108781946,-2.22907567,-0.000919403,-0.051522322,-0.212132034,0,0,-0.212131992,-0.212131992,-0.212131992,-0.212131992,0.212131992,0.212131992,0.212131992,0.212131992
11.20007992,1,0,0,0,0,0,0,0.997487545,0.016161902,0.040741272,-0.055658605,0.027807074,0.083172754,-0.110324853,-2.264513016,0.002063068,-0.037713397,-0.176335576,0,0,-0.176335543,-0.176335543,-0.176335543,-0.176335543,0.176335543,0.176335543,0.176335543,0.176335543
11.25002003,1,0,0,0,0,0,0,0.996786416,-0.039720029,0.043846365,-0.054008584,-0.084312178,0.083216467,-0.111771735,-2.228364468,0.000924618,-0.02988879,-0.13619715,0,0,-0.13619712,-0.13619712,-0.13619712,-0.13619712,0.13619712,0.13619712,0.13619712,0.13619712
11.30003,1,0,0,0,0,0,0,0.994086564,-0.083095245,0.046057474,-0.052590858,-0.171477642,0.082925138,-0.11284029,-2.140552759,-0.003887717,-0.030909518,-0.092705098,0,0,-0.092705078,-0.092705078,-0.092705078,-0.092705078,0.092705078,0.092705078,0.092705078,0.092705078
11.35000992,1,0,0,0,0,0,0,0.98973614,-0.124492019,0.048063651,-0.051129743,-0.254954381,0.08250372,-0.113808773,-2.022055864,-0.005659468,-0.028248167,-0.04693034,0,0,-0.046930328,-0.046930328,-0.046930328,-0.046930328,0.046930328,0.046930328,0.046930328,0.046930328
11.40001989,1,0,0,0,0,0,0,0.984096706,-0.163124263,0.04978013,-0.049662624,-0.333233054,0.081865957,-0.11462016,-1.881881595,-0.014103964,-0.023894036,3.37E-14,0,0,3.37E-14,3.37E-14,3.37E-14,3.37E-14,-3.37E-14,-3.37E-14,-3.37E-14,-3.37E-14
11.4499898,1,0,0,0,0,0,0,0.971325338,-0.228785142,0.042187445,-0.049038466,-0.466075451,0.059552111,-0.115025253,-1.570015669,-0.121314906,-0.064693443,0.04693034,0,0,0.046930328,0.046930328,0.046930328,0.046930328,-0.046930328,-0.046930328,-0.046930328,-0.046930328
11.50002003,1,0,0,0,0,0,0,0.967350304,-0.246286094,0.031776626,-0.050665293,-0.500688872,0.03653006,-0.113997068,-0.784197628,-0.520800114,-0.253483653,0.092705098,0,0,0.092705078,0.092705078,0.092705078,0.092705078,-0.092705078,-0.092705078,-0.092705078,-0.092705078
11.55000997,1,0,0,0,0,0,0,0.963714778,-0.260787219,0.0218585,-0.052592255,-0.5293852,0.014700475,-0.113021366,-0.660519421,-0.466564357,-0.246363908,0.13619715,0,0,0.13619712,0.13619712,0.13619712,0.13619712,-0.13619712,-0.13619712,-0.13619712,-0.13619712
11.60001994,1,0,0,0,0,0,0,0.959909499,-0.274607629,0.010162136,-0.055328816,-0.556659102,-0.010878182,-0.112043392,-0.455243915,-0.432498753,-0.243134812,0.176335576,0,0,0.176335543,0.176335543,0.176335543,0.176335543,-0.176335543,-0.176335543,-0.176335543,-0.176335543
11.64999986,1,0,0,0,0,0,0,0.957590103,-0.282289773,0.001216626,-0.057727266,-0.571654106,-0.030266189,-0.111527002,-0.297507674,-0.408498943,-0.248476878,0.212132034,0,0,0.212131992,0.212131992,0.212131992,0.212131992,-0.212131992,-0.212131992,-0.212131992,-0.212131992
11.69999981,1,0,0,0,0,0,0,0.955885947,-0.287421465,-0.007253218,-0.060152851,-0.581474342,-0.048463907,-0.111188309,-0.187097505,-0.366987288,-0.241927817,0.242705098,0,0,0.242705047,0.242705047,0.242705047,0.242705047,-0.242705047,-0.242705047,-0.242705047,-0.242705047
11.75003982,1,0,0,0,0,0,0,0.954467654,-0.290759027,-0.019212138,-0.063887186,-0.587278337,-0.073893509,-0.111317202,-0.076441474,-0.333854616,-0.238353059,0.267301957,0,0,0.267301887,0.267301887,0.267301887,0.267301887,-0.267301887,-0.267301887,-0.267301887,-0.267301887
11.80004001,1,0,0,0,0,0,0,0.95505029,-0.286308497,-0.033903483,-0.068971828,-0.576594197,-0.104443267,-0.113186382,0.306146562,-0.280147761,-0.233405828,0.285316955,0,0,0.285316885,0.285316885,0.285316885,0.285316885,-0.285316885,-0.285316885,-0.285316885,-0.285316885
11.84997988,1,0,0,0,0,0,0,0.956639051,-0.279415369,-0.040774409,-0.071459956,-0.561537809,-0.118221963,-0.114990872,0.452385068,-0.244832054,-0.22944361,0.296306502,0,0,0.296306431,0.296306431,0.296306431,0.296306431,-0.296306431,-0.296306431,-0.296306431,-0.296306431
11.90017987,1,0,0,0,0,0,0,0.959289372,-0.268365979,-0.047456812,-0.074104428,-0.537802812,-0.13119992,-0.117988851,0.728578269,-0.214999944,-0.228534684,0.3,0,0,0.299999923,0.299999923,0.299999923,0.299999923,-0.299999923,-0.299999923,-0.299999923,-0.299999923
11.9499898,1,0,0,0,0,0,0,0.963343143,-0.251442134,-0.053921591,-0.076417148,-0.501916064,-0.142803803,-0.121650592,1.01666975,-0.198873922,-0.229270816,0.296306502,0,0,0.296306431,0.296306431,0.296306431,0.296306431,-0.296306431,-0.296306431,-0.296306431,-0.296306431
12.00001002,1,0,0,0,0,0,0,0.96994096,-0.221841842,-0.061655853,-0.078734547,-0.439793705,-0.155160155,-0.1272477,1.428096056,-0.161388621,-0.208696857,0.285316955,0,0,0.285316885,0.285316885,0.285316885,0.285316885,-0.285316885,-0.285316885,-0.285316885,-0.285316885
12.05023981,1,0,0,0,0,0,0,0.975983143,-0.191139445,-0.067478314,-0.079810381,-0.375986781,-0.16294526,-0.132120644,1.712948799,-0.121258311,-0.179454848,0.267301957,0,0,0.267301887,0.267301887,0.267301887,0.267301887,-0.267301887,-0.267301887,-0.267301887,-0.267301887
12.10093999,1,0,0,0,0,0,0,0.987055242,-0.115419239,-0.077878721,-0.079596423,-0.220498888,-0.172976368,-0.141736855,2.09441185,-0.056271318,-0.132943854,0.242705098,0,0,0.242705047,0.242705047,0.242705047,0.242705047,-0.242705047,-0.242705047,-0.242705047,-0.242705047
12.15019989,1,0,0,0,0,0,0,0.991545737,-0.06184765,-0.083429709,-0.077792697,-0.111621035,-0.175978169,-0.146734189,2.214315891,-0.029714441,-0.097948432,0.212132034,0,0,0.212131992,0.212131992,0.212131992,0.212131992,-0.212131992,-0.212131992,-0.212131992,-0.212131992
12.20055986,1,0,0,0,0,0,0,0.993164361,-0.017348189,-0.087236129,-0.075588144,-0.021609772,-0.176822227,-0.150008289,2.254089117,0.005071617,-0.076174833,0.176335576,0,0,0.176335543,0.176335543,0.176335543,0.176335543,-0.176335543,-0.176335543,-0.176335543,-0.176335543
12.25026989,1,0,0,0,0,0,0,0.992840052,0.02739102,-0.090547062,-0.072936833,0.068721762,-0.176720233,-0.152752683,2.237317562,-0.004024809,-0.065285042,0.13619715,0,0,0.13619712,0.13619712,0.13619712,0.13619712,-0.13619712,-0.13619712,-0.13619712,-0.13619712
12.3003099,1,0,0,0,0,0,0,0.990617275,0.071224622,-0.093328364,-0.06996116,0.157233102,-0.175844235,-0.154901875,2.165672541,0.021994885,-0.053171877,0.092705098,0,0,0.092705078,0.092705078,0.092705078,0.092705078,-0.092705078,-0.092705078,-0.092705078,-0.092705078
12.35046983,1,0,0,0,0,0,0,0.984213889,0.133166373,-0.096549645,-0.065330885,0.282682201,-0.173520669,-0.157314137,1.995788574,0.035881292,-0.049305014,0.04693034,0,0,0.046930328,0.046930328,0.046930328,0.046930328,-0.046930328,-0.046930328,-0.046930328,-0.046930328
12.40001989,1,0,0,0,0,0,0,0.973564327,0.196970209,-0.098635934,-0.060385428,0.412781383,-0.169072917,-0.159371484,1.725975394,0.05927613,-0.062412076,-4.54E-14,0,0,-4.54E-14,-4.54E-14,-4.54E-14,-4.54E-14,4.54E-14,4.54E-14,4.54E-14,4.54E-14
12.44993997,1,0,0,0,0,0,0,0.966753781,0.228545472,-0.098946869,-0.057997953,0.477608905,-0.165559449,-0.160233577,1.534183621,0.080519222,-0.061391331,-0.04693034,0,0,-0.046930328,-0.046930328,-0.046930328,-0.046930328,0.046930328,0.046930328,0.046930328,0.046930328
12.49995995,1,0,0,0,0,0,0,0.956674397,0.268454164,-0.09847001,-0.054867428,0.560022389,-0.159625668,-0.160571574,1.237116694,0.088832557,-0.055021077,-0.092705098,0,0,-0.092705078,-0.092705078,-0.092705078,-0.092705078,0.092705078,0.092705078,0.092705078,0.092705078
12.54993988,1,0,0,0,0,0,0,0.950523436,0.290100127,-0.097633213,-0.053056624,0.604938304,-0.155447102,-0.160115562,1.046126723,0.094089672,-0.048962243,-0.13619715,0,0,-0.13619712,-0.13619712,-0.13619712,-0.13619712,0.13619712,0.13619712,0.13619712,0.13619712
12.60014987,1,0,0,0,0,0,0,0.945094228,0.307971507,-0.096461974,-0.051437378,0.6421048,-0.151224506,-0.159120326,0.844784856,0.101239257,-0.040644411,-0.176335576,0,0,-0.13619712,-0.13619712,-0.13619712,-0.13619712,0.13619712,0.13619712,0.13619712,0.13619712
12.64998985,1,0,0,0,0,0,0,0.940498292,0.322410882,-0.094953023,-0.049982619,0.672127656,-0.146904226,-0.157586672,0.686554015,0.109300777,-0.039853156,-0.212132034,0,0,-0.212131992,-0.212131992,-0.212131992,-0.212131992,0.212131992,0.212131992,0.212131992,0.212131992
12.7008698,1,0,0,0,0,0,0,0.93349427,0.343767583,-0.09050113,-0.047139399,0.716158757,-0.136982532,-0.152239366,0.344576657,0.129375622,-0.021053847,-0.242705098,0,0,-0.242705047,-0.242705047,-0.242705047,-0.242705047,0.242705047,0.242705047,0.242705047,0.242705047
12.75004983,1,0,0,0,0,0,0,0.931934237,0.348738581,-0.088120423,-0.045989733,0.726065234,-0.132555903,-0.149034446,0.18094109,0.139332563,-0.003212691,-0.267301957,0,0,-0.267301887,-0.267301887,-0.267301887,-0.267301887,0.267301887,0.267301887,0.267301887,0.267301887
12.8000598,1,0,0,0,0,0,0,0.93165338,0.350246221,-0.085426912,-0.045297161,0.728544702,-0.127793775,-0.145946886,-0.036257505,0.13858901,-0.021716952,-0.285316955,0,0,-0.285316885,-0.285316885,-0.285316885,-0.285316885,0.285316885,0.285316885,0.285316885,0.285316885
12.85009003,1,0,0,0,0,0,0,0.933289051,0.346840709,-0.081619039,-0.044850212,0.720275577,-0.121535513,-0.141852107,-0.278064609,0.144615024,-0.010390581,-0.296306502,0,0,-0.296306431,-0.296306431,-0.296306431,-0.296306431,0.296306431,0.296306431,0.296306431,0.296306431
12.90011001,1,0,0,0,0,0,0,0.93620944,0.339659721,-0.078269504,-0.044913411,0.704154274,-0.116304752,-0.138644089,-0.54743433,0.134512007,-0.047723953,-0.3,0,0,-0.299999923,-0.299999923,-0.299999923,-0.299999923,0.299999923,0.299999923,0.299999923,0.299999923
12.9502399,1,0,0,0,0,0,0,0.941369534,0.325845927,-0.074667148,-0.045527853,0.674020299,-0.111137255,-0.135626609,-0.907623887,0.146799564,-0.027480727,-0.296306502,0,0,-0.296306431,-0.296306431,-0.296306431,-0.296306431,0.296306431,0.296306431,0.296306431,0.296306431
13.00013996,1,0,0,0,0,0,0,0.961349428,0.263026267,-0.06534145,-0.048530146,0.54059619,-0.100270441,-0.128681274,-1.714406729,0.111053236,0.009498754,-0.285316955,0,0,-0.285316885,-0.285316885,-0.285316885,-0.285316885,0.285316885,0.285316885,0.285316885,0.285316885
13.05009985,1,0,0,0,0,0,0,0.968312681,0.236658946,-0.062526956,-0.049535286,0.485606259,-0.097801164,-0.126465959,-1.905088544,0.103338912,0.022421056,-0.267301957,0,0,-0.267301887,-0.267301887,-0.267301887,-0.267301887,0.267301887,0.267301887,0.267301887,0.267301887
13.10014987,1,0,0,0,0,0,0,0.977225006,0.197476074,-0.058763642,-0.050809439,0.404654265,-0.094925774,-0.123380151,-2.099720478,0.08158768,0.044252776,-0.242705098,0,0,-0.242705047,-0.242705047,-0.242705047,-0.242705047,0.242705047,0.242705047,0.242705047,0.242705047
13.15039993,1,0,0,0,0,0,0,0.985038698,0.154814243,-0.055054661,-0.051965665,0.317352182,-0.092503749,-0.120225047,-2.230000734,0.075971439,0.052183192,-0.212132034,0,0,-0.212131992,-0.212131992,-0.212131992,-0.212131992,0.212131992,0.212131992,0.212131992,0.212131992
13.2000599,1,0,0,0,0,0,0,0.991226375,0.109749019,-0.051292799,-0.052865054,0.225820086,-0.090204032,-0.116800291,-2.316208601,0.075361982,0.069474526,-0.176335576,0,0,-0.176335543,-0.176335543,-0.176335543,-0.176335543,0.176335543,0.176335543,0.176335543,0.176335543
13.25037003,1,0,0,0,0,0,0,0.996718347,0.040137779,-0.045522746,-0.053567104,0.085311566,-0.086554593,-0.111080234,-2.317294598,0.071416147,0.088084608,-0.13619715,0,0,-0.13619712,-0.13619712,-0.13619712,-0.13619712,0.13619712,0.13619712,0.13619712,0.13619712
13.30007983,1,0,0,0,0,0,0,0.997672975,-0.005876382,-0.041662633,-0.053653147,-0.007280398,-0.083860169,-0.107147624,-2.238981962,0.070189789,0.091461219,-0.092705098,0,0,-0.092705078,-0.092705078,-0.092705078,-0.092705078,0.092705078,0.092705078,0.092705078,0.092705078
13.35004998,1,0,0,0,0,0,0,0.993687093,-0.092672229,-0.034084965,-0.053257305,-0.182094668,-0.077688626,-0.099992348,-2.063570023,0.069525175,0.090649083,-0.04693034,0,0,-0.046930328,-0.046930328,-0.046930328,-0.046930328,0.046930328,0.046930328,0.046930328,0.046930328
13.39999986,1,0,0,0,0,0,0,0.988141954,-0.141174391,-0.029520003,-0.052668016,-0.280289103,-0.073276209,-0.096157766,-1.868342042,0.074484266,0.089512095,5.92E-14,0,0,5.92E-14,5.92E-14,5.92E-14,5.92E-14,-5.92E-14,-5.92E-14,-5.92E-14,-5.92E-14
13.45016981,1,0,0,0,0,0,0,0.982668161,-0.176008016,-0.026015123,-0.052036781,-0.351214073,-0.06950218,-0.093473424,-1.68859911,0.068417966,0.089400329,0.04693034,0,0,0.046930328,0.046930328,0.046930328,0.046930328,-0.046930328,-0.046930328,-0.046930328,-0.046930328
13.50004983,1,0,0,0,0,0,0,0.976739049,-0.206952676,-0.022683172,-0.05135056,-0.414589984,-0.065612418,-0.091246138,-1.483214736,0.06605465,0.079285383,0.092705098,0,0,0.092705078,0.092705078,0.092705078,0.092705078,-0.092705078,-0.092705078,-0.092705078,-0.092705078
13.5501299,1,0,0,0,0,0,0,0.970760763,-0.233830363,-0.019564271,-0.050638065,-0.469978516,-0.061705033,-0.089454721,-1.286124349,0.073684044,0.07565248,0.13619715,0,0,0.13619712,0.13619712,0.13619712,0.13619712,-0.13619712,-0.13619712,-0.13619712,-0.13619712
13.60012985,1,0,0,0,0,0,0,0.963669956,-0.261940271,-0.015859991,-0.049760863,-0.528314714,-0.056666655,-0.087851132,-1.055670142,0.076060757,0.070191197,0.176335576,0,0,0.176335543,0.176335543,0.176335543,0.176335543,-0.176335543,-0.176335543,-0.176335543,-0.176335543
13.64983988,1,0,0,0,0,0,0,0.954122186,-0.295278013,-0.01026846,-0.048544563,-0.59815858,-0.048281759,-0.086780649,-0.710392177,0.092057154,0.054980081,0.212132034,0,0,0.212131992,0.212131992,0.212131992,0.212131992,-0.212131992,-0.212131992,-0.212131992,-0.212131992
13.70018983,1,0,0,0,0,0,0,0.950797677,-0.306003839,-0.006529801,-0.047988188,-0.620911617,-0.041798345,-0.087445502,-0.426197112,0.236754909,0.123517975,0.242705098,0,0,0.242705047,0.242705047,0.242705047,0.242705047,-0.242705047,-0.242705047,-0.242705047,-0.242705047
13.74996996,1,0,0,0,0,0,0,0.948281944,-0.313910902,0.001592519,-0.047106031,-0.63815187,-0.026556995,-0.090494728,-0.168387607,0.234339386,0.094378747,0.267301957,0,0,0.267301887,0.267301887,0.267301887,0.267301887,-0.267301887,-0.267301887,-0.267301887,-0.267301887
13.79994989,1,0,0,0,0,0,0,0.947910428,-0.315030605,0.006626577,-0.046669774,-0.6409344,-0.016842801,-0.092798916,-0.008706748,0.23176451,0.089990363,0.285316955,0,0,0.267301887,0.267301887,0.267301887,0.267301887,-0.267301887,-0.267301887,-0.267301887,-0.267301887
13.8499198,1,0,0,0,0,0,0,0.948432922,-0.313369751,0.010102605,-0.046610594,-0.637753576,-0.010049582,-0.094892857,0.187518448,0.220366582,0.051645193,0.296306502,0,0,0.296306431,0.296306431,0.296306431,0.296306431,-0.296306431,-0.296306431,-0.296306431,-0.296306431
13.89995003,1,0,0,0,0,0,0,0.950243771,-0.307632715,0.014355685,-0.046830021,-0.626110191,-0.001530093,-0.097989256,0.416515052,0.207386211,0.056876998,0.3,0,0,0.299999923,0.299999923,0.299999923,0.299999923,-0.299999923,-0.299999923,-0.299999923,-0.299999923
13.94992996,1,0,0,0,0,0,0,0.961758137,-0.268629134,0.022744596,-0.048400428,-0.545675732,0.017746998,-0.105531066,1.221982837,0.184881017,0.025347628,0.296306502,0,0,0.299999923,0.299999923,0.299999923,0.299999923,-0.299999923,-0.299999923,-0.299999923,-0.299999923
13.9999199,1,0,0,0,0,0,0,0.968729675,-0.241847485,0.024935585,-0.049507659,-0.49062638,0.024367483,-0.108223474,1.514214516,0.177020699,0.019315643,0.285316955,0,0,0.285316885,0.285316885,0.285316885,0.285316885,-0.285316885,-0.285316885,-0.285316885,-0.285316885
14.05004001,1,0,0,0,0,0,0,0.976153076,-0.209363505,0.026470881,-0.05090959,-0.424238067,0.030366698,-0.110752368,1.768829584,0.153222054,-0.004003945,0.267301957,0,0,0.267301887,0.267301887,0.267301887,0.267301887,-0.267301887,-0.267301887,-0.267301887,-0.267301887
14.10001994,1,0,0,0,0,0,0,0.9849177,-0.162361488,0.027593913,-0.053053856,-0.328872257,0.037136185,-0.113791409,2.023589849,0.138346255,-0.020003343,0.242705098,0,0,0.242705047,0.242705047,0.242705047,0.242705047,-0.242705047,-0.242705047,-0.242705047,-0.242705047
14.15025998,1,0,0,0,0,0,0,0.990744531,-0.120904066,0.027943991,-0.055017255,-0.245312829,0.042079498,-0.116136609,2.151113987,0.126832113,-0.030763481,0.212132034,0,0,0.212131992,0.212131992,0.212131992,0.212131992,-0.212131992,-0.212131992,-0.212131992,-0.212131992
14.20014,1,0,0,0,0,0,0,0.994984388,-0.077155285,0.027963528,-0.057195779,-0.157558529,0.04683775,-0.118539977,2.224656105,0.123516642,-0.043734968,0.176335576,0,0,0.176335543,0.176335543,0.176335543,0.176335543,-0.176335543,-0.176335543,-0.176335543,-0.176335543
14.25032998,1,0,0,0,0,0,0,0.997382641,0.023322767,0.027445951,-0.062696382,0.043167145,0.057704745,-0.124310606,2.187428474,0.115818687,-0.071193375,0.13619715,0,0,0.13619712,0.13619712,0.13619712,0.13619712,-0.13619712,-0.13619712,-0.13619712,-0.13619712
14.30007983,1,0,0,0,0,0,0,0.995303214,0.066325486,0.02690085,-0.065184832,0.129128706,0.062235988,-0.126772963,2.119633675,0.107764579,-0.07446865,0.092705098,0,0,0.092705078,0.092705078,0.092705078,0.092705078,-0.092705078,-0.092705078,-0.092705078,-0.092705078
14.3501699,1,0,0,0,0,0,0,0.991612971,0.107044205,0.026092781,-0.067561299,0.210783607,0.066260438,-0.129043379,1.992060184,0.078675993,-0.077916779,0.04693034,0,0,0.046930328,0.046930328,0.046930328,0.046930328,-0.046930328,-0.046930328,-0.046930328,-0.046930328
14.40014983,1,0,0,0,0,0,0,0.986668646,0.14486751,0.025141433,-0.069759592,0.286978479,0.069881179,-0.131068772,1.835639119,0.065515235,-0.073255658,-7.30E-14,0,0,-7.30E-14,-7.30E-14,-7.30E-14,-7.30E-14,7.30E-14,7.30E-14,7.30E-14,7.30E-14
14.44998003,1,0,0,0,0,0,0,0.977779627,0.195181459,0.023530878,-0.072786763,0.389056276,0.07449814,-0.133923518,1.586296082,0.043345273,-0.075137667,-0.04693034,0,0,-0.046930328,-0.046930328,-0.046930328,-0.046930328,0.046930328,0.046930328,0.046930328,0.046930328
14.49995995,1,0,0,0,0,0,0,0.971544623,0.223750129,0.02217932,-0.074466959,0.447517138,0.076494937,-0.135580916,1.275834203,-0.084260143,0.021620847,-0.092705098,0,0,-0.092705078,-0.092705078,-0.092705078,-0.092705078,0.092705078,0.092705078,0.092705078,0.092705078
14.54994989,1,0,0,0,0,0,0,0.96516943,0.251204997,0.006613243,-0.072804637,0.505834884,0.049363612,-0.137818249,0.670754373,-0.40666467,0.169950023,-0.13619715,0,0,-0.13619712,-0.13619712,-0.13619712,-0.13619712,0.13619712,0.13619712,0.13619712,0.13619712
14.6001699,1,0,0,0,0,0,0,0.962326288,0.262254745,-0.001868546,-0.07174328,0.529741284,0.034040303,-0.139594491,0.537482679,-0.328555703,0.125450686,-0.176335576,0,0,-0.176335543,-0.176335543,-0.176335543,-0.176335543,0.176335543,0.176335543,0.176335543,0.176335543
14.65006996,1,0,0,0,0,0,0,0.959102213,0.273874253,-0.013519458,-0.070236459,0.555404831,0.01253916,-0.142627387,0.346752226,-0.329388708,0.122109801,-0.212132034,0,0,-0.176335543,-0.176335543,-0.176335543,-0.176335543,0.176335543,0.176335543,0.176335543,0.176335543
14.70000983,1,0,0,0,0,0,0,0.957678139,0.278620392,-0.020598572,-0.069275193,0.566297716,-0.000850641,-0.144669185,0.216374561,-0.300458074,0.136592254,-0.242705098,0,0,-0.242705047,-0.242705047,-0.242705047,-0.242705047,0.242705047,0.242705047,0.242705047,0.242705047
14.74997998,1,0,0,0,0,0,0,0.95682472,0.281193107,-0.02715561,-0.068406813,0.572660032,-0.013495678,-0.146717719,0.094524778,-0.286242366,0.123707213,-0.267301957,0,0,-0.267301887,-0.267301887,-0.267301887,-0.267301887,0.267301887,0.267301887,0.267301887,0.267301887
14.7999599,1,0,0,0,0,0,0,0.956721067,0.281048954,-0.033194415,-0.067783609,0.573346074,-0.0254173,-0.148956664,-0.067968652,-0.275868207,0.110522658,-0.285316955,0,0,-0.285316885,-0.285316885,-0.285316885,-0.285316885,0.285316885,0.285316885,0.285316885,0.285316885
14.85015989,1,0,0,0,0,0,0,0.959948182,0.268294603,-0.044707824,-0.06722261,0.548906794,-0.049784014,-0.153846184,-0.390325546,-0.24491702,0.070749983,-0.296306502,0,0,-0.296306431,-0.296306431,-0.296306431,-0.296306431,0.296306431,0.296306431,0.296306431,0.296306431
14.90005994,1,0,0,0,0,0,0,0.963364542,0.254972398,-0.048851062,-0.067316845,0.522135289,-0.059830567,-0.155515898,-0.825706303,-0.217850536,0.08161442,-0.3,0,0,-0.299999923,-0.299999923,-0.299999923,-0.299999923,0.299999923,0.299999923,0.299999923,0.299999923
14.95014,1,0,0,0,0,0,0,0.968091905,0.235509336,-0.052207667,-0.067881487,0.482716547,-0.069165317,-0.157040426,-1.12377584,-0.214971632,0.061424829,-0.296306502,0,0,-0.296306431,-0.296306431,-0.296306431,-0.296306431,0.296306431,0.296306431,0.296306431,0.296306431
15.00006986,1,0,0,0,0,0,0,0.975279987,0.202422544,-0.055258289,-0.069288962,0.415645202,-0.079818006,-0.158691599,-1.537226915,-0.189651683,0.049708068,-0.285316955,0,0,-0.285316885,-0.285316885,-0.285316885,-0.285316885,0.285316885,0.285316885,0.285316885,0.285316885
15.05010987,1,0,0,0,0,0,0,0.981396973,0.169158876,-0.056754407,-0.070883751,0.348381161,-0.087527664,-0.159616515,-1.812562346,-0.176729381,0.047049712,-0.267301957,0,0,-0.267301887,-0.267301887,-0.267301887,-0.267301887,0.267301887,0.267301887,0.267301887,0.267301887
15.10025001,1,0,0,0,0,0,0,0.987010181,0.131214336,-0.057351489,-0.072833389,0.271903616,-0.094238845,-0.160217694,-2.001565933,-0.159894094,0.029899955,-0.242705098,0,0,-0.242705047,-0.242705047,-0.242705047,-0.242705047,0.242705047,0.242705047,0.242705047,0.242705047
15.14989996,1,0,0,0,0,0,0,0.991498351,0.089690335,-0.057116598,-0.074996285,0.188472071,-0.099975594,-0.16044827,-2.142919064,-0.131307706,0.023587823,-0.212132034,0,0,-0.242705047,-0.242705047,-0.242705047,-0.242705047,0.242705047,0.242705047,0.242705047,0.242705047
15.20019985,1,0,0,0,0,0,0,0.995057762,-0.022251172,-0.053498384,-0.080640033,-0.035879791,-0.110280035,-0.159747043,-2.272753477,-0.07527332,0.005925455,-0.176335576,0,0,-0.176335543,-0.176335543,-0.176335543,-0.176335543,0.176335543,0.176335543,0.176335543,0.176335543
15.24994994,1,0,0,0,0,0,0,0.992990851,-0.067127176,-0.051107578,-0.082772546,-0.125984982,-0.112850648,-0.15920339,-2.239718914,-0.053976547,0.002493713,-0.13619715,0,0,-0.13619712,-0.13619712,-0.13619712,-0.13619712,0.13619712,0.13619712,0.13619712,0.13619712
15.29993988,1,0,0,0,0,0,0,0.990207374,-0.099835888,-0.04909296,-0.084333241,-0.191855418,-0.114312178,-0.158913101,-2.162177801,-0.046061043,-0.003962223,-0.092705098,0,0,-0.092705078,-0.092705078,-0.092705078,-0.092705078,0.092705078,0.092705078,0.092705078,0.092705078
15.34999991,1,0,0,0,0,0,0,0.981992781,-0.161585093,-0.044685114,-0.087085076,-0.316948445,-0.11616529,-0.158315958,-1.999601126,-0.022299616,-0.000770391,-0.04693034,0,0,-0.046930328,-0.046930328,-0.046930328,-0.046930328,0.046930328,0.046930328,0.046930328,0.046930328
15.39999986,1,0,0,0,0,0,0,0.975075662,-0.199101046,-0.041598435,-0.08863394,-0.393594745,-0.116682028,-0.158011648,-1.836709857,-0.008028751,-0.003851953,8.68E-14,0,0,8.68E-14,8.68E-14,8.68E-14,8.68E-14,-8.68E-14,-8.68E-14,-8.68E-14,-8.68E-14
15.44994998,1,0,0,0,0,0,0,0.969366848,-0.226562291,-0.033057317,-0.08890941,-0.450866642,-0.104566805,-0.158925126,-1.014486313,0.534551799,0.153424636,0.04693034,0,0,0.046930328,0.046930328,0.046930328,0.046930328,-0.046930328,-0.046930328,-0.046930328,-0.046930328
15.49994994,1,0,0,0,0,0,0,0.960558653,-0.263570845,-0.007303922,-0.088341832,-0.530529249,-0.060637499,-0.166944591,-0.737367868,0.438652366,0.138265669,0.092705098,0,0,0.092705078,0.092705078,0.092705078,0.092705078,-0.092705078,-0.092705078,-0.092705078,-0.092705078
15.54989982,1,0,0,0,0,0,0,0.957247913,-0.275611728,0.002543139,-0.087796748,-0.556956328,-0.043540549,-0.170473603,-0.593288362,0.388032973,0.135856137,0.13619715,0,0,0.13619712,0.13619712,0.13619712,0.13619712,-0.13619712,-0.13619712,-0.13619712,-0.13619712
15.59992981,1,0,0,0,0,0,0,0.954576969,-0.284668446,0.011554603,-0.087254509,-0.577224617,-0.027621202,-0.174105061,-0.43926841,0.37580213,0.128672302,0.176335576,0,0,0.176335543,0.176335543,0.176335543,0.176335543,-0.176335543,-0.176335543,-0.176335543,-0.176335543
15.64993,1,0,0,0,0,0,0,0.952586412,-0.290964186,0.019854106,-0.086745821,-0.591764339,-0.012654688,-0.177768414,-0.298130542,0.349906802,0.1234852,0.212132034,0,0,0.212131992,0.212131992,0.212131992,0.212131992,-0.212131992,-0.212131992,-0.212131992,-0.212131992
15.69994998,1,0,0,0,0,0,0,0.951031983,-0.295368969,0.029289609,-0.086240828,-0.60270024,0.004764998,-0.182348983,-0.150042757,0.329197198,0.110051766,0.242705098,0,0,0.242705047,0.242705047,0.242705047,0.242705047,-0.242705047,-0.242705047,-0.242705047,-0.242705047
15.74993992,1,0,0,0,0,0,0,0.9505409,-0.296274483,0.036175117,-0.085935146,-0.60595849,0.017852022,-0.185903672,-0.02189577,0.312832773,0.110448174,0.267301957,0,0,0.267301887,0.267301887,0.267301887,0.267301887,-0.267301887,-0.267301887,-0.267301887,-0.267301887
15.79999996,1,0,0,0,0,0,0,0.95181483,-0.290539443,0.04824641,-0.085485034,-0.596593789,0.042182255,-0.192116266,0.296173215,0.270018697,0.096299507,0.285316955,0,0,0.285316885,0.285316885,0.285316885,0.285316885,-0.285316885,-0.285316885,-0.285316885,-0.285316885
15.84996987,1,0,0,0,0,0,0,0.955018818,-0.278397679,0.055674724,-0.085639164,-0.573076443,0.058691022,-0.196164734,0.542397141,0.253423363,0.10294842,0.296306502,0,0,0.296306431,0.296306431,0.296306431,0.296306431,-0.296306431,-0.296306431,-0.296306431,-0.296306431
15.89995003,1,0,0,0,0,0,0,0.958772361,-0.264222533,0.059847992,-0.085793853,-0.544718966,0.069479726,-0.197903551,0.861607015,0.248969376,0.081112251,0.3,0,0,0.299999923,0.299999923,0.299999923,0.299999923,-0.299999923,-0.299999923,-0.299999923,-0.299999923
15.94993997,1,0,0,0,0,0,0,0.963804364,-0.244187877,0.062976085,-0.086531132,-0.504206001,0.079216352,-0.199496247,1.140364647,0.233117595,0.08428473,0.296306502,0,0,0.296306431,0.296306431,0.296306431,0.296306431,-0.296306431,-0.296306431,-0.296306431,-0.296306431
15.99996996,1,0,0,0,0,0,0,0.969632328,-0.218692392,0.065215833,-0.087942079,-0.452560212,0.088120223,-0.201197439,1.440264225,0.200750813,0.035666693,0.285316955,0,0,0.285316885,0.285316885,0.285316885,0.285316885,-0.285316885,-0.285316885,-0.285316885,-0.285316885
16.04994989,1,0,0,0,0,0,0,0.977434576,-0.178616732,0.06665837,-0.090965435,-0.371528704,0.097969103,-0.204022056,1.767357349,0.192160323,0.006697332,0.267301957,0,0,0.267301887,0.267301887,0.267301887,0.267301887,-0.267301887,-0.267301887,-0.267301887,-0.267301887
16.09996987,1,0,0,0,0,0,0,0.987916231,-0.100612499,0.066334471,-0.097459771,-0.214696314,0.111686506,-0.208715348,2.115069628,0.162712663,-0.020544255,0.242705098,0,0,0.242705047,0.242705047,0.242705047,0.242705047,-0.242705047,-0.242705047,-0.242705047,-0.242705047
16.15019989,1,0,0,0,0,0,0,0.991084337,-0.057501186,0.065088153,-0.101039678,-0.128367471,0.117667232,-0.210766616,2.207834244,0.14810209,-0.040811352,0.212132034,0,0,0.212131992,0.212131992,0.212131992,0.212131992,-0.212131992,-0.212131992,-0.212131992,-0.212131992
16.19997001,1,0,0,0,0,0,0,0.992410421,-0.013013131,0.063194424,-0.104683526,-0.039367147,0.123015118,-0.212615668,2.254315615,0.128679901,-0.036622632,0.176335576,0,0,0.176335543,0.176335543,0.176335543,0.176335543,-0.176335543,-0.176335543,-0.176335543,-0.176335543
16.25003982,1,0,0,0,0,0,0,0.991271675,0.042823561,0.060197052,-0.109193742,0.07241823,0.129053276,-0.214744324,2.22460413,0.115069166,-0.052647371,0.13619715,0,0,0.13619712,0.13619712,0.13619712,0.13619712,-0.13619712,-0.13619712,-0.13619712,-0.13619712
16.30001998,1,0,0,0,0,0,0,0.988214195,0.086306185,0.057418711,-0.112637319,0.159732847,0.133321152,-0.216295463,2.157232285,0.088987604,-0.055795979,0.092705098,0,0,0.092705078,0.092705078,0.092705078,0.092705078,-0.092705078,-0.092705078,-0.092705078,-0.092705078
16.35001994,1,0,0,0,0,0,0,0.98349303,0.127855301,0.054367941,-0.11592561,0.243544656,0.137012646,-0.21786666,2.043816328,0.075133972,-0.064323902,0.04693034,0,0,0.046930328,0.046930328,0.046930328,0.046930328,-0.046930328,-0.046930328,-0.046930328,-0.046930328
16.40001989,1,0,0,0,0,0,0,0.96875751,0.210475236,0.046909276,-0.122511335,0.411940856,0.142944876,-0.221674453,1.68753612,0.024462506,-0.058671866,-1.01E-13,0,0,-1.01E-13,-1.01E-13,-1.01E-13,-1.01E-13,1.01E-13,1.01E-13,1.01E-13,1.01E-13
16.44998003,1,0,0,0,0,0,0,0.961382329,0.241340145,0.043528985,-0.124917462,0.475673555,0.144493436,-0.223336363,1.523961425,0.011175131,-0.058145855,-0.04693034,0,0,-0.046930328,-0.046930328,-0.046930328,-0.046930328,0.046930328,0.046930328,0.046930328,0.046930328
16.49997998,1,0,0,0,0,0,0,0.954108953,0.268192291,0.040259108,-0.126997784,0.531580512,0.145455132,-0.224994464,1.310886502,-0.007613007,-0.050550733,-0.092705098,0,0,-0.092705078,-0.092705078,-0.092705078,-0.092705078,0.092705078,0.092705078,0.092705078,0.092705078
16.54997993,1,0,0,0,0,0,0,0.947274506,0.291036576,0.037148498,-0.128798172,0.57952819,0.145866286,-0.226715521,1.119503021,-0.015360123,-0.039261594,-0.13619715,0,0,-0.13619712,-0.13619712,-0.13619712,-0.13619712,0.13619712,0.13619712,0.13619712,0.13619712
16.59999991,1,0,0,0,0,0,0,0.938317776,0.318280399,0.032762941,-0.131088406,0.637251229,0.145442028,-0.229563003,0.8397066,-0.049453981,-0.0381887,-0.176335576,0,0,-0.176335543,-0.176335543,-0.176335543,-0.176335543,0.176335543,0.176335543,0.176335543,0.176335543
16.64996982,1,0,0,0,0,0,0,0.933393359,0.332165718,0.029985532,-0.132453412,0.666938412,0.144471565,-0.231805629,0.67698431,-0.058256101,-0.032137334,-0.212132034,0,0,-0.212131992,-0.212131992,-0.212131992,-0.212131992,0.212131992,0.212131992,0.212131992,0.212131992
16.69996,1,0,0,0,0,0,0,0.928506196,0.345218569,0.026706304,-0.134117648,0.695043346,0.142677271,-0.235147501,0.52235508,-0.072285555,-0.033737727,-0.242705098,0,0,-0.212131992,-0.212131992,-0.212131992,-0.212131992,0.212131992,0.212131992,0.212131992,0.212131992
16.74998999,1,0,0,0,0,0,0,0.923764288,0.357099056,0.021840883,-0.136612758,0.720940316,0.138361232,-0.241420342,0.176089272,-0.121934719,-0.015801191,-0.267301957,0,0,-0.267301887,-0.267301887,-0.267301887,-0.267301887,0.267301887,0.267301887,0.267301887,0.267301887
16.79998994,1,0,0,0,0,0,0,0.923258543,0.358069748,0.019848552,-0.137789622,0.723217027,0.135743743,-0.244887089,-0.033544008,-0.103379793,-0.01372695,-0.285316955,0,0,-0.285316885,-0.285316885,-0.285316885,-0.285316885,0.285316885,0.285316885,0.285316885,0.285316885
16.85003996,1,0,0,0,0,0,0,0.924130917,0.3554447,0.018158847,-0.138965577,0.717753068,0.132740928,-0.24865527,-0.247383133,-0.124108814,-0.034072995,-0.296306502,0,0,-0.296306431,-0.296306431,-0.296306431,-0.296306431,0.296306431,0.296306431,0.296306431,0.296306431
16.90000988,1,0,0,0,0,0,0,0.926662147,0.348480016,0.016867591,-0.139909387,0.702999847,0.129130913,-0.252287466,-0.510555506,-0.119236112,-0.011494757,-0.3,0,0,-0.296306431,-0.296306431,-0.296306431,-0.296306431,0.296306431,0.296306431,0.296306431,0.296306431
16.95034981,1,0,0,0,0,0,0,0.932908595,0.330886483,0.016344313,-0.141169339,0.665583795,0.124236872,-0.25737384,-0.931215405,-0.135622963,-0.025434796,-0.296306502,0,0,-0.296306431,-0.296306431,-0.296306431,-0.296306431,0.296306431,0.296306431,0.296306431,0.296306431
17.00001002,1,0,0,0,0,0,0,0.940193892,0.309231311,0.01686234,-0.141870737,0.619771079,0.119735356,-0.261150075,-1.31140399,-0.140608922,-0.001189113,-0.285316955,0,0,-0.296306431,-0.296306431,-0.296306431,-0.296306431,0.296306431,0.296306431,0.296306431,0.296306431
17.05005002,1,0,0,0,0,0,0,0.958412588,0.246613905,0.020620251,-0.142133072,0.488934008,0.109850183,-0.267026172,-1.884123921,-0.136053681,-0.003021959,-0.267301957,0,0,-0.267301887,-0.267301887,-0.267301887,-0.267301887,0.267301887,0.267301887,0.267301887,0.267301887
17.10001994,1,0,0,0,0,0,0,0.969682932,0.197569296,0.024562042,-0.141697869,0.387888418,0.103811421,-0.269794575,-2.119648218,-0.123879448,0.00044182,-0.242705098,0,0,-0.242705047,-0.242705047,-0.242705047,-0.242705047,0.242705047,0.242705047,0.242705047,0.242705047
17.15001989,1,0,0,0,0,0,0,0.977438688,0.154750541,0.028259847,-0.140951201,0.300504458,0.099030876,-0.271430132,-2.239108324,-0.114298031,-0.001391771,-0.212132034,0,0,-0.212131992,-0.212131992,-0.212131992,-0.212131992,0.212131992,0.212131992,0.212131992,0.212131992
17.20000983,1,0,0,0,0,0,0,0.983538389,0.109902121,0.032339584,-0.139742956,0.209606712,0.094470981,-0.272329773,-2.295121908,-0.106579199,0.007309774,-0.176335576,0,0,-0.176335543,-0.176335543,-0.176335543,-0.176335543,0.176335543,0.176335543,0.176335543,0.176335543
17.25002003,1,0,0,0,0,0,0,0.987653375,0.064234331,0.036591854,-0.138115957,0.117521058,0.09014573,-0.272576314,-2.287824869,-0.110902056,0.009641809,-0.13619715,0,0,-0.13619712,-0.13619712,-0.13619712,-0.13619712,0.13619712,0.13619712,0.13619712,0.13619712
17.30009985,1,0,0,0,0,0,0,0.98988378,-0.003425207,0.042877998,-0.135204226,-0.018441842,0.084061202,-0.272267544,-2.223245859,-0.092880554,5.74E-05,-0.092705098,0,0,-0.092705078,-0.092705078,-0.092705078,-0.092705078,0.092705078,0.092705078,0.092705078,0.092705078
17.35004998,1,0,0,0,0,0,0,0.986163974,-0.087964036,0.050668359,-0.131056428,-0.188442435,0.076954036,-0.271517788,-1.992564797,-0.0860245,-0.011526061,-0.04693034,0,0,-0.046930328,-0.046930328,-0.046930328,-0.046930328,0.046930328,0.046930328,0.046930328,0.046930328
17.40000988,1,0,0,0,0,0,0,0.982103944,-0.126082227,0.054115303,-0.12902154,-0.265436361,0.073826109,-0.271109496,-1.8639431,-0.075946808,-0.013530265,1.12E-13,0,0,1.12E-13,1.12E-13,1.12E-13,1.12E-13,-1.12E-13,-1.12E-13,-1.12E-13,-1.12E-13
17.44997001,1,0,0,0,0,0,0,0.975753307,-0.168907359,0.057825308,-0.126617789,-0.352361931,0.070130589,-0.270576193,-1.640015364,-0.077976339,-0.019559275,0.04693034,0,0,0.046930328,0.046930328,0.046930328,0.046930328,-0.046930328,-0.046930328,-0.046930328,-0.046930328
17.5001998,1,0,0,0,0,0,0,0.970180452,-0.198839188,0.060130812,-0.124890037,-0.413418417,0.067059635,-0.270116946,-1.44322598,-0.075449079,-0.026296096,0.092705098,0,0,0.092705078,0.092705078,0.092705078,0.092705078,-0.092705078,-0.092705078,-0.092705078,-0.092705078
17.55013991,1,0,0,0,0,0,0,0.964540124,-0.224983171,0.061898325,-0.123344265,-0.46698966,0.063949628,-0.269591264,-1.253803492,-0.070340954,-0.026942801,0.13619715,0,0,0.13619712,0.13619712,0.13619712,0.13619712,-0.13619712,-0.13619712,-0.13619712,-0.13619712
17.60029984,1,0,0,0,0,0,0,0.959100604,-0.247444823,0.0631634,-0.122097015,-0.513213613,0.060772951,-0.269196006,-1.068194509,-0.075238958,-0.035826873,0.176335576,0,0,0.176335543,0.176335543,0.176335543,0.176335543,-0.176335543,-0.176335543,-0.176335543,-0.176335543
17.6516099,1,0,0,0,0,0,0,0.948586583,-0.285596192,0.064354815,-0.120320298,-0.59210268,0.053391542,-0.26862455,-0.701239705,-0.074611612,-0.050915789,0.212132034,0,0,0.212131992,0.212131992,0.212131992,0.212131992,-0.212131992,-0.212131992,-0.212131992,-0.212131992
17.70009995,1,0,0,0,0,0,0,0.944898486,-0.29774034,0.064192235,-0.119988158,-0.617247966,0.049880331,-0.268523778,-0.562012255,-0.072671473,-0.052922964,0.242705098,0,0,0.242705047,0.242705047,0.242705047,0.242705047,-0.242705047,-0.242705047,-0.242705047,-0.242705047
17.75031996,1,0,0,0,0,0,0,0.941948652,-0.307026386,0.063585959,-0.120102882,-0.636407292,0.046056174,-0.268813951,-0.419846267,-0.067634881,-0.061936684,0.267301957,0,0,0.267301887,0.267301887,0.267301887,0.267301887,-0.267301887,-0.267301887,-0.267301887,-0.267301887
17.80003,1,0,0,0,0,0,0,0.940012097,-0.312919885,0.062412709,-0.120678037,-0.64837086,0.041824475,-0.269418253,-0.207480788,-0.073401637,-0.083753474,0.285316955,0,0,0.285316885,0.285316885,0.285316885,0.285316885,-0.285316885,-0.285316885,-0.285316885,-0.285316885
17.85008002,1,0,0,0,0,0,0,0.939307988,-0.314905018,0.060039803,-0.122191221,-0.651837029,0.035842146,-0.270834739,0.068452209,-0.080376871,-0.108666718,0.296306502,0,0,0.285316885,0.285316885,0.285316885,0.285316885,-0.285316885,-0.285316885,-0.285316885,-0.285316885
17.90008998,1,0,0,0,0,0,0,0.940118134,-0.312203735,0.057428788,-0.124133117,-0.645444404,0.03047475,-0.272752844,0.284206152,-0.079770394,-0.127378136,0.3,0,0,0.299999923,0.299999923,0.299999923,0.299999923,-0.299999923,-0.299999923,-0.299999923,-0.299999923
17.95002985,1,0,0,0,0,0,0,0.947166979,-0.288943291,0.049866553,-0.130000055,-0.594898977,0.01933982,-0.278727131,0.948746026,-0.052981094,-0.163143918,0.296306502,0,0,0.296306431,0.296306431,0.296306431,0.296306431,-0.296306431,-0.296306431,-0.296306431,-0.296306431
18.00006986,1,0,0,0,0,0,0,0.956697106,-0.254064322,0.042197704,-0.135651767,-0.520839233,0.011812569,-0.284853389,1.490143061,-0.046913359,-0.146415919,0.285316955,0,0,0.285316885,0.285316885,0.285316885,0.285316885,-0.285316885,-0.285316885,-0.285316885,-0.285316885
18.05004001,1,0,0,0,0,0,0,0.964104235,-0.223051354,0.036438555,-0.1393684,-0.455888884,0.008088595,-0.289002185,1.749803901,-0.035107166,-0.127029553,0.267301957,0,0,0.267301887,0.267301887,0.267301887,0.267301887,-0.267301887,-0.267301887,-0.267301887,-0.267301887
18.10008002,1,0,0,0,0,0,0,0.971460402,-0.186915621,0.030193392,-0.142883167,-0.380942559,0.005249202,-0.293079618,1.967787623,-0.012470795,-0.121046729,0.242705098,0,0,0.242705047,0.242705047,0.242705047,0.242705047,-0.242705047,-0.242705047,-0.242705047,-0.242705047
18.15003992,1,0,0,0,0,0,0,0.977985859,-0.147044584,0.023707384,-0.146149129,-0.298980775,0.003390104,-0.297192892,2.109410048,-0.00101626,-0.112146266,0.212132034,0,0,0.212131992,0.212131992,0.212131992,0.212131992,-0.212131992,-0.212131992,-0.212131992,-0.212131992
18.20007992,1,0,0,0,0,0,0,0.984162927,-0.093858674,0.015285697,-0.149600282,-0.190467867,0.002004665,-0.301897147,2.215150356,0.000476093,-0.097391136,0.176335576,0,0,0.176335543,0.176335543,0.176335543,0.176335543,-0.176335543,-0.176335543,-0.176335543,-0.176335543
18.25037981,1,0,0,0,0,0,0,0.988136351,-0.006207758,0.001405883,-0.153447688,-0.012700026,0.000873276,-0.308124501,2.194331884,-0.006678708,-0.075493842,0.13619715,0,0,0.13619712,0.13619712,0.13619712,0.13619712,-0.13619712,-0.13619712,-0.13619712,-0.13619712
18.3000598,1,0,0,0,0,0,0,0.987292051,0.036492787,-0.005437186,-0.154574499,0.073805967,0.000545527,-0.310586556,2.142379045,-0.009065876,-0.057129629,0.092705098,0,0,0.092705078,0.092705078,0.092705078,0.092705078,-0.092705078,-0.092705078,-0.092705078,-0.092705078
18.35028983,1,0,0,0,0,0,0,0.983927727,0.087232322,-0.013534592,-0.155221552,0.176781661,0.000446553,-0.31289553,1.999885082,-0.009846699,-0.040677235,0.04693034,0,0,0.046930328,0.046930328,0.046930328,0.046930328,-0.046930328,-0.046930328,-0.046930328,-0.046930328
18.40005994,1,0,0,0,0,0,0,0.979757726,0.124880113,-0.01950774,-0.155239314,0.253466575,0.000546889,-0.314210925,1.85697341,-0.005018716,-0.030122727,-1.26E-13,0,0,-1.26E-13,-1.26E-13,-1.26E-13,-1.26E-13,1.26E-13,1.26E-13,1.26E-13,1.26E-13
18.45034004,1,0,0,0,0,0,0,0.974662244,0.159378335,-0.025000094,-0.154942498,0.324069937,0.00065566,-0.315195324,1.68830812,-0.004221502,-0.026518127,-0.04693034,0,0,-0.046930328,-0.046930328,-0.046930328,-0.046930328,0.046930328,0.046930328,0.046930328,0.046930328
18.50025988,1,0,0,0,0,0,0,0.969042778,0.190264538,-0.029936213,-0.154465452,0.387632023,0.000759653,-0.31599133,1.497660637,-0.001952053,-0.020669408,-0.092705098,0,0,-0.092705078,-0.092705078,-0.092705078,-0.092705078,0.092705078,0.092705078,0.092705078,0.092705078
18.55003,1,0,0,0,0,0,0,0.961856365,0.223545119,-0.03520418,-0.153690681,0.456554142,0.000990875,-0.316661973,1.269322515,-0.000245869,-0.017949946,-0.13619715,0,0,-0.092705078,-0.092705078,-0.092705078,-0.092705078,0.092705078,0.092705078,0.092705078,0.092705078
18.59999991,1,0,0,0,0,0,0,0.952899933,0.259251297,-0.033009045,-0.153886184,0.528585262,0.016882553,-0.315651408,0.516236603,0.369017631,-0.174441934,-0.176335576,0,0,-0.176335543,-0.176335543,-0.176335543,-0.176335543,0.176335543,0.176335543,0.176335543,0.176335543
18.64990998,1,0,0,0,0,0,0,0.950161695,0.269359261,-0.02715023,-0.154600859,0.547466823,0.031697429,-0.313692347,0.406724989,0.329705358,-0.13057591,-0.212132034,0,0,-0.176335543,-0.176335543,-0.176335543,-0.176335543,0.176335543,0.176335543,0.176335543,0.176335543
18.70000983,1,0,0,0,0,0,0,0.949138582,0.273868829,-0.02502097,-0.153316557,0.556128983,0.036488605,-0.309880856,0.003767759,0.013633817,0.062758468,-0.242705098,0,0,-0.212131992,-0.212131992,-0.212131992,-0.212131992,0.212131992,0.212131992,0.212131992,0.212131992
18.75,1,0,0,0,0,0,0,0.949584007,0.273001999,-0.024867918,-0.152125418,0.554338012,0.035840388,-0.307507461,-0.131978095,0.014474246,0.056854647,-0.267301957,0,0,-0.242705047,-0.242705047,-0.242705047,-0.242705047,0.242705047,0.242705047,0.242705047,0.242705047
18.80024982,1,0,0,0,0,0,0,0.950772703,0.269266754,-0.024270548,-0.15145193,0.546500349,0.035417793,-0.306005519,-0.261981815,-0.00231117,0.018209964,-0.285316955,0,0,-0.267301887,-0.267301887,-0.267301887,-0.267301887,0.267301887,0.267301887,0.267301887,0.267301887
18.85024,1,0,0,0,0,0,0,0.952782869,0.262491524,-0.023403756,-0.150849566,0.532349861,0.034602963,-0.304608563,-0.411281019,-0.001041591,0.041728467,-0.296306502,0,0,-0.285316885,-0.285316885,-0.285316885,-0.285316885,0.285316885,0.285316885,0.285316885,0.285316885
18.90000988,1,0,0,0,0,0,0,0.960894227,0.231189281,-0.019268872,-0.151204228,0.467176814,0.03288882,-0.304330011,-1.045343757,-0.012975935,-0.002843143,-0.3,0,0,-0.299999923,-0.299999923,-0.299999923,-0.299999923,0.299999923,0.299999923,0.299999923,0.299999923
18.94999981,1,0,0,0,0,0,0,0.966095984,0.208240151,-0.016228169,-0.15176101,0.419706251,0.031854915,-0.304841867,-1.32348156,-0.03453197,-0.000335276,-0.296306502,0,0,-0.299999923,-0.299999923,-0.299999923,-0.299999923,0.299999923,0.299999923,0.299999923,0.299999923
19.00047994,1,0,0,0,0,0,0,0.971871495,0.179339588,-0.012552206,-0.152136877,0.360315876,0.030174643,-0.305063671,-1.609804869,-0.043849681,0.015258053,-0.285316955,0,0,-0.285316885,-0.285316885,-0.285316885,-0.285316885,0.285316885,0.285316885,0.285316885,0.285316885
19.04996992,1,0,0,0,0,0,0,0.977614343,0.145188779,-0.008274668,-0.15206033,0.290577735,0.027979679,-0.304517316,-1.85086751,-0.049740124,0.035906613,-0.267301957,0,0,-0.285316885,-0.285316885,-0.285316885,-0.285316885,0.285316885,0.285316885,0.285316885,0.285316885
19.10003996,1,0,0,0,0,0,0,0.983718514,0.09687455,-0.002166064,-0.151356235,0.192496963,0.025066159,-0.302908117,-2.050008297,-0.052128784,0.045498509,-0.242705098,0,0,-0.242705047,-0.242705047,-0.242705047,-0.242705047,0.242705047,0.242705047,0.242705047,0.242705047
19.14997983,1,0,0,0,0,0,0,0.987083256,0.055017401,0.003236604,-0.150431246,0.107877158,0.022944274,-0.301233293,-2.155518293,-0.05410767,0.047593616,-0.212132034,0,0,-0.212131992,-0.212131992,-0.212131992,-0.212131992,0.212131992,0.212131992,0.212131992,0.212131992
19.20022989,1,0,0,0,0,0,0,0.988372326,-0.032837912,0.014600426,-0.147746116,-0.069294612,0.019159133,-0.297435155,-2.246789455,-0.047971368,0.050433788,-0.176335576,0,0,-0.176335543,-0.176335543,-0.176335543,-0.176335543,0.176335543,0.176335543,0.176335543,0.176335543
19.25002003,1,0,0,0,0,0,0,0.985246599,-0.087580971,0.021646449,-0.145431444,-0.179868536,0.017180969,-0.294651221,-2.195808172,-0.042876646,0.043918986,-0.13619715,0,0,-0.176335543,-0.176335543,-0.176335543,-0.176335543,0.176335543,0.176335543,0.176335543,0.176335543
19.29993988,1,0,0,0,0,0,0,0.980766296,-0.129768327,0.027035175,-0.143272564,-0.265430239,0.015846554,-0.292228034,-2.096488476,-0.046442505,0.046145223,-0.092705098,0,0,-0.092705078,-0.092705078,-0.092705078,-0.092705078,0.092705078,0.092705078,0.092705078,0.092705078
19.35005999,1,0,0,0,0,0,0,0.974840045,-0.169663653,0.032101523,-0.140963957,-0.346786201,0.014755313,-0.289797932,-1.965633631,-0.042143505,0.04491885,-0.04693034,0,0,-0.046930328,-0.046930328,-0.046930328,-0.046930328,0.046930328,0.046930328,0.046930328,0.046930328
19.39999986,1,0,0,0,0,0,0,0.967874289,-0.20657523,0.036768965,-0.138542369,-0.422569946,0.013937082,-0.287339552,-1.816234112,-0.039106648,0.044909902,1.40E-13,0,0,1.40E-13,1.40E-13,1.40E-13,1.40E-13,-1.40E-13,-1.40E-13,-1.40E-13,-1.40E-13
19.45002985,1,0,0,0,0,0,0,0.956427097,-0.255358607,0.042761393,-0.134947702,-0.523652152,0.012876548,-0.283791407,-1.552786827,-0.043198492,0.037498049,0.04693034,0,0,0.046930328,0.046930328,0.046930328,0.046930328,-0.046930328,-0.046930328,-0.046930328,-0.046930328
19.50002003,1,0,0,0,0,0,0,0.94166863,-0.306310892,0.04865003,-0.130641326,-0.630610122,0.01159095,-0.27948871,-1.127483368,-0.04801156,0.022450838,0.092705098,0,0,0.092705078,0.092705078,0.092705078,0.092705078,-0.092705078,-0.092705078,-0.092705078,-0.092705078
19.55029989,1,0,0,0,0,0,0,0.93524754,-0.325812459,0.050634865,-0.128820136,-0.671948569,0.01077006,-0.277516684,-0.946824431,-0.045783829,0.02093241,0.13619715,0,0,0.13619712,0.13619712,0.13619712,0.13619712,-0.13619712,-0.13619712,-0.13619712,-0.13619712
19.60009003,1,0,0,0,0,0,0,0.9285568,-0.34488681,0.05224191,-0.126911461,-0.712573565,0.009479122,-0.275196655,-0.703677535,-0.050030649,0.014693291,0.176335576,0,0,0.13619712,0.13619712,0.13619712,0.13619712,-0.13619712,-0.13619712,-0.13619712,-0.13619712
19.65029002,1,0,0,0,0,0,0,0.924407065,-0.356204301,0.052899025,-0.125665709,-0.736735601,0.008275227,-0.273421569,-0.521555603,-0.054048013,0.002927334,0.212132034,0,0,0.212131992,0.212131992,0.212131992,0.212131992,-0.212131992,-0.212131992,-0.212131992,-0.212131992
19.70004988,1,0,0,0,0,0,0,0.921314836,-0.364439696,0.053063914,-0.124687977,-0.75429684,0.006894699,-0.271770412,-0.366264611,-0.05448759,0.002045184,0.242705098,0,0,0.242705047,0.242705047,0.242705047,0.242705047,-0.242705047,-0.242705047,-0.242705047,-0.242705047
19.75026989,1,0,0,0,0,0,0,0.919249713,-0.369898319,0.052805271,-0.123964407,-0.765863351,0.005374033,-0.270255227,-0.209476024,-0.055508308,-0.004188716,0.267301957,0,0,0.267301887,0.267301887,0.267301887,0.267301887,-0.267301887,-0.267301887,-0.267301887,-0.267301887
19.80004001,1,0,0,0,0,0,0,0.919294655,-0.370283335,0.05071903,-0.123350747,-0.766075621,0.001902015,-0.267532584,0.215715915,-0.036838654,-0.02643913,0.285316955,0,0,0.285316885,0.285316885,0.285316885,0.285316885,-0.285316885,-0.285316885,-0.285316885,-0.285316885
19.85025001,1,0,0,0,0,0,0,0.921687245,-0.36440438,0.048986159,-0.123703942,-0.753030684,0.00014332,-0.266891397,0.459186107,-0.052078076,-0.0230223,0.296306502,0,0,0.296306431,0.296306431,0.296306431,0.296306431,-0.296306431,-0.296306431,-0.296306431,-0.296306431
19.89999986,1,0,0,0,0,0,0,0.925838113,-0.353881389,0.04676912,-0.124115035,-0.730018844,-0.001242735,-0.266049997,0.740645289,-0.04336537,-0.002563,0.3,0,0,0.299999923,0.299999923,0.299999923,0.299999923,-0.299999923,-0.299999923,-0.299999923,-0.299999923
19.95004988,1,0,0,0,0,0,0,0.933987081,-0.33194527,0.043058563,-0.125006557,-0.682625441,-0.002558389,-0.265193484,1.148317456,-0.017553572,-0.015558306,0.296306502,0,0,0.296306431,0.296306431,0.296306431,0.296306431,-0.296306431,-0.296306431,-0.296306431,-0.296306431
20.00005985,1,0,0,0,0,0,0,0.942509592,-0.306993216,0.039377823,-0.126017362,-0.629345158,-0.003145003,-0.264807878,1.518841386,-0.015613446,-0.009445852,0.285316955,0,0,0.285316885,0.285316885,0.285316885,0.285316885,-0.285316885,-0.285316885,-0.285316885,-0.285316885
20.05003,1,0,0,0,0,0,0,0.952134132,-0.275718033,0.034960207,-0.127272308,-0.563257552,-0.003608936,-0.264721585,1.794912815,-0.010547052,-0.005351012,0.267301957,0,0,0.267301887,0.267301887,0.267301887,0.267301887,-0.267301887,-0.267301887,-0.267301887,-0.267301887
20.10000992,1,0,0,0,0,0,0,0.96899879,-0.208726153,0.026056748,-0.12959896,-0.423843906,-0.003603478,-0.265137115,2.113323212,0.008875888,-0.007350752,0.242705098,0,0,0.242705047,0.242705047,0.242705047,0.242705047,-0.242705047,-0.242705047,-0.242705047,-0.242705047
20.15030003,1,0,0,0,0,0,0,0.982435048,-0.131566912,0.016191479,-0.131337434,-0.265887758,-0.002745172,-0.265428171,2.327608824,0.015986735,-0.00163913,0.212132034,0,0,0.212131992,0.212131992,0.212131992,0.212131992,-0.212131992,-0.212131992,-0.212131992,-0.212131992
20.20025993,1,0,0,0,0,0,0,0.987537622,-0.085206412,0.01035377,-0.131918281,-0.17186592,-0.002031093,-0.265418777,2.370123625,0.022207981,0.001924488,0.176335576,0,0,0.176335543,0.176335543,0.176335543,0.176335543,-0.176335543,-0.176335543,-0.176335543,-0.176335543
20.25002981,1,0,0,0,0,0,0,0.990462542,-0.038590878,0.004526307,-0.132191122,-0.077720573,-0.001236467,-0.265311812,2.351352453,0.021830982,0.00195578,0.13619715,0,0,0.13619712,0.13619712,0.13619712,0.13619712,-0.13619712,-0.13619712,-0.13619712,-0.13619712
20.30003,1,0,0,0,0,0,0,0.991198599,0.007439504,-0.001128637,-0.132169873,0.015046962,-0.00027085,-0.265125045,2.290008545,0.025669523,0.002301488,0.092705098,0,0,0.092705078,0.092705078,0.092705078,0.092705078,-0.092705078,-0.092705078,-0.092705078,-0.092705078
20.35007,1,0,0,0,0,0,0,0.989263356,0.062771395,-0.007747195,-0.131749272,0.126574036,0.00121214,-0.264723302,2.161740303,0.032497238,0.003208969,0.04693034,0,0,0.046930328,0.046930328,0.046930328,0.046930328,-0.046930328,-0.046930328,-0.046930328,-0.046930328
20.40001989,1,0,0,0,0,0,0,0.985804677,0.1041352,-0.01258525,-0.131097823,0.210157947,0.002490603,-0.264157031,2.01685524,0.031750683,0.002457949,-1.54E-13,0,0,-1.54E-13,-1.54E-13,-1.54E-13,-1.54E-13,1.54E-13,1.54E-13,1.54E-13,1.54E-13
20.45009995,1,0,0,0,0,0,0,0.975526989,0.176693618,-0.020836974,-0.129198924,0.357707077,0.005003211,-0.262443153,1.673572302,0.040485743,0.006530439,-0.04693034,0,0,-1.54E-13,-1.54E-13,-1.54E-13,-1.54E-13,1.54E-13,1.54E-13,1.54E-13,1.54E-13
20.50004983,1,0,0,0,0,0,0,0.968113303,0.214001209,-0.024902234,-0.127828777,0.434249929,0.006494702,-0.261126563,1.417854548,0.037487622,0.012642899,-0.092705098,0,0,-0.092705078,-0.092705078,-0.092705078,-0.092705078,0.092705078,0.092705078,0.092705078,0.092705078
20.55006981,1,0,0,0,0,0,0,0.962245882,0.239315525,-0.027618049,-0.12668173,0.486541144,0.007483171,-0.25994146,1.217168331,0.038186479,0.010169302,-0.13619715,0,0,-0.13619712,-0.13619712,-0.13619712,-0.13619712,0.13619712,0.13619712,0.13619712,0.13619712
20.60004998,1,0,0,0,0,0,0,0.957442462,0.258199871,-0.025999933,-0.126335487,0.524814349,0.015453349,-0.258235334,0.643124461,0.363039285,-0.104914628,-0.176335576,0,0,-0.13619712,-0.13619712,-0.13619712,-0.13619712,0.13619712,0.13619712,0.13619712,0.13619712
20.6500299,1,0,0,0,0,0,0,0.954247653,0.270282656,-0.019938342,-0.126338422,0.548150238,0.030246541,-0.254756185,0.500581563,0.315890491,-0.096775606,-0.212132034,0,0,-0.212131992,-0.212131992,-0.212131992,-0.212131992,0.212131992,0.212131992,0.212131992,0.212131992
20.70002985,1,0,0,0,0,0,0,0.953115463,0.275174528,-0.019356096,-0.124399804,0.55815944,0.031571368,-0.250523226,0.067173682,0.009528548,0.094424941,-0.242705098,0,0,-0.242705047,-0.242705047,-0.242705047,-0.242705047,0.242705047,0.242705047,0.242705047,0.242705047
20.75057984,1,0,0,0,0,0,0,0.953889012,0.273758948,-0.019878391,-0.121478185,0.555438872,0.028591809,-0.245185543,-0.156347468,0.023000687,0.054436181,-0.267301957,0,0,-0.267301887,-0.267301887,-0.267301887,-0.267301887,0.267301887,0.267301887,0.267301887,0.267301887
20.80005002,1,0,0,0,0,0,0,0.955527902,0.268550485,-0.019760516,-0.120236084,0.54469012,0.026818681,-0.242857966,-0.36546737,-0.007574262,0.078224391,-0.285316955,0,0,-0.285316885,-0.285316885,-0.285316885,-0.285316885,0.285316885,0.285316885,0.285316885,0.285316885
20.85033989,1,0,0,0,0,0,0,0.959634364,0.25419119,-0.019038917,-0.118854567,0.514991363,0.023885036,-0.240162754,-0.651450515,-0.034889583,0.044726588,-0.296306502,0,0,-0.296306431,-0.296306431,-0.296306431,-0.296306431,0.296306431,0.296306431,0.296306431,0.296306431
20.90003992,1,0,0,0,0,0,0,0.963772893,0.238446653,-0.017924035,-0.118169256,0.482463831,0.021806452,-0.238639237,-0.940083027,-0.01866222,0.055897988,-0.3,0,0,-0.299999923,-0.299999923,-0.299999923,-0.299999923,0.299999923,0.299999923,0.299999923,0.299999923
20.95008994,1,0,0,0,0,0,0,0.968907177,0.217245549,-0.016438486,-0.117273435,0.438867583,0.01910069,-0.236641733,-1.220727444,-0.048318524,0.081636786,-0.296306502,0,0,-0.296306431,-0.296306431,-0.296306431,-0.296306431,0.296306431,0.296306431,0.296306431,0.296306431
21.00006986,1,0,0,0,0,0,0,0.974679291,0.190524846,-0.014378169,-0.116163462,0.384171372,0.016236557,-0.234085563,-1.508069992,-0.052629452,0.077026397,-0.285316955,0,0,-0.285316885,-0.285316885,-0.285316885,-0.285316885,0.285316885,0.285316885,0.285316885,0.285316885
21.05053998,1,0,0,0,0,0,0,0.987244844,0.111514963,-0.007777012,-0.113365538,0.223823468,0.009928438,-0.227543131,-1.9997648,-0.048133776,0.096019447,-0.267301957,0,0,-0.267301887,-0.267301887,-0.267301887,-0.267301887,0.267301887,0.267301887,0.267301887,0.267301887
21.10007,1,0,0,0,0,0,0,0.991222024,0.070462808,-0.0041186,-0.111790165,0.14108099,0.007589275,-0.224074955,-2.129925251,-0.044004668,0.090893455,-0.242705098,0,0,-0.242705047,-0.242705047,-0.242705047,-0.242705047,0.242705047,0.242705047,0.242705047,0.242705047
21.15030003,1,0,0,0,0,0,0,0.993571579,0.027247293,-0.000186183,-0.109877698,0.05421259,0.005617797,-0.220129806,-2.213693619,-0.035093773,0.099996604,-0.212132034,0,0,-0.212131992,-0.212131992,-0.212131992,-0.212131992,0.212131992,0.212131992,0.212131992,0.212131992
21.20003987,1,0,0,0,0,0,0,0.99382633,-0.028279256,0.004859169,-0.107172221,-0.057282567,0.003596846,-0.214948752,-2.241273165,-0.042985439,0.101449482,-0.176335576,0,0,-0.176335543,-0.176335543,-0.176335543,-0.176335543,0.176335543,0.176335543,0.176335543,0.176335543
21.25004983,1,0,0,0,0,0,0,0.99180156,-0.07246431,0.008804317,-0.104887024,-0.146106965,0.00226314,-0.210890461,-2.201416969,-0.043822888,0.089936808,-0.13619715,0,0,-0.13619712,-0.13619712,-0.13619712,-0.13619712,0.13619712,0.13619712,0.13619712,0.13619712
21.3000598,1,0,0,0,0,0,0,0.987919569,-0.115426622,0.012539105,-0.10263814,-0.232733832,0.001080908,-0.207169986,-2.11347723,-0.051683251,0.078214049,-0.092705098,0,0,-0.092705078,-0.092705078,-0.092705078,-0.092705078,0.092705078,0.092705078,0.092705078,0.092705078
21.35010982,1,0,0,0,0,0,0,0.973974288,-0.203557432,0.01998998,-0.097667761,-0.411979782,-0.000822543,-0.199715032,-1.824008107,-0.045962665,0.065607622,-0.04693034,0,0,-0.046930328,-0.046930328,-0.046930328,-0.046930328,0.046930328,0.046930328,0.046930328,0.046930328
21.40000988,1,0,0,0,0,0,0,0.966441214,-0.237414375,0.022796316,-0.09542682,-0.481653424,-0.001248799,-0.196536099,-1.669017911,-0.044117901,0.062444113,1.68E-13,0,0,1.68E-13,1.68E-13,1.68E-13,1.68E-13,-1.68E-13,-1.68E-13,-1.68E-13,-1.68E-13
21.45028997,1,0,0,0,0,0,0,0.958726048,-0.267423779,0.025276553,-0.09322048,-0.543909578,-0.001392167,-0.193469769,-1.472763181,-0.036866989,0.059505589,0.04693034,0,0,0.046930328,0.046930328,0.046930328,0.046930328,-0.046930328,-0.046930328,-0.046930328,-0.046930328
21.50006986,1,0,0,0,0,0,0,0.951219916,-0.2934843,0.027402647,-0.091087759,-0.598409031,-0.001333767,-0.190524158,-1.26714766,-0.03556462,0.054628424,0.092705098,0,0,0.092705078,0.092705078,0.092705078,0.092705078,-0.092705078,-0.092705078,-0.092705078,-0.092705078
21.55029989,1,0,0,0,0,0,0,0.941024363,-0.325253546,0.029941563,-0.088243328,-0.66546831,-0.001051431,-0.186637175,-0.975328803,-0.026859349,0.041674834,0.13619715,0,0,0.13619712,0.13619712,0.13619712,0.13619712,-0.13619712,-0.13619712,-0.13619712,-0.13619712
21.60002995,1,0,0,0,0,0,0,0.935298979,-0.341660589,0.03117715,-0.08667133,-0.700387672,-0.000904442,-0.184475829,-0.782710493,-0.029495366,0.036998846,0.176335576,0,0,0.13619712,0.13619712,0.13619712,0.13619712,-0.13619712,-0.13619712,-0.13619712,-0.13619712
21.65004993,1,0,0,0,0,0,0,0.927003086,-0.36402303,0.032788977,-0.084128201,-0.748332693,-0.000458239,-0.180829978,-0.432905614,-0.019937759,0.026812406,0.212132034,0,0,0.212131992,0.212131992,0.212131992,0.212131992,-0.212131992,-0.212131992,-0.212131992,-0.212131992
21.6999898,1,0,0,0,0,0,0,0.924458981,-0.370621711,0.033205945,-0.083141737,-0.762554415,-0.000233197,-0.179295017,-0.285694093,-0.01959056,0.026313219,0.242705098,0,0,0.242705047,0.242705047,0.242705047,0.242705047,-0.242705047,-0.242705047,-0.242705047,-0.242705047
21.75002003,1,0,0,0,0,0,0,0.922914445,-0.374631047,0.033343457,-0.082274318,-0.771192977,-9.87E-05,-0.177782276,-0.029332938,-0.021608174,0.010889024,0.267301957,0,0,0.267301887,0.267301887,0.267301887,0.267301887,-0.267301887,-0.267301887,-0.267301887,-0.267301887
21.79998994,1,0,0,0,0,0,0,0.923351109,-0.373695821,0.033126261,-0.081713818,-0.76914117,0.000102115,-0.176575464,0.128368303,-0.002600253,0.02120957,0.285316955,0,0,0.285316885,0.285316885,0.285316885,0.285316885,-0.285316885,-0.285316885,-0.285316885,-0.285316885
21.85009003,1,0,0,0,0,0,0,0.925299764,-0.368968219,0.032610495,-0.08136066,-0.758893137,0.00030997,-0.175530434,0.392600119,-0.014962257,0.013826042,0.296306502,0,0,0.296306431,0.296306431,0.296306431,0.296306431,-0.296306431,-0.296306431,-0.296306431,-0.296306431
21.89997983,1,0,0,0,0,0,0,0.928951383,-0.359732836,0.031723142,-0.081457987,-0.738956262,0.000332287,-0.175057456,0.66812712,-0.008900464,0.005593151,0.3,0,0,0.299999923,0.299999923,0.299999923,0.299999923,-0.299999923,-0.299999923,-0.299999923,-0.299999923
21.95028997,1,0,0,0,0,0,0,0.93635416,-0.340107441,0.030111635,-0.081615478,-0.69689199,0.000874247,-0.174204199,1.066761613,-0.001849234,0.025359545,0.296306502,0,0,0.296306431,0.296306431,0.296306431,0.296306431,-0.296306431,-0.296306431,-0.296306431,-0.296306431
21.99998999,1,0,0,0,0,0,0,0.95388031,-0.287368834,0.025973886,-0.082806841,-0.585400905,0.001959748,-0.173777433,1.695865631,0.016098481,0.006181751,0.285316955,0,0,0.285316885,0.285316885,0.285316885,0.285316885,-0.285316885,-0.285316885,-0.285316885,-0.285316885
22.05026985,1,0,0,0,0,0,0,0.963795185,-0.252113998,0.023252785,-0.083647877,-0.511933952,0.002644246,-0.17383834,1.949068546,0.019790996,0.003951047,0.267301957,0,0,0.267301887,0.267301887,0.267301887,0.267301887,-0.267301887,-0.267301887,-0.267301887,-0.267301887
22.09997988,1,0,0,0,0,0,0,0.975574553,-0.201751426,0.019428462,-0.084695458,-0.408181442,0.003732975,-0.173970319,2.180253029,0.021665571,0.001814218,0.242705098,0,0,0.242705047,0.242705047,0.242705047,0.242705047,-0.242705047,-0.242705047,-0.242705047,-0.242705047
22.1500299,1,0,0,0,0,0,0,0.983616233,-0.157885849,0.016206585,-0.085491017,-0.318742745,0.004886495,-0.17417971,2.283274174,0.034267504,0.000671298,0.212132034,0,0,0.212131992,0.212131992,0.212131992,0.212131992,-0.212131992,-0.212131992,-0.212131992,-0.212131992
22.19998003,1,0,0,0,0,0,0,0.989885509,-0.111930519,0.012988612,-0.08619713,-0.225753164,0.00641834,-0.174445143,2.34510994,0.048714202,-0.000782312,0.176335576,0,0,0.176335543,0.176335543,0.176335543,0.176335543,-0.176335543,-0.176335543,-0.176335543,-0.176335543
22.25001002,1,0,0,0,0,0,0,0.994059443,-0.064990319,0.009881188,-0.086743712,-0.1313043,0.008370071,-0.174633534,2.355666399,0.052600436,0.00144169,0.13619715,0,0,0.13619712,0.13619712,0.13619712,0.13619712,-0.13619712,-0.13619712,-0.13619712,-0.13619712
22.30001998,1,0,0,0,0,0,0,0.994995892,0.049264293,0.002746359,-0.086883776,0.097723362,0.014026226,-0.173513719,2.17915225,0.062934384,0.013449059,0.092705098,0,0,0.092705078,0.092705078,0.092705078,0.092705078,-0.092705078,-0.092705078,-0.092705078,-0.092705078
22.35002995,1,0,0,0,0,0,0,0.992055953,0.091410793,0.000141612,-0.086423308,0.182377574,0.016081714,-0.172321376,2.065608263,0.05191049,0.018983359,0.04693034,0,0,0.046930328,0.046930328,0.046930328,0.046930328,-0.046930328,-0.046930328,-0.046930328,-0.046930328
22.40013981,1,0,0,0,0,0,0,0.987729371,0.130503491,-0.002263148,-0.085758232,0.261193592,0.017913699,-0.170859924,1.903743505,0.049271483,0.020430256,-1.81E-13,0,0,-1.81E-13,-1.81E-13,-1.81E-13,-1.81E-13,1.81E-13,1.81E-13,1.81E-13,1.81E-13
22.45002985,1,0,0,0,0,0,0,0.980980217,0.174535275,-0.00498178,-0.084798053,0.350474592,0.01982774,-0.168944958,1.681616068,0.048919804,0.02141075,-0.04693034,0,0,-0.046930328,-0.046930328,-0.046930328,-0.046930328,0.046930328,0.046930328,0.046930328,0.046930328
22.50004983,1,0,0,0,0,0,0,0.97505635,0.205353603,-0.006955718,-0.083946019,0.413392336,0.02091432,-0.167377775,1.48115325,0.040834419,0.024599599,-0.092705098,0,0,-0.092705078,-0.092705078,-0.092705078,-0.092705078,0.092705078,0.092705078,0.092705078,0.092705078
22.55024982,1,0,0,0,0,0,0,0.9690817,0.232173815,-0.008675458,-0.08307109,0.468489458,0.021761124,-0.165831867,1.280884385,0.032173861,0.02166108,-0.13619715,0,0,-0.13619712,-0.13619712,-0.13619712,-0.13619712,0.13619712,0.13619712,0.13619712,0.13619712
22.60060001,1,0,0,0,0,0,0,0.956935227,0.278510064,-0.011812537,-0.081043065,0.564605399,0.022536851,-0.162440191,0.878361881,0.020452593,0.026590383,-0.176335576,0,0,-0.176335543,-0.176335543,-0.176335543,-0.176335543,0.176335543,0.176335543,0.176335543,0.176335543
22.65067983,1,0,0,0,0,0,0,0.952465951,0.293608874,-0.01278272,-0.080245174,0.59619969,0.022773142,-0.161105397,0.698532999,0.080882758,-0.021764638,-0.212132034,0,0,-0.212131992,-0.212131992,-0.212131992,-0.212131992,0.212131992,0.212131992,0.212131992,0.212131992
22.70020986,1,0,0,0,0,0,0,0.950739324,0.2994335,-0.011503788,-0.079385847,0.608187678,0.025670173,-0.158555235,0.052642081,-0.012801588,0.055614863,-0.242705098,0,0,-0.242705047,-0.242705047,-0.242705047,-0.242705047,0.242705047,0.242705047,0.242705047,0.242705047
22.7501998,1,0,0,0,0,0,0,0.950633466,0.300055832,-0.012033622,-0.078217097,0.609593611,0.024062182,-0.156617713,-0.000552833,-0.008162856,0.053999577,-0.267301957,0,0,-0.267301887,-0.267301887,-0.267301887,-0.267301887,0.267301887,0.267301887,0.267301887,0.267301887
22.8003099,1,0,0,0,0,0,0,0.951773763,0.296834469,-0.012639335,-0.076527037,0.602983657,0.021373773,-0.153817235,-0.229175389,-0.015977027,0.076208271,-0.285316955,0,0,-0.285316885,-0.285316885,-0.285316885,-0.285316885,0.285316885,0.285316885,0.285316885,0.285316885
22.85045982,1,0,0,0,0,0,0,0.954034507,0.28980276,-0.012803283,-0.075291358,0.588355659,0.019210918,-0.151690883,-0.440140128,-0.005443396,0.054868322,-0.296306502,0,0,-0.296306431,-0.296306431,-0.296306431,-0.296306431,0.296306431,0.296306431,0.296306431,0.296306431
22.89998985,1,0,0,0,0,0,0,0.962146401,0.262529373,-0.012617596,-0.072066441,0.531757024,0.013559579,-0.145831598,-0.984256208,-0.028133396,0.11638926,-0.3,0,0,-0.299999923,-0.299999923,-0.299999923,-0.299999923,0.299999923,0.299999923,0.299999923,0.299999923
22.9500599,1,0,0,0,0,0,0,0.971505344,0.226274341,-0.011696192,-0.069573849,0.457044489,0.008759841,-0.140947432,-1.462369442,-0.03910365,0.110743262,-0.296306502,0,0,-0.296306431,-0.296306431,-0.296306431,-0.296306431,0.296306431,0.296306431,0.296306431,0.296306431
22.99998999,1,0,0,0,0,0,0,0.978467107,0.194668978,-0.010587043,-0.067779921,0.392387636,0.005671179,-0.137194957,-1.73713696,-0.030259812,0.11414969,-0.285316955,0,0,-0.296306431,-0.296306431,-0.296306431,-0.296306431,0.296306431,0.296306431,0.296306431,0.296306431
23.0500598,1,0,0,0,0,0,0,0.985180438,0.158086568,-0.009199799,-0.065906897,0.318035658,0.002711069,-0.133162759,-1.954052329,-0.031700764,0.114258483,-0.267301957,0,0,-0.267301887,-0.267301887,-0.267301887,-0.267301887,0.267301887,0.267301887,0.267301887,0.267301887
23.10013986,1,0,0,0,0,0,0,0.990973949,0.117586516,-0.007532442,-0.063933529,0.236203724,0.000106535,-0.128840487,-2.127012253,-0.027264684,0.119946294,-0.242705098,0,0,-0.242705047,-0.242705047,-0.242705047,-0.242705047,0.242705047,0.242705047,0.242705047,0.242705047
23.14999986,1,0,0,0,0,0,0,0.995282173,0.074437767,-0.00570002,-0.061968461,0.149435471,-0.00212067,-0.124522617,-2.213910103,-0.030763488,0.107511275,-0.212132034,0,0,-0.242705047,-0.242705047,-0.242705047,-0.242705047,0.242705047,0.242705047,0.242705047,0.242705047
23.20001984,1,0,0,0,0,0,0,0.997974932,-0.026969541,-0.001365547,-0.057593919,-0.053699261,-0.005832158,-0.115137063,-2.250193119,-0.035245765,0.090039641,-0.176335576,0,0,-0.176335543,-0.176335543,-0.176335543,-0.176335543,0.176335543,0.176335543,0.176335543,0.176335543
23.25008989,1,0,0,0,0,0,0,0.995874941,-0.071610205,0.000497787,-0.055721704,-0.143177248,-0.006989074,-0.111287265,-2.213626385,-0.038936783,0.083498001,-0.13619715,0,0,-0.13619712,-0.13619712,-0.13619712,-0.13619712,0.13619712,0.13619712,0.13619712,0.13619712
23.30006981,1,0,0,0,0,0,0,0.991944253,-0.114584215,0.002239142,-0.053966369,-0.22958256,-0.007925261,-0.107788343,-2.126012325,-0.037869859,0.073316038,-0.092705098,0,0,-0.092705078,-0.092705078,-0.092705078,-0.092705078,0.092705078,0.092705078,0.092705078,0.092705078
23.35008002,1,0,0,0,0,0,0,0.984928668,-0.164936364,0.004332444,-0.051893357,-0.331395259,-0.008584011,-0.10384199,-1.956026554,-0.032627616,0.064126469,-0.04693034,0,0,-0.046930328,-0.046930328,-0.046930328,-0.046930328,0.046930328,0.046930328,0.046930328,0.046930328
23.40012002,1,0,0,0,0,0,0,0.978129804,-0.201730132,0.005883895,-0.050325353,-0.40633338,-0.008793965,-0.100998873,-1.796981931,-0.028166201,0.052832857,1.95E-13,0,0,1.95E-13,1.95E-13,1.95E-13,1.95E-13,-1.95E-13,-1.95E-13,-1.95E-13,-1.95E-13
23.45027996,1,0,0,0,0,0,0,0.970752239,-0.234943345,0.007263678,-0.04887912,-0.47447499,-0.008865299,-0.09847506,-1.614747643,-0.019082438,0.049453259,0.04693034,0,0,0.046930328,0.046930328,0.046930328,0.046930328,-0.046930328,-0.046930328,-0.046930328,-0.046930328
23.50026989,1,0,0,0,0,0,0,0.957815289,-0.283388913,0.009321548,-0.046837334,-0.57491347,-0.008689829,-0.095153384,-1.264460802,-0.015699869,0.03019945,0.092705098,0,0,0.092705078,0.092705078,0.092705078,0.092705078,-0.092705078,-0.092705078,-0.092705078,-0.092705078
23.55001998,1,0,0,0,0,0,0,0.947956741,-0.314962447,0.010567794,-0.04544374,-0.641158187,-0.008590625,-0.092951519,-0.963367701,-0.015635794,0.027412929,0.13619715,0,0,0.13619712,0.13619712,0.13619712,0.13619712,-0.13619712,-0.13619712,-0.13619712,-0.13619712
23.60020996,1,0,0,0,0,0,0,0.942494392,-0.331040651,0.011217874,-0.044619445,-0.675171003,-0.00839623,-0.091665812,-0.738184214,0.0197582,0.041636087,0.176335576,0,0,0.176335543,0.176335543,0.176335543,0.176335543,-0.176335543,-0.176335543,-0.176335543,-0.176335543
23.65029002,1,0,0,0,0,0,0,0.938565314,-0.342078358,0.01436168,-0.04326342,-0.698892719,-0.002640211,-0.091163229,-0.493450552,0.111486778,0.096557312,0.212132034,0,0,0.176335543,0.176335543,0.176335543,0.176335543,-0.176335543,-0.176335543,-0.176335543,-0.176335543
23.70026994,1,0,0,0,0,0,0,0.934617937,-0.352722079,0.019114202,-0.041368525,-0.722038961,0.006545812,-0.090938746,-0.284965366,0.109589845,0.09672419,0.242705098,0,0,0.242705047,0.242705047,0.242705047,0.242705047,-0.242705047,-0.242705047,-0.242705047,-0.242705047
23.75023985,1,0,0,0,0,0,0,0.933219433,-0.356358975,0.021943703,-0.040351752,-0.730098156,0.012197465,-0.091086416,-0.146316022,0.102298729,0.080359742,0.267301957,0,0,0.267301887,0.267301887,0.267301887,0.267301887,-0.267301887,-0.267301887,-0.267301887,-0.267301887
23.80026985,1,0,0,0,0,0,0,0.933002591,-0.356862158,0.024401778,-0.039501917,-0.73143021,0.017341231,-0.091267254,0.093279056,0.089041159,0.080937915,0.285316955,0,0,0.285316885,0.285316885,0.285316885,0.285316885,-0.285316885,-0.285316885,-0.285316885,-0.285316885
23.85048986,1,0,0,0,0,0,0,0.937783539,-0.343906224,0.028672621,-0.038323458,-0.704246929,0.027421501,-0.091762753,0.588987112,0.066556804,0.041281443,0.296306502,0,0,0.296306431,0.296306431,0.296306431,0.296306431,-0.296306431,-0.296306431,-0.296306431,-0.296306431
23.90022994,1,0,0,0,0,0,0,0.942279935,-0.331290931,0.028193798,-0.039498389,-0.677429978,0.026965247,-0.093286871,0.784506679,-0.013154748,-0.070212804,0.3,0,0,0.299999923,0.299999923,0.299999923,0.299999923,-0.299999923,-0.299999923,-0.299999923,-0.299999923
23.95046998,1,0,0,0,0,0,0,0.948499084,-0.312945873,0.026908293,-0.041116327,-0.638586772,0.025313311,-0.095012534,1.143525243,0.002264232,-0.073647514,0.296306502,0,0,0.296306431,0.296306431,0.296306431,0.296306431,-0.296306431,-0.296306431,-0.296306431,-0.296306431
24.00013996,1,0,0,0,0,0,0,0.956413925,-0.287710875,0.02534215,-0.043043245,-0.585574519,0.02370937,-0.097096474,1.479427576,0.007589912,-0.06919954,0.285316955,0,0,0.285316885,0.285316885,0.285316885,0.285316885,-0.285316885,-0.285316885,-0.285316885,-0.285316885
24.05009985,1,0,0,0,0,0,0,0.967458308,-0.247793198,0.023102734,-0.045707777,-0.502580159,0.022051499,-0.100081422,1.817282557,-0.00405312,-0.065702267,0.267301957,0,0,0.267301887,0.267301887,0.267301887,0.267301887,-0.267301887,-0.267301887,-0.267301887,-0.267301887
24.10011983,1,0,0,0,0,0,0,0.976228058,-0.210359737,0.021102738,-0.047777928,-0.425555014,0.02110262,-0.102364017,2.021756887,0.015120972,-0.06285318,0.242705098,0,0,0.242705047,0.242705047,0.242705047,0.242705047,-0.242705047,-0.242705047,-0.242705047,-0.242705047
24.15003992,1,0,0,0,0,0,0,0.99066031,-0.125200704,0.016952906,-0.051283255,-0.252530719,0.020749222,-0.10607516,2.272162676,0.016989581,-0.039361473,0.212132034,0,0,0.212131992,0.212131992,0.212131992,0.212131992,-0.212131992,-0.212131992,-0.212131992,-0.212131992
24.20022989,1,0,0,0,0,0,0,0.996141434,-0.068276398,0.014612501,-0.053173557,-0.138050779,0.02185297,-0.108168695,2.319105625,0.028304052,-0.036549617,0.176335576,0,0,0.176335543,0.176335543,0.176335543,0.176335543,-0.176335543,-0.176335543,-0.176335543,-0.176335543
24.25030995,1,0,0,0,0,0,0,0.998174906,-0.022619551,0.012885549,-0.054491922,-0.046590297,0.023260991,-0.109616834,2.279699326,0.038225248,-0.035099734,0.13619715,0,0,0.13619712,0.13619712,0.13619712,0.13619712,-0.13619712,-0.13619712,-0.13619712,-0.13619712
24.30001998,1,0,0,0,0,0,0,0.998142838,0.022202345,0.011201324,-0.055612028,0.043102987,0.024833024,-0.110780614,2.20933938,0.042717967,-0.030115288,0.092705098,0,0,0.13619712,0.13619712,0.13619712,0.13619712,-0.13619712,-0.13619712,-0.13619712,-0.13619712
24.35026002,1,0,0,0,0,0,0,0.996213078,0.06538181,0.009624174,-0.056501996,0.12958881,0.026566976,-0.111588254,2.104887486,0.040879153,-0.027407741,0.04693034,0,0,0.046930328,0.046930328,0.046930328,0.046930328,-0.046930328,-0.046930328,-0.046930328,-0.046930328
24.40000988,1,0,0,0,0,0,0,0.990430832,0.125297651,0.007522201,-0.057367027,0.250037457,0.029280522,-0.112033221,1.904616952,0.045845702,-0.016713157,-2.05E-13,0,0,-2.05E-13,-2.05E-13,-2.05E-13,-2.05E-13,2.05E-13,2.05E-13,2.05E-13,2.05E-13
24.45096994,1,0,0,0,0,0,0,0.979357839,0.193593413,0.005266142,-0.057897136,0.388485961,0.032737731,-0.111656615,1.544892788,0.045312222,-0.008678441,-0.04693034,0,0,-0.046930328,-0.046930328,-0.046930328,-0.046930328,0.046930328,0.046930328,0.046930328,0.046930328
24.50002003,1,0,0,0,0,0,0,0.97332412,0.221931845,0.004317708,-0.058035064,0.446458648,0.034171357,-0.111352193,1.359817386,0.031367704,-0.008378927,-0.092705098,0,0,-0.092705078,-0.092705078,-0.092705078,-0.092705078,0.092705078,0.092705078,0.092705078,0.092705078
24.55028987,1,0,0,0,0,0,0,0.96602571,0.251801819,0.003257345,-0.0581383,0.507990994,0.035579505,-0.110983511,1.129926443,0.021428624,-0.008401277,-0.13619715,0,0,-0.13619712,-0.13619712,-0.13619712,-0.13619712,0.13619712,0.13619712,0.13619712,0.13619712
24.60008002,1,0,0,0,0,0,0,0.960683942,0.271462053,0.002495646,-0.05821193,0.548764488,0.036407752,-0.110791358,0.940063,0.015398118,-0.012770297,-0.176335576,0,0,-0.176335543,-0.176335543,-0.176335543,-0.176335543,0.176335543,0.176335543,0.176335543,0.176335543
24.65030003,1,0,0,0,0,0,0,0.956892312,0.284649402,-0.001173738,-0.05771254,0.576566135,0.030614171,-0.111399906,0.441972226,-0.293123782,0.100093357,-0.212132034,0,0,-0.212131992,-0.212131992,-0.212131992,-0.212131992,0.212131992,0.212131992,0.212131992,0.212131992
24.70015002,1,0,0,0,0,0,0,0.954825342,0.291578054,-0.007602112,-0.056860656,0.59170095,0.018642337,-0.113278949,0.332079142,-0.285583794,0.133387044,-0.242705098,0,0,-0.242705047,-0.242705047,-0.242705047,-0.242705047,0.242705047,0.242705047,0.242705047,0.242705047
24.75019002,1,0,0,0,0,0,0,0.953633726,0.295024246,-0.010893478,-0.058522105,0.599244122,0.013754536,-0.118332107,-0.103957951,-0.033524632,-0.039413575,-0.267301957,0,0,-0.267301887,-0.267301887,-0.267301887,-0.267301887,0.267301887,0.267301887,0.267301887,0.267301887
24.79990983,1,0,0,0,0,0,0,0.954677582,0.291392028,-0.011351928,-0.059604272,0.591698565,0.013061927,-0.120724741,-0.276152819,-0.05413295,-0.040408969,-0.285316955,0,0,-0.285316885,-0.285316885,-0.285316885,-0.285316885,0.285316885,0.285316885,0.285316885,0.285316885
24.85013986,1,0,0,0,0,0,0,0.956812561,0.284118056,-0.011808157,-0.060395155,0.576578796,0.011722587,-0.122598755,-0.483065873,-0.07882864,-0.004647672,-0.296306502,0,0,-0.296306431,-0.296306431,-0.296306431,-0.296306431,0.296306431,0.296306431,0.296306431,0.296306431
24.90007997,1,0,0,0,0,0,0,0.960217357,0.27216059,-0.011986529,-0.061384194,0.551735837,0.010393552,-0.124738754,-0.761542022,-0.04930051,-0.035807498,-0.3,0,0,-0.299999923,-0.299999923,-0.299999923,-0.299999923,0.299999923,0.299999923,0.299999923,0.299999923
24.94997001,1,0,0,0,0,0,0,0.967744291,0.243487045,-0.011655109,-0.063636057,0.492427549,0.008430878,-0.129206334,-1.202191949,-0.079122216,-0.053031765,-0.296306502,0,0,-0.296306431,-0.296306431,-0.296306431,-0.296306431,0.296306431,0.296306431,0.296306431,0.296306431
24.9999199,1,0,0,0,0,0,0,0.9739905,0.216750741,-0.011045082,-0.065113313,0.437497708,0.006711159,-0.132013619,-1.517944813,-0.076182224,-0.042456415,-0.285316955,0,0,-0.285316885,-0.285316885,-0.285316885,-0.285316885,0.285316885,0.285316885,0.285316885,0.285316885
25.05021,1,0,0,0,0,0,0,0.982203066,0.17532368,-0.009903711,-0.066638932,0.353016087,0.003911864,-0.13478741,-1.82763958,-0.079786859,-0.025184475,-0.267301957,0,0,-0.267301887,-0.267301887,-0.267301887,-0.267301887,0.267301887,0.267301887,0.267301887,0.267301887
25.0999198,1,0,0,0,0,0,0,0.993067563,0.095497236,-0.007116734,-0.068167515,0.191814799,-0.001115177,-0.137179025,-2.149247885,-0.06981203,-0.004981464,-0.242705098,0,0,-0.242705047,-0.242705047,-0.242705047,-0.242705047,0.242705047,0.242705047,0.242705047,0.242705047
25.1500299,1,0,0,0,0,0,0,0.996304989,0.051618043,-0.005425412,-0.068429984,0.103784073,-0.003746295,-0.137346721,-2.237368822,-0.069914848,0.006074466,-0.212132034,0,0,-0.212131992,-0.212131992,-0.212131992,-0.212131992,0.212131992,0.212131992,0.212131992,0.212131992
25.19998003,1,0,0,0,0,0,0,0.997621477,0.006584624,-0.003643556,-0.068519093,0.013637928,-0.006367476,-0.137192945,-2.267286301,-0.068791308,0.006037213,-0.176335576,0,0,-0.176335543,-0.176335543,-0.176335543,-0.176335543,0.176335543,0.176335543,0.176335543,0.176335543
25.24992991,1,0,0,0,0,0,0,0.996911347,-0.03851689,-0.001754153,-0.068420768,-0.076633718,-0.00876829,-0.136714441,-2.235427141,-0.054091275,0.007238248,-0.13619715,0,0,-0.176335543,-0.176335543,-0.176335543,-0.176335543,0.176335543,0.176335543,0.176335543,0.176335543
25.30018998,1,0,0,0,0,0,0,0.993282616,-0.093479969,0.000653608,-0.068197913,-0.186891415,-0.011452091,-0.136029792,-2.166354418,-0.04278874,0.000604243,-0.092705098,0,0,-0.092705078,-0.092705078,-0.092705078,-0.092705078,0.092705078,0.092705078,0.092705078,0.092705078
25.35029984,1,0,0,0,0,0,0,0.98393178,-0.165101573,0.004080966,-0.067845993,-0.331524336,-0.01437267,-0.135285425,-1.904769778,-0.038376492,-0.014296187,-0.04693034,0,0,-0.046930328,-0.046930328,-0.046930328,-0.046930328,0.046930328,0.046930328,0.046930328,0.046930328
25.39997983,1,0,0,0,0,0,0,0.975230932,-0.210495025,0.00634135,-0.067649975,-0.424070513,-0.016112099,-0.13504589,-1.760760188,-0.033472512,-0.014595702,2.19E-13,0,0,2.19E-13,2.19E-13,2.19E-13,2.19E-13,-2.19E-13,-2.19E-13,-2.19E-13,-2.19E-13
25.45002985,1,0,0,0,0,0,0,0.965857863,-0.250000626,0.008254899,-0.067455903,-0.505357504,-0.017782852,-0.134862766,-1.52022624,-0.02634378,-0.01453609,0.04693034,0,0,0.046930328,0.046930328,0.046930328,0.046930328,-0.046930328,-0.046930328,-0.046930328,-0.046930328
25.50005985,1,0,0,0,0,0,0,0.958471179,-0.276950091,0.009496134,-0.067391619,-0.561285074,-0.019125852,-0.13487892,-1.305047274,-0.028647499,-0.027714685,0.092705098,0,0,0.092705078,0.092705078,0.092705078,0.092705078,-0.092705078,-0.092705078,-0.092705078,-0.092705078
25.55018998,1,0,0,0,0,0,0,0.951560199,-0.299785942,0.010491932,-0.06746728,-0.609020454,-0.0204855,-0.1351281,-1.093618989,-0.020760305,-0.027970979,0.13619715,0,0,0.13619712,0.13619712,0.13619712,0.13619712,-0.13619712,-0.13619712,-0.13619712,-0.13619712
25.60019994,1,0,0,0,0,0,0,0.945393324,-0.318621725,0.011272239,-0.0677111,-0.648656253,-0.021836788,-0.135658329,-0.892456114,-0.015200676,-0.037339341,0.176335576,0,0,0.176335543,0.176335543,0.176335543,0.176335543,-0.176335543,-0.176335543,-0.176335543,-0.176335543
25.64988995,1,0,0,0,0,0,0,0.937921166,-0.339816093,0.012011134,-0.068444438,-0.693547968,-0.02398835,-0.137021788,-0.618279159,-0.008416178,-0.046849269,0.212132034,0,0,0.176335543,0.176335543,0.176335543,0.176335543,-0.176335543,-0.176335543,-0.176335543,-0.176335543
25.70025993,1,0,0,0,0,0,0,0.932630539,-0.353819191,0.014767413,-0.069242641,-0.723700752,-0.021455308,-0.1400955,-0.25806281,0.130143017,0.030136853,0.242705098,0,0,0.242705047,0.242705047,0.242705047,0.242705047,-0.242705047,-0.242705047,-0.242705047,-0.242705047
25.75004983,1,0,0,0,0,0,0,0.93127805,-0.357155442,0.01756911,-0.069662444,-0.731204284,-0.017038008,-0.142805512,-0.129318237,0.142087802,0.020394476,0.267301957,0,0,0.267301887,0.267301887,0.267301887,0.267301887,-0.267301887,-0.267301887,-0.267301887,-0.267301887
25.79999996,1,0,0,0,0,0,0,0.931593537,-0.356027007,0.021355489,-0.070158951,-0.729337574,-0.010167865,-0.146456048,0.1421161,0.134950131,0.017895551,0.285316955,0,0,0.285316885,0.285316885,0.285316885,0.285316885,-0.285316885,-0.285316885,-0.285316885,-0.285316885
25.85022998,1,0,0,0,0,0,0,0.933307886,-0.351245791,0.023476142,-0.070793241,-0.719456981,-0.005910753,-0.149190998,0.299674988,0.15623346,0.021240862,0.296306502,0,0,0.296306431,0.296306431,0.296306431,0.296306431,-0.296306431,-0.296306431,-0.296306431,-0.296306431
25.89999986,1,0,0,0,0,0,0,0.936612427,-0.342070043,0.025270302,-0.071461163,-0.700220799,-0.00155249,-0.151732983,0.601235867,0.143731415,0.024659192,0.3,0,0,0.299999923,0.299999923,0.299999923,0.299999923,-0.299999923,-0.299999923,-0.299999923,-0.299999923
25.94999981,1,0,0,0,0,0,0,0.941868842,-0.327063888,0.026584458,-0.072151445,-0.668667756,0.002881884,-0.153911567,0.94661957,0.109642021,0.012061747,0.296306502,0,0,0.296306431,0.296306431,0.296306431,0.296306431,-0.296306431,-0.296306431,-0.296306431,-0.296306431
26.00006986,1,0,0,0,0,0,0,0.959405839,-0.270346493,0.027167963,-0.075599268,-0.550231771,0.011254447,-0.160447911,1.665276885,0.109288931,-0.024306795,0.285316955,0,0,0.285316885,0.285316885,0.285316885,0.285316885,-0.285316885,-0.285316885,-0.285316885,-0.285316885
26.05028987,1,0,0,0,0,0,0,0.968419015,-0.235449284,0.026267475,-0.07770671,-0.478171304,0.01428435,-0.16362032,1.918272495,0.093356617,-0.047911748,0.267301957,0,0,0.267301887,0.267301887,0.267301887,0.267301887,-0.267301887,-0.267301887,-0.267301887,-0.267301887
26.10003996,1,0,0,0,0,0,0,0.977010012,-0.196069211,0.024701096,-0.079989627,-0.397516881,0.016900232,-0.166783411,2.096128702,0.09356077,-0.053405825,0.242705098,0,0,0.242705047,0.242705047,0.242705047,0.242705047,-0.242705047,-0.242705047,-0.242705047,-0.242705047
26.15047002,1,0,0,0,0,0,0,0.984441459,-0.153544635,0.022609001,-0.082390159,-0.311086697,0.01921452,-0.170008523,2.210081816,0.078002483,-0.063462652,0.212132034,0,0,0.212131992,0.212131992,0.212131992,0.212131992,-0.212131992,-0.212131992,-0.212131992,-0.212131992
26.2002399,1,0,0,0,0,0,0,0.991364658,-0.097652152,0.019527502,-0.085316993,-0.198294695,0.022056761,-0.173891406,2.288343906,0.069264419,-0.065520503,0.176335576,0,0,0.176335543,0.176335543,0.176335543,0.176335543,-0.176335543,-0.176335543,-0.176335543,-0.176335543
26.25021983,1,0,0,0,0,0,0,0.994658351,-0.052132629,0.016852094,-0.087481827,-0.106892013,0.024405257,-0.176757466,2.277810097,0.064682297,-0.06818781,0.13619715,0,0,0.13619712,0.13619712,0.13619712,0.13619712,-0.13619712,-0.13619712,-0.13619712,-0.13619712
26.29999996,1,0,0,0,0,0,0,0.995075285,0.037202284,0.011169336,-0.091195911,0.07209369,0.029018116,-0.181737351,2.189362526,0.046122883,-0.063927554,0.092705098,0,0,0.092705078,0.092705078,0.092705078,0.092705078,-0.092705078,-0.092705078,-0.092705078,-0.092705078
26.35019994,1,0,0,0,0,0,0,0.990647197,0.099282183,0.006764325,-0.093357272,0.196812097,0.031944974,-0.184768309,1.980523348,0.041487105,-0.057296511,0.04693034,0,0,0.046930328,0.046930328,0.046930328,0.046930328,-0.046930328,-0.046930328,-0.046930328,-0.046930328
26.39999986,1,0,0,0,0,0,0,0.98604387,0.136965394,0.003921044,-0.094566263,0.272893145,0.033643594,-0.186604916,1.843960047,0.033523917,-0.062181119,-2.32E-13,0,0,-2.32E-13,-2.32E-13,-2.32E-13,-2.32E-13,2.32E-13,2.32E-13,2.32E-13,2.32E-13
26.45024992,1,0,0,0,0,0,0,0.980576754,0.171219781,0.001286322,-0.095664039,0.342402526,0.035289142,-0.188400499,1.660302639,0.019339483,-0.059494417,-0.04693034,0,0,-0.046930328,-0.046930328,-0.046930328,-0.046930328,0.046930328,0.046930328,0.046930328,0.046930328
26.50002003,1,0,0,0,0,0,0,0.976159215,0.194444776,-0.000541425,-0.096459337,0.389769306,0.036463063,-0.189792619,1.512667894,0.020470487,-0.065800592,-0.092705098,0,0,-0.092705078,-0.092705078,-0.092705078,-0.092705078,0.092705078,0.092705078,0.092705078,0.092705078
26.5501299,1,0,0,0,0,0,0,0.967256844,0.234154329,-0.003759066,-0.09783636,0.471303061,0.038555197,-0.192352183,1.222498417,0.008671734,-0.051628068,-0.13619715,0,0,-0.13619712,-0.13619712,-0.13619712,-0.13619712,0.13619712,0.13619712,0.13619712,0.13619712
26.60028983,1,0,0,0,0,0,0,0.956785321,0.273248315,-0.008027456,-0.099160582,0.552559763,0.038839582,-0.195527762,0.692539692,-0.195865378,0.079933569,-0.176335576,0,0,-0.176335543,-0.176335543,-0.176335543,-0.176335543,0.176335543,0.176335543,0.176335543,0.176335543
26.65023995,1,0,0,0,0,0,0,0.954344571,0.281458706,-0.015270405,-0.098864995,0.570943872,0.026509474,-0.198672236,0.392005652,-0.296206772,0.089249782,-0.212132034,0,0,-0.212131992,-0.212131992,-0.212131992,-0.212131992,0.212131992,0.212131992,0.212131992,0.212131992
26.7002399,1,0,0,0,0,0,0,0.952220738,0.288118273,-0.023438567,-0.098561011,0.586399329,0.012157375,-0.202608019,0.183490679,-0.20301643,0.041333586,-0.242705098,0,0,-0.242705047,-0.242705047,-0.242705047,-0.242705047,0.242705047,0.242705047,0.242705047,0.242705047
26.75024987,1,0,0,0,0,0,0,0.951757729,0.289075583,-0.025088495,-0.099816039,0.58871852,0.009952585,-0.205969656,0.036957107,-0.097154088,-0.056017939,-0.267301957,0,0,-0.267301887,-0.267301887,-0.267301887,-0.267301887,0.267301887,0.267301887,0.267301887,0.267301887
26.80023981,1,0,0,0,0,0,0,0.952120602,0.287185252,-0.026189318,-0.101514727,0.585008863,0.008436385,-0.209896104,-0.18479228,-0.096124418,-0.070951886,-0.285316955,0,0,-0.285316885,-0.285316885,-0.285316885,-0.285316885,0.285316885,0.285316885,0.285316885,0.285316885
26.85024,1,0,0,0,0,0,0,0.953523338,0.281751364,-0.026864517,-0.103381976,0.573863792,0.007024194,-0.213925654,-0.367662311,-0.08459837,-0.071181364,-0.296306502,0,0,-0.296306431,-0.296306431,-0.296306431,-0.296306431,0.296306431,0.296306431,0.296306431,0.296306431
26.90021992,1,0,0,0,0,0,0,0.959307373,0.259279668,-0.026752191,-0.108572029,0.527382281,0.004973911,-0.224053079,-0.797847211,-0.085742801,-0.099605359,-0.3,0,0,-0.299999923,-0.299999923,-0.299999923,-0.299999923,0.299999923,0.299999923,0.299999923,0.299999923
26.95022989,1,0,0,0,0,0,0,0.965595841,0.23312588,-0.025399381,-0.112391643,0.473408626,0.003351734,-0.230940951,-1.236476779,-0.085444793,-0.122149356,-0.296306502,0,0,-0.296306431,-0.296306431,-0.296306431,-0.296306431,0.296306431,0.296306431,0.296306431,0.296306431
27.00002003,1,0,0,0,0,0,0,0.971493781,0.205575615,-0.023494272,-0.115699992,0.416834681,0.001921118,-0.236666939,-1.557132363,-0.095447958,-0.10968902,-0.285316955,0,0,-0.296306431,-0.296306431,-0.296306431,-0.296306431,0.296306431,0.296306431,0.296306431,0.296306431
27.05049992,1,0,0,0,0,0,0,0.980566442,0.15401943,-0.019445602,-0.119955473,0.31174291,-0.001184462,-0.243642147,-1.900686741,-0.093062319,-0.086338907,-0.267301957,0,0,-0.285316885,-0.285316885,-0.285316885,-0.285316885,0.285316885,0.285316885,0.285316885,0.285316885
27.10055995,1,0,0,0,0,0,0,0.985706329,0.11454761,-0.016196858,-0.122473352,0.231861551,-0.003872641,-0.247682593,-2.062256575,-0.090786934,-0.082329027,-0.242705098,0,0,-0.242705047,-0.242705047,-0.242705047,-0.242705047,0.242705047,0.242705047,0.242705047,0.242705047
27.15048981,1,0,0,0,0,0,0,0.988684595,0.083061509,-0.013499596,-0.124184191,0.168393872,-0.006063868,-0.250413977,-2.149147749,-0.086669736,-0.074401587,-0.212132034,0,0,-0.212131992,-0.212131992,-0.212131992,-0.212131992,0.212131992,0.212131992,0.212131992,0.212131992
27.20022989,1,0,0,0,0,0,0,0.991168499,0.039487183,-0.009688594,-0.126222119,0.080814105,-0.009237878,-0.253703483,-2.21347332,-0.087423727,-0.073486663,-0.176335576,0,0,-0.176335543,-0.176335543,-0.176335543,-0.176335543,0.176335543,0.176335543,0.176335543,0.176335543
27.25002981,1,0,0,0,0,0,0,0.988991797,-0.070695348,0.000784628,-0.129988238,-0.140520023,-0.016827937,-0.260187685,-2.149712563,-0.066670857,-0.068852387,-0.13619715,0,0,-0.176335543,-0.176335543,-0.176335543,-0.176335543,0.176335543,0.176335543,0.176335543,0.176335543
27.30003,1,0,0,0,0,0,0,0.984947085,-0.112690113,0.005067402,-0.130976632,-0.225257709,-0.019538534,-0.26219543,-2.089538813,-0.059218772,-0.063279331,-0.092705098,0,0,-0.092705078,-0.092705078,-0.092705078,-0.092705078,0.092705078,0.092705078,0.092705078,0.092705078
27.3499899,1,0,0,0,0,0,0,0.979479074,-0.152220994,0.009247057,-0.131773382,-0.305431068,-0.022004523,-0.264075435,-1.952314615,-0.038494211,-0.062796541,-0.04693034,0,0,-0.046930328,-0.046930328,-0.046930328,-0.046930328,0.046930328,0.046930328,0.046930328,0.046930328
27.40001989,1,0,0,0,0,0,0,0.971235752,-0.197300017,0.014202019,-0.13256073,-0.397520253,-0.024723964,-0.266316859,-1.74870646,-0.032031566,-0.059698571,2.46E-13,0,0,2.46E-13,2.46E-13,2.46E-13,2.46E-13,-2.46E-13,-2.46E-13,-2.46E-13,-2.46E-13
27.45028997,1,0,0,0,0,0,0,0.964045167,-0.229339853,0.017833808,-0.133049533,-0.463511866,-0.026645078,-0.268002216,-1.558951735,-0.024230793,-0.06580656,0.04693034,0,0,0.046930328,0.046930328,0.046930328,0.046930328,-0.046930328,-0.046930328,-0.046930328,-0.046930328
27.50002981,1,0,0,0,0,0,0,0.956784666,-0.25748077,0.021030871,-0.133508891,-0.521896955,-0.028511772,-0.269673598,-1.363178015,-0.020757327,-0.064389423,0.092705098,0,0,0.092705078,0.092705078,0.092705078,0.092705078,-0.092705078,-0.092705078,-0.092705078,-0.092705078
27.55051995,1,0,0,0,0,0,0,0.94344449,-0.301769584,0.026004557,-0.134801656,-0.614704688,-0.032295979,-0.273591814,-0.976719141,-0.009444359,-0.076612845,0.13619715,0,0,0.13619712,0.13619712,0.13619712,0.13619712,-0.13619712,-0.13619712,-0.13619712,-0.13619712
27.59999991,1,0,0,0,0,0,0,0.936625779,-0.321670353,0.028138217,-0.135899127,-0.656799737,-0.034726461,-0.276344017,-0.740394115,-0.00166595,-0.075697921,0.176335576,0,0,0.176335543,0.176335543,0.176335543,0.176335543,-0.176335543,-0.176335543,-0.176335543,-0.176335543
27.65052987,1,0,0,0,0,0,0,0.93218255,-0.333806604,0.029422991,-0.136907309,-0.682603016,-0.036554053,-0.278664601,-0.557117105,0.027573854,-0.063443191,0.212132034,0,0,0.212131992,0.212131992,0.212131992,0.212131992,-0.212131992,-0.212131992,-0.212131992,-0.212131992
27.70001984,1,0,0,0,0,0,0,0.929367661,-0.340966821,0.032720726,-0.137648329,-0.6985736,-0.033053865,-0.282041544,-0.31259805,0.138919801,-0.003547967,0.242705098,0,0,0.242705047,0.242705047,0.242705047,0.242705047,-0.242705047,-0.242705047,-0.242705047,-0.242705047
27.75023985,1,0,0,0,0,0,0,0.927611113,-0.345001847,0.035971731,-0.13862665,-0.707979735,-0.028921378,-0.286005096,-0.146825612,0.147212297,-0.026927894,0.267301957,0,0,0.267301887,0.267301887,0.267301887,0.267301887,-0.267301887,-0.267301887,-0.267301887,-0.267301887
27.80000997,1,0,0,0,0,0,0,0.926788986,-0.346076339,0.039944466,-0.140350088,-0.711361827,-0.023105555,-0.292006366,0.0680767,0.137288138,-0.028674306,0.285316955,0,0,0.267301887,0.267301887,0.267301887,0.267301887,-0.267301887,-0.267301887,-0.267301887,-0.267301887
27.85027004,1,0,0,0,0,0,0,0.929978311,-0.335526198,0.042941857,-0.143939957,-0.689971413,-0.016722037,-0.301109235,0.430288255,0.159137741,-0.043822836,0.296306502,0,0,0.296306431,0.296306431,0.296306431,0.296306431,-0.296306431,-0.296306431,-0.296306431,-0.296306431
27.89994002,1,0,0,0,0,0,0,0.933931172,-0.323171288,0.043047301,-0.146560952,-0.664061852,-0.014322635,-0.306380666,0.788737297,0.122841485,-0.075885676,0.3,0,0,0.299999923,0.299999923,0.299999923,0.299999923,-0.299999923,-0.299999923,-0.299999923,-0.299999923
27.94997001,1,0,0,0,0,0,0,0.941279233,-0.299331814,0.04167702,-0.150522172,-0.613943611,-0.011652986,-0.313445656,1.20291388,0.118156582,-0.095608883,0.296306502,0,0,0.296306431,0.296306431,0.296306431,0.296306431,-0.296306431,-0.296306431,-0.296306431,-0.296306431
28.00017,1,0,0,0,0,0,0,0.948757172,-0.273003787,0.039095636,-0.154273704,-0.558739944,-0.010050248,-0.319507386,1.535384655,0.117179073,-0.111220837,0.285316955,0,0,0.285316885,0.285316885,0.285316885,0.285316885,-0.285316885,-0.285316885,-0.285316885,-0.285316885
28.04997993,1,0,0,0,0,0,0,0.956991196,-0.240631282,0.035342976,-0.158163741,-0.491286601,-0.008472551,-0.325458444,1.829699874,0.102899328,-0.116936989,0.267301957,0,0,0.267301887,0.267301887,0.267301887,0.267301887,-0.267301887,-0.267301887,-0.267301887,-0.267301887
28.10020996,1,0,0,0,0,0,0,0.965156555,-0.203175709,0.030588761,-0.162040025,-0.413825842,-0.006799359,-0.331249895,2.030852318,0.097272657,-0.1101778,0.242705098,0,0,0.242705047,0.242705047,0.242705047,0.242705047,-0.242705047,-0.242705047,-0.242705047,-0.242705047
28.14995981,1,0,0,0,0,0,0,0.979426444,-0.106754109,0.017081255,-0.170398802,-0.216628077,-0.002921883,-0.344190295,2.293574095,0.074701853,-0.133115202,0.212132034,0,0,0.212131992,0.212131992,0.212131992,0.212131992,-0.212131992,-0.212131992,-0.212131992,-0.212131992
28.20015002,1,0,0,0,0,0,0,0.982836306,-0.061024401,0.010361279,-0.173786387,-0.12387185,-0.000843537,-0.349972272,2.339361191,0.073932961,-0.140665695,0.176335576,0,0,0.176335543,0.176335543,0.176335543,0.176335543,-0.176335543,-0.176335543,-0.176335543,-0.176335543
28.24992991,1,0,0,0,0,0,0,0.984136045,-0.015265536,0.003477833,-0.176723808,-0.031281089,0.001449754,-0.355380399,2.305675507,0.06789203,-0.131844178,0.13619715,0,0,0.13619712,0.13619712,0.13619712,0.13619712,-0.13619712,-0.13619712,-0.13619712,-0.13619712
28.30023981,1,0,0,0,0,0,0,0.98290199,0.040580161,-0.005076517,-0.179530635,0.081687091,0.004591343,-0.361136595,2.222243309,0.05979621,-0.11158599,0.092705098,0,0,0.092705078,0.092705078,0.092705078,0.092705078,-0.092705078,-0.092705078,-0.092705078,-0.092705078
28.34996987,1,0,0,0,0,0,0,0.979871809,0.083194561,-0.011715852,-0.181087241,0.168077756,0.007170943,-0.36488637,2.100171089,0.051025365,-0.093570456,0.04693034,0,0,0.046930328,0.046930328,0.046930328,0.046930328,-0.046930328,-0.046930328,-0.046930328,-0.046930328
28.40001989,1,0,0,0,0,0,0,0.975367427,0.123148322,-0.01797325,-0.18212603,0.249364685,0.009796141,-0.367971632,1.959202886,0.045759276,-0.089459203,-2.60E-13,0,0,-2.60E-13,-2.60E-13,-2.60E-13,-2.60E-13,2.60E-13,2.60E-13,2.60E-13,2.60E-13
28.4499898,1,0,0,0,0,0,0,0.966700494,0.176811621,-0.026411507,-0.183113262,0.359229709,0.013689495,-0.371920236,1.705926061,0.040245831,-0.08504995,-0.04693034,0,0,-0.046930328,-0.046930328,-0.046930328,-0.046930328,0.046930328,0.046930328,0.046930328,0.046930328
28.50007987,1,0,0,0,0,0,0,0.953819275,0.234786183,-0.035571344,-0.183954015,0.479181683,0.018523511,-0.376517455,1.298324466,0.025821488,-0.072322808,-0.092705098,0,0,-0.092705078,-0.092705078,-0.092705078,-0.092705078,0.092705078,0.092705078,0.092705078,0.092705078
28.55004001,1,0,0,0,0,0,0,0.947662771,0.257790357,-0.039172649,-0.184241936,0.527227581,0.020748151,-0.378443512,1.121064663,0.021260237,-0.071212664,-0.13619715,0,0,-0.13619712,-0.13619712,-0.13619712,-0.13619712,0.13619712,0.13619712,0.13619712,0.13619712
28.60025001,1,0,0,0,0,0,0,0.942014396,0.277119339,-0.042163379,-0.184489056,0.567823099,0.022815924,-0.380137077,0.933218956,0.020941352,-0.067408398,-0.176335576,0,0,-0.176335543,-0.176335543,-0.176335543,-0.176335543,0.176335543,0.176335543,0.176335543,0.176335543
28.65020991,1,0,0,0,0,0,0,0.935855448,0.296595424,-0.045067061,-0.184864238,0.60892573,0.025309965,-0.382094954,0.726636589,0.017914927,-0.063219681,-0.212132034,0,0,-0.212131992,-0.212131992,-0.212131992,-0.212131992,0.212131992,0.212131992,0.212131992,0.212131992
28.70004988,1,0,0,0,0,0,0,0.931761563,0.308732569,-0.046858281,-0.185226917,0.634662777,0.027052971,-0.383582361,0.575917304,0.013139102,-0.058753796,-0.242705098,0,0,-0.242705047,-0.242705047,-0.242705047,-0.242705047,0.242705047,0.242705047,0.242705047,0.242705047
28.75020981,1,0,0,0,0,0,0,0.928470731,0.318046689,-0.048210151,-0.185646147,0.654474432,0.028568733,-0.384993722,0.425518304,0.009398908,-0.055466592,-0.267301957,0,0,-0.242705047,-0.242705047,-0.242705047,-0.242705047,0.242705047,0.242705047,0.242705047,0.242705047
28.80022002,1,0,0,0,0,0,0,0.924758017,0.327481359,-0.04914612,-0.187519491,0.674403811,0.031927153,-0.388934066,0.00622347,-0.007545948,-0.057916347,-0.285316955,0,0,-0.285316885,-0.285316885,-0.285316885,-0.285316885,0.285316885,0.285316885,0.285316885,0.285316885
28.85002995,1,0,0,0,0,0,0,0.92539686,0.325347662,-0.049626116,-0.187954947,0.670138156,0.030458403,-0.390157004,-0.176440209,-0.082241006,0.041998185,-0.296306502,0,0,-0.296306431,-0.296306431,-0.296306431,-0.296306431,0.296306431,0.296306431,0.296306431,0.296306431
28.90029002,1,0,0,0,0,0,0,0.927860737,0.318202406,-0.050312467,-0.187857881,0.655564907,0.026190722,-0.390619682,-0.514459729,-0.096479081,0.049472608,-0.3,0,0,-0.299999923,-0.299999923,-0.299999923,-0.299999923,0.299999923,0.299999923,0.299999923,0.299999923
28.94993997,1,0,0,0,0,0,0,0.932278097,0.304795533,-0.049749482,-0.18836768,0.627587493,0.022068337,-0.391571923,-0.853860676,-0.105367631,0.044468809,-0.296306502,0,0,-0.299999923,-0.299999923,-0.299999923,-0.299999923,0.299999923,0.299999923,0.299999923,0.299999923
29.00003982,1,0,0,0,0,0,0,0.940471053,0.278368682,-0.047140118,-0.189217523,0.572232139,0.016677399,-0.39218115,-1.336202741,-0.086411864,0.054801285,-0.285316955,0,0,-0.285316885,-0.285316885,-0.285316885,-0.285316885,0.285316885,0.285316885,0.285316885,0.285316885
29.05003,1,0,0,0,0,0,0,0.948484182,0.249686703,-0.04356543,-0.190095708,0.512374241,0.012286808,-0.392381296,-1.62972486,-0.1144723,0.044473298,-0.267301957,0,0,-0.267301887,-0.267301887,-0.267301887,-0.267301887,0.267301887,0.267301887,0.267301887,0.267301887
29.10050989,1,0,0,0,0,0,0,0.964805424,0.176466376,-0.033140268,-0.192125157,0.361040814,0.003859448,-0.392420269,-2.081020832,-0.088086836,0.03767987,-0.242705098,0,0,-0.242705047,-0.242705047,-0.242705047,-0.242705047,0.242705047,0.242705047,0.242705047,0.242705047
29.15032983,1,0,0,0,0,0,0,0.971580803,0.13443318,-0.026642339,-0.192999914,0.27496084,0.000120814,-0.392168444,-2.203367472,-0.079086512,0.028926916,-0.212132034,0,0,-0.212131992,-0.212131992,-0.212131992,-0.212131992,0.212131992,0.212131992,0.212131992,0.212131992
29.20006991,1,0,0,0,0,0,0,0.978589356,0.0680172,-0.015958836,-0.193602979,0.139757321,-0.004897648,-0.390976113,-2.297571182,-0.07071802,0.035186905,-0.176335576,0,0,-0.176335543,-0.176335543,-0.176335543,-0.176335543,0.176335543,0.176335543,0.176335543,0.176335543
29.2504499,1,0,0,0,0,0,0,0.980810881,0.023305109,-0.008520851,-0.193376452,0.049032362,-0.007701443,-0.389515024,-2.255061388,-0.065712728,0.043348283,-0.13619715,0,0,-0.13619712,-0.13619712,-0.13619712,-0.13619712,0.13619712,0.13619712,0.13619712,0.13619712
29.30005002,1,0,0,0,0,0,0,0.981035829,-0.020691285,-0.001060418,-0.192716405,-0.040201918,-0.010055883,-0.38774153,-2.192860365,-0.050070945,0.037529364,-0.092705098,0,0,-0.092705078,-0.092705078,-0.092705078,-0.092705078,0.092705078,0.092705078,0.092705078,0.092705078
29.35002995,1,0,0,0,0,0,0,0.979407609,-0.063042283,0.006244807,-0.191696927,-0.126226265,-0.011937882,-0.385813467,-2.087732553,-0.053790268,0.043750592,-0.04693034,0,0,-0.046930328,-0.046930328,-0.046930328,-0.046930328,0.046930328,0.046930328,0.046930328,0.046930328
29.40083981,1,0,0,0,0,0,0,0.970584631,-0.148194581,0.021365738,-0.188540459,-0.300248947,-0.014407332,-0.381550699,-1.748073101,-0.029815761,0.030659907,2.74E-13,0,0,-0.046930328,-0.046930328,-0.046930328,-0.046930328,0.046930328,0.046930328,0.046930328,0.046930328
29.45036984,1,0,0,0,0,0,0,0.965279102,-0.180409312,0.027285101,-0.186934665,-0.366693542,-0.014774566,-0.379841827,-1.579583764,-0.021073237,0.032385465,0.04693034,0,0,0.046930328,0.046930328,0.046930328,0.046930328,-0.046930328,-0.046930328,-0.046930328,-0.046930328
29.50003982,1,0,0,0,0,0,0,0.960231602,-0.206384897,0.034181755,-0.184911966,-0.421378819,-0.010681472,-0.378198397,-0.95245111,0.342286438,0.136921585,0.092705098,0,0,0.046930328,0.046930328,0.046930328,0.046930328,-0.046930328,-0.046930328,-0.046930328,-0.046930328
29.55028987,1,0,0,0,0,0,0,0.956896901,-0.220610231,0.048776243,-0.182484359,-0.455643696,0.012832188,-0.379858391,-0.555254579,0.377681166,0.141110316,0.13619715,0,0,0.13619712,0.13619712,0.13619712,0.13619712,-0.13619712,-0.13619712,-0.13619712,-0.13619712
29.60001994,1,0,0,0,0,0,0,0.955975533,-0.224337757,0.051527768,-0.182012081,-0.464240365,0.016855003,-0.380268825,-0.100673743,0.028068572,0.022891909,0.176335576,0,0,0.176335543,0.176335543,0.176335543,0.176335543,-0.176335543,-0.176335543,-0.176335543,-0.176335543
29.65026999,1,0,0,0,0,0,0,0.95578301,-0.225036591,0.052137945,-0.181986511,-0.46589199,0.017758808,-0.380520354,0.040718161,0.01429841,0.001909584,0.212132034,0,0,0.212131992,0.212131992,0.212131992,0.212131992,-0.212131992,-0.212131992,-0.212131992,-0.212131992
29.70002985,1,0,0,0,0,0,0,0.956760287,-0.220669806,0.052190609,-0.1821834,-0.45710961,0.019464281,-0.380856631,0.205919936,0.002761931,-0.001217425,0.242705098,0,0,0.242705047,0.242705047,0.242705047,0.242705047,-0.242705047,-0.242705047,-0.242705047,-0.242705047
29.75,1,0,0,0,0,0,0,0.957820833,-0.216000408,0.051491547,-0.182405367,-0.447429168,0.019841387,-0.380883582,0.30393526,-0.000928342,0.010658056,0.267301957,0,0,0.242705047,0.242705047,0.242705047,0.242705047,-0.242705047,-0.242705047,-0.242705047,-0.242705047
29.80018998,1,0,0,0,0,0,0,0.959436655,-0.209076896,0.050530236,-0.182249814,-0.433115497,0.020754158,-0.38000331,0.408516079,0.014666468,0.037092719,0.285316955,0,0,0.285316885,0.285316885,0.285316885,0.285316885,-0.285316885,-0.285316885,-0.285316885,-0.285316885
29.85021997,1,0,0,0,0,0,0,0.961548567,-0.199463353,0.048985671,-0.182315692,-0.413199653,0.021475259,-0.379265098,0.53903693,0.018616769,0.019278383,0.296306502,0,0,0.296306431,0.296306431,0.296306431,0.296306431,-0.296306431,-0.296306431,-0.296306431,-0.296306431
29.90000988,1,0,0,0,0,0,0,0.965841413,-0.179072201,0.045747314,-0.181634337,-0.371086013,0.023320085,-0.37615157,0.863928556,0.016226625,0.073543951,0.3,0,0,0.299999923,0.299999923,0.299999923,0.299999923,-0.299999923,-0.299999923,-0.299999923,-0.299999923
29.9500599,1,0,0,0,0,0,0,0.969568729,-0.159166098,0.042490505,-0.18110089,-0.33009639,0.024747203,-0.37343646,1.11988008,0.032123186,0.077014439,0.296306502,0,0,0.299999923,0.299999923,0.299999923,0.299999923,-0.299999923,-0.299999923,-0.299999923,-0.299999923
30.00024987,1,0,0,0,0,0,0,0.977478266,-0.103792876,0.033290405,-0.180707455,-0.216716308,0.027572491,-0.368613844,1.671141744,0.019770127,0.051520053,0.285316955,0,0,0.285316885,0.285316885,0.285316885,0.285316885,-0.285316885,-0.285316885,-0.285316885,-0.285316885
