time,qw,qx,qy,qz,phi,theta,psi,p,q,r,u_4,u_5,u_6,m_1,m_2,m_3,m_4,m_5,m_6,m_7,m_8
0,0.576655269,0.012795376,-0.024949843,-0.816506326,0.055530704,-0.007879987,-1.911998719,0.006330759,0.004950911,0.0068672,0.185410197,0,0,0.185410157,0.185410157,0.185410157,0.185410157,-0.185410157,-0.185410157,-0.185410157,-0.185410157
0.050159931,0.577109158,0.012858428,-0.025126804,-0.816179276,0.055888253,-0.008012335,-1.910884544,0.006558746,-0.001065433,0.006938726,0.2723943,0,0,0.27239424,0.27239424,0.27239424,0.27239424,-0.27239424,-0.27239424,-0.27239424,-0.27239424
0.100080013,0.577263951,0.012905285,-0.025343508,-0.816062152,0.056294889,-0.00819685,-1.910503195,0.008695572,-0.006483495,0.004922599,0.352671151,0,0,0.352671087,0.352671087,0.352671087,0.352671087,-0.352671087,-0.352671087,-0.352671087,-0.352671087
0.150079966,0.577467203,0.012945278,-0.025569839,-0.815910697,0.056708749,-0.008407205,-1.910003853,0.012693556,-0.00972301,0.007336587,0.424264069,0,0,0.424263984,0.424263984,0.424263984,0.424263984,-0.424263984,-0.424263984,-0.424263984,-0.424263984
0.200190067,0.577610493,0.012923934,-0.025478719,-0.815812528,0.056533785,-0.008346631,-1.909653918,-0.008270144,0.002016872,0.00172779,0.485410197,0,0,0.485410094,0.485410094,0.485410094,0.485410094,-0.485410094,-0.485410094,-0.485410094,-0.485410094
0.250230074,0.57772547,0.01286089,-0.02515725,-0.815742135,0.055934762,-0.008085716,-1.909374981,-0.005201995,0.009370593,-0.004519522,0.534603915,0,0,0.534603775,0.534603775,0.534603775,0.534603775,-0.534603775,-0.534603775,-0.534603775,-0.534603775
0.300270081,0.577752471,0.012866434,-0.025014833,-0.815727234,0.055708335,-0.007913844,-1.909307958,-0.001062453,0.002554805,-0.004160404,0.57063391,0,0,0.534603775,0.534603775,0.534603775,0.534603775,-0.534603775,-0.534603775,-0.534603775,-0.534603775
0.350250006,0.577792704,0.012816332,-0.024749078,-0.815707564,0.055216071,-0.007690991,-1.909211418,-0.015206635,0.012344868,0.0040479,0.592613004,0,0,0.570633769,0.570633769,0.570633769,0.570633769,-0.570633769,-0.570633769,-0.570633769,-0.570633769
0.400069952,0.577961683,0.012943231,-0.024719058,-0.815586805,0.05531219,-0.007460749,-1.908789873,-0.014148655,0.019294769,0.000480562,0.6,0,0,0.592612863,0.592612863,0.592612863,0.592612863,-0.592612863,-0.592612863,-0.592612863,-0.592612863
0.450050116,0.578024268,0.013341033,-0.02506352,-0.815525591,0.056334011,-0.0072148,-1.908613776,0.032231957,-0.003173947,-0.015297533,0.592613004,0,0,0.592612863,0.592612863,0.592612863,0.592612863,-0.592612863,-0.592612863,-0.592612863,-0.592612863
0.500070095,0.577703416,0.013924289,-0.026094729,-0.815710902,0.058695026,-0.007433705,-1.909366901,0.080125779,0.030934066,0.008211286,0.57063391,0,0,0.570633769,0.570633769,0.570633769,0.570633769,-0.570633769,-0.570633769,-0.570633769,-0.570633769
0.550149918,0.578208447,0.017463861,-0.030104486,-0.815146685,0.069331546,-0.00634216,-1.907891262,0.307429612,0.184381783,0.077433161,0.534603915,0,0,0.534603775,0.534603775,0.534603775,0.534603775,-0.534603775,-0.534603775,-0.534603775,-0.534603775
0.60007,0.580895245,0.024745565,-0.034490705,-0.812870741,0.084924169,0.000158919,-1.900641762,0.575918674,0.225051522,0.191582009,0.485410197,0,0,0.534603775,0.534603775,0.534603775,0.534603775,-0.534603775,-0.534603775,-0.534603775,-0.534603775
0.650239944,0.58699131,0.0576966,-0.060538419,-0.805262446,0.166034671,0.021852493,-1.879997094,1.156115174,0.219775051,0.161885515,0.424264069,0,0,0.424263984,0.424263984,0.424263984,0.424263984,-0.424263984,-0.424263984,-0.424263984,-0.424263984
0.700180054,0.587755442,0.072565109,-0.07865306,-0.801929951,0.213119752,0.023929021,-1.874064954,1.184008718,-0.049459949,0.112811528,0.352671151,0,0,0.424263984,0.424263984,0.424263984,0.424263984,-0.424263984,-0.424263984,-0.424263984,-0.424263984
0.750100136,0.587142706,0.086765572,-0.101072945,-0.798448205,0.266485392,0.019868452,-1.870805274,1.431028605,-0.050167773,0.075840235,0.2723943,0,0,0.352671087,0.352671087,0.352671087,0.352671087,-0.352671087,-0.352671087,-0.352671087,-0.352671087
0.800209999,0.583494723,0.114907011,-0.141041085,-0.791478395,0.365493855,0.017300233,-1.86785045,1.857496381,-0.015968099,0.041315746,0.185410197,0,0,0.27239424,0.27239424,0.27239424,0.27239424,-0.27239424,-0.27239424,-0.27239424,-0.27239424
0.850110054,0.580462158,0.131229743,-0.164172336,-0.786695659,0.423229202,0.015884747,-1.866822776,1.973396659,-0.02404305,0.035870858,0.093860679,0,0,0.093860656,0.093860656,0.093860656,0.093860656,-0.093860656,-0.093860656,-0.093860656,-0.093860656
0.900360107,0.575229228,0.154587597,-0.197144523,-0.778683841,0.506271719,0.013943589,-1.865500297,2.169852495,-0.027233396,0.055199191,-4.59E-16,0,0,-4.59E-16,-4.59E-16,-4.59E-16,-4.59E-16,4.59E-16,4.59E-16,4.59E-16,4.59E-16
0.950220108,0.561365545,0.202789947,-0.263705879,-0.75776273,0.678172844,0.011262775,-1.862420593,1.937317371,0.019086171,0.047498245,-0.093860679,0,0,-0.093860656,-0.093860656,-0.093860656,-0.093860656,0.093860656,0.093860656,0.093860656,0.093860656
1.000200033,0.550355494,0.234014615,-0.305900633,-0.740790784,0.790684132,0.010003718,-1.859496428,1.704021215,0.031583779,0.048656058,-0.185410197,0,0,-0.185410157,-0.185410157,-0.185410157,-0.185410157,0.185410157,0.185410157,0.185410157,0.185410157
1.050130129,0.544708073,0.249596611,-0.327724874,-0.73047322,0.849158554,0.007618584,-1.856671829,1.341675401,0.015421965,0.086093739,-0.2723943,0,0,-0.27239424,-0.27239424,-0.27239424,-0.27239424,0.27239424,0.27239424,0.27239424,0.27239424
1.100170135,0.54019469,0.262088299,-0.345261008,-0.72131449,0.896667049,0.005079869,-1.853551721,1.039237857,0.009626898,0.099200785,-0.352671151,0,0,-0.352671087,-0.352671087,-0.352671087,-0.352671087,0.352671087,0.352671087,0.352671087,0.352671087
1.150140047,0.53640914,0.273280591,-0.361689687,-0.711873472,0.940979133,0.001055098,-1.849558991,0.729250312,0.014623257,0.129734755,-0.424264069,0,0,-0.424263984,-0.424263984,-0.424263984,-0.424263984,0.424263984,0.424263984,0.424263984,0.424263984
1.200079918,0.535441101,0.278592467,-0.370775282,-0.705843508,0.964499748,-0.003771289,-1.845623168,0.461160362,0.001900643,0.167947263,-0.485410197,0,0,-0.485410094,-0.485410094,-0.485410094,-0.485410094,0.485410094,0.485410094,0.485410094,0.485410094
1.250139952,0.540920556,0.278198987,-0.377390921,-0.698273897,0.97584037,-0.019760116,-1.833892446,-0.150761053,0.0050582,0.320457727,-0.534603915,0,0,-0.534603775,-0.534603775,-0.534603775,-0.534603775,0.534603775,0.534603775,0.534603775,0.534603775
1.300440073,0.551367462,0.268336207,-0.372741699,-0.696457565,0.953882755,-0.037274361,-1.821567935,-0.637075484,-0.073763743,0.466328204,-0.57063391,0,0,-0.570633769,-0.570633769,-0.570633769,-0.570633769,0.570633769,0.570633769,0.570633769,0.570633769
1.35010004,0.561943889,0.256045163,-0.36427626,-0.697110534,0.921886186,-0.052446098,-1.810738964,-0.924429476,0.077471897,0.423792839,-0.592613004,0,0,-0.592612863,-0.592612863,-0.592612863,-0.592612863,0.592612863,0.592612863,0.592612863,0.592612863
1.400069952,0.573640108,0.239927813,-0.350669652,-0.70028758,0.875856787,-0.066328027,-1.800042213,-1.315688491,0.009308014,0.442733884,-0.6,0,0,-0.599999845,-0.599999845,-0.599999845,-0.599999845,0.599999845,0.599999845,0.599999845,0.599999845
1.450109959,0.586902618,0.219364479,-0.332036912,-0.705107272,0.81553305,-0.080482528,-1.788048276,-1.623028398,-0.013114521,0.447451651,-0.592613004,0,0,-0.592612863,-0.592612863,-0.592612863,-0.592612863,0.592612863,0.592612863,0.592612863,0.592612863
1.500070095,0.604339778,0.18837145,-0.302277654,-0.712683618,0.723014881,-0.09701041,-1.771661747,-2.109135151,0.003819917,0.531144261,-0.57063391,0,0,-0.570633769,-0.570633769,-0.570633769,-0.570633769,0.570633769,0.570633769,0.570633769,0.570633769
1.550019979,0.621647298,0.155664682,-0.27009058,-0.718591869,0.625367805,-0.112319418,-1.751558269,-2.659032822,0.011930642,0.653443336,-0.534603915,0,0,-0.570633769,-0.570633769,-0.570633769,-0.570633769,0.570633769,0.570633769,0.570633769,0.570633769
1.599990129,0.648002863,0.083531916,-0.193967268,-0.731772959,0.406556169,-0.129491445,-1.71880033,-2.800773382,0.070367157,0.388404816,-0.485410197,0,0,-0.485410094,-0.485410094,-0.485410094,-0.485410094,0.485410094,0.485410094,0.485410094,0.485410094
1.650560141,0.663046777,0.022042418,-0.125217587,-0.737701833,0.217623933,-0.133928745,-1.69194114,-3.295544863,0.035382167,0.498854309,-0.424264069,0,0,-0.485410094,-0.485410094,-0.485410094,-0.485410094,0.485410094,0.485410094,0.485410094,0.485410094
1.70043993,0.670914114,-0.023625564,-0.074584462,-0.737396479,0.079100149,-0.135335053,-1.670504116,-3.475389957,0.029609451,0.555680275,-0.352671151,0,0,-0.352671087,-0.352671087,-0.352671087,-0.352671087,0.352671087,0.352671087,0.352671087,0.352671087
1.750139952,0.676353693,-0.071699709,-0.020998918,-0.732778311,-0.066861327,-0.133884978,-1.64635356,-3.645480871,0.022105206,0.633970082,-0.2723943,0,0,-0.352671087,-0.352671087,-0.352671087,-0.352671087,0.352671087,0.352671087,0.352671087,0.352671087
1.800320148,0.679229558,-0.120633192,0.034027558,-0.723143876,-0.216551668,-0.128599416,-1.619406485,-3.629061222,0.038633641,0.710478663,-0.185410197,0,0,-0.185410157,-0.185410157,-0.185410157,-0.185410157,0.185410157,0.185410157,0.185410157,0.185410157
1.850170135,0.679487884,-0.179235801,0.101105072,-0.704236209,-0.399069248,-0.115304654,-1.583220761,-3.476758242,0.016760137,0.790194035,-0.093860679,0,0,-0.093860656,-0.093860656,-0.093860656,-0.093860656,0.093860656,0.093860656,0.093860656,0.093860656
1.900010109,0.672645807,-0.263376474,0.198228747,-0.662484825,-0.667551135,-0.082383496,-1.526995057,-3.077807665,-0.012972986,0.802736044,1.45E-15,0,0,1.45E-15,1.45E-15,1.45E-15,1.45E-15,-1.45E-15,-1.45E-15,-1.45E-15,-1.45E-15
1.950129986,0.666501105,-0.299059659,0.240028292,-0.639316976,-0.785154339,-0.062470203,-1.503292885,-2.770204782,-0.037983142,0.731410861,0.093860679,0,0,1.45E-15,1.45E-15,1.45E-15,1.45E-15,-1.45E-15,-1.45E-15,-1.45E-15,-1.45E-15
2.000139952,0.65883255,-0.330717921,0.276652515,-0.616464794,-0.890831633,-0.043230005,-1.483735949,-2.440167427,-0.06530147,0.637607634,0.185410197,0,0,0.185410157,0.185410157,0.185410157,0.185410157,-0.185410157,-0.185410157,-0.185410157,-0.185410157
2.050390005,0.648655176,-0.363859117,0.314707249,-0.58975631,-1.00362404,-0.020904967,-1.464277961,-2.04712224,-0.053720236,0.53845185,0.2723943,0,0,0.185410157,0.185410157,0.185410157,0.185410157,-0.185410157,-0.185410157,-0.185410157,-0.185410157
2.100579977,0.641340971,-0.384741098,0.339141846,-0.570648015,-1.07706109,-0.004092376,-1.451827321,-1.645147562,-0.060643304,0.490577161,0.352671151,0,0,0.352671087,0.352671087,0.352671087,0.352671087,-0.352671087,-0.352671087,-0.352671087,-0.352671087
2.150279999,0.635346055,-0.401336521,0.358914196,-0.553574622,-1.137077682,0.011730283,-1.440951502,-1.385044456,-0.075942323,0.453128964,0.424264069,0,0,0.424263984,0.424263984,0.424263984,0.424263984,-0.424263984,-0.424263984,-0.424263984,-0.424263984
2.20036006,0.629066348,-0.423542202,0.388858229,-0.523141503,-1.224769155,0.046106568,-1.419839147,-0.393411607,-0.075976565,0.344274253,0.485410197,0,0,0.485410094,0.485410094,0.485410094,0.485410094,-0.485410094,-0.485410094,-0.485410094,-0.485410094
2.250149965,0.632026255,-0.423380256,0.392406136,-0.517019868,-1.23014595,0.058262902,-1.41245202,0.076942898,-0.071771443,0.325081497,0.534603915,0,0,0.534603775,0.534603775,0.534603775,0.534603775,-0.534603775,-0.534603775,-0.534603775,-0.534603775
2.300179958,0.638796926,-0.416917711,0.390432686,-0.515442133,-1.215023785,0.069075396,-1.405894938,0.6192469,-0.062641516,0.29612115,0.57063391,0,0,0.570633769,0.570633769,0.570633769,0.570633769,-0.570633769,-0.570633769,-0.570633769,-0.570633769
2.350140095,0.646580637,-0.407410711,0.384872675,-0.517516434,-1.188708945,0.076092351,-1.401399784,1.081215978,-0.044785451,0.254469395,0.592613004,0,0,0.592612863,0.592612863,0.592612863,0.592612863,-0.592612863,-0.592612863,-0.592612863,-0.592612863
2.400579929,0.669158041,-0.374116451,0.362618268,-0.529879808,-1.094035336,0.08894155,-1.393704858,2.029408693,-0.017966352,0.218207657,0.6,0,0,0.599999845,0.599999845,0.599999845,0.599999845,-0.599999845,-0.599999845,-0.599999845,-0.599999845
2.450269938,0.688240647,-0.340937763,0.338896215,-0.543356061,-0.999983315,0.096131073,-1.389137475,2.636505127,0.027150711,0.20355992,0.592613004,0,0,0.592612863,0.592612863,0.592612863,0.592612863,-0.592612863,-0.592612863,-0.592612863,-0.592612863
2.500339985,0.728937984,-0.248775467,0.271685988,-0.577015579,-0.748131327,0.109206763,-1.382081096,3.582141638,0.01374115,0.113457084,0.57063391,0,0,0.570633769,0.570633769,0.570633769,0.570633769,-0.570633769,-0.570633769,-0.570633769,-0.570633769
2.550270081,0.749833643,-0.176662624,0.215794757,-0.599977195,-0.555271512,0.111866397,-1.381573322,4.083714962,0.042677857,-0.016844345,0.534603915,0,0,0.534603775,0.534603775,0.534603775,0.534603775,-0.534603775,-0.534603775,-0.534603775,-0.534603775
2.600270033,0.760957479,-0.112869903,0.165400714,-0.617127776,-0.38798422,0.112653644,-1.384965648,4.274692059,0.060446106,-0.110452421,0.485410197,0,0,0.485410094,0.485410094,0.485410094,0.485410094,-0.485410094,-0.485410094,-0.485410094,-0.485410094
2.650510073,0.766126752,-0.045348655,0.111059554,-0.631394684,-0.212679855,0.113146838,-1.390664988,4.475799084,0.065554261,-0.153983429,0.424264069,0,0,0.424263984,0.424263984,0.424263984,0.424263984,-0.424263984,-0.424263984,-0.424263984,-0.424263984
2.700250149,0.764984846,0.024162544,0.055167656,-0.641226113,-0.034015662,0.115649774,-1.397200704,4.475414276,0.079460107,-0.154354483,0.352671151,0,0,0.352671087,0.352671087,0.352671087,0.352671087,-0.352671087,-0.352671087,-0.352671087,-0.352671087
2.750270128,0.75511831,0.110181458,-0.01509288,-0.646087289,0.188358052,0.119866671,-1.404148816,4.434783459,0.063258,-0.135496944,0.2723943,0,0,0.27239424,0.27239424,0.27239424,0.27239424,-0.27239424,-0.27239424,-0.27239424,-0.27239424
2.800270081,0.72777456,0.225637376,-0.110794947,-0.638088226,0.493414932,0.127026941,-1.407628528,4.263273716,0.097201481,-0.059895504,0.185410197,0,0,0.185410157,0.185410157,0.185410157,0.185410157,-0.185410157,-0.185410157,-0.185410157,-0.185410157
2.850260019,0.700499952,0.300733775,-0.173523039,-0.623497307,0.698842079,0.132293171,-1.406343723,3.970965624,0.10208606,-0.051798142,0.093860679,0,0,0.185410157,0.185410157,0.185410157,0.185410157,-0.185410157,-0.185410157,-0.185410157,-0.185410157
2.900160074,0.662734151,0.378837645,-0.238927498,-0.600149274,0.921560149,0.138469521,-1.402941084,3.436503887,0.113717832,-0.042984027,5.55E-15,0,0,5.55E-15,5.55E-15,5.55E-15,5.55E-15,-5.55E-15,-5.55E-15,-5.55E-15,-5.55E-15
2.950489998,0.637202859,0.422094673,-0.275061905,-0.583223701,1.050219226,0.142290384,-1.399863673,3.011593342,0.113714747,-0.04464696,-0.093860679,0,0,-0.093860656,-0.093860656,-0.093860656,-0.093860656,0.093860656,0.093860656,0.093860656,0.093860656
3.000270128,0.618746698,0.450012177,-0.298440218,-0.570591748,1.13597392,0.144733457,-1.397408106,2.690798044,0.104797825,-0.042349178,-0.185410197,0,0,-0.185410157,-0.185410157,-0.185410157,-0.185410157,0.185410157,0.185410157,0.185410157,0.185410157
3.050490141,0.596130729,0.481172711,-0.324674547,-0.554696023,1.234825196,0.147243673,-1.394180622,2.237210274,0.096776463,-0.027908422,-0.2723943,0,0,-0.27239424,-0.27239424,-0.27239424,-0.27239424,0.27239424,0.27239424,0.27239424,0.27239424
3.100270033,0.568271399,0.515730202,-0.353882432,-0.534656227,1.348936091,0.149834194,-1.389977764,1.604897141,0.10549508,-0.020201517,-0.352671151,0,0,-0.27239424,-0.27239424,-0.27239424,-0.27239424,0.27239424,0.27239424,0.27239424,0.27239424
3.150490046,0.542400777,0.545372367,-0.379047841,-0.514483392,1.451381793,0.150546382,-1.384362512,0.942803442,0.050497808,0.024987018,-0.424264069,0,0,-0.424263984,-0.424263984,-0.424263984,-0.424263984,0.424263984,0.424263984,0.424263984,0.424263984
3.200250149,0.53548336,0.553296387,-0.386424065,-0.507737339,1.480602842,0.148556963,-1.381846689,0.570506632,0.026343018,0.060080741,-0.485410197,0,0,-0.485410094,-0.485410094,-0.485410094,-0.485410094,0.485410094,0.485410094,0.485410094,0.485410094
3.250250101,0.53434217,0.555449963,-0.389986783,-0.503849387,1.49112324,0.143444888,-1.379589197,-0.078274332,0.044263165,0.139778137,-0.534603915,0,0,-0.534603775,-0.534603775,-0.534603775,-0.534603775,0.534603775,0.534603775,0.534603775,0.534603775
3.300140142,0.54038322,0.550336897,-0.388162822,-0.504425406,1.476872919,0.136114375,-1.378064396,-0.658211231,0.014872106,0.222855106,-0.57063391,0,0,-0.570633769,-0.570633769,-0.570633769,-0.570633769,0.570633769,0.570633769,0.570633769,0.570633769
3.350500107,0.553796649,0.537650466,-0.381186992,-0.508859694,1.438112808,0.125304738,-1.376546645,-1.327291727,0.013691939,0.30716601,-0.592613004,0,0,-0.592612863,-0.592612863,-0.592612863,-0.592612863,0.592612863,0.592612863,0.592612863,0.592612863
3.400190115,0.575041473,0.516070664,-0.367701083,-0.51748836,1.371312253,0.11146506,-1.374319851,-2.022716999,-0.008784244,0.390645593,-0.6,0,0,-0.599999845,-0.599999845,-0.599999845,-0.599999845,0.599999845,0.599999845,0.599999845,0.599999845
3.450530052,0.644813597,0.433058739,-0.311182857,-0.547577262,1.123640162,0.073021233,-1.362083364,-3.42801857,-0.002717981,0.478496373,-0.592613004,0,0,-0.592612863,-0.592612863,-0.592612863,-0.592612863,0.592612863,0.592612863,0.592612863,0.592612863
3.500299931,0.680185139,0.38082388,-0.273398191,-0.563537896,0.974749415,0.057325986,-1.353375975,-4.003387928,0.005503766,0.39134118,-0.57063391,0,0,-0.570633769,-0.570633769,-0.570633769,-0.570633769,0.570633769,0.570633769,0.570633769,0.570633769
3.550670147,0.71374619,0.320340902,-0.227695197,-0.579744041,0.80679208,0.046414955,-1.344525231,-4.397904396,-0.006109507,0.301992178,-0.534603915,0,0,-0.534603775,-0.534603775,-0.534603775,-0.534603775,0.534603775,0.534603775,0.534603775,0.534603775
3.600389957,0.743439496,0.251979798,-0.175156787,-0.594242334,0.622760001,0.039047103,-1.336077496,-4.732339382,0.037677065,0.26172182,-0.485410197,0,0,-0.485410094,-0.485410094,-0.485410094,-0.485410094,0.485410094,0.485410094,0.485410094,0.485410094
3.650510073,0.776750624,0.140792534,-0.089043505,-0.60737741,0.333193187,0.032705038,-1.321770689,-4.934868336,0.05536785,0.260877043,-0.424264069,0,0,-0.424263984,-0.424263984,-0.424263984,-0.424263984,0.424263984,0.424263984,0.424263984,0.424263984
3.700279951,0.790352643,0.064095207,-0.029062623,-0.608596742,0.137190773,0.032082325,-1.310193135,-4.887084484,0.063654423,0.274386495,-0.352671151,0,0,-0.352671087,-0.352671087,-0.352671087,-0.352671087,0.352671087,0.352671087,0.352671087,0.352671087
3.750309944,0.793774784,-0.089269385,0.088488914,-0.595081747,-0.249769631,0.034242066,-1.290899181,-4.785306931,0.002955663,0.22257176,-0.2723943,0,0,-0.27239424,-0.27239424,-0.27239424,-0.27239424,0.27239424,0.27239424,0.27239424,0.27239424
3.800250053,0.781460106,-0.180350587,0.156683758,-0.57640636,-0.481170305,0.036982179,-1.280111885,-4.537510395,-0.043948237,0.199510485,-0.185410197,0,0,-0.185410157,-0.185410157,-0.185410157,-0.185410157,0.185410157,0.185410157,0.185410157,0.185410157
3.850110054,0.765502095,-0.247397333,0.206103414,-0.557066202,-0.654645201,0.039922398,-1.271725706,-4.212127686,-0.056013718,0.217968479,-0.093860679,0,0,-0.093860656,-0.093860656,-0.093860656,-0.093860656,0.093860656,0.093860656,0.093860656,0.093860656
3.900110006,0.745767057,-0.308084488,0.250359178,-0.535010159,-0.815553888,0.043776567,-1.263525216,-3.871598005,-0.068669297,0.209471643,-1.20E-14,0,0,-0.093860656,-0.093860656,-0.093860656,-0.093860656,0.093860656,0.093860656,0.093860656,0.093860656
3.950240135,0.72378391,-0.361598492,0.289034486,-0.511705518,-0.961756932,0.048351968,-1.256029301,-3.453907728,-0.084765516,0.190415829,0.093860679,0,0,0.093860656,0.093860656,0.093860656,0.093860656,-0.093860656,-0.093860656,-0.093860656,-0.093860656
4.000250101,0.695569217,-0.417747706,0.328973174,-0.483163685,-1.12057897,0.053992404,-1.248103809,-2.905079842,-0.082662888,0.146224648,0.185410197,0,0,0.185410157,0.185410157,0.185410157,0.185410157,-0.185410157,-0.185410157,-0.185410157,-0.185410157
4.050110102,0.655058324,-0.483625025,0.373922408,-0.44405818,-1.314975748,0.060403387,-1.23810869,-2.029258251,-0.092652537,0.084922537,0.2723943,0,0,0.27239424,0.27239424,0.27239424,0.27239424,-0.27239424,-0.27239424,-0.27239424,-0.27239424
4.100250006,0.638703763,-0.507230341,0.389234513,-0.428102106,-1.386972865,0.062959927,-1.233320651,-1.608186483,-0.119935058,0.08335194,0.352671151,0,0,0.352671087,0.352671087,0.352671087,0.352671087,-0.352671087,-0.352671087,-0.352671087,-0.352671087
4.150480032,0.622369945,-0.529890597,0.4033553,-0.411310375,-1.45726325,0.066221815,-1.227072657,-1.188302517,-0.094746105,0.065685101,0.424264069,0,0,0.424263984,0.424263984,0.424263984,0.424263984,-0.424263984,-0.424263984,-0.424263984,-0.424263984
4.200190067,0.612938881,-0.54253602,0.410722971,-0.401581019,-1.496635428,0.067803756,-1.22296274,-0.774042487,-0.106188692,0.021185732,0.485410197,0,0,0.424263984,0.424263984,0.424263984,0.424263984,-0.424263984,-0.424263984,-0.424263984,-0.424263984
4.250230074,0.607371807,-0.55044955,0.414431751,-0.395412743,-1.520153742,0.068171571,-1.218993613,-0.357958674,-0.092011698,-0.005076826,0.534603915,0,0,0.534603775,0.534603775,0.534603775,0.534603775,-0.534603775,-0.534603775,-0.534603775,-0.534603775
4.300220013,0.606256485,-0.553461075,0.414282411,-0.393070072,-1.526580004,0.067275559,-1.214804194,0.054637354,-0.103528813,-0.047677755,0.57063391,0,0,0.570633769,0.570633769,0.570633769,0.570633769,-0.570633769,-0.570633769,-0.570633769,-0.570633769
4.350219965,0.627714574,-0.533260047,0.392577946,-0.409256577,-1.447253554,0.05640332,-1.205365549,1.069327831,-0.097556449,-0.128881663,0.592613004,0,0,0.592612863,0.592612863,0.592612863,0.592612863,-0.592612863,-0.592612863,-0.592612863,-0.592612863
4.400259972,0.64697963,-0.510606587,0.371140778,-0.427730143,-1.366107037,0.043451049,-1.203662368,2.332126617,-0.013639053,-0.317784101,0.6,0,0,0.599999845,0.599999845,0.599999845,0.599999845,-0.599999845,-0.599999845,-0.599999845,-0.599999845
4.450230122,0.664140284,-0.488198489,0.351176918,-0.444133967,-1.290309723,0.032816292,-1.203564641,2.700124264,-0.093384258,-0.360416532,0.592613004,0,0,0.592612863,0.592612863,0.592612863,0.592612863,-0.592612863,-0.592612863,-0.592612863,-0.592612863
4.50063014,0.701358616,-0.431230158,0.302802235,-0.480049521,-1.109925402,0.010722456,-1.207083052,3.296076775,-0.081241362,-0.395311058,0.57063391,0,0,0.570633769,0.570633769,0.570633769,0.570633769,-0.570633769,-0.570633769,-0.570633769,-0.570633769
4.550359964,0.72648257,-0.383630335,0.263856649,-0.505401433,-0.968640556,-0.004400142,-1.213330295,3.739896536,-0.09299998,-0.40820846,0.534603915,0,0,0.570633769,0.570633769,0.570633769,0.570633769,-0.570633769,-0.570633769,-0.570633769,-0.570633769
4.600350142,0.751049817,-0.327449054,0.217944071,-0.530284584,-0.808350906,-0.019909975,-1.221043888,4.218232155,-0.113070555,-0.444295108,0.485410197,0,0,0.485410094,0.485410094,0.485410094,0.485410094,-0.485410094,-0.485410094,-0.485410094,-0.485410094
4.650350094,0.781049013,-0.230621099,0.139299855,-0.56335783,-0.544120882,-0.042256945,-1.237945419,4.577700138,-0.171097577,-0.461718023,0.424264069,0,0,0.424263984,0.424263984,0.424263984,0.424263984,-0.424263984,-0.424263984,-0.424263984,-0.424263984
4.700240135,0.799481571,-0.107174806,0.040240232,-0.58968097,-0.221044559,-0.062095128,-1.264115402,4.591321468,-0.125009507,-0.427363217,0.352671151,0,0,0.352671087,0.352671087,0.352671087,0.352671087,-0.352671087,-0.352671087,-0.352671087,-0.352671087
4.750260115,0.801285207,-0.035809364,-0.016610462,-0.596979082,-0.037654419,-0.069430071,-1.279313662,4.55437851,-0.141612485,-0.386764735,0.2723943,0,0,0.27239424,0.27239424,0.27239424,0.27239424,-0.27239424,-0.27239424,-0.27239424,-0.27239424
4.800450087,0.797309339,0.035013694,-0.072661862,-0.598157406,0.143645701,-0.074048199,-1.292613717,4.473930359,-0.131229267,-0.286512107,0.185410197,0,0,0.185410157,0.185410157,0.185410157,0.185410157,-0.185410157,-0.185410157,-0.185410157,-0.185410157
4.850270033,0.788113356,0.103408277,-0.125882581,-0.593580484,0.318703681,-0.075729569,-1.303225538,4.243965626,-0.085924983,-0.224472165,0.093860679,0,0,0.093860656,0.093860656,0.093860656,0.093860656,-0.093860656,-0.093860656,-0.093860656,-0.093860656
4.900399923,0.770582736,0.182227463,-0.186239555,-0.581644654,0.522328789,-0.075113304,-1.31323084,3.864919186,-0.06633725,-0.159380436,1.85E-14,0,0,1.85E-14,1.85E-14,1.85E-14,1.85E-14,-1.85E-14,-1.85E-14,-1.85E-14,-1.85E-14
4.950540066,0.744350851,0.26361537,-0.248387039,-0.561028242,0.738248196,-0.074050525,-1.320406685,3.21774888,-0.052248083,-0.072029442,-0.093860679,0,0,-0.093860656,-0.093860656,-0.093860656,-0.093860656,0.093860656,0.093860656,0.093860656,0.093860656
5.000349998,0.716849864,0.328630716,-0.297809392,-0.537994266,0.916927067,-0.07343233,-1.323893151,2.666120291,-0.015009968,-0.029955862,-0.185410197,0,0,-0.185410157,-0.185410157,-0.185410157,-0.185410157,0.185410157,0.185410157,0.185410157,0.185410157
5.05024004,0.692352474,0.377362847,-0.33437705,-0.516175985,1.055365416,-0.073508435,-1.324134375,2.004304409,0.003928695,0.015408561,-0.2723943,0,0,-0.27239424,-0.27239424,-0.27239424,-0.27239424,0.27239424,0.27239424,0.27239424,0.27239424
5.100260019,0.678747058,0.402046055,-0.352628708,-0.503303707,1.12718895,-0.074056514,-1.322916232,1.631677508,0.031041376,0.03207254,-0.352671151,0,0,-0.352671087,-0.352671087,-0.352671087,-0.352671087,0.352671087,0.352671087,0.352671087,0.352671087
5.15012002,0.667554677,0.421593398,-0.367004424,-0.491871536,1.185104469,-0.075322652,-1.320757106,1.281949639,0.038171574,0.066947229,-0.424264069,0,0,-0.352671087,-0.352671087,-0.352671087,-0.352671087,0.352671087,0.352671087,0.352671087,0.352671087
5.200330019,0.659452736,0.435833216,-0.377641052,-0.482243568,1.228247112,-0.077795759,-1.31768822,0.896474123,0.051061075,0.094915196,-0.485410197,0,0,-0.485410094,-0.485410094,-0.485410094,-0.485410094,0.485410094,0.485410094,0.485410094,0.485410094
5.250669956,0.65497148,0.444960117,-0.385173917,-0.47398743,1.257327096,-0.082839555,-1.313126566,0.294265956,0.079672784,0.155522674,-0.534603915,0,0,-0.534603775,-0.534603775,-0.534603775,-0.534603775,0.534603775,0.534603775,0.534603775,0.534603775
5.300320148,0.664210379,0.437564015,-0.383562326,-0.469299883,1.240393746,-0.09899628,-1.300953002,-0.732429504,0.074086361,0.295081049,-0.57063391,0,0,-0.570633769,-0.570633769,-0.570633769,-0.570633769,0.570633769,0.570633769,0.570633769,0.570633769
5.350180149,0.67776674,0.420405,-0.374758929,-0.472702831,1.194062084,-0.110771364,-1.293356299,-1.456940889,0.077281199,0.352584809,-0.592613004,0,0,-0.592612863,-0.592612863,-0.592612863,-0.592612863,0.592612863,0.592612863,0.592612863,0.592612863
5.400180101,0.702486932,0.384268701,-0.354949147,-0.482556611,1.096804011,-0.128182188,-1.282169946,-2.346427202,0.05884999,0.44194755,-0.6,0,0,-0.599999845,-0.599999845,-0.599999845,-0.599999845,0.599999845,0.599999845,0.599999845,0.599999845
5.450190067,0.722554922,0.350957185,-0.328431964,-0.496866316,0.997701328,-0.126197324,-1.273598986,-2.403683186,0.319278032,-0.367867053,-0.592613004,0,0,-0.592612863,-0.592612863,-0.592612863,-0.592612863,0.592612863,0.592612863,0.592612863,0.592612863
5.500289917,0.740757167,0.314592153,-0.293917477,-0.515677392,0.885114866,-0.111215957,-1.269021853,-3.204285383,0.305372477,-0.173762903,-0.57063391,0,0,-0.570633769,-0.570633769,-0.570633769,-0.570633769,0.570633769,0.570633769,0.570633769,0.570633769
5.550600052,0.761414289,0.2655949,-0.252685994,-0.534656584,0.745186845,-0.100964754,-1.263877364,-3.774465084,0.236602291,-0.054417759,-0.534603915,0,0,-0.534603775,-0.534603775,-0.534603775,-0.534603775,0.534603775,0.534603775,0.534603775,0.534603775
5.600470066,0.803284407,0.125578016,-0.145559058,-0.563717067,0.376239245,-0.092401126,-1.241421933,-4.274597168,0.18338275,0.345000058,-0.485410197,0,0,-0.485410094,-0.485410094,-0.485410094,-0.485410094,0.485410094,0.485410094,0.485410094,0.485410094
5.650290012,0.816082001,0.055414084,-0.094806649,-0.567407668,0.200208442,-0.09198488,-1.224351302,-4.420174599,0.06046997,0.433446556,-0.424264069,0,0,-0.424263984,-0.424263984,-0.424263984,-0.424263984,0.424263984,0.424263984,0.424263984,0.424263984
5.700520039,0.822537661,-0.018000335,-0.04255379,-0.566830754,0.018707386,-0.090534088,-1.207626504,-4.530364513,0.031168183,0.37764883,-0.352671151,0,0,-0.352671087,-0.352671087,-0.352671087,-0.352671087,0.352671087,0.352671087,0.352671087,0.352671087
5.750260115,0.818552554,-0.130150408,0.035866644,-0.558342516,-0.256892799,-0.086728213,-1.186027036,-4.524598598,-0.01042044,0.333448827,-0.2723943,0,0,-0.27239424,-0.27239424,-0.27239424,-0.27239424,0.27239424,0.27239424,0.27239424,0.27239424
5.800230026,0.807202101,-0.202775314,0.086157143,-0.547616839,-0.436955909,-0.083089447,-1.173724291,-4.411340237,-0.013503501,0.292336166,-0.185410197,0,0,-0.185410157,-0.185410157,-0.185410157,-0.185410157,0.185410157,0.185410157,0.185410157,0.185410157
5.850239992,0.790061593,-0.270777822,0.133242205,-0.533599734,-0.608722508,-0.078515487,-1.163360336,-4.14807415,-0.023125218,0.275601953,-0.093860679,0,0,-0.093860656,-0.093860656,-0.093860656,-0.093860656,0.093860656,0.093860656,0.093860656,0.093860656
5.900229931,0.739100397,-0.399360806,0.224636421,-0.493741035,-0.950559218,-0.062344268,-1.145799727,-3.361579418,-0.009159771,0.248338282,-2.60E-14,0,0,-2.60E-14,-2.60E-14,-2.60E-14,-2.60E-14,2.60E-14,2.60E-14,2.60E-14,2.60E-14
5.950299978,0.7148754,-0.443907827,0.257356137,-0.475044072,-1.076838973,-0.0538224,-1.140868178,-2.968029976,0.016643891,0.224211544,0.093860679,0,0,0.093860656,0.093860656,0.093860656,0.093860656,-0.093860656,-0.093860656,-0.093860656,-0.093860656
6.000230074,0.691800892,-0.480892986,0.284837455,-0.457188398,-1.18574123,-0.045631605,-1.137207532,-2.538591385,-0.00300855,0.211283147,0.185410197,0,0,0.185410157,0.185410157,0.185410157,0.185410157,-0.185410157,-0.185410157,-0.185410157,-0.185410157
6.050209999,0.670995712,-0.510959387,0.30739826,-0.440671951,-1.277551122,-0.037814115,-1.134118323,-2.091790199,-0.014862438,0.1947532,0.2723943,0,0,0.27239424,0.27239424,0.27239424,0.27239424,-0.27239424,-0.27239424,-0.27239424,-0.27239424
6.10029006,0.649250925,-0.539911091,0.329266578,-0.422555298,-1.369191511,-0.028735272,-1.130467261,-1.625741482,-0.037898146,0.178190455,0.352671151,0,0,0.352671087,0.352671087,0.352671087,0.352671087,-0.352671087,-0.352671087,-0.352671087,-0.352671087
6.150140047,0.634977341,-0.557773829,0.34286353,-0.410044909,-1.42760698,-0.022005266,-1.127721507,-1.318909645,-0.037905589,0.160151049,0.424264069,0,0,0.424263984,0.424263984,0.424263984,0.424263984,-0.424263984,-0.424263984,-0.424263984,-0.424263984
6.200220108,0.618366182,-0.57736665,0.358345807,-0.3947905,-1.494243119,-0.012700219,-1.124649847,-0.509186029,-0.012925267,0.087719418,0.485410197,0,0,0.485410094,0.485410094,0.485410094,0.485410094,-0.485410094,-0.485410094,-0.485410094,-0.485410094
6.250100136,0.61475879,-0.581535637,0.362741768,-0.390264809,-1.510287834,-0.007908488,-1.123824037,0.07924065,-0.004754961,0.054163486,0.534603915,0,0,0.534603775,0.534603775,0.534603775,0.534603775,-0.534603775,-0.534603775,-0.534603775,-0.534603775
6.300300121,0.6196298,-0.576344252,0.360444397,-0.392385215,-1.494907934,-0.005613775,-1.123827387,0.637755632,0.001261383,0.040305413,0.57063391,0,0,0.570633769,0.570633769,0.570633769,0.570633769,-0.570633769,-0.570633769,-0.570633769,-0.570633769
6.350239992,0.631145537,-0.563521802,0.353060067,-0.399308175,-1.454952816,-0.004373168,-1.124300845,1.294423461,0.022227325,0.01207218,0.592613004,0,0,0.592612863,0.592612863,0.592612863,0.592612863,-0.592612863,-0.592612863,-0.592612863,-0.592612863
6.400510073,0.64910537,-0.542423129,0.340237588,-0.410704345,-1.389776681,-0.003850989,-1.12505818,1.94592011,0.022766761,-0.004257267,0.6,0,0,0.599999845,0.599999845,0.599999845,0.599999845,-0.599999845,-0.599999845,-0.599999845,-0.599999845
6.450200081,0.673123777,-0.511709511,0.321660429,-0.426136523,-1.298050084,-0.003081663,-1.12642925,2.634712934,0.04892879,-0.000965597,0.592613004,0,0,0.592612863,0.592612863,0.592612863,0.592612863,-0.592612863,-0.592612863,-0.592612863,-0.592612863
6.500460148,0.716258705,-0.448367536,0.282710224,-0.453888983,-1.117330163,-0.002030852,-1.128384341,3.372499704,0.035765126,-0.003167996,0.57063391,0,0,0.570633769,0.570633769,0.570633769,0.570633769,-0.570633769,-0.570633769,-0.570633769,-0.570633769
6.550290108,0.774374306,-0.334854692,0.210668951,-0.493797153,-0.813459456,-0.004427355,-1.133413371,4.134640694,0.014419173,-0.139292181,0.534603915,0,0,0.534603775,0.534603775,0.534603775,0.534603775,-0.534603775,-0.534603775,-0.534603775,-0.534603775
6.600219965,0.79890281,-0.266547382,0.165536731,-0.513132095,-0.638260932,-0.009052636,-1.138889445,4.55533123,0.001705447,-0.218228668,0.485410197,0,0,0.485410094,0.485410094,0.485410094,0.485410094,-0.485410094,-0.485410094,-0.485410094,-0.485410094
6.650470018,0.820533097,-0.174358517,0.103886113,-0.534352183,-0.408471797,-0.015854385,-1.151188796,4.680696011,-0.008182275,-0.324066341,0.424264069,0,0,0.424263984,0.424263984,0.424263984,0.424263984,-0.424263984,-0.424263984,-0.424263984,-0.424263984
6.700240135,0.829718888,-0.097288355,0.0520938,-0.547163606,-0.220272319,-0.020020207,-1.163774824,4.695772171,-0.013332143,-0.35165897,0.352671151,0,0,0.352671087,0.352671087,0.352671087,0.352671087,-0.352671087,-0.352671087,-0.352671087,-0.352671087
6.750299931,0.831226349,-0.019876333,-0.00053686,-0.555578649,-0.03246119,-0.022980254,-1.178008564,4.651320457,-0.031060155,-0.381844431,0.2723943,0,0,0.27239424,0.27239424,0.27239424,0.27239424,-0.27239424,-0.27239424,-0.27239424,-0.27239424
6.800310135,0.825379729,0.056567285,-0.052563056,-0.559272587,0.152809121,-0.023498055,-1.192858485,4.603447914,-0.018102031,-0.368787974,0.185410197,0,0,0.185410157,0.185410157,0.185410157,0.185410157,-0.185410157,-0.185410157,-0.185410157,-0.185410157
6.85010004,0.790025771,0.218725607,-0.161668614,-0.549437702,0.550731754,-0.015093124,-1.219620388,4.157792091,0.024906659,-0.271461606,0.093860679,0,0,0.093860656,0.093860656,0.093860656,0.093860656,-0.093860656,-0.093860656,-0.093860656,-0.093860656
6.900150061,0.767540157,0.281438619,-0.203233585,-0.538860381,0.709012278,-0.008667741,-1.227424666,3.797808886,0.027840693,-0.24344717,3.25E-14,0,0,3.25E-14,3.25E-14,3.25E-14,3.25E-14,-3.25E-14,-3.25E-14,-3.25E-14,-3.25E-14
6.950350046,0.742873728,0.337011158,-0.237067655,-0.527599454,0.849380201,0.003391147,-1.233563035,3.157358408,0.224238485,-0.419130594,-0.093860679,0,0,-0.093860656,-0.093860656,-0.093860656,-0.093860656,0.093860656,0.093860656,0.093860656,0.093860656
7.000299931,0.711899579,0.395577371,-0.268081635,-0.514635682,0.996221649,0.025464803,-1.238017469,2.680352211,0.171903864,-0.391899854,-0.185410197,0,0,-0.185410157,-0.185410157,-0.185410157,-0.185410157,0.185410157,0.185410157,0.185410157,0.185410157
7.05024004,0.688895047,0.433369428,-0.287875235,-0.504720092,1.093904167,0.040840221,-1.23974022,2.227108955,0.155060962,-0.335368961,-0.2723943,0,0,-0.27239424,-0.27239424,-0.27239424,-0.27239424,0.27239424,0.27239424,0.27239424,0.27239424
7.100219965,0.668411791,0.464026183,-0.30349052,-0.495781451,1.174810677,0.05442471,-1.240134065,1.845435143,0.118509807,-0.302370161,-0.352671151,0,0,-0.27239424,-0.27239424,-0.27239424,-0.27239424,0.27239424,0.27239424,0.27239424,0.27239424
7.150599957,0.629355669,0.516368747,-0.3276757,-0.479482383,1.315170803,0.082824982,-1.238123976,0.873278975,0.116724536,-0.223343119,-0.424264069,0,0,-0.352671087,-0.352671087,-0.352671087,-0.352671087,0.352671087,0.352671087,0.352671087,0.352671087
7.200210094,0.619899571,0.528053761,-0.332152337,-0.475981921,1.346326523,0.091011475,-1.237046749,0.628578007,0.092410304,-0.146462023,-0.485410197,0,0,-0.485410094,-0.485410094,-0.485410094,-0.485410094,0.485410094,0.485410094,0.485410094,0.485410094
7.250329971,0.615248978,0.534333169,-0.333911061,-0.473772347,1.362363057,0.095573105,-1.234926506,0.243101299,0.055184223,-0.06522537,-0.534603915,0,0,-0.534603775,-0.534603775,-0.534603775,-0.534603775,0.534603775,0.534603775,0.534603775,0.534603775
7.300290108,0.616383195,0.534144402,-0.332701743,-0.473361582,1.360290462,0.095689302,-1.232377945,-0.267533988,0.05766527,0.072290748,-0.57063391,0,0,-0.570633769,-0.570633769,-0.570633769,-0.570633769,0.570633769,0.570633769,0.570633769,0.570633769
7.350270033,0.627406836,0.523195386,-0.326135844,-0.475670964,1.327659093,0.0886139,-1.228061809,-1.014250875,0.055495672,0.209526047,-0.592613004,0,0,-0.592612863,-0.592612863,-0.592612863,-0.592612863,0.592612863,0.592612863,0.592612863,0.592612863
7.400110006,0.641750932,0.506880701,-0.316242903,-0.48085162,1.279617581,0.081661174,-1.225290138,-1.401350498,-0.003165008,0.159177989,-0.6,0,0,-0.592612863,-0.592612863,-0.592612863,-0.592612863,0.592612863,0.592612863,0.592612863,0.592612863
7.450489998,0.681716144,0.455558896,-0.287348896,-0.495136112,1.136761844,0.059381452,-1.218397714,-2.026123762,-0.071939915,0.683450878,-0.592613004,0,0,-0.592612863,-0.592612863,-0.592612863,-0.592612863,0.592612863,0.592612863,0.592612863,0.592612863
7.500289917,0.714259923,0.411483556,-0.274778157,-0.494986147,1.035131601,0.014831808,-1.20358827,-2.37182188,-0.095151536,0.97049576,-0.57063391,0,0,-0.570633769,-0.570633769,-0.570633769,-0.570633769,0.570633769,0.570633769,0.570633769,0.570633769
7.550369978,0.735972762,0.379334867,-0.249766275,-0.502062142,0.942835854,0.013257383,-1.190566691,-2.627080917,0.427684277,0.058633942,-0.534603915,0,0,-0.534603775,-0.534603775,-0.534603775,-0.534603775,0.534603775,0.534603775,0.534603775,0.534603775
7.600189924,0.759796143,0.339430749,-0.218933195,-0.509474993,0.83149948,0.013174145,-1.175544792,-3.051428556,0.25022608,0.373912036,-0.485410197,0,0,-0.485410094,-0.485410094,-0.485410094,-0.485410094,0.485410094,0.485410094,0.485410094,0.485410094
7.650239944,0.786325395,0.289442033,-0.184989586,-0.513512135,0.701275722,0.006340014,-1.154717979,-3.449251175,0.209797844,0.600620806,-0.424264069,0,0,-0.424263984,-0.424263984,-0.424263984,-0.424263984,0.424263984,0.424263984,0.424263984,0.424263984
7.700370073,0.819247723,0.215982646,-0.139745608,-0.512499571,0.520299516,-0.007590589,-1.120043548,-3.73464179,0.10950087,0.806267083,-0.352671151,0,0,-0.352671087,-0.352671087,-0.352671087,-0.352671087,0.352671087,0.352671087,0.352671087,0.352671087
7.750040054,0.861106992,0.085760117,-0.065536998,-0.496834904,0.214542871,-0.027655019,-1.049608756,-3.829384565,0.044440657,0.980131567,-0.2723943,0,0,-0.27239424,-0.27239424,-0.27239424,-0.27239424,0.27239424,0.27239424,0.27239424,0.27239424
7.800440073,0.875059485,0.019500941,-0.029173544,-0.482742101,0.062368341,-0.03223489,-1.0092511,-3.750001192,-0.005431496,1.033701539,-0.185410197,0,0,-0.185410157,-0.185410157,-0.185410157,-0.185410157,0.185410157,0.185410157,0.185410157,0.185410157
7.850280046,0.88409704,-0.044985026,0.005187136,-0.465104192,-0.084513009,-0.032679401,-0.967201879,-3.519416571,-0.07079716,1.05753696,-0.093860679,0,0,-0.093860656,-0.093860656,-0.093860656,-0.093860656,0.093860656,0.093860656,0.093860656,0.093860656
7.900279999,0.888781488,-0.136316553,0.051953826,-0.434495538,-0.291674695,-0.026109629,-0.905567289,-3.281481266,-0.104283117,0.999710679,-3.90E-14,0,0,-3.90E-14,-3.90E-14,-3.90E-14,-3.90E-14,3.90E-14,3.90E-14,3.90E-14,3.90E-14
7.950320005,0.886935592,-0.191261545,0.079258911,-0.412895143,-0.416744187,-0.017347695,-0.867718645,-2.96666503,-0.145106405,0.915911973,0.093860679,0,0,0.093860656,0.093860656,0.093860656,0.093860656,-0.093860656,-0.093860656,-0.093860656,-0.093860656
8.00022006,0.881991148,-0.240847126,0.10284692,-0.391799837,-0.52990829,-0.007307645,-0.834094242,-2.685138464,-0.176665545,0.804279268,0.185410197,0,0,0.185410157,0.185410157,0.185410157,0.185410157,-0.185410157,-0.185410157,-0.185410157,-0.185410157
8.050280094,0.8674317,-0.321197748,0.139419466,-0.353491992,-0.715338826,0.014792603,-0.779465833,-2.22778821,-0.183891028,0.693728328,0.2723943,0,0,0.27239424,0.27239424,0.27239424,0.27239424,-0.27239424,-0.27239424,-0.27239424,-0.27239424
8.100250006,0.858467281,-0.358025014,0.155590281,-0.332631677,-0.801665178,0.028961453,-0.751593008,-1.550635338,-0.167034701,0.559296906,0.352671151,0,0,0.352671087,0.352671087,0.352671087,0.352671087,-0.352671087,-0.352671087,-0.352671087,-0.352671087
8.150470018,0.852352679,-0.380971819,0.165421918,-0.317791075,-0.855934524,0.039867295,-0.731938947,-1.21837616,-0.184260413,0.501420557,0.424264069,0,0,0.424263984,0.424263984,0.424263984,0.424263984,-0.424263984,-0.424263984,-0.424263984,-0.424263984
8.200469971,0.847853363,-0.398023963,0.172614023,-0.30483827,-0.896503763,0.050057772,-0.714375523,-0.895548046,-0.173985988,0.447654068,0.485410197,0,0,0.485410094,0.485410094,0.485410094,0.485410094,-0.485410094,-0.485410094,-0.485410094,-0.485410094
8.250169992,0.845851183,-0.41017893,0.177424192,-0.291220963,-0.92519703,0.061281872,-0.693731708,-0.354456991,-0.183862507,0.390074521,0.534603915,0,0,0.534603775,0.534603775,0.534603775,0.534603775,-0.534603775,-0.534603775,-0.534603775,-0.534603775
8.300230026,0.848037243,-0.411332369,0.177725658,-0.282935351,-0.927476613,0.068729093,-0.678427493,0.222786546,-0.195646331,0.345595956,0.57063391,0,0,0.570633769,0.570633769,0.570633769,0.570633769,-0.570633769,-0.570633769,-0.570633769,-0.570633769
8.350229979,0.854576111,-0.402593642,0.17418085,-0.277991325,-0.906069739,0.073933837,-0.665005368,0.812214136,-0.173977092,0.259018719,0.592613004,0,0,0.592612863,0.592612863,0.592612863,0.592612863,-0.592612863,-0.592612863,-0.592612863,-0.592612863
8.400290012,0.885112643,-0.339103371,0.151418716,-0.280458897,-0.757776098,0.07791491,-0.644741372,2.336698055,-0.110422224,0.105027251,0.6,0,0,0.599999845,0.599999845,0.599999845,0.599999845,-0.599999845,-0.599999845,-0.599999845,-0.599999845
8.450210094,0.902773201,-0.291298091,0.134843528,-0.286292166,-0.649693405,0.076748848,-0.640044588,2.956286192,-0.095696978,0.0265815,0.592613004,0,0,0.592612863,0.592612863,0.592612863,0.592612863,-0.592612863,-0.592612863,-0.592612863,-0.592612863
8.500240088,0.919995785,-0.232564554,0.114731051,-0.293868124,-0.51982199,0.074486392,-0.638175921,3.497236967,-0.05746204,-0.022970211,0.57063391,0,0,0.570633769,0.570633769,0.570633769,0.570633769,-0.570633769,-0.570633769,-0.570633769,-0.570633769
8.550349951,0.934886158,-0.163593397,0.091676071,-0.301364571,-0.370519071,0.072875358,-0.637337483,3.929770708,-0.015734201,0.003554686,0.534603915,0,0,0.534603775,0.534603775,0.534603775,0.534603775,-0.534603775,-0.534603775,-0.534603775,-0.534603775
8.600260019,0.948202968,-0.046012096,0.052983858,-0.309817731,-0.120693268,0.072030425,-0.63596729,4.384242535,-0.006933545,0.026116651,0.485410197,0,0,0.485410094,0.485410094,0.485410094,0.485410094,-0.485410094,-0.485410094,-0.485410094,-0.485410094
8.650210142,0.948768556,0.038954668,0.025625493,-0.312513202,0.058088739,0.073037911,-0.634268672,4.517930508,0.051611193,0.042871617,0.424264069,0,0,0.424263984,0.424263984,0.424263984,0.424263984,-0.424263984,-0.424263984,-0.424263984,-0.424263984
8.700250149,0.926309288,0.212733045,-0.029191937,-0.309586287,0.426224323,0.07771514,-0.628261869,4.591280937,0.102078728,0.062386293,0.352671151,0,0,0.352671087,0.352671087,0.352671087,0.352671087,-0.352671087,-0.352671087,-0.352671087,-0.352671087
8.75022006,0.897252202,0.316301644,-0.06140554,-0.301863015,0.65185068,0.080855081,-0.621730363,4.438827515,0.120094307,0.087643877,0.2723943,0,0,0.27239424,0.27239424,0.27239424,0.27239424,-0.27239424,-0.27239424,-0.27239424,-0.27239424
8.800230026,0.867353499,0.393048376,-0.085476242,-0.293095589,0.824796629,0.082217826,-0.615759168,4.222882271,0.127817526,0.073323727,0.185410197,0,0,0.185410157,0.185410157,0.185410157,0.185410157,-0.185410157,-0.185410157,-0.185410157,-0.185410157
8.850150108,0.833087087,0.462894648,-0.107788265,-0.282977432,0.98832381,0.082476923,-0.610439243,3.946996212,0.099619888,0.07689254,0.093860679,0,0,0.185410157,0.185410157,0.185410157,0.185410157,-0.185410157,-0.185410157,-0.185410157,-0.185410157
8.900259972,0.796497822,0.524738729,-0.127958104,-0.271785736,1.139620898,0.081486428,-0.605448563,3.59939909,0.094781406,0.06899783,1.35E-14,0,0,1.35E-14,1.35E-14,1.35E-14,1.35E-14,-1.35E-14,-1.35E-14,-1.35E-14,-1.35E-14
8.950279951,0.750680327,0.589600682,-0.149947718,-0.257615805,1.307172537,0.078736622,-0.600850499,3.031986237,0.117659122,0.079363041,-0.093860679,0,0,-0.093860656,-0.093860656,-0.093860656,-0.093860656,0.093860656,0.093860656,0.093860656,0.093860656
9.000420094,0.684298575,0.667217433,-0.176141933,-0.235649467,1.523059398,0.073457541,-0.593259661,2.321934223,0.05829864,0.065703042,-0.185410197,0,0,-0.185410157,-0.185410157,-0.185410157,-0.185410157,0.185410157,0.185410157,0.185410157,0.185410157
9.050390005,0.657235086,0.694471061,-0.185811326,-0.226332262,1.604517349,0.070176542,-0.590719785,1.818380713,0.065451182,0.084655806,-0.2723943,0,0,-0.27239424,-0.27239424,-0.27239424,-0.27239424,0.27239424,0.27239424,0.27239424,0.27239424
9.100470066,0.630215764,0.719621181,-0.1953035,-0.216402948,1.683268706,0.06533606,-0.588404171,1.373728991,0.042583819,0.084809244,-0.352671151,0,0,-0.352671087,-0.352671087,-0.352671087,-0.352671087,0.352671087,0.352671087,0.352671087,0.352671087
9.150140047,0.613437057,0.734187007,-0.201474816,-0.209934458,1.731024039,0.061116097,-0.587688222,1.039881587,0.01338199,0.11443723,-0.424264069,0,0,-0.352671087,-0.352671087,-0.352671087,-0.352671087,0.352671087,0.352671087,0.352671087,0.352671087
9.200200081,0.601829886,0.743672132,-0.206478193,-0.205229953,1.763661247,0.05674855,-0.588392585,0.616272569,0.023774063,0.105332598,-0.485410197,0,0,-0.485410094,-0.485410094,-0.485410094,-0.485410094,0.485410094,0.485410094,0.485410094,0.485410094
9.250169992,0.595970213,0.748267889,-0.210114792,-0.20190762,1.780719437,0.051740732,-0.589385003,0.214464247,-0.005500019,0.134109706,-0.534603915,0,0,-0.534603775,-0.534603775,-0.534603775,-0.534603775,0.534603775,0.534603775,0.534603775,0.534603775
9.30024004,0.602577031,0.742507398,-0.212239504,-0.201341003,1.764918978,0.043226524,-0.592392227,-0.685627818,-0.014233591,0.126888618,-0.57063391,0,0,-0.570633769,-0.570633769,-0.570633769,-0.570633769,0.570633769,0.570633769,0.570633769,0.570633769
9.35048008,0.635855019,0.71397537,-0.205643088,-0.208898857,1.675155674,0.036787187,-0.594006247,-1.864642024,0.022267565,0.053796958,-0.592613004,0,0,-0.592612863,-0.592612863,-0.592612863,-0.592612863,0.592612863,0.592612863,0.592612863,0.592612863
9.400089979,0.667572856,0.684513867,-0.196546733,-0.217156246,1.585185072,0.034881461,-0.593605429,-2.564658165,0.019901281,0.024914037,-0.6,0,0,-0.592612863,-0.592612863,-0.592612863,-0.592612863,0.592612863,0.592612863,0.592612863,0.592612863
9.450479984,0.705973864,0.645166218,-0.183252692,-0.227551848,1.470207754,0.034881383,-0.592079456,-3.177640915,0.044777367,-0.01926725,-0.592613004,0,0,-0.599999845,-0.599999845,-0.599999845,-0.599999845,0.599999845,0.599999845,0.599999845,0.599999845
9.500230074,0.760503173,0.580527127,-0.161593318,-0.24189046,1.293329439,0.035070667,-0.58941789,-3.876863718,0.044987533,0.030113131,-0.57063391,0,0,-0.570633769,-0.570633769,-0.570633769,-0.570633769,0.570633769,0.570633769,0.570633769,0.570633769
9.550230026,0.805972338,0.516537964,-0.140677527,-0.252600968,1.129572292,0.034198245,-0.585759506,-4.296772957,0.052181877,0.052146118,-0.534603915,0,0,-0.534603775,-0.534603775,-0.534603775,-0.534603775,0.534603775,0.534603775,0.534603775,0.534603775
9.600229979,0.878906727,0.381584257,-0.09843234,-0.268752456,0.809633073,0.032083212,-0.579754839,-4.644790649,0.085204579,0.075085133,-0.485410197,0,0,-0.534603775,-0.534603775,-0.534603775,-0.534603775,0.534603775,0.534603775,0.534603775,0.534603775
9.650429964,0.925760627,0.251585424,-0.058706582,-0.276090115,0.521821454,0.030228612,-0.571593823,-4.640048504,0.108831972,0.259583384,-0.424264069,0,0,-0.485410094,-0.485410094,-0.485410094,-0.485410094,0.485410094,0.485410094,0.485410094,0.485410094
9.700180054,0.946885765,0.169549778,-0.035717715,-0.270895958,0.347491114,0.024221873,-0.553045209,-4.17420435,0.007984823,0.662123501,-0.352671151,0,0,-0.352671087,-0.352671087,-0.352671087,-0.352671087,0.352671087,0.352671087,0.352671087,0.352671087
9.750119925,0.961730421,0.093727976,-0.015833355,-0.256980538,0.189583013,0.017718619,-0.520527811,-3.815545082,0.061287981,0.955086946,-0.2723943,0,0,-0.27239424,-0.27239424,-0.27239424,-0.27239424,0.27239424,0.27239424,0.27239424,0.27239424
9.800169945,0.970611691,0.021120295,0.001948176,-0.23971507,0.040079792,0.013907997,-0.483977007,-3.612154245,-0.101060033,0.823950112,-0.185410197,0,0,-0.185410157,-0.185410157,-0.185410157,-0.185410157,0.185410157,0.185410157,0.185410157,0.185410157
9.850150108,0.972009778,-0.066552915,0.022693811,-0.224171698,-0.140026121,0.014279134,-0.454328987,-3.407101393,-0.011983549,0.413667142,-0.093860679,0,0,-0.093860656,-0.093860656,-0.093860656,-0.093860656,0.093860656,0.093860656,0.093860656,0.093860656
9.900089979,0.957365632,-0.189757198,0.046563342,-0.21277979,-0.393218212,0.008403391,-0.439075156,-2.570836544,-0.670729339,-0.346564382,1.21E-14,0,0,1.21E-14,1.21E-14,1.21E-14,1.21E-14,-1.21E-14,-1.21E-14,-1.21E-14,-1.21E-14
9.950269938,0.951300442,-0.222478956,0.045629844,-0.208443075,-0.458182597,-0.005933049,-0.430026259,-1.408203602,-0.228965417,0.143418536,0.093860679,0,0,0.093860656,0.093860656,0.093860656,0.093860656,-0.093860656,-0.093860656,-0.093860656,-0.093860656
10.00021005,0.942053199,-0.26335755,0.047007103,-0.202407643,-0.541365562,-0.01804576,-0.41827311,-1.304451346,-0.247417524,0.072615623,0.185410197,0,0,0.185410157,0.185410157,0.185410157,0.185410157,-0.185410157,-0.185410157,-0.185410157,-0.185410157
10.05014992,0.936116934,-0.286120087,0.047923267,-0.198806658,-0.588241366,-0.024043902,-0.411245818,-1.053001285,-0.218406394,0.029184677,0.2723943,0,0,0.27239424,0.27239424,0.27239424,0.27239424,-0.27239424,-0.27239424,-0.27239424,-0.27239424
10.10019994,0.930742443,-0.304812938,0.047854997,-0.196258903,-0.62668454,-0.030567909,-0.4057315,-0.854765058,-0.21391961,0.012629482,0.352671151,0,0,0.27239424,0.27239424,0.27239424,0.27239424,-0.27239424,-0.27239424,-0.27239424,-0.27239424
10.15025997,0.926285386,-0.319404155,0.047388464,-0.194244713,-0.656730616,-0.036302615,-0.401045732,-0.615161836,-0.154940829,-0.013491513,0.424264069,0,0,0.424263984,0.424263984,0.424263984,0.424263984,-0.424263984,-0.424263984,-0.424263984,-0.424263984
10.20021009,0.92248708,-0.33127141,0.046020593,-0.192766935,-0.680918162,-0.042822623,-0.396828116,-0.35854581,-0.156673789,-0.025475027,0.485410197,0,0,0.485410094,0.485410094,0.485410094,0.485410094,-0.485410094,-0.485410094,-0.485410094,-0.485410094
10.25044012,0.922487438,-0.332681745,0.041758612,-0.191300765,-0.682278003,-0.050262116,-0.391106062,0.307162911,-0.067597628,0.03645793,0.534603915,0,0,0.534603775,0.534603775,0.534603775,0.534603775,-0.534603775,-0.534603775,-0.534603775,-0.534603775
10.30021,0.926657856,-0.322248489,0.03857246,-0.189666644,-0.659408505,-0.050774438,-0.386401446,0.87230444,-0.068728648,0.095062718,0.57063391,0,0,0.570633769,0.570633769,0.570633769,0.570633769,-0.570633769,-0.570633769,-0.570633769,-0.570633769
10.35018992,0.936601043,-0.294467509,0.032706741,-0.187076911,-0.599839545,-0.048929323,-0.379157502,1.531771302,-0.049521059,0.182210773,0.592613004,0,0,0.592612863,0.592612863,0.592612863,0.592612863,-0.592612863,-0.592612863,-0.592612863,-0.592612863
10.4001801,0.947742581,-0.259100705,0.026381873,-0.184268355,-0.525173409,-0.045497368,-0.371834346,2.168129683,-0.018602632,0.209184974,0.6,0,0,0.599999845,0.599999845,0.599999845,0.599999845,-0.599999845,-0.599999845,-0.599999845,-0.599999845
10.45023012,0.960286558,-0.211440727,0.018492779,-0.181109771,-0.42589318,-0.041082778,-0.3639359,2.778483391,0.00815021,0.228893504,0.592613004,0,0,0.592612863,0.592612863,0.592612863,0.592612863,-0.592612863,-0.592612863,-0.592612863,-0.592612863
10.50016999,0.97222054,-0.152396038,0.009091094,-0.177426875,-0.30443028,-0.036409242,-0.355434281,3.287172794,0.036358189,0.244077966,0.57063391,0,0,0.570633769,0.570633769,0.570633769,0.570633769,-0.570633769,-0.570633769,-0.570633769,-0.570633769
10.55052996,0.98575604,0.014265534,-0.015940489,-0.166816488,0.033461076,-0.026670568,-0.335723731,4.16108799,0.084228463,0.17914927,0.534603915,0,0,0.534603775,0.534603775,0.534603775,0.534603775,-0.534603775,-0.534603775,-0.534603775,-0.534603775
10.60022998,0.981470942,0.099077262,-0.0286329,-0.161489397,0.205228016,-0.024207223,-0.328646797,4.400887012,0.067552507,0.148870036,0.485410197,0,0,0.485410094,0.485410094,0.485410094,0.485410094,-0.485410094,-0.485410094,-0.485410094,-0.485410094
10.65051007,0.969201505,0.186588764,-0.041500635,-0.155276239,0.384037819,-0.022501254,-0.322095706,4.544635773,0.095812745,0.13435033,0.424264069,0,0,0.485410094,0.485410094,0.485410094,0.485410094,-0.485410094,-0.485410094,-0.485410094,-0.485410094
10.70022011,0.93522799,0.317586899,-0.06024836,-0.144421905,0.658041887,-0.020960422,-0.313584845,4.569249153,0.066667415,0.087643892,0.352671151,0,0,0.352671087,0.352671087,0.352671087,0.352671087,-0.352671087,-0.352671087,-0.352671087,-0.352671087
10.75049996,0.903177202,0.400590241,-0.072549678,-0.136143461,0.838351433,-0.021976714,-0.30901678,4.453454971,0.043078732,0.107841,0.2723943,0,0,0.27239424,0.27239424,0.27239424,0.27239424,-0.27239424,-0.27239424,-0.27239424,-0.27239424
10.80014014,0.865207314,0.477793723,-0.084070459,-0.126734242,1.012846735,-0.024373516,-0.304408059,4.267145157,0.064810671,0.11534521,0.185410197,0,0,0.185410157,0.185410157,0.185410157,0.185410157,-0.185410157,-0.185410157,-0.185410157,-0.185410157
10.85175014,0.778711259,0.609517217,-0.103447743,-0.106753834,1.332869915,-0.030980192,-0.296847936,3.765891552,0.069652028,0.095124155,0.093860679,0,0,0.093860656,0.093860656,0.093860656,0.093860656,-0.093860656,-0.093860656,-0.093860656,-0.093860656
10.90029001,0.722943246,0.675088882,-0.112506486,-0.094606414,1.50752091,-0.034943242,-0.293046548,3.307971001,0.045127552,0.081164621,-3.97E-14,0,0,0.093860656,0.093860656,0.093860656,0.093860656,-0.093860656,-0.093860656,-0.093860656,-0.093860656
10.95050001,0.68059206,0.718061388,-0.118095472,-0.085064068,1.629992194,-0.038596812,-0.289632572,2.899890661,0.089194819,0.085204273,-0.093860679,0,0,-0.093860656,-0.093860656,-0.093860656,-0.093860656,0.093860656,0.093860656,0.093860656,0.093860656
11.00023007,0.641852558,0.753134072,-0.122552186,-0.076128341,1.736158421,-0.042664107,-0.286482541,2.503768444,0.075001411,0.086281605,-0.185410197,0,0,-0.185410157,-0.185410157,-0.185410157,-0.185410157,0.185410157,0.185410157,0.185410157,0.185410157
11.05047011,0.607950389,0.780973554,-0.125924692,-0.067968287,1.825368127,-0.046966323,-0.283417816,2.0280509,0.097807609,0.08036726,-0.2723943,0,0,-0.27239424,-0.27239424,-0.27239424,-0.27239424,0.27239424,0.27239424,0.27239424,0.27239424
11.10020995,0.573413908,0.806855381,-0.1291316,-0.05921426,1.913297889,-0.052561198,-0.280328759,1.524587274,0.068695128,0.074765883,-0.352671151,0,0,-0.27239424,-0.27239424,-0.27239424,-0.27239424,0.27239424,0.27239424,0.27239424,0.27239424
11.15054011,0.53426224,0.833494484,-0.132430047,-0.048095901,2.010091822,-0.061367915,-0.276161185,0.899499059,0.090331607,0.074631736,-0.424264069,0,0,-0.424263984,-0.424263984,-0.424263984,-0.424263984,0.424263984,0.424263984,0.424263984,0.424263984
11.20022011,0.522921741,0.84074086,-0.133420244,-0.043671198,2.037871314,-0.066152578,-0.274025276,0.536569238,0.082565121,0.081848368,-0.485410197,0,0,-0.424263984,-0.424263984,-0.424263984,-0.424263984,0.424263984,0.424263984,0.424263984,0.424263984
11.25056005,0.518548906,0.843488514,-0.134407565,-0.039610282,2.049118089,-0.072635995,-0.271866889,-0.020551682,0.119899973,0.097683825,-0.534603915,0,0,-0.534603775,-0.534603775,-0.534603775,-0.534603775,0.534603775,0.534603775,0.534603775,0.534603775
11.30023003,0.523917496,0.840180457,-0.134880111,-0.037614036,2.03707521,-0.078206625,-0.270150254,-0.564742088,0.103230029,0.094907723,-0.57063391,0,0,-0.570633769,-0.570633769,-0.570633769,-0.570633769,0.570633769,0.570633769,0.570633769,0.570633769
11.35056996,0.539104939,0.830562234,-0.134773329,-0.036995288,2.001450227,-0.083958738,-0.267888948,-1.213899612,0.134906977,0.113325618,-0.592613004,0,0,-0.592612863,-0.592612863,-0.592612863,-0.592612863,0.592612863,0.592612863,0.592612863,0.592612863
11.40026999,0.564674258,0.813449204,-0.134248808,-0.037693538,1.940049065,-0.090413251,-0.265144379,-1.884042025,0.14636305,0.117407121,-0.6,0,0,-0.599999845,-0.599999845,-0.599999845,-0.599999845,0.599999845,0.599999845,0.599999845,0.599999845
11.45012999,0.668576598,0.73091346,-0.129567251,-0.044535391,1.673623546,-0.10836014,-0.253118466,-3.087978601,0.1825151,0.150158614,-0.592613004,0,0,-0.592612863,-0.592612863,-0.592612863,-0.592612863,0.592612863,0.592612863,0.592612863,0.592612863
11.50021005,0.72016263,0.680528879,-0.125766128,-0.049286541,1.528380167,-0.114311086,-0.246235187,-3.822067022,0.155204356,0.138893485,-0.57063391,0,0,-0.570633769,-0.570633769,-0.570633769,-0.570633769,0.570633769,0.570633769,0.570633769,0.570633769
11.55044007,0.771551967,0.622124314,-0.122489192,-0.051628813,1.37203135,-0.125100495,-0.236090633,-3.768669844,0.200417638,0.482180238,-0.534603915,0,0,-0.534603775,-0.534603775,-0.534603775,-0.534603775,0.534603775,0.534603775,0.534603775,0.534603775
11.60055995,0.82713908,0.546153963,-0.123977482,-0.046758406,1.184034381,-0.154634194,-0.217042526,-3.613929033,0.170363337,0.679996789,-0.485410197,0,0,-0.485410094,-0.485410094,-0.485410094,-0.485410094,0.485410094,0.485410094,0.485410094,0.485410094
11.65047002,0.864561319,0.484902322,-0.12479794,-0.042765595,1.039858027,-0.175211779,-0.199325432,-3.53514266,0.163057268,0.581386387,-0.424264069,0,0,-0.424263984,-0.424263984,-0.424263984,-0.424263984,0.424263984,0.424263984,0.424263984,0.424263984
11.70024014,0.898317575,0.41967392,-0.123185806,-0.041529302,0.891276852,-0.187560161,-0.182192639,-3.584937334,0.194217175,0.437258989,-0.352671151,0,0,-0.352671087,-0.352671087,-0.352671087,-0.352671087,0.352671087,0.352671087,0.352671087,0.352671087
11.75045013,0.926744461,0.353695601,-0.119962059,-0.040662285,0.745248983,-0.194814113,-0.164051377,-3.540386438,0.242906868,0.485498637,-0.2723943,0,0,-0.27239424,-0.27239424,-0.27239424,-0.27239424,0.27239424,0.27239424,0.27239424,0.27239424
11.8001101,0.976629436,0.180393398,-0.110988863,-0.03653099,0.377047163,-0.205043867,-0.114028242,-4.160177708,0.130206212,0.512498736,-0.185410197,0,0,-0.185410157,-0.185410157,-0.185410157,-0.185410157,0.185410157,0.185410157,0.185410157,0.185410157
11.85047007,0.988670707,0.098984689,-0.107375123,-0.034685947,0.20912495,-0.206923971,-0.091930704,-4.075175762,0.090998076,0.531412721,-0.093860679,0,0,-0.093860656,-0.093860656,-0.093860656,-0.093860656,0.093860656,0.093860656,0.093860656,0.093860656
11.90021014,0.99382484,0.018973159,-0.104218423,-0.033026557,0.045588176,-0.207379722,-0.071183946,-3.897835732,0.038642593,0.492319256,6.73E-14,0,0,-0.093860656,-0.093860656,-0.093860656,-0.093860656,0.093860656,0.093860656,0.093860656,0.093860656
11.95026994,0.991698205,-0.07447312,-0.100298889,-0.030474246,-0.145130947,-0.20490225,-0.046492337,-3.508512497,0.023794999,0.466754377,0.093860679,0,0,0.093860656,0.093860656,0.093860656,0.093860656,-0.093860656,-0.093860656,-0.093860656,-0.093860656
12.00010014,0.984837949,-0.140967935,-0.097203664,-0.027818331,-0.281531084,-0.200646262,-0.027952238,-3.123192787,-0.006179527,0.452530801,0.185410197,0,0,0.185410157,0.185410157,0.185410157,0.185410157,-0.185410157,-0.185410157,-0.185410157,-0.185410157
12.05034995,0.975136757,-0.198988035,-0.094343483,-0.024729496,-0.40153037,-0.195072144,-0.010889576,-2.720751762,-0.013239709,0.424814284,0.2723943,0,0,0.27239424,0.27239424,0.27239424,0.27239424,-0.27239424,-0.27239424,-0.27239424,-0.27239424
12.10020995,0.946798384,-0.309212029,-0.0879374,-0.015099853,-0.633655215,-0.176775297,0.026200831,-1.861335754,-0.018481927,0.369728684,0.352671151,0,0,0.352671087,0.352671087,0.352671087,0.352671087,-0.352671087,-0.352671087,-0.352671087,-0.352671087
12.15005994,0.935993791,-0.341332555,-0.085343145,-0.011161189,-0.702569915,-0.168172193,0.037910956,-1.521323323,0.039445631,0.348330528,0.424264069,0,0,0.352671087,0.352671087,0.352671087,0.352671087,-0.352671087,-0.352671087,-0.352671087,-0.352671087
12.20022011,0.926959693,-0.365927875,-0.082445011,-0.006739851,-0.755812849,-0.158441063,0.048468542,-1.135468841,-0.001871586,0.333955258,0.485410197,0,0,0.485410094,0.485410094,0.485410094,0.485410094,-0.485410094,-0.485410094,-0.485410094,-0.485410094
12.25036001,0.920514464,-0.382540971,-0.079438306,-0.00227988,-0.791977981,-0.14853811,0.057240697,-0.652718723,0.035420813,0.313457161,0.534603915,0,0,0.534603775,0.534603775,0.534603775,0.534603775,-0.534603775,-0.534603775,-0.534603775,-0.534603775
12.30009007,0.917821705,-0.389552414,-0.076459572,0.002563654,-0.807294073,-0.138800346,0.064945761,-0.046476729,0.047587615,0.304170728,0.57063391,0,0,0.534603775,0.534603775,0.534603775,0.534603775,-0.534603775,-0.534603775,-0.534603775,-0.534603775
12.35036993,0.921224833,-0.382108122,-0.072446555,0.009483673,-0.791028731,-0.126569186,0.073491485,0.824525535,0.051232446,0.274605393,0.592613004,0,0,0.592612863,0.592612863,0.592612863,0.592612863,-0.592612863,-0.592612863,-0.592612863,-0.592612863
12.40044999,0.943247736,-0.324821085,-0.065587081,0.02176032,-0.667925314,-0.109813863,0.084265522,2.243224621,0.059927337,0.209430888,0.6,0,0,0.599999845,0.599999845,0.599999845,0.599999845,-0.599999845,-0.599999845,-0.599999845,-0.599999845
12.45057011,0.958868384,-0.275531799,-0.062046852,0.028355995,-0.564248099,-0.103548496,0.089166156,2.900450945,0.043290202,0.164816886,0.592613004,0,0,0.592612863,0.592612863,0.592612863,0.592612863,-0.592612863,-0.592612863,-0.592612863,-0.592612863
12.50022006,0.978080392,-0.196853086,-0.05734374,0.036324453,-0.40184818,-0.098029329,0.094224104,3.554459095,0.054354396,0.099241316,0.57063391,0,0,0.592612863,0.592612863,0.592612863,0.592612863,-0.592612863,-0.592612863,-0.592612863,-0.592612863
12.55048013,0.990174234,-0.122579969,-0.052865986,0.041645955,-0.250888739,-0.094624292,0.096010403,3.972545862,0.070184007,0.037621859,0.534603915,0,0,0.534603775,0.534603775,0.534603775,0.534603775,-0.534603775,-0.534603775,-0.534603775,-0.534603775
12.60020995,0.996978998,-0.040659722,-0.047490802,0.04609099,-0.085912819,-0.091072405,0.096312774,4.244528294,0.103161976,0.002107779,0.485410197,0,0,0.485410094,0.485410094,0.485410094,0.485410094,-0.485410094,-0.485410094,-0.485410094,-0.485410094
12.65011001,0.996831298,0.046185624,-0.041065421,0.050080605,0.088411428,-0.086604807,0.096561875,4.450427532,0.122643903,-0.003469009,0.424264069,0,0,0.485410094,0.485410094,0.485410094,0.485410094,-0.485410094,-0.485410094,-0.485410094,-0.485410094
12.70021009,0.961968005,0.266324431,-0.021722179,0.056719858,0.536643227,-0.072066204,0.097965572,4.362988472,0.113545187,-0.049801417,0.352671151,0,0,0.352671087,0.352671087,0.352671087,0.352671087,-0.352671087,-0.352671087,-0.352671087,-0.352671087
12.75013995,0.942707062,0.328218222,-0.015877871,0.057658114,0.666728592,-0.067837242,0.098673201,4.322514057,0.142720282,-0.072071314,0.2723943,0,0,0.27239424,0.27239424,0.27239424,0.27239424,-0.27239424,-0.27239424,-0.27239424,-0.27239424
12.80023003,0.911760032,0.406484574,-0.007749628,0.058345068,0.835653931,-0.061603283,0.100452246,4.136892319,0.148868486,-0.080179028,0.185410197,0,0,0.185410157,0.185410157,0.185410157,0.185410157,-0.185410157,-0.185410157,-0.185410157,-0.185410157
12.85014009,0.857486546,0.511159599,0.00471929,0.058400221,1.072392295,-0.051633142,0.105314069,3.763680935,0.166590363,-0.098061927,0.093860679,0,0,0.093860656,0.093860656,0.093860656,0.093860656,-0.093860656,-0.093860656,-0.093860656,-0.093860656
12.90008998,0.819063544,0.570601225,0.012593246,0.058232043,1.214422633,-0.045841247,0.110100623,3.250894785,0.199319229,-0.091646865,-9.07E-14,0,0,-9.07E-14,-9.07E-14,-9.07E-14,-9.07E-14,9.07E-14,9.07E-14,9.07E-14,9.07E-14
12.95025015,0.78079921,0.621803761,0.019680008,0.057667766,1.342687536,-0.040995271,0.114876881,3.001688719,0.17917423,-0.085601404,-0.093860679,0,0,-0.093860656,-0.093860656,-0.093860656,-0.093860656,0.093860656,0.093860656,0.093860656,0.093860656
13.00021005,0.73577863,0.67424494,0.027850488,0.056992069,1.481383391,-0.03587733,0.121802311,2.650503635,0.151083916,-0.081357516,-0.185410197,0,0,-0.185410157,-0.185410157,-0.185410157,-0.185410157,0.185410157,0.185410157,0.185410157,0.185410157
13.05041003,0.678321838,0.731627822,0.038128745,0.056094907,1.644362432,-0.030358725,0.132339632,1.602641225,0.15097791,-0.055837672,-0.2723943,0,0,-0.185410157,-0.185410157,-0.185410157,-0.185410157,0.185410157,0.185410157,0.185410157,0.185410157
13.10005999,0.656957209,0.750668943,0.04210313,0.055954158,1.701777142,-0.028690118,0.137216456,1.274051905,0.11751435,-0.056459039,-0.352671151,0,0,-0.352671087,-0.352671087,-0.352671087,-0.352671087,0.352671087,0.352671087,0.352671087,0.352671087
13.15013003,0.640049934,0.764941812,0.045560285,0.055898003,1.746181799,-0.027199072,0.141783757,0.978262246,0.096198186,-0.058546674,-0.424264069,0,0,-0.424263984,-0.424263984,-0.424263984,-0.424263984,0.424263984,0.424263984,0.424263984,0.424263984
13.20007992,0.625962555,0.776266813,0.048898399,0.056479443,1.782407805,-0.026472185,0.147206876,0.532680094,0.099351272,-0.027564172,-0.485410197,0,0,-0.485410094,-0.485410094,-0.485410094,-0.485410094,0.485410094,0.485410094,0.485410094,0.485410094
13.25006008,0.621408701,0.779724538,0.050673347,0.057560358,1.793795472,-0.026787931,0.151188862,0.074058026,0.094310202,-0.015555323,-0.534603915,0,0,-0.534603775,-0.534603775,-0.534603775,-0.534603775,0.534603775,0.534603775,0.534603775,0.534603775
13.30008006,0.623157799,0.77814889,0.051631823,0.059101552,1.788968513,-0.027633579,0.154688648,-0.334143639,0.083885334,0.004232674,-0.57063391,0,0,-0.534603775,-0.534603775,-0.534603775,-0.534603775,0.534603775,0.534603775,0.534603775,0.534603775
13.35010004,0.661585271,0.74529022,0.050489902,0.065562464,1.687127231,-0.030924296,0.162805294,-1.594300151,0.149005011,-0.031480208,-0.592613004,0,0,-0.592612863,-0.592612863,-0.592612863,-0.592612863,0.592612863,0.592612863,0.592612863,0.592612863
13.40024996,0.678303659,0.729926884,0.050032079,0.067881681,1.641482283,-0.031228511,0.165969733,-1.342197537,0.096943274,-0.029146688,-0.6,0,0,-0.592612863,-0.592612863,-0.592612863,-0.592612863,0.592612863,0.592612863,0.592612863,0.592612863
13.45058012,0.701300323,0.707606554,0.05028202,0.070303649,1.577269659,-0.028973103,0.170666279,-1.573166013,0.062993944,-0.097222693,-0.592613004,0,0,-0.592612863,-0.592612863,-0.592612863,-0.592612863,0.592612863,0.592612863,0.592612863,0.592612863
13.50054002,0.726472795,0.681431711,0.04896456,0.074100375,1.50421063,-0.029850273,0.175371037,-1.838897228,0.060997214,0.148689121,-0.57063391,0,0,-0.570633769,-0.570633769,-0.570633769,-0.570633769,0.570633769,0.570633769,0.570633769,0.570633769
13.55049992,0.77521944,0.624677241,0.041957412,0.083982542,1.352867377,-0.039882121,0.183808017,-3.210820675,0.175001934,0.224245906,-0.534603915,0,0,-0.534603775,-0.534603775,-0.534603775,-0.534603775,0.534603775,0.534603775,0.534603775,0.534603775
13.60009003,0.813702822,0.572945654,0.035187289,0.091559596,1.222413431,-0.047671392,0.19069433,-3.521544933,0.096387736,0.219270557,-0.485410197,0,0,-0.485410094,-0.485410094,-0.485410094,-0.485410094,0.485410094,0.485410094,0.485410094,0.485410094
13.65006995,0.889950693,0.444278866,0.029327178,0.098712735,0.922419509,-0.035519939,0.203282292,-3.707247257,0.456876606,-0.637947917,-0.424264069,0,0,-0.424263984,-0.424263984,-0.424263984,-0.424263984,0.424263984,0.424263984,0.424263984,0.424263984
13.70007014,0.922658384,0.372007996,0.0341397,0.095636778,0.765677288,-0.008156818,0.203284495,-4.08092308,0.412642568,-0.401222944,-0.352671151,0,0,-0.352671087,-0.352671087,-0.352671087,-0.352671087,0.352671087,0.352671087,0.352671087,0.352671087
13.75003004,0.956627965,0.272548914,0.035234269,0.096637815,0.556624131,0.014735639,0.205565818,-4.28633213,0.340741307,-0.099884458,-0.2723943,0,0,-0.27239424,-0.27239424,-0.27239424,-0.27239424,0.27239424,0.27239424,0.27239424,0.27239424
13.80005002,0.976076961,0.189698234,0.033152085,0.100943223,0.386711357,0.026423538,0.211275946,-4.237168312,0.28584215,0.065955095,-0.185410197,0,0,-0.27239424,-0.27239424,-0.27239424,-0.27239424,0.27239424,0.27239424,0.27239424,0.27239424
13.85066009,0.988066494,0.10675732,0.029530952,0.107029863,0.21917572,0.035512109,0.219711378,-4.127592564,0.259472787,0.171895325,-0.093860679,0,0,-0.093860656,-0.093860656,-0.093860656,-0.093860656,0.093860656,0.093860656,0.093860656,0.093860656
13.90007997,0.9928298,0.026394418,0.024824144,0.113913551,0.058153158,0.04329245,0.229732737,-3.945772409,0.206188977,0.235130131,1.18E-13,0,0,-0.093860656,-0.093860656,-0.093860656,-0.093860656,0.093860656,0.093860656,0.093860656,0.093860656
13.95058012,0.982249379,-0.135427549,0.011982102,0.129236355,-0.266547002,0.058576639,0.253785343,-3.289029837,0.100032523,0.286674589,0.093860679,0,0,0.093860656,0.093860656,0.093860656,0.093860656,-0.093860656,-0.093860656,-0.093860656,-0.093860656
14.00016999,0.971199512,-0.196050048,0.006267283,0.135265887,-0.389710347,0.065257623,0.263890211,-2.943376541,0.053674851,0.282664478,0.185410197,0,0,0.185410157,0.185410157,0.185410157,0.185410157,-0.185410157,-0.185410157,-0.185410157,-0.185410157
14.05008006,0.958338201,-0.248586163,0.000884487,0.140684918,-0.497735479,0.071701329,0.273290376,-2.51750493,0.032965153,0.266231328,0.2723943,0,0,0.27239424,0.27239424,0.27239424,0.27239424,-0.27239424,-0.27239424,-0.27239424,-0.27239424
14.10018015,0.938172281,-0.312880456,-0.006037862,0.147994265,-0.632066637,0.081369665,0.286295879,-2.022927523,0.00992493,0.256810695,0.352671151,0,0,0.352671087,0.352671087,0.352671087,0.352671087,-0.352671087,-0.352671087,-0.352671087,-0.352671087
14.15029001,0.925202906,-0.347361565,-0.009939498,0.152448788,-0.705320524,0.08762971,0.294342316,-1.664903522,-0.005753342,0.224306598,0.424264069,0,0,0.424263984,0.424263984,0.424263984,0.424263984,-0.424263984,-0.424263984,-0.424263984,-0.424263984
14.20049,0.913633406,-0.375019282,-0.013271582,0.156392261,-0.764831442,0.093184292,0.301563112,-1.30192697,-0.025998071,0.214340672,0.485410197,0,0,0.485410094,0.485410094,0.485410094,0.485410094,-0.485410094,-0.485410094,-0.485410094,-0.485410094
14.25029993,0.898742735,-0.406708866,-0.022184975,0.162349612,-0.835174056,0.092311916,0.316446667,-0.237248853,-0.174273551,0.104834884,0.534603915,0,0,0.534603775,0.534603775,0.534603775,0.534603775,-0.534603775,-0.534603775,-0.534603775,-0.534603775
14.30014992,0.89879477,-0.405031353,-0.023735415,0.165994823,-0.831704678,0.0919291,0.324636753,0.318010867,-0.148324683,0.135479137,0.57063391,0,0,0.570633769,0.570633769,0.570633769,0.570633769,-0.570633769,-0.570633769,-0.570633769,-0.570633769
14.35031009,0.903574646,-0.392325073,-0.022537775,0.170663312,-0.803535118,0.093317243,0.333681167,0.945179939,-0.130480543,0.205224052,0.592613004,0,0,0.592612863,0.592612863,0.592612863,0.592612863,-0.592612863,-0.592612863,-0.592612863,-0.592612863
14.40022993,0.913121045,-0.367182225,-0.018283429,0.176218644,-0.747967133,0.096166887,0.343517054,1.684401155,-0.098353684,0.238078237,0.6,0,0,0.599999845,0.599999845,0.599999845,0.599999845,-0.599999845,-0.599999845,-0.599999845,-0.599999845
14.45016003,0.929951847,-0.318236679,-0.008394337,0.183969632,-0.641085051,0.101654063,0.356836454,2.487293243,-0.057892602,0.29281944,0.592613004,0,0,0.592612863,0.592612863,0.592612863,0.592612863,-0.592612863,-0.592612863,-0.592612863,-0.592612863
14.50021005,0.945112109,-0.265684396,0.003031993,0.190172911,-0.528144077,0.106987077,0.368178077,3.062690258,-0.026314029,0.307589829,0.57063391,0,0,0.570633769,0.570633769,0.570633769,0.570633769,-0.570633769,-0.570633769,-0.570633769,-0.570633769
14.55016994,0.971296966,-0.128991202,0.032998439,0.197116017,-0.241494342,0.115209713,0.386449249,3.969381809,0.019178616,0.16873917,0.534603915,0,0,0.534603775,0.534603775,0.534603775,0.534603775,-0.534603775,-0.534603775,-0.534603775,-0.534603775
14.60016012,0.978712857,-0.02782822,0.054426435,0.19592014,-0.033382361,0.117711545,0.393172814,4.280497551,0.043433368,0.110921048,0.485410197,0,0,0.485410094,0.485410094,0.485410094,0.485410094,-0.485410094,-0.485410094,-0.485410094,-0.485410094
14.65013003,0.976890624,0.057561472,0.072642647,0.19259955,0.141938542,0.120043299,0.397862251,4.432723522,0.090644963,0.108317822,0.424264069,0,0,0.424263984,0.424263984,0.424263984,0.424263984,-0.424263984,-0.424263984,-0.424263984,-0.424263984
14.70016003,0.96730727,0.143947095,0.091324516,0.187765777,0.320620599,0.12293041,0.403356984,4.443348408,0.118248023,0.114817753,0.352671151,0,0,0.352671087,0.352671087,0.352671087,0.352671087,-0.352671087,-0.352671087,-0.352671087,-0.352671087
14.75005007,0.950310707,0.227931097,0.109496526,0.181569859,0.496934232,0.125671123,0.409500032,4.301656246,0.125892326,0.093292892,0.2723943,0,0,0.27239424,0.27239424,0.27239424,0.27239424,-0.27239424,-0.27239424,-0.27239424,-0.27239424
14.80022001,0.913835406,0.344680309,0.127112284,0.173040375,0.745446751,0.113274255,0.418611298,3.802387238,-0.328892201,0.484448284,0.185410197,0,0,0.185410157,0.185410157,0.185410157,0.185410157,-0.185410157,-0.185410157,-0.185410157,-0.185410157
14.85033011,0.868298471,0.447310925,0.133425221,0.167834893,0.969020491,0.081647742,0.424867202,3.62868762,-0.198296398,0.444103092,0.093860679,0,0,0.093860656,0.093860656,0.093860656,0.093860656,-0.093860656,-0.093860656,-0.093860656,-0.093860656
14.90014005,0.825966716,0.52132386,0.1395244,0.162891835,1.139246663,0.060683435,0.428300686,3.221495152,-0.121613197,0.366674662,-1.46E-13,0,0,-1.46E-13,-1.46E-13,-1.46E-13,-1.46E-13,1.46E-13,1.46E-13,1.46E-13,1.46E-13
14.95019007,0.775737047,0.593689859,0.145131841,0.157166839,1.314885599,0.03856112,0.429566107,2.698194981,-0.083653785,0.337640822,-0.093860679,0,0,-0.093860656,-0.093860656,-0.093860656,-0.093860656,0.093860656,0.093860656,0.093860656,0.093860656
15.00042009,0.744993389,0.631982565,0.147584662,0.15427798,1.412452953,0.024899779,0.429639532,2.263320684,-0.053376034,0.326680869,-0.185410197,0,0,-0.093860656,-0.093860656,-0.093860656,-0.093860656,0.093860656,0.093860656,0.093860656,0.093860656
15.05026007,0.71803236,0.66269362,0.148561567,0.152303696,1.493179814,0.0114829,0.428653898,1.799958587,-0.036433369,0.332195669,-0.2723943,0,0,-0.185410157,-0.185410157,-0.185410157,-0.185410157,0.185410157,0.185410157,0.185410157,0.185410157
15.10036993,0.695083916,0.686924279,0.148360431,0.151600972,1.558547276,-0.002030878,0.427477151,1.434904337,-0.036387172,0.330395401,-0.352671151,0,0,-0.352671087,-0.352671087,-0.352671087,-0.352671087,0.352671087,0.352671087,0.352671087,0.352671087
15.15050006,0.672179461,0.709602594,0.146589175,0.152153194,1.610026872,-0.015593986,0.425771741,1.131711483,-0.016394263,0.325008631,-0.424264069,0,0,-0.424263984,-0.424263984,-0.424263984,-0.424263984,0.424263984,0.424263984,0.424263984,0.424263984
15.20014,0.650300741,0.730119407,0.139510378,0.156753615,1.676184512,-0.04746812,0.420319301,0.338424027,-0.023970012,0.382263273,-0.485410197,0,0,-0.485410094,-0.485410094,-0.485410094,-0.485410094,0.485410094,0.485410094,0.485410094,0.485410094
15.25050998,0.647834897,0.732337356,0.133663967,0.161635026,1.67959854,-0.063601241,0.418095548,-0.109517589,-0.003215671,0.42483291,-0.534603915,0,0,-0.534603775,-0.534603775,-0.534603775,-0.534603775,0.534603775,0.534603775,0.534603775,0.534603775
15.30022001,0.652061403,0.728468835,0.125613064,0.16843608,1.664133168,-0.081676769,0.415905609,-0.682425678,0.014094266,0.468271315,-0.57063391,0,0,-0.570633769,-0.570633769,-0.570633769,-0.570633769,0.570633769,0.570633769,0.570633769,0.570633769
15.35048008,0.668525577,0.712945342,0.11218027,0.179439172,1.612795234,-0.106068625,0.41384863,-1.33568418,-0.013852127,0.487935096,-0.592613004,0,0,-0.592612863,-0.592612863,-0.592612863,-0.592612863,0.592612863,0.592612863,0.592612863,0.592612863
15.40038013,0.690584242,0.691120028,0.099875927,0.188338593,1.545850313,-0.122691233,0.412821758,-1.963437319,-0.049312469,0.364897788,-0.6,0,0,-0.599999845,-0.599999845,-0.599999845,-0.599999845,0.599999845,0.599999845,0.599999845,0.599999845
15.45047998,0.719111323,0.660647094,0.086282514,0.197432876,1.457286729,-0.137203499,0.413407742,-2.434759617,0.00521765,0.34787488,-0.592613004,0,0,-0.592612863,-0.592612863,-0.592612863,-0.592612863,0.592612863,0.592612863,0.592612863,0.592612863
15.5002501,0.814078748,0.534540117,0.043640077,0.222796351,1.1254348,-0.167922318,0.428209942,-4.068099022,0.09394554,0.277513742,-0.57063391,0,0,-0.570633769,-0.570633769,-0.570633769,-0.570633769,0.570633769,0.570633769,0.570633769,0.570633769
15.55013013,0.854744852,0.463895291,0.02347447,0.231649056,0.955269281,-0.175694978,0.438203364,-4.087652206,0.161033824,0.402828574,-0.534603915,0,0,-0.534603775,-0.534603775,-0.534603775,-0.534603775,0.534603775,0.534603775,0.534603775,0.534603775
15.60010004,0.88474673,0.399588585,0.003513531,0.239874855,0.805635719,-0.186565728,0.449827411,-3.419067144,0.012537131,0.403608888,-0.485410197,0,0,-0.485410094,-0.485410094,-0.485410094,-0.485410094,0.485410094,0.485410094,0.485410094,0.485410094
15.64982009,0.906654477,0.341943026,-0.013729892,0.246707037,0.675262515,-0.194846549,0.462753387,-3.099145651,0.164641112,0.34547314,-0.424264069,0,0,-0.424263984,-0.424263984,-0.424263984,-0.424263984,0.424263984,0.424263984,0.424263984,0.424263984
15.70034003,0.927958548,0.274755657,-0.031931218,0.249765992,0.527987657,-0.197798112,0.472223312,-2.986341,0.081322536,0.092686199,-0.352671151,0,0,-0.352671087,-0.352671087,-0.352671087,-0.352671087,0.352671087,0.352671087,0.352671087,0.352671087
15.75011992,0.943139791,0.213520065,-0.047601759,0.250261456,0.396812098,-0.197952134,0.478820445,-3.423723459,-0.007437191,0.189408451,-0.2723943,0,0,-0.352671087,-0.352671087,-0.352671087,-0.352671087,0.352671087,0.352671087,0.352671087,0.352671087
15.80049992,0.961615205,0.067834392,-0.085044079,0.251917481,0.08949714,-0.199048444,0.503488418,-3.946850061,0.065636165,0.298285961,-0.185410197,0,0,-0.27239424,-0.27239424,-0.27239424,-0.27239424,0.27239424,0.27239424,0.27239424,0.27239424
15.85018992,0.961953223,-0.027631957,-0.108885802,0.249050915,-0.109735731,-0.196994214,0.517531788,-3.900041342,0.031504899,0.250020891,-0.093860679,0,0,-0.093860656,-0.093860656,-0.093860656,-0.093860656,0.093860656,0.093860656,0.093860656,0.093860656
15.90016007,0.95595175,-0.10079781,-0.126824856,0.244768664,-0.262701604,-0.194353817,0.527079861,-3.694018841,0.017134162,0.230969578,1.74E-13,0,0,1.74E-13,1.74E-13,1.74E-13,1.74E-13,-1.74E-13,-1.74E-13,-1.74E-13,-1.74E-13
15.95019007,0.945497632,-0.168093517,-0.143146902,0.239349082,-0.404516697,-0.191390322,0.535237179,-3.328168869,0.009443636,0.205072582,0.093860679,0,0,0.093860656,0.093860656,0.093860656,0.093860656,-0.093860656,-0.093860656,-0.093860656,-0.093860656
16.00019002,0.932528257,-0.227308616,-0.150830984,0.236584008,-0.527022598,-0.174639487,0.54414557,-2.757568598,0.338274181,0.40988782,0.185410197,0,0,0.185410157,0.185410157,0.185410157,0.185410157,-0.185410157,-0.185410157,-0.185410157,-0.185410157
16.05061007,0.915608823,-0.288227171,-0.155142054,0.233488083,-0.65237709,-0.150066235,0.55022172,-2.193622351,0.348023772,0.358596146,0.2723943,0,0,0.27239424,0.27239424,0.27239424,0.27239424,-0.27239424,-0.27239424,-0.27239424,-0.27239424
16.10042,0.890598059,-0.359685004,-0.157857358,0.22922264,-0.800792836,-0.11654264,0.553199646,-1.545681953,0.261009663,0.269792408,0.352671151,0,0,0.352671087,0.352671087,0.352671087,0.352671087,-0.352671087,-0.352671087,-0.352671087,-0.352671087
16.15021014,0.879784822,-0.386244804,-0.157951459,0.227695346,-0.856412576,-0.102212164,0.55318952,-1.271864057,0.232567757,0.224916011,0.424264069,0,0,0.424263984,0.424263984,0.424263984,0.424263984,-0.424263984,-0.424263984,-0.424263984,-0.424263984
16.20041013,0.867935836,-0.413613647,-0.155568048,0.226737291,-0.912805362,-0.082576701,0.551614193,-0.647735655,0.206292436,0.219287723,0.485410197,0,0,0.485410094,0.485410094,0.485410094,0.485410094,-0.485410094,-0.485410094,-0.485410094,-0.485410094
16.25010014,0.864347458,-0.422027379,-0.151845962,0.227462336,-0.928341788,-0.070563222,0.549991561,-0.182393208,0.203049913,0.195711106,0.534603915,0,0,0.534603775,0.534603775,0.534603775,0.534603775,-0.534603775,-0.534603775,-0.534603775,-0.534603775
16.30027008,0.865195155,-0.421140581,-0.146278456,0.229522929,-0.922829549,-0.059831663,0.548378933,0.408130109,0.189527124,0.181918606,0.57063391,0,0,0.570633769,0.570633769,0.570633769,0.570633769,-0.570633769,-0.570633769,-0.570633769,-0.570633769
16.35035014,0.871402204,-0.408850312,-0.13830474,0.233177364,-0.891527965,-0.050390144,0.547008407,1.173580885,0.158957452,0.134993419,0.592613004,0,0,0.592612863,0.592612863,0.592612863,0.592612863,-0.592612863,-0.592612863,-0.592612863,-0.592612863
16.40020013,0.904030383,-0.332013786,-0.109989889,0.245761037,-0.713891725,-0.035683858,0.544179876,2.741874456,0.126334518,0.049150828,0.6,0,0,0.599999845,0.599999845,0.599999845,0.599999845,-0.599999845,-0.599999845,-0.599999845,-0.599999845
16.45033002,0.922615707,-0.277051419,-0.092178009,0.252043754,-0.591911246,-0.030436296,0.542635015,3.297960758,0.145619795,0.029031269,0.592613004,0,0,0.592612863,0.592612863,0.592612863,0.592612863,-0.592612863,-0.592612863,-0.592612863,-0.592612863
16.50015998,0.940108001,-0.211193711,-0.071307309,0.257894188,-0.448935182,-0.025144532,0.541216427,3.778818369,0.137443602,0.023562552,0.57063391,0,0,0.570633769,0.570633769,0.570633769,0.570633769,-0.570633769,-0.570633769,-0.570633769,-0.570633769
16.55035996,0.954056978,-0.136477724,-0.04803881,0.262376577,-0.289716917,-0.02004775,0.539678347,4.157589436,0.135043114,-0.021116531,0.534603915,0,0,0.534603775,0.534603775,0.534603775,0.534603775,-0.534603775,-0.534603775,-0.534603775,-0.534603775
16.60016012,0.963524282,-0.033781633,-0.016485019,0.264968395,-0.073909216,-0.013865742,0.537243557,4.437958717,0.141797945,-0.047399353,0.485410197,0,0,0.485410094,0.485410094,0.485410094,0.485410094,-0.485410094,-0.485410094,-0.485410094,-0.485410094
16.65021014,0.962964475,0.052766886,0.010003712,0.264225423,0.107120452,-0.008618373,0.53513134,4.571105957,0.162726775,-0.077754684,0.424264069,0,0,0.424263984,0.424263984,0.424263984,0.424263984,-0.424263984,-0.424263984,-0.424263984,-0.424263984
16.70020008,0.942657828,0.205012217,0.057399344,0.25704366,0.429067167,0.002821704,0.533030362,4.563359737,0.144800574,-0.085258946,0.352671151,0,0,0.352671087,0.352671087,0.352671087,0.352671087,-0.352671087,-0.352671087,-0.352671087,-0.352671087
16.75002003,0.907189548,0.328251123,0.095618159,0.245184883,0.697770051,0.012523487,0.532480069,4.367409706,0.109046496,-0.097755089,0.2723943,0,0,0.27239424,0.27239424,0.27239424,0.27239424,-0.27239424,-0.27239424,-0.27239424,-0.27239424
16.80027008,0.87636292,0.403198749,0.11874906,0.235196605,0.867455605,0.018473643,0.532955107,4.151375771,0.102321528,-0.103678271,0.185410197,0,0,0.185410157,0.185410157,0.185410157,0.185410157,-0.185410157,-0.185410157,-0.185410157,-0.185410157
16.85023999,0.84173733,0.470858574,0.139825225,0.224097252,1.02671081,0.024358402,0.534125775,3.837259293,0.109210275,-0.107214257,0.093860679,0,0,0.093860656,0.093860656,0.093860656,0.093860656,-0.093860656,-0.093860656,-0.093860656,-0.093860656
16.90015006,0.805147529,0.530478954,0.158707917,0.21246545,1.173438026,0.030154237,0.536052921,3.380860806,0.079135083,-0.119942784,-2.01E-13,0,0,-2.01E-13,-2.01E-13,-2.01E-13,-2.01E-13,2.01E-13,2.01E-13,2.01E-13,2.01E-13
16.95021009,0.750106394,0.604994297,0.182311654,0.195153058,1.367774968,0.037382009,0.539520963,2.989830256,0.091680348,-0.101043515,-0.093860679,0,0,-0.093860656,-0.093860656,-0.093860656,-0.093860656,0.093860656,0.093860656,0.093860656,0.093860656
17.00022006,0.716104686,0.644211471,0.195138261,0.184680745,1.476751219,0.041543875,0.54260375,2.508343935,0.072457761,-0.096239306,-0.185410197,0,0,-0.185410157,-0.185410157,-0.185410157,-0.185410157,0.185410157,0.185410157,0.185410157,0.185410157
17.05022001,0.659618855,0.700541496,0.214145407,0.168185905,1.64417582,0.046883451,0.549764807,1.707541227,0.062040295,-0.043103136,-0.2723943,0,0,-0.185410157,-0.185410157,-0.185410157,-0.185410157,0.185410157,0.185410157,0.185410157,0.185410157
17.10016012,0.634203374,0.722921669,0.221833929,0.161122009,1.71511726,0.048437395,0.553563433,1.19611156,0.092666626,-0.031808026,-0.352671151,0,0,-0.352671087,-0.352671087,-0.352671087,-0.352671087,0.352671087,0.352671087,0.352671087,0.352671087
17.1501801,0.618398726,0.735920072,0.226733282,0.156833649,1.758091054,0.049609427,0.55664015,0.88118118,0.066105291,-0.048485406,-0.424264069,0,0,-0.424263984,-0.424263984,-0.424263984,-0.424263984,0.424263984,0.424263984,0.424263984,0.424263984
17.20007014,0.607838511,0.744110286,0.230532512,0.153905421,1.786435224,0.051230275,0.559637548,0.517707348,0.074652605,-0.064285122,-0.485410197,0,0,-0.485410094,-0.485410094,-0.485410094,-0.485410094,0.485410094,0.485410094,0.485410094,0.485410094
17.25020003,0.603196621,0.747389913,0.232947722,0.152635306,1.798795309,0.052895042,0.562247821,0.073019423,0.077714771,-0.079487264,-0.534603915,0,0,-0.534603775,-0.534603775,-0.534603775,-0.534603775,0.534603775,0.534603775,0.534603775,0.534603775
17.30016994,0.607064664,0.743620992,0.234200642,0.153787613,1.788490082,0.055659193,0.565526906,-0.525301754,0.059355058,-0.079548366,-0.57063391,0,0,-0.570633769,-0.570633769,-0.570633769,-0.570633769,0.570633769,0.570633769,0.570633769,0.570633769
17.35054994,0.641741931,0.712814093,0.230911851,0.163533866,1.694203816,0.063275345,0.570637182,-1.79927218,0.04758317,-0.129918858,-0.592613004,0,0,-0.592612863,-0.592612863,-0.592612863,-0.592612863,0.592612863,0.592612863,0.592612863,0.592612863
17.40029001,0.672866166,0.68276906,0.226531282,0.172514766,1.605867535,0.069330493,0.573767048,-2.494717836,0.077179939,-0.18436493,-0.6,0,0,-0.599999845,-0.599999845,-0.599999845,-0.599999845,0.599999845,0.599999845,0.599999845,0.599999845
17.45014,0.721498787,0.630032837,0.218003169,0.187010273,1.459150337,0.079015004,0.577890242,-3.285391569,0.108281814,-0.193825901,-0.592613004,0,0,-0.592612863,-0.592612863,-0.592612863,-0.592612863,0.592612863,0.592612863,0.592612863,0.592612863
17.50016999,0.765573561,0.574688256,0.207307994,0.201628268,1.313518268,0.085777391,0.581186472,-3.905575752,0.108033106,-0.115362279,-0.57063391,0,0,-0.570633769,-0.570633769,-0.570633769,-0.570633769,0.570633769,0.570633769,0.570633769,0.570633769
17.55080009,0.810367405,0.508350492,0.192688629,0.218530759,1.147714643,0.090239138,0.585161925,-4.288544655,0.148053408,-0.053011131,-0.534603915,0,0,-0.534603775,-0.534603775,-0.534603775,-0.534603775,0.534603775,0.534603775,0.534603775,0.534603775
17.60029006,0.849680245,0.43821758,0.16861923,0.239951417,0.97556781,0.076317038,0.590973147,-3.90775013,-0.403504252,0.749252141,-0.485410197,0,0,-0.534603775,-0.534603775,-0.534603775,-0.534603775,0.534603775,0.534603775,0.534603775,0.534603775
17.65049005,0.918583155,0.243752196,0.089224868,0.29804194,0.524852806,0.018625238,0.632487036,-4.656069279,-0.017249685,0.683863759,-0.424264069,0,0,-0.424263984,-0.424263984,-0.424263984,-0.424263984,0.424263984,0.424263984,0.424263984,0.424263984
17.70026994,0.933021307,0.160168245,0.056747492,0.317170829,0.341479014,0.004291861,0.656108607,-4.589428902,-0.038863938,0.670845926,-0.352671151,0,0,-0.352671087,-0.352671087,-0.352671087,-0.352671087,0.352671087,0.352671087,0.352671087,0.352671087
17.75032997,0.939677715,0.075412922,0.024785439,0.332722992,0.158889756,-0.003602584,0.680326653,-4.541520119,-0.027093442,0.596446812,-0.2723943,0,0,-0.27239424,-0.27239424,-0.27239424,-0.27239424,0.27239424,0.27239424,0.27239424,0.27239424
17.80028009,0.937918007,-0.029509775,-0.01460873,0.345290899,-0.06549243,-0.007024724,0.705726744,-4.419901371,-0.041727938,0.450700611,-0.185410197,0,0,-0.185410157,-0.185410157,-0.185410157,-0.185410157,0.185410157,0.185410157,0.185410157,0.185410157
17.85045004,0.928985655,-0.109561451,-0.044817369,0.350675821,-0.237218135,-0.006428326,0.722656705,-4.179764271,-0.055338696,0.394197971,-0.093860679,0,0,-0.093860656,-0.093860656,-0.093860656,-0.093860656,0.093860656,0.093860656,0.093860656,0.093860656
17.90023994,0.914300263,-0.184226006,-0.073470458,0.353154421,-0.399298393,-0.004227674,0.738060809,-3.883968353,-0.084576346,0.368409514,2.25E-13,0,0,2.25E-13,2.25E-13,2.25E-13,2.25E-13,-2.25E-13,-2.25E-13,-2.25E-13,-2.25E-13
17.95024014,0.874356806,-0.309943706,-0.123718962,0.352319151,-0.680499265,0.002049175,0.765362583,-3.131441355,-0.121698096,0.282363564,0.093860679,0,0,0.093860656,0.093860656,0.093860656,0.093860656,-0.093860656,-0.093860656,-0.093860656,-0.093860656
18.00016999,0.847476184,-0.370636135,-0.149498671,0.349375844,-0.822257714,0.005589525,0.779614573,-2.599951744,-0.156288117,0.216374919,0.185410197,0,0,0.185410157,0.185410157,0.185410157,0.185410157,-0.185410157,-0.185410157,-0.185410157,-0.185410157
18.05014992,0.827351213,-0.409296304,-0.16654864,0.346739382,-0.915370399,0.008249949,0.789654492,-2.137578487,-0.148967087,0.185851261,0.2723943,0,0,0.27239424,0.27239424,0.27239424,0.27239424,-0.27239424,-0.27239424,-0.27239424,-0.27239424
18.10015011,0.809173405,-0.440426081,-0.18088825,0.344300508,-0.992451104,0.010538118,0.798876846,-1.758982301,-0.151051715,0.157236427,0.352671151,0,0,0.352671087,0.352671087,0.352671087,0.352671087,-0.352671087,-0.352671087,-0.352671087,-0.352671087
18.15021992,0.79324317,-0.465260595,-0.192836285,0.342216402,-1.055569712,0.012507808,0.807290572,-1.430422783,-0.152644575,0.133387074,0.424264069,0,0,0.424263984,0.424263984,0.424263984,0.424263984,-0.424263984,-0.424263984,-0.424263984,-0.424263984
18.20027995,0.777766228,-0.487250835,-0.204213873,0.340533525,-1.113179776,0.014189657,0.816554686,-0.924009264,-0.139446586,0.111492746,0.485410197,0,0,0.485410094,0.485410094,0.485410094,0.485410094,-0.485410094,-0.485410094,-0.485410094,-0.485410094
18.25011015,0.769673407,-0.497326016,-0.210229322,0.340695679,-1.140665619,0.015258401,0.823661771,-0.436671138,-0.145229742,0.06980972,0.534603915,0,0,0.534603775,0.534603775,0.534603775,0.534603775,-0.534603775,-0.534603775,-0.534603775,-0.534603775
18.30035996,0.769947231,-0.492248803,-0.211640283,0.346526891,-1.130896746,0.015251784,0.836138864,0.712754607,-0.137233779,0.036562242,0.57063391,0,0,0.570633769,0.570633769,0.570633769,0.570633769,-0.570633769,-0.570633769,-0.570633769,-0.570633769
18.35023999,0.787079811,-0.461061001,-0.200882003,0.357176214,-1.053903632,0.013140082,0.844372388,1.775213122,-0.133058518,0.017254813,0.592613004,0,0,0.592612863,0.592612863,0.592612863,0.592612863,-0.592612863,-0.592612863,-0.592612863,-0.592612863
18.40026999,0.80588448,-0.4254466,-0.18680051,0.366948068,-0.966434773,0.011154585,0.848711715,2.498732805,-0.114824057,-0.000895561,0.6,0,0,0.599999845,0.599999845,0.599999845,0.599999845,-0.599999845,-0.599999845,-0.599999845,-0.599999845
18.45007992,0.828638256,-0.377811313,-0.16714932,0.377728522,-0.851756005,0.00840767,0.851589723,3.142580032,-0.097093232,-0.028145384,0.592613004,0,0,0.592612863,0.592612863,0.592612863,0.592612863,-0.592612863,-0.592612863,-0.592612863,-0.592612863
18.50011015,0.852584183,-0.319164246,-0.14229168,0.388571352,-0.71394329,0.005404919,0.853246758,3.703040838,-0.074206561,-0.028227372,0.57063391,0,0,0.570633769,0.570633769,0.570633769,0.570633769,-0.570633769,-0.570633769,-0.570633769,-0.570633769
18.55069995,0.879851282,-0.232509434,-0.104667522,0.401055962,-0.515653858,0.002314885,0.854760196,4.211260796,-0.059782237,-0.002458703,0.534603915,0,0,0.534603775,0.534603775,0.534603775,0.534603775,-0.534603775,-0.534603775,-0.534603775,-0.534603775
18.60019994,0.906315386,-0.072154723,-0.033714414,0.415029615,-0.159449718,-0.00121909,0.85895634,4.630239487,-0.047290593,0.065680973,0.485410197,0,0,0.485410094,0.485410094,0.485410094,0.485410094,-0.485410094,-0.485410094,-0.485410094,-0.485410094
18.65054011,0.908484936,0.013244529,0.004974414,0.417678028,0.028224123,-0.002025539,0.861839957,4.755207539,-0.013543748,0.067883387,0.424264069,0,0,0.424263984,0.424263984,0.424263984,0.424263984,-0.424263984,-0.424263984,-0.424263984,-0.424263984
18.70020008,0.89974314,0.120354831,0.05472606,0.415911436,0.265197156,-0.001635107,0.86577978,4.719704151,0.034650616,0.074942105,0.352671151,0,0,0.352671087,0.352671087,0.352671087,0.352671087,-0.352671087,-0.352671087,-0.352671087,-0.352671087
18.75051999,0.883902788,0.203335598,0.09365049,0.410609365,0.451555662,-0.001427143,0.869433132,4.599339962,0.047724962,0.094330095,0.2723943,0,0,0.27239424,0.27239424,0.27239424,0.27239424,-0.27239424,-0.27239424,-0.27239424,-0.27239424
18.80048013,0.86096555,0.282044441,0.130870879,0.402569771,0.632336487,-0.001734496,0.874185413,4.417415619,0.081385352,0.103512183,0.185410197,0,0,0.185410157,0.185410157,0.185410157,0.185410157,-0.185410157,-0.185410157,-0.185410157,-0.185410157
18.85038996,0.834254265,0.350221187,0.170866191,0.390089571,0.800498901,0.011856708,0.879787896,3.909056187,0.200271681,-0.00450315,0.093860679,0,0,0.093860656,0.093860656,0.093860656,0.093860656,-0.093860656,-0.093860656,-0.093860656,-0.093860656
18.90038013,0.765549719,0.475497931,0.233474687,0.365137488,1.116527073,0.010228895,0.896482831,3.20204854,0.108888283,0.163122714,-2.52E-13,0,0,-2.52E-13,-2.52E-13,-2.52E-13,-2.52E-13,2.52E-13,2.52E-13,2.52E-13,2.52E-13
18.95029998,0.734238386,0.520020962,0.254709095,0.354395002,1.235119733,0.005448755,0.903245716,2.77069664,0.12694101,0.173434213,-0.093860679,0,0,-0.093860656,-0.093860656,-0.093860656,-0.093860656,0.093860656,0.093860656,0.093860656,0.093860656
19.00013995,0.704158425,0.557652056,0.272663206,0.34473151,1.339378379,-0.000484283,0.910146635,2.437872887,0.133314207,0.184353724,-0.185410197,0,0,-0.185410157,-0.185410157,-0.185410157,-0.185410157,0.185410157,0.185410157,0.185410157,0.185410157
19.05009007,0.664518178,0.601020575,0.293364167,0.333357811,1.465170296,-0.010818373,0.920206875,1.757953167,0.149452031,0.216514781,-0.2723943,0,0,-0.27239424,-0.27239424,-0.27239424,-0.27239424,0.27239424,0.27239424,0.27239424,0.27239424
19.10030007,0.642889678,0.622038245,0.302980363,0.328579009,1.528232998,-0.019212705,0.926559633,1.418203354,0.155443788,0.218182191,-0.352671151,0,0,-0.352671087,-0.352671087,-0.352671087,-0.352671087,0.352671087,0.352671087,0.352671087,0.352671087
19.15063,0.624705493,0.638399363,0.310221642,0.325503051,1.578381395,-0.028011204,0.932467083,1.103426576,0.123436071,0.234120458,-0.424264069,0,0,-0.424263984,-0.424263984,-0.424263984,-0.424263984,0.424263984,0.424263984,0.424263984,0.424263984
19.20025015,0.599603832,0.658425808,0.316382021,0.326884151,1.638179217,-0.051072371,0.943616538,0.202103719,0.131670386,0.286171585,-0.485410197,0,0,-0.485410094,-0.485410094,-0.485410094,-0.485410094,0.485410094,0.485410094,0.485410094,0.485410094
19.25021005,0.596821189,0.659337461,0.313833266,0.332546622,1.637416133,-0.063959804,0.948336996,-0.222380489,0.147842661,0.323901355,-0.534603915,0,0,-0.534603775,-0.534603775,-0.534603775,-0.534603775,0.534603775,0.534603775,0.534603775,0.534603775
19.30023003,0.600655437,0.654165208,0.306708336,0.342361063,1.614954354,-0.079553204,0.952963573,-0.818875611,0.136799395,0.416673034,-0.57063391,0,0,-0.570633769,-0.570633769,-0.570633769,-0.570633769,0.570633769,0.570633769,0.570633769,0.570633769
19.35039997,0.610573947,0.642862976,0.295657694,0.355686963,1.572175249,-0.09642353,0.958416141,-1.18640542,0.196624622,0.368213058,-0.592613004,0,0,-0.592612863,-0.592612863,-0.592612863,-0.592612863,0.592612863,0.592612863,0.592612863,0.592612863
19.40030003,0.624424398,0.626882493,0.28148964,0.37131691,1.514838487,-0.114254544,0.964913757,-1.596473098,0.180616349,0.480882496,-0.6,0,0,-0.599999845,-0.599999845,-0.599999845,-0.599999845,0.599999845,0.599999845,0.599999845,0.599999845
19.45022011,0.64548558,0.600843489,0.259000331,0.394023597,1.425056379,-0.139583852,0.975465396,-1.982181072,0.14591603,0.576799929,-0.592613004,0,0,-0.599999845,-0.599999845,-0.599999845,-0.599999845,0.599999845,0.599999845,0.599999845,0.599999845
19.50028014,0.686941326,0.540878117,0.20798251,0.438526899,1.229836714,-0.189772646,1.002088996,-2.963273048,0.19586359,0.662046134,-0.57063391,0,0,-0.570633769,-0.570633769,-0.570633769,-0.570633769,0.570633769,0.570633769,0.570633769,0.570633769
19.55012012,0.712672293,0.499135911,0.178405344,0.459492505,1.106807187,-0.205860197,1.017887252,-3.088977098,0.633347869,0.128216624,-0.534603915,0,0,-0.534603775,-0.534603775,-0.534603775,-0.534603775,0.534603775,0.534603775,0.534603775,0.534603775
19.60025001,0.746843457,0.442907393,0.1542667,0.471444607,0.964110951,-0.188297122,1.027427692,-2.944609165,0.371506959,-0.284134507,-0.485410197,0,0,-0.534603775,-0.534603775,-0.534603775,-0.534603775,0.534603775,0.534603775,0.534603775,0.534603775
19.65014005,0.774389207,0.391628504,0.132490352,0.478952169,0.839463903,-0.170773225,1.031452516,-3.23719573,0.325010896,-0.322570831,-0.424264069,0,0,-0.424263984,-0.424263984,-0.424263984,-0.424263984,0.424263984,0.424263984,0.424263984,0.424263984
19.70024014,0.800847232,0.335532814,0.106555998,0.484466255,0.705541604,-0.155059063,1.030903615,-3.653208256,0.234538391,-0.201047152,-0.352671151,0,0,-0.352671087,-0.352671087,-0.352671087,-0.352671087,0.352671087,0.352671087,0.352671087,0.352671087
19.75012994,0.824279368,0.272351146,0.075395703,0.490615904,0.556707535,-0.143436688,1.032718909,-3.786604881,0.236903295,-0.079477131,-0.2723943,0,0,-0.27239424,-0.27239424,-0.27239424,-0.27239424,0.27239424,0.27239424,0.27239424,0.27239424
19.80027008,0.851580381,0.152372867,0.014682451,0.501376033,0.280155563,-0.128135967,1.046135246,-3.971588612,0.300337881,0.192081973,-0.185410197,0,0,-0.185410157,-0.185410157,-0.185410157,-0.185410157,0.185410157,0.185410157,0.185410157,0.185410157
19.85014009,0.859501183,0.031541049,-0.046798576,0.508008778,0.006713628,-0.112731728,1.067247472,-3.766090393,0.236913696,0.304094315,-0.093860679,0,0,-0.093860656,-0.093860656,-0.093860656,-0.093860656,0.093860656,0.093860656,0.093860656,0.093860656
19.90021992,0.856333971,-0.03357169,-0.07979884,0.509114087,-0.139941361,-0.102665538,1.079973378,-3.551147938,0.231374845,0.346577585,2.80E-13,0,0,2.80E-13,2.80E-13,2.80E-13,2.80E-13,-2.80E-13,-2.80E-13,-2.80E-13,-2.80E-13
19.95024014,0.846254528,-0.108534016,-0.117658667,0.508163691,-0.309390545,-0.088949494,1.095432842,-3.192599058,0.177408516,0.364408135,0.093860679,0,0,0.093860656,0.093860656,0.093860656,0.093860656,-0.093860656,-0.093860656,-0.093860656,-0.093860656
20.00024009,0.834800005,-0.161955222,-0.144660905,0.505917966,-0.431281961,-0.077731967,1.10672539,-2.883320093,0.142563432,0.354120135,0.185410197,0,0,0.185410157,0.185410157,0.185410157,0.185410157,-0.185410157,-0.185410157,-0.185410157,-0.185410157
20.05032992,0.821660042,-0.208639771,-0.168366402,0.5029881,-0.539119937,-0.066843008,1.11710072,-2.504751205,0.109749474,0.352857858,0.2723943,0,0,0.27239424,0.27239424,0.27239424,0.27239424,-0.27239424,-0.27239424,-0.27239424,-0.27239424
20.10021996,0.807790697,-0.248728707,-0.188501492,0.500075519,-0.63265964,-0.055802178,1.126910609,-2.147176266,0.091686212,0.347466439,0.352671151,0,0,0.352671087,0.352671087,0.352671087,0.352671087,-0.352671087,-0.352671087,-0.352671087,-0.352671087
20.15021992,0.77818042,-0.316507578,-0.220713198,0.495523959,-0.791849863,-0.029839627,1.146514147,-1.406867266,0.079319678,0.329903722,0.424264069,0,0,0.424263984,0.424263984,0.424263984,0.424263984,-0.424263984,-0.424263984,-0.424263984,-0.424263984
20.20027995,0.767585456,-0.336810976,-0.228989363,0.494908899,-0.838801701,-0.018157308,1.15346209,-1.006888151,0.071518891,0.32037431,0.485410197,0,0,0.485410094,0.485410094,0.485410094,0.485410094,-0.485410094,-0.485410094,-0.485410094,-0.485410094
20.25008011,0.759459615,-0.350466818,-0.232847378,0.49616161,-0.868566553,-0.005900032,1.16013196,-0.542858422,0.071615726,0.342946559,0.534603915,0,0,0.534603775,0.534603775,0.534603775,0.534603775,-0.534603775,-0.534603775,-0.534603775,-0.534603775
20.30021,0.753951371,-0.35695374,-0.230533674,0.50099498,-0.877717288,0.010041869,1.168278154,0.162901729,0.086273998,0.363603979,0.57063391,0,0,0.570633769,0.570633769,0.570633769,0.570633769,-0.570633769,-0.570633769,-0.570633769,-0.570633769
20.35038996,0.75377363,-0.352306932,-0.222036928,0.508335352,-0.858810406,0.023451122,1.175918548,0.828289449,0.063415639,0.387505531,0.592613004,0,0,0.592612863,0.592612863,0.592612863,0.592612863,-0.592612863,-0.592612863,-0.592612863,-0.592612863
20.40019011,0.757794857,-0.33743456,-0.206413776,0.518920481,-0.812696713,0.037373504,1.184788679,1.467947841,0.059121136,0.423481584,0.6,0,0,0.592612863,0.592612863,0.592612863,0.592612863,-0.592612863,-0.592612863,-0.592612863,-0.592612863
20.45045996,0.78071785,-0.254074544,-0.133633494,0.55503875,-0.578224628,0.073448334,1.214197089,3.048566818,0.124121778,0.459602863,0.592613004,0,0,0.592612863,0.592612863,0.592612863,0.592612863,-0.592612863,-0.592612863,-0.592612863,-0.592612863
20.50011992,0.791349471,-0.204415202,-0.092260286,0.568742871,-0.444586356,0.086607354,1.226745382,3.533063889,0.152508661,0.390048832,0.57063391,0,0,0.570633769,0.570633769,0.570633769,0.570633769,-0.570633769,-0.570633769,-0.570633769,-0.570633769
20.55071998,0.800970912,-0.146662742,-0.045624476,0.578665853,-0.29328785,0.096800779,1.236967873,3.95509696,0.115102261,0.256280899,0.534603915,0,0,0.534603775,0.534603775,0.534603775,0.534603775,-0.534603775,-0.534603775,-0.534603775,-0.534603775
20.60022998,0.808153689,-0.082316279,0.005267452,0.583167017,-0.12795261,0.104713371,1.243442943,4.261998177,0.150987491,0.143924281,0.485410197,0,0,0.485410094,0.485410094,0.485410094,0.485410094,-0.485410094,-0.485410094,-0.485410094,-0.485410094
20.65013003,0.811142147,0.00388324,0.072713651,0.580298305,0.091407556,0.113700154,1.247191379,4.490490437,0.157180488,0.038740989,0.424264069,0,0,0.424263984,0.424263984,0.424263984,0.424263984,-0.424263984,-0.424263984,-0.424263984,-0.424263984
20.70007014,0.806789637,0.074858554,0.127961874,0.571937501,0.272494841,0.121143889,1.249983894,4.545462608,0.218506619,0.023981314,0.352671151,0,0,0.424263984,0.424263984,0.424263984,0.424263984,-0.424263984,-0.424263984,-0.424263984,-0.424263984
20.75035,0.779555738,0.211137936,0.23402603,0.541244447,0.628592747,0.136743945,1.258292084,4.341154099,0.221744522,-0.027856365,0.2723943,0,0,0.27239424,0.27239424,0.27239424,0.27239424,-0.27239424,-0.27239424,-0.27239424,-0.27239424
20.80023003,0.75831455,0.273884475,0.282744467,0.51961726,0.799070573,0.14469261,1.262667389,4.191996098,0.218698621,-0.075087301,0.185410197,0,0,0.185410157,0.185410157,0.185410157,0.185410157,-0.185410157,-0.185410157,-0.185410157,-0.185410157
20.85037994,0.726627052,0.345520288,0.337891906,0.488321453,1.001204185,0.154203271,1.267904402,3.875079155,0.193272531,-0.098295905,0.093860679,0,0,0.093860656,0.093860656,0.093860656,0.093860656,-0.093860656,-0.093860656,-0.093860656,-0.093860656
20.90011001,0.698885739,0.395756245,0.376083493,0.462057561,1.149279984,0.160644466,1.272478738,3.514668465,0.165766269,-0.09155602,-3.08E-13,0,0,0.093860656,0.093860656,0.093860656,0.093860656,-0.093860656,-0.093860656,-0.093860656,-0.093860656
20.95011997,0.671238303,0.438768923,0.408281058,0.436151117,1.281259962,0.166131762,1.276410024,3.026593685,0.205933809,-0.099367149,-0.093860679,0,0,-0.093860656,-0.093860656,-0.093860656,-0.093860656,0.093860656,0.093860656,0.093860656,0.093860656
21.00024009,0.644261122,0.475090772,0.435672373,0.411589772,1.398483723,0.171122444,1.281017293,2.684624195,0.138191402,-0.097109564,-0.185410197,0,0,-0.093860656,-0.093860656,-0.093860656,-0.093860656,0.093860656,0.093860656,0.093860656,0.093860656
21.05051994,0.59404397,0.532890499,0.478778362,0.365938276,1.597634017,0.179787727,1.28887133,1.758109808,0.067556702,-0.08546418,-0.2723943,0,0,-0.27239424,-0.27239424,-0.27239424,-0.27239424,0.27239424,0.27239424,0.27239424,0.27239424
21.10053015,0.577257037,0.549696565,0.491502583,0.350761503,1.659878756,0.182838803,1.291818095,1.387057424,0.056158029,-0.083609708,-0.352671151,0,0,-0.352671087,-0.352671087,-0.352671087,-0.352671087,0.352671087,0.352671087,0.352671087,0.352671087
21.15054011,0.563894212,0.56235081,0.501327395,0.33831352,1.708738891,0.185959333,1.294141788,1.040994644,0.04422294,-0.084504515,-0.424264069,0,0,-0.352671087,-0.352671087,-0.352671087,-0.352671087,0.352671087,0.352671087,0.352671087,0.352671087
21.20022011,0.551775813,0.573345721,0.510765135,0.325480312,1.754378668,0.191600292,1.296023359,0.530523896,1.86E-05,-0.107434407,-0.485410197,0,0,-0.485410094,-0.485410094,-0.485410094,-0.485410094,0.485410094,0.485410094,0.485410094,0.485410094
21.25013995,0.549738884,0.574852288,0.513645589,0.321714818,1.764260136,0.196119674,1.296861541,0.067206472,-0.030961638,-0.13268292,-0.534603915,0,0,-0.534603775,-0.534603775,-0.534603775,-0.534603775,0.534603775,0.534603775,0.534603775,0.534603775
21.30021,0.553546906,0.570976377,0.513395369,0.322485954,1.754707832,0.201473328,1.297066732,-0.521297812,-0.022046274,-0.154796273,-0.57063391,0,0,-0.570633769,-0.570633769,-0.570633769,-0.570633769,0.570633769,0.570633769,0.570633769,0.570633769
21.35038996,0.588611543,0.535004139,0.497621447,0.34594816,1.640196395,0.217351315,1.295554034,-1.513513327,-0.046700265,-0.188374609,-0.592613004,0,0,-0.592612863,-0.592612863,-0.592612863,-0.592612863,0.592612863,0.592612863,0.592612863,0.592612863
21.40015006,0.615296483,0.503868461,0.48306945,0.366293281,1.54459863,0.227286447,1.295387661,-2.65071249,-0.00175983,-0.272872061,-0.6,0,0,-0.599999845,-0.599999845,-0.599999845,-0.599999845,0.599999845,0.599999845,0.599999845,0.599999845
21.45017004,0.646537006,0.462796628,0.463123381,0.391568691,1.423428764,0.238679162,1.295226739,-3.286578178,0.018698778,-0.297729105,-0.592613004,0,0,-0.592612863,-0.592612863,-0.592612863,-0.592612863,0.592612863,0.592612863,0.592612863,0.592612863
21.5002501,0.679879844,0.412181586,0.436922073,0.420676738,1.279350585,0.249911895,1.294563646,-3.837007284,0.033570211,-0.254868984,-0.57063391,0,0,-0.570633769,-0.570633769,-0.570633769,-0.570633769,0.570633769,0.570633769,0.570633769,0.570633769
21.55050993,0.720198095,0.33646059,0.394639134,0.460835278,1.072026864,0.261293983,1.294234199,-4.408802032,0.074559085,-0.191366136,-0.534603915,0,0,-0.534603775,-0.534603775,-0.534603775,-0.534603775,0.534603775,0.534603775,0.534603775,0.534603775
21.60027003,0.748600602,0.267052263,0.353429615,0.493323326,0.889001679,0.268897772,1.294016886,-4.747823238,0.139784902,-0.155196533,-0.485410197,0,0,-0.485410094,-0.485410094,-0.485410094,-0.485410094,0.485410094,0.485410094,0.485410094,0.485410094
21.65046,0.782700777,0.138021812,0.270115167,0.543477237,0.558315123,0.276318035,1.293533461,-4.661993504,0.109837815,0.025933383,-0.424264069,0,0,-0.424263984,-0.424263984,-0.424263984,-0.424263984,0.424263984,0.424263984,0.424263984,0.424263984
21.70026994,0.795512497,0.048189618,0.210059628,0.566315114,0.333827625,0.283407711,1.285380726,-2.956349373,0.105155505,-0.311791152,-0.352671151,0,0,-0.424263984,-0.424263984,-0.424263984,-0.424263984,0.424263984,0.424263984,0.424263984,0.424263984
21.75048995,0.800074041,0.001180657,0.179835856,0.572310507,0.218552026,0.290480431,1.273963329,-2.678148746,0.061435368,-0.28121075,-0.2723943,0,0,-0.27239424,-0.27239424,-0.27239424,-0.27239424,0.27239424,0.27239424,0.27239424,0.27239424
21.80014992,0.802938342,-0.039360069,0.153145373,0.574706614,0.118204793,0.29545321,1.260052768,-2.270348787,0.092590719,-0.417945385,-0.185410197,0,0,-0.185410157,-0.185410157,-0.185410157,-0.185410157,0.185410157,0.185410157,0.185410157,0.185410157
21.85036993,0.804517984,-0.078522764,0.124956526,0.575300694,0.018220975,0.295698323,1.244274126,-2.512380362,-0.033350341,-0.281993032,-0.093860679,0,0,-0.093860656,-0.093860656,-0.093860656,-0.093860656,0.093860656,0.093860656,0.093860656,0.093860656
21.90020013,0.799716115,-0.14353855,0.076344423,0.577947021,-0.148129462,0.292161675,1.229751896,-2.816028595,-0.052926049,-0.169793114,3.35E-13,0,0,3.35E-13,3.35E-13,3.35E-13,3.35E-13,-3.35E-13,-3.35E-13,-3.35E-13,-3.35E-13
21.95038009,0.792254448,-0.187473685,0.04235344,0.579131186,-0.261642483,0.28822725,1.224265467,-2.730524063,-0.088167369,-0.138731584,0.093860679,0,0,0.093860656,0.093860656,0.093860656,0.093860656,-0.093860656,-0.093860656,-0.093860656,-0.093860656
22.0002501,0.772997975,-0.262191743,-0.02109856,0.577308297,-0.462623507,0.273509916,1.21815439,-2.058152199,-0.318034351,-0.237790033,0.185410197,0,0,0.185410157,0.185410157,0.185410157,0.185410157,-0.185410157,-0.185410157,-0.185410157,-0.185410157
22.05012012,0.765691817,-0.281404942,-0.055306267,0.575733006,-0.534519299,0.241678951,1.222973925,-1.21273756,-0.649535954,-0.240796924,0.2723943,0,0,0.27239424,0.27239424,0.27239424,0.27239424,-0.27239424,-0.27239424,-0.27239424,-0.27239424
22.10022998,0.761397839,-0.289958805,-0.079481296,0.574351788,-0.576683951,0.213664959,1.22894858,-1.001318336,-0.64755702,-0.247380272,0.352671151,0,0,0.27239424,0.27239424,0.27239424,0.27239424,-0.27239424,-0.27239424,-0.27239424,-0.27239424
22.15081,0.757759869,-0.295718729,-0.10087584,0.572865367,-0.611075856,0.187023029,1.2355132,-0.788678408,-0.61521405,-0.226695865,0.424264069,0,0,0.424263984,0.424263984,0.424263984,0.424263984,-0.424263984,-0.424263984,-0.424263984,-0.424263984
22.20033002,0.755031109,-0.298001081,-0.118728958,0.571862817,-0.63551221,0.162254312,1.24297418,-0.504483402,-0.592512012,-0.209599778,0.485410197,0,0,0.485410094,0.485410094,0.485410094,0.485410094,-0.485410094,-0.485410094,-0.485410094,-0.485410094
22.25042009,0.753403544,-0.296282977,-0.132775217,0.571813285,-0.648675759,0.139219713,1.251564534,-0.201810926,-0.575675189,-0.141271979,0.534603915,0,0,0.534603775,0.534603775,0.534603775,0.534603775,-0.534603775,-0.534603775,-0.534603775,-0.534603775
22.30032992,0.753150523,-0.275358409,-0.146629959,0.579173267,-0.627909186,0.09824959,1.279178145,0.638393521,-0.51857847,0.107847936,0.57063391,0,0,0.570633769,0.570633769,0.570633769,0.570633769,-0.570633769,-0.570633769,-0.570633769,-0.570633769
22.3503201,0.754094839,-0.25681892,-0.142211571,0.58750391,-0.590233942,0.087393423,1.297131762,1.114013553,-0.442692816,0.286821365,0.592613004,0,0,0.570633769,0.570633769,0.570633769,0.570633769,-0.570633769,-0.570633769,-0.570633769,-0.570633769
22.40013003,0.755397618,-0.231711417,-0.129850209,0.599018753,-0.532069941,0.081512103,1.318674359,1.635866165,-0.363382965,0.463334829,0.6,0,0,0.599999845,0.599999845,0.599999845,0.599999845,-0.599999845,-0.599999845,-0.599999845,-0.599999845
22.45032001,0.755979478,-0.191818997,-0.103047751,0.617318153,-0.431931027,0.081111636,1.351735059,2.231667042,-0.267699748,0.674107909,0.592613004,0,0,0.592612863,0.592612863,0.592612863,0.592612863,-0.592612863,-0.592612863,-0.592612863,-0.592612863
22.50019002,0.755269706,-0.152559146,-0.072546221,0.633269668,-0.329386514,0.083736051,1.38159742,2.760987759,-0.190730795,0.723610044,0.57063391,0,0,0.570633769,0.570633769,0.570633769,0.570633769,-0.570633769,-0.570633769,-0.570633769,-0.570633769
22.55102015,0.754514754,-0.104859874,-0.03375949,0.646971583,-0.204061661,0.08484039,1.408934667,3.361138821,-0.133443281,0.57754612,0.534603915,0,0,0.534603775,0.534603775,0.534603775,0.534603775,-0.534603775,-0.534603775,-0.534603775,-0.534603775
22.60022998,0.746104598,0.044458941,0.091329791,0.658035159,0.188214437,0.077850671,1.452869575,4.222318172,-0.046164006,0.338953048,0.485410197,0,0,0.485410094,0.485410094,0.485410094,0.485410094,-0.485410094,-0.485410094,-0.485410094,-0.485410094
22.65007997,0.735239029,0.109338343,0.147453219,0.652477145,0.362030838,0.074213274,1.465248066,4.37517786,0.012386652,0.297366828,0.424264069,0,0,0.424263984,0.424263984,0.424263984,0.424263984,-0.424263984,-0.424263984,-0.424263984,-0.424263984
22.70018005,0.719096601,0.174533948,0.203805447,0.641015828,0.539299576,0.069409281,1.475297565,4.437598705,-0.007413366,0.253566235,0.352671151,0,0,0.352671087,0.352671087,0.352671087,0.352671087,-0.352671087,-0.352671087,-0.352671087,-0.352671087
22.75020003,0.697838128,0.238380998,0.258564562,0.623972118,0.716430848,0.063428724,1.482899985,4.38289547,-0.006940997,0.235893279,0.2723943,0,0,0.27239424,0.27239424,0.27239424,0.27239424,-0.27239424,-0.27239424,-0.27239424,-0.27239424
22.80019999,0.664819479,0.31331104,0.322568506,0.596490681,0.931689723,0.05515336,1.49028996,4.205189228,0.016006157,0.209629774,0.185410197,0,0,0.185410157,0.185410157,0.185410157,0.185410157,-0.185410157,-0.185410157,-0.185410157,-0.185410157
22.85020995,0.634327471,0.367390811,0.369206995,0.571260989,1.095094268,0.048663394,1.49594351,3.933288813,0.045616366,0.210295737,0.093860679,0,0,0.093860656,0.093860656,0.093860656,0.093860656,-0.093860656,-0.093860656,-0.093860656,-0.093860656
22.90021014,0.568386674,0.45693925,0.446314454,0.518600643,1.385616996,0.033426619,1.507003793,3.285137653,0.09553235,0.235026971,-3.63E-13,0,0,-3.63E-13,-3.63E-13,-3.63E-13,-3.63E-13,3.63E-13,3.63E-13,3.63E-13,3.63E-13
22.95008993,0.528650343,0.499571502,0.482652158,0.487856686,1.535829522,0.022871854,1.512662779,2.775804996,0.074003048,0.208170414,-0.093860679,0,0,-0.093860656,-0.093860656,-0.093860656,-0.093860656,0.093860656,0.093860656,0.093860656,0.093860656
23.00021005,0.500606716,0.526440322,0.504953802,0.466127872,1.6350831,0.014790052,1.515268767,2.238688469,0.119314499,0.191907078,-0.185410197,0,0,-0.185410157,-0.185410157,-0.185410157,-0.185410157,0.185410157,0.185410157,0.185410157,0.185410157
23.05070996,0.475659579,0.54784137,0.522691786,0.447673112,1.718004355,0.006739058,1.518006336,1.856901765,0.096108839,0.184626296,-0.2723943,0,0,-0.27239424,-0.27239424,-0.27239424,-0.27239424,0.27239424,0.27239424,0.27239424,0.27239424
23.10018992,0.45461005,0.564669847,0.536082685,0.432542801,1.784901561,-0.001070603,1.519729704,1.464785814,0.084435247,0.167846024,-0.352671151,0,0,-0.352671087,-0.352671087,-0.352671087,-0.352671087,0.352671087,0.352671087,0.352671087,0.352671087
23.15020013,0.430260241,0.583176672,0.549580455,0.415623307,1.859058916,-0.011838669,1.520333898,0.917162895,0.086998217,0.167512178,-0.424264069,0,0,-0.424263984,-0.424263984,-0.424263984,-0.424263984,0.424263984,0.424263984,0.424263984,0.424263984
23.20021009,0.416567594,0.59280616,0.555524349,0.407976836,1.89665513,-0.020876995,1.520869414,0.761621535,0.059249263,0.163883746,-0.485410197,0,0,-0.485410094,-0.485410094,-0.485410094,-0.485410094,0.485410094,0.485410094,0.485410094,0.485410094
23.25045013,0.410124421,0.597311914,0.555647016,0.407765716,1.908385254,-0.03136296,1.52078382,-0.111593328,0.049338501,0.158568472,-0.534603915,0,0,-0.534603775,-0.534603775,-0.534603775,-0.534603775,0.534603775,0.534603775,0.534603775,0.534603775
23.30023003,0.417853892,0.591901004,0.546247542,0.420315534,1.873096906,-0.041078595,1.520836278,-1.016608,0.055848826,0.144154623,-0.57063391,0,0,-0.570633769,-0.570633769,-0.570633769,-0.570633769,0.570633769,0.570633769,0.570633769,0.570633769
23.35035014,0.432825744,0.58071208,0.532932401,0.437513977,1.815998952,-0.046822681,1.521593355,-1.68014884,0.042898241,0.105168752,-0.592613004,0,0,-0.592612863,-0.592612863,-0.592612863,-0.592612863,0.592612863,0.592612863,0.592612863,0.592612863
23.40032005,0.455330968,0.562450588,0.513632417,0.460982502,1.732039278,-0.050836156,1.523363464,-2.419126749,0.06102258,0.059446029,-0.6,0,0,-0.599999845,-0.599999845,-0.599999845,-0.599999845,0.599999845,0.599999845,0.599999845,0.599999845
23.45011997,0.484638512,0.536352515,0.487162441,0.490025073,1.620891062,-0.053482476,1.525619711,-3.018063068,0.021130642,0.073164143,-0.592613004,0,0,-0.599999845,-0.599999845,-0.599999845,-0.599999845,0.599999845,0.599999845,0.599999845,0.599999845
23.50021005,0.520058095,0.500215888,0.447479337,0.528285921,1.471341961,-0.063125425,1.529349352,-2.937739611,0.027070258,0.126602814,-0.57063391,0,0,-0.592612863,-0.592612863,-0.592612863,-0.592612863,0.592612863,0.592612863,0.592612863,0.592612863
23.55032992,0.574697137,0.430087715,0.37522617,0.586475253,1.213868972,-0.073254281,1.54020519,-3.448012829,0.098210149,0.083384916,-0.534603915,0,0,-0.534603775,-0.534603775,-0.534603775,-0.534603775,0.534603775,0.534603775,0.534603775,0.534603775
23.60020995,0.602827132,0.384928256,0.331560671,0.615221143,1.06429437,-0.073951865,1.547590039,-3.990204334,0.181601956,0.156371176,-0.485410197,0,0,-0.485410094,-0.485410094,-0.485410094,-0.485410094,0.485410094,0.485410094,0.485410094,0.485410094
23.65055013,0.634031296,0.32320109,0.269181788,0.648911834,0.865650167,-0.078198338,1.557847169,-4.011454582,0.113703057,0.165282175,-0.424264069,0,0,-0.424263984,-0.424263984,-0.424263984,-0.424263984,0.424263984,0.424263984,0.424263984,0.424263984
23.70022011,0.655916989,0.270472437,0.219545558,0.669639647,0.70843068,-0.074299157,1.564012632,-3.917632818,0.102288701,-0.054261312,-0.352671151,0,0,-0.352671087,-0.352671087,-0.352671087,-0.352671087,0.352671087,0.352671087,0.352671087,0.352671087
23.75045013,0.676397979,0.21516031,0.167311311,0.684250534,0.548308068,-0.068161814,1.563162208,-4.061637402,0.091647767,-0.165609241,-0.2723943,0,0,-0.27239424,-0.27239424,-0.27239424,-0.27239424,0.27239424,0.27239424,0.27239424,0.27239424
23.80019999,0.694973171,0.159591779,0.115294568,0.691556275,0.391947095,-0.060517051,1.553850173,-3.725926876,0.06764929,-0.38343063,-0.185410197,0,0,-0.27239424,-0.27239424,-0.27239424,-0.27239424,0.27239424,0.27239424,0.27239424,0.27239424
23.85047007,0.715838909,0.04592162,0.006997584,0.696718693,0.075678066,-0.05399685,1.541681551,-3.335561514,0.037010863,-0.075865023,-0.093860679,0,0,-0.093860656,-0.093860656,-0.093860656,-0.093860656,0.093860656,0.093860656,0.093860656,0.093860656
23.90025997,0.717990875,-0.001412253,-0.038243316,0.695000052,-0.055291859,-0.052978424,1.539722485,-3.238298178,0.05086302,-0.070788167,3.90E-13,0,0,3.90E-13,3.90E-13,3.90E-13,3.90E-13,-3.90E-13,-3.90E-13,-3.90E-13,-3.90E-13
23.95050001,0.717379987,-0.047230426,-0.082085997,0.69021523,-0.182337822,-0.052599639,1.5370136,-3.111537218,0.023963358,-0.049005564,0.093860679,0,0,3.90E-13,3.90E-13,3.90E-13,3.90E-13,-3.90E-13,-3.90E-13,-3.90E-13,-3.90E-13
24.00023007,0.71396488,-0.090091377,-0.122962654,0.68338722,-0.301670027,-0.052471504,1.535015065,-2.842662096,0.022184148,-0.046870213,0.185410197,0,0,0.185410157,0.185410157,0.185410157,0.185410157,-0.185410157,-0.185410157,-0.185410157,-0.185410157
24.05056,0.705561697,-0.145842806,-0.175537646,0.670894325,-0.457754408,-0.052038536,1.532560494,-2.353708744,0.029488696,-0.03731256,0.2723943,0,0,0.27239424,0.27239424,0.27239424,0.27239424,-0.27239424,-0.27239424,-0.27239424,-0.27239424
24.10020995,0.699061334,-0.176787376,-0.204016581,0.662145615,-0.544540518,-0.051144523,1.530852549,-2.014779091,0.044827957,-0.027731091,0.352671151,0,0,0.352671087,0.352671087,0.352671087,0.352671087,-0.352671087,-0.352671087,-0.352671087,-0.352671087
24.15042996,0.686494112,-0.225082308,-0.246918231,0.645829141,-0.679883758,-0.048305175,1.526858641,-1.385460138,0.075165235,-0.024753824,0.424264069,0,0,0.424263984,0.424263984,0.424263984,0.424263984,-0.424263984,-0.424263984,-0.424263984,-0.424263984
24.20017004,0.680280566,-0.246221393,-0.264496475,0.637679398,-0.738304323,-0.045859076,1.523916667,-0.975281239,0.081271693,-0.003509224,0.485410197,0,0,0.485410094,0.485410094,0.485410094,0.485410094,-0.485410094,-0.485410094,-0.485410094,-0.485410094
24.25016999,0.676832557,-0.256959766,-0.272584617,0.633693159,-0.766973023,-0.043334556,1.522470932,-0.511230469,0.062254816,-0.005707145,0.534603915,0,0,0.534603775,0.534603775,0.534603775,0.534603775,-0.534603775,-0.534603775,-0.534603775,-0.534603775
24.30017996,0.675930858,-0.260667592,-0.274204999,0.632441103,-0.775132969,-0.040984904,1.521074129,0.083210327,0.065385558,0.003372878,0.57063391,0,0,0.570633769,0.570633769,0.570633769,0.570633769,-0.570633769,-0.570633769,-0.570633769,-0.570633769
24.35018015,0.678817809,-0.254990816,-0.267573327,0.634500384,-0.756356371,-0.039693954,1.519104908,0.858483732,0.051751006,-0.030349206,0.592613004,0,0,0.592612863,0.592612863,0.592612863,0.592612863,-0.592612863,-0.592612863,-0.592612863,-0.592612863
24.40025997,0.687729716,-0.233372957,-0.246479422,0.641726732,-0.691687054,-0.039509378,1.515856066,1.74938798,0.028204193,-0.063817248,0.6,0,0,0.599999845,0.599999845,0.599999845,0.599999845,-0.599999845,-0.599999845,-0.599999845,-0.599999845
24.45042014,0.708665729,-0.166408062,-0.183067843,0.660747707,-0.498550457,-0.039570643,1.510916319,2.992205143,0.04654761,-0.052335978,0.592613004,0,0,0.592612863,0.592612863,0.592612863,0.592612863,-0.592612863,-0.592612863,-0.592612863,-0.592612863
24.50019002,0.719021797,-0.120054238,-0.13884297,0.67031157,-0.367248087,-0.03872442,1.507897364,3.491211891,0.05218925,-0.076551959,0.57063391,0,0,0.592612863,0.592612863,0.592612863,0.592612863,-0.592612863,-0.592612863,-0.592612863,-0.592612863
24.55044007,0.730083108,-0.038213231,-0.060497079,0.679601848,-0.13855995,-0.036404261,1.501732699,4.058051109,0.085329629,-0.112221137,0.534603915,0,0,0.534603775,0.534603775,0.534603775,0.534603775,-0.534603775,-0.534603775,-0.534603775,-0.534603775
24.60020995,0.732309639,0.022215841,-0.002184917,0.680605888,0.02958447,-0.033446769,1.497146813,4.323774338,0.075287752,-0.124942377,0.485410197,0,0,0.485410094,0.485410094,0.485410094,0.485410094,-0.485410094,-0.485410094,-0.485410094,-0.485410094
24.65049005,0.729050994,0.085318327,0.059445057,0.676514685,0.206380358,-0.028765201,1.493097356,4.504061699,0.095470019,-0.112911165,0.424264069,0,0,0.485410094,0.485410094,0.485410094,0.485410094,-0.485410094,-0.485410094,-0.485410094,-0.485410094
24.70046997,0.722581923,0.133473784,0.106815509,0.669813991,0.342756835,-0.024441731,1.490807657,4.560876846,0.101628698,-0.111625202,0.352671151,0,0,0.352671087,0.352671087,0.352671087,0.352671087,-0.352671087,-0.352671087,-0.352671087,-0.352671087
24.75043011,0.681863427,0.277347684,0.260781795,0.624606788,0.781053612,0.009168771,1.486976025,4.186593533,0.520807624,-0.484650493,0.2723943,0,0,0.27239424,0.27239424,0.27239424,0.27239424,-0.27239424,-0.27239424,-0.27239424,-0.27239424
24.80052996,0.657958269,0.327768415,0.310206234,0.602852464,0.936351837,0.013013885,1.49001948,3.710328102,0.047799364,0.055333424,0.185410197,0,0,0.185410157,0.185410157,0.185410157,0.185410157,-0.185410157,-0.185410157,-0.185410157,-0.185410157
24.85046005,0.631828725,0.374647856,0.352653712,0.579712868,1.080849906,0.01125736,1.491571573,3.559693813,0.007986303,0.048758995,0.093860679,0,0,0.185410157,0.185410157,0.185410157,0.185410157,-0.185410157,-0.185410157,-0.185410157,-0.185410157
24.90021014,0.597931027,0.425837308,0.39981997,0.548894584,1.247565945,0.010650146,1.492995818,3.157166958,0.028295143,0.014974961,-4.10E-13,0,0,-4.10E-13,-4.10E-13,-4.10E-13,-4.10E-13,4.10E-13,4.10E-13,4.10E-13,4.10E-13
24.95020008,0.571076572,0.460230201,0.432324439,0.524552584,1.366804772,0.010951052,1.49483831,2.81541872,0.050953884,-0.009298343,-0.093860679,0,0,-0.093860656,-0.093860656,-0.093860656,-0.093860656,0.093860656,0.093860656,0.093860656,0.093860656
25.00010014,0.546052754,0.48868528,0.459750891,0.501639664,1.470992008,0.011808913,1.496749855,2.352697611,0.038922623,-0.032696176,-0.185410197,0,0,-0.185410157,-0.185410157,-0.185410157,-0.185410157,0.185410157,0.185410157,0.185410157,0.185410157
25.05045009,0.518864512,0.516707897,0.486911118,0.476141036,1.578935948,0.013230517,1.498311833,1.675955057,0.038536668,-0.01499207,-0.2723943,0,0,-0.27239424,-0.27239424,-0.27239424,-0.27239424,0.27239424,0.27239424,0.27239424,0.27239424
25.10019994,0.486491084,0.546836495,0.515469134,0.445632398,1.700650671,0.014166626,1.499321282,1.208078742,-0.024327643,-0.010500852,-0.352671151,0,0,-0.352671087,-0.352671087,-0.352671087,-0.352671087,0.352671087,0.352671087,0.352671087,0.352671087
25.15042996,0.475023687,0.556769073,0.524676859,0.434827536,1.742206952,0.014271307,1.49945005,0.905519128,-0.001679361,0.002304465,-0.424264069,0,0,-0.352671087,-0.352671087,-0.352671087,-0.352671087,0.352671087,0.352671087,0.352671087,0.352671087
25.20025992,0.46715498,0.563613892,0.530324638,0.427623272,1.769937209,0.013459161,1.498939513,0.487040758,-0.008417669,0.034294289,-0.485410197,0,0,-0.485410094,-0.485410094,-0.485410094,-0.485410094,0.485410094,0.485410094,0.485410094,0.485410094
25.25032997,0.46353057,0.567167342,0.532011688,0.424763769,1.781802573,0.011383332,1.497647694,0.029105695,0.009476393,0.068408996,-0.534603915,0,0,-0.534603775,-0.534603775,-0.534603775,-0.534603775,0.534603775,0.534603775,0.534603775,0.534603775
25.30023003,0.467610717,0.56513226,0.525666654,0.430860192,1.763386307,0.00462875,1.494653654,-0.765022755,-0.015558306,0.197867349,-0.57063391,0,0,-0.570633769,-0.570633769,-0.570633769,-0.570633769,0.570633769,0.570633769,0.570633769,0.570633769
25.35030007,0.474730164,0.560064018,0.517211854,0.439831197,1.733878043,-0.001595119,1.492635824,-1.231714129,-0.023664542,0.237228826,-0.592613004,0,0,-0.570633769,-0.570633769,-0.570633769,-0.570633769,0.570633769,0.570633769,0.570633769,0.570633769
25.40013003,0.511479497,0.528473914,0.475280613,0.482920855,1.58115206,-0.024231939,1.488889028,-2.536411524,-0.030827574,0.316011697,-0.6,0,0,-0.592612863,-0.592612863,-0.592612863,-0.592612863,0.592612863,0.592612863,0.592612863,0.592612863
25.45042992,0.553350985,0.484245807,0.423697561,0.528951287,1.397799605,-0.043391558,1.489247101,-3.520853519,-0.03730518,0.28091985,-0.592613004,0,0,-0.592612863,-0.592612863,-0.592612863,-0.592612863,0.592612863,0.592612863,0.592612863,0.592612863
25.50051999,0.586245,0.442928761,0.37932685,0.562354028,1.244742077,-0.053434031,1.490859076,-4.063243389,-0.000889603,0.231954738,-0.57063391,0,0,-0.570633769,-0.570633769,-0.570633769,-0.570633769,0.570633769,0.570633769,0.570633769,0.570633769
25.55097008,0.619267941,0.393162876,0.328360528,0.595071435,1.074583783,-0.061272,1.49443986,-4.422967434,-0.007042325,0.20400615,-0.534603915,0,0,-0.534603775,-0.534603775,-0.534603775,-0.534603775,0.534603775,0.534603775,0.534603775,0.534603775
25.60038996,0.6505301,0.336405367,0.270842552,0.624729037,0.891297092,-0.067994314,1.497847308,-4.659687042,-0.018465621,0.178066134,-0.485410197,0,0,-0.485410094,-0.485410094,-0.485410094,-0.485410094,0.485410094,0.485410094,0.485410094,0.485410094
25.65036011,0.6837731,0.256922752,0.192386806,0.655311108,0.649944976,-0.073697494,1.503453174,-4.942465305,0.042700298,0.136308491,-0.424264069,0,0,-0.424263984,-0.424263984,-0.424263984,-0.424263984,0.424263984,0.424263984,0.424263984,0.424263984
25.70062995,0.718256831,0.117049798,0.058661476,0.683348715,0.251679305,-0.075776132,1.511404197,-4.961104393,0.005141679,0.072422348,-0.352671151,0,0,-0.352671087,-0.352671087,-0.352671087,-0.352671087,0.352671087,0.352671087,0.352671087,0.352671087
25.75024009,0.725363553,0.046275459,-0.008308784,0.686758697,0.055909891,-0.075686147,1.514016214,-4.848043919,0.015413111,0.050757386,-0.2723943,0,0,-0.27239424,-0.27239424,-0.27239424,-0.27239424,0.27239424,0.27239424,0.27239424,0.27239424
25.80042005,0.724975824,-0.039903149,-0.089158379,0.681812823,-0.180926674,-0.074932473,1.516252046,-4.636049271,0.011222872,0.040043361,-0.185410197,0,0,-0.185410157,-0.185410157,-0.185410157,-0.185410157,0.185410157,0.185410157,0.185410157,0.185410157
25.85042,0.71776253,-0.10536921,-0.149347633,0.671870172,-0.360648439,-0.072867881,1.518060529,-4.358305931,0.053378467,0.058441907,-0.093860679,0,0,-0.093860656,-0.093860656,-0.093860656,-0.093860656,0.093860656,0.093860656,0.093860656,0.093860656
25.90074015,0.705419719,-0.166454196,-0.202531591,0.658526421,-0.526717004,-0.066559714,1.520014222,-3.853393316,0.437695801,0.32650885,4.37E-13,0,0,4.37E-13,4.37E-13,4.37E-13,4.37E-13,-4.37E-13,-4.37E-13,-4.37E-13,-4.37E-13
25.95052004,0.688068151,-0.226450011,-0.238597795,0.646802843,-0.669592548,-0.03541346,1.521310565,-3.356887341,0.58500582,0.440109432,0.093860679,0,0,0.093860656,0.093860656,0.093860656,0.093860656,-0.093860656,-0.093860656,-0.093860656,-0.093860656
26.00049996,0.644162893,-0.338658214,-0.303730637,0.614908516,-0.944309262,0.02518629,1.511472297,-2.194583654,0.402357936,0.318567187,0.185410197,0,0,0.185410157,0.185410157,0.185410157,0.185410157,-0.185410157,-0.185410157,-0.185410157,-0.185410157
26.05025005,0.62840116,-0.37101838,-0.321337849,0.603489399,-1.025494685,0.043967323,1.505602014,-1.859242082,0.371652424,0.289880782,0.2723943,0,0,0.27239424,0.27239424,0.27239424,0.27239424,-0.27239424,-0.27239424,-0.27239424,-0.27239424
26.10018992,0.614563525,-0.397620052,-0.334514916,0.59355706,-1.091843024,0.060896663,1.499021987,-1.48468852,0.337418407,0.270935297,0.352671151,0,0,0.352671087,0.352671087,0.352671087,0.352671087,-0.352671087,-0.352671087,-0.352671087,-0.352671087
26.15012002,0.600425065,-0.423849791,-0.346022815,0.583188951,-1.156558603,0.078929413,1.490140311,-1.113340735,0.302887857,0.217264235,0.424264069,0,0,0.424263984,0.424263984,0.424263984,0.424263984,-0.424263984,-0.424263984,-0.424263984,-0.424263984
26.20017004,0.592143238,-0.439711034,-0.351233661,0.576763034,-1.193816237,0.091383996,1.482353798,-0.752040863,0.3009983,0.18633385,0.485410197,0,0,0.485410094,0.485410094,0.485410094,0.485410094,-0.485410094,-0.485410094,-0.485410094,-0.485410094
26.25013995,0.587608099,-0.450162679,-0.352157712,0.572761357,-1.214838792,0.101986799,1.474286824,-0.274136692,0.273796201,0.147517771,0.534603915,0,0,0.534603775,0.534603775,0.534603775,0.534603775,-0.534603775,-0.534603775,-0.534603775,-0.534603775
26.30016994,0.59446013,-0.451239556,-0.335045904,0.575103879,-1.19074795,0.120971183,1.455703418,0.958062291,0.262574226,0.077878714,0.57063391,0,0,0.570633769,0.570633769,0.570633769,0.570633769,-0.570633769,-0.570633769,-0.570633769,-0.570633769
26.35017014,0.607076168,-0.438995838,-0.316076159,0.582097113,-1.139377874,0.127658263,1.446957267,1.584778905,0.230220824,0.012458124,0.592613004,0,0,0.592612863,0.592612863,0.592612863,0.592612863,-0.592612863,-0.592612863,-0.592612863,-0.592612863
26.40020013,0.62511456,-0.417503029,-0.293636024,0.590509236,-1.066965403,0.126301979,1.439218242,1.946359634,0.028174402,-0.430214822,0.6,0,0,0.599999845,0.599999845,0.599999845,0.599999845,-0.599999845,-0.599999845,-0.599999845,-0.599999845
26.45027995,0.648949862,-0.387935847,-0.274066687,0.59435463,-0.986200587,0.105628156,1.426230212,2.322071791,0.011735426,-0.654202282,0.592613004,0,0,0.592612863,0.592612863,0.592612863,0.592612863,-0.592612863,-0.592612863,-0.592612863,-0.592612863
26.50012994,0.682554841,-0.339302182,-0.237988278,0.601959169,-0.851602834,0.083709717,1.407488336,3.091949224,0.056556758,-0.50622654,0.57063391,0,0,0.570633769,0.570633769,0.570633769,0.570633769,-0.570633769,-0.570633769,-0.570633769,-0.570633769
26.55019999,0.709985077,-0.291178793,-0.198350504,0.609748423,-0.717001616,0.073506002,1.39163024,3.683396101,0.137392923,-0.430884957,0.534603915,0,0,0.534603775,0.534603775,0.534603775,0.534603775,-0.534603775,-0.534603775,-0.534603775,-0.534603775
26.60028005,0.759436131,-0.172034115,-0.096894793,0.619897366,-0.392244914,0.066164419,1.356004612,4.251079082,0.172706008,-0.451359749,0.485410197,0,0,0.485410094,0.485410094,0.485410094,0.485410094,-0.485410094,-0.485410094,-0.485410094,-0.485410094
26.65025997,0.777594805,-0.10429053,-0.039812215,0.618777096,-0.213559245,0.067200186,1.337092011,4.559508801,0.174229041,-0.447114766,0.424264069,0,0,0.424263984,0.424263984,0.424263984,0.424263984,-0.424263984,-0.424263984,-0.424263984,-0.424263984
26.70035005,0.792284191,0.001089947,0.046092115,0.608408213,0.057994437,0.071771411,1.311821639,4.525323391,0.092059121,-0.379045844,0.352671151,0,0,0.352671087,0.352671087,0.352671087,0.352671087,-0.352671087,-0.352671087,-0.352671087,-0.352671087
26.75022006,0.793086171,0.071585588,0.10151197,0.596309662,0.237513099,0.075713436,1.298451174,4.500425339,0.03760105,-0.330762893,0.2723943,0,0,0.27239424,0.27239424,0.27239424,0.27239424,-0.27239424,-0.27239424,-0.27239424,-0.27239424
26.80023003,0.78938514,0.123446643,0.141362011,0.584507585,0.369633204,0.078949108,1.28950106,4.353961945,-0.006526742,-0.314450324,0.185410197,0,0,0.185410157,0.185410157,0.185410157,0.185410157,-0.185410157,-0.185410157,-0.185410157,-0.185410157
26.85012007,0.779538453,0.190046757,0.191396177,0.565305173,0.54041269,0.083629945,1.278027776,4.200627804,-0.031204667,-0.308303505,0.093860679,0,0,0.093860656,0.093860656,0.093860656,0.093860656,-0.093860656,-0.093860656,-0.093860656,-0.093860656
26.90013003,0.75677973,0.28042236,0.257761329,0.531231821,0.77719801,0.092329625,1.261908987,3.732347965,-0.068356343,-0.300895751,-4.65E-13,0,0,0.093860656,0.093860656,0.093860656,0.093860656,-0.093860656,-0.093860656,-0.093860656,-0.093860656
26.95029998,0.719619691,0.377839327,0.325667024,0.483038634,1.041322078,0.103877496,1.241929759,2.911463022,-0.135569572,-0.249553278,-0.093860679,0,0,-0.093860656,-0.093860656,-0.093860656,-0.093860656,0.093860656,0.093860656,0.093860656,0.093860656
27.00008011,0.701922596,0.415268958,0.350294292,0.460597962,1.145976334,0.109433154,1.232082145,2.439191818,-0.173834249,-0.23499766,-0.185410197,0,0,-0.093860656,-0.093860656,-0.093860656,-0.093860656,0.093860656,0.093860656,0.093860656,0.093860656
27.05033994,0.68311739,0.452125013,0.373235911,0.435463876,1.250670221,0.116422459,1.219128206,1.86581111,-0.16221419,-0.212796226,-0.2723943,0,0,-0.27239424,-0.27239424,-0.27239424,-0.27239424,0.27239424,0.27239424,0.27239424,0.27239424
27.10019994,0.670677245,0.475049913,0.386802286,0.418214828,1.316789094,0.121794031,1.209400812,1.490718484,-0.191001728,-0.185786307,-0.352671151,0,0,-0.352671087,-0.352671087,-0.352671087,-0.352671087,0.352671087,0.352671087,0.352671087,0.352671087
27.15021992,0.660781503,0.49326098,0.396715403,0.4033342,1.369206994,0.126725246,1.199540397,1.16669488,-0.214347333,-0.176806822,-0.424264069,0,0,-0.424263984,-0.424263984,-0.424263984,-0.424263984,0.424263984,0.424263984,0.424263984,0.424263984
27.20016003,0.654012382,0.506725252,0.403283417,0.39097324,1.407480046,0.131652615,1.189389986,0.809642017,-0.23426713,-0.166004926,-0.485410197,0,0,-0.485410094,-0.485410094,-0.485410094,-0.485410094,0.485410094,0.485410094,0.485410094,0.485410094
27.25010014,0.65392977,0.517277539,0.405342162,0.374829888,1.432712964,0.142833635,1.165362971,-0.204190627,-0.221797854,-0.169439629,-0.534603915,0,0,-0.534603775,-0.534603775,-0.534603775,-0.534603775,0.534603775,0.534603775,0.534603775,0.534603775
27.30031013,0.6624192,0.51089114,0.400258064,0.37414512,1.410792871,0.148527892,1.154838113,-0.761868238,-0.23209013,-0.207589597,-0.57063391,0,0,-0.570633769,-0.570633769,-0.570633769,-0.570633769,0.570633769,0.570633769,0.570633769,0.570633769
27.35028005,0.677075028,0.495927423,0.390964091,0.377852768,1.364464383,0.155272078,1.144253123,-1.439497709,-0.221257046,-0.229935467,-0.592613004,0,0,-0.592612863,-0.592612863,-0.592612863,-0.592612863,0.592612863,0.592612863,0.592612863,0.592612863
27.40049005,0.710334003,0.454052508,0.367661774,0.392538846,1.243188423,0.166628835,1.129186073,-2.475568533,-0.155489385,-0.280873984,-0.6,0,0,-0.599999845,-0.599999845,-0.599999845,-0.599999845,0.599999845,0.599999845,0.599999845,0.599999845
27.45022011,0.737910509,0.412491322,0.345945299,0.407014966,1.129716164,0.175675216,1.119610929,-3.088386536,-0.113888375,-0.316561043,-0.592613004,0,0,-0.592612863,-0.592612863,-0.592612863,-0.592612863,0.592612863,0.592612863,0.592612863,0.592612863
27.50014997,0.766438007,0.36201185,0.317665964,0.42498073,0.994530556,0.180220394,1.110567784,-3.397931337,-0.189132065,0.016675195,-0.57063391,0,0,-0.592612863,-0.592612863,-0.592612863,-0.592612863,0.592612863,0.592612863,0.592612863,0.592612863
27.55064011,0.818630278,0.227570593,0.227036729,0.475931257,0.63840022,0.155731049,1.104786526,-4.342105389,-0.202223197,0.081325725,-0.534603915,0,0,-0.534603775,-0.534603775,-0.534603775,-0.534603775,0.534603775,0.534603775,0.534603775,0.534603775
27.60053992,0.836023927,0.155106202,0.18038398,0.49443686,0.45850888,0.148778443,1.102944941,-4.616058826,-0.162310347,0.014517538,-0.485410197,0,0,-0.485410094,-0.485410094,-0.485410094,-0.485410094,0.485410094,0.485410094,0.485410094,0.485410094
27.65047002,0.847445846,0.077923626,0.130397633,0.508684754,0.270729429,0.142211571,1.100616927,-4.734745502,-0.173414782,-0.01756708,-0.424264069,0,0,-0.424263984,-0.424263984,-0.424263984,-0.424263984,0.424263984,0.424263984,0.424263984,0.424263984
27.70021009,0.851595342,-0.001078286,0.078636631,0.518267155,0.080496575,0.135464743,1.098878004,-4.760372162,-0.151007771,-0.023257868,-0.352671151,0,0,-0.352671087,-0.352671087,-0.352671087,-0.352671087,0.352671087,0.352671087,0.352671087,0.352671087
27.75018001,0.846221149,-0.099430814,0.013973573,0.523286223,-0.155551643,0.128060695,1.097655638,-4.689515591,-0.150113642,-0.045913722,-0.2723943,0,0,-0.27239424,-0.27239424,-0.27239424,-0.27239424,0.27239424,0.27239424,0.27239424,0.27239424
27.80027008,0.834024131,-0.175975606,-0.036564056,0.521631658,-0.340759247,0.122907473,1.096658822,-4.525679111,-0.13057065,-0.064550705,-0.185410197,0,0,-0.185410157,-0.185410157,-0.185410157,-0.185410157,0.185410157,0.185410157,0.185410157,0.185410157
27.85026002,0.792998493,-0.313915282,-0.12865445,0.506022513,-0.684348908,0.113896906,1.095339755,-4.051604271,-0.070901521,-0.079562098,-0.093860679,0,0,-0.093860656,-0.093860656,-0.093860656,-0.093860656,0.093860656,0.093860656,0.093860656,0.093860656
27.9001801,0.760731101,-0.385781944,-0.177795842,0.490764052,-0.872527688,0.108358063,1.09531833,-3.578396082,-0.080181912,-0.089465365,4.92E-13,0,0,4.92E-13,4.92E-13,4.92E-13,4.92E-13,-4.92E-13,-4.92E-13,-4.92E-13,-4.92E-13
27.95015001,0.734292865,-0.433918834,-0.211618215,0.477227598,-1.00422763,0.103561611,1.095734202,-3.117475271,-0.074170709,-0.101390719,0.093860679,0,0,0.093860656,0.093860656,0.093860656,0.093860656,-0.093860656,-0.093860656,-0.093860656,-0.093860656
28.00032997,0.708916128,-0.473985016,-0.240613669,0.463552803,-1.118533092,0.09844327,1.096560546,-2.651979446,-0.083060719,-0.112174667,0.185410197,0,0,0.185410157,0.185410157,0.185410157,0.185410157,-0.185410157,-0.185410157,-0.185410157,-0.185410157
28.05062008,0.685886443,-0.506279409,-0.264835864,0.450669408,-1.214721293,0.09316936,1.097869695,-2.201694012,-0.079208709,-0.118141033,0.2723943,0,0,0.27239424,0.27239424,0.27239424,0.27239424,-0.27239424,-0.27239424,-0.27239424,-0.27239424
28.10030007,0.656772375,-0.542510271,-0.293533772,0.433786154,-1.328521963,0.085200197,1.100693435,-1.629291058,-0.091931283,-0.125044659,0.352671151,0,0,0.352671087,0.352671087,0.352671087,0.352671087,-0.352671087,-0.352671087,-0.352671087,-0.352671087
28.15023994,0.641396165,-0.559571028,-0.308593214,0.42457208,-1.38586402,0.079378798,1.103542808,-1.07721889,-0.090315968,-0.177463949,0.424264069,0,0,0.424263984,0.424263984,0.424263984,0.424263984,-0.424263984,-0.424263984,-0.424263984,-0.424263984
28.20025015,0.623657048,-0.577727556,-0.329477996,0.410764366,-1.454952415,0.063700287,1.108126056,-0.515921533,-0.109206162,-0.219075412,0.485410197,0,0,0.485410094,0.485410094,0.485410094,0.485410094,-0.485410094,-0.485410094,-0.485410094,-0.485410094
28.25040007,0.62248069,-0.578060329,-0.33526957,0.407380283,-1.463555683,0.053608749,1.110839804,-0.005556643,-0.102598988,-0.261926651,0.534603915,0,0,0.534603775,0.534603775,0.534603775,0.534603775,-0.534603775,-0.534603775,-0.534603775,-0.534603775
28.30024004,0.630175889,-0.568402648,-0.337147921,0.407588273,-1.443862714,0.038432981,1.11438268,0.711783051,-0.109744094,-0.339002967,0.57063391,0,0,0.570633769,0.570633769,0.570633769,0.570633769,-0.570633769,-0.570633769,-0.570633769,-0.570633769
28.35020995,0.644815505,-0.550905943,-0.333484322,0.411708474,-1.399328251,0.023555745,1.116655475,1.433605313,-0.108349383,-0.392823189,0.592613004,0,0,0.592612863,0.592612863,0.592612863,0.592612863,-0.592612863,-0.592612863,-0.592612863,-0.592612863
28.40011001,0.666793764,-0.523749769,-0.32459572,0.419177532,-1.327758599,0.006211508,1.117574855,2.128881693,-0.106348231,-0.454870492,0.6,0,0,0.599999845,0.599999845,0.599999845,0.599999845,-0.599999845,-0.599999845,-0.599999845,-0.599999845
28.45032001,0.694974542,-0.486493111,-0.309720725,0.429427654,-1.229379949,-0.012669184,1.115904329,2.796718597,-0.073810078,-0.509917259,0.592613004,0,0,0.592612863,0.592612863,0.592612863,0.592612863,-0.592612863,-0.592612863,-0.592612863,-0.592612863
28.50012994,0.770228028,-0.366069168,-0.25320074,0.456762105,-0.921404677,-0.055660296,1.098176428,3.925988674,-0.009836298,-0.505462945,0.57063391,0,0,0.570633769,0.570633769,0.570633769,0.570633769,-0.570633769,-0.570633769,-0.570633769,-0.570633769
28.55016994,0.802129626,-0.298360139,-0.217525959,0.469310015,-0.753847231,-0.068975901,1.086066603,4.363900661,0.015107617,-0.408274472,0.534603915,0,0,0.534603775,0.534603775,0.534603775,0.534603775,-0.534603775,-0.534603775,-0.534603775,-0.534603775
28.60035014,0.829118192,-0.223498031,-0.176141649,0.481233895,-0.572518222,-0.077051031,1.074480527,4.599964619,0.018792704,-0.324863493,0.485410197,0,0,0.485410094,0.485410094,0.485410094,0.485410094,-0.485410094,-0.485410094,-0.485410094,-0.485410094
28.65022993,0.852800786,-0.124169014,-0.119310379,0.493029445,-0.336851827,-0.081147027,1.062171609,4.78375864,0.005265356,-0.19893916,0.424264069,0,0,0.424263984,0.424263984,0.424263984,0.424263984,-0.424263984,-0.424263984,-0.424263984,-0.424263984
28.70014,0.862395227,-0.042111535,-0.071600139,0.499374241,-0.145133422,-0.081526678,1.055682509,4.792269707,0.028013604,-0.138748497,0.352671151,0,0,0.352671087,0.352671087,0.352671087,0.352671087,-0.352671087,-0.352671087,-0.352671087,-0.352671087
28.75047994,0.863608479,0.039814539,-0.023217576,0.502052009,0.045617755,-0.08016556,1.051345237,4.711634636,0.0199863,-0.098333329,0.2723943,0,0,0.27239424,0.27239424,0.27239424,0.27239424,-0.27239424,-0.27239424,-0.27239424,-0.27239424
28.80047011,0.833860219,0.232959777,0.092533737,0.491776824,0.501647918,-0.074877979,1.046517497,4.295900345,0.037304495,-0.052617736,0.185410197,0,0,0.185410157,0.185410157,0.185410157,0.185410157,-0.185410157,-0.185410157,-0.185410157,-0.185410157
28.85020995,0.812132716,0.300634682,0.133517042,0.481905252,0.667011793,-0.072952424,1.0457948,3.986208916,0.023154268,-0.040288433,0.093860679,0,0,0.093860656,0.093860656,0.093860656,0.093860656,-0.093860656,-0.093860656,-0.093860656,-0.093860656
28.90015006,0.787874043,0.359656721,0.170752466,0.46983552,0.816730407,-0.068950736,1.045594223,3.571158171,0.086143166,-0.130144224,-5.20E-13,0,0,-5.20E-13,-5.20E-13,-5.20E-13,-5.20E-13,5.20E-13,5.20E-13,5.20E-13,5.20E-13
28.95040011,0.764062941,0.407526642,0.206212401,0.455638558,0.947492031,-0.056280892,1.046582546,3.028443813,0.239422753,-0.21807009,-0.093860679,0,0,-5.20E-13,-5.20E-13,-5.20E-13,-5.20E-13,5.20E-13,5.20E-13,5.20E-13,5.20E-13
29.00027013,0.735239923,0.456346899,0.243522018,0.438026309,1.086829906,-0.041701751,1.049398023,2.545798302,0.206158683,-0.221358642,-0.185410197,0,0,-0.093860656,-0.093860656,-0.093860656,-0.093860656,0.093860656,0.093860656,0.093860656,0.093860656
29.05028009,0.714400113,0.486928701,0.267816782,0.425214469,1.178254103,-0.031446755,1.052755932,2.018028498,0.152748227,-0.181321979,-0.2723943,0,0,-0.27239424,-0.27239424,-0.27239424,-0.27239424,0.27239424,0.27239424,0.27239424,0.27239424
29.10034013,0.681896925,0.528388262,0.302185714,0.405593872,1.308794403,-0.01650381,1.060516539,1.301343799,0.164755493,-0.124079049,-0.352671151,0,0,-0.352671087,-0.352671087,-0.352671087,-0.352671087,0.352671087,0.352671087,0.352671087,0.352671087
29.15026999,0.666758835,0.545024514,0.317067921,0.39730224,1.364492641,-0.010263423,1.066417989,0.927654922,0.134386897,-0.075283669,-0.424264069,0,0,-0.424263984,-0.424263984,-0.424263984,-0.424263984,0.424263984,0.424263984,0.424263984,0.424263984
29.20024014,0.658135355,0.553324401,0.325074941,0.393721133,1.393547426,-0.007824477,1.071697375,0.536149085,0.162828743,-0.021055346,-0.485410197,0,0,-0.485410094,-0.485410094,-0.485410094,-0.485410094,0.485410094,0.485410094,0.485410094,0.485410094
29.2502501,0.653324366,0.556788564,0.328983873,0.393603206,1.406540595,-0.008441266,1.077298572,0.135070831,0.125437245,0.080619007,-0.534603915,0,0,-0.534603775,-0.534603775,-0.534603775,-0.534603775,0.534603775,0.534603775,0.534603775,0.534603775
29.30012012,0.652550459,0.555272639,0.328229189,0.397637874,1.402106883,-0.013223032,1.083384788,-0.370913774,0.12787208,0.199621215,-0.57063391,0,0,-0.570633769,-0.570633769,-0.570633769,-0.570633769,0.570633769,0.570633769,0.570633769,0.570633769
29.35028005,0.658599138,0.544501066,0.319042325,0.409851283,1.365833582,-0.026089872,1.092097363,-1.130128503,0.154688284,0.379697382,-0.592613004,0,0,-0.592612863,-0.592612863,-0.592612863,-0.592612863,0.592612863,0.592612863,0.592612863,0.592612863
29.40022993,0.68500185,0.502611995,0.281106591,0.446243137,1.226642035,-0.063499889,1.110081574,-2.314059973,0.062831588,0.614503145,-0.6,0,0,-0.592612863,-0.592612863,-0.592612863,-0.592612863,0.592612863,0.592612863,0.592612863,0.592612863
29.45032001,0.705862343,0.466324478,0.255352199,0.46807608,1.119717767,-0.076137193,1.123362322,-2.379460096,0.324983686,-0.3294577,-0.592613004,0,0,-0.592612863,-0.592612863,-0.592612863,-0.592612863,0.592612863,0.592612863,0.592612863,0.592612863
29.5002501,0.745259166,0.397951722,0.23459588,0.480820298,0.96001077,-0.033023068,1.128753786,-3.166690588,0.354214251,-0.433401465,-0.57063391,0,0,-0.570633769,-0.570633769,-0.570633769,-0.570633769,0.570633769,0.570633769,0.570633769,0.570633769
29.55028009,0.773666501,0.339322656,0.208806366,0.492646307,0.819532083,-0.011239361,1.129152495,-3.740116358,0.286746323,-0.418396354,-0.534603915,0,0,-0.534603775,-0.534603775,-0.534603775,-0.534603775,0.534603775,0.534603775,0.534603775,0.534603775
29.60021996,0.800125182,0.274165243,0.176619083,0.503427267,0.664386216,0.00659028,1.125480596,-3.970930099,0.219580695,-0.336998612,-0.485410197,0,0,-0.485410094,-0.485410094,-0.485410094,-0.485410094,0.485410094,0.485410094,0.485410094,0.485410094
29.65023994,0.820629895,0.205894753,0.140719756,0.514171064,0.503762531,0.019228614,1.124384313,-4.12086916,0.381262064,-0.047101289,-0.424264069,0,0,-0.424263984,-0.424263984,-0.424263984,-0.424263984,0.424263984,0.424263984,0.424263984,0.424263984
29.70008993,0.835644543,0.049576972,0.051638663,0.544586062,0.139626699,0.032310893,1.157392485,-4.057123184,0.24326624,0.580375195,-0.352671151,0,0,-0.352671087,-0.352671087,-0.352671087,-0.352671087,0.352671087,0.352671087,0.352671087,0.352671087
29.75023007,0.830087066,-0.020736923,0.009810215,0.557161868,-0.023515565,0.039404502,1.181817953,-4.163134098,0.155620247,0.567412794,-0.2723943,0,0,-0.27239424,-0.27239424,-0.27239424,-0.27239424,0.27239424,0.27239424,0.27239424,0.27239424
29.80023003,0.819562674,-0.088491224,-0.03216593,0.565200627,-0.182625396,0.047324259,1.203139685,-3.869037628,0.081045516,0.507487059,-0.185410197,0,0,-0.185410157,-0.185410157,-0.185410157,-0.185410157,0.185410157,0.185410157,0.185410157,0.185410157
29.85023999,0.80788815,-0.145060942,-0.068372853,0.567097366,-0.317708722,0.054078463,1.215401789,-3.027170897,0.061575472,0.185908094,-0.093860679,0,0,-0.185410157,-0.185410157,-0.185410157,-0.185410157,0.185410157,0.185410157,0.185410157,0.185410157
29.90012002,0.79486692,-0.202121407,-0.106729619,0.562087715,-0.457865527,0.057580027,1.217592286,-2.58608222,0.034458254,-0.015136627,5.48E-13,0,0,-0.093860656,-0.093860656,-0.093860656,-0.093860656,0.093860656,0.093860656,0.093860656,0.093860656
29.95022011,0.784578502,-0.240926877,-0.133765996,0.555425584,-0.555685833,0.057766169,1.215574496,-2.31423521,0.009108348,-0.057716746,0.093860679,0,0,0.093860656,0.093860656,0.093860656,0.093860656,-0.093860656,-0.093860656,-0.093860656,-0.093860656
30.00022006,0.763481736,-0.299790442,-0.17448166,0.544772923,-0.706337984,0.060244741,1.217294413,-1.957628727,-0.010545561,0.126717374,0.185410197,0,0,0.185410157,0.185410157,0.185410157,0.185410157,-0.185410157,-0.185410157,-0.185410157,-0.185410157
