time,ref_qw,ref_qx,ref_qy,ref_qz,ref_phi,ref_theta,ref_psi,qw,qx,qy,qz,phi,theta,psi,p,q,r,u_4,u_5,u_6,m_1,m_2,m_3,m_4,m_5,m_6,m_7,m_8
0,1,0,0,0,0,0,0,0.937498808,-0.334983647,-0.02928151,0.089580156,-0.685871734,0.005113035,0.188700551,-0.086002052,-0.13788195,-0.082948804,0.285316955,0,0,0.285316885,0.285316885,0.285316885,0.285316885,-0.285316885,-0.285316885,-0.285316885,-0.285316885
0.0502601,1,0,0,0,0,0,0,0.938518763,-0.332181931,-0.028143985,0.089697443,-0.679727621,0.006764475,0.188176187,0.323098183,0.040020797,0.045653433,0.296306502,0,0,0.296306431,0.296306431,0.296306431,0.296306431,-0.296306431,-0.296306431,-0.296306431,-0.296306431
0.0999901,1,0,0,0,0,0,0,0.941618443,-0.323527962,-0.02528494,0.089695826,-0.660926913,0.010420869,0.186366215,0.522018254,0.083705045,-0.005787612,0.3,0,0,0.299999923,0.299999923,0.299999923,0.299999923,-0.299999923,-0.299999923,-0.299999923,-0.299999923
0.15031,1,0,0,0,0,0,0,0.95204258,-0.292071164,-0.019718591,0.088998891,-0.594019467,0.014442641,0.182001891,1.161375403,0.057692114,-0.056813687,0.296306502,0,0,0.296306431,0.296306431,0.296306431,0.296306431,-0.296306431,-0.296306431,-0.296306431,-0.296306431
0.19993,1,0,0,0,0,0,0,0.959681273,-0.266451329,-0.016317919,0.088030934,-0.540251978,0.015592546,0.178629155,1.505519867,0.064014688,-0.049153004,0.285316955,0,0,0.285316885,0.285316885,0.285316885,0.285316885,-0.285316885,-0.285316885,-0.285316885,-0.285316885
0.2502201,1,0,0,0,0,0,0,0.972258329,-0.216979966,-0.010403803,0.086748593,-0.437626021,0.017415924,0.174103404,1.888526559,0.060202979,-0.051088676,0.267301957,0,0,0.267301887,0.267301887,0.267301887,0.267301887,-0.267301887,-0.267301887,-0.267301887,-0.267301887
0.2999699,1,0,0,0,0,0,0,0.980204582,-0.17831029,-0.006052024,0.085835673,-0.358277593,0.018747422,0.171297777,2.070061922,0.053640515,-0.055937529,0.242705098,0,0,0.242705047,0.242705047,0.242705047,0.242705047,-0.242705047,-0.242705047,-0.242705047,-0.242705047
0.3499601,1,0,0,0,0,0,0,0.987024844,-0.136399686,-0.001517587,0.084706716,-0.272947785,0.020113493,0.168458735,2.193983078,0.048934732,-0.063456677,0.212132034,0,0,0.212131992,0.212131992,0.212131992,0.212131992,-0.212131992,-0.212131992,-0.212131992,-0.212131992
0.4000301,1,0,0,0,0,0,0,0.992222428,-0.092352562,0.003141068,0.083402693,-0.183820849,0.021639866,0.165724008,2.257674217,0.051873241,-0.060159046,0.176335576,0,0,0.176335543,0.176335543,0.176335543,0.176335543,-0.176335543,-0.176335543,-0.176335543,-0.176335543
0.4500401,1,0,0,0,0,0,0,0.996651173,0.008488433,0.013528117,0.080196545,0.01909725,0.025606937,0.160830564,2.212156773,0.050798867,-0.043258131,0.13619715,0,0,0.13619712,0.13619712,0.13619712,0.13619712,-0.13619712,-0.13619712,-0.13619712,-0.13619712
0.5000401,1,0,0,0,0,0,0,0.995387018,0.051829387,0.017995771,0.078706831,0.106253771,0.027670385,0.159286337,2.139827967,0.049889892,-0.046396311,0.092705098,0,0,0.092705078,0.092705078,0.092705078,0.092705078,-0.092705078,-0.092705078,-0.092705078,-0.092705078
0.5500801,1,0,0,0,0,0,0,0.992434084,0.092846006,0.02224513,0.077199318,0.188927045,0.029822762,0.158088829,2.013604403,0.046721891,-0.042571176,0.04693034,0,0,0.092705078,0.092705078,0.092705078,0.092705078,-0.092705078,-0.092705078,-0.092705078,-0.092705078
0.60007,1,0,0,0,0,0,0,0.988117278,0.131199926,0.02608691,0.0756993,0.266507249,0.031695671,0.157169652,1.871381164,0.040214539,-0.035865638,-1.21E-11,0,0,-1.21E-11,-1.21E-11,-1.21E-11,-1.21E-11,1.21E-11,1.21E-11,1.21E-11,1.21E-11
0.65008,1,0,0,0,0,0,0,0.98142755,0.174428642,0.030347165,0.07385084,0.354433065,0.033810115,0.156269474,1.657028913,0.035242014,-0.033871848,-0.04693034,0,0,-0.046930328,-0.046930328,-0.046930328,-0.046930328,0.046930328,0.046930328,0.046930328,0.046930328
0.69998,1,0,0,0,0,0,0,0.975532711,0.204887301,0.033295799,0.072447725,0.416787241,0.035282359,0.155719082,1.466772199,0.023030503,-0.030164436,-0.092705098,0,0,-0.092705078,-0.092705078,-0.092705078,-0.092705078,0.092705078,0.092705078,0.092705078,0.092705078
0.7502701,1,0,0,0,0,0,0,0.966674685,0.243289843,0.036962654,0.070599213,0.495999518,0.03711809,0.155207026,1.181761503,0.020431736,-0.020331154,-0.13619715,0,0,-0.13619712,-0.13619712,-0.13619712,-0.13619712,0.13619712,0.13619712,0.13619712,0.13619712
0.8003299,1,0,0,0,0,0,0,0.956701279,0.280118793,0.03829943,0.069205634,0.572343581,0.034517479,0.154581608,0.512913704,-0.289537102,0.129026964,-0.176335576,0,0,-0.176335543,-0.176335543,-0.176335543,-0.176335543,0.176335543,0.176335543,0.176335543,0.176335543
0.8500001,1,0,0,0,0,0,0,0.954452813,0.288314998,0.032267801,0.069664702,0.588350131,0.021427069,0.152211786,0.351200283,-0.307761163,0.120570518,-0.212132034,0,0,-0.212131992,-0.212131992,-0.212131992,-0.212131992,0.212131992,0.212131992,0.212131992,0.212131992
0.9000201,1,0,0,0,0,0,0,0.953422964,0.292048216,0.029583603,0.069408819,0.595675665,0.015870591,0.150214687,0.116004795,-0.053955618,-0.047977269,-0.242705098,0,0,-0.242705047,-0.242705047,-0.242705047,-0.242705047,0.242705047,0.242705047,0.242705047,0.242705047
0.95,1,0,0,0,0,0,0,0.953266561,0.292908758,0.028890913,0.068211034,0.597340938,0.01512284,0.147522697,-0.007350743,-0.049848858,-0.039148331,-0.267301957,0,0,-0.267301887,-0.267301887,-0.267301887,-0.267301887,0.267301887,0.267301887,0.267301887,0.267301887
1.0002701,1,0,0,0,0,0,0,0.954581797,0.289157003,0.027449206,0.066395752,0.589261894,0.014007888,0.143136871,-0.256851315,-0.073339052,-0.055176027,-0.285316955,0,0,-0.285316885,-0.285316885,-0.285316885,-0.285316885,0.285316885,0.285316885,0.285316885,0.285316885
1.05004,1,0,0,0,0,0,0,0.958057106,0.278063178,0.02529715,0.064557187,0.565821332,0.012570605,0.138217894,-0.67371732,-0.078339875,-0.06180704,-0.296306502,0,0,-0.296306431,-0.296306431,-0.296306431,-0.296306431,0.296306431,0.296306431,0.296306431,0.296306431
1.10009,1,0,0,0,0,0,0,0.964276016,0.256357402,0.022155577,0.062942997,0.520385708,0.010456568,0.133148662,-0.96873951,-0.075756021,-0.048252948,-0.3,0,0,-0.299999923,-0.299999923,-0.299999923,-0.299999923,0.299999923,0.299999923,0.299999923,0.299999923
1.1503201,1,0,0,0,0,0,0,0.971305311,0.228811219,0.018674338,0.062151715,0.463214354,0.007835027,0.129649233,-1.299182177,-0.086408883,-0.035841782,-0.296306502,0,0,-0.296306431,-0.296306431,-0.296306431,-0.296306431,0.296306431,0.296306431,0.296306431,0.296306431
1.2000501,1,0,0,0,0,0,0,0.977604032,0.200538084,0.015352256,0.061962381,0.404981093,0.005165242,0.127654868,-1.616656423,-0.086548992,-0.014208267,-0.285316955,0,0,-0.285316885,-0.285316885,-0.285316885,-0.285316885,0.285316885,0.285316885,0.285316885,0.285316885
1.2500601,1,0,0,0,0,0,0,0.984008372,0.166552812,0.011650001,0.06206454,0.335483387,0.002253351,0.12636105,-1.852454543,-0.074034996,-0.001201035,-0.267301957,0,0,-0.267301887,-0.267301887,-0.267301887,-0.267301887,0.267301887,0.267301887,0.267301887,0.267301887
1.3001401,1,0,0,0,0,0,0,0.989783049,0.128027633,0.007705707,0.062283468,0.257226265,-0.000694054,0.125597286,-2.050096273,-0.073582016,0.00247136,-0.242705098,0,0,-0.242705047,-0.242705047,-0.242705047,-0.242705047,0.242705047,0.242705047,0.242705047,0.242705047
1.3503201,1,0,0,0,0,0,0,0.995197058,0.075265907,0.002693801,0.062536508,0.150716896,-0.004052019,0.125205673,-2.197612524,-0.060615018,0.002904985,-0.212132034,0,0,-0.212131992,-0.212131992,-0.212131992,-0.212131992,0.212131992,0.212131992,0.212131992,0.212131992
1.40011,1,0,0,0,0,0,0,0.997926176,-0.014474165,-0.005288961,0.06249927,-0.029554833,-0.008746846,0.125224182,-2.280895948,-0.058589958,-0.000531972,-0.176335576,0,0,-0.176335543,-0.176335543,-0.176335543,-0.176335543,0.176335543,0.176335543,0.176335543,0.176335543
1.4503701,1,0,0,0,0,0,0,0.996256828,-0.059369881,-0.009223692,0.062149439,-0.119734899,-0.010998944,0.125263701,-2.235725641,-0.054982372,-0.008788717,-0.13619715,0,0,-0.13619712,-0.13619712,-0.13619712,-0.13619712,0.13619712,0.13619712,0.13619712,0.13619712
1.5000701,1,0,0,0,0,0,0,0.99025619,-0.124223083,-0.014884107,0.061154522,-0.250482136,-0.014285036,0.125154382,-2.120205402,-0.054083835,-0.022330906,-0.092705098,0,0,-0.092705078,-0.092705078,-0.092705078,-0.092705078,0.092705078,0.092705078,0.092705078,0.092705078
1.5504,1,0,0,0,0,0,0,0.985966325,-0.154612824,-0.017499385,0.060489547,-0.312082804,-0.015803349,0.125033681,-2.009535551,-0.043904826,-0.0246078,-0.046930339,0,0,-0.046930328,-0.046930328,-0.046930328,-0.046930328,0.046930328,0.046930328,0.046930328,0.046930328
1.60007,1,0,0,0,0,0,0,0.979252875,-0.19260563,-0.020769224,0.059461556,-0.389525048,-0.017772316,0.124799683,-1.862150669,-0.041975122,-0.019831976,1.23E-11,0,0,1.23E-11,1.23E-11,1.23E-11,1.23E-11,-1.23E-11,-1.23E-11,-1.23E-11,-1.23E-11
1.6500599,1,0,0,0,0,0,0,0.971819282,-0.227151871,-0.023732072,0.058363173,-0.46045603,-0.019613216,0.124564238,-1.681512594,-0.04101995,-0.032621656,0.04693034,0,0,0.046930328,0.046930328,0.046930328,0.046930328,-0.046930328,-0.046930328,-0.046930328,-0.046930328
1.70016,1,0,0,0,0,0,0,0.953163147,-0.29588753,-0.02981198,0.055153169,-0.603481818,-0.024195452,0.123128749,-1.178580999,-0.021938987,-0.049009945,0.092705098,0,0,0.092705078,0.092705078,0.092705078,0.092705078,-0.092705078,-0.092705078,-0.092705078,-0.092705078
1.75032,1,0,0,0,0,0,0,0.946624637,-0.316264957,-0.031692304,0.053610299,-0.646468692,-0.026094269,0.121886935,-0.993316174,-0.011302534,-0.0618756,0.13619715,0,0,0.13619712,0.13619712,0.13619712,0.13619712,-0.13619712,-0.13619712,-0.13619712,-0.13619712
1.80007,1,0,0,0,0,0,0,0.940994442,-0.332751393,-0.033252552,0.051967707,-0.681472354,-0.027999927,0.120269024,-0.786098957,-0.008380415,-0.065614305,0.176335576,0,0,0.176335543,0.176335543,0.176335543,0.176335543,-0.176335543,-0.176335543,-0.176335543,-0.176335543
1.8503799,1,0,0,0,0,0,0,0.936395586,-0.345609576,-0.034518071,0.050259035,-0.708921282,-0.029909585,0.118312834,-0.609193802,-0.004900993,-0.074887298,0.212132034,0,0,0.212131992,0.212131992,0.212131992,0.212131992,-0.212131992,-0.212131992,-0.212131992,-0.212131992
1.90011,1,0,0,0,0,0,0,0.932060838,-0.357323915,-0.03576361,0.047992148,-0.734045815,-0.03237589,0.115337437,-0.410339236,0.003979356,-0.089706481,0.242705098,0,0,0.242705047,0.242705047,0.242705047,0.242705047,-0.242705047,-0.242705047,-0.242705047,-0.242705047
1.9500899,1,0,0,0,0,0,0,0.929747522,-0.363473207,-0.036482692,0.046108074,-0.747273413,-0.034328021,0.112562404,-0.265434384,0.017299505,-0.08956641,0.267301957,0,0,0.242705047,0.242705047,0.242705047,0.242705047,-0.242705047,-0.242705047,-0.242705047,-0.242705047
2.0000701,1,0,0,0,0,0,0,0.929184496,-0.365351498,-0.036226384,0.042688433,-0.751172565,-0.036137281,0.106069469,0.101191565,0.132409498,-0.008916855,0.285316955,0,0,0.285316885,0.285316885,0.285316885,0.285316885,-0.285316885,-0.285316885,-0.285316885,-0.285316885
2.05036,1,0,0,0,0,0,0,0.931750357,-0.359143376,-0.033584867,0.041586973,-0.737469633,-0.032719886,0.101851333,0.410386145,0.096712254,-0.019195678,0.296306502,0,0,0.296306431,0.296306431,0.296306431,0.296306431,-0.296306431,-0.296306431,-0.296306431,-0.296306431
2.1003501,1,0,0,0,0,0,0,0.935841262,-0.348638892,-0.030995799,0.041127104,-0.71467618,-0.029341486,0.098792631,0.694774866,0.121881835,0.009668619,0.3,0,0,0.299999923,0.299999923,0.299999923,0.299999923,-0.299999923,-0.299999923,-0.299999923,-0.299999923
2.1500499,1,0,0,0,0,0,0,0.941930234,-0.332134426,-0.02821435,0.040719029,-0.679246242,-0.026106484,0.095629112,1.045031428,0.099810243,-0.02010316,0.296306502,0,0,0.296306431,0.296306431,0.296306431,0.296306431,-0.296306431,-0.296306431,-0.296306431,-0.296306431
2.2004101,1,0,0,0,0,0,0,0.949872196,-0.309015453,-0.025123497,0.040265355,-0.630102036,-0.022844971,0.092175447,1.391093612,0.118327945,-0.032039002,0.285316955,0,0,0.285316885,0.285316885,0.285316885,0.285316885,-0.285316885,-0.285316885,-0.285316885,-0.285316885
2.2500601,1,0,0,0,0,0,0,0.963880658,-0.262642026,-0.020308776,0.039256047,-0.532852826,-0.018530953,0.086466676,1.816705585,0.111668654,-0.053301498,0.267301957,0,0,0.267301887,0.267301887,0.267301887,0.267301887,-0.267301887,-0.267301887,-0.267301887,-0.267301887
2.3005099,1,0,0,0,0,0,0,0.977894962,-0.205084264,-0.015291341,0.037792355,-0.414026849,-0.014405911,0.080280445,2.113166332,0.109043099,-0.070072792,0.242705098,0,0,0.242705047,0.242705047,0.242705047,0.242705047,-0.242705047,-0.242705047,-0.242705047,-0.242705047
2.35008,1,0,0,0,0,0,0,0.98775351,-0.151352927,-0.011097115,0.036226895,-0.304504725,-0.010956551,0.07500042,2.255462646,0.095669307,-0.075610071,0.212132034,0,0,0.212131992,0.212131992,0.212131992,0.212131992,-0.212131992,-0.212131992,-0.212131992,-0.212131992
2.4000499,1,0,0,0,0,0,0,0.995945871,-0.08294408,-0.006153814,0.034268811,-0.166407909,-0.006572988,0.069337641,2.330689907,0.089281179,-0.076666579,0.176335576,0,0,0.176335543,0.176335543,0.176335543,0.176335543,-0.176335543,-0.176335543,-0.176335543,-0.176335543
2.4500401,1,0,0,0,0,0,0,0.998767734,-0.036946654,-0.00299186,0.03300247,-0.074067886,-0.003537691,0.066193414,2.304805517,0.083520383,-0.069515519,0.13619715,0,0,0.13619712,0.13619712,0.13619712,0.13619712,-0.13619712,-0.13619712,-0.13619712,-0.13619712
2.50014,1,0,0,0,0,0,0,0.999460816,0.008292748,-2.48E-05,0.031768996,0.016575739,-0.000576497,0.063546094,2.232675552,0.075466283,-0.067436785,0.092705098,0,0,0.092705078,0.092705078,0.092705078,0.092705078,-0.092705078,-0.092705078,-0.092705078,-0.092705078
2.55038,1,0,0,0,0,0,0,0.998176992,0.051957227,0.002776787,0.030588828,0.104082984,0.00236483,0.061393393,2.131659269,0.063920841,-0.060910057,0.046930339,0,0,0.046930328,0.046930328,0.046930328,0.046930328,-0.046930328,-0.046930328,-0.046930328,-0.046930328
2.60006,1,0,0,0,0,0,0,0.994231343,0.103043161,0.005951341,0.029174313,0.206717225,0.005821623,0.059274205,1.961651206,0.053476594,-0.054332666,-1.25E-11,0,0,-1.25E-11,-1.25E-11,-1.25E-11,-1.25E-11,1.25E-11,1.25E-11,1.25E-11,1.25E-11
2.6500399,1,0,0,0,0,0,0,0.984254241,0.174400494,0.010343512,0.026856884,0.351051262,0.010993802,0.056509303,1.647168636,0.052263621,-0.057672005,-0.04693034,0,0,-1.25E-11,-1.25E-11,-1.25E-11,-1.25E-11,1.25E-11,1.25E-11,1.25E-11,1.25E-11
2.7000701,1,0,0,0,0,0,0,0.978460968,0.204457372,0.012238788,0.025722096,0.412360249,0.013432612,0.055374037,1.447761059,0.046017047,-0.054253671,-0.092705098,0,0,-0.092705078,-0.092705078,-0.092705078,-0.092705078,0.092705078,0.092705078,0.092705078,0.092705078
2.7500701,1,0,0,0,0,0,0,0.971173644,0.236700535,0.014351642,0.024265788,0.478572939,0.016389153,0.053960086,1.216695905,0.036441542,-0.055009145,-0.13619715,0,0,-0.13619712,-0.13619712,-0.13619712,-0.13619712,0.13619712,0.13619712,0.13619712,0.13619712
2.8004701,1,0,0,0,0,0,0,0.965663373,0.258286268,0.015778715,0.023102967,0.523194668,0.018540553,0.052803821,1.040704131,0.029773269,-0.057367992,-0.176335576,0,0,-0.13619712,-0.13619712,-0.13619712,-0.13619712,0.13619712,0.13619712,0.13619712,0.13619712
2.85007,1,0,0,0,0,0,0,0.96061939,0.276476204,0.016987234,0.021974377,0.561002079,0.020487179,0.051644939,0.867893815,0.019828236,-0.051189974,-0.212132034,0,0,-0.212131992,-0.212131992,-0.212131992,-0.212131992,0.212131992,0.212131992,0.212131992,0.212131992
2.90043,1,0,0,0,0,0,0,0.95617497,0.29149276,0.017987115,0.020931039,0.592367293,0.022196983,0.050547656,0.715015113,0.018721074,-0.046861175,-0.242705098,0,0,-0.242705047,-0.242705047,-0.242705047,-0.242705047,0.242705047,0.242705047,0.242705047,0.242705047
2.9500799,1,0,0,0,0,0,0,0.950787961,0.308448702,0.022156918,0.019264074,0.628164935,0.030253709,0.050344919,-0.031892955,-0.067558892,0.043342263,-0.267301957,0,0,-0.242705047,-0.242705047,-0.242705047,-0.242705047,0.242705047,0.242705047,0.242705047,0.242705047
3.0004699,1,0,0,0,0,0,0,0.95128274,0.306962699,0.020888671,0.019973192,0.624968696,0.027483469,0.050865513,-0.165976599,-0.074383624,0.039877743,-0.285316955,0,0,-0.285316885,-0.285316885,-0.285316885,-0.285316885,0.285316885,0.285316885,0.285316885,0.285316885
3.0501101,1,0,0,0,0,0,0,0.952921152,0.301885396,0.019203851,0.020921089,0.614212401,0.023970265,0.051504578,-0.368925959,-0.074504323,0.075600296,-0.296306502,0,0,-0.296306431,-0.296306431,-0.296306431,-0.296306431,0.296306431,0.296306431,0.296306431,0.296306431
3.1001301,1,0,0,0,0,0,0,0.957669735,0.286503911,0.016118078,0.022905678,0.581857879,0.017747384,0.053141291,-0.749738693,-0.073926173,0.076030962,-0.3,0,0,-0.296306431,-0.296306431,-0.296306431,-0.296306431,0.296306431,0.296306431,0.296306431,0.296306431
3.15007,1,0,0,0,0,0,0,0.962787628,0.268808603,0.013955257,0.024235634,0.544905389,0.013842843,0.054201839,-1.081197143,-0.060640283,0.078430042,-0.296306502,0,0,-0.296306431,-0.296306431,-0.296306431,-0.296306431,0.296306431,0.296306431,0.296306431,0.296306431
3.2000799,1,0,0,0,0,0,0,0.969170332,0.24474664,0.011578991,0.025962275,0.494993617,0.009735823,0.056023517,-1.402046442,-0.061969493,0.098807432,-0.285316955,0,0,-0.296306431,-0.296306431,-0.296306431,-0.296306431,0.296306431,0.296306431,0.296306431,0.296306431
3.25035,1,0,0,0,0,0,0,0.983221948,0.17987065,0.00664084,0.029617945,0.36195141,0.002404043,0.060668385,-1.88922596,-0.056813713,0.082596458,-0.267301957,0,0,-0.267301887,-0.267301887,-0.267301887,-0.267301887,0.267301887,0.267301887,0.267301887,0.267301887
3.3004501,1,0,0,0,0,0,0,0.990936577,0.130531758,0.003404004,0.031540766,0.261895974,-0.00148784,0.063441061,-2.092556,-0.052397009,0.065270871,-0.242705098,0,0,-0.242705047,-0.242705047,-0.242705047,-0.242705047,0.242705047,0.242705047,0.242705047,0.242705047
3.35008,1,0,0,0,0,0,0,0.995577693,0.088054977,0.000767977,0.032725584,0.176294733,-0.004234151,0.065344036,-2.186901569,-0.054773767,0.053552605,-0.212132034,0,0,-0.212131992,-0.212131992,-0.212131992,-0.212131992,0.212131992,0.212131992,0.212131992,0.212131992
3.40009,1,0,0,0,0,0,0,0.998461366,0.044028368,-0.001868139,0.033662099,0.087910615,-0.006694752,0.067107956,-2.22736311,-0.046756927,0.042348415,-0.176335576,0,0,-0.176335543,-0.176335543,-0.176335543,-0.176335543,0.176335543,0.176335543,0.176335543,0.176335543
3.4502301,1,0,0,0,0,0,0,0.999397218,-0.000442436,-0.004483435,0.034426406,-0.001193084,-0.008931119,0.068872437,-2.215893269,-0.051504437,0.045412093,-0.13619715,0,0,-0.13619712,-0.13619712,-0.13619712,-0.13619712,0.13619712,0.13619712,0.13619712,0.13619712
3.5004401,1,0,0,0,0,0,0,0.997831821,-0.055114415,-0.00753191,0.035180483,-0.110752904,-0.011153482,0.071102936,-2.142524481,-0.042374488,0.039260879,-0.092705098,0,0,-0.092705078,-0.092705078,-0.092705078,-0.092705078,0.092705078,0.092705078,0.092705078,0.092705078
3.5500801,1,0,0,0,0,0,0,0.989909589,-0.136572823,-0.011602547,0.035950363,-0.274688507,-0.013151637,0.074419493,-1.943345785,-0.023345672,0.024364168,-0.046930339,0,0,-0.046930328,-0.046930328,-0.046930328,-0.046930328,0.046930328,0.046930328,0.046930328,0.046930328
3.6001,1,0,0,0,0,0,0,0.984172404,-0.173002616,-0.013256274,0.036044009,-0.348529469,-0.013621922,0.075612807,-1.77305913,-0.015607487,0.01798944,1.27E-11,0,0,1.27E-11,1.27E-11,1.27E-11,1.27E-11,-1.27E-11,-1.27E-11,-1.27E-11,-1.27E-11
3.64996,1,0,0,0,0,0,0,0.974498868,-0.221001938,-0.015277515,0.035735216,-0.446560903,-0.01398119,0.076482564,-1.507266879,-0.010311611,0.001456589,0.04693034,0,0,0.046930328,0.046930328,0.046930328,0.046930328,-0.046930328,-0.046930328,-0.046930328,-0.046930328
3.7000899,1,0,0,0,0,0,0,0.967986941,-0.247969478,-0.016372744,0.035277408,-0.502098486,-0.014202239,0.076498307,-1.294971108,-0.002111495,-0.008264188,0.092705098,0,0,0.046930328,0.046930328,0.046930328,0.046930328,-0.046930328,-0.046930328,-0.046930328,-0.046930328
3.7500801,1,0,0,0,0,0,0,0.96180588,-0.270978004,-0.017303199,0.034662105,-0.549792918,-0.014499801,0.076135497,-1.09966588,0.001291186,-0.019456452,0.13619715,0,0,0.13619712,0.13619712,0.13619712,0.13619712,-0.13619712,-0.13619712,-0.13619712,-0.13619712
3.80007,1,0,0,0,0,0,0,0.956342518,-0.289730519,-0.017431585,0.034082964,-0.588847033,-0.013591797,0.075369168,-0.765794694,0.17548281,0.058235981,0.176335576,0,0,0.176335543,0.176335543,0.176335543,0.176335543,-0.176335543,-0.176335543,-0.176335543,-0.176335543
3.8500299,1,0,0,0,0,0,0,0.949536204,-0.31167087,-0.00565257,0.034790818,-0.633928247,0.010952147,0.069654243,-0.318646461,0.242813706,0.079003729,0.212132034,0,0,0.212131992,0.212131992,0.212131992,0.212131992,-0.212131992,-0.212131992,-0.212131992,-0.212131992
3.90007,1,0,0,0,0,0,0,0.947891712,-0.316691369,-0.000802114,0.034748048,-0.644201214,0.020489609,0.066445624,-0.191988066,0.232314318,0.064533211,0.242705098,0,0,0.242705047,0.242705047,0.242705047,0.242705047,-0.242705047,-0.242705047,-0.242705047,-0.242705047
3.9500501,1,0,0,0,0,0,0,0.947125196,-0.318999469,0.003777117,0.034339219,-0.648837523,0.029067276,0.062704822,-0.025735797,0.220512599,0.040408228,0.267301957,0,0,0.267301887,0.267301887,0.267301887,0.267301887,-0.267301887,-0.267301887,-0.267301887,-0.267301887
4.00035,1,0,0,0,0,0,0,0.947663188,-0.317392588,0.009119353,0.033368941,-0.645250882,0.038475744,0.057530477,0.177454233,0.209822536,0.001419336,0.285316955,0,0,0.285316885,0.285316885,0.285316885,0.285316885,-0.285316885,-0.285316885,-0.285316885,-0.285316885
4.05006,1,0,0,0,0,0,0,0.949393034,-0.312171251,0.013092086,0.032101497,-0.634163043,0.044916504,0.05285783,0.386860251,0.179534405,-0.002630056,0.296306502,0,0,0.296306431,0.296306431,0.296306431,0.296306431,-0.296306431,-0.296306431,-0.296306431,-0.296306431
4.10062,1,0,0,0,0,0,0,0.952456474,-0.302663803,0.016934277,0.030573502,-0.614139661,0.050787128,0.04806953,0.63990593,0.203419507,-0.018303102,0.3,0,0,0.299999923,0.299999923,0.299999923,0.299999923,-0.299999923,-0.299999923,-0.299999923,-0.299999923
4.1500599,1,0,0,0,0,0,0,0.964849353,-0.260418355,0.024397872,0.025556421,-0.526139076,0.060428011,0.036684039,1.238414645,0.144472048,-0.052441686,0.296306502,0,0,0.296306431,0.296306431,0.296306431,0.296306431,-0.296306431,-0.296306431,-0.296306431,-0.296306431
4.2004001,1,0,0,0,0,0,0,0.97211498,-0.231739074,0.027471801,0.023127906,-0.467000526,0.06417481,0.032305492,1.620407939,0.122978628,-0.057579625,0.285316955,0,0,0.285316885,0.285316885,0.285316885,0.285316885,-0.285316885,-0.285316885,-0.285316885,-0.285316885
4.2500801,1,0,0,0,0,0,0,0.979634702,-0.197440237,0.030292291,0.020394081,-0.396813997,0.067455105,0.028063153,1.874924779,0.109686807,-0.070650943,0.267301957,0,0,0.267301887,0.267301887,0.267301887,0.267301887,-0.267301887,-0.267301887,-0.267301887,-0.267301887
4.3003499,1,0,0,0,0,0,0,0.986629069,-0.158684433,0.032888137,0.01734761,-0.318097711,0.070460646,0.023855085,2.056539059,0.102736928,-0.081870049,0.242705098,0,0,0.242705047,0.242705047,0.242705047,0.242705047,-0.242705047,-0.242705047,-0.242705047,-0.242705047
4.35009,1,0,0,0,0,0,0,0.99478811,-0.094445385,0.036356747,0.012446729,-0.188641808,0.074755195,0.017947346,2.247510195,0.087096661,-0.081057958,0.212132034,0,0,0.212131992,0.212131992,0.212131992,0.212131992,-0.212131992,-0.212131992,-0.212131992,-0.212131992
4.4003999,1,0,0,0,0,0,0,0.99800235,-0.049362082,0.038397398,0.008973554,-0.098291357,0.077605152,0.014163603,2.291373491,0.077848971,-0.088168807,0.176335576,0,0,0.176335543,0.176335543,0.176335543,0.176335543,-0.176335543,-0.176335543,-0.176335543,-0.176335543
4.4500701,1,0,0,0,0,0,0,0.999170601,-0.003735857,0.040181659,0.005438805,-0.007051287,0.080423972,0.010602831,2.269616127,0.075907372,-0.087726235,0.13619715,0,0,0.13619712,0.13619712,0.13619712,0.13619712,-0.13619712,-0.13619712,-0.13619712,-0.13619712
4.50033,1,0,0,0,0,0,0,0.99448359,0.095539153,0.043245401,-0.002131302,0.191725238,0.086528862,0.00403929,2.111722469,0.051588625,-0.071564399,0.092705098,0,0,0.092705078,0.092705078,0.092705078,0.092705078,-0.092705078,-0.092705078,-0.092705078,-0.092705078
4.5501001,1,0,0,0,0,0,0,0.989705026,0.136047587,0.04412815,-0.005291178,0.273281721,0.088904453,0.001539727,1.989492536,0.040306937,-0.080943182,0.046930339,0,0,0.092705078,0.092705078,0.092705078,0.092705078,-0.092705078,-0.092705078,-0.092705078,-0.092705078
4.6001101,1,0,0,0,0,0,0,0.983808875,0.173353717,0.044712611,-0.008334494,0.348791537,0.090992461,-0.00090063,1.82103157,0.027009126,-0.077830322,-1.29E-11,0,0,-1.29E-11,-1.29E-11,-1.29E-11,-1.29E-11,1.29E-11,1.29E-11,1.29E-11,1.29E-11
4.65007,1,0,0,0,0,0,0,0.977213085,0.207119092,0.045052629,-0.011247932,0.417560868,0.092844693,-0.003335104,1.63553381,0.016362231,-0.073915772,-0.04693034,0,0,-0.046930328,-0.046930328,-0.046930328,-0.046930328,0.046930328,0.046930328,0.046930328,0.046930328
4.7004499,1,0,0,0,0,0,0,0.970381081,0.236906067,0.045172296,-0.013992179,0.47863319,0.09443864,-0.005778088,1.43584621,0.002662094,-0.074079663,-0.092705098,0,0,-0.046930328,-0.046930328,-0.046930328,-0.046930328,0.046930328,0.046930328,0.046930328,0.046930328
4.7500901,1,0,0,0,0,0,0,0.962990582,0.265715092,0.042246871,-0.016119417,0.538066814,0.090054694,-0.008629506,0.70626992,-0.378920257,0.081143565,-0.13619715,0,0,-0.13619712,-0.13619712,-0.13619712,-0.13619712,0.13619712,0.13619712,0.13619712,0.13619712
4.8001001,1,0,0,0,0,0,0,0.95707047,0.288149089,0.026512008,-0.016836453,0.584370033,0.060487407,-0.016980388,0.470439374,-0.364899725,0.120336577,-0.176335576,0,0,-0.176335543,-0.176335543,-0.176335543,-0.176335543,0.176335543,0.176335543,0.176335543,0.176335543
4.8499701,1,0,0,0,0,0,0,0.955004811,0.29547438,0.019292265,-0.016990198,0.599614121,0.046905939,-0.021075437,0.341931731,-0.334885716,0.09364412,-0.212132034,0,0,-0.212131992,-0.212131992,-0.212131992,-0.212131992,0.212131992,0.212131992,0.212131992,0.212131992
4.9003601,1,0,0,0,0,0,0,0.953495204,0.300737619,0.010632291,-0.017056147,0.610660039,0.030539269,-0.026146012,0.152082041,-0.320263267,0.089145467,-0.242705098,0,0,-0.242705047,-0.242705047,-0.242705047,-0.242705047,0.242705047,0.242705047,0.242705047,0.242705047
4.9500701,1,0,0,0,0,0,0,0.953085542,0.302183837,0.004117507,-0.01720445,0.613788112,0.018247498,-0.030315825,0.020500278,-0.303804874,0.087917596,-0.267301957,0,0,-0.267301887,-0.267301887,-0.267301887,-0.267301887,0.267301887,0.267301887,0.267301887,0.267301887
5.0000601,1,0,0,0,0,0,0,0.953405976,0.301172465,-0.002040707,-0.017558945,0.611826499,0.006685345,-0.034718557,-0.103281446,-0.300103366,0.056198984,-0.285316955,0,0,-0.285316885,-0.285316885,-0.285316885,-0.285316885,0.285316885,0.285316885,0.285316885,0.285316885
5.05007,1,0,0,0,0,0,0,0.954703808,0.296909273,-0.007803631,-0.018027574,0.603110532,-0.004195216,-0.039066193,-0.288811326,-0.279100269,0.061000142,-0.296306502,0,0,-0.285316885,-0.285316885,-0.285316885,-0.285316885,0.285316885,0.285316885,0.285316885,0.285316885
5.1001301,1,0,0,0,0,0,0,0.962636113,0.269280404,-0.020524796,-0.019974288,0.546233667,-0.028762404,-0.049550529,-0.909637094,-0.233644277,0.027374184,-0.3,0,0,-0.299999923,-0.299999923,-0.299999923,-0.299999923,0.299999923,0.299999923,0.299999923,0.299999923
5.1501,1,0,0,0,0,0,0,0.968083918,0.248515695,-0.024859171,-0.020868883,0.503563525,-0.037768016,-0.052823662,-1.209593296,-0.234428108,0.04999714,-0.296306502,0,0,-0.296306431,-0.296306431,-0.296306431,-0.296306431,0.296306431,0.296306431,0.296306431,0.296306431
5.20011,1,0,0,0,0,0,0,0.974494934,0.221506014,-0.028837949,-0.021520942,0.448291496,-0.04668779,-0.054806779,-1.527602792,-0.209708676,0.055753477,-0.285316955,0,0,-0.285316885,-0.285316885,-0.285316885,-0.285316885,0.285316885,0.285316885,0.285316885,0.285316885
5.2501199,1,0,0,0,0,0,0,0.982970476,0.179359347,-0.033090107,-0.02245976,0.362564087,-0.057027359,-0.056145311,-1.857961893,-0.192195371,0.050719872,-0.267301957,0,0,-0.285316885,-0.285316885,-0.285316885,-0.285316885,0.285316885,0.285316885,0.285316885,0.285316885
5.3001001,1,0,0,0,0,0,0,0.989150941,0.140508473,-0.035874784,-0.023469623,0.284037223,-0.064420336,-0.056659194,-2.044352055,-0.165887371,0.042729869,-0.242705098,0,0,-0.242705047,-0.242705047,-0.242705047,-0.242705047,0.242705047,0.242705047,0.242705047,0.242705047
5.3501101,1,0,0,0,0,0,0,0.994123518,0.098304294,-0.038086098,-0.024587832,0.199137297,-0.070949873,-0.056547036,-2.167495728,-0.149910346,0.033416644,-0.212132034,0,0,-0.212131992,-0.212131992,-0.212131992,-0.212131992,0.212131992,0.212131992,0.212131992,0.212131992
5.40011,1,0,0,0,0,0,0,0.998765707,-0.00249852,-0.041237298,-0.027574386,-0.002725984,-0.082604496,-0.05509025,-2.26303792,-0.095294535,0.011765227,-0.176335576,0,0,-0.176335543,-0.176335543,-0.176335543,-0.176335543,0.176335543,0.176335543,0.176335543,0.176335543
5.4500101,1,0,0,0,0,0,0,0.997571707,-0.047441684,-0.041903764,-0.029053122,-0.092696609,-0.086468385,-0.054218195,-2.239203691,-0.096009791,0.012763605,-0.13619715,0,0,-0.13619712,-0.13619712,-0.13619712,-0.13619712,0.13619712,0.13619712,0.13619712,0.13619712
5.50034,1,0,0,0,0,0,0,0.994480789,-0.091036826,-0.042248961,-0.030584248,-0.180178534,-0.089720458,-0.053378405,-2.147711277,-0.075832106,0.004827237,-0.092705098,0,0,-0.092705078,-0.092705078,-0.092705078,-0.092705078,0.092705078,0.092705078,0.092705078,0.092705078
5.55006,1,0,0,0,0,0,0,0.989760935,-0.132505819,-0.042266246,-0.032083143,-0.263742774,-0.092300341,-0.052556022,-2.031225681,-0.061668519,0.003243241,-0.046930339,0,0,-0.046930328,-0.046930328,-0.046930328,-0.046930328,0.046930328,0.046930328,0.046930328,0.046930328
5.6004601,1,0,0,0,0,0,0,0.982124209,-0.180355251,-0.041989572,-0.033781067,-0.360787092,-0.094805066,-0.05146202,-1.838049293,-0.049117237,-0.002746286,1.32E-11,0,0,1.32E-11,1.32E-11,1.32E-11,1.32E-11,-1.32E-11,-1.32E-11,-1.32E-11,-1.32E-11
5.6500399,1,0,0,0,0,0,0,0.97513628,-0.214818716,-0.041612267,-0.035083514,-0.431214934,-0.096377561,-0.050801716,-1.669290423,-0.039818913,-0.003926459,0.04693034,0,0,0.046930328,0.046930328,0.046930328,0.046930328,-0.046930328,-0.046930328,-0.046930328,-0.046930328
5.7000899,1,0,0,0,0,0,0,0.960807502,-0.271641105,-0.0406783,-0.037488546,-0.548581468,-0.098695034,-0.05020405,-1.320607185,-0.024409605,-0.011473901,0.092705098,0,0,0.092705078,0.092705078,0.092705078,0.092705078,-0.092705078,-0.092705078,-0.092705078,-0.092705078
5.75017,1,0,0,0,0,0,0,0.953939676,-0.296004146,-0.031472992,-0.037284195,-0.599584152,-0.0822118,-0.052703793,-0.651818633,0.317443281,0.14442879,0.13619715,0,0,0.13619712,0.13619712,0.13619712,0.13619712,-0.13619712,-0.13619712,-0.13619712,-0.13619712
5.80024,1,0,0,0,0,0,0,0.950838268,-0.306541562,-0.024257153,-0.036751159,-0.621843512,-0.068714823,-0.055175289,-0.468286961,0.306912541,0.128019616,0.176335576,0,0,0.176335543,0.176335543,0.176335543,0.176335543,-0.176335543,-0.176335543,-0.176335543,-0.176335543
5.85024,1,0,0,0,0,0,0,0.948534727,-0.314104289,-0.017525546,-0.036241282,-0.637940489,-0.056043584,-0.057865606,-0.34276405,0.272674143,0.1240604,0.212132034,0,0,0.212131992,0.212131992,0.212131992,0.212131992,-0.212131992,-0.212131992,-0.212131992,-0.212131992
5.90029,1,0,0,0,0,0,0,0.9470011,-0.319036245,-0.011260815,-0.035751168,-0.648559222,-0.044154184,-0.060623742,-0.193189085,0.271525294,0.10824427,0.242705098,0,0,0.242705047,0.242705047,0.242705047,0.242705047,-0.242705047,-0.242705047,-0.242705047,-0.242705047
5.9502599,1,0,0,0,0,0,0,0.94612211,-0.321868539,-0.003988544,-0.035184961,-0.65486324,-0.030201746,-0.064084005,-0.042322278,0.253083616,0.103617482,0.267301957,0,0,0.267301887,0.267301887,0.267301887,0.267301887,-0.267301887,-0.267301887,-0.267301887,-0.267301887
6.0002999,1,0,0,0,0,0,0,0.946564496,-0.320628524,0.002692624,-0.03472688,-0.652616871,-0.017172212,-0.067530379,0.144474953,0.247306392,0.091267377,0.285316955,0,0,0.285316885,0.285316885,0.285316885,0.285316885,-0.285316885,-0.285316885,-0.285316885,-0.285316885
6.0503399,1,0,0,0,0,0,0,0.949987233,-0.31016326,0.010852868,-0.03471804,-0.631128241,-0.00091635,-0.072759915,0.455520362,0.208485872,0.061275817,0.296306502,0,0,0.296306431,0.296306431,0.296306431,0.296306431,-0.296306431,-0.296306431,-0.296306431,-0.296306431
6.1000099,1,0,0,0,0,0,0,0.953594089,-0.298697501,0.014994811,-0.034836113,-0.607399716,0.007787083,-0.075470738,0.708454311,0.196900249,0.06557034,0.3,0,0,0.296306431,0.296306431,0.296306431,0.296306431,-0.296306431,-0.296306431,-0.296306431,-0.296306431
6.1500301,1,0,0,0,0,0,0,0.96021235,-0.276374459,0.019544495,-0.035035722,-0.561213136,0.018168772,-0.078179162,1.114515662,0.204511791,0.060892876,0.296306502,0,0,0.296306431,0.296306431,0.296306431,0.296306431,-0.296306431,-0.296306431,-0.296306431,-0.296306431
6.2000401,1,0,0,0,0,0,0,0.96699816,-0.251279056,0.022469504,-0.035616666,-0.509490632,0.025559275,-0.080287153,1.456235409,0.187688425,0.028213128,0.285316955,0,0,0.285316885,0.285316885,0.285316885,0.285316885,-0.285316885,-0.285316885,-0.285316885,-0.285316885
6.2502601,1,0,0,0,0,0,0,0.974439442,-0.220250621,0.024716565,-0.03669868,-0.445907392,0.032009235,-0.082544882,1.724747539,0.158456832,0.010832408,0.267301957,0,0,0.267301887,0.267301887,0.267301887,0.267301887,-0.267301887,-0.267301887,-0.267301887,-0.267301887
6.30023,1,0,0,0,0,0,0,0.981751144,-0.18443355,0.026369961,-0.038124871,-0.372994522,0.037723418,-0.084746915,1.925733328,0.141289219,-0.001832845,0.242705098,0,0,0.267301887,0.267301887,0.267301887,0.267301887,-0.267301887,-0.267301887,-0.267301887,-0.267301887
6.3500199,1,0,0,0,0,0,0,0.99449867,-0.091645807,0.028196365,-0.042172603,-0.185947434,0.048371465,-0.089272151,2.202723265,0.109704725,-0.028662421,0.212132034,0,0,0.212131992,0.212131992,0.212131992,0.212131992,-0.212131992,-0.212131992,-0.212131992,-0.212131992
6.4003,1,0,0,0,0,0,0,0.997499108,-0.047415629,0.028270485,-0.044138838,-0.097376166,0.052237571,-0.090987245,2.233582973,0.096602112,-0.031521957,0.176335576,0,0,0.176335543,0.176335543,0.176335543,0.176335543,-0.176335543,-0.176335543,-0.176335543,-0.176335543
6.45016,1,0,0,0,0,0,0,0.998540163,-0.002930879,0.028032601,-0.046078332,-0.008449816,0.055742113,-0.092461536,2.216977358,0.085602053,-0.038749024,0.13619715,0,0,0.13619712,0.13619712,0.13619712,0.13619712,-0.13619712,-0.13619712,-0.13619712,-0.13619712
6.50019,1,0,0,0,0,0,0,0.996500254,0.062156886,0.027225416,-0.04881255,0.121742509,0.060364987,-0.094209568,2.127992392,0.070303023,-0.036543652,0.092705098,0,0,0.092705078,0.092705078,0.092705078,0.092705078,-0.092705078,-0.092705078,-0.092705078,-0.092705078
6.55019,1,0,0,0,0,0,0,0.99301511,0.103322633,0.026434524,-0.050466672,0.20435529,0.062970054,-0.095097207,2.005062819,0.055713266,-0.03580752,0.046930339,0,0,0.046930328,0.046930328,0.046930328,0.046930328,-0.046930328,-0.046930328,-0.046930328,-0.046930328
6.6001701,1,0,0,0,0,0,0,0.988207519,0.141770765,0.025520902,-0.051922094,0.28185583,0.065208149,-0.095732656,1.863481879,0.044391334,-0.033697508,-1.34E-11,0,0,-1.34E-11,-1.34E-11,-1.34E-11,-1.34E-11,1.34E-11,1.34E-11,1.34E-11,1.34E-11
6.6505101,1,0,0,0,0,0,0,0.974682629,0.21556364,0.023129473,-0.054692812,0.431980715,0.068721419,-0.097025321,1.460182786,0.019026555,-0.029250996,-0.04693034,0,0,-0.046930328,-0.046930328,-0.046930328,-0.046930328,0.046930328,0.046930328,0.046930328,0.046930328
6.7001801,1,0,0,0,0,0,0,0.968396783,0.242094681,0.022042239,-0.055788048,0.486534228,0.069759789,-0.097770394,1.27529943,0.010211026,-0.032593329,-0.092705098,0,0,-0.046930328,-0.046930328,-0.046930328,-0.046930328,0.046930328,0.046930328,0.046930328,0.046930328
6.7499599,1,0,0,0,0,0,0,0.962401092,0.264800489,0.021013575,-0.056775734,0.533521196,0.070574013,-0.09855765,1.092118979,0.007205459,-0.031037632,-0.13619715,0,0,-0.13619712,-0.13619712,-0.13619712,-0.13619712,0.13619712,0.13619712,0.13619712,0.13619712
6.80007,1,0,0,0,0,0,0,0.956920028,0.283865303,0.020042868,-0.05764563,0.573212566,0.071146025,-0.099359902,0.910143197,0.001587719,-0.024993727,-0.176335576,0,0,-0.13619712,-0.13619712,-0.13619712,-0.13619712,0.13619712,0.13619712,0.13619712,0.13619712
6.8503201,1,0,0,0,0,0,0,0.950983703,0.303047836,0.018872777,-0.058616031,0.613392366,0.071483191,-0.100472182,0.701912642,-0.008176269,-0.027909881,-0.212132034,0,0,-0.212131992,-0.212131992,-0.212131992,-0.212131992,0.212131992,0.212131992,0.212131992,0.212131992
6.9000399,1,0,0,0,0,0,0,0.947129548,0.314780533,0.018021567,-0.05945082,0.638087347,0.071626644,-0.101705125,0.53789109,-0.016759342,-0.034356117,-0.242705098,0,0,-0.242705047,-0.242705047,-0.242705047,-0.242705047,0.242705047,0.242705047,0.242705047,0.242705047
6.94998,1,0,0,0,0,0,0,0.942168593,0.329033643,0.016666906,-0.061460458,0.668185832,0.071913157,-0.105310517,0.244630173,-0.02803356,-0.051854558,-0.267301957,0,0,-0.267301887,-0.267301887,-0.267301887,-0.267301887,0.267301887,0.267301887,0.267301887,0.267301887
7.0000401,1,0,0,0,0,0,0,0.941433549,0.330812961,0.016202083,-0.063271873,0.671880127,0.072431985,-0.108912995,-0.059089068,-0.031973422,-0.069797046,-0.285316955,0,0,-0.285316885,-0.285316885,-0.285316885,-0.285316885,0.285316885,0.285316885,0.285316885,0.285316885
7.05,1,0,0,0,0,0,0,0.942412019,0.327681214,0.016065374,-0.065014467,0.665145799,0.072953109,-0.112548342,-0.272762805,-0.048556924,-0.088931628,-0.296306502,0,0,-0.296306431,-0.296306431,-0.296306431,-0.296306431,0.296306431,0.296306431,0.296306431,0.296306431
7.10004,1,0,0,0,0,0,0,0.945022941,0.319709182,0.016092516,-0.066775389,0.648173685,0.073178282,-0.116493042,-0.558523774,-0.061778728,-0.085021555,-0.3,0,0,-0.299999923,-0.299999923,-0.299999923,-0.299999923,0.299999923,0.299999923,0.299999923,0.299999923
7.1503601,1,0,0,0,0,0,0,0.949511647,0.305727512,0.016390139,-0.06848257,0.618588538,0.073064245,-0.120641666,-0.888619006,-0.072689369,-0.07888975,-0.296306502,0,0,-0.296306431,-0.296306431,-0.296306431,-0.296306431,0.296306431,0.296306431,0.296306431,0.296306431
7.2001801,1,0,0,0,0,0,0,0.959454238,0.272425354,0.017264791,-0.070244581,0.548801502,0.071463147,-0.126040447,-1.398510456,-0.072516538,-0.037945822,-0.285316955,0,0,-0.285316885,-0.285316885,-0.285316885,-0.285316885,0.285316885,0.285316885,0.285316885,0.285316885
7.2502,1,0,0,0,0,0,0,0.975701869,0.206456959,0.019291418,-0.070777081,0.412660273,0.066920112,-0.130813678,-1.83303833,-0.080600478,-0.032317668,-0.267301957,0,0,-0.267301887,-0.267301887,-0.267301887,-0.267301887,0.267301887,0.267301887,0.267301887,0.267301887
7.3001201,1,0,0,0,0,0,0,0.983343661,0.16618897,0.02078104,-0.070602879,0.330567376,0.064381105,-0.132608851,-2.126391172,-0.065717191,-0.014549515,-0.242705098,0,0,-0.242705047,-0.242705047,-0.242705047,-0.242705047,0.242705047,0.242705047,0.242705047,0.242705047
7.3503001,1,0,0,0,0,0,0,0.990992486,0.111945331,0.022849446,-0.06985978,0.220880079,0.06096595,-0.13399401,-2.243570805,-0.079079062,-0.005216904,-0.212132034,0,0,-0.212131992,-0.212131992,-0.212131992,-0.212131992,0.212131992,0.212131992,0.212131992,0.212131992
7.40026,1,0,0,0,0,0,0,0.995083332,0.066780321,0.024617016,-0.068874583,0.130099509,0.058223781,-0.134415492,-2.291579723,-0.069010362,0.001239034,-0.176335576,0,0,-0.176335543,-0.176335543,-0.176335543,-0.176335543,0.176335543,0.176335543,0.176335543,0.176335543
7.45035,1,0,0,0,0,0,0,0.997137249,0.021147316,0.026405107,-0.067624524,0.038671549,0.055547736,-0.134355499,-2.277889729,-0.06507048,0.002924357,-0.13619715,0,0,-0.13619712,-0.13619712,-0.13619712,-0.13619712,0.13619712,0.13619712,0.13619712,0.13619712
7.5001001,1,0,0,0,0,0,0,0.997128308,-0.023882024,0.028100234,-0.066145994,-0.051438932,0.052904345,-0.133840174,-2.226431608,-0.063994609,0.01142697,-0.092705098,0,0,-0.092705078,-0.092705078,-0.092705078,-0.092705078,0.092705078,0.092705078,0.092705078,0.092705078
7.5501001,1,0,0,0,0,0,0,0.994432807,-0.078007825,0.030051479,-0.064151809,-0.159880212,0.049780206,-0.132832123,-2.079028845,-0.063990131,0.012988612,-0.046930339,0,0,-0.092705078,-0.092705078,-0.092705078,-0.092705078,0.092705078,0.092705078,0.092705078,0.092705078
7.60007,1,0,0,0,0,0,0,0.985332072,-0.155994371,0.032656625,-0.060994968,-0.316999044,0.045341013,-0.130896664,-1.816280365,-0.058892425,0.002000483,1.36E-11,0,0,1.36E-11,1.36E-11,1.36E-11,1.36E-11,-1.36E-11,-1.36E-11,-1.36E-11,-1.36E-11
7.6500399,1,0,0,0,0,0,0,0.979459107,-0.189714357,0.033622943,-0.059479941,-0.385461965,0.043309734,-0.129759007,-1.629401207,-0.057248812,0.005239996,0.04693034,0,0,0.046930328,0.046930328,0.046930328,0.046930328,-0.046930328,-0.046930328,-0.046930328,-0.046930328
7.7000201,1,0,0,0,0,0,0,0.973285794,-0.219476968,0.034314938,-0.058026783,-0.446242101,0.04133717,-0.128478586,-1.423572898,-0.057195157,0.004834685,0.092705098,0,0,0.092705078,0.092705078,0.092705078,0.092705078,-0.092705078,-0.092705078,-0.092705078,-0.092705078
7.7502801,1,0,0,0,0,0,0,0.965662658,-0.25120762,0.034812007,-0.056379054,-0.511469859,0.038917434,-0.126811734,-1.195696473,-0.061446451,0.002736599,0.13619715,0,0,0.13619712,0.13619712,0.13619712,0.13619712,-0.13619712,-0.13619712,-0.13619712,-0.13619712
7.80001,1,0,0,0,0,0,0,0.959990859,-0.272296935,0.034906648,-0.055259362,-0.555092994,0.036934608,-0.125521629,-1.00108707,-0.057770327,-0.003626944,0.176335576,0,0,0.176335543,0.176335543,0.176335543,0.176335543,-0.176335543,-0.176335543,-0.176335543,-0.176335543
7.85028,1,0,0,0,0,0,0,0.954917848,-0.289775133,0.034711208,-0.054381706,-0.591414046,0.034782787,-0.124372447,-0.820394099,-0.059895232,-0.014369193,0.212132034,0,0,0.212131992,0.212131992,0.212131992,0.212131992,-0.212131992,-0.212131992,-0.212131992,-0.212131992
7.9000101,1,0,0,0,0,0,0,0.945371687,-0.319907695,0.033352416,-0.053097643,-0.654373898,0.029092265,-0.122087973,-0.448656172,-0.059734296,-0.025677685,0.242705098,0,0,0.242705047,0.242705047,0.242705047,0.242705047,-0.242705047,-0.242705047,-0.242705047,-0.242705047
7.95014,1,0,0,0,0,0,0,0.943482459,-0.325710058,0.030546684,-0.053108979,-0.666211799,0.023046307,-0.120436369,-0.19846414,-0.184959188,-0.086809695,0.267301957,0,0,0.267301887,0.267301887,0.267301887,0.267301887,-0.267301887,-0.267301887,-0.267301887,-0.267301887
8.0001299,1,0,0,0,0,0,0,0.942659676,-0.328348517,0.027022822,-0.053384688,-0.671301288,0.015889749,-0.118686368,-0.070156157,-0.181676447,-0.073860593,0.285316955,0,0,0.285316885,0.285316885,0.285316885,0.285316885,-0.285316885,-0.285316885,-0.285316885,-0.285316885
8.0503399,1,0,0,0,0,0,0,0.943076968,-0.327369809,0.023586802,-0.053654045,-0.668778271,0.009359045,-0.116914248,0.116536781,-0.119358301,-0.059312593,0.296306502,0,0,0.296306431,0.296306431,0.296306431,0.296306431,-0.296306431,-0.296306431,-0.296306431,-0.296306431
8.10023,1,0,0,0,0,0,0,0.945380986,-0.320937246,0.020797068,-0.053121433,-0.654841571,0.005225035,-0.114037616,0.363532424,-0.030739607,0.121059269,0.3,0,0,0.299999923,0.299999923,0.299999923,0.299999923,-0.299999923,-0.299999923,-0.299999923,-0.299999923
8.15009,1,0,0,0,0,0,0,0.948971391,-0.310497612,0.020975899,-0.051037773,-0.632877144,0.008116929,-0.11011871,0.687002599,0.006122143,0.129119352,0.296306502,0,0,0.296306431,0.296306431,0.296306431,0.296306431,-0.296306431,-0.296306431,-0.296306431,-0.296306431
8.20011,1,0,0,0,0,0,0,0.961552501,-0.269615799,0.020286646,-0.048092216,-0.547430712,0.013080876,-0.103619729,1.409563422,0.022199016,0.078447945,0.285316955,0,0,0.285316885,0.285316885,0.285316885,0.285316885,-0.285316885,-0.285316885,-0.285316885,-0.285316885
8.2500801,1,0,0,0,0,0,0,0.971643269,-0.230914041,0.0191691,-0.047124244,-0.467429274,0.015488372,-0.100610428,1.761587739,0.023543108,0.06391485,0.267301957,0,0,0.267301887,0.267301887,0.267301887,0.267301887,-0.267301887,-0.267301887,-0.267301887,-0.267301887
8.3000801,1,0,0,0,0,0,0,0.979668498,-0.194291323,0.018011134,-0.046651207,-0.392412769,0.017162871,-0.098578304,1.970441341,0.018560162,0.056672905,0.242705098,0,0,0.242705047,0.242705047,0.242705047,0.242705047,-0.242705047,-0.242705047,-0.242705047,-0.242705047
8.3501401,1,0,0,0,0,0,0,0.98685503,-0.153896466,0.01672828,-0.046402536,-0.310309178,0.018735498,-0.096902562,2.113711834,0.02105909,0.044750471,0.212132034,0,0,0.242705047,0.242705047,0.242705047,0.242705047,-0.242705047,-0.242705047,-0.242705047,-0.242705047
8.40013,1,0,0,0,0,0,0,0.992629468,-0.110944465,0.015404136,-0.046273131,-0.223582884,0.020315092,-0.095446633,2.202767372,0.032984506,0.03614058,0.176335576,0,0,0.176335543,0.176335543,0.176335543,0.176335543,-0.176335543,-0.176335543,-0.176335543,-0.176335543
8.4500401,1,0,0,0,0,0,0,0.997302592,-0.055554874,0.013669523,-0.045984704,-0.112330793,0.022157761,-0.093398748,2.218634367,0.031355806,0.044661079,0.13619715,0,0,0.13619712,0.13619712,0.13619712,0.13619712,-0.13619712,-0.13619712,-0.13619712,-0.13619712
8.5013201,1,0,0,0,0,0,0,0.998427391,0.031850435,0.010992179,-0.044808082,0.062675895,0.024806635,-0.088919447,2.134258032,0.038536683,0.057791989,0.092705098,0,0,0.092705078,0.092705078,0.092705078,0.092705078,-0.092705078,-0.092705078,-0.092705078,-0.092705078
8.5501301,1,0,0,0,0,0,0,0.996319473,0.072978377,0.009770579,-0.04389029,0.145119107,0.025878204,-0.086166808,2.012474537,0.029129567,0.063052088,0.046930339,0,0,0.046930328,0.046930328,0.046930328,0.046930328,-0.046930328,-0.046930328,-0.046930328,-0.046930328
8.6001201,1,0,0,0,0,0,0,0.990629435,0.129603013,0.007991327,-0.042340834,0.25908109,0.026811093,-0.081937804,1.801750779,0.030132405,0.061232653,-1.38E-11,0,0,-1.38E-11,-1.38E-11,-1.38E-11,-1.38E-11,1.38E-11,1.38E-11,1.38E-11,1.38E-11
8.6501801,1,0,0,0,0,0,0,0.985711455,0.163178772,0.006898946,-0.041208383,0.32704207,0.027052703,-0.079098987,1.625510097,0.025410224,0.059955616,-0.04693034,0,0,-0.046930328,-0.046930328,-0.046930328,-0.046930328,0.046930328,0.046930328,0.046930328,0.046930328
8.70015,1,0,0,0,0,0,0,0.980354726,0.19304879,0.005879086,-0.040029302,0.387829015,0.026985669,-0.076317742,1.427474499,0.020531574,0.063686848,-0.092705098,0,0,-0.092705078,-0.092705078,-0.092705078,-0.092705078,0.092705078,0.092705078,0.092705078,0.092705078
8.75018,1,0,0,0,0,0,0,0.974904895,0.21914883,0.004987839,-0.038851939,0.441243041,0.02675724,-0.073660662,1.247209191,0.019747771,0.058630887,-0.13619715,0,0,-0.13619712,-0.13619712,-0.13619712,-0.13619712,0.13619712,0.13619712,0.13619712,0.13619712
8.8003001,1,0,0,0,0,0,0,0.963682711,0.26459375,0.00328252,-0.035989832,0.535064566,0.025374702,-0.067701957,0.855050325,0.012328479,0.068817295,-0.176335576,0,0,-0.176335543,-0.176335543,-0.176335543,-0.176335543,0.176335543,0.176335543,0.176335543,0.176335543
8.85005,1,0,0,0,0,0,0,0.959992826,0.277731746,0.005161386,-0.03539142,0.562270531,0.029572728,-0.065158602,0.394503057,0.302239567,-0.05696715,-0.212132034,0,0,-0.176335543,-0.176335543,-0.176335543,-0.176335543,0.176335543,0.176335543,0.176335543,0.176335543
8.9002299,1,0,0,0,0,0,0,0.958791792,0.281967312,0.007316604,-0.034047686,0.571026711,0.033236986,-0.061235255,0.111157447,0.046286736,0.076123334,-0.242705098,0,0,-0.242705047,-0.242705047,-0.242705047,-0.242705047,0.242705047,0.242705047,0.242705047,0.242705047
8.9500799,1,0,0,0,0,0,0,0.958587527,0.282838762,0.007572317,-0.032483384,0.572877764,0.032898501,-0.058056831,0.026019668,0.026493523,0.048012286,-0.267301957,0,0,-0.267301887,-0.267301887,-0.267301887,-0.267301887,0.267301887,0.267301887,0.267301887,0.267301887
9.0000801,1,0,0,0,0,0,0,0.959531546,0.279847205,0.007725686,-0.03041791,0.566695119,0.031856195,-0.054103684,-0.232763633,0.030881915,0.073225074,-0.285316955,0,0,-0.285316885,-0.285316885,-0.285316885,-0.285316885,0.285316885,0.285316885,0.285316885,0.285316885
9.0501301,1,0,0,0,0,0,0,0.961421788,0.273460865,0.007667906,-0.028789854,0.553449791,0.030494696,-0.051210802,-0.415225387,0.008159132,0.064977258,-0.296306502,0,0,-0.296306431,-0.296306431,-0.296306431,-0.296306431,0.296306431,0.296306431,0.296306431,0.296306431
9.0999701,1,0,0,0,0,0,0,0.967126131,0.252910435,0.007212755,-0.02552725,0.510943728,0.026866728,-0.045760242,-0.819516361,-0.022114817,0.110990569,-0.3,0,0,-0.299999923,-0.299999923,-0.299999923,-0.299999923,0.299999923,0.299999923,0.299999923,0.299999923
9.15029,1,0,0,0,0,0,0,0.974951446,0.221248701,0.006377522,-0.021868778,0.445866566,0.022114224,-0.039840225,-1.268390417,-0.035007313,0.133902654,-0.296306502,0,0,-0.296306431,-0.296306431,-0.296306431,-0.296306431,0.296306431,0.296306431,0.296306431,0.296306431
9.2000701,1,0,0,0,0,0,0,0.980941594,0.193312898,0.005625922,-0.018768821,0.388833776,0.018294929,-0.034659839,-1.557555318,-0.04255626,0.159595251,-0.285316955,0,0,-0.285316885,-0.285316885,-0.285316885,-0.285316885,0.285316885,0.285316885,0.285316885,0.285316885
9.2500501,1,0,0,0,0,0,0,0.98701781,0.159794137,0.004758967,-0.015475093,0.320798377,0.014340514,-0.029034527,-1.812692285,-0.046753924,0.161539912,-0.267301957,0,0,-0.267301887,-0.267301887,-0.267301887,-0.267301887,0.267301887,0.267301887,0.267301887,0.267301887
9.30007,1,0,0,0,0,0,0,0.992487788,0.121662177,0.003914827,-0.012293829,0.243822826,0.010762431,-0.023453881,-2.021438122,-0.047709092,0.153135672,-0.242705098,0,0,-0.242705047,-0.242705047,-0.242705047,-0.242705047,0.242705047,0.242705047,0.242705047,0.242705047
9.35006,1,0,0,0,0,0,0,0.998246193,0.058674105,0.002432928,-0.007484145,0.117377248,0.005735604,-0.014657304,-2.170937777,-0.05909659,0.157117277,-0.212132034,0,0,-0.212131992,-0.212131992,-0.212131992,-0.212131992,0.212131992,0.212131992,0.212131992,0.212131992
9.40009,1,0,0,0,0,0,0,0.999884844,0.014488178,0.001392066,-0.004288135,0.028965256,0.002908069,-0.008535086,-2.221900225,-0.066623181,0.152895808,-0.176335576,0,0,-0.176335543,-0.176335543,-0.176335543,-0.176335543,0.176335543,0.176335543,0.176335543,0.176335543
9.45031,1,0,0,0,0,0,0,0.99722755,-0.074393623,-0.000873102,0.001504887,-0.148927415,-0.001517456,0.003131345,-2.194621801,-0.06860055,0.124383867,-0.13619715,0,0,-0.13619712,-0.13619712,-0.13619712,-0.13619712,0.13619712,0.13619712,0.13619712,0.13619712
9.5000801,1,0,0,0,0,0,0,0.991842031,-0.127369463,-0.002412678,0.004542826,-0.255453632,-0.003628763,0.009626346,-2.085685015,-0.072075486,0.108955167,-0.092705098,0,0,-0.092705078,-0.092705078,-0.092705078,-0.092705078,0.092705078,0.092705078,0.092705078,0.092705078
9.5503499,1,0,0,0,0,0,0,0.985922575,-0.167028621,-0.003627411,0.006717273,-0.33567569,-0.004908758,0.014457861,-1.945561767,-0.06660676,0.099004172,-0.046930339,0,0,-0.046930328,-0.046930328,-0.046930328,-0.046930328,0.046930328,0.046930328,0.046930328,0.046930328
9.6001,1,0,0,0,0,0,0,0.979005933,-0.203590363,-0.004749965,0.008718274,-0.410122502,-0.005750606,0.019006032,-1.779533982,-0.064608499,0.088191845,1.40E-11,0,0,-0.046930328,-0.046930328,-0.046930328,-0.046930328,0.046930328,0.046930328,0.046930328,0.046930328
9.6501,1,0,0,0,0,0,0,0.971531987,-0.236597747,-0.00584294,0.010630678,-0.477835232,-0.006322859,0.02342355,-1.601643443,-0.061170787,0.089757942,0.04693034,0,0,0.046930328,0.046930328,0.046930328,0.046930328,-0.046930328,-0.046930328,-0.046930328,-0.046930328
9.7000799,1,0,0,0,0,0,0,0.962118089,-0.272242934,-0.007140326,0.012718782,-0.551603296,-0.006814529,0.028366204,-1.353452206,-0.057381421,0.072322078,0.092705098,0,0,0.092705078,0.092705078,0.092705078,0.092705078,-0.092705078,-0.092705078,-0.092705078,-0.092705078
9.7501001,1,0,0,0,0,0,0,0.94858104,-0.31604287,-0.00896058,0.015194437,-0.643342502,-0.007395552,0.034497941,-0.955501497,-0.044244546,0.046930477,0.13619715,0,0,0.13619712,0.13619712,0.13619712,0.13619712,-0.13619712,-0.13619712,-0.13619712,-0.13619712
9.8000801,1,0,0,0,0,0,0,0.943080008,-0.332033217,-0.009714648,0.016121194,-0.677181629,-0.007617909,0.036867735,-0.760135233,-0.038923334,0.037812449,0.176335576,0,0,0.176335543,0.176335543,0.176335543,0.176335543,-0.176335543,-0.176335543,-0.176335543,-0.176335543
9.8503401,1,0,0,0,0,0,0,0.937597513,-0.347145349,-0.010502112,0.017057559,-0.709353594,-0.007850683,0.039289076,-0.540758729,-0.031830382,0.025274608,0.212132034,0,0,0.212131992,0.212131992,0.212131992,0.212131992,-0.212131992,-0.212131992,-0.212131992,-0.212131992
9.9003301,1,0,0,0,0,0,0,0.934347987,-0.355752975,-0.011046833,0.017659755,-0.7277695,-0.008078238,0.040873305,-0.38023743,-0.030864775,0.016859921,0.242705098,0,0,0.242705047,0.242705047,0.242705047,0.242705047,-0.242705047,-0.242705047,-0.242705047,-0.242705047
9.9500799,1,0,0,0,0,0,0,0.932136774,-0.361468822,-0.011515562,0.018141501,-0.740040527,-0.008353079,0.042159695,-0.22297354,-0.022570789,0.014887006,0.267301957,0,0,0.242705047,0.242705047,0.242705047,0.242705047,-0.242705047,-0.242705047,-0.242705047,-0.242705047
10.0002301,1,0,0,0,0,0,0,0.9310202,-0.36430791,-0.011955466,0.018388625,-0.746157799,-0.008863434,0.042966213,-0.082020462,-0.008229912,-0.000761449,0.285316955,0,0,0.285316885,0.285316885,0.285316885,0.285316885,-0.285316885,-0.285316885,-0.285316885,-0.285316885
10.05054,1,0,0,0,0,0,0,0.9345029,-0.355252892,-0.012751159,0.018369922,-0.726793193,-0.01078026,0.043409403,0.416126162,-0.000219047,-0.012379888,0.296306502,0,0,0.296306431,0.296306431,0.296306431,0.296306431,-0.296306431,-0.296306431,-0.296306431,-0.296306431
10.10005,1,0,0,0,0,0,0,0.93855387,-0.34439981,-0.012055368,0.018984241,-0.703594285,-0.009553029,0.043955343,0.701407373,0.029893965,0.086600341,0.3,0,0,0.299999923,0.299999923,0.299999923,0.299999923,-0.299999923,-0.299999923,-0.299999923,-0.299999923
10.1500001,1,0,0,0,0,0,0,0.944546759,-0.327584773,-0.010072635,0.020449433,-0.667799959,-0.005630334,0.04524633,1.054772258,0.059872128,0.091091566,0.296306502,0,0,0.296306431,0.296306431,0.296306431,0.296306431,-0.296306431,-0.296306431,-0.296306431,-0.296306431
10.2000101,1,0,0,0,0,0,0,0.954581022,-0.297022074,-0.007478076,0.022294717,-0.603341296,-0.001032814,0.047023888,1.509119749,0.045711577,0.073462032,0.285316955,0,0,0.285316885,0.285316885,0.285316885,0.285316885,-0.285316885,-0.285316885,-0.285316885,-0.285316885
10.2500601,1,0,0,0,0,0,0,0.963799417,-0.265544176,-0.005303152,0.023433885,-0.537642254,0.002223115,0.048006112,1.772304654,0.060873527,0.053077236,0.267301957,0,0,0.267301887,0.267301887,0.267301887,0.267301887,-0.267301887,-0.267301887,-0.267301887,-0.267301887
10.30006,1,0,0,0,0,0,0,0.973146498,-0.228875965,-0.00302836,0.024345621,-0.461859108,0.005250203,0.048789968,1.991645932,0.064083256,0.044507578,0.242705098,0,0,0.242705047,0.242705047,0.242705047,0.242705047,-0.242705047,-0.242705047,-0.242705047,-0.242705047
10.35005,1,0,0,0,0,0,0,0.990791142,-0.132967636,0.002414761,0.025432769,-0.266525293,0.011548772,0.049778822,2.278550625,0.065747745,0.030425977,0.212132034,0,0,0.212131992,0.212131992,0.212131992,0.212131992,-0.212131992,-0.212131992,-0.212131992,-0.212131992
10.4000001,1,0,0,0,0,0,0,0.995849133,-0.087179422,0.004855329,0.025705878,-0.174283798,0.014152868,0.050378127,2.326821804,0.059887107,0.021540403,0.176335576,0,0,0.176335543,0.176335543,0.176335543,0.176335543,-0.176335543,-0.176335543,-0.176335543,-0.176335543
10.4500301,1,0,0,0,0,0,0,0.998787344,-0.041215219,0.007304658,0.025922343,-0.082055274,0.016729168,0.051209223,2.294438601,0.062897131,0.022999229,0.13619715,0,0,0.13619712,0.13619712,0.13619712,0.13619712,-0.13619712,-0.13619712,-0.13619712,-0.13619712
10.50001,1,0,0,0,0,0,0,0.999602795,0.003893194,0.00978809,0.02614053,0.008296677,0.019366074,0.052370256,2.222126961,0.06535881,0.027757172,0.092705098,0,0,0.092705078,0.092705078,0.092705078,0.092705078,-0.092705078,-0.092705078,-0.092705078,-0.092705078
10.55005,1,0,0,0,0,0,0,0.998454273,0.047385223,0.012253801,0.026338777,0.09543726,0.021975348,0.053796344,2.123375416,0.068382271,0.026025653,0.046930339,0,0,0.046930328,0.046930328,0.046930328,0.046930328,-0.046930328,-0.046930328,-0.046930328,-0.046930328
10.6000099,1,0,0,0,0,0,0,0.994703352,0.098133914,0.015113529,0.026583718,0.197371293,0.024851982,0.055898477,1.945951343,0.060451835,0.026834786,-1.42E-11,0,0,-1.42E-11,-1.42E-11,-1.42E-11,-1.42E-11,1.42E-11,1.42E-11,1.42E-11,1.42E-11
10.6500101,1,0,0,0,0,0,0,0.9851138,0.168721676,0.018955931,0.026917851,0.340092019,0.028268011,0.059489675,1.619539142,0.050009072,0.026401151,-0.04693034,0,0,-0.046930328,-0.046930328,-0.046930328,-0.046930328,0.046930328,0.046930328,0.046930328,0.046930328
10.7000401,1,0,0,0,0,0,0,0.979557395,0.198278651,0.020450834,0.027107408,0.400334937,0.029320087,0.061281113,1.425476432,0.035945341,0.030743346,-0.092705098,0,0,-0.092705078,-0.092705078,-0.092705078,-0.092705078,0.092705078,0.092705078,0.092705078,0.092705078
10.7502501,1,0,0,0,0,0,0,0.971283257,0.235285938,0.022151655,0.027548863,0.476291129,0.030071866,0.064012054,1.130102158,0.028684001,0.039166976,-0.13619715,0,0,-0.13619712,-0.13619712,-0.13619712,-0.13619712,0.13619712,0.13619712,0.13619712,0.13619712
10.7999799,1,0,0,0,0,0,0,0.966197908,0.255248547,0.02300314,0.027945369,0.517549642,0.030189719,0.065822022,0.95574522,0.019491471,0.0346996,-0.176335576,0,0,-0.176335543,-0.176335543,-0.176335543,-0.176335543,0.176335543,0.176335543,0.176335543,0.176335543
10.8501,1,0,0,0,0,0,0,0.963015318,0.266817361,0.024523551,0.028434789,0.541658852,0.032064815,0.067940047,0.133027896,0.022131952,0.083235651,-0.212132034,0,0,-0.212131992,-0.212131992,-0.212131992,-0.212131992,0.212131992,0.212131992,0.212131992,0.212131992
10.9001,1,0,0,0,0,0,0,0.962266624,0.26940912,0.024129823,0.029658737,0.547037511,0.030462683,0.0701709,0.082217902,0.020112842,0.053595755,-0.242705098,0,0,-0.242705047,-0.242705047,-0.242705047,-0.242705047,0.242705047,0.242705047,0.242705047,0.242705047
10.9500799,1,0,0,0,0,0,0,0.9627406,0.267566621,0.022800526,0.031923842,0.543150879,0.026821681,0.073763431,-0.196638733,-0.021512812,0.033657998,-0.267301957,0,0,-0.267301887,-0.267301887,-0.267301887,-0.267301887,0.267301887,0.267301887,0.267301887,0.267301887
11.0001199,1,0,0,0,0,0,0,0.964234173,0.262122303,0.021999629,0.03256502,0.531805544,0.025356267,0.074426384,-0.375978649,-0.032503907,0.032293051,-0.285316955,0,0,-0.285316885,-0.285316885,-0.285316885,-0.285316885,0.285316885,0.285316885,0.285316885,0.285316885
11.05001,1,0,0,0,0,0,0,0.966682076,0.252957582,0.020963056,0.033149861,0.51276369,0.023760436,0.074787056,-0.564044774,-0.018119812,0.03466532,-0.296306502,0,0,-0.296306431,-0.296306431,-0.296306431,-0.296306431,0.296306431,0.296306431,0.296306431,0.296306431
11.0999701,1,0,0,0,0,0,0,0.970990837,0.235911712,0.01937695,0.033871278,0.477495713,0.021650105,0.075007757,-0.852875471,-0.039657962,0.021263218,-0.3,0,0,-0.299999923,-0.299999923,-0.299999923,-0.299999923,0.299999923,0.299999923,0.299999923,0.299999923
11.14993,1,0,0,0,0,0,0,0.975628972,0.215955719,0.017673166,0.034628183,0.436411258,0.019529836,0.07528719,-1.159960508,-0.036728401,0.03998803,-0.296306502,0,0,-0.296306431,-0.296306431,-0.296306431,-0.296306431,0.296306431,0.296306431,0.296306431,0.296306431
11.2,1,0,0,0,0,0,0,0.980972588,0.190164194,0.015595644,0.035878554,0.383603559,0.016952975,0.076408508,-1.477202177,-0.049275193,0.060535263,-0.285316955,0,0,-0.285316885,-0.285316885,-0.285316885,-0.285316885,0.285316885,0.285316885,0.285316885,0.285316885
11.2502201,1,0,0,0,0,0,0,0.986538649,0.158596754,0.013229799,0.037599746,0.319350553,0.014177492,0.078471986,-1.725360751,-0.053408787,0.073284715,-0.267301957,0,0,-0.267301887,-0.267301887,-0.267301887,-0.267301887,0.267301887,0.267301887,0.267301887,0.267301887
11.2999601,1,0,0,0,0,0,0,0.996481597,0.072134614,0.006819523,0.042126171,0.14484621,0.007513618,0.085044624,-2.097588062,-0.066900335,0.090969458,-0.242705098,0,0,-0.242705047,-0.242705047,-0.242705047,-0.242705047,0.242705047,0.242705047,0.242705047,0.242705047
11.35008,1,0,0,0,0,0,0,0.998586535,0.029288851,0.003587698,0.044210412,0.058846685,0.004575524,0.088622861,-2.187436819,-0.06180115,0.095444299,-0.212132034,0,0,-0.212131992,-0.212131992,-0.212131992,-0.212131992,0.212131992,0.212131992,0.212131992,0.212131992
11.4000301,1,0,0,0,0,0,0,0.998823524,-0.014728331,0.000334671,0.046201885,-0.029395373,0.002029509,0.09241688,-2.212177277,-0.061228957,0.091143817,-0.176335576,0,0,-0.176335543,-0.176335543,-0.176335543,-0.176335543,0.176335543,0.176335543,0.176335543,0.176335543
11.4502201,1,0,0,0,0,0,0,0.995547831,-0.080484554,-0.004454008,0.048858296,-0.161387391,-0.001003679,0.098156067,-2.171494961,-0.055034522,0.080829203,-0.13619715,0,0,-0.13619712,-0.13619712,-0.13619712,-0.13619712,0.13619712,0.13619712,0.13619712,0.13619712
11.5000601,1,0,0,0,0,0,0,0.991142511,-0.122686788,-0.007527956,0.050280359,-0.24644502,-0.002585085,0.101692654,-2.0840137,-0.05560673,0.072241671,-0.092705098,0,0,-0.13619712,-0.13619712,-0.13619712,-0.13619712,0.13619712,0.13619712,0.13619712,0.13619712
11.5501001,1,0,0,0,0,0,0,0.98526603,-0.162764102,-0.010433907,0.051477097,-0.327638876,-0.00380311,0.105027536,-1.955364943,-0.052063216,0.065750688,-0.046930339,0,0,-0.046930328,-0.046930328,-0.046930328,-0.046930328,0.046930328,0.046930328,0.046930328,0.046930328
11.60041,1,0,0,0,0,0,0,0.968799531,-0.241382122,-0.016433211,0.053777382,-0.488698797,-0.005879212,0.112370656,-1.598499298,-0.05025271,0.053376738,1.44E-11,0,0,1.44E-11,1.44E-11,1.44E-11,1.44E-11,-1.44E-11,-1.44E-11,-1.44E-11,-1.44E-11
11.65026,1,0,0,0,0,0,0,0.961044192,-0.270279795,-0.018812371,0.054674789,-0.54869,-0.006604105,0.115518209,-1.417855263,-0.055493448,0.052534822,0.04693034,0,0,0.046930328,0.046930328,0.046930328,0.046930328,-0.046930328,-0.046930328,-0.046930328,-0.046930328
11.7,1,0,0,0,0,0,0,0.953601301,-0.295172483,-0.020970816,0.055480368,-0.600791375,-0.007243101,0.118472355,-1.213016033,-0.051175077,0.046902169,0.092705098,0,0,0.092705078,0.092705078,0.092705078,0.092705078,-0.092705078,-0.092705078,-0.092705078,-0.092705078
11.7501099,1,0,0,0,0,0,0,0.946751654,-0.316201001,-0.022895563,0.056164585,-0.64514922,-0.007834306,0.121126654,-1.013550282,-0.050085794,0.036454957,0.13619715,0,0,0.092705078,0.092705078,0.092705078,0.092705078,-0.092705078,-0.092705078,-0.092705078,-0.092705078
11.8001499,1,0,0,0,0,0,0,0.939371645,-0.337226093,-0.024936512,0.056902308,-0.689850458,-0.008471518,0.124045603,-0.78087163,-0.040391091,0.032451004,0.176335576,0,0,0.176335543,0.176335543,0.176335543,0.176335543,-0.176335543,-0.176335543,-0.176335543,-0.176335543
11.85008,1,0,0,0,0,0,0,0.934628844,-0.349970907,-0.026319657,0.057418834,-0.717143868,-0.009008496,0.126091743,-0.600046098,-0.039468713,0.027047848,0.212132034,0,0,0.212131992,0.212131992,0.212131992,0.212131992,-0.212131992,-0.212131992,-0.212131992,-0.212131992
11.9001,1,0,0,0,0,0,0,0.928329885,-0.366042882,-0.028480519,0.058354847,-0.751829371,-0.010158053,0.129564112,-0.27974695,-0.039704148,0.014222413,0.242705098,0,0,0.242705047,0.242705047,0.242705047,0.242705047,-0.242705047,-0.242705047,-0.242705047,-0.242705047
11.9500701,1,0,0,0,0,0,0,0.926759541,-0.369878352,-0.029239105,0.058752693,-0.760180118,-0.010732746,0.130910166,-0.157502323,-0.017446281,0.011753293,0.267301957,0,0,0.267301887,0.267301887,0.267301887,0.267301887,-0.267301887,-0.267301887,-0.267301887,-0.267301887
12.0001199,1,0,0,0,0,0,0,0.927142859,-0.368799388,-0.029918522,0.059146069,-0.757967338,-0.011851694,0.132134966,0.148162991,-0.013174117,-0.003138185,0.285316955,0,0,0.285316885,0.285316885,0.285316885,0.285316885,-0.285316885,-0.285316885,-0.285316885,-0.285316885
12.05005,1,0,0,0,0,0,0,0.929012954,-0.36401695,-0.03025504,0.059257854,-0.747757925,-0.013073291,0.132528186,0.327629566,-0.018364191,-0.026443603,0.296306502,0,0,0.296306431,0.296306431,0.296306431,0.296306431,-0.296306431,-0.296306431,-0.296306431,-0.296306431
12.10008,1,0,0,0,0,0,0,0.932649493,-0.354602188,-0.030229861,0.059233565,-0.727612913,-0.014379517,0.132326911,0.685323179,-0.026726728,-0.034599014,0.3,0,0,0.299999923,0.299999923,0.299999923,0.299999923,-0.299999923,-0.299999923,-0.299999923,-0.299999923
12.1500599,1,0,0,0,0,0,0,0.938499808,-0.338845432,-0.029782152,0.059288081,-0.694007912,-0.015722742,0.131864846,0.985747099,-0.016653541,-0.037789356,0.296306502,0,0,0.296306431,0.296306431,0.296306431,0.296306431,-0.296306431,-0.296306431,-0.296306431,-0.296306431
12.2000999,1,0,0,0,0,0,0,0.960194886,-0.271601856,-0.026412986,0.05967338,-0.552505418,-0.018309444,0.129325548,1.802696824,-0.002042951,-0.041486353,0.285316955,0,0,0.285316885,0.285316885,0.285316885,0.285316885,-0.285316885,-0.285316885,-0.285316885,-0.285316885
12.2500801,1,0,0,0,0,0,0,0.96991235,-0.234695673,-0.024150126,0.06003879,-0.476023305,-0.018666407,0.128173528,2.013547659,0.007312752,-0.02990368,0.267301957,0,0,0.285316885,0.285316885,0.285316885,0.285316885,-0.285316885,-0.285316885,-0.285316885,-0.285316885
12.30006,1,0,0,0,0,0,0,0.978969693,-0.193652287,-0.021438051,0.06047973,-0.391762718,-0.018551388,0.127082262,2.183701754,0.017126672,-0.025531679,0.242705098,0,0,0.242705047,0.242705047,0.242705047,0.242705047,-0.242705047,-0.242705047,-0.242705047,-0.242705047
12.3501,1,0,0,0,0,0,0,0.988368273,-0.138198242,-0.017449152,0.061035462,-0.278958124,-0.017623294,0.125825096,2.315400362,0.035920046,-0.017951453,0.212132034,0,0,0.212131992,0.212131992,0.212131992,0.212131992,-0.212131992,-0.212131992,-0.212131992,-0.212131992
12.4000599,1,0,0,0,0,0,0,0.993774116,-0.091873966,-0.01387321,0.061481446,-0.185394412,-0.0162773,0.12508897,2.353318691,0.039909091,-0.010122374,0.176335576,0,0,0.176335543,0.176335543,0.176335543,0.176335543,-0.176335543,-0.176335543,-0.176335543,-0.176335543
12.45011,1,0,0,0,0,0,0,0.997016907,-0.045021962,-0.010151915,0.061867204,-0.091167467,-0.014673019,0.124615029,2.338637114,0.046125866,-0.009764745,0.13619715,0,0,0.176335543,0.176335543,0.176335543,0.176335543,-0.176335543,-0.176335543,-0.176335543,-0.176335543
12.5000701,1,0,0,0,0,0,0,0.997957647,0.012549423,-0.005419392,0.062400829,0.024375513,-0.012383151,0.124743534,2.265102625,0.046757672,0.003606831,0.092705098,0,0,0.092705078,0.092705078,0.092705078,0.092705078,-0.092705078,-0.092705078,-0.092705078,-0.092705078
12.55004,1,0,0,0,0,0,0,0.993118763,0.098645277,0.001944269,0.063092895,0.197466269,-0.008585955,0.126039103,2.054444075,0.051077511,0.008549551,0.046930339,0,0,0.046930328,0.046930328,0.046930328,0.046930328,-0.046930328,-0.046930328,-0.046930328,-0.046930328
12.60005,1,0,0,0,0,0,0,0.988495171,0.137286127,0.005372439,0.063254431,0.275573823,-0.006746702,0.126871468,1.882457256,0.05020728,0.004544114,-1.46E-11,0,0,-1.46E-11,-1.46E-11,-1.46E-11,-1.46E-11,1.46E-11,1.46E-11,1.46E-11,1.46E-11
12.6500599,1,0,0,0,0,0,0,0.982934356,0.172506869,0.008523203,0.063317575,0.347139666,-0.005089956,0.127763578,1.708158135,0.044361543,0.004845116,-0.04693034,0,0,-0.046930328,-0.046930328,-0.046930328,-0.046930328,0.046930328,0.046930328,0.046930328,0.046930328
12.7000501,1,0,0,0,0,0,0,0.973803639,0.218011245,0.012737312,0.063368484,0.440305862,-0.002822805,0.129331404,1.409110308,0.043553878,0.005819651,-0.092705098,0,0,-0.092705078,-0.092705078,-0.092705078,-0.092705078,0.092705078,0.092705078,0.092705078,0.092705078
12.7501099,1,0,0,0,0,0,0,0.967765212,0.243256763,0.015197773,0.063450016,0.492420111,-0.00145354,0.130574189,1.212961674,0.045395661,0.011887408,-0.13619715,0,0,-0.13619712,-0.13619712,-0.13619712,-0.13619712,0.13619712,0.13619712,0.13619712,0.13619712
12.8000801,1,0,0,0,0,0,0,0.962068319,0.264712602,0.01735921,0.063644812,0.536990944,-0.000293675,0.132034993,1.029417872,0.046192862,0.012256952,-0.176335576,0,0,-0.13619712,-0.13619712,-0.13619712,-0.13619712,0.13619712,0.13619712,0.13619712,0.13619712
12.8503301,1,0,0,0,0,0,0,0.954326987,0.290417582,0.031193573,0.06280569,0.592423793,0.023060029,0.138471449,0.414853513,0.283130258,-0.084485114,-0.212132034,0,0,-0.212131992,-0.212131992,-0.212131992,-0.212131992,0.212131992,0.212131992,0.212131992,0.212131992
12.9000499,1,0,0,0,0,0,0,0.952184319,0.296716869,0.037204426,0.062611155,0.606555397,0.033701742,0.141868757,0.296225369,0.249021515,-0.07674396,-0.242705098,0,0,-0.242705047,-0.242705047,-0.242705047,-0.242705047,0.242705047,0.242705047,0.242705047,0.242705047
12.9500999,1,0,0,0,0,0,0,0.950791001,0.300439626,0.042583533,0.062603809,0.615277457,0.043372343,0.14528049,0.167953238,0.235400349,-0.063629456,-0.267301957,0,0,-0.267301887,-0.267301887,-0.267301887,-0.267301887,0.267301887,0.267301887,0.267301887,0.267301887
13.0000901,1,0,0,0,0,0,0,0.950275004,0.301283449,0.047288179,0.063005984,0.617923689,0.051931557,0.148991013,-0.013685226,0.223871335,-0.04966259,-0.285316955,0,0,-0.267301887,-0.267301887,-0.267301887,-0.267301887,0.267301887,0.267301887,0.267301887,0.267301887
13.05004,1,0,0,0,0,0,0,0.951294303,0.297050565,0.052203909,0.063835569,0.61005282,0.061436411,0.153355798,-0.252634287,0.191383809,-0.027784711,-0.296306502,0,0,-0.296306431,-0.296306431,-0.296306431,-0.296306431,0.296306431,0.296306431,0.296306431,0.296306431
13.1000099,1,0,0,0,0,0,0,0.953367651,0.289479733,0.054570451,0.06567999,0.594810985,0.066073407,0.157825759,-0.49777931,0.134708732,0.046028946,-0.3,0,0,-0.299999923,-0.299999923,-0.299999923,-0.299999923,0.299999923,0.299999923,0.299999923,0.299999923
13.1499701,1,0,0,0,0,0,0,0.962114215,0.257072091,0.056072239,0.071458168,0.528173288,0.071216164,0.167536358,-1.15753746,0.091653347,0.077622421,-0.296306502,0,0,-0.296306431,-0.296306431,-0.296306431,-0.296306431,0.296306431,0.296306431,0.296306431,0.296306431
13.19997,1,0,0,0,0,0,0,0.970139802,0.223628476,0.054998908,0.076121293,0.459441069,0.07273157,0.173622902,-1.558565617,0.071627699,0.099160582,-0.285316955,0,0,-0.285316885,-0.285316885,-0.285316885,-0.285316885,0.285316885,0.285316885,0.285316885,0.285316885
13.25003,1,0,0,0,0,0,0,0.976982594,0.190349266,0.053143781,0.080301218,0.391414305,0.073336232,0.178562269,-1.817914724,0.05706628,0.106955409,-0.267301957,0,0,-0.267301887,-0.267301887,-0.267301887,-0.267301887,0.267301887,0.267301887,0.267301887,0.267301887
13.2999899,1,0,0,0,0,0,0,0.983364761,0.152451351,0.050496053,0.084869176,0.314390119,0.073501379,0.183838387,-2.028611898,0.038499422,0.128144905,-0.242705098,0,0,-0.242705047,-0.242705047,-0.242705047,-0.242705047,0.242705047,0.242705047,0.242705047,0.242705047
13.3500299,1,0,0,0,0,0,0,0.988650441,0.110964984,0.047149796,0.089632541,0.230514778,0.073403083,0.189330336,-2.163098335,0.022984328,0.130737722,-0.212132034,0,0,-0.212131992,-0.212131992,-0.212131992,-0.212131992,0.212131992,0.212131992,0.212131992,0.212131992
13.3999801,1,0,0,0,0,0,0,0.99230808,0.067208141,0.043115117,0.094597712,0.142397406,0.072916087,0.195290146,-2.242320538,0.003167246,0.151489109,-0.176335576,0,0,-0.176335543,-0.176335543,-0.176335543,-0.176335543,0.176335543,0.176335543,0.176335543,0.176335543
13.4504001,1,0,0,0,0,0,0,0.993295431,-0.033534624,0.032612272,0.105717413,-0.05991492,0.071939655,0.209906954,-2.245201111,-0.014412425,0.159549192,-0.13619715,0,0,-0.13619712,-0.13619712,-0.13619712,-0.13619712,0.13619712,0.13619712,0.13619712,0.13619712
13.50002,1,0,0,0,0,0,0,0.990555406,-0.076792173,0.027690327,0.110164359,-0.146938656,0.071838903,0.216229429,-2.153215408,-0.02125355,0.14964433,-0.092705098,0,0,-0.092705078,-0.092705078,-0.092705078,-0.092705078,0.092705078,0.092705078,0.092705078,0.092705078
13.5503399,1,0,0,0,0,0,0,0.986163974,-0.118022725,0.022744171,0.114167079,-0.230203072,0.071869427,0.222199033,-2.029681683,-0.031544302,0.137128845,-0.046930339,0,0,-0.046930328,-0.046930328,-0.046930328,-0.046930328,0.046930328,0.046930328,0.046930328,0.046930328
13.6000299,1,0,0,0,0,0,0,0.977270126,-0.174481452,0.01556197,0.119404085,-0.344997606,0.072146652,0.230581879,-1.808147311,-0.039878521,0.126946837,1.49E-11,0,0,-0.046930328,-0.046930328,-0.046930328,-0.046930328,0.046930328,0.046930328,0.046930328,0.046930328
13.65009,1,0,0,0,0,0,0,0.970449269,-0.207651705,0.010971826,0.1224287,-0.41303408,0.072202963,0.235854428,-1.567704558,-0.113593109,0.093738049,0.04693034,0,0,0.046930328,0.046930328,0.046930328,0.046930328,-0.046930328,-0.046930328,-0.046930328,-0.046930328
13.7000301,1,0,0,0,0,0,0,0.966440141,-0.225277022,-0.002350296,0.123443022,-0.451797731,0.051097146,0.242337759,-0.75086832,-0.669281363,-0.137668893,0.092705098,0,0,0.046930328,0.046930328,0.046930328,0.046930328,-0.046930328,-0.046930328,-0.046930328,-0.046930328
13.7503099,1,0,0,0,0,0,0,0.959822834,-0.249577731,-0.032564104,0.124059506,-0.508858418,-0.00058656,0.257232268,-0.482286602,-0.544846177,-0.1355827,0.13619715,0,0,0.13619712,0.13619712,0.13619712,0.13619712,-0.13619712,-0.13619712,-0.13619712,-0.13619712
13.80003,1,0,0,0,0,0,0,0.957677603,-0.255941689,-0.044215932,0.124066517,-0.525104127,-0.021183211,0.263356962,-0.341497421,-0.509628832,-0.112375632,0.176335576,0,0,0.176335543,0.176335543,0.176335543,0.176335543,-0.176335543,-0.176335543,-0.176335543,-0.176335543
13.8503301,1,0,0,0,0,0,0,0.956082106,-0.259794623,-0.055069584,0.124021679,-0.536180401,-0.040873126,0.269226059,-0.198896274,-0.493127167,-0.135152087,0.212132034,0,0,0.212131992,0.212131992,0.212131992,0.212131992,-0.212131992,-0.212131992,-0.212131992,-0.212131992
13.9000301,1,0,0,0,0,0,0,0.955025017,-0.261418432,-0.06490548,0.123996437,-0.5425507,-0.059177326,0.274690579,-0.102521501,-0.441168308,-0.113652669,0.242705098,0,0,0.212131992,0.212131992,0.212131992,0.212131992,-0.212131992,-0.212131992,-0.212131992,-0.212131992
13.95031,1,0,0,0,0,0,0,0.954417586,-0.260626525,-0.076081432,0.123986579,-0.544563203,-0.080686037,0.280909382,0.039657213,-0.400105208,-0.129771248,0.267301957,0,0,0.267301887,0.267301887,0.267301887,0.267301887,-0.267301887,-0.267301887,-0.267301887,-0.267301887
14.0000701,1,0,0,0,0,0,0,0.954711676,-0.257084876,-0.084055766,0.123966448,-0.540000467,-0.096909856,0.285089104,0.224801168,-0.403364003,-0.128220022,0.285316955,0,0,0.285316885,0.285316885,0.285316885,0.285316885,-0.285316885,-0.285316885,-0.285316885,-0.285316885
14.0500901,1,0,0,0,0,0,0,0.955853641,-0.250356138,-0.090969123,0.124057159,-0.52861708,-0.112023555,0.288478134,0.532461107,-0.318518341,-0.125671953,0.296306502,0,0,0.296306431,0.296306431,0.296306431,0.296306431,-0.296306431,-0.296306431,-0.296306431,-0.296306431
14.0999901,1,0,0,0,0,0,0,0.962631166,-0.216918126,-0.103460625,0.124834828,-0.464743975,-0.145544263,0.29242238,0.975623429,-0.253002435,-0.127159089,0.3,0,0,0.299999923,0.299999923,0.299999923,0.299999923,-0.299999923,-0.299999923,-0.299999923,-0.299999923
14.15025,1,0,0,0,0,0,0,0.967052341,-0.194178045,-0.105959445,0.126005977,-0.419440633,-0.156641216,0.292544425,1.257106423,-0.234764948,-0.114163816,0.296306502,0,0,0.299999923,0.299999923,0.299999923,0.299999923,-0.299999923,-0.299999923,-0.299999923,-0.299999923
14.2000101,1,0,0,0,0,0,0,0.972011685,-0.165568873,-0.106704801,0.128041297,-0.361897948,-0.165795808,0.292347797,1.569353461,-0.193026796,-0.079029858,0.285316955,0,0,0.285316885,0.285316885,0.285316885,0.285316885,-0.285316885,-0.285316885,-0.285316885,-0.285316885
14.2502801,1,0,0,0,0,0,0,0.976866841,-0.131790295,-0.105764486,0.131059244,-0.29373089,-0.172951882,0.292380383,1.803114533,-0.145493582,-0.040568449,0.267301957,0,0,0.267301887,0.267301887,0.267301887,0.267301887,-0.267301887,-0.267301887,-0.267301887,-0.267301887
14.30005,1,0,0,0,0,0,0,0.981819272,-0.083920151,-0.102480471,0.135964945,-0.197070882,-0.179374492,0.292994323,2.035424471,-0.099161386,-0.003317002,0.242705098,0,0,0.242705047,0.242705047,0.242705047,0.242705047,-0.242705047,-0.242705047,-0.242705047,-0.242705047
14.35009,1,0,0,0,0,0,0,0.984928131,0.000531615,-0.093268171,0.145661414,-0.026580248,-0.184932088,0.296117206,2.198883057,-0.038373519,0.044182748,0.212132034,0,0,0.212131992,0.212131992,0.212131992,0.212131992,-0.212131992,-0.212131992,-0.212131992,-0.212131992
14.4000599,1,0,0,0,0,0,0,0.983721316,0.043894708,-0.087329432,0.150796056,0.06111538,-0.186126709,0.298508948,2.213748693,-0.0131488,0.061065782,0.176335576,0,0,0.176335543,0.176335543,0.176335543,0.176335543,-0.176335543,-0.176335543,-0.176335543,-0.176335543
14.4500501,1,0,0,0,0,0,0,0.979609668,0.097168282,-0.079118185,0.157046542,0.16925493,-0.186610942,0.302049614,2.158650875,0.010065001,0.069055803,0.13619715,0,0,0.13619712,0.13619712,0.13619712,0.13619712,-0.13619712,-0.13619712,-0.13619712,-0.13619712
14.5000701,1,0,0,0,0,0,0,0.974471748,0.138012484,-0.072203256,0.161691934,0.252639283,-0.186429076,0.305115937,2.069714785,0.023788985,0.067316815,0.092705098,0,0,0.092705078,0.092705078,0.092705078,0.092705078,-0.092705078,-0.092705078,-0.092705078,-0.092705078
14.5501101,1,0,0,0,0,0,0,0.968001664,0.176611111,-0.065148152,0.165943772,0.331971547,-0.185809345,0.30834237,1.936149001,0.051834479,0.070219547,0.046930339,0,0,0.046930328,0.046930328,0.046930328,0.046930328,-0.046930328,-0.046930328,-0.046930328,-0.046930328
14.60006,1,0,0,0,0,0,0,0.960578859,0.212264627,-0.058085442,0.169877484,0.405825954,-0.184758554,0.311961519,1.778840423,0.069008082,0.070328325,-1.51E-11,0,0,-1.51E-11,-1.51E-11,-1.51E-11,-1.51E-11,1.51E-11,1.51E-11,1.51E-11,1.51E-11
14.6500201,1,0,0,0,0,0,0,0.950598955,0.252003431,-0.049465932,0.174382627,0.488945466,-0.182953444,0.317095846,1.574391484,0.090207949,0.06914068,-0.04693034,0,0,-0.046930328,-0.046930328,-0.046930328,-0.046930328,0.046930328,0.046930328,0.046930328,0.046930328
14.7000601,1,0,0,0,0,0,0,0.934881508,0.303262502,-0.036754496,0.180769756,0.597726768,-0.179323075,0.326625691,1.205815196,0.110016063,0.072249062,-0.092705098,0,0,-0.092705078,-0.092705078,-0.092705078,-0.092705078,0.092705078,0.092705078,0.092705078,0.092705078
14.7502899,1,0,0,0,0,0,0,0.927868187,0.32302466,-0.031078646,0.183711275,0.640246751,-0.177287574,0.332016861,1.007127047,0.124041013,0.072649866,-0.13619715,0,0,-0.13619712,-0.13619712,-0.13619712,-0.13619712,0.13619712,0.13619712,0.13619712,0.13619712
14.80003,1,0,0,0,0,0,0,0.92005688,0.343116939,-0.021608151,0.18788141,0.684539547,-0.169502507,0.34235453,0.632501483,0.227973655,0.048819937,-0.176335576,0,0,-0.176335543,-0.176335543,-0.176335543,-0.176335543,0.176335543,0.176335543,0.176335543,0.176335543
14.85006,1,0,0,0,0,0,0,0.916292906,0.351817101,-0.015640626,0.190755576,0.70418636,-0.163613891,0.350272074,0.455475569,0.238498315,0.05483254,-0.212132034,0,0,-0.212131992,-0.212131992,-0.212131992,-0.212131992,0.212131992,0.212131992,0.212131992,0.212131992
14.9000599,1,0,0,0,0,0,0,0.913655162,0.357249171,-0.010337546,0.193650857,0.716799378,-0.157908509,0.358466889,0.274231344,0.237872481,0.060043495,-0.242705098,0,0,-0.242705047,-0.242705047,-0.242705047,-0.242705047,0.242705047,0.242705047,0.242705047,0.242705047
14.9504201,1,0,0,0,0,0,0,0.912147522,0.359561652,-0.005629596,0.19664903,0.722664139,-0.152272686,0.367035204,0.10548906,0.257008582,0.06383881,-0.267301957,0,0,-0.267301887,-0.267301887,-0.267301887,-0.267301887,0.267301887,0.267301887,0.267301887,0.267301887
15.0002,1,0,0,0,0,0,0,0.913700879,0.352004498,0.00216062,0.203074038,0.708172718,-0.139469314,0.385769846,-0.366030723,0.238382101,0.053184487,-0.285316955,0,0,-0.285316885,-0.285316885,-0.285316885,-0.285316885,0.285316885,0.285316885,0.285316885,0.285316885
15.05006,1,0,0,0,0,0,0,0.916770995,0.342228293,0.00413282,0.205897927,0.687829403,-0.133748864,0.393884845,-0.59889555,0.239347711,0.063697256,-0.296306502,0,0,-0.296306431,-0.296306431,-0.296306431,-0.296306431,0.296306431,0.296306431,0.296306431,0.296306431
15.1000299,1,0,0,0,0,0,0,0.921661556,0.327192336,0.004833068,0.208475143,0.656208017,-0.127862132,0.401325181,-0.927838981,0.225784689,0.05553887,-0.3,0,0,-0.299999923,-0.299999923,-0.299999923,-0.299999923,0.299999923,0.299999923,0.299999923,0.299999923
15.1501901,1,0,0,0,0,0,0,0.92822212,0.306186259,0.003920275,0.211278111,0.611836723,-0.122408583,0.408901612,-1.233410001,0.218791604,0.072114944,-0.296306502,0,0,-0.296306431,-0.296306431,-0.296306431,-0.296306431,0.296306431,0.296306431,0.296306431,0.296306431
15.2000601,1,0,0,0,0,0,0,0.938003957,0.272056311,0.000568399,0.214787811,0.539937608,-0.116062813,0.418055502,-1.615787625,0.20270285,0.094347514,-0.285316955,0,0,-0.285316885,-0.285316885,-0.285316885,-0.285316885,0.285316885,0.285316885,0.285316885,0.285316885
15.25032,1,0,0,0,0,0,0,0.946511447,0.238014862,-0.004014885,0.217827499,0.468584865,-0.111523677,0.425753353,-1.888053417,0.18467848,0.121132404,-0.267301957,0,0,-0.267301887,-0.267301887,-0.267301887,-0.267301887,0.267301887,0.267301887,0.267301887,0.267301887
15.3010001,1,0,0,0,0,0,0,0.961710572,0.156863168,-0.017264685,0.224073485,0.300046084,-0.103690694,0.442134061,-2.234907389,0.151959985,0.174600855,-0.242705098,0,0,-0.242705047,-0.242705047,-0.242705047,-0.242705047,0.242705047,0.242705047,0.242705047,0.242705047
15.3503101,1,0,0,0,0,0,0,0.968123376,0.10037829,-0.027515292,0.227825105,0.183749923,-0.099176282,0.453097764,-2.358455181,0.135564268,0.200594559,-0.212132034,0,0,-0.242705047,-0.242705047,-0.242705047,-0.242705047,0.242705047,0.242705047,0.242705047,0.242705047
15.40007,1,0,0,0,0,0,0,0.970868766,0.053776536,-0.03633542,0.230655164,0.088173521,-0.095506634,0.462287064,-2.387080431,0.119214706,0.213008702,-0.176335576,0,0,-0.176335543,-0.176335543,-0.176335543,-0.176335543,0.176335543,0.176335543,0.176335543,0.176335543
15.45032,1,0,0,0,0,0,0,0.971361101,0.007142221,-0.045431707,0.233115122,-0.00733719,-0.09171964,0.47140421,-2.345771074,0.090097763,0.220486075,-0.13619715,0,0,-0.13619712,-0.13619712,-0.13619712,-0.13619712,0.13619712,0.13619712,0.13619712,0.13619712
15.5000701,1,0,0,0,0,0,0,0.969672084,-0.038479056,-0.05466149,0.235090688,-0.10088596,-0.088028944,0.480155297,-2.271917582,0.066525586,0.214617968,-0.092705098,0,0,-0.092705078,-0.092705078,-0.092705078,-0.092705078,0.092705078,0.092705078,0.092705078,0.092705078
15.55059,1,0,0,0,0,0,0,0.963558018,-0.103304014,-0.06820403,0.237134293,-0.234355668,-0.082536892,0.492336102,-2.11450386,0.046154168,0.201676294,-0.046930339,0,0,-0.046930328,-0.046930328,-0.046930328,-0.046930328,0.046930328,0.046930328,0.046930328,0.046930328
15.60008,1,0,0,0,0,0,0,0.950662851,-0.179378003,-0.084448479,0.238605157,-0.392426541,-0.075033396,0.506738198,-1.884125233,0.033349574,0.187301055,1.53E-11,0,0,1.53E-11,1.53E-11,1.53E-11,1.53E-11,-1.53E-11,-1.53E-11,-1.53E-11,-1.53E-11
15.6503,1,0,0,0,0,0,0,0.943184435,-0.211984619,-0.091388963,0.238984808,-0.460824574,-0.071131053,0.513008521,-1.619043708,0.023224223,0.175205737,0.04693034,0,0,0.046930328,0.046930328,0.046930328,0.046930328,-0.046930328,-0.046930328,-0.046930328,-0.046930328
15.7000701,1,0,0,0,0,0,0,0.933721185,-0.247162417,-0.09873686,0.23943013,-0.535133022,-0.066077193,0.520154898,-1.364771247,0.021766879,0.167819187,0.092705098,0,0,0.092705078,0.092705078,0.092705078,0.092705078,-0.092705078,-0.092705078,-0.092705078,-0.092705078
15.7505801,1,0,0,0,0,0,0,0.92646569,-0.270882666,-0.103498913,0.239941537,-0.585540788,-0.06182375,0.525476925,-1.166676641,0.02499596,0.162952468,0.13619715,0,0,0.13619712,0.13619712,0.13619712,0.13619712,-0.13619712,-0.13619712,-0.13619712,-0.13619712
15.80005,1,0,0,0,0,0,0,0.919778764,-0.290865362,-0.107256077,0.240625039,-0.628147591,-0.057356194,0.530389844,-0.96913594,0.026688728,0.159788921,0.176335576,0,0,0.176335543,0.176335543,0.176335543,0.176335543,-0.176335543,-0.176335543,-0.176335543,-0.176335543
15.85006,1,0,0,0,0,0,0,0.913859308,-0.307268292,-0.110011935,0.241547018,-0.663146043,-0.0526557,0.534943919,-0.790205836,0.030186037,0.158137888,0.212132034,0,0,0.212131992,0.212131992,0.212131992,0.212131992,-0.212131992,-0.212131992,-0.212131992,-0.212131992
15.8999901,1,0,0,0,0,0,0,0.906534851,-0.32605949,-0.112552404,0.243334904,-0.703132703,-0.04539763,0.541137548,-0.433592588,0.026065862,0.157963514,0.242705098,0,0,0.242705047,0.242705047,0.242705047,0.242705047,-0.242705047,-0.242705047,-0.242705047,-0.242705047
15.94994,1,0,0,0,0,0,0,0.900541246,-0.340091974,-0.113287188,0.246026993,-0.732495687,-0.036704188,0.547461525,-0.318922132,0.0602074,0.127936155,0.267301957,0,0,0.267301887,0.267301887,0.267301887,0.267301887,-0.267301887,-0.267301887,-0.267301887,-0.267301887
15.99999,1,0,0,0,0,0,0,0.898980141,-0.343247771,-0.112618245,0.247654885,-0.738638254,-0.03247486,0.550204059,-0.05825609,0.035389513,0.099789359,0.285316955,0,0,0.285316885,0.285316885,0.285316885,0.285316885,-0.285316885,-0.285316885,-0.285316885,-0.285316885
16.0499899,1,0,0,0,0,0,0,0.898674846,-0.342861503,-0.110455826,0.250258416,-0.736596049,-0.026923037,0.553578203,0.163859904,0.034404557,0.107126698,0.296306502,0,0,0.285316885,0.285316885,0.285316885,0.285316885,-0.285316885,-0.285316885,-0.285316885,-0.285316885
16.10025,1,0,0,0,0,0,0,0.900600612,-0.337108105,-0.107345015,0.252495468,-0.722929653,-0.023115487,0.555431089,0.547678113,0.039739173,0.060550131,0.3,0,0,0.299999923,0.299999923,0.299999923,0.299999923,-0.299999923,-0.299999923,-0.299999923,-0.299999923
16.1500301,1,0,0,0,0,0,0,0.904621601,-0.325796902,-0.102907404,0.25480637,-0.697128914,-0.020155633,0.556441349,0.763388813,0.049190976,0.065731265,0.296306502,0,0,0.296306431,0.296306431,0.296306431,0.296306431,-0.296306431,-0.296306431,-0.296306431,-0.296306431
16.2000701,1,0,0,0,0,0,0,0.910493731,-0.30851832,-0.096721105,0.257803887,-0.658292422,-0.017054299,0.557675079,1.148598909,0.032014411,0.065597162,0.285316955,0,0,0.285316885,0.285316885,0.285316885,0.285316885,-0.285316885,-0.285316885,-0.285316885,-0.285316885
16.25,1,0,0,0,0,0,0,0.930885673,-0.23790957,-0.073608086,0.267269462,-0.503281791,-0.009869657,0.561722245,1.873206496,0.036860287,0.066497244,0.267301957,0,0,0.267301887,0.267301887,0.267301887,0.267301887,-0.267301887,-0.267301887,-0.267301887,-0.267301887
16.3001699,1,0,0,0,0,0,0,0.939191759,-0.201351672,-0.06209971,0.27114591,-0.424541712,-0.007455775,0.563725022,2.05450058,0.020354265,0.06661348,0.242705098,0,0,0.242705047,0.242705047,0.242705047,0.242705047,-0.242705047,-0.242705047,-0.242705047,-0.242705047
16.3501501,1,0,0,0,0,0,0,0.946590722,-0.16147463,-0.049640853,0.274641544,-0.339453919,-0.005283882,0.565674185,2.185512066,0.044662561,0.058149613,0.212132034,0,0,0.212131992,0.212131992,0.212131992,0.212131992,-0.212131992,-0.212131992,-0.212131992,-0.212131992
16.40027,1,0,0,0,0,0,0,0.952584147,-0.119368456,-0.036436193,0.277501494,-0.250244056,-0.003167234,0.567337259,2.256964922,0.042685173,0.043665681,0.176335576,0,0,0.176335543,0.176335543,0.176335543,0.176335543,-0.176335543,-0.176335543,-0.176335543,-0.176335543
16.45013,1,0,0,0,0,0,0,0.957550645,-0.065764003,-0.019333625,0.279996991,-0.137201456,-0.000198405,0.568970933,2.251402378,0.060205981,0.034118492,0.13619715,0,0,0.13619712,0.13619712,0.13619712,0.13619712,-0.13619712,-0.13619712,-0.13619712,-0.13619712
16.50018,1,0,0,0,0,0,0,0.959364772,-0.023458164,-0.005581491,0.281137139,-0.048166958,0.002480553,0.570068239,2.189672709,0.069177993,0.02581704,0.092705098,0,0,0.092705078,0.092705078,0.092705078,0.092705078,-0.092705078,-0.092705078,-0.092705078,-0.092705078
16.55023,1,0,0,0,0,0,0,0.957612693,0.056292273,0.02086737,0.281733304,0.119861321,0.008246994,0.572756331,1.996968746,0.079584956,0.023818789,0.046930339,0,0,0.046930328,0.046930328,0.046930328,0.046930328,-0.046930328,-0.046930328,-0.046930328,-0.046930328
16.6001601,1,0,0,0,0,0,0,0.953614533,0.101016507,0.036053766,0.281274348,0.214602185,0.011936367,0.574931521,1.823466301,0.074341215,0.022811461,-1.55E-11,0,0,-1.55E-11,-1.55E-11,-1.55E-11,-1.55E-11,1.55E-11,1.55E-11,1.55E-11,1.55E-11
16.65009,1,0,0,0,0,0,0,0.949350536,0.133270726,0.047215875,0.280612499,0.28334703,0.014854513,0.576919104,1.648135781,0.086029664,0.025967525,-0.04693034,0,0,-0.046930328,-0.046930328,-0.046930328,-0.046930328,0.046930328,0.046930328,0.046930328,0.046930328
16.7000701,1,0,0,0,0,0,0,0.94454056,0.162151217,0.05734203,0.279753566,0.345271831,0.017599892,0.578965175,1.457606316,0.085177325,0.022096198,-0.092705098,0,0,-0.092705078,-0.092705078,-0.092705078,-0.092705078,0.092705078,0.092705078,0.092705078,0.092705078
16.7503099,1,0,0,0,0,0,0,0.939500749,0.187539905,0.066425644,0.278845966,0.400102073,0.020225765,0.581142238,1.280694962,0.081267245,0.019720949,-0.13619715,0,0,-0.13619712,-0.13619712,-0.13619712,-0.13619712,0.13619712,0.13619712,0.13619712,0.13619712
16.8003201,1,0,0,0,0,0,0,0.933294952,0.21445857,0.076274738,0.277759194,0.458716675,0.023240069,0.583953927,1.06363225,0.072523214,0.023049867,-0.176335576,0,0,-0.176335543,-0.176335543,-0.176335543,-0.176335543,0.176335543,0.176335543,0.176335543,0.176335543
16.8505599,1,0,0,0,0,0,0,0.924434423,0.247385919,0.088575467,0.276361346,0.531151865,0.027031903,0.588342874,0.758544564,0.059088338,0.021218514,-0.212132034,0,0,-0.212131992,-0.212131992,-0.212131992,-0.212131992,0.212131992,0.212131992,0.212131992,0.212131992
16.90007,1,0,0,0,0,0,0,0.920719087,0.259724051,0.093265481,0.275901109,0.558534514,0.028430137,0.590439706,0.616981924,0.050102927,0.022745881,-0.242705098,0,0,-0.242705047,-0.242705047,-0.242705047,-0.242705047,0.242705047,0.242705047,0.242705047,0.242705047
16.9500401,1,0,0,0,0,0,0,0.916295648,0.273386419,0.09856496,0.275585324,0.589061295,0.029951191,0.593394701,0.402126521,0.049725931,0.014405699,-0.267301957,0,0,-0.267301887,-0.267301887,-0.267301887,-0.267301887,0.267301887,0.267301887,0.267301887,0.267301887
17.0001299,1,0,0,0,0,0,0,0.914535344,0.278365701,0.100686908,0.275680929,0.600350057,0.030688052,0.595061036,0.192866504,0.028265271,0.032965098,-0.285316955,0,0,-0.285316885,-0.285316885,-0.285316885,-0.285316885,0.285316885,0.285316885,0.285316885,0.285316885
17.05003,1,0,0,0,0,0,0,0.913822472,0.279579669,0.100578099,0.276853412,0.602740041,0.029019955,0.597364945,-0.11392089,-0.103551172,0.134832412,-0.296306502,0,0,-0.296306431,-0.296306431,-0.296306431,-0.296306431,0.296306431,0.296306431,0.296306431,0.296306431
17.1000099,1,0,0,0,0,0,0,0.914983034,0.275358796,0.097690001,0.278281361,0.592515538,0.025517709,0.598287503,-0.349831671,-0.01497418,-0.034272678,-0.3,0,0,-0.299999923,-0.299999923,-0.299999923,-0.299999923,0.299999923,0.299999923,0.299999923,0.299999923
17.1501701,1,0,0,0,0,0,0,0.923715234,0.244885504,0.087650195,0.281245381,0.525745528,0.024184158,0.597617124,-1.118322253,-0.008353593,0.030057887,-0.296306502,0,0,-0.296306431,-0.296306431,-0.296306431,-0.296306431,0.296306431,0.296306431,0.296306431,0.296306431
17.20014,1,0,0,0,0,0,0,0.929526627,0.2210408,0.079802327,0.284170926,0.473944332,0.022731988,0.59887485,-1.431924582,-0.017403075,0.04443752,-0.285316955,0,0,-0.285316885,-0.285316885,-0.285316885,-0.285316885,0.285316885,0.285316885,0.285316885,0.285316885
17.2501199,1,0,0,0,0,0,0,0.935861945,0.191388637,0.070265606,0.287394404,0.410106302,0.021511426,0.600372369,-1.720549107,-0.017286854,0.036906481,-0.267301957,0,0,-0.285316885,-0.285316885,-0.285316885,-0.285316885,0.285316885,0.285316885,0.285316885,0.285316885
17.3,1,0,0,0,0,0,0,0.943480551,0.147435516,0.056263525,0.291448206,0.316312792,0.020228821,0.602443638,-1.997184038,-0.012508049,0.041379828,-0.242705098,0,0,-0.267301887,-0.267301887,-0.267301887,-0.267301887,0.267301887,0.267301887,0.267301887,0.267301887
17.35007,1,0,0,0,0,0,0,0.948494554,0.108243436,0.043769389,0.294492364,0.233268835,0.019277517,0.604353056,-2.144484282,-0.007174918,0.053987719,-0.212132034,0,0,-0.212131992,-0.212131992,-0.212131992,-0.212131992,0.212131992,0.212131992,0.212131992,0.212131992
17.4000399,1,0,0,0,0,0,0,0.951973081,0.066893153,0.03047275,0.297227532,0.14601818,0.018254511,0.606599452,-2.205963135,-0.010736301,0.059110742,-0.176335576,0,0,-0.176335543,-0.176335543,-0.176335543,-0.176335543,0.176335543,0.176335543,0.176335543,0.176335543
17.4503,1,0,0,0,0,0,0,0.952899873,-0.02790761,-0.000610859,0.301998138,-0.053587497,0.015692558,0.613402271,-2.172553062,-0.033676665,0.077637374,-0.13619715,0,0,-0.176335543,-0.176335543,-0.176335543,-0.176335543,0.176335543,0.176335543,0.176335543,0.176335543
17.49998,1,0,0,0,0,0,0,0.950302124,-0.068513148,-0.014189956,0.303365409,-0.139290626,0.014600065,0.616991017,-2.114387751,-0.037698485,0.088595696,-0.092705098,0,0,-0.092705078,-0.092705078,-0.092705078,-0.092705078,0.092705078,0.092705078,0.092705078,0.092705078
17.5499401,1,0,0,0,0,0,0,0.946143448,-0.106961541,-0.027253291,0.304350615,-0.220800797,0.013536987,0.62094247,-1.990041733,-0.046137031,0.090699747,-0.046930339,0,0,-0.092705078,-0.092705078,-0.092705078,-0.092705078,0.092705078,0.092705078,0.092705078,0.092705078
17.59992,1,0,0,0,0,0,0,0.940783978,-0.142742708,-0.039551392,0.304935664,-0.297075142,0.012636389,0.624997451,-1.83316803,-0.051924642,0.086059511,1.57E-11,0,0,1.57E-11,1.57E-11,1.57E-11,1.57E-11,-1.57E-11,-1.57E-11,-1.57E-11,-1.57E-11
17.6501,1,0,0,0,0,0,0,0.931318998,-0.190462157,-0.056290921,0.305287838,-0.399716601,0.011442199,0.631209697,-1.584548712,-0.056897145,0.086089283,0.04693034,0,0,0.046930328,0.046930328,0.046930328,0.046930328,-0.046930328,-0.046930328,-0.046930328,-0.046930328
17.70013,1,0,0,0,0,0,0,0.924705446,-0.217639506,-0.066024691,0.305276424,-0.458766073,0.010773845,0.635220601,-1.390234351,-0.063627988,0.069768019,0.092705098,0,0,0.092705078,0.092705078,0.092705078,0.092705078,-0.092705078,-0.092705078,-0.092705078,-0.092705078
17.75003,1,0,0,0,0,0,0,0.920090199,-0.23274678,-0.075278684,0.305935353,-0.494237223,0.003884585,0.641031244,-0.222796232,-0.123094045,0.018370897,0.13619715,0,0,0.13619712,0.13619712,0.13619712,0.13619712,-0.13619712,-0.13619712,-0.13619712,-0.13619712
17.8001001,1,0,0,0,0,0,0,0.917943239,-0.237826064,-0.079902612,0.307302445,-0.507198268,-0.000523062,0.646226629,-0.117142521,-0.105865315,0.032547865,0.176335576,0,0,0.176335543,0.176335543,0.176335543,0.176335543,-0.176335543,-0.176335543,-0.176335543,-0.176335543
17.85004,1,0,0,0,0,0,0,0.917096972,-0.238578841,-0.082522906,0.308550388,-0.510403029,-0.004135839,0.650171359,-0.016693773,-0.095139429,0.026837736,0.212132034,0,0,0.212131992,0.212131992,0.212131992,0.212131992,-0.212131992,-0.212131992,-0.212131992,-0.212131992
17.90029,1,0,0,0,0,0,0,0.917016506,-0.237002432,-0.083963476,0.309614241,-0.508280064,-0.007233192,0.653107824,0.108816497,-0.110214964,0.026143346,0.242705098,0,0,0.242705047,0.242705047,0.242705047,0.242705047,-0.242705047,-0.242705047,-0.242705047,-0.242705047
17.9507401,1,0,0,0,0,0,0,0.917413771,-0.233665451,-0.084684707,0.31077528,-0.502246995,-0.010147112,0.655841034,0.197619945,-0.097589202,0.024209173,0.267301957,0,0,0.267301887,0.267301887,0.267301887,0.267301887,-0.267301887,-0.267301887,-0.267301887,-0.267301887
18.0001099,1,0,0,0,0,0,0,0.918597162,-0.227880016,-0.084651791,0.311583608,-0.490939915,-0.013514841,0.65741939,0.353031665,-0.079180315,-0.024172667,0.285316955,0,0,0.285316885,0.285316885,0.285316885,0.285316885,-0.285316885,-0.285316885,-0.285316885,-0.285316885
18.0504601,1,0,0,0,0,0,0,0.921213865,-0.216368899,-0.083075233,0.312487394,-0.467477094,-0.017835946,0.658311815,0.577346206,-0.084692247,-0.025931001,0.296306502,0,0,0.296306431,0.296306431,0.296306431,0.296306431,-0.296306431,-0.296306431,-0.296306431,-0.296306431
18.0999501,1,0,0,0,0,0,0,0.927901387,-0.186666563,-0.076672457,0.313490182,-0.405647976,-0.02525537,0.656811621,1.00053823,-0.064577177,-0.08267615,0.3,0,0,0.296306431,0.296306431,0.296306431,0.296306431,-0.296306431,-0.296306431,-0.296306431,-0.296306431
18.1502001,1,0,0,0,0,0,0,0.932457507,-0.164689749,-0.071048595,0.313612044,-0.359542244,-0.029206362,0.654195701,1.286107063,-0.057810571,-0.104866967,0.296306502,0,0,0.296306431,0.296306431,0.296306431,0.296306431,-0.296306431,-0.296306431,-0.296306431,-0.296306431
18.2000701,1,0,0,0,0,0,0,0.938412666,-0.129735649,-0.061200846,0.314332783,-0.286005679,-0.033309112,0.651228127,1.627922416,-0.052374635,-0.081305251,0.285316955,0,0,0.285316885,0.285316885,0.285316885,0.285316885,-0.285316885,-0.285316885,-0.285316885,-0.285316885
18.2503099,1,0,0,0,0,0,0,0.942667723,-0.096729785,-0.051267914,0.315265954,-0.21651859,-0.035673563,0.649370313,1.826613426,-0.040787488,-0.052231599,0.267301957,0,0,0.267301887,0.267301887,0.267301887,0.267301887,-0.267301887,-0.267301887,-0.267301887,-0.267301887
18.3001001,1,0,0,0,0,0,0,0.94589591,-0.0601594,-0.039897878,0.316338539,-0.139601957,-0.037425736,0.648096254,1.996418595,-0.026185839,-0.033044845,0.242705098,0,0,0.242705047,0.242705047,0.242705047,0.242705047,-0.242705047,-0.242705047,-0.242705047,-0.242705047
18.3501201,1,0,0,0,0,0,0,0.947685719,-0.020943467,-0.027329842,0.317342609,-0.057114875,-0.038517212,0.647349318,2.113047361,-0.020501038,-0.017038003,0.212132034,0,0,0.212131992,0.212131992,0.212131992,0.212131992,-0.212131992,-0.212131992,-0.212131992,-0.212131992
18.39993,1,0,0,0,0,0,0,0.944331169,0.082005069,0.007084997,0.318534017,0.160198287,-0.038871417,0.647533091,2.183043003,0.015834739,0.008922082,0.176335576,0,0,0.176335543,0.176335543,0.176335543,0.176335543,-0.176335543,-0.176335543,-0.176335543,-0.176335543
18.44993,1,0,0,0,0,0,0,0.939867198,0.122462429,0.021235829,0.318122327,0.246368895,-0.038007491,0.648036957,2.136379957,0.028597597,0.003168736,0.13619715,0,0,0.13619712,0.13619712,0.13619712,0.13619712,-0.13619712,-0.13619712,-0.13619712,-0.13619712
18.5000701,1,0,0,0,0,0,0,0.933883786,0.161238179,0.035082772,0.317226768,0.329566204,-0.036779949,0.648796268,2.045506239,0.042546585,0.003192578,0.092705098,0,0,0.092705078,0.092705078,0.092705078,0.092705078,-0.092705078,-0.092705078,-0.092705078,-0.092705078
18.55003,1,0,0,0,0,0,0,0.924758196,0.206341803,0.051504921,0.315583199,0.427277069,-0.034983946,0.650144962,1.877514601,0.053326096,0.011489552,0.046930339,0,0,0.046930328,0.046930328,0.046930328,0.046930328,-0.046930328,-0.046930328,-0.046930328,-0.046930328
18.60005,1,0,0,0,0,0,0,0.916647851,0.238962114,0.063689746,0.314002395,0.498776047,-0.033313374,0.65156879,1.70948112,0.054731257,0.008936978,-1.59E-11,0,0,-1.59E-11,-1.59E-11,-1.59E-11,-1.59E-11,1.59E-11,1.59E-11,1.59E-11,1.59E-11
18.64994,1,0,0,0,0,0,0,0.908269882,0.26820752,0.074778035,0.312280566,0.563538554,-0.031680005,0.653144668,1.527090549,0.057578873,0.011045493,-0.04693034,0,0,-0.046930328,-0.046930328,-0.046930328,-0.046930328,0.046930328,0.046930328,0.046930328,0.046930328
18.70014,1,0,0,0,0,0,0,0.890482366,0.320343435,0.095283374,0.308776081,0.681053426,-0.028136154,0.657585734,1.079913616,0.065139696,0.018014764,-0.092705098,0,0,-0.092705078,-0.092705078,-0.092705078,-0.092705078,0.092705078,0.092705078,0.092705078,0.092705078
18.7499301,1,0,0,0,0,0,0,0.883761227,0.337420166,0.102332316,0.307639629,0.720281386,-0.026736139,0.659898701,0.895392299,0.064516813,0.019548094,-0.13619715,0,0,-0.13619712,-0.13619712,-0.13619712,-0.13619712,0.13619712,0.13619712,0.13619712,0.13619712
18.7999301,1,0,0,0,0,0,0,0.878039181,0.350991249,0.108167157,0.306842387,0.751820714,-0.025450728,0.662347742,0.703664958,0.063288964,0.022833794,-0.176335576,0,0,-0.176335543,-0.176335543,-0.176335543,-0.176335543,0.176335543,0.176335543,0.176335543,0.176335543
18.8499701,1,0,0,0,0,0,0,0.873362064,0.361400664,0.112831324,0.306426764,0.776272953,-0.024402897,0.664901156,0.535080731,0.059912365,0.023538623,-0.212132034,0,0,-0.212131992,-0.212131992,-0.212131992,-0.212131992,0.212131992,0.212131992,0.212131992,0.212131992
18.9000101,1,0,0,0,0,0,0,0.86902988,0.370369673,0.117220581,0.30638665,0.797693363,-0.023218357,0.668124884,0.338964909,0.0630714,0.025228413,-0.242705098,0,0,-0.242705047,-0.242705047,-0.242705047,-0.242705047,0.242705047,0.242705047,0.242705047,0.242705047
18.95031,1,0,0,0,0,0,0,0.866791785,0.374475181,0.119627036,0.30680576,0.807801896,-0.022400692,0.670814309,0.205858797,0.055896495,0.043233477,-0.267301957,0,0,-0.267301887,-0.267301887,-0.267301887,-0.267301887,0.267301887,0.267301887,0.267301887,0.267301887
19.00002,1,0,0,0,0,0,0,0.865856886,0.375637829,0.121113569,0.307440817,0.811224723,-0.021240359,0.673249392,-0.211715713,0.071514398,0.005417317,-0.285316955,0,0,-0.285316885,-0.285316885,-0.285316885,-0.285316885,0.285316885,0.285316885,0.285316885,0.285316885
19.0499501,1,0,0,0,0,0,0,0.87021333,0.363259286,0.119426273,0.310658842,0.7845973,-0.017847695,0.678395013,-0.558139384,0.063506514,-0.009821354,-0.296306502,0,0,-0.296306431,-0.296306431,-0.296306431,-0.296306431,0.296306431,0.296306431,0.296306431,0.296306431
19.0999601,1,0,0,0,0,0,0,0.875476241,0.349889636,0.115852743,0.312565297,0.754808682,-0.015874729,0.679542614,-0.887969255,0.042039912,-0.024776164,-0.3,0,0,-0.299999923,-0.299999923,-0.299999923,-0.299999923,0.299999923,0.299999923,0.299999923,0.299999923
19.14994,1,0,0,0,0,0,0,0.882713854,0.330774337,0.110006884,0.315124124,0.712009226,-0.014261227,0.680481897,-1.221895576,0.039016463,0.001696498,-0.296306502,0,0,-0.296306431,-0.296306431,-0.296306431,-0.296306431,0.296306431,0.296306431,0.296306431,0.296306431
19.19997,1,0,0,0,0,0,0,0.891461551,0.305785775,0.10175775,0.318491846,0.656142305,-0.013354702,0.68172654,-1.545723915,0.040861253,0.014901916,-0.285316955,0,0,-0.285316885,-0.285316885,-0.285316885,-0.285316885,0.285316885,0.285316885,0.285316885,0.285316885
19.25,1,0,0,0,0,0,0,0.903707504,0.266106427,0.087973632,0.323668152,0.568015659,-0.013255872,0.683974728,-1.936736941,0.034507398,0.042422891,-0.267301957,0,0,-0.267301887,-0.267301887,-0.267301887,-0.267301887,0.267301887,0.267301887,0.267301887,0.267301887
19.30023,1,0,0,0,0,0,0,0.92210418,0.188334614,0.059937201,0.332658827,0.397644393,-0.014766186,0.689482245,-2.287195683,0.014244784,0.081775449,-0.242705098,0,0,-0.242705047,-0.242705047,-0.242705047,-0.242705047,0.242705047,0.242705047,0.242705047,0.242705047
19.3500299,1,0,0,0,0,0,0,0.929250658,0.145053908,0.044128537,0.336905837,0.304015675,-0.015726716,0.693224578,-2.388247967,0.00410155,0.096211724,-0.212132034,0,0,-0.212131992,-0.212131992,-0.212131992,-0.212131992,0.212131992,0.212131992,0.212131992,0.212131992
19.40008,1,0,0,0,0,0,0,0.934418321,0.100230791,0.027674783,0.340662181,0.207688575,-0.016570782,0.697466122,-2.43465519,0.004921116,0.10424199,-0.176335576,0,0,-0.212131992,-0.212131992,-0.212131992,-0.212131992,0.212131992,0.212131992,0.212131992,0.212131992
19.45,1,0,0,0,0,0,0,0.937738836,0.043672014,0.006681531,0.344519883,0.086631394,-0.017561596,0.703410862,-2.410977602,-0.007565331,0.124179758,-0.13619715,0,0,-0.176335543,-0.176335543,-0.176335543,-0.176335543,0.176335543,0.176335543,0.176335543,0.176335543
19.49997,1,0,0,0,0,0,0,0.937874854,-0.000942379,-0.010048209,0.346827328,-0.008739209,-0.018195238,0.708489755,-2.356905222,-0.013300795,0.125315234,-0.092705098,0,0,-0.13619712,-0.13619712,-0.13619712,-0.13619712,0.13619712,0.13619712,0.13619712,0.13619712
19.55007,1,0,0,0,0,0,0,0.935936749,-0.044043981,-0.026306637,0.348411173,-0.100964622,-0.018552933,0.713668849,-2.252665043,-0.017820323,0.123030856,-0.046930339,0,0,-0.046930328,-0.046930328,-0.046930328,-0.046930328,0.046930328,0.046930328,0.046930328,0.046930328
19.5999601,1,0,0,0,0,0,0,0.932231843,-0.084839605,-0.041756265,0.349288702,-0.188496954,-0.018587076,0.718737386,-2.114696741,-0.021787014,0.12054085,1.62E-11,0,0,-0.046930328,-0.046930328,-0.046930328,-0.046930328,0.046930328,0.046930328,0.046930328,0.046930328
19.6500499,1,0,0,0,0,0,0,0.919436932,-0.16485928,-0.072467692,0.349579334,-0.361715343,-0.01799712,0.729952377,-1.723645806,-0.031723112,0.115855888,0.04693034,0,0,1.62E-11,1.62E-11,1.62E-11,1.62E-11,-1.62E-11,-1.62E-11,-1.62E-11,-1.62E-11
19.69995,1,0,0,0,0,0,0,0.912797809,-0.194183335,-0.08398845,0.349340856,-0.426015598,-0.017657518,0.734852737,-1.51085794,-0.041067623,0.11170885,0.092705098,0,0,0.046930328,0.046930328,0.046930328,0.046930328,-0.046930328,-0.046930328,-0.046930328,-0.046930328
19.75017,1,0,0,0,0,0,0,0.906160712,-0.219545111,-0.094078347,0.349030256,-0.482085005,-0.017245283,0.739561475,-1.304005623,-0.045201201,0.102815814,0.13619715,0,0,0.13619712,0.13619712,0.13619712,0.13619712,-0.13619712,-0.13619712,-0.13619712,-0.13619712
19.80006,1,0,0,0,0,0,0,0.896855831,-0.250659078,-0.106583484,0.348510444,-0.551507832,-0.016466169,0.745925081,-1.017624378,-0.03968627,0.090687744,0.176335576,0,0,0.176335543,0.176335543,0.176335543,0.176335543,-0.176335543,-0.176335543,-0.176335543,-0.176335543
19.8501799,1,0,0,0,0,0,0,0.891403794,-0.267062515,-0.113190211,0.348231018,-0.588390659,-0.015798123,0.749635027,-0.834706604,-0.038684908,0.079164654,0.212132034,0,0,0.212131992,0.212131992,0.212131992,0.212131992,-0.212131992,-0.212131992,-0.212131992,-0.212131992
19.89994,1,0,0,0,0,0,0,0.886727989,-0.28021422,-0.118571281,0.348043919,-0.618177199,-0.015227822,0.75291727,-0.666947782,-0.029464068,0.068389624,0.242705098,0,0,0.212131992,0.212131992,0.212131992,0.212131992,-0.212131992,-0.212131992,-0.212131992,-0.212131992
19.9502101,1,0,0,0,0,0,0,0.879532337,-0.298880517,-0.126358107,0.348032951,-0.660821833,-0.014232025,0.75847336,-0.274153084,-0.021454692,0.039327893,0.267301957,0,0,0.267301887,0.267301887,0.267301887,0.267301887,-0.267301887,-0.267301887,-0.267301887,-0.267301887
20.0000801,1,0,0,0,0,0,0,0.878213286,-0.301641017,-0.127638116,0.348514885,-0.667262498,-0.013934662,0.760397488,-0.069461763,-0.014306606,0.031144168,0.285316955,0,0,0.285316885,0.285316885,0.285316885,0.285316885,-0.285316885,-0.285316885,-0.285316885,-0.285316885
20.05003,1,0,0,0,0,0,0,0.878217697,-0.300994009,-0.127646625,0.349059999,-0.666005693,-0.014073574,0.761504566,0.130748004,-0.0169158,0.002553314,0.296306502,0,0,0.285316885,0.285316885,0.285316885,0.285316885,-0.285316885,-0.285316885,-0.285316885,-0.285316885
20.10004,1,0,0,0,0,0,0,0.880126536,-0.295256406,-0.125829697,0.349811316,-0.653321068,-0.014924598,0.761678704,0.476063043,-0.011360645,-0.018940868,0.3,0,0,0.299999923,0.299999923,0.299999923,0.299999923,-0.299999923,-0.299999923,-0.299999923,-0.299999923
20.1500499,1,0,0,0,0,0,0,0.885129094,-0.279914916,-0.120169185,0.351786435,-0.618902597,-0.015790597,0.761645193,0.86744678,0.004040451,-0.006560984,0.296306502,0,0,0.296306431,0.296306431,0.296306431,0.296306431,-0.296306431,-0.296306431,-0.296306431,-0.296306431
20.19993,1,0,0,0,0,0,0,0.891011059,-0.26093775,-0.112967379,0.353905767,-0.576426831,-0.016616382,0.761099426,1.220577598,-0.0012815,-0.037400432,0.285316955,0,0,0.285316885,0.285316885,0.285316885,0.285316885,-0.285316885,-0.285316885,-0.285316885,-0.285316885
20.2504699,1,0,0,0,0,0,0,0.905669391,-0.205465376,-0.091394909,0.359435588,-0.453304054,-0.017844952,0.759730711,1.797158599,-0.002376737,-0.020681337,0.267301957,0,0,0.267301887,0.267301887,0.267301887,0.267301887,-0.267301887,-0.267301887,-0.267301887,-0.267301887
20.3000901,1,0,0,0,0,0,0,0.914728403,-0.161379918,-0.073941201,0.362989545,-0.356476614,-0.018114773,0.758800716,2.046887398,0.000847132,-0.017766669,0.242705098,0,0,0.267301887,0.267301887,0.267301887,0.267301887,-0.267301887,-0.267301887,-0.267301887,-0.267301887
20.3500099,1,0,0,0,0,0,0,0.920862556,-0.12267749,-0.058464013,0.365437478,-0.272055226,-0.018013706,0.75802867,2.167940855,0.01345502,-0.022235544,0.212132034,0,0,0.212131992,0.212131992,0.212131992,0.212131992,-0.212131992,-0.212131992,-0.212131992,-0.212131992
20.4000599,1,0,0,0,0,0,0,0.92550385,-0.082110748,-0.042068943,0.367329031,-0.183957866,-0.017547516,0.757274395,2.224060059,0.023438813,-0.020265605,0.176335576,0,0,0.176335543,0.176335543,0.176335543,0.176335543,-0.176335543,-0.176335543,-0.176335543,-0.176335543
20.4500899,1,0,0,0,0,0,0,0.928373992,-0.040862475,-0.025145791,0.368537366,-0.094559452,-0.016571457,0.756568642,2.232570171,0.029826952,-0.01730027,0.13619715,0,0,0.13619712,0.13619712,0.13619712,0.13619712,-0.13619712,-0.13619712,-0.13619712,-0.13619712
20.5000901,1,0,0,0,0,0,0,0.929243803,0.020220639,0.00026504,0.368913323,0.037788284,-0.014427253,0.755568936,2.166872025,0.044205103,-0.01896622,0.092705098,0,0,0.092705078,0.092705078,0.092705078,0.092705078,-0.092705078,-0.092705078,-0.092705078,-0.092705078
20.55039,1,0,0,0,0,0,0,0.924661994,0.095895432,0.032253742,0.367102414,0.202413527,-0.010759475,0.754764,1.937882066,0.042732842,-0.014026477,0.046930339,0,0,0.046930328,0.046930328,0.046930328,0.046930328,-0.046930328,-0.046930328,-0.046930328,-0.046930328
20.59993,1,0,0,0,0,0,0,0.920494795,0.129862577,0.046738412,0.365568995,0.276779015,-0.00890265,0.754843825,1.792491555,0.039526112,-0.009687255,-1.64E-11,0,0,0.046930328,0.046930328,0.046930328,0.046930328,-0.046930328,-0.046930328,-0.046930328,-0.046930328
20.6500499,1,0,0,0,0,0,0,0.9142313,0.167894676,0.06298773,0.363353014,0.360530657,-0.006839416,0.755350373,1.579112053,0.038497921,-0.004284087,-0.04693034,0,0,-1.64E-11,-1.64E-11,-1.64E-11,-1.64E-11,1.64E-11,1.64E-11,1.64E-11,1.64E-11
20.7000601,1,0,0,0,0,0,0,0.908802569,0.194484115,0.07440035,0.361550182,0.419495925,-0.0054011,0.756121181,1.392601371,0.032094881,0.005633387,-0.092705098,0,0,-0.092705078,-0.092705078,-0.092705078,-0.092705078,0.092705078,0.092705078,0.092705078,0.092705078
20.7502899,1,0,0,0,0,0,0,0.903362334,0.217512682,0.084312975,0.359883368,0.470885132,-0.004228073,0.757207405,1.19918704,0.039448608,0.013370073,-0.13619715,0,0,-0.13619712,-0.13619712,-0.13619712,-0.13619712,0.13619712,0.13619712,0.13619712,0.13619712
20.80005,1,0,0,0,0,0,0,0.898180485,0.237117082,0.092840642,0.358368784,0.514951455,-0.00317542,0.758441823,1.018110871,0.0397183,0.012179466,-0.176335576,0,0,-0.13619712,-0.13619712,-0.13619712,-0.13619712,0.13619712,0.13619712,0.13619712,0.13619712
20.8503001,1,0,0,0,0,0,0,0.890189886,0.264022976,0.104713231,0.356214911,0.575986876,-0.001668523,0.760787608,0.823510706,0.036273159,0.014682862,-0.212132034,0,0,-0.212131992,-0.212131992,-0.212131992,-0.212131992,0.212131992,0.212131992,0.212131992,0.212131992
20.90007,1,0,0,0,0,0,0,0.884760737,0.28034848,0.112041675,0.355035454,0.613386832,-0.00080715,0.762960465,0.522460699,0.026097151,0.0154607,-0.242705098,0,0,-0.242705047,-0.242705047,-0.242705047,-0.242705047,0.242705047,0.242705047,0.242705047,0.242705047
20.9500501,1,0,0,0,0,0,0,0.883012593,0.284329116,0.118066207,0.354268551,0.625868232,0.007050224,0.765369689,0.178007066,0.264238626,-0.082428753,-0.267301957,0,0,-0.267301887,-0.267301887,-0.267301887,-0.267301887,0.267301887,0.267301887,0.267301887,0.267301887
20.9999499,1,0,0,0,0,0,0,0.882671773,0.283812433,0.123400494,0.35371393,0.629089735,0.01706827,0.767825971,-0.015157463,0.249644414,-0.096583366,-0.285316955,0,0,-0.267301887,-0.267301887,-0.267301887,-0.267301887,0.267301887,0.267301887,0.267301887,0.267301887
21.0501001,1,0,0,0,0,0,0,0.883618772,0.27875039,0.127752841,0.353829443,0.622737142,0.02851329,0.770935077,-0.235955432,0.208222136,-0.077231228,-0.296306502,0,0,-0.296306431,-0.296306431,-0.296306431,-0.296306431,0.296306431,0.296306431,0.296306431,0.296306431
21.10006,1,0,0,0,0,0,0,0.885757983,0.270220011,0.128793582,0.354719847,0.607053054,0.036463164,0.773245212,-0.539343178,0.186868802,-0.07461907,-0.3,0,0,-0.299999923,-0.299999923,-0.299999923,-0.299999923,0.299999923,0.299999923,0.299999923,0.299999923
21.15007,1,0,0,0,0,0,0,0.889468014,0.25625968,0.127239823,0.35635376,0.578868475,0.043727224,0.775134433,-0.856863201,0.168309405,-0.069971398,-0.296306502,0,0,-0.299999923,-0.299999923,-0.299999923,-0.299999923,0.299999923,0.299999923,0.299999923,0.299999923
21.19994,1,0,0,0,0,0,0,0.903657794,0.196961612,0.110802114,0.363774538,0.452589162,0.05698597,0.778542654,-1.629584551,0.09544424,-0.017221285,-0.285316955,0,0,-0.285316885,-0.285316885,-0.285316885,-0.285316885,0.285316885,0.285316885,0.285316885,0.285316885
21.2500601,1,0,0,0,0,0,0,0.909813643,0.164342746,0.099428758,0.367892265,0.382102799,0.060038482,0.780134137,-1.8757689,0.0731849,0.010135035,-0.267301957,0,0,-0.285316885,-0.285316885,-0.285316885,-0.285316885,0.285316885,0.285316885,0.285316885,0.285316885
21.30002,1,0,0,0,0,0,0,0.915299118,0.127812728,0.085852154,0.372183889,0.303072315,0.062060955,0.781889836,-2.068623304,0.048697785,0.026585933,-0.242705098,0,0,-0.242705047,-0.242705047,-0.242705047,-0.242705047,0.242705047,0.242705047,0.242705047,0.242705047
21.3503001,1,0,0,0,0,0,0,0.919540763,0.088317648,0.07055191,0.376387089,0.217680728,0.06330975,0.783951417,-2.199513912,0.037651557,0.044084396,-0.212132034,0,0,-0.212131992,-0.212131992,-0.212131992,-0.212131992,0.212131992,0.212131992,0.212131992,0.212131992
21.4000201,1,0,0,0,0,0,0,0.922460616,0.036509011,0.04970647,0.381133854,0.105657698,0.063918381,0.786998546,-2.270659924,0.01151489,0.058434241,-0.176335576,0,0,-0.176335543,-0.176335543,-0.176335543,-0.176335543,0.176335543,0.176335543,0.176335543,0.176335543
21.4500501,1,0,0,0,0,0,0,0.922632575,-0.005582982,0.032335985,0.384281784,0.014580545,0.064003022,0.789774787,-2.273057461,0.000397116,0.071016788,-0.13619715,0,0,-0.13619712,-0.13619712,-0.13619712,-0.13619712,0.13619712,0.13619712,0.13619712,0.13619712
21.5,1,0,0,0,0,0,0,0.917367756,-0.08695323,-0.002362361,0.388420105,-0.162407726,0.063256621,0.795891793,-2.144762516,-0.028316716,0.069994569,-0.092705098,0,0,-0.092705078,-0.092705078,-0.092705078,-0.092705078,0.092705078,0.092705078,0.092705078,0.092705078
21.5499401,1,0,0,0,0,0,0,0.910985947,-0.133732349,-0.022916386,0.389480621,-0.26511316,0.062459906,0.799704905,-1.983114123,-0.037707429,0.066224545,-0.046930339,0,0,-0.046930328,-0.046930328,-0.046930328,-0.046930328,0.046930328,0.046930328,0.046930328,0.046930328
21.5999401,1,0,0,0,0,0,0,0.905182123,-0.165684432,-0.039067827,0.389445603,-0.337301696,0.058356255,0.802662309,-1.224624157,-0.550478935,-0.071963705,1.66E-11,0,0,1.66E-11,1.66E-11,1.66E-11,1.66E-11,-1.66E-11,-1.66E-11,-1.66E-11,-1.66E-11
21.6500301,1,0,0,0,0,0,0,0.902799964,-0.174333647,-0.05987855,0.388554901,-0.369816355,0.027363084,0.807733679,-0.694821894,-0.788693368,-0.180359215,0.04693034,0,0,0.046930328,0.046930328,0.046930328,0.046930328,-0.046930328,-0.046930328,-0.046930328,-0.046930328
21.7,1,0,0,0,0,0,0,0.900643528,-0.18093659,-0.079491042,0.38702029,-0.397863706,-0.003133925,0.812347289,-0.654116452,-0.71593684,-0.180953771,0.092705098,0,0,0.092705078,0.092705078,0.092705078,0.092705078,-0.092705078,-0.092705078,-0.092705078,-0.092705078
21.7500501,1,0,0,0,0,0,0,0.898254216,-0.18690452,-0.101188064,0.384664714,-0.426757623,-0.038003213,0.817451977,-0.504636824,-0.645022154,-0.186230287,0.13619715,0,0,0.13619712,0.13619712,0.13619712,0.13619712,-0.13619712,-0.13619712,-0.13619712,-0.13619712
21.80003,1,0,0,0,0,0,0,0.895709515,-0.188946068,-0.122578502,0.38337791,-0.448574366,-0.07478363,0.825912305,-0.034269691,-0.251086086,-0.010062756,0.176335576,0,0,0.176335543,0.176335543,0.176335543,0.176335543,-0.176335543,-0.176335543,-0.176335543,-0.176335543
21.85006,1,0,0,0,0,0,0,0.89514482,-0.186786324,-0.126947075,0.38433221,-0.448375578,-0.083794041,0.830219467,0.05848483,-0.24889116,-0.010618569,0.212132034,0,0,0.212131992,0.212131992,0.212131992,0.212131992,-0.212131992,-0.212131992,-0.212131992,-0.212131992
21.89991,1,0,0,0,0,0,0,0.89503926,-0.180844754,-0.131819353,0.385776669,-0.441641525,-0.096585711,0.835608915,0.185758621,-0.21013172,-0.008112192,0.242705098,0,0,0.212131992,0.212131992,0.212131992,0.212131992,-0.212131992,-0.212131992,-0.212131992,-0.212131992
21.9500401,1,0,0,0,0,0,0,0.895409286,-0.175298065,-0.133895174,0.386762023,-0.433205831,-0.104374102,0.838454266,0.262712717,-0.205455765,-0.053089865,0.267301957,0,0,0.267301887,0.267301887,0.267301887,0.267301887,-0.267301887,-0.267301887,-0.267301887,-0.267301887
22.00001,1,0,0,0,0,0,0,0.89626658,-0.167974204,-0.134883925,0.387681991,-0.420515319,-0.111775352,0.840377743,0.363514602,-0.175277933,-0.039023168,0.285316955,0,0,0.285316885,0.285316885,0.285316885,0.285316885,-0.285316885,-0.285316885,-0.285316885,-0.285316885
22.0503001,1,0,0,0,0,0,0,0.897691786,-0.158204168,-0.134476975,0.388634831,-0.402063137,-0.11874932,0.841357555,0.502064109,-0.153002158,-0.040683158,0.296306502,0,0,0.285316885,0.285316885,0.285316885,0.285316885,-0.285316885,-0.285316885,-0.285316885,-0.285316885
22.0999601,1,0,0,0,0,0,0,0.90279007,-0.12583226,-0.127746403,0.390918821,-0.336278778,-0.132664733,0.839825225,1.006303072,-0.115421429,-0.108417891,0.3,0,0,0.299999923,0.299999923,0.299999923,0.299999923,-0.299999923,-0.299999923,-0.299999923,-0.299999923
22.1499701,1,0,0,0,0,0,0,0.905833423,-0.104168907,-0.120880194,0.392432153,-0.29036576,-0.137670604,0.837798037,1.245674491,-0.093671732,-0.084674388,0.296306502,0,0,0.296306431,0.296306431,0.296306431,0.296306431,-0.296306431,-0.296306431,-0.296306431,-0.296306431
22.1998999,1,0,0,0,0,0,0,0.908833623,-0.077508681,-0.11129421,0.394496679,-0.233113451,-0.141614848,0.835663086,1.54904294,-0.071686551,-0.072693877,0.285316955,0,0,0.285316885,0.285316885,0.285316885,0.285316885,-0.285316885,-0.285316885,-0.285316885,-0.285316885
22.25002,1,0,0,0,0,0,0,0.911294997,-0.046418745,-0.099205166,0.396919757,-0.165833866,-0.144463234,0.833581484,1.773608446,-0.047065355,-0.066691704,0.267301957,0,0,0.267301887,0.267301887,0.267301887,0.267301887,-0.267301887,-0.267301887,-0.267301887,-0.267301887
22.2999799,1,0,0,0,0,0,0,0.912873149,-0.002844557,-0.081181176,0.400080293,-0.070970181,-0.146463195,0.831313359,1.9850775,-0.020715613,-0.046902943,0.242705098,0,0,0.242705047,0.242705047,0.242705047,0.242705047,-0.242705047,-0.242705047,-0.242705047,-0.242705047
22.3500199,1,0,0,0,0,0,0,0.912473381,0.034673877,-0.064951353,0.402456969,0.011117813,-0.146970746,0.829973394,2.091124773,-0.008209059,-0.033234101,0.212132034,0,0,0.212131992,0.212131992,0.212131992,0.212131992,-0.212131992,-0.212131992,-0.212131992,-0.212131992
22.4000301,1,0,0,0,0,0,0,0.907719731,0.102611281,-0.034202415,0.405396253,0.16094787,-0.14580492,0.828281983,2.169176102,0.031457137,-0.020954043,0.176335576,0,0,0.176335543,0.176335543,0.176335543,0.176335543,-0.176335543,-0.176335543,-0.176335543,-0.176335543
22.44993,1,0,0,0,0,0,0,0.899534583,0.15995723,-0.007001913,0.406450897,0.28900209,-0.143114464,0.827915419,2.105532646,0.049047973,-0.020560646,0.13619715,0,0,0.13619712,0.13619712,0.13619712,0.13619712,-0.13619712,-0.13619712,-0.13619712,-0.13619712
22.50003,1,0,0,0,0,0,0,0.89230752,0.196308509,0.010801161,0.406366616,0.371162937,-0.140734613,0.828225196,2.020939112,0.057291299,-0.014683621,0.092705098,0,0,0.092705078,0.092705078,0.092705078,0.092705078,-0.092705078,-0.092705078,-0.092705078,-0.092705078
22.55006,1,0,0,0,0,0,0,0.884014845,0.230409831,0.027927525,0.405770063,0.449112349,-0.138048151,0.829060797,1.889132738,0.075482644,-0.007939347,0.046930339,0,0,0.046930328,0.046930328,0.046930328,0.046930328,-0.046930328,-0.046930328,-0.046930328,-0.046930328
22.59992,1,0,0,0,0,0,0,0.875101388,0.26162985,0.044089939,0.404726505,0.521438132,-0.1350206,0.830312208,1.731458902,0.085831515,-0.010442744,-1.68E-11,0,0,0.046930328,0.046930328,0.046930328,0.046930328,-0.046930328,-0.046930328,-0.046930328,-0.046930328
22.64992,1,0,0,0,0,0,0,0.861438394,0.302154392,0.065790825,0.402862996,0.616889756,-0.130473981,0.833266404,1.463876843,0.096327864,0.001520664,-0.04693034,0,0,-0.046930328,-0.046930328,-0.046930328,-0.046930328,0.046930328,0.046930328,0.046930328,0.046930328
22.6999199,1,0,0,0,0,0,0,0.852733135,0.324642271,0.078347579,0.401640773,0.670844845,-0.127505192,0.835865316,1.050891995,0.111735649,0.014165793,-0.092705098,0,0,-0.092705078,-0.092705078,-0.092705078,-0.092705078,0.092705078,0.092705078,0.092705078,0.092705078
22.7500801,1,0,0,0,0,0,0,0.837684572,0.358536541,0.098757602,0.399978936,0.754252428,-0.121658562,0.842705025,0.857440591,0.119229436,0.015760219,-0.13619715,0,0,-0.13619712,-0.13619712,-0.13619712,-0.13619712,0.13619712,0.13619712,0.13619712,0.13619712
22.7999201,1,0,0,0,0,0,0,0.830381632,0.372795612,0.108489349,0.39964965,0.790620275,-0.11807431,0.847809643,0.63504523,0.126373053,0.017269706,-0.176335576,0,0,-0.176335543,-0.176335543,-0.176335543,-0.176335543,0.176335543,0.176335543,0.176335543,0.176335543
22.8500199,1,0,0,0,0,0,0,0.825759709,0.380822897,0.114798799,0.399895489,0.811853346,-0.11524114,0.852403676,0.461127609,0.132574886,0.029327722,-0.212132034,0,0,-0.212131992,-0.212131992,-0.212131992,-0.212131992,0.212131992,0.212131992,0.212131992,0.212131992
22.8998799,1,0,0,0,0,0,0,0.822290242,0.38588801,0.1196924,0.400753289,0.825992659,-0.112686298,0.857551723,0.282969385,0.135637075,0.046768051,-0.242705098,0,0,-0.242705047,-0.242705047,-0.242705047,-0.242705047,0.242705047,0.242705047,0.242705047,0.242705047
22.9500101,1,0,0,0,0,0,0,0.819989502,0.388109714,0.123190127,0.402259052,0.833232548,-0.110436406,0.863233783,0.115471356,0.150106102,0.060392182,-0.267301957,0,0,-0.267301887,-0.267301887,-0.267301887,-0.267301887,0.267301887,0.267301887,0.267301887,0.267301887
23.00002,1,0,0,0,0,0,0,0.818667591,0.387046784,0.125498801,0.405251056,0.83275357,-0.108430962,0.871310368,-0.13564527,0.153005883,0.080207743,-0.285316955,0,0,-0.285316885,-0.285316885,-0.285316885,-0.285316885,0.285316885,0.285316885,0.285316885,0.285316885
23.05002,1,0,0,0,0,0,0,0.821489811,0.373538226,0.123071015,0.412888974,0.802963679,-0.10645742,0.886236255,-0.570051491,0.162608206,0.134734094,-0.296306502,0,0,-0.285316885,-0.285316885,-0.285316885,-0.285316885,0.285316885,0.285316885,0.285316885,0.285316885
23.1001301,1,0,0,0,0,0,0,0.825384915,0.360177159,0.118096381,0.418408215,0.771703329,-0.106654304,0.894985656,-0.911067605,0.146917298,0.149693385,-0.3,0,0,-0.299999923,-0.299999923,-0.299999923,-0.299999923,0.299999923,0.299999923,0.299999923,0.299999923
23.1500399,1,0,0,0,0,0,0,0.834824026,0.330158174,0.105363056,0.427742094,0.701094769,-0.106728357,0.907938178,-1.376920223,0.127793163,0.152628943,-0.296306502,0,0,-0.296306431,-0.296306431,-0.296306431,-0.296306431,0.296306431,0.296306431,0.296306431,0.296306431
23.2000101,1,0,0,0,0,0,0,0.843140483,0.30308193,0.092976749,0.434293836,0.6375428,-0.106670448,0.9160605,-1.712794542,0.117526293,0.156254455,-0.285316955,0,0,-0.285316885,-0.285316885,-0.285316885,-0.285316885,0.285316885,0.285316885,0.285316885,0.285316885
23.25018,1,0,0,0,0,0,0,0.84988445,0.279372454,0.081725508,0.43928197,0.582122758,-0.106734603,0.922106725,-1.918279052,0.103374675,0.164104417,-0.267301957,0,0,-0.267301887,-0.267301887,-0.267301887,-0.267301887,0.267301887,0.267301887,0.267301887,0.267301887
23.2999201,1,0,0,0,0,0,0,0.858890951,0.243954048,0.064620659,0.445664763,0.499949638,-0.106641244,0.930029573,-2.127052307,0.096308567,0.159860581,-0.242705098,0,0,-0.242705047,-0.242705047,-0.242705047,-0.242705047,0.242705047,0.242705047,0.242705047,0.242705047
23.34993,1,0,0,0,0,0,0,0.877074778,0.142481178,0.014396701,0.458510458,0.267798808,-0.105600394,0.949160251,-2.402818918,0.072156742,0.18096222,-0.212132034,0,0,-0.212131992,-0.212131992,-0.212131992,-0.212131992,0.212131992,0.212131992,0.212131992,0.212131992
23.3998899,1,0,0,0,0,0,0,0.881231844,0.09923178,-0.007201848,0.462095231,0.169978237,-0.104592616,0.95699379,-2.432993889,0.063478313,0.182906836,-0.176335576,0,0,-0.176335543,-0.176335543,-0.176335543,-0.176335543,0.176335543,0.176335543,0.176335543,0.176335543
23.44995,1,0,0,0,0,0,0,0.883255541,0.055967063,-0.028910236,0.464641541,0.072449583,-0.103262896,0.964802708,-2.406444788,0.053624146,0.189195141,-0.13619715,0,0,-0.13619712,-0.13619712,-0.13619712,-0.13619712,0.13619712,0.13619712,0.13619712,0.13619712
23.4999201,1,0,0,0,0,0,0,0.883199811,0.013486962,-0.050251238,0.466102302,-0.023142249,-0.101510585,0.972365055,-2.332170486,0.047982555,0.178682297,-0.092705098,0,0,-0.092705078,-0.092705078,-0.092705078,-0.092705078,0.092705078,0.092705078,0.092705078,0.092705078
23.55005,1,0,0,0,0,0,0,0.880487978,-0.037261106,-0.075823523,0.466479868,-0.13745854,-0.098921529,0.981215191,-2.192224026,0.039490361,0.166978911,-0.046930339,0,0,-0.046930328,-0.046930328,-0.046930328,-0.046930328,0.046930328,0.046930328,0.046930328,0.046930328
23.60004,1,0,0,0,0,0,0,0.876593471,-0.075192533,-0.094832033,0.465765148,-0.223036159,-0.096363195,0.987600376,-2.047331095,0.034720488,0.163325101,1.70E-11,0,0,1.70E-11,1.70E-11,1.70E-11,1.70E-11,-1.70E-11,-1.70E-11,-1.70E-11,-1.70E-11
23.6500499,1,0,0,0,0,0,0,0.865736067,-0.141812474,-0.127487004,0.462749809,-0.373630732,-0.089612691,0.998704801,-1.69658196,0.048654556,0.149395436,0.04693034,0,0,0.046930328,0.046930328,0.046930328,0.046930328,-0.046930328,-0.046930328,-0.046930328,-0.046930328
23.7000401,1,0,0,0,0,0,0,0.857960582,-0.176523343,-0.143805012,0.460503399,-0.452145207,-0.08427859,1.004609931,-1.439910412,0.057799403,0.142050594,0.092705098,0,0,0.092705078,0.092705078,0.092705078,0.092705078,-0.092705078,-0.092705078,-0.092705078,-0.092705078
23.7500701,1,0,0,0,0,0,0,0.851748466,-0.200307891,-0.154601261,0.458802611,-0.50593206,-0.079643371,1.008788292,-1.246622562,0.054546464,0.139244676,0.13619715,0,0,0.13619712,0.13619712,0.13619712,0.13619712,-0.13619712,-0.13619712,-0.13619712,-0.13619712
23.80002,1,0,0,0,0,0,0,0.845861137,-0.220658213,-0.163430765,0.457295895,-0.551808418,-0.074736812,1.012407051,-1.050116301,0.066859297,0.132451236,0.176335576,0,0,0.176335543,0.176335543,0.176335543,0.176335543,-0.176335543,-0.176335543,-0.176335543,-0.176335543
23.85005,1,0,0,0,0,0,0,0.840483963,-0.237773821,-0.17044498,0.456068993,-0.590179497,-0.069686392,1.015519288,-0.869123876,0.066720709,0.12666513,0.212132034,0,0,0.212131992,0.212131992,0.212131992,0.212131992,-0.212131992,-0.212131992,-0.212131992,-0.212131992
23.90027,1,0,0,0,0,0,0,0.834730804,-0.254840583,-0.176835641,0.454983771,-0.628015719,-0.063366032,1.018679589,-0.652556241,0.067595415,0.111234948,0.242705098,0,0,0.242705047,0.242705047,0.242705047,0.242705047,-0.242705047,-0.242705047,-0.242705047,-0.242705047
23.9500701,1,0,0,0,0,0,0,0.828895211,-0.271333098,-0.181683913,0.454205096,-0.659637872,-0.055987703,1.021128928,-0.3567487,0.084198274,0.095704958,0.267301957,0,0,0.242705047,0.242705047,0.242705047,0.242705047,-0.242705047,-0.242705047,-0.242705047,-0.242705047
24.0000901,1,0,0,0,0,0,0,0.826505959,-0.277901858,-0.182169929,0.45439288,-0.675986172,-0.048594921,1.022425063,-0.159414157,0.089574628,0.094913691,0.285316955,0,0,0.285316885,0.285316885,0.285316885,0.285316885,-0.285316885,-0.285316885,-0.285316885,-0.285316885
24.05039,1,0,0,0,0,0,0,0.826131463,-0.278941482,-0.178970784,0.455706239,-0.674540002,-0.041487934,1.02271441,0.188591346,0.08893235,0.051445514,0.296306502,0,0,0.296306431,0.296306431,0.296306431,0.296306431,-0.296306431,-0.296306431,-0.296306431,-0.296306431
24.0999901,1,0,0,0,0,0,0,0.827631295,-0.274946958,-0.174359784,0.457197398,-0.662346224,-0.037209738,1.022188944,0.421538264,0.085081905,0.061621524,0.3,0,0,0.299999923,0.299999923,0.299999923,0.299999923,-0.299999923,-0.299999923,-0.299999923,-0.299999923
24.1503401,1,0,0,0,0,0,0,0.830674469,-0.26588285,-0.166954845,0.45979619,-0.637982775,-0.032872325,1.021943323,0.758419216,0.098473594,0.058891632,0.296306502,0,0,0.296306431,0.296306431,0.296306431,0.296306431,-0.296306431,-0.296306431,-0.296306431,-0.296306431
24.2000799,1,0,0,0,0,0,0,0.835332096,-0.251139253,-0.156413928,0.463340074,-0.600125318,-0.028593284,1.021702307,1.117346883,0.08340852,0.043118753,0.285316955,0,0,0.285316885,0.285316885,0.285316885,0.285316885,-0.285316885,-0.285316885,-0.285316885,-0.285316885
24.2501001,1,0,0,0,0,0,0,0.842899263,-0.224623471,-0.138915673,0.468794197,-0.534088803,-0.023581652,1.021585567,1.579130054,0.084874846,0.044288516,0.267301957,0,0,0.267301887,0.267301887,0.267301887,0.267301887,-0.267301887,-0.267301887,-0.267301887,-0.267301887
24.30007,1,0,0,0,0,0,0,0.856407225,-0.165784046,-0.10253755,0.478088379,-0.39202135,-0.017109778,1.021705922,1.9796772,0.063712217,0.025486231,0.242705098,0,0,0.242705047,0.242705047,0.242705047,0.242705047,-0.242705047,-0.242705047,-0.242705047,-0.242705047
24.35008,1,0,0,0,0,0,0,0.862366199,-0.131147429,-0.081749246,0.48212254,-0.309993772,-0.014537818,1.021830764,2.114631176,0.060007785,0.014510021,0.212132034,0,0,0.212131992,0.212131992,0.212131992,0.212131992,-0.212131992,-0.212131992,-0.212131992,-0.212131992
24.4000399,1,0,0,0,0,0,0,0.868196309,-0.085196681,-0.054340146,0.485822707,-0.202121118,-0.011575125,1.021506334,2.196647882,0.062760048,-0.005063421,0.176335576,0,0,0.176335543,0.176335543,0.176335543,0.176335543,-0.176335543,-0.176335543,-0.176335543,-0.176335543
24.4499199,1,0,0,0,0,0,0,0.871244133,-0.047603801,-0.031908393,0.487493306,-0.114312897,-0.009187058,1.020797209,2.191529274,0.060118072,-0.015014431,0.13619715,0,0,0.13619712,0.13619712,0.13619712,0.13619712,-0.13619712,-0.13619712,-0.13619712,-0.13619712
24.50003,1,0,0,0,0,0,0,0.872728288,-0.010284342,-0.009569202,0.488004357,-0.027294484,-0.006665066,1.019804995,2.150589466,0.059666559,-0.027096307,0.092705098,0,0,0.092705078,0.092705078,0.092705078,0.092705078,-0.092705078,-0.092705078,-0.092705078,-0.092705078
24.55042,1,0,0,0,0,0,0,0.87165153,0.052107837,0.027931824,0.48654753,0.118295987,-0.002012245,1.018100206,1.995588779,0.063442506,-0.034000017,0.046930339,0,0,0.046930328,0.046930328,0.046930328,0.046930328,-0.046930328,-0.046930328,-0.046930328,-0.046930328
24.6000001,1,0,0,0,0,0,0,0.86675632,0.107885458,0.061568167,0.483015269,0.249065358,0.002508551,1.017125746,1.731922269,0.058009513,-0.018236056,-1.72E-11,0,0,-1.72E-11,-1.72E-11,-1.72E-11,-1.72E-11,1.72E-11,1.72E-11,1.72E-11,1.72E-11
24.6503201,1,0,0,0,0,0,0,0.862805367,0.13583611,0.07845524,0.480583549,0.314995661,0.004822021,1.017170701,1.574247003,0.055351146,-0.015328836,-0.04693034,0,0,-0.046930328,-0.046930328,-0.046930328,-0.046930328,0.046930328,0.046930328,0.046930328,0.046930328
24.70031,1,0,0,0,0,0,0,0.858481705,0.160545394,0.093467154,0.478015035,0.373650902,0.006993515,1.01744197,1.389863729,0.053163636,-0.014296181,-0.092705098,0,0,-0.092705078,-0.092705078,-0.092705078,-0.092705078,0.092705078,0.092705078,0.092705078,0.092705078
24.75036,1,0,0,0,0,0,0,0.853010058,0.186905891,0.10950806,0.4748137,0.436616121,0.009332133,1.017913476,1.149253249,0.048025712,-0.013911729,-0.13619715,0,0,-0.13619712,-0.13619712,-0.13619712,-0.13619712,0.13619712,0.13619712,0.13619712,0.13619712
24.80036,1,0,0,0,0,0,0,0.848848641,0.20460318,0.120262943,0.472366869,0.479119424,0.010874757,1.01826471,0.982994854,0.037168719,-0.010508302,-0.176335576,0,0,-0.176335543,-0.176335543,-0.176335543,-0.176335543,0.176335543,0.176335543,0.176335543,0.176335543
24.85021,1,0,0,0,0,0,0,0.845029891,0.219500676,0.129353598,0.47011891,0.515108377,0.012232779,1.01860861,0.826224148,0.035028912,-0.013896828,-0.212132034,0,0,-0.212131992,-0.212131992,-0.212131992,-0.212131992,0.212131992,0.212131992,0.212131992,0.212131992
24.90012,1,0,0,0,0,0,0,0.839138448,0.241310403,0.14293997,0.46603018,0.568388615,0.014977548,1.018284535,0.521680057,0.022926178,-0.030374525,-0.242705098,0,0,-0.212131992,-0.212131992,-0.212131992,-0.212131992,0.212131992,0.212131992,0.212131992,0.212131992
24.95051,1,0,0,0,0,0,0,0.836930215,0.249768585,0.148540765,0.463788033,0.589493905,0.016957957,1.017201755,0.328665257,0.018767267,-0.045783829,-0.267301957,0,0,-0.267301887,-0.267301887,-0.267301887,-0.267301887,0.267301887,0.267301887,0.267301887,0.267301887
25.0004699,1,0,0,0,0,0,0,0.836225629,0.25322628,0.151158109,0.462335765,0.598469022,0.01865452,1.015864453,0.156577677,0.014803559,-0.071752079,-0.285316955,0,0,-0.285316885,-0.285316885,-0.285316885,-0.285316885,0.285316885,0.285316885,0.285316885,0.285316885
25.05054,1,0,0,0,0,0,0,0.836602449,0.253470927,0.151996255,0.461244166,0.599757157,0.020498336,1.014066106,-0.06996543,0.003721565,-0.084619224,-0.296306502,0,0,-0.296306431,-0.296306431,-0.296306431,-0.296306431,0.296306431,0.296306431,0.296306431,0.296306431
25.10023,1,0,0,0,0,0,0,0.838393688,0.249695554,0.150479078,0.460547805,0.591288099,0.022329794,1.011445751,-0.370672345,0.012626499,-0.080549724,-0.3,0,0,-0.299999923,-0.299999923,-0.299999923,-0.299999923,0.299999923,0.299999923,0.299999923,0.299999923
25.15008,1,0,0,0,0,0,0,0.842767477,0.237925932,0.144737631,0.460635841,0.563962233,0.024768442,1.007595844,-0.728729546,-0.009188058,-0.09595903,-0.296306502,0,0,-0.296306431,-0.296306431,-0.296306431,-0.296306431,0.296306431,0.296306431,0.296306431,0.296306431
25.20048,1,0,0,0,0,0,0,0.853538454,0.201152325,0.124973409,0.464103013,0.477484481,0.026631565,1.002530821,-1.412121415,-0.022408377,-0.045073058,-0.285316955,0,0,-0.285316885,-0.285316885,-0.285316885,-0.285316885,0.285316885,0.285316885,0.285316885,0.285316885
25.2500901,1,0,0,0,0,0,0,0.859845161,0.174205974,0.110103615,0.467114508,0.41433867,0.026598976,1.000889734,-1.705896616,-0.023330769,-0.031936191,-0.267301957,0,0,-0.267301887,-0.267301887,-0.267301887,-0.267301887,0.267301887,0.267301887,0.267301887,0.267301887
25.3001401,1,0,0,0,0,0,0,0.868755519,0.125466987,0.083080418,0.471826196,0.301024797,0.025958825,0.999006686,-2.031964302,-0.023275638,-0.025796916,-0.242705098,0,0,-0.242705047,-0.242705047,-0.242705047,-0.242705047,0.242705047,0.242705047,0.242705047,0.242705047
25.3501,1,0,0,0,0,0,0,0.873500168,0.089057773,0.062804632,0.474470079,0.216948009,0.025211884,0.99793385,-2.155537367,-0.025863975,-0.01745226,-0.212132034,0,0,-0.212131992,-0.212131992,-0.212131992,-0.212131992,0.212131992,0.212131992,0.212131992,0.212131992
25.40012,1,0,0,0,0,0,0,0.876064479,0.060415402,0.046870336,0.476092935,0.151104705,0.024598654,0.997455565,-2.220122576,-0.021460678,-0.010694576,-0.176335576,0,0,-0.176335543,-0.176335543,-0.176335543,-0.176335543,0.176335543,0.176335543,0.176335543,0.176335543
25.45011,1,0,0,0,0,0,0,0.87795186,0.021251518,0.025145123,0.477615744,0.061391033,0.023854553,0.997199985,-2.242608547,-0.019829003,-0.006763647,-0.13619715,0,0,-0.13619712,-0.13619712,-0.13619712,-0.13619712,0.13619712,0.13619712,0.13619712,0.13619712
25.5,1,0,0,0,0,0,0,0.874888539,-0.074814007,-0.02794678,0.477694422,-0.158308458,0.02257775,0.997752371,-2.098657608,-0.014525667,0.004506861,-0.092705098,0,0,-0.13619712,-0.13619712,-0.13619712,-0.13619712,0.13619712,0.13619712,0.13619712,0.13619712
25.5502901,1,0,0,0,0,0,0,0.87102139,-0.110377483,-0.047556896,0.476315945,-0.23994132,0.022304813,0.998150476,-1.986092806,-0.010174522,0.006770351,-0.046930339,0,0,-0.046930328,-0.046930328,-0.046930328,-0.046930328,0.046930328,0.046930328,0.046930328,0.046930328
25.6000199,1,0,0,0,0,0,0,0.866060913,-0.143462181,-0.065820172,0.474367976,-0.316261696,0.022100967,0.998673836,-1.842716455,-0.009991236,0.0091903,1.74E-11,0,0,1.74E-11,1.74E-11,1.74E-11,1.74E-11,-1.74E-11,-1.74E-11,-1.74E-11,-1.74E-11
25.6499901,1,0,0,0,0,0,0,0.85888356,-0.180580512,-0.086366691,0.471434742,-0.402502091,0.02190774,0.999515416,-1.62252152,-0.006765131,0.01124815,0.04693034,0,0,0.046930328,0.046930328,0.046930328,0.046930328,-0.046930328,-0.046930328,-0.046930328,-0.046930328
25.69993,1,0,0,0,0,0,0,0.85519141,-0.196250692,-0.104098983,0.468291581,-0.448004935,0.005756011,1.000665881,-0.827439487,-0.624933958,-0.254173666,0.092705098,0,0,0.046930328,0.046930328,0.046930328,0.046930328,-0.046930328,-0.046930328,-0.046930328,-0.046930328
25.74998,1,0,0,0,0,0,0,0.853242815,-0.202329651,-0.117853336,0.46599403,-0.472536365,-0.012546529,1.002777723,-0.279679924,-0.089323506,0.011102109,0.13619715,0,0,0.13619712,0.13619712,0.13619712,0.13619712,-0.13619712,-0.13619712,-0.13619712,-0.13619712
25.7999301,1,0,0,0,0,0,0,0.850965619,-0.206628069,-0.124889359,0.46643889,-0.487326068,-0.019795655,1.007732538,-0.053308908,-0.077658877,0.000645965,0.176335576,0,0,0.176335543,0.176335543,0.176335543,0.176335543,-0.176335543,-0.176335543,-0.176335543,-0.176335543
25.8499401,1,0,0,0,0,0,0,0.850703537,-0.205763221,-0.126399651,0.466892064,-0.48729781,-0.022920836,1.009587856,0.036542863,-0.087949641,0.000461191,0.212132034,0,0,0.212131992,0.212131992,0.212131992,0.212131992,-0.212131992,-0.212131992,-0.212131992,-0.212131992
25.89994,1,0,0,0,0,0,0,0.850917459,-0.203337431,-0.127072543,0.467382133,-0.483622165,-0.026186916,1.01102182,0.132993624,-0.088648498,-0.013546646,0.242705098,0,0,0.242705047,0.242705047,0.242705047,0.242705047,-0.242705047,-0.242705047,-0.242705047,-0.242705047
25.9500201,1,0,0,0,0,0,0,0.851444602,-0.199513465,-0.126764297,0.468153477,-0.4764564,-0.029063789,1.012490331,0.217265636,-0.0777319,-0.003243983,0.267301957,0,0,0.267301887,0.267301887,0.267301887,0.267301887,-0.267301887,-0.267301887,-0.267301887,-0.267301887
25.9999201,1,0,0,0,0,0,0,0.853202999,-0.190238103,-0.124161839,0.46950841,-0.457222113,-0.033239843,1.01386534,0.430665195,-0.07378459,-0.021366781,0.285316955,0,0,0.285316885,0.285316885,0.285316885,0.285316885,-0.285316885,-0.285316885,-0.285316885,-0.285316885
26.05003,1,0,0,0,0,0,0,0.854977012,-0.181494951,-0.120791025,0.470620483,-0.438202095,-0.035724207,1.014330091,0.528950393,-0.052693497,-0.027440492,0.296306502,0,0,0.285316885,0.285316885,0.285316885,0.285316885,-0.285316885,-0.285316885,-0.285316885,-0.285316885
26.09989,1,0,0,0,0,0,0,0.857378125,-0.170282707,-0.115951702,0.471658617,-0.413334973,-0.038207585,1.01387824,0.732492864,-0.04078747,-0.043345995,0.3,0,0,0.296306431,0.296306431,0.296306431,0.296306431,-0.296306431,-0.296306431,-0.296306431,-0.296306431
26.1500001,1,0,0,0,0,0,0,0.865317166,-0.128617242,-0.095211394,0.474993527,-0.318690476,-0.042604269,1.010881604,1.338158607,-0.027419643,-0.07097128,0.296306502,0,0,0.299999923,0.299999923,0.299999923,0.299999923,-0.299999923,-0.299999923,-0.299999923,-0.299999923
26.19996,1,0,0,0,0,0,0,0.869289339,-0.102682106,-0.08150664,0.476601571,-0.259357672,-0.043842846,1.008739991,1.584399104,-0.002117456,-0.056377087,0.285316955,0,0,0.285316885,0.285316885,0.285316885,0.285316885,-0.285316885,-0.285316885,-0.285316885,-0.285316885
26.25003,1,0,0,0,0,0,0,0.872801363,-0.072614931,-0.065269351,0.47821027,-0.190519651,-0.044498617,1.006715725,1.812130928,0.007481134,-0.056949303,0.267301957,0,0,0.285316885,0.285316885,0.285316885,0.285316885,-0.285316885,-0.285316885,-0.285316885,-0.285316885
26.30003,1,0,0,0,0,0,0,0.875385642,-0.039405275,-0.04688783,0.479529917,-0.114318647,-0.044312341,1.004830067,1.974269509,0.01021401,-0.047332097,0.242705098,0,0,0.242705047,0.242705047,0.242705047,0.242705047,-0.242705047,-0.242705047,-0.242705047,-0.242705047
26.3500299,1,0,0,0,0,0,0,0.87668854,-0.003925033,-0.027011115,0.480283916,-0.032865207,-0.043604206,1.003081418,2.077731609,0.030512394,-0.042894527,0.212132034,0,0,0.212131992,0.212131992,0.212131992,0.212131992,-0.212131992,-0.212131992,-0.212131992,-0.212131992
26.4000201,1,0,0,0,0,0,0,0.876176238,0.042344581,-0.00086504,0.4801265,0.073503488,-0.042189878,1.001029595,2.148108721,0.029539354,-0.044415951,0.176335576,0,0,0.176335543,0.176335543,0.176335543,0.176335543,-0.176335543,-0.176335543,-0.176335543,-0.176335543
26.4500401,1,0,0,0,0,0,0,0.870293677,0.116077542,0.041499231,0.476857364,0.244220972,-0.038481313,0.997777415,2.094786167,0.048431065,-0.053395394,0.13619715,0,0,0.13619712,0.13619712,0.13619712,0.13619712,-0.13619712,-0.13619712,-0.13619712,-0.13619712
26.5,1,0,0,0,0,0,0,0.865248859,0.15102154,0.061805457,0.474043638,0.325887217,-0.036235314,0.996454632,2.00359273,0.047625646,-0.048686609,0.092705098,0,0,0.092705078,0.092705078,0.092705078,0.092705078,-0.092705078,-0.092705078,-0.092705078,-0.092705078
26.5499301,1,0,0,0,0,0,0,0.857452989,0.191737652,0.085604809,0.469769329,0.421871487,-0.033346905,0.995265775,1.844156742,0.045845699,-0.045385994,0.046930339,0,0,0.046930328,0.046930328,0.046930328,0.046930328,-0.046930328,-0.046930328,-0.046930328,-0.046930328
26.60021,1,0,0,0,0,0,0,0.850463927,0.22127299,0.102980606,0.465987444,0.49220779,-0.031063286,0.99468846,1.682073593,0.041589927,-0.040368766,-1.76E-11,0,0,0.046930328,0.046930328,0.046930328,0.046930328,-0.046930328,-0.046930328,-0.046930328,-0.046930328
26.65014,1,0,0,0,0,0,0,0.843227446,0.247717753,0.118634738,0.462092429,0.555802264,-0.028868866,0.994383393,1.501865864,0.037998732,-0.034685448,-0.04693034,0,0,-0.046930328,-0.046930328,-0.046930328,-0.046930328,0.046930328,0.046930328,0.046930328,0.046930328
26.70014,1,0,0,0,0,0,0,0.83611685,0.270835042,0.132462546,0.458269179,0.6120074,-0.026725553,0.99431095,1.303623438,0.048727561,-0.030237447,-0.092705098,0,0,-0.092705078,-0.092705078,-0.092705078,-0.092705078,0.092705078,0.092705078,0.092705078,0.092705078
26.7499201,1,0,0,0,0,0,0,0.820818305,0.313588798,0.15864253,0.450279921,0.717926913,-0.021973859,0.995250791,0.820955038,0.044815999,-0.023129586,-0.13619715,0,0,-0.13619712,-0.13619712,-0.13619712,-0.13619712,0.13619712,0.13619712,0.13619712,0.13619712
26.8000901,1,0,0,0,0,0,0,0.816196799,0.325014949,0.165986776,0.447924852,0.746931169,-0.020210166,0.995915745,0.640217364,0.044416644,-0.022500759,-0.176335576,0,0,-0.176335543,-0.176335543,-0.176335543,-0.176335543,0.176335543,0.176335543,0.176335543,0.176335543
26.85027,1,0,0,0,0,0,0,0.81259495,0.333505809,0.171694487,0.446076602,0.76884707,-0.018503185,0.996592686,0.467207342,0.046881296,-0.02149195,-0.212132034,0,0,-0.212131992,-0.212131992,-0.212131992,-0.212131992,0.212131992,0.212131992,0.212131992,0.212131992
26.90011,1,0,0,0,0,0,0,0.809631586,0.340142399,0.17669259,0.444499463,0.786595898,-0.016275139,0.997419587,0.255247205,0.041908771,-0.021283329,-0.242705098,0,0,-0.242705047,-0.242705047,-0.242705047,-0.242705047,0.242705047,0.242705047,0.242705047,0.242705047
26.95013,1,0,0,0,0,0,0,0.808571279,0.342435747,0.179018557,0.443737388,0.793362067,-0.014405055,0.997796296,0.076765575,0.040338188,-0.033552945,-0.267301957,0,0,-0.267301887,-0.267301887,-0.267301887,-0.267301887,0.267301887,0.267301887,0.267301887,0.267301887
27.00021,1,0,0,0,0,0,0,0.808733344,0.341874778,0.179712191,0.443593949,0.793006724,-0.012629018,0.998101208,-0.109858826,0.029446932,-0.026038295,-0.285316955,0,0,-0.285316885,-0.285316885,-0.285316885,-0.285316885,0.285316885,0.285316885,0.285316885,0.285316885
27.0506799,1,0,0,0,0,0,0,0.814610481,0.327887446,0.174004465,0.445670426,0.76055665,-0.008767864,0.99771754,-0.624166548,0.029102717,-0.041477393,-0.296306502,0,0,-0.296306431,-0.296306431,-0.296306431,-0.296306431,0.296306431,0.296306431,0.296306431,0.296306431
27.1001601,1,0,0,0,0,0,0,0.820075512,0.314430624,0.167441294,0.447854042,0.728442729,-0.007009098,0.997036288,-0.946544349,0.01556799,-0.054635119,-0.3,0,0,-0.299999923,-0.299999923,-0.299999923,-0.299999923,0.299999923,0.299999923,0.299999923,0.299999923
27.1500101,1,0,0,0,0,0,0,0.827203274,0.295685947,0.157829732,0.450993001,0.683556687,-0.005590071,0.996315745,-1.26443696,0.013319409,-0.025796898,-0.296306502,0,0,-0.296306431,-0.296306431,-0.296306431,-0.296306431,0.296306431,0.296306431,0.296306431,0.296306431
27.2000899,1,0,0,0,0,0,0,0.83550173,0.271638989,0.145022273,0.455101758,0.626010654,-0.004914063,0.995946926,-1.601504683,0.009939825,-0.014995047,-0.285316955,0,0,-0.285316885,-0.285316885,-0.285316885,-0.285316885,0.285316885,0.285316885,0.285316885,0.285316885
27.2500601,1,0,0,0,0,0,0,0.846820056,0.234128207,0.124580808,0.461041898,0.536823468,-0.00489079,0.995782263,-1.934042811,-0.008988389,0.004612658,-0.267301957,0,0,-0.267301887,-0.267301887,-0.267301887,-0.267301887,0.267301887,0.267301887,0.267301887,0.267301887
27.3003101,1,0,0,0,0,0,0,0.855664015,0.199398547,0.105399929,0.465800583,0.454967797,-0.005386093,0.99577911,-2.139885426,-0.019675516,0.006199636,-0.242705098,0,0,-0.242705047,-0.242705047,-0.242705047,-0.242705047,0.242705047,0.242705047,0.242705047,0.242705047
27.35045,1,0,0,0,0,0,0,0.869944274,0.120912246,0.06185193,0.474079758,0.272381553,-0.00702869,0.996958789,-2.376874447,-0.023673512,0.028242959,-0.212132034,0,0,-0.212131992,-0.212131992,-0.212131992,-0.212131992,0.212131992,0.212131992,0.212131992,0.212131992
27.40008,1,0,0,0,0,0,0,0.875919163,0.057988841,0.027067794,0.478194922,0.127826362,-0.008041626,0.998919187,-2.412710428,-0.004971035,0.03456255,-0.176335576,0,0,-0.176335543,-0.176335543,-0.176335543,-0.176335543,0.176335543,0.176335543,0.176335543,0.176335543
27.4500501,1,0,0,0,0,0,0,0.877294064,0.015926039,0.003792454,0.479674011,0.031588347,-0.008624526,1.000576604,-2.387029886,-0.0130892,0.039423317,-0.13619715,0,0,-0.13619712,-0.13619712,-0.13619712,-0.13619712,0.13619712,0.13619712,0.13619712,0.13619712
27.5000501,1,0,0,0,0,0,0,0.876635969,-0.025258766,-0.018979289,0.48011592,-0.062553325,-0.009021703,1.002402697,-2.328342676,-0.006970773,0.042752244,-0.092705098,0,0,-0.092705078,-0.092705078,-0.092705078,-0.092705078,0.092705078,0.092705078,0.092705078,0.092705078
27.55019,1,0,0,0,0,0,0,0.874169767,-0.064773068,-0.040851843,0.479544461,-0.153029012,-0.009299893,1.004204318,-2.201999426,-0.012372449,0.038280383,-0.046930339,0,0,-0.046930328,-0.046930328,-0.046930328,-0.046930328,0.046930328,0.046930328,0.046930328,0.046930328
27.6000099,1,0,0,0,0,0,0,0.869008362,-0.110703461,-0.066290155,0.477676839,-0.258619648,-0.009452577,1.006424741,-2.017158747,-0.013262048,0.032984499,1.79E-11,0,0,1.79E-11,1.79E-11,1.79E-11,1.79E-11,-1.79E-11,-1.79E-11,-1.79E-11,-1.79E-11
27.65009,1,0,0,0,0,0,0,0.862342179,-0.151789129,-0.089053214,0.474758536,-0.353689572,-0.009462456,1.008214787,-1.835888982,-0.007015474,0.031567398,0.04693034,0,0,0.046930328,0.046930328,0.046930328,0.046930328,-0.046930328,-0.046930328,-0.046930328,-0.046930328
27.7002401,1,0,0,0,0,0,0,0.852052152,-0.199944034,-0.115634777,0.469742745,-0.466073074,-0.009209331,1.009878834,-1.428491354,-0.000828505,0.014116623,0.092705098,0,0,0.092705078,0.092705078,0.092705078,0.092705078,-0.092705078,-0.092705078,-0.092705078,-0.092705078
27.7501299,1,0,0,0,0,0,0,0.844896615,-0.227628425,-0.130857825,0.466059566,-0.531283324,-0.008945974,1.010602021,-1.194687724,0.000522286,0.011193013,0.13619715,0,0,0.13619712,0.13619712,0.13619712,0.13619712,-0.13619712,-0.13619712,-0.13619712,-0.13619712
27.7999699,1,0,0,0,0,0,0,0.8396433,-0.246000797,-0.140930817,0.463272542,-0.574845602,-0.008732512,1.010951809,-1.000020266,0.004369767,0.006733093,0.176335576,0,0,0.176335543,0.176335543,0.176335543,0.176335543,-0.176335543,-0.176335543,-0.176335543,-0.176335543
27.8499901,1,0,0,0,0,0,0,0.835000217,-0.261260867,-0.149220154,0.46070683,-0.611162364,-0.00846849,1.011034743,-0.817637444,0.002386421,-0.002309681,0.212132034,0,0,0.212131992,0.212131992,0.212131992,0.212131992,-0.212131992,-0.212131992,-0.212131992,-0.212131992
27.9001,1,0,0,0,0,0,0,0.831238627,-0.273254812,-0.155687958,0.458405495,-0.639802253,-0.008304769,1.01069773,-0.628975093,0.01173392,-0.012969973,0.242705098,0,0,0.242705047,0.242705047,0.242705047,0.242705047,-0.242705047,-0.242705047,-0.242705047,-0.242705047
27.95012,1,0,0,0,0,0,0,0.828020036,-0.283695728,-0.161343664,0.455925554,-0.664867665,-0.008503409,1.009576129,-0.294725627,0.014100226,-0.051358353,0.267301957,0,0,0.267301887,0.267301887,0.267301887,0.267301887,-0.267301887,-0.267301887,-0.267301887,-0.267301887
27.99997,1,0,0,0,0,0,0,0.827154577,-0.288755685,-0.164349407,0.453238249,-0.677313901,-0.010134658,1.006103578,0.069480389,0.010731072,-0.062383711,0.285316955,0,0,0.285316885,0.285316885,0.285316885,0.285316885,-0.285316885,-0.285316885,-0.285316885,-0.285316885
28.05005,1,0,0,0,0,0,0,0.828949869,-0.285345912,-0.162775815,0.452685297,-0.66936542,-0.011522436,1.003687366,0.339008182,0.011264533,-0.082474954,0.296306502,0,0,0.285316885,0.285316885,0.285316885,0.285316885,-0.285316885,-0.285316885,-0.285316885,-0.285316885
28.1000299,1,0,0,0,0,0,0,0.832540333,-0.276875764,-0.158532277,0.452862382,-0.649338277,-0.01319617,1.000818317,0.65133059,-0.006337464,-0.099478662,0.3,0,0,0.299999923,0.299999923,0.299999923,0.299999923,-0.299999923,-0.299999923,-0.299999923,-0.299999923
28.1502101,1,0,0,0,0,0,0,0.840964556,-0.253879011,-0.146572143,0.454797477,-0.594863739,-0.015597518,0.996293072,1.118753433,0.006332251,-0.083652169,0.296306502,0,0,0.296306431,0.296306431,0.296306431,0.296306431,-0.296306431,-0.296306431,-0.296306431,-0.296306431
28.2000401,1,0,0,0,0,0,0,0.848124802,-0.231756881,-0.13480182,0.45694831,-0.542624988,-0.016856498,0.993057548,1.464939117,0.015661875,-0.094504699,0.285316955,0,0,0.285316885,0.285316885,0.285316885,0.285316885,-0.285316885,-0.285316885,-0.285316885,-0.285316885
28.2500601,1,0,0,0,0,0,0,0.856014013,-0.204334468,-0.120102793,0.459416002,-0.478281259,-0.017871245,0.989494576,1.73104167,0.026948029,-0.09464629,0.267301957,0,0,0.267301887,0.267301887,0.267301887,0.267301887,-0.267301887,-0.267301887,-0.267301887,-0.267301887
28.3002601,1,0,0,0,0,0,0,0.872749984,-0.128067911,-0.078756399,0.464439064,-0.3012859,-0.018510866,0.980890299,2.137543678,0.036840931,-0.095605977,0.242705098,0,0,0.242705047,0.242705047,0.242705047,0.242705047,-0.242705047,-0.242705047,-0.242705047,-0.242705047
28.3499601,1,0,0,0,0,0,0,0.878410041,-0.089991629,-0.057867512,0.465777636,-0.213661511,-0.017831573,0.977021024,2.23303318,0.044987403,-0.091378503,0.212132034,0,0,0.212131992,0.212131992,0.212131992,0.212131992,-0.212131992,-0.212131992,-0.212131992,-0.212131992
28.4002199,1,0,0,0,0,0,0,0.882461965,-0.050682008,-0.036158677,0.466245711,-0.123498082,-0.016557528,0.973157386,2.270393848,0.052148923,-0.09076757,0.176335576,0,0,0.176335543,0.176335543,0.176335543,0.176335543,-0.176335543,-0.176335543,-0.176335543,-0.176335543
28.4500701,1,0,0,0,0,0,0,0.884689629,-0.011117879,-0.014148362,0.465833604,-0.032862748,-0.014676175,0.969564306,2.258282185,0.057228729,-0.088954099,0.13619715,0,0,0.13619712,0.13619712,0.13619712,0.13619712,-0.13619712,-0.13619712,-0.13619712,-0.13619712
28.50002,1,0,0,0,0,0,0,0.884879708,0.03755711,0.013079128,0.464119166,0.078694166,-0.011715303,0.965648279,2.195375204,0.064840242,-0.080441035,0.092705098,0,0,0.092705078,0.092705078,0.092705078,0.092705078,-0.092705078,-0.092705078,-0.092705078,-0.092705078
28.5499201,1,0,0,0,0,0,0,0.883120298,0.074977055,0.034116119,0.46185869,0.164691232,-0.009000452,0.962989352,2.095642805,0.064041525,-0.077714108,0.046930339,0,0,0.046930328,0.046930328,0.046930328,0.046930328,-0.046930328,-0.046930328,-0.046930328,-0.046930328
28.6006701,1,0,0,0,0,0,0,0.875770152,0.142714739,0.072437398,0.455425233,0.321459603,-0.003114768,0.958578089,1.811993957,0.058170453,-0.077010758,-1.81E-11,0,0,-1.81E-11,-1.81E-11,-1.81E-11,-1.81E-11,1.81E-11,1.81E-11,1.81E-11,1.81E-11
28.65031,1,0,0,0,0,0,0,0.869670987,0.178572476,0.092966422,0.450712442,0.405415779,0.000730727,0.956441646,1.567736864,0.046189915,-0.0677929,-0.04693034,0,0,-0.046930328,-0.046930328,-0.046930328,-0.046930328,0.046930328,0.046930328,0.046930328,0.046930328
28.7000401,1,0,0,0,0,0,0,0.864559054,0.20322527,0.10715472,0.446939737,0.463617625,0.003624276,0.955097304,1.367334962,0.047067568,-0.06105306,-0.092705098,0,0,-0.092705078,-0.092705078,-0.092705078,-0.092705078,0.092705078,0.092705078,0.092705078,0.092705078
28.7500501,1,0,0,0,0,0,0,0.859560907,0.224376366,0.119369268,0.443352342,0.513909149,0.00625478,0.954041801,1.17082274,0.043920442,-0.054176167,-0.13619715,0,0,-0.13619712,-0.13619712,-0.13619712,-0.13619712,0.13619712,0.13619712,0.13619712,0.13619712
28.80004,1,0,0,0,0,0,0,0.854929924,0.242203966,0.129727334,0.440003395,0.55661546,0.008674533,0.953101489,0.985434055,0.036560755,-0.05580486,-0.176335576,0,0,-0.176335543,-0.176335543,-0.176335543,-0.176335543,0.176335543,0.176335543,0.176335543,0.176335543
28.85008,1,0,0,0,0,0,0,0.848988473,0.263346434,0.142098576,0.435517341,0.607686033,0.011896508,0.951691457,0.731984615,0.028937314,-0.051142287,-0.212132034,0,0,-0.212131992,-0.212131992,-0.212131992,-0.212131992,0.212131992,0.212131992,0.212131992,0.212131992
28.90014,1,0,0,0,0,0,0,0.843313158,0.282294363,0.15337266,0.430824578,0.653981197,0.015444277,0.949851984,0.418098986,0.017739087,-0.037442144,-0.242705098,0,0,-0.242705047,-0.242705047,-0.242705047,-0.242705047,0.242705047,0.242705047,0.242705047,0.242705047
28.9500999,1,0,0,0,0,0,0,0.841583967,0.287986606,0.15685232,0.42918244,0.668046792,0.016811997,0.949017594,0.261946797,0.01467243,-0.016307833,-0.267301957,0,0,-0.267301887,-0.267301887,-0.267301887,-0.267301887,0.267301887,0.267301887,0.267301887,0.267301887
29.0000901,1,0,0,0,0,0,0,0.841109812,0.289920151,0.158296853,0.428278774,0.673083876,0.017957744,0.948216583,-0.022676587,0.007986278,-0.042432547,-0.285316955,0,0,-0.267301887,-0.267301887,-0.267301887,-0.267301887,0.267301887,0.267301887,0.267301887,0.267301887
29.0501699,1,0,0,0,0,0,0,0.842014432,0.287911862,0.157420889,0.428179115,0.668445778,0.018546686,0.947317314,-0.212703645,-0.021182002,-0.033062696,-0.296306502,0,0,-0.296306431,-0.296306431,-0.296306431,-0.296306431,0.296306431,0.296306431,0.296306431,0.296306431
29.1001999,1,0,0,0,0,0,0,0.844330966,0.281613946,0.154202148,0.428976327,0.653483696,0.018784967,0.946526196,-0.556628466,-0.010812285,-0.019174818,-0.3,0,0,-0.299999923,-0.299999923,-0.299999923,-0.299999923,0.299999923,0.299999923,0.299999923,0.299999923
29.1501,1,0,0,0,0,0,0,0.84850359,0.26934287,0.147806332,0.430870444,0.624325373,0.018725737,0.945780053,-0.905461848,-0.008633735,-0.011572245,-0.296306502,0,0,-0.296306431,-0.296306431,-0.296306431,-0.296306431,0.296306431,0.296306431,0.296306431,0.296306431
29.2000501,1,0,0,0,0,0,0,0.861200154,0.226960123,0.12587145,0.437012345,0.524772407,0.018433317,0.944123796,-1.640161633,-0.01995267,-0.016780209,-0.285316955,0,0,-0.285316885,-0.285316885,-0.285316885,-0.285316885,0.285316885,0.285316885,0.285316885,0.285316885
29.2500801,1,0,0,0,0,0,0,0.870455563,0.189435735,0.106505118,0.441676408,0.437792928,0.018078337,0.943135224,-1.886838913,-0.015081479,-0.018465536,-0.267301957,0,0,-0.267301887,-0.267301887,-0.267301887,-0.267301887,0.267301887,0.267301887,0.267301887,0.267301887
29.2999501,1,0,0,0,0,0,0,0.877433181,0.15476048,0.08853478,0.445333391,0.358097203,0.017527585,0.942496868,-2.08527112,-0.022277262,-0.011432184,-0.242705098,0,0,-0.267301887,-0.267301887,-0.267301887,-0.267301887,0.267301887,0.267301887,0.267301887,0.267301887
29.3501,1,0,0,0,0,0,0,0.88337183,0.117269225,0.069055215,0.448479176,0.27252319,0.016818043,0.941867565,-2.190877676,-0.017720483,-0.015343746,-0.212132034,0,0,-0.212131992,-0.212131992,-0.212131992,-0.212131992,0.212131992,0.212131992,0.212131992,0.212131992
29.40011,1,0,0,0,0,0,0,0.888665915,0.067976952,0.043382328,0.451409101,0.160694435,0.01573461,0.941261839,-2.272236824,-0.022748144,-0.011999922,-0.176335576,0,0,-0.176335543,-0.176335543,-0.176335543,-0.176335543,0.176335543,0.176335543,0.176335543,0.176335543
29.4500501,1,0,0,0,0,0,0,0.890926123,0.027724093,0.022392415,0.452747732,0.069740621,0.014796475,0.940850986,-2.26574111,-0.017464183,-0.009153795,-0.13619715,0,0,-0.13619712,-0.13619712,-0.13619712,-0.13619712,0.13619712,0.13619712,0.13619712,0.13619712
29.5001001,1,0,0,0,0,0,0,0.891361833,-0.012181247,0.001511868,0.45312652,-0.02034898,0.013734964,0.940475666,-2.188962698,-0.020512968,-0.012567657,-0.092705098,0,0,-0.092705078,-0.092705078,-0.092705078,-0.092705078,0.092705078,0.092705078,0.092705078,0.092705078
29.5499301,1,0,0,0,0,0,0,0.885347426,-0.10563644,-0.046873398,0.450337708,-0.231342499,0.012145955,0.939686325,-1.960887432,-0.009413074,-0.015622392,-0.046930339,0,0,-0.046930328,-0.046930328,-0.046930328,-0.046930328,0.046930328,0.046930328,0.046930328,0.046930328
29.5999501,1,0,0,0,0,0,0,0.880825877,-0.138898194,-0.063966915,0.448063999,-0.306825314,0.011783405,0.939322791,-1.816120744,-0.003442171,-0.016629709,1.83E-11,0,0,1.83E-11,1.83E-11,1.83E-11,1.83E-11,-1.83E-11,-1.83E-11,-1.83E-11,-1.83E-11
29.65011,1,0,0,0,0,0,0,0.875676215,-0.169042945,-0.079409242,0.44532001,-0.375570121,0.011483095,0.938736988,-1.636917472,-0.000615418,-0.021810846,0.04693034,0,0,0.046930328,0.046930328,0.046930328,0.046930328,-0.046930328,-0.046930328,-0.046930328,-0.046930328
29.70011,1,0,0,0,0,0,0,0.870541632,-0.194529027,-0.093602747,0.442215234,-0.435091847,0.009077346,0.938011341,-1.125868201,-0.319328964,-0.170755431,0.092705098,0,0,0.092705078,0.092705078,0.092705078,0.092705078,-0.092705078,-0.092705078,-0.092705078,-0.092705078
29.75019,1,0,0,0,0,0,0,0.868329883,-0.203036949,-0.104142465,0.440379232,-0.460427623,-0.002033518,0.939189564,-0.277557969,-0.043390695,-0.008983911,0.13619715,0,0,0.13619712,0.13619712,0.13619712,0.13619712,-0.13619712,-0.13619712,-0.13619712,-0.13619712
29.80023,1,0,0,0,0,0,0,0.867281139,-0.206307888,-0.106873542,0.440271318,-0.46896534,-0.00371593,0.94037813,-0.182041526,-0.036674742,0.021704288,0.176335576,0,0,0.176335543,0.176335543,0.176335543,0.176335543,-0.176335543,-0.176335543,-0.176335543,-0.176335543
29.85006,1,0,0,0,0,0,0,0.866636276,-0.20705682,-0.109526463,0.440537512,-0.472820653,-0.007406684,0.942363692,0.040826946,-0.052657727,-0.0130713,0.212132034,0,0,0.212131992,0.212131992,0.212131992,0.212131992,-0.212131992,-0.212131992,-0.212131992,-0.212131992
29.9001,1,0,0,0,0,0,0,0.867131352,-0.204358533,-0.109494574,0.440830916,-0.467851596,-0.009717389,0.942971362,0.14488478,-0.033786893,-0.015263262,0.242705098,0,0,0.242705047,0.242705047,0.242705047,0.242705047,-0.242705047,-0.242705047,-0.242705047,-0.242705047
29.9500701,1,0,0,0,0,0,0,0.86794436,-0.200576171,-0.108675592,0.441170692,-0.460166238,-0.01167234,0.943255199,0.219748184,-0.049252808,-0.018101932,0.267301957,0,0,0.267301887,0.267301887,0.267301887,0.267301887,-0.267301887,-0.267301887,-0.267301887,-0.267301887
30.00002,1,0,0,0,0,0,0,0.869126201,-0.195192426,-0.106891468,0.441694051,-0.448660737,-0.013374085,0.943431284,0.373465627,-0.050660975,-0.010760129,0.285316955,0,0,0.285316885,0.285316885,0.285316885,0.285316885,-0.285316885,-0.285316885,-0.285316885,-0.285316885
