time,qw,qx,qy,qz,phi,theta,psi,p,q,r,u_4,u_5,u_6,m_1,m_2,m_3,m_4,m_5,m_6,m_7,m_8
0,0.48998028,-0.178375408,0.368871868,-0.769438267,-0.840945223,0.087092197,-2.046471549,0.057239093,0.075659908,0.148566827,0.485410197,0,0,0.424263984,0.424263984,0.424263984,0.424263984,-0.424263984,-0.424263984,-0.424263984,-0.424263984
0.050250053,0.49307096,-0.173589006,0.365995765,-0.769931972,-0.830113907,0.093757593,-2.043726135,0.453718752,0.074175745,0.179492682,0.534603915,0,0,0.534603775,0.534603775,0.534603775,0.534603775,-0.534603775,-0.534603775,-0.534603775,-0.534603775
0.099989891,0.498142958,-0.164380506,0.356825441,-0.772986591,-0.802530802,0.101546736,-2.039795459,0.904970765,0.055297475,0.247492686,0.57063391,0,0,0.570633769,0.570633769,0.570633769,0.570633769,-0.570633769,-0.570633769,-0.570633769,-0.570633769
0.150029897,0.508204043,-0.145095274,0.334917277,-0.780068338,-0.740141727,0.114292819,-2.031133892,1.596142769,0.063385852,0.341252506,0.592613004,0,0,0.570633769,0.570633769,0.570633769,0.570633769,-0.570633769,-0.570633769,-0.570633769,-0.570633769
0.199990034,0.518740892,-0.122560889,0.307955414,-0.78806746,-0.665535739,0.126664042,-2.021123883,2.106162071,0.085743643,0.432967961,0.6,0,0,0.599999845,0.599999845,0.599999845,0.599999845,-0.599999845,-0.599999845,-0.599999845,-0.599999845
0.249979972,0.542312026,-0.05790858,0.228302598,-0.80648762,-0.451454321,0.154835297,-1.993243104,3.065404892,0.143256411,0.508334279,0.592613004,0,0,0.592612863,0.592612863,0.592612863,0.592612863,-0.592612863,-0.592612863,-0.592612863,-0.592612863
0.299999952,0.554098129,-0.005534275,0.161918923,-0.816533566,-0.278145745,0.171235666,-1.973184391,3.668696404,0.174791992,0.440401703,0.57063391,0,0,0.570633769,0.570633769,0.570633769,0.570633769,-0.570633769,-0.570633769,-0.570633769,-0.570633769
0.350260019,0.558475912,0.041981548,0.099735714,-0.822432339,-0.119399361,0.18144797,-1.959408786,4.08921814,0.180256426,0.331253558,0.534603915,0,0,0.534603775,0.534603775,0.534603775,0.534603775,-0.534603775,-0.534603775,-0.534603775,-0.534603775
0.399999856,0.556892395,0.092709288,0.031130766,-0.824807227,0.052867315,0.18872584,-1.948842874,4.400760651,0.182692885,0.21029596,0.485410197,0,0,0.534603775,0.534603775,0.534603775,0.534603775,-0.534603775,-0.534603775,-0.534603775,-0.534603775
0.449990034,0.548983395,0.145262361,-0.04213623,-0.822034419,0.23529615,0.193767397,-1.940997522,4.605786324,0.152641654,0.149943069,0.424264069,0,0,0.485410094,0.485410094,0.485410094,0.485410094,-0.485410094,-0.485410094,-0.485410094,-0.485410094
0.5,0.531601131,0.21081689,-0.135818899,-0.809017837,0.469842989,0.197997405,-1.931364593,4.664200306,0.134041935,0.153088704,0.352671151,0,0,0.424263984,0.424263984,0.424263984,0.424263984,-0.424263984,-0.424263984,-0.424263984,-0.424263984
0.549989938,0.501890361,0.285160244,-0.244745731,-0.779030919,0.749317,0.19995605,-1.918097069,4.520049095,0.180165693,0.155310422,0.2723943,0,0,0.27239424,0.27239424,0.27239424,0.27239424,-0.27239424,-0.27239424,-0.27239424,-0.27239424
0.599999904,0.464423746,0.350931585,-0.344392806,-0.736580908,1.01594767,0.198389392,-1.905790835,4.254532814,0.12057256,0.132261068,0.185410197,0,0,0.185410157,0.185410157,0.185410157,0.185410157,-0.185410157,-0.185410157,-0.185410157,-0.185410157
0.650029897,0.421945751,0.405824751,-0.430116594,-0.687217474,1.259299434,0.196061661,-1.897243586,3.8295753,0.093887359,0.066297762,0.093860679,0,0,0.093860656,0.093860656,0.093860656,0.093860656,-0.093860656,-0.093860656,-0.093860656,-0.093860656
0.700010061,0.393330932,0.435943186,-0.477883309,-0.653354347,1.403707304,0.1949507,-1.892816718,3.426844358,0.097308591,0.048441585,5.55E-15,0,0,5.55E-15,5.55E-15,5.55E-15,5.55E-15,-5.55E-15,-5.55E-15,-5.55E-15,-5.55E-15
0.75,0.365669668,0.461084723,-0.518643081,-0.620238721,1.53326392,0.193873319,-1.889400952,3.030452967,0.096174553,0.024912568,-0.093860679,0,0,-0.093860656,-0.093860656,-0.093860656,-0.093860656,0.093860656,0.093860656,0.093860656,0.093860656
0.799969911,0.340399176,0.481642544,-0.55218339,-0.589272857,1.646033459,0.192906398,-1.886040744,2.548537493,0.052196622,0.006230931,-0.185410197,0,0,-0.093860656,-0.093860656,-0.093860656,-0.093860656,0.093860656,0.093860656,0.093860656,0.093860656
0.849999904,0.312855184,0.501527607,-0.585080028,-0.555223465,1.763192031,0.192006744,-1.882648288,2.08213973,0.060556162,-0.009670865,-0.2723943,0,0,-0.27239424,-0.27239424,-0.27239424,-0.27239424,0.27239424,0.27239424,0.27239424,0.27239424
0.90000987,0.279753834,0.521920264,-0.620125413,-0.514569402,1.896258742,0.191328622,-1.879921665,1.313496828,0.023033477,-0.012063985,-0.352671151,0,0,-0.352671087,-0.352671087,-0.352671087,-0.352671087,0.352671087,0.352671087,0.352671087,0.352671087
0.94998002,0.267765731,0.528413594,-0.631664097,-0.500081122,1.94235713,0.19138961,-1.879376995,0.962240458,0.014216457,-0.010842088,-0.424264069,0,0,-0.424263984,-0.424263984,-0.424263984,-0.424263984,0.424263984,0.424263984,0.424263984,0.424263984
1.000010013,0.258014798,0.532873988,-0.64083904,-0.488670945,1.978485574,0.191272258,-1.880210506,0.521183789,-0.02732724,0.014116616,-0.485410197,0,0,-0.485410094,-0.485410094,-0.485410094,-0.485410094,0.485410094,0.485410094,0.485410094,0.485410094
1.050019979,0.255667865,0.533253372,-0.643231273,-0.486342072,1.986183923,0.190937979,-1.881903524,0.035027415,-0.090654202,0.024921447,-0.534603915,0,0,-0.485410094,-0.485410094,-0.485410094,-0.485410094,0.485410094,0.485410094,0.485410094,0.485410094
1.099989891,0.258529276,0.530734062,-0.64080292,-0.490770817,1.973295579,0.190759703,-1.88448085,-0.603315353,-0.067517184,0.013718756,-0.57063391,0,0,-0.570633769,-0.570633769,-0.570633769,-0.570633769,0.570633769,0.570633769,0.570633769,0.570633769
1.149990081,0.268227726,0.524385095,-0.631847441,-0.503828466,1.933547005,0.190594071,-1.887877362,-1.325506449,-0.084517933,0.039220616,-0.592613004,0,0,-0.592612863,-0.592612863,-0.592612863,-0.592612863,0.592612863,0.592612863,0.592612863,0.592612863
1.200089931,0.317007422,0.493367016,-0.581458867,-0.563915968,1.737530581,0.188902934,-1.894252082,-2.931753397,-0.025297757,0.048158422,-0.6,0,0,-0.599999845,-0.599999845,-0.599999845,-0.599999845,0.599999845,0.599999845,0.599999845,0.599999845
1.250060081,0.348874182,0.470432043,-0.54427588,-0.600620091,1.606507303,0.18641197,-1.895994156,-3.537236452,-0.01843131,0.070806831,-0.592613004,0,0,-0.592612863,-0.592612863,-0.592612863,-0.592612863,0.592612863,0.592612863,0.592612863,0.592612863
1.300040006,0.384196967,0.441588551,-0.497682184,-0.640081882,1.453939967,0.183924894,-1.89672108,-3.910855532,-0.042836539,0.065396234,-0.57063391,0,0,-0.570633769,-0.570633769,-0.570633769,-0.570633769,0.570633769,0.570633769,0.570633769,0.570633769
1.350029945,0.434446573,0.39193514,-0.415005624,-0.696716249,1.208449985,0.186620954,-1.897430809,-4.334492683,-0.000853841,-0.092135824,-0.534603915,0,0,-0.534603775,-0.534603775,-0.534603775,-0.534603775,0.534603775,0.534603775,0.534603775,0.534603775
1.400019884,0.466817617,0.352541298,-0.349479645,-0.731888115,1.027988597,0.190912613,-1.898037717,-4.700120449,0.078351505,-0.078613013,-0.485410197,0,0,-0.485410094,-0.485410094,-0.485410094,-0.485410094,0.485410094,0.485410094,0.485410094,0.485410094
1.45005989,0.498078942,0.307195514,-0.276713908,-0.762218952,0.835665497,0.193861757,-1.897699541,-4.925434589,0.053479116,-0.034271397,-0.424264069,0,0,-0.424263984,-0.424263984,-0.424263984,-0.424263984,0.424263984,0.424263984,0.424263984,0.424263984
1.500159978,0.550084591,0.204172328,-0.120293342,-0.800781071,0.439424261,0.195902247,-1.893903661,-4.971440792,0.015886975,0.037571281,-0.352671151,0,0,-0.352671087,-0.352671087,-0.352671087,-0.352671087,0.352671087,0.352671087,0.352671087,0.352671087
1.550289869,0.571663141,0.135711119,-0.021404861,-0.808904052,0.194737395,0.196340822,-1.891918808,-4.860696316,0.021786373,0.02906117,-0.2723943,0,0,-0.27239424,-0.27239424,-0.27239424,-0.27239424,0.27239424,0.27239424,0.27239424,0.27239424
1.60010004,0.582499623,0.081356294,0.05512283,-0.806868613,0.005940937,0.196773083,-1.890425265,-4.661860466,-0.002117467,0.030999806,-0.185410197,0,0,-0.185410157,-0.185410157,-0.185410157,-0.185410157,0.185410157,0.185410157,0.185410157,0.185410157
1.650330066,0.588092685,0.028806433,0.127692491,-0.798130155,-0.174196046,0.197453162,-1.888841615,-4.378354073,0.015417566,0.039505415,-0.093860679,0,0,-0.093860656,-0.093860656,-0.093860656,-0.093860656,0.093860656,0.093860656,0.093860656,0.093860656
1.700039863,0.589096904,-0.020484205,0.195004538,-0.783912241,-0.343202737,0.198947308,-1.887282706,-4.066063881,0.016986651,0.053207055,-1.20E-14,0,0,-1.20E-14,-1.20E-14,-1.20E-14,-1.20E-14,1.20E-14,1.20E-14,1.20E-14,1.20E-14
1.750069856,0.585272312,-0.075628303,0.269285172,-0.761066556,-0.533676163,0.2014538,-1.885713117,-3.582249641,0.036955755,0.05601291,0.093860679,0,0,0.093860656,0.093860656,0.093860656,0.093860656,-0.093860656,-0.093860656,-0.093860656,-0.093860656
1.800610065,0.573309243,-0.145885617,0.362517625,-0.720149398,-0.781649528,0.207026159,-1.882431336,-2.68938756,0.013300056,0.082769394,0.185410197,0,0,0.185410157,0.185410157,0.185410157,0.185410157,-0.185410157,-0.185410157,-0.185410157,-0.185410157
1.850090026,0.566650271,-0.17259483,0.397474974,-0.700808287,-0.878263965,0.210088859,-1.880673873,-2.222728729,0.018518446,0.081569813,0.2723943,0,0,0.27239424,0.27239424,0.27239424,0.27239424,-0.27239424,-0.27239424,-0.27239424,-0.27239424
1.900039911,0.558924913,-0.199488774,0.431969881,-0.679123819,-0.976494461,0.213541526,-1.878094832,-1.748712063,-0.016485168,0.086515456,0.352671151,0,0,0.352671087,0.352671087,0.352671087,0.352671087,-0.352671087,-0.352671087,-0.352671087,-0.352671087
1.950109958,0.553647876,-0.21689941,0.453501344,-0.663901925,-1.039872484,0.215831919,-1.875293856,-1.453709006,-0.046063982,0.069833599,0.424264069,0,0,0.424263984,0.424263984,0.424263984,0.424263984,-0.424263984,-0.424263984,-0.424263984,-0.424263984
2.00003004,0.549407184,-0.230600893,0.46950376,-0.651568353,-1.088672116,0.217094219,-1.872261365,-1.044442177,-0.058370855,0.06022232,0.485410197,0,0,0.485410094,0.485410094,0.485410094,0.485410094,-0.485410094,-0.485410094,-0.485410094,-0.485410094
2.050080061,0.546714485,-0.240031302,0.479887456,-0.64280355,-1.12136293,0.217856075,-1.869125972,-0.626281083,-0.072036698,0.028198218,0.534603915,0,0,0.534603775,0.534603775,0.534603775,0.534603775,-0.534603775,-0.534603775,-0.534603775,-0.534603775
2.100039959,0.546983242,-0.245118573,0.482881665,-0.638397813,-1.136009965,0.217144479,-1.86409761,0.712230086,-0.086377569,0.007075816,0.57063391,0,0,0.570633769,0.570633769,0.570633769,0.570633769,-0.570633769,-0.570633769,-0.570633769,-0.570633769
2.150089979,0.555986285,-0.230828762,0.462573498,-0.650863409,-1.074109092,0.215558498,-1.856376757,1.373468399,-0.122140415,0.025839373,0.592613004,0,0,0.570633769,0.570633769,0.570633769,0.570633769,-0.570633769,-0.570633769,-0.570633769,-0.570633769
2.200049877,0.565003574,-0.212183028,0.438885421,-0.665679395,-1.003808009,0.215106926,-1.852407207,2.061301947,-0.108935058,0.047766481,0.6,0,0,0.592612863,0.592612863,0.592612863,0.592612863,-0.592612863,-0.592612863,-0.592612863,-0.592612863
2.250099897,0.578611255,-0.178405493,0.397013158,-0.689754486,-0.881832915,0.214972478,-1.847354302,2.763617754,-0.066509977,0.073782504,0.592613004,0,0,0.592612863,0.592612863,0.592612863,0.592612863,-0.592612863,-0.592612863,-0.592612863,-0.592612863
2.300080061,0.58999896,-0.143334374,0.353982538,-0.711373866,-0.759669321,0.21543257,-1.843077725,3.290376186,-0.066787206,0.074314542,0.57063391,0,0,0.570633769,0.570633769,0.570633769,0.570633769,-0.570633769,-0.570633769,-0.570633769,-0.570633769
2.35029006,0.599759459,-0.101844639,0.302357256,-0.733823299,-0.617792257,0.214860616,-1.839983433,3.743124485,-0.052969355,0.018618325,0.534603915,0,0,0.534603775,0.534603775,0.534603775,0.534603775,-0.534603775,-0.534603775,-0.534603775,-0.534603775
2.400039911,0.60684514,0.008616712,0.162258267,-0.778034091,-0.250166543,0.211922175,-1.843519969,4.347512722,0.024374697,-0.105371125,0.485410197,0,0,0.485410094,0.485410094,0.485410094,0.485410094,-0.485410094,-0.485410094,-0.485410094,-0.485410094
2.44998002,0.601732552,0.062297083,0.093709342,-0.790731072,-0.074987134,0.212901106,-1.848623136,4.427661896,0.031132413,-0.132397503,0.424264069,0,0,0.424263984,0.424263984,0.424263984,0.424263984,-0.424263984,-0.424263984,-0.424263984,-0.424263984
2.499949932,0.591134667,0.115625851,0.024152637,-0.797876716,0.100635918,0.214711172,-1.855454552,4.416881084,0.012173565,-0.195838019,0.352671151,0,0,0.352671087,0.352671087,0.352671087,0.352671087,-0.352671087,-0.352671087,-0.352671087,-0.352671087
2.549959898,0.575677574,0.167572975,-0.045196664,-0.799044371,0.275014036,0.217469143,-1.862733655,4.357729435,0.034963511,-0.171186909,0.2723943,0,0,0.27239424,0.27239424,0.27239424,0.27239424,-0.27239424,-0.27239424,-0.27239424,-0.27239424
2.599969863,0.551378369,0.229745314,-0.129296824,-0.791505933,0.488900622,0.222948948,-1.868856589,4.245966434,0.079924993,-0.138602287,0.185410197,0,0,0.185410157,0.185410157,0.185410157,0.185410157,-0.185410157,-0.185410157,-0.185410157,-0.185410157
2.649960041,0.528542042,0.276323318,-0.193154827,-0.779089391,0.654639723,0.228359752,-1.871580369,4.045810699,0.090914607,-0.124346264,0.093860679,0,0,0.093860656,0.093860656,0.093860656,0.093860656,-0.093860656,-0.093860656,-0.093860656,-0.093860656
2.699959993,0.503710568,0.318510771,-0.25237453,-0.762321472,0.811522737,0.23348327,-1.87311227,3.790493011,0.065190583,-0.100735225,1.85E-14,0,0,1.85E-14,1.85E-14,1.85E-14,1.85E-14,-1.85E-14,-1.85E-14,-1.85E-14,-1.85E-14
2.75,0.440970123,0.400563955,-0.372231483,-0.711714745,1.143636712,0.24431173,-1.874513265,2.853972435,0.040599044,-0.086009689,-0.093860679,0,0,-0.093860656,-0.093860656,-0.093860656,-0.093860656,0.093860656,0.093860656,0.093860656,0.093860656
2.799999952,0.418424338,0.42438224,-0.407895893,-0.691694975,1.248490603,0.24828193,-1.874235734,2.418896198,0.03489485,-0.088828944,-0.185410197,0,0,-0.185410157,-0.185410157,-0.185410157,-0.185410157,0.185410157,0.185410157,0.185410157,0.185410157
2.850319862,0.398706883,0.443191737,-0.436431319,-0.673900366,1.335023862,0.251975728,-1.874083555,1.951887965,0.065470546,-0.085333064,-0.2723943,0,0,-0.27239424,-0.27239424,-0.27239424,-0.27239424,0.27239424,0.27239424,0.27239424,0.27239424
2.899990081,0.382401019,0.45749703,-0.458732188,-0.658810198,1.404151611,0.254713397,-1.873985059,1.559461951,-0.003319981,-0.059777528,-0.352671151,0,0,-0.352671087,-0.352671087,-0.352671087,-0.352671087,0.352671087,0.352671087,0.352671087,0.352671087
2.950299978,0.366019785,0.470328689,-0.479862154,-0.643857837,1.470279761,0.25719777,-1.874956834,1.092613697,-0.006295742,-0.039500006,-0.424264069,0,0,-0.424263984,-0.424263984,-0.424263984,-0.424263984,0.424263984,0.424263984,0.424263984,0.424263984
3.000149965,0.356656909,0.476735175,-0.491502821,-0.635566473,1.506317338,0.258259276,-1.876560699,0.697358847,0.002320857,-0.016467277,-0.485410197,0,0,-0.485410094,-0.485410094,-0.485410094,-0.485410094,0.485410094,0.485410094,0.485410094,0.485410094
3.05005002,0.350416988,0.478602231,-0.500201046,-0.630830288,1.527907448,0.25606482,-1.882081549,-0.149452686,-0.078757115,0.07860586,-0.534603915,0,0,-0.534603775,-0.534603775,-0.534603775,-0.534603775,0.534603775,0.534603775,0.534603775,0.534603775
3.100090026,0.355698228,0.472561449,-0.495782822,-0.635896266,1.506985663,0.250926886,-1.886029986,-0.755459249,-0.120720282,0.173980787,-0.57063391,0,0,-0.570633769,-0.570633769,-0.570633769,-0.570633769,0.570633769,0.570633769,0.570633769,0.570633769
3.150029897,0.371871412,0.456902027,-0.479976773,-0.650057435,1.445169159,0.239323844,-1.891125535,-1.625433087,-0.121405788,0.260049999,-0.592613004,0,0,-0.592612863,-0.592612863,-0.592612863,-0.592612863,0.592612863,0.592612863,0.592612863,0.592612863
3.19998002,0.392632931,0.436816454,-0.457092524,-0.667905331,1.363544344,0.226496453,-1.894614469,-2.379245043,-0.134589002,0.323687196,-0.6,0,0,-0.599999845,-0.599999845,-0.599999845,-0.599999845,0.599999845,0.599999845,0.599999845,0.599999845
3.250010013,0.418894917,0.409815222,-0.424820065,-0.690004706,1.25555233,0.211205661,-1.896814981,-3.017836094,-0.151042998,0.366915911,-0.592613004,0,0,-0.592612863,-0.592612863,-0.592612863,-0.592612863,0.592612863,0.592612863,0.592612863,0.592612863
3.300009965,0.448748201,0.375949025,-0.383004189,-0.714559495,1.123965484,0.194759912,-1.897197969,-3.5770998,-0.142203748,0.37257871,-0.57063391,0,0,-0.570633769,-0.570633769,-0.570633769,-0.570633769,0.570633769,0.570633769,0.570633769,0.570633769
3.350049972,0.510824502,0.286046475,-0.26854828,-0.764929831,0.793254749,0.163982807,-1.895204163,-3.286053658,-0.107319973,0.174772471,-0.534603915,0,0,-0.534603775,-0.534603775,-0.534603775,-0.534603775,0.534603775,0.534603775,0.534603775,0.534603775
3.400079965,0.526160836,0.254477084,-0.228190809,-0.778668761,0.682717365,0.156818551,-1.897294224,-2.513423204,-0.14554435,0.076415516,-0.485410197,0,0,-0.485410094,-0.485410094,-0.485410094,-0.485410094,0.485410094,0.485410094,0.485410094,0.485410094
3.45005989,0.539747775,0.224778265,-0.190937012,-0.788473427,0.582158594,0.148897266,-1.896349719,-2.755006313,0.012487941,0.228748918,-0.424264069,0,0,-0.424263984,-0.424263984,-0.424263984,-0.424263984,0.424263984,0.424263984,0.424263984,0.424263984
3.500429868,0.564090967,0.164168328,-0.113321006,-0.801254332,0.379235636,0.135650086,-1.888695503,-3.859239578,-0.145097658,0.244252563,-0.352671151,0,0,-0.352671087,-0.352671087,-0.352671087,-0.352671087,0.352671087,0.352671087,0.352671087,0.352671087
3.549989938,0.578999758,0.115490511,-0.051215239,-0.805480361,0.219766429,0.127085215,-1.88105486,-4.102173805,-0.147151127,0.229710609,-0.2723943,0,0,-0.27239424,-0.27239424,-0.27239424,-0.27239424,0.27239424,0.27239424,0.27239424,0.27239424
3.600199937,0.590015531,0.06389682,0.014485388,-0.804729402,0.052489369,0.120221854,-1.873128197,-4.237098217,-0.150904775,0.201590583,-0.185410197,0,0,-0.185410157,-0.185410157,-0.185410157,-0.185410157,0.185410157,0.185410157,0.185410157,0.185410157
3.649999856,0.596946299,-0.051094893,0.159458548,-0.784612954,-0.318492612,0.110421194,-1.858569246,-3.908052206,-0.13807027,0.085758761,-0.093860679,0,0,-0.093860656,-0.093860656,-0.093860656,-0.093860656,0.093860656,0.093860656,0.093860656,0.093860656
3.700000047,0.593124628,-0.097632013,0.216819137,-0.769194782,-0.468964905,0.107210736,-1.853490504,-3.641005039,-0.124647141,0.07300774,-2.60E-14,0,0,-2.60E-14,-2.60E-14,-2.60E-14,-2.60E-14,2.60E-14,2.60E-14,2.60E-14,2.60E-14
3.750010013,0.586560011,-0.13948603,0.26733762,-0.751679361,-0.604823414,0.104109516,-1.848833054,-3.242304802,-0.129220247,0.048584621,0.093860679,0,0,0.093860656,0.093860656,0.093860656,0.093860656,-0.093860656,-0.093860656,-0.093860656,-0.093860656
3.799999952,0.578317881,-0.176310942,0.311058313,-0.733284175,-0.725517686,0.101382701,-1.844515309,-2.839278936,-0.123529382,0.021661114,0.185410197,0,0,0.185410157,0.185410157,0.185410157,0.185410157,-0.185410157,-0.185410157,-0.185410157,-0.185410157
3.850009918,0.567078173,-0.215191826,0.355997831,-0.710901082,-0.853876629,0.097953564,-1.83952126,-2.338289022,-0.10780409,-0.002592806,0.2723943,0,0,0.27239424,0.27239424,0.27239424,0.27239424,-0.27239424,-0.27239424,-0.27239424,-0.27239424
3.899970054,0.558108926,-0.241043597,0.384793788,-0.694511533,-0.939345576,0.094840682,-1.835892776,-1.967438102,-0.1199947,-0.013747827,0.352671151,0,0,0.352671087,0.352671087,0.352671087,0.352671087,-0.352671087,-0.352671087,-0.352671087,-0.352671087
3.950000047,0.54179579,-0.281493366,0.426972508,-0.667018294,-1.071585176,0.08725202,-1.829067339,-1.425529242,-0.119382203,-0.050812993,0.424264069,0,0,0.424263984,0.424263984,0.424263984,0.424263984,-0.424263984,-0.424263984,-0.424263984,-0.424263984
4.000089883,0.532700956,-0.301553488,0.444627941,-0.653912365,-1.13285104,0.079411771,-1.824904938,-0.75585264,-0.115250066,-0.112848006,0.485410197,0,0,0.485410094,0.485410094,0.485410094,0.485410094,-0.485410094,-0.485410094,-0.485410094,-0.485410094
4.049999952,0.529764652,-0.307947814,0.448341042,-0.650774896,-1.148949258,0.074289365,-1.823191513,-0.385463268,-0.115081668,-0.153705478,0.534603915,0,0,0.534603775,0.534603775,0.534603775,0.534603775,-0.534603775,-0.534603775,-0.534603775,-0.534603775
4.100019931,0.528327465,-0.311501414,0.446741521,-0.65135175,-1.150891351,0.066306216,-1.82163809,0.260471553,-0.101713836,-0.200162858,0.57063391,0,0,0.570633769,0.570633769,0.570633769,0.570633769,-0.570633769,-0.570633769,-0.570633769,-0.570633769
4.149869918,0.530080974,-0.308367193,0.436318874,-0.65844506,-1.126572426,0.056513022,-1.821663565,0.972574592,-0.105346777,-0.246018276,0.592613004,0,0,0.570633769,0.570633769,0.570633769,0.570633769,-0.570633769,-0.570633769,-0.570633769,-0.570633769
4.200039863,0.538603008,-0.289898723,0.402037233,-0.681345582,-1.036752778,0.038043666,-1.825453336,2.072903872,-0.043110598,-0.400613725,0.6,0,0,0.599999845,0.599999845,0.599999845,0.599999845,-0.599999845,-0.599999845,-0.599999845,-0.599999845
4.250010013,0.548117161,-0.259954214,0.352506548,-0.712552309,-0.906627858,0.0159685,-1.837980563,3.002679825,-0.030367149,-0.520532966,0.592613004,0,0,0.592612863,0.592612863,0.592612863,0.592612863,-0.592612863,-0.592612863,-0.592612863,-0.592612863
4.300009965,0.562120914,-0.200441405,0.26027745,-0.759011865,-0.669372623,-0.011660277,-1.862627264,3.766484737,-0.008982455,-0.526962221,0.57063391,0,0,0.570633769,0.570633769,0.570633769,0.570633769,-0.570633769,-0.570633769,-0.570633769,-0.570633769
4.349999904,0.568883061,-0.157451913,0.196843579,-0.782836914,-0.509178682,-0.022558294,-1.87888632,4.167124271,0.014019824,-0.444450021,0.534603915,0,0,0.534603775,0.534603775,0.534603775,0.534603775,-0.534603775,-0.534603775,-0.534603775,-0.534603775
4.400439977,0.575297892,-0.096089311,0.109043494,-0.804927886,-0.290286191,-0.029229103,-1.896246194,4.543423176,0.012282347,-0.318664521,0.485410197,0,0,0.485410094,0.485410094,0.485410094,0.485410094,-0.485410094,-0.485410094,-0.485410094,-0.485410094
4.450039863,0.576853633,-0.043332543,0.03419067,-0.814980745,-0.105972176,-0.031189395,-1.908038184,4.646253109,-0.009776706,-0.282254905,0.424264069,0,0,0.424263984,0.424263984,0.424263984,0.424263984,-0.424263984,-0.424263984,-0.424263984,-0.424263984
4.500040054,0.57405895,0.010714897,-0.042242121,-0.817653418,0.081510095,-0.030981747,-1.918613595,4.674719334,0.002718733,-0.243927464,0.352671151,0,0,0.352671087,0.352671087,0.352671087,0.352671087,-0.352671087,-0.352671087,-0.352671087,-0.352671087
4.550139904,0.56703341,0.064804412,-0.118012495,-0.812617302,0.268617048,-0.028515537,-1.926968244,4.628098488,0.00723679,-0.19232738,0.2723943,0,0,0.27239424,0.27239424,0.27239424,0.27239424,-0.27239424,-0.27239424,-0.27239424,-0.27239424
4.600080013,0.535205841,0.186830699,-0.253956974,-0.783680379,0.641202742,0.020994136,-1.936254025,3.523157835,1.006887674,-0.751094222,0.185410197,0,0,0.185410157,0.185410157,0.185410157,0.185410157,-0.185410157,-0.185410157,-0.185410157,-0.185410157
4.650179863,0.51733613,0.235130891,-0.294536531,-0.768326223,0.771204643,0.056595881,-1.933412657,3.244704247,0.180428967,-0.111475877,0.093860679,0,0,0.093860656,0.093860656,0.093860656,0.093860656,-0.093860656,-0.093860656,-0.093860656,-0.093860656
4.700269937,0.50288856,0.266071856,-0.335682571,-0.750750363,0.883743175,0.061924803,-1.931887146,2.692055464,0.10106805,-0.085121557,3.25E-14,0,0,3.25E-14,3.25E-14,3.25E-14,3.25E-14,-3.25E-14,-3.25E-14,-3.25E-14,-3.25E-14
4.750309944,0.48360306,0.299901396,-0.382371992,-0.727996707,1.013511414,0.066871734,-1.931747227,2.430206299,0.042218778,-0.06660381,-0.093860679,0,0,-0.093860656,-0.093860656,-0.093860656,-0.093860656,0.093860656,0.093860656,0.093860656,0.093860656
4.800019979,0.468873948,0.322717488,-0.414189428,-0.710251987,1.104361531,0.070073534,-1.931451578,2.120497942,0.03850539,-0.063532673,-0.185410197,0,0,-0.185410157,-0.185410157,-0.185410157,-0.185410157,0.185410157,0.185410157,0.185410157,0.185410157
4.850430011,0.455697715,0.341659933,-0.440449566,-0.693983138,1.181483931,0.072853148,-1.930664123,1.7381078,0.076628536,-0.052517693,-0.2723943,0,0,-0.27239424,-0.27239424,-0.27239424,-0.27239424,0.27239424,0.27239424,0.27239424,0.27239424
4.900749921,0.43306458,0.371798038,-0.482474625,-0.664409339,1.309098801,0.076240656,-1.927788769,0.873407245,0.032231968,-0.009775165,-0.352671151,0,0,-0.352671087,-0.352671087,-0.352671087,-0.352671087,0.352671087,0.352671087,0.352671087,0.352671087
4.949889898,0.427969933,0.378371328,-0.491945088,-0.657013714,1.338391288,0.07618857,-1.926621973,0.582281649,0.017542392,0.020869823,-0.424264069,0,0,-0.424263984,-0.424263984,-0.424263984,-0.424263984,0.424263984,0.424263984,0.424263984,0.424263984
5.000249862,0.425416708,0.381908983,-0.497331202,-0.652554989,1.354900504,0.07535851,-1.925506029,0.283210725,0.014135987,0.028920924,-0.485410197,0,0,-0.485410094,-0.485410094,-0.485410094,-0.485410094,0.485410094,0.485410094,0.485410094,0.485410094
5.04993987,0.425728172,0.381976068,-0.498073727,-0.651745796,1.356547107,0.073881739,-1.924788717,-0.143881157,0.016044829,0.050028425,-0.534603915,0,0,-0.534603775,-0.534603775,-0.534603775,-0.534603775,0.534603775,0.534603775,0.534603775,0.534603775
5.100009918,0.430637479,0.376799732,-0.492263436,-0.655934572,1.33669185,0.070395891,-1.924104681,-0.69771868,-0.03583581,0.077269241,-0.57063391,0,0,-0.570633769,-0.570633769,-0.570633769,-0.570633769,0.570633769,0.570633769,0.570633769,0.570633769
5.149849891,0.43898797,0.36730817,-0.479590982,-0.665106595,1.296600909,0.067580256,-1.923607624,-1.263618946,-0.005540254,0.075323172,-0.592613004,0,0,-0.570633769,-0.570633769,-0.570633769,-0.570633769,0.570633769,0.570633769,0.570633769,0.570633769
5.200379848,0.465710253,0.332657456,-0.430888444,-0.697702229,1.150363626,0.062894806,-1.923663185,-2.346656084,-0.022973154,0.036416255,-0.6,0,0,-0.599999845,-0.599999845,-0.599999845,-0.599999845,0.599999845,0.599999845,0.599999845,0.599999845
5.249830007,0.487116963,0.299474329,-0.380723327,-0.726692557,1.010034297,0.064382411,-1.924935351,-3.135005474,-0.003066668,-0.104663059,-0.592613004,0,0,-0.592612863,-0.592612863,-0.592612863,-0.592612863,0.592612863,0.592612863,0.592612863,0.592612863
5.30031991,0.504074872,0.267019153,-0.329075903,-0.752541423,0.87316877,0.070185751,-1.928453532,-3.607507467,0.000240655,-0.217013821,-0.57063391,0,0,-0.570633769,-0.570633769,-0.570633769,-0.570633769,0.570633769,0.570633769,0.570633769,0.570633769
5.350069999,0.520015359,0.228880748,-0.268327057,-0.777944922,0.71747543,0.077121269,-1.934193767,-4.112535954,0.016111951,-0.228331491,-0.534603915,0,0,-0.534603775,-0.534603775,-0.534603775,-0.534603775,0.534603775,0.534603775,0.534603775,0.534603775
5.40015006,0.535544693,0.184177563,-0.19892557,-0.799812019,0.543575282,0.081638433,-1.938784735,-4.535822868,0.020871421,-0.125382006,-0.485410197,0,0,-0.485410094,-0.485410094,-0.485410094,-0.485410094,0.485410094,0.485410094,0.485410094,0.485410094
5.45002985,0.555403709,0.108804874,-0.084407188,-0.820099831,0.26327189,0.084803188,-1.939785279,-4.67874527,0.053405318,0.0860167,-0.424264069,0,0,-0.424263984,-0.424263984,-0.424263984,-0.424263984,0.424263984,0.424263984,0.424263984,0.424263984
5.500230073,0.57308501,0.008684687,0.064338744,-0.816920161,-0.095681104,0.088046256,-1.922321378,-4.283750534,0.029153517,0.302065134,-0.352671151,0,0,-0.352671087,-0.352671087,-0.352671087,-0.352671087,0.352671087,0.352671087,0.352671087,0.352671087
5.549829959,0.576574445,-0.026019601,0.114947818,-0.808499992,-0.218498524,0.090602127,-1.91255506,-4.074944496,0.012912657,0.362628073,-0.2723943,0,0,-0.27239424,-0.27239424,-0.27239424,-0.27239424,0.27239424,0.27239424,0.27239424,0.27239424
5.600039959,0.575842083,-0.090038262,0.20587866,-0.786074638,-0.443752984,0.095699579,-1.898713582,-3.516025066,-0.023977535,0.088572048,-0.185410197,0,0,-0.185410157,-0.185410157,-0.185410157,-0.185410157,0.185410157,0.185410157,0.185410157,0.185410157
5.650029897,0.569828808,-0.126407906,0.25507611,-0.770877719,-0.570211312,0.095956532,-1.896636637,-2.854855299,0.074596122,-0.012564687,-0.093860679,0,0,-0.185410157,-0.185410157,-0.185410157,-0.185410157,0.185410157,0.185410157,0.185410157,0.185410157
5.699970006,0.561190844,-0.157697126,0.296271414,-0.756584346,-0.679083874,0.094045811,-1.898442317,-2.620449543,0.001042338,-0.091304056,-3.90E-14,0,0,-3.90E-14,-3.90E-14,-3.90E-14,-3.90E-14,3.90E-14,3.90E-14,3.90E-14,3.90E-14
5.750769853,0.552522779,-0.185220778,0.332535923,-0.741506457,-0.776596269,0.092916166,-1.89886327,-2.208784342,-0.003699963,0.054081604,0.093860679,0,0,0.093860656,0.093860656,0.093860656,0.093860656,-0.093860656,-0.093860656,-0.093860656,-0.093860656
5.799969911,0.533925176,-0.238244563,0.401278466,-0.705080986,-0.968103581,0.092674512,-1.894088883,-1.921004653,-0.069198087,0.02169239,0.185410197,0,0,0.185410157,0.185410157,0.185410157,0.185410157,-0.185410157,-0.185410157,-0.185410157,-0.185410157
5.849900007,0.526129842,-0.257419318,0.425177902,-0.690033913,-1.037842542,0.092272294,-1.891449431,-1.634210229,-0.059157655,0.026059916,0.2723943,0,0,0.27239424,0.27239424,0.27239424,0.27239424,-0.27239424,-0.27239424,-0.27239424,-0.27239424
5.899879932,0.519376814,-0.273285329,0.444195926,-0.676943839,-1.095133745,0.091540271,-1.888550468,-1.273136377,-0.077296831,0.005956741,0.352671151,0,0,0.352671087,0.352671087,0.352671087,0.352671087,-0.352671087,-0.352671087,-0.352671087,-0.352671087
5.950099945,0.513643086,-0.286386341,0.459064931,-0.665892839,-1.141555521,0.09030851,-1.885536019,-1.012069345,-0.090540975,0.004955383,0.424264069,0,0,0.424263984,0.424263984,0.424263984,0.424263984,-0.424263984,-0.424263984,-0.424263984,-0.424263984
6.00007987,0.508238971,-0.298675478,0.471409172,-0.655941784,-1.182534901,0.087461025,-1.881934609,-0.588360548,-0.084179655,-0.036747765,0.485410197,0,0,0.485410094,0.485410094,0.485410094,0.485410094,-0.485410094,-0.485410094,-0.485410094,-0.485410094
6.050070047,0.505833268,-0.304671288,0.475495815,-0.65208286,-1.198845298,0.083799381,-1.87935115,-0.244709894,-0.101552926,-0.078456104,0.534603915,0,0,0.534603775,0.534603775,0.534603775,0.534603775,-0.534603775,-0.534603775,-0.534603775,-0.534603775
6.100260019,0.505501628,-0.306976914,0.474068075,-0.652297974,-1.199119113,0.078885327,-1.876960913,0.244469211,-0.118699677,-0.131306052,0.57063391,0,0,0.570633769,0.570633769,0.570633769,0.570633769,-0.570633769,-0.570633769,-0.570633769,-0.570633769
6.149859905,0.516169608,-0.290643245,0.440055072,-0.674868345,-1.110055891,0.062034016,-1.874195421,1.748613238,-0.069887996,-0.14751865,0.592613004,0,0,0.592612863,0.592612863,0.592612863,0.592612863,-0.592612863,-0.592612863,-0.592612863,-0.592612863
6.200269937,0.527295113,-0.269758612,0.409115702,-0.694128573,-1.023296368,0.056985938,-1.874299852,2.487268209,-0.032527797,-0.083831109,0.6,0,0,0.592612863,0.592612863,0.592612863,0.592612863,-0.592612863,-0.592612863,-0.592612863,-0.592612863
6.249949932,0.541496456,-0.240000978,0.368363351,-0.716582,-0.909240693,0.055001852,-1.874246223,3.136526346,-0.017517854,-0.018464079,0.592613004,0,0,0.592612863,0.592612863,0.592612863,0.592612863,-0.592612863,-0.592612863,-0.592612863,-0.592612863
6.299999952,0.556830466,-0.202124223,0.318844944,-0.739880919,-0.772610798,0.056018726,-1.874063517,3.668920994,0.040195283,0.044929393,0.57063391,0,0,0.570633769,0.570633769,0.570633769,0.570633769,-0.570633769,-0.570633769,-0.570633769,-0.570633769
6.350219965,0.577278972,-0.132927865,0.230144352,-0.77208358,-0.534936564,0.060489008,-1.874131595,4.221165657,0.056086,0.0242972,0.534603915,0,0,0.534603775,0.534603775,0.534603775,0.534603775,-0.534603775,-0.534603775,-0.534603775,-0.534603775
6.399960041,0.586380422,-0.081308447,0.163527653,-0.789180517,-0.362031188,0.063487369,-1.875172237,4.423543453,-0.005021716,0.005934418,0.485410197,0,0,0.485410094,0.485410094,0.485410094,0.485410094,-0.485410094,-0.485410094,-0.485410094,-0.485410094
6.449939966,0.590429962,0.030194631,0.017249096,-0.806339443,0.007857217,0.069118024,-1.877252553,4.705673218,0.085534655,-0.008095847,0.424264069,0,0,0.424263984,0.424263984,0.424263984,0.424263984,-0.424263984,-0.424263984,-0.424263984,-0.424263984
6.499929904,0.583054364,0.100709163,-0.075446509,-0.802628994,0.241540973,0.073752183,-1.876147304,4.651152611,0.113595918,0.02097276,0.352671151,0,0,0.352671087,0.352671087,0.352671087,0.352671087,-0.352671087,-0.352671087,-0.352671087,-0.352671087
6.550220012,0.572171748,0.155245721,-0.146763027,-0.791820109,0.423906496,0.077985059,-1.873332548,4.507562637,0.128218472,0.03246757,0.2723943,0,0,0.27239424,0.27239424,0.27239424,0.27239424,-0.27239424,-0.27239424,-0.27239424,-0.27239424
6.600319862,0.559037745,0.203355044,-0.215161264,-0.774486363,0.597048987,0.074493763,-1.86822191,4.030206203,-0.491430551,0.609548807,0.185410197,0,0,0.185410157,0.185410157,0.185410157,0.185410157,-0.185410157,-0.185410157,-0.185410157,-0.185410157
6.649999856,0.550530255,0.228223234,-0.278809428,-0.753058016,0.736447427,0.036752877,-1.864874031,3.435118437,-0.572708666,0.65970552,0.093860679,0,0,0.093860656,0.093860656,0.093860656,0.093860656,-0.093860656,-0.093860656,-0.093860656,-0.093860656
6.700160026,0.537974358,0.259337693,-0.350550801,-0.721416473,0.902411734,-0.002993719,-1.861531284,3.177051544,-0.383835584,0.563002348,1.35E-14,0,0,1.35E-14,1.35E-14,1.35E-14,1.35E-14,-1.35E-14,-1.35E-14,-1.35E-14,-1.35E-14
6.749929904,0.516170323,0.30434528,-0.442019433,-0.667503655,1.13236812,-0.050032316,-1.856922055,2.583385468,-0.153556779,0.48983264,-0.093860679,0,0,-0.093860656,-0.093860656,-0.093860656,-0.093860656,0.093860656,0.093860656,0.093860656,0.093860656
6.799949884,0.50685221,0.322182983,-0.476648599,-0.641954303,1.225124766,-0.069583407,-1.853834202,2.146305561,-0.086367242,0.468709886,-0.185410197,0,0,-0.185410157,-0.185410157,-0.185410157,-0.185410157,0.185410157,0.185410157,0.185410157,0.185410157
6.85017991,0.496610463,0.341241568,-0.516134024,-0.608718395,1.333130658,-0.097348742,-1.849560176,1.528125286,-0.027096288,0.480227411,-0.2723943,0,0,-0.27239424,-0.27239424,-0.27239424,-0.27239424,0.27239424,0.27239424,0.27239424,0.27239424
6.900049924,0.49287644,0.348739713,-0.535474777,-0.590525508,1.385192556,-0.116227899,-1.847043646,1.155164599,-0.019712754,0.469135731,-0.352671151,0,0,-0.352671087,-0.352671087,-0.352671087,-0.352671087,0.352671087,0.352671087,0.352671087,0.352671087
6.94998002,0.49111402,0.353429198,-0.550602496,-0.575092912,1.425116837,-0.134715039,-1.844436757,0.8221457,-0.005379321,0.455928683,-0.424264069,0,0,-0.424263984,-0.424263984,-0.424263984,-0.424263984,0.424263984,0.424263984,0.424263984,0.424263984
6.999989986,0.491844386,0.354690969,-0.561561465,-0.56296736,1.451423929,-0.153646631,-1.84182301,0.516904116,-0.003749133,0.49437362,-0.485410197,0,0,-0.485410094,-0.485410094,-0.485410094,-0.485410094,0.485410094,0.485410094,0.485410094,0.485410094
7.049849987,0.504789352,0.343341082,-0.570109367,-0.549800038,1.454039609,-0.199350121,-1.833563402,-0.450803339,0.065930933,0.5450719,-0.534603915,0,0,-0.534603775,-0.534603775,-0.534603775,-0.534603775,0.534603775,0.534603775,0.534603775,0.534603775
7.09995985,0.516651332,0.330169976,-0.564898312,-0.552222133,1.422924053,-0.220847432,-1.827914785,-0.971359432,0.052744914,0.558119416,-0.57063391,0,0,-0.570633769,-0.570633769,-0.570633769,-0.570633769,0.570633769,0.570633769,0.570633769,0.570633769
7.149909973,0.533043981,0.310319781,-0.551871777,-0.561251581,1.365100436,-0.24237503,-1.819689755,-1.674446225,0.118061237,0.587039828,-0.592613004,0,0,-0.592612863,-0.592612863,-0.592612863,-0.592612863,0.592612863,0.592612863,0.592612863,0.592612863
7.200000047,0.553292692,0.283369094,-0.531148672,-0.57571733,1.281701564,-0.264555551,-1.808350019,-2.305884838,0.138690501,0.627580464,-0.6,0,0,-0.592612863,-0.592612863,-0.592612863,-0.592612863,0.592612863,0.592612863,0.592612863,0.592612863
7.250259876,0.581882894,0.240792602,-0.493288428,-0.600081563,1.143321155,-0.289091722,-1.788326145,-2.710156918,0.232445911,0.418490231,-0.592613004,0,0,-0.592612863,-0.592612863,-0.592612863,-0.592612863,0.592612863,0.592612863,0.592612863,0.592612863
7.299870014,0.597708762,0.211857721,-0.457526535,-0.62332201,1.032707309,-0.286737029,-1.776291997,-2.732694626,0.359536678,-0.134875149,-0.57063391,0,0,-0.592612863,-0.592612863,-0.592612863,-0.592612863,0.592612863,0.592612863,0.592612863,0.592612863
7.350039959,0.626863778,0.139038503,-0.365749747,-0.673748672,0.765835215,-0.274635908,-1.754070874,-3.786532164,0.291492403,0.220242247,-0.534603915,0,0,-0.534603775,-0.534603775,-0.534603775,-0.534603775,0.534603775,0.534603775,0.534603775,0.534603775
7.40019989,0.645205081,0.076844826,-0.293766707,-0.701075196,0.559763566,-0.274776192,-1.733184775,-4.165466309,0.213009372,0.377569586,-0.485410197,0,0,-0.485410094,-0.485410094,-0.485410094,-0.485410094,0.485410094,0.485410094,0.485410094,0.485410094
7.450010061,0.656681001,0.02144859,-0.230056077,-0.717902839,0.38165834,-0.274796244,-1.713223384,-4.413784027,0.214727566,0.470787495,-0.424264069,0,0,-0.424263984,-0.424263984,-0.424263984,-0.424263984,0.424263984,0.424263984,0.424263984,0.424263984
7.500149965,0.663932204,-0.036791623,-0.162383452,-0.72902143,0.196373815,-0.272631744,-1.691204543,-4.54350996,0.217639357,0.502491474,-0.352671151,0,0,-0.352671087,-0.352671087,-0.352671087,-0.352671087,0.352671087,0.352671087,0.352671087,0.352671087
7.54993987,0.66496557,-0.096798286,-0.091573715,-0.734891355,0.006074032,-0.267228307,-1.671433989,-4.681021214,0.183545381,0.423453987,-0.2723943,0,0,-0.27239424,-0.27239424,-0.27239424,-0.27239424,0.27239424,0.27239424,0.27239424,0.27239424
7.600229978,0.654133081,-0.186369643,0.015606292,-0.732893467,-0.27926289,-0.25553283,-1.648134824,-4.588486195,0.123122282,0.381240129,-0.185410197,0,0,-0.185410157,-0.185410157,-0.185410157,-0.185410157,0.185410157,0.185410157,0.185410157,0.185410157
7.650179863,0.636143088,-0.255601794,0.100909643,-0.720976591,-0.506247944,-0.242551071,-1.632624029,-4.280565739,0.13127315,0.372953266,-0.093860679,0,0,-0.093860656,-0.093860656,-0.093860656,-0.093860656,0.093860656,0.093860656,0.093860656,0.093860656
7.70020008,0.607921302,-0.326765567,0.193507329,-0.697288334,-0.753203787,-0.222250317,-1.619320458,-3.814817429,0.146762833,0.375179112,1.21E-14,0,0,1.21E-14,1.21E-14,1.21E-14,1.21E-14,-1.21E-14,-1.21E-14,-1.21E-14,-1.21E-14
7.750289917,0.576697707,-0.383667469,0.271671981,-0.668141723,-0.965001621,-0.200687695,-1.612074328,-3.236126423,0.147699967,0.314898849,0.093860679,0,0,0.093860656,0.093860656,0.093860656,0.093860656,-0.093860656,-0.093860656,-0.093860656,-0.093860656
7.800369973,0.556310475,-0.41365692,0.314922482,-0.648251772,-1.084250213,-0.187006402,-1.610308454,-2.783854008,0.134476557,0.310440242,0.185410197,0,0,0.185410157,0.185410157,0.185410157,0.185410157,-0.185410157,-0.185410157,-0.185410157,-0.185410157
7.850250003,0.537724197,-0.437844008,0.351494938,-0.628964841,-1.186260865,-0.173633434,-1.609681442,-2.341275454,0.119789854,0.303013355,0.2723943,0,0,0.27239424,0.27239424,0.27239424,0.27239424,-0.27239424,-0.27239424,-0.27239424,-0.27239424
7.900099993,0.521887839,-0.456620485,0.381458074,-0.611245036,-1.270515702,-0.160748761,-1.609567336,-1.922016382,0.10635791,0.297779918,0.352671151,0,0,0.352671087,0.352671087,0.352671087,0.352671087,-0.352671087,-0.352671087,-0.352671087,-0.352671087
7.949949983,0.505675852,-0.473826915,0.41152671,-0.591967762,-1.354587702,-0.145292916,-1.610788295,-1.447278976,0.09667208,0.287609726,0.424264069,0,0,0.424263984,0.424263984,0.424263984,0.424263984,-0.424263984,-0.424263984,-0.424263984,-0.424263984
7.999870063,0.489940405,-0.487640917,0.442694008,-0.571127892,-1.436922613,-0.123537242,-1.615481404,-0.651864886,0.105343036,0.228010908,0.485410197,0,0,0.485410094,0.485410094,0.485410094,0.485410094,-0.485410094,-0.485410094,-0.485410094,-0.485410094
8.049969913,0.48774159,-0.487822473,0.450129062,-0.567028642,-1.450901447,-0.114374471,-1.619407972,-0.152391925,0.143501163,0.206293166,0.534603915,0,0,0.534603775,0.534603775,0.534603775,0.534603775,-0.534603775,-0.534603775,-0.534603775,-0.534603775
8.099819903,0.491138726,-0.481236637,0.451363266,-0.56874001,-1.440355999,-0.104221682,-1.625508398,0.5335235,0.150137395,0.174737737,0.57063391,0,0,0.570633769,0.570633769,0.570633769,0.570633769,-0.570633769,-0.570633769,-0.570633769,-0.570633769
8.149829863,0.500202715,-0.46918574,0.444210589,-0.576488495,-1.404167707,-0.096720402,-1.630434256,1.196196675,0.15380615,0.167722359,0.592613004,0,0,0.592612863,0.592612863,0.592612863,0.592612863,-0.592612863,-0.592612863,-0.592612863,-0.592612863
8.199970003,0.514981389,-0.450570792,0.429065436,-0.589646637,-1.342122429,-0.089553312,-1.634655872,1.864437461,0.124179691,0.166092232,0.6,0,0,0.599999845,0.599999845,0.599999845,0.599999845,-0.599999845,-0.599999845,-0.599999845,-0.599999845
8.249860043,0.535020292,-0.424819618,0.405269146,-0.607485414,-1.253885729,-0.082582843,-1.637636896,2.471565008,0.124638736,0.141973302,0.592613004,0,0,0.599999845,0.599999845,0.599999845,0.599999845,-0.599999845,-0.599999845,-0.599999845,-0.599999845
8.300019983,0.597453356,-0.328557462,0.310737759,-0.66222477,-0.937019055,-0.063898612,-1.641197097,3.744803429,0.144097015,0.122956648,0.57063391,0,0,0.570633769,0.570633769,0.570633769,0.570633769,-0.570633769,-0.570633769,-0.570633769,-0.570633769
8.349859953,0.62272048,-0.27638334,0.257942051,-0.685052931,-0.773690519,-0.057454435,-1.642639618,4.31667614,0.135777816,0.060015462,0.534603915,0,0,0.534603775,0.534603775,0.534603775,0.534603775,-0.534603775,-0.534603775,-0.534603775,-0.534603775
8.399859903,0.644313872,-0.217886284,0.198355138,-0.705719769,-0.596195204,-0.051950749,-1.645737826,4.549198627,0.177982688,-0.011484389,0.485410197,0,0,0.485410094,0.485410094,0.485410094,0.485410094,-0.485410094,-0.485410094,-0.485410094,-0.485410094
8.449830053,0.663615763,-0.137618527,0.117216229,-0.725903511,-0.360959854,-0.044236882,-1.65231704,4.802031517,0.184569135,-0.07963229,0.424264069,0,0,0.424263984,0.424263984,0.424263984,0.424263984,-0.424263984,-0.424263984,-0.424263984,-0.424263984
8.500210043,0.671645224,-0.07000269,0.049462095,-0.735898018,-0.167729176,-0.036595887,-1.658954125,4.824892044,0.216796085,-0.133245513,0.352671151,0,0,0.352671087,0.352671087,0.352671087,0.352671087,-0.352671087,-0.352671087,-0.352671087,-0.352671087
8.550179953,0.672933996,-0.002024513,-0.018703641,-0.739463449,0.02494907,-0.028170456,-1.665286034,4.764815331,0.221318588,-0.144676253,0.2723943,0,0,0.27239424,0.27239424,0.27239424,0.27239424,-0.27239424,-0.27239424,-0.27239424,-0.27239424
8.599889993,0.657564282,0.128978491,-0.149675205,-0.727029145,0.397675634,-0.009300026,-1.672925966,4.516201019,0.222906187,-0.162653014,0.185410197,0,0,0.185410157,0.185410157,0.185410157,0.185410157,-0.185410157,-0.185410157,-0.185410157,-0.185410157
8.649930003,0.637671769,0.203679547,-0.222201794,-0.708883584,0.612359738,0.005386576,-1.674763941,4.117208481,0.249977782,-0.183524996,0.093860679,0,0,0.093860656,0.093860656,0.093860656,0.093860656,-0.093860656,-0.093860656,-0.093860656,-0.093860656
8.700249913,0.618594646,0.25663203,-0.272536933,-0.690799773,0.767230274,0.017383795,-1.673956125,3.690994978,0.24242267,-0.172086701,-3.97E-14,0,0,-3.97E-14,-3.97E-14,-3.97E-14,-3.97E-14,3.97E-14,3.97E-14,3.97E-14,3.97E-14
8.749850033,0.598380685,0.302654982,-0.31581834,-0.671266973,0.905152054,0.028369202,-1.671689023,3.224509239,0.21807833,-0.163053423,-0.093860679,0,0,-0.093860656,-0.093860656,-0.093860656,-0.093860656,0.093860656,0.093860656,0.093860656,0.093860656
8.800240043,0.57826364,0.341682851,-0.351964682,-0.651908696,1.024962406,0.038444753,-1.668753243,2.775323868,0.189473912,-0.178935021,-0.185410197,0,0,-0.185410157,-0.185410157,-0.185410157,-0.185410157,0.185410157,0.185410157,0.185410157,0.185410157
8.849920033,0.554655552,0.381413132,-0.387427866,-0.629905581,1.149027894,0.050752265,-1.6648183,2.214800358,0.17011413,-0.204009101,-0.2723943,0,0,-0.27239424,-0.27239424,-0.27239424,-0.27239424,0.27239424,0.27239424,0.27239424,0.27239424
8.900229933,0.526950538,0.421782076,-0.421413481,-0.605668128,1.276916274,0.066841548,-1.659959461,1.386791229,0.147461206,-0.17562069,-0.352671151,0,0,-0.352671087,-0.352671087,-0.352671087,-0.352671087,0.352671087,0.352671087,0.352671087,0.352671087
8.949980023,0.511740267,0.442173362,-0.437086314,-0.59292537,1.34123291,0.077078548,-1.656363984,1.053364158,0.119776316,-0.184166491,-0.424264069,0,0,-0.424263984,-0.424263984,-0.424263984,-0.424263984,0.424263984,0.424263984,0.424263984,0.424263984
9.000220063,0.499590635,0.457875609,-0.446581781,-0.58422941,1.387216443,0.088909719,-1.65272963,0.458347857,0.092758246,-0.182537749,-0.485410197,0,0,-0.485410094,-0.485410094,-0.485410094,-0.485410094,0.485410094,0.485410094,0.485410094,0.485410094
9.049959893,0.496005207,0.46261552,-0.44646284,-0.583641052,1.395765182,0.097260276,-1.651194108,0.008966772,0.06393566,-0.21167545,-0.534603915,0,0,-0.534603775,-0.534603775,-0.534603775,-0.534603775,0.534603775,0.534603775,0.534603775,0.534603775
9.099959853,0.496909887,0.462360919,-0.440291941,-0.587746799,1.383934429,0.106130551,-1.649929888,-0.575242996,0.056031357,-0.218758032,-0.57063391,0,0,-0.570633769,-0.570633769,-0.570633769,-0.570633769,0.570633769,0.570633769,0.570633769,0.570633769
9.149889943,0.503009319,0.456173211,-0.426862031,-0.597224116,1.348093505,0.115702079,-1.64917551,-1.215087533,0.060350478,-0.245680034,-0.592613004,0,0,-0.592612863,-0.592612863,-0.592612863,-0.592612863,0.592612863,0.592612863,0.592612863,0.592612863
9.200279953,0.523117006,0.434016824,-0.39359802,-0.618917406,1.24937473,0.125776843,-1.64743225,-1.925888777,0.107625969,-0.128270775,-0.6,0,0,-0.599999845,-0.599999845,-0.599999845,-0.599999845,0.599999845,0.599999845,0.599999845,0.599999845
9.249959943,0.559203207,0.390319586,-0.33937633,-0.647893608,1.082981623,0.126547955,-1.641302881,-2.732606173,0.118363902,0.114400186,-0.592613004,0,0,-0.592612863,-0.592612863,-0.592612863,-0.592612863,0.592612863,0.592612863,0.592612863,0.592612863
9.299849983,0.583897829,0.357696414,-0.300297379,-0.664031863,0.966528168,0.124680407,-1.633557808,-2.921237469,0.246642336,0.160084277,-0.57063391,0,0,-0.570633769,-0.570633769,-0.570633769,-0.570633769,0.570633769,0.570633769,0.570633769,0.570633769
9.349910023,0.616385877,0.309797794,-0.24596253,-0.680879295,0.806618337,0.118934295,-1.619346174,-3.358667374,0.167010486,0.346078306,-0.534603915,0,0,-0.534603775,-0.534603775,-0.534603775,-0.534603775,0.534603775,0.534603775,0.534603775,0.534603775
9.400290013,0.64251405,0.266398907,-0.198136792,-0.690615177,0.668740289,0.113591008,-1.603427193,-3.529917955,0.115488105,0.435671866,-0.485410197,0,0,-0.485410094,-0.485410094,-0.485410094,-0.485410094,0.485410094,0.485410094,0.485410094,0.485410094
9.449859853,0.666810632,0.217284471,-0.145183772,-0.697906137,0.518309698,0.109889167,-1.587198329,-3.967065811,0.130682975,0.351000577,-0.424264069,0,0,-0.424263984,-0.424263984,-0.424263984,-0.424263984,0.424263984,0.424263984,0.424263984,0.424263984
9.500329973,0.687336683,0.16254048,-0.087240294,-0.702522635,0.355511105,0.10866354,-1.57310776,-4.180655956,0.096971981,0.31638062,-0.352671151,0,0,-0.352671087,-0.352671087,-0.352671087,-0.352671087,0.352671087,0.352671087,0.352671087,0.352671087
9.550199983,0.714783609,0.026377292,0.050987232,-0.696985662,-0.033575378,0.10987983,-1.547430645,-4.441205025,0.037262786,0.261246264,-0.2723943,0,0,-0.27239424,-0.27239424,-0.27239424,-0.27239424,0.27239424,0.27239424,0.27239424,0.27239424
9.599969863,0.71784085,-0.035829518,0.112837069,-0.686067581,-0.209113921,0.113075968,-1.537418705,-4.397527695,0.049326818,0.245051563,-0.185410197,0,0,-0.185410157,-0.185410157,-0.185410157,-0.185410157,0.185410157,0.185410157,0.185410157,0.185410157
9.649810073,0.715379596,-0.096223831,0.171811745,-0.670413077,-0.379632706,0.117069033,-1.528439805,-4.204802036,0.024207789,0.24044995,-0.093860679,0,0,-0.093860656,-0.093860656,-0.093860656,-0.093860656,0.093860656,0.093860656,0.093860656,0.093860656
9.700249913,0.703472197,-0.180106893,0.252006173,-0.639672816,-0.619087257,0.124460777,-1.515719468,-3.798329592,-0.011953756,0.249590203,6.73E-14,0,0,6.73E-14,6.73E-14,6.73E-14,6.73E-14,-6.73E-14,-6.73E-14,-6.73E-14,-6.73E-14
9.749870063,0.692043722,-0.229171321,0.297772318,-0.616350651,-0.761600859,0.130009012,-1.50733099,-3.401742935,-0.029391145,0.248460501,0.093860679,0,0,0.093860656,0.093860656,0.093860656,0.093860656,-0.093860656,-0.093860656,-0.093860656,-0.093860656
9.800260063,0.679395497,-0.271748304,0.337209523,-0.592338026,-0.888253007,0.136688805,-1.499217361,-2.980018139,-0.034074564,0.263370395,0.185410197,0,0,0.185410157,0.185410157,0.185410157,0.185410157,-0.185410157,-0.185410157,-0.185410157,-0.185410157
9.849959853,0.652341366,-0.34397307,0.402608395,-0.542254448,-1.110339578,0.152828575,-1.481911379,-2.035793066,-0.091508128,0.244628876,0.2723943,0,0,0.27239424,0.27239424,0.27239424,0.27239424,-0.27239424,-0.27239424,-0.27239424,-0.27239424
9.899970053,0.642739952,-0.366983086,0.422774255,-0.52294445,-1.183140686,0.160330261,-1.473820351,-1.701763153,-0.116567418,0.252407283,0.352671151,0,0,0.352671087,0.352671087,0.352671087,0.352671087,-0.352671087,-0.352671087,-0.352671087,-0.352671087
9.949850083,0.635027409,-0.38540864,0.438577563,-0.505816519,-1.242152872,0.167913327,-1.465525188,-1.316349983,-0.140643179,0.227155671,0.424264069,0,0,0.424263984,0.424263984,0.424263984,0.424263984,-0.424263984,-0.424263984,-0.424263984,-0.424263984
9.999949933,0.629775286,-0.39914754,0.450042725,-0.491452754,-1.286385542,0.175425647,-1.456935324,-0.9921211,-0.149431854,0.242678151,0.485410197,0,0,0.485410094,0.485410094,0.485410094,0.485410094,-0.485410094,-0.485410094,-0.485410094,-0.485410094
10.04987001,0.627389967,-0.40805909,0.456880391,-0.480759919,-1.314310426,0.181929335,-1.448210928,-0.504154027,-0.164921597,0.193823129,0.534603915,0,0,0.534603775,0.534603775,0.534603775,0.534603775,-0.534603775,-0.534603775,-0.534603775,-0.534603775
10.09995985,0.629031777,-0.411815852,0.458799452,-0.47352913,-1.324166892,0.188295969,-1.437506533,0.076254465,-0.185489684,0.14385657,0.57063391,0,0,0.570633769,0.570633769,0.570633769,0.570633769,-0.570633769,-0.570633769,-0.570633769,-0.570633769
10.1502099,0.644769728,-0.396710902,0.44252485,-0.480691403,-1.267164173,0.190410725,-1.421334158,1.269883513,-0.207173914,0.00841469,0.592613004,0,0,0.592612863,0.592612863,0.592612863,0.592612863,-0.592612863,-0.592612863,-0.592612863,-0.592612863
10.19990992,0.658768237,-0.377450764,0.423850983,-0.493868262,-1.200325474,0.18669993,-1.414568592,1.954333305,-0.187634155,-0.046883576,0.6,0,0,0.599999845,0.599999845,0.599999845,0.599999845,-0.599999845,-0.599999845,-0.599999845,-0.599999845
10.24978995,0.680243313,-0.341778934,0.390580982,-0.517593443,-1.082958923,0.178521822,-1.408427377,2.676698923,-0.159478486,-0.124034524,0.592613004,0,0,0.599999845,0.599999845,0.599999845,0.599999845,-0.599999845,-0.599999845,-0.599999845,-0.599999845
10.29994988,0.699048877,-0.303822547,0.35671252,-0.540165663,-0.965227267,0.171326844,-1.405686151,3.151859522,-0.136293828,-0.101886958,0.57063391,0,0,0.570633769,0.570633769,0.570633769,0.570633769,-0.570633769,-0.570633769,-0.570633769,-0.570633769
10.34985995,0.718627989,-0.256743252,0.31683901,-0.563267052,-0.827390731,0.166922817,-1.403002221,3.685756922,-0.097699806,0.007880507,0.534603915,0,0,0.534603775,0.534603775,0.534603775,0.534603775,-0.534603775,-0.534603775,-0.534603775,-0.534603775
10.40031004,0.737942219,-0.200398237,0.271255791,-0.584553123,-0.670681802,0.166828106,-1.398117884,4.055035591,-0.075139426,0.139324233,0.485410197,0,0,0.485410094,0.485410094,0.485410094,0.485410094,-0.485410094,-0.485410094,-0.485410094,-0.485410094
10.44995999,0.771406889,-0.033152156,0.141754463,-0.619466186,-0.23252588,0.178574985,-1.374087313,4.527797699,0.08569479,0.328270584,0.424264069,0,0,0.424263984,0.424263984,0.424263984,0.424263984,-0.424263984,-0.424263984,-0.424263984,-0.424263984
10.50035,0.775350273,0.038913276,0.087125167,-0.624281287,-0.049296829,0.184739697,-1.36032661,4.526157379,0.113451332,0.381603688,0.352671151,0,0,0.352671087,0.352671087,0.352671087,0.352671087,-0.352671087,-0.352671087,-0.352671087,-0.352671087
10.55001998,0.773213863,0.110646732,0.032999154,-0.623545468,0.132729154,0.190161302,-1.344626295,4.447124958,0.157417431,0.371780634,0.2723943,0,0,0.27239424,0.27239424,0.27239424,0.27239424,-0.27239424,-0.27239424,-0.27239424,-0.27239424
10.59996986,0.761881173,0.197326079,-0.033169091,-0.616035163,0.355500678,0.193788438,-1.324971745,4.33196497,0.160945982,0.330469936,0.185410197,0,0,0.185410157,0.185410157,0.185410157,0.185410157,-0.185410157,-0.185410157,-0.185410157,-0.185410157
10.64999985,0.746439874,0.262648642,-0.083724126,-0.60566783,0.52705958,0.194387498,-1.310717444,4.111427307,0.166086867,0.291583478,0.093860679,0,0,0.093860656,0.093860656,0.093860656,0.093860656,-0.093860656,-0.093860656,-0.093860656,-0.093860656
10.70073986,0.726724803,0.322383523,-0.130620837,-0.592349768,0.688191002,0.193277895,-1.298305449,3.80731535,0.145195231,0.23561728,-9.07E-14,0,0,-9.07E-14,-9.07E-14,-9.07E-14,-9.07E-14,9.07E-14,9.07E-14,9.07E-14,9.07E-14
10.75006985,0.693190217,0.398927361,-0.191385299,-0.568960607,0.902591252,0.189751673,-1.282399002,3.209872246,0.124079339,0.21268189,-0.093860679,0,0,-9.07E-14,-9.07E-14,-9.07E-14,-9.07E-14,9.07E-14,9.07E-14,9.07E-14,9.07E-14
10.80000996,0.655000865,0.466708124,-0.246660918,-0.540662408,1.103847645,0.18254903,-1.267521241,2.482560873,0.106232777,0.189454406,-0.185410197,0,0,-0.185410157,-0.185410157,-0.185410157,-0.185410157,0.185410157,0.185410157,0.185410157,0.185410157
10.85000991,0.636482298,0.494900405,-0.270274699,-0.526227653,1.191918776,0.177744865,-1.260988642,2.021558523,0.080934986,0.157960653,-0.2723943,0,0,-0.27239424,-0.27239424,-0.27239424,-0.27239424,0.27239424,0.27239424,0.27239424,0.27239424
10.90060997,0.620369673,0.517529964,-0.289524496,-0.513302922,1.264878033,0.172935533,-1.255586817,1.638865709,0.074520014,0.154665962,-0.352671151,0,0,-0.352671087,-0.352671087,-0.352671087,-0.352671087,0.352671087,0.352671087,0.352671087,0.352671087
10.95044994,0.604195774,0.538768947,-0.308047742,-0.499782354,1.335724933,0.167068195,-1.250302821,1.24616468,0.014559187,0.132744834,-0.424264069,0,0,-0.424263984,-0.424263984,-0.424263984,-0.424263984,0.424263984,0.424263984,0.424263984,0.424263984
11.00049996,0.594892442,0.550597668,-0.318512529,-0.49142158,1.376226926,0.162909357,-1.246835244,0.82804352,0.0914924,0.10872262,-0.485410197,0,0,-0.485410094,-0.485410094,-0.485410094,-0.485410094,0.485410094,0.485410094,0.485410094,0.485410094
11.05025005,0.588686883,0.558797836,-0.326710224,-0.484203815,1.406019939,0.1571298,-1.243402938,0.167658195,0.013146551,0.087741785,-0.534603915,0,0,-0.485410094,-0.485410094,-0.485410094,-0.485410094,0.485410094,0.485410094,0.485410094,0.485410094
11.10056996,0.598869622,0.548437953,-0.31964463,-0.488260806,1.373121506,0.153310413,-1.242277007,-0.98017174,-0.006742776,0.032546382,-0.57063391,0,0,-0.570633769,-0.570633769,-0.570633769,-0.570633769,0.570633769,0.570633769,0.570633769,0.570633769
11.15001988,0.613020837,0.53253299,-0.307417184,-0.496093482,1.321571986,0.152051227,-1.242434689,-1.54872179,-0.008438532,0.029095277,-0.592613004,0,0,-0.592612863,-0.592612863,-0.592612863,-0.592612863,0.592612863,0.592612863,0.592612863,0.592612863
11.20000004,0.633882701,0.507471859,-0.287248492,-0.508088052,1.241203214,0.152102869,-1.242541118,-2.33506608,0.02661128,-0.029672725,-0.6,0,0,-0.599999845,-0.599999845,-0.599999845,-0.599999845,0.599999845,0.599999845,0.599999845,0.599999845
11.25048995,0.659923732,0.473126292,-0.258645087,-0.523216069,1.133443706,0.154334426,-1.242396276,-3.021144629,0.03883177,-0.085637175,-0.592613004,0,0,-0.592612863,-0.592612863,-0.592612863,-0.592612863,0.592612863,0.592612863,0.592612863,0.592612863
11.29999995,0.696867049,0.416785836,-0.211196259,-0.54411602,0.963498989,0.159888611,-1.242125742,-3.752284288,0.088474482,-0.093171343,-0.57063391,0,0,-0.570633769,-0.570633769,-0.570633769,-0.570633769,0.570633769,0.570633769,0.570633769,0.570633769
11.35029006,0.727598846,0.361337721,-0.165323988,-0.559198618,0.804400168,0.164277904,-1.240528956,-4.196000099,0.09214846,-0.027164942,-0.534603915,0,0,-0.534603775,-0.534603775,-0.534603775,-0.534603775,0.534603775,0.534603775,0.534603775,0.534603775
11.40001988,0.782084644,0.225942552,-0.060667664,-0.57759285,0.443895947,0.166884584,-1.234496111,-4.764471531,0.010862265,0.092822105,-0.485410197,0,0,-0.485410094,-0.485410094,-0.485410094,-0.485410094,0.485410094,0.485410094,0.485410094,0.485410094
11.45026993,0.805392921,0.130163997,0.00937044,-0.578197241,0.203006023,0.16638124,-1.228301331,-4.899422169,0.067370057,0.134445086,-0.424264069,0,0,-0.485410094,-0.485410094,-0.485410094,-0.485410094,0.485410094,0.485410094,0.485410094,0.485410094
11.50051999,0.816002369,0.051839169,0.065423019,-0.571990371,0.009896683,0.166846666,-1.22192119,-4.860592365,0.007600384,0.160548344,-0.352671151,0,0,-0.352671087,-0.352671087,-0.352671087,-0.352671087,0.352671087,0.352671087,0.352671087,0.352671087
11.55005002,0.819097042,-0.026363542,0.119626321,-0.560423791,-0.180761265,0.167199512,-1.215270075,-4.750132084,-0.017891929,0.16755785,-0.2723943,0,0,-0.27239424,-0.27239424,-0.27239424,-0.27239424,0.27239424,0.27239424,0.27239424,0.27239424
11.60029006,0.814893007,-0.102984309,0.171463341,-0.54400754,-0.367699275,0.168191891,-1.208617997,-4.632448196,-0.017103648,0.169395089,-0.185410197,0,0,-0.27239424,-0.27239424,-0.27239424,-0.27239424,0.27239424,0.27239424,0.27239424,0.27239424
11.65003991,0.804355323,-0.176131174,0.219539538,-0.52325213,-0.547515913,0.169666407,-1.201235709,-4.397397041,-0.06112339,0.183606327,-0.093860679,0,0,-0.093860656,-0.093860656,-0.093860656,-0.093860656,0.093860656,0.093860656,0.093860656,0.093860656
11.70008993,0.764369607,-0.323139668,0.288485408,-0.477594048,-0.888909498,0.132749336,-1.180232544,-3.492129803,-0.446098983,-0.159739479,1.18E-13,0,0,1.18E-13,1.18E-13,1.18E-13,1.18E-13,-1.18E-13,-1.18E-13,-1.18E-13,-1.18E-13
11.75025987,0.743160069,-0.376175642,0.311056167,-0.457656115,-1.0155466,0.118286517,-1.169820081,-3.042939663,-0.395489693,-0.140217289,0.093860679,0,0,0.093860656,0.093860656,0.093860656,0.093860656,-0.093860656,-0.093860656,-0.093860656,-0.093860656
11.80022001,0.721954644,-0.421292156,0.329924732,-0.438684762,-1.126545834,0.106956269,-1.159612403,-2.608955622,-0.342907697,-0.132058799,0.185410197,0,0,0.093860656,0.093860656,0.093860656,0.093860656,-0.093860656,-0.093860656,-0.093860656,-0.093860656
11.85037994,0.693040252,-0.474624574,0.350652307,-0.414089054,-1.260995363,0.093093043,-1.145122594,-1.982821941,-0.28517279,-0.124339886,0.2723943,0,0,0.27239424,0.27239424,0.27239424,0.27239424,-0.27239424,-0.27239424,-0.27239424,-0.27239424
11.90023994,0.676731169,-0.502205372,0.359897971,-0.400372833,-1.331123184,0.08507213,-1.135282921,-1.602105379,-0.289534241,-0.1348124,0.352671151,0,0,0.27239424,0.27239424,0.27239424,0.27239424,-0.27239424,-0.27239424,-0.27239424,-0.27239424
11.95046997,0.663133979,-0.52447927,0.365972012,-0.388894737,-1.387247482,0.077520131,-1.12525676,-1.232171655,-0.278878331,-0.140973985,0.424264069,0,0,0.352671087,0.352671087,0.352671087,0.352671087,-0.352671087,-0.352671087,-0.352671087,-0.352671087
12.00026989,0.645791292,-0.555369794,0.367398381,-0.373545796,-1.457184786,0.05964861,-1.10205089,-0.310757846,-0.267073572,-0.21847491,0.485410197,0,0,0.485410094,0.485410094,0.485410094,0.485410094,-0.485410094,-0.485410094,-0.485410094,-0.485410094
12.05000996,0.645411313,-0.559924006,0.361844897,-0.372824103,-1.459321903,0.049591564,-1.092004245,0.190428644,-0.281323522,-0.232610106,0.534603915,0,0,0.485410094,0.485410094,0.485410094,0.485410094,-0.485410094,-0.485410094,-0.485410094,-0.485410094
12.10002994,0.651159108,-0.557286978,0.351462394,-0.376692891,-1.438505118,0.037872834,-1.082083104,0.808822513,-0.270059794,-0.275221527,0.57063391,0,0,0.534603775,0.534603775,0.534603775,0.534603775,-0.534603775,-0.534603775,-0.534603775,-0.534603775
12.15029001,0.663780749,-0.54580766,0.335742831,-0.385701954,-1.391033657,0.024683597,-1.073368191,1.514806271,-0.237898692,-0.323306203,0.592613004,0,0,0.592612863,0.592612863,0.592612863,0.592612863,-0.592612863,-0.592612863,-0.592612863,-0.592612863
12.20004987,0.688730776,-0.517388642,0.307874143,-0.4039464,-1.292154299,0.006090273,-1.065472576,2.403933048,-0.227988154,-0.35179916,0.6,0,0,0.599999845,0.599999845,0.599999845,0.599999845,-0.599999845,-0.599999845,-0.599999845,-0.599999845
12.24997997,0.714634418,-0.482578307,0.278565973,-0.422867775,-1.182018789,-0.009988129,-1.061924696,3.062982321,-0.203355178,-0.355189443,0.592613004,0,0,0.592612863,0.592612863,0.592612863,0.592612863,-0.592612863,-0.592612863,-0.592612863,-0.592612863
12.29999995,0.773600876,-0.380824506,0.20318751,-0.463928223,-0.892005604,-0.03898827,-1.061753878,4.013635159,-0.140686944,-0.253383398,0.57063391,0,0,0.570633769,0.570633769,0.570633769,0.570633769,-0.570633769,-0.570633769,-0.570633769,-0.570633769
12.35003996,0.80870074,-0.297582299,0.147899225,-0.485359669,-0.675964899,-0.04967688,-1.06362915,4.51919651,-0.10947644,-0.135227263,0.534603915,0,0,0.570633769,0.570633769,0.570633769,0.570633769,-0.570633769,-0.570633769,-0.570633769,-0.570633769
12.40024995,0.831780851,-0.223061204,0.100635424,-0.498253822,-0.49163874,-0.054896524,-1.06562159,4.711048126,-0.045086708,-0.104916692,0.485410197,0,0,0.485410094,0.485410094,0.485410094,0.485410094,-0.485410094,-0.485410094,-0.485410094,-0.485410094
12.45027995,0.848525286,-0.143283308,0.051290251,-0.506797791,-0.300133306,-0.058222068,-1.068012078,4.831606388,-0.035613991,-0.071509622,0.424264069,0,0,0.424263984,0.424263984,0.424263984,0.424263984,-0.424263984,-0.424263984,-0.424263984,-0.424263984
12.50004005,0.857877672,-0.061066616,0.001312591,-0.51021117,-0.106507903,-0.0600978,-1.069876156,4.839302063,-0.019532563,-0.046828672,0.352671151,0,0,0.352671087,0.352671087,0.352671087,0.352671087,-0.352671087,-0.352671087,-0.352671087,-0.352671087
12.55027008,0.857560039,0.061999053,-0.071635582,-0.505584419,0.180067458,-0.060208462,-1.070854729,4.689709663,0.027261088,0.012325566,0.2723943,0,0,0.352671087,0.352671087,0.352671087,0.352671087,-0.352671087,-0.352671087,-0.352671087,-0.352671087
12.60009002,0.833243132,0.216931164,-0.159473538,-0.482923746,0.542591375,-0.056267704,-1.066180661,4.468276024,0.080983035,0.039585888,0.185410197,0,0,0.185410157,0.185410157,0.185410157,0.185410157,-0.185410157,-0.185410157,-0.185410157,-0.185410157
12.65028,0.812812269,0.28678605,-0.197489172,-0.466999292,0.709669433,-0.053210568,-1.062707803,4.05018425,0.108144887,0.022327248,0.093860679,0,0,0.185410157,0.185410157,0.185410157,0.185410157,-0.185410157,-0.185410157,-0.185410157,-0.185410157
12.70032,0.783194542,0.362993658,-0.238418356,-0.444970608,0.897485627,-0.050434259,-1.057627849,3.558667898,0.099049099,0.035093091,-1.46E-13,0,0,-1.46E-13,-1.46E-13,-1.46E-13,-1.46E-13,1.46E-13,1.46E-13,1.46E-13,1.46E-13
12.74995994,0.75842303,0.414617062,-0.265706003,-0.426951855,1.029082316,-0.049011658,-1.05316951,3.11613059,0.110151909,0.022558179,-0.093860679,0,0,-1.46E-13,-1.46E-13,-1.46E-13,-1.46E-13,1.46E-13,1.46E-13,1.46E-13,1.46E-13
12.80002999,0.734174073,0.458265454,-0.288220733,-0.409768432,1.143607676,-0.047660981,-1.048809275,2.649442911,0.1161898,0.015660405,-0.185410197,0,0,-0.093860656,-0.093860656,-0.093860656,-0.093860656,0.093860656,0.093860656,0.093860656,0.093860656
12.85027003,0.711947441,0.493829966,-0.306067228,-0.39444375,1.239512246,-0.046247747,-1.044874079,2.184197426,0.126794875,0.002040717,-0.2723943,0,0,-0.27239424,-0.27239424,-0.27239424,-0.27239424,0.27239424,0.27239424,0.27239424,0.27239424
12.90001988,0.689066112,0.527597487,-0.322746903,-0.377708375,1.333369467,-0.046248394,-1.039230382,1.64634192,0.106936023,0.033808526,-0.352671151,0,0,-0.352671087,-0.352671087,-0.352671087,-0.352671087,0.352671087,0.352671087,0.352671087,0.352671087
12.95024991,0.66337198,0.562900305,-0.339658648,-0.357369393,1.434667287,-0.048332193,-1.030443017,0.960606039,0.088953257,0.044133533,-0.424264069,0,0,-0.352671087,-0.352671087,-0.352671087,-0.352671087,0.352671087,0.352671087,0.352671087,0.352671087
13,0.656360149,0.572717726,-0.343737513,-0.350757122,1.462776321,-0.049481744,-1.025978385,0.555790246,0.101172179,0.025390835,-0.485410197,0,0,-0.485410094,-0.485410094,-0.485410094,-0.485410094,0.485410094,0.485410094,0.485410094,0.485410094
13.04995989,0.654168904,0.576829076,-0.344901741,-0.346949935,1.473896723,-0.051008473,-1.021583336,0.087221719,0.112438962,0.049532209,-0.534603915,0,0,-0.534603775,-0.534603775,-0.534603775,-0.534603775,0.534603775,0.534603775,0.534603775,0.534603775
13.10026002,0.658870101,0.57353282,-0.341900438,-0.346488625,1.462101054,-0.053115729,-1.015914985,-0.565202475,0.101054467,0.049962852,-0.57063391,0,0,-0.570633769,-0.570633769,-0.570633769,-0.570633769,0.570633769,0.570633769,0.570633769,0.570633769
13.15006995,0.669709086,0.562640011,-0.335435122,-0.349870384,1.428255459,-0.055614407,-1.011052742,-1.089091778,0.107868783,0.146182671,-0.592613004,0,0,-0.592612863,-0.592612863,-0.592612863,-0.592612863,0.592612863,0.592612863,0.592612863,0.592612863
13.20034003,0.687010348,0.543513954,-0.326020569,-0.355415553,1.372518915,-0.061651415,-1.0053428,-1.659419894,0.091972277,0.191978514,-0.6,0,0,-0.599999845,-0.599999845,-0.599999845,-0.599999845,0.599999845,0.599999845,0.599999845,0.599999845
13.25031995,0.75639534,0.450359672,-0.279250175,-0.38348639,1.115534275,-0.077109827,-0.986570125,-3.362622261,0.136875749,0.285369307,-0.592613004,0,0,-0.592612863,-0.592612863,-0.592612863,-0.592612863,0.592612863,0.592612863,0.592612863,0.592612863
13.29994988,0.789904296,0.393950313,-0.250414163,-0.397677451,0.969015611,-0.082369222,-0.97618096,-3.691176891,0.236463666,0.018525938,-0.57063391,0,0,-0.570633769,-0.570633769,-0.570633769,-0.570633769,0.570633769,0.570633769,0.570633769,0.570633769
13.35004997,0.820376575,0.330960989,-0.214651361,-0.413970917,0.808072059,-0.078253287,-0.968130802,-4.223287582,0.23923254,0.055230673,-0.534603915,0,0,-0.534603775,-0.534603775,-0.534603775,-0.534603775,0.534603775,0.534603775,0.534603775,0.534603775
13.39993,0.84791261,0.258343309,-0.175252795,-0.428473622,0.631040552,-0.075884313,-0.960582324,-4.57104969,0.180281937,0.131072089,-0.485410197,0,0,-0.485410094,-0.485410094,-0.485410094,-0.485410094,0.485410094,0.485410094,0.485410094,0.485410094
13.44994998,0.872252882,0.162320122,-0.123403914,-0.444520772,0.404841078,-0.071029207,-0.957217135,-4.564281464,0.117251165,-0.072613746,-0.424264069,0,0,-0.424263984,-0.424263984,-0.424263984,-0.424263984,0.424263984,0.424263984,0.424263984,0.424263984
13.49994993,0.882978261,0.082728244,-0.079735018,-0.455135196,0.220938591,-0.065550418,-0.959142885,-4.647315502,0.128622323,-0.102520578,-0.352671151,0,0,-0.352671087,-0.352671087,-0.352671087,-0.352671087,0.352671087,0.352671087,0.352671087,0.352671087
13.55033993,0.882005811,-0.080827348,0.010022901,-0.464146703,-0.152728047,-0.05738247,-0.964445403,-4.669146061,0.062553197,-0.030732332,-0.2723943,0,0,-0.27239424,-0.27239424,-0.27239424,-0.27239424,0.27239424,0.27239424,0.27239424,0.27239424
13.60009002,0.867056668,-0.179840669,0.063889645,-0.460204631,-0.380328137,-0.054762493,-0.965369822,-4.454897881,0.035087202,0.015703673,-0.185410197,0,0,-0.185410157,-0.185410157,-0.185410157,-0.185410157,0.185410157,0.185410157,0.185410157,0.185410157
13.65018987,0.848830581,-0.252854496,0.103618182,-0.452564299,-0.55128708,-0.05298206,-0.964659157,-4.153526783,0.030141462,0.053552784,-0.093860679,0,0,-0.093860656,-0.093860656,-0.093860656,-0.093860656,0.093860656,0.093860656,0.093860656,0.093860656
13.70008993,0.826642394,-0.319033265,0.139702097,-0.441999435,-0.70995474,-0.051079902,-0.963091889,-3.783890009,0.008619608,0.063244492,1.74E-13,0,0,1.74E-13,1.74E-13,1.74E-13,1.74E-13,-1.74E-13,-1.74E-13,-1.74E-13,-1.74E-13
13.74993992,0.802298665,-0.377493799,0.171554103,-0.429400116,-0.85406777,-0.048936035,-0.960566924,-3.381710052,-0.013165218,0.089124881,0.093860679,0,0,0.093860656,0.093860656,0.093860656,0.093860656,-0.093860656,-0.093860656,-0.093860656,-0.093860656
13.79996991,0.771612644,-0.438396484,0.205144554,-0.412720948,-1.00984205,-0.045302036,-0.957281139,-2.836660385,-0.027431605,0.102142438,0.185410197,0,0,0.185410157,0.185410157,0.185410157,0.185410157,-0.185410157,-0.185410157,-0.185410157,-0.185410157
13.85023999,0.728109241,-0.509734154,0.244123131,-0.387855381,-1.200986783,-0.039920261,-0.951568463,-1.981528521,-0.041002076,0.08444719,0.2723943,0,0,0.27239424,0.27239424,0.27239424,0.27239424,-0.27239424,-0.27239424,-0.27239424,-0.27239424
13.90007996,0.710438311,-0.535102725,0.257984936,-0.3773413,-1.271945286,-0.037276576,-0.948971489,-1.609348893,-0.037838541,0.085868753,0.352671151,0,0,0.352671087,0.352671087,0.352671087,0.352671087,-0.352671087,-0.352671087,-0.352671087,-0.352671087
13.95025992,0.689595819,-0.563105524,0.273199856,-0.364323974,-1.35239421,-0.03351699,-0.945190098,-1.050277591,-0.057283059,0.060945023,0.424264069,0,0,0.424263984,0.424263984,0.424263984,0.424263984,-0.424263984,-0.424263984,-0.424263984,-0.424263984
14.00001001,0.680170059,-0.575181127,0.27965042,-0.358233541,-1.387759813,-0.031683951,-0.943171888,-0.708824456,-0.046950579,0.049417477,0.485410197,0,0,0.424263984,0.424263984,0.424263984,0.424263984,-0.424263984,-0.424263984,-0.424263984,-0.424263984
14.05028987,0.674993753,-0.581765771,0.282886595,-0.354834467,-1.406938041,-0.030972669,-0.941695838,-0.255939364,-0.021234157,0.011876971,0.534603915,0,0,0.485410094,0.485410094,0.485410094,0.485410094,-0.485410094,-0.485410094,-0.485410094,-0.485410094
14.10028004,0.675123513,-0.581861496,0.28251788,-0.354724377,-1.406739266,-0.031337106,-0.940978154,0.270276546,-0.015275183,-0.025345389,0.57063391,0,0,0.570633769,0.570633769,0.570633769,0.570633769,-0.570633769,-0.570633769,-0.570633769,-0.570633769
14.15026998,0.698642015,-0.552580953,0.263736129,-0.370131314,-1.317701712,-0.040551848,-0.942984621,1.835138559,0.086485676,-0.220605955,0.592613004,0,0,0.592612863,0.592612863,0.592612863,0.592612863,-0.592612863,-0.592612863,-0.592612863,-0.592612863
14.20009994,0.719419718,-0.523506641,0.245097175,-0.385101944,-1.23220252,-0.050572921,-0.947155589,2.576566219,0.066117324,-0.389487237,0.6,0,0,0.599999845,0.599999845,0.599999845,0.599999845,-0.599999845,-0.599999845,-0.599999845,-0.599999845
14.25026989,0.743781507,-0.485371023,0.22016795,-0.403398693,-1.123231144,-0.064126289,-0.953563347,2.965787411,0.03044687,-0.385838181,0.592613004,0,0,0.592612863,0.592612863,0.592612863,0.592612863,-0.592612863,-0.592612863,-0.592612863,-0.592612863
14.30010986,0.775295854,-0.429345489,0.198511615,-0.418535769,-0.984538258,-0.051605312,-0.962338232,2.134951353,0.473585665,0.974271357,0.57063391,0,0,0.570633769,0.570633769,0.570633769,0.570633769,-0.570633769,-0.570633769,-0.570633769,-0.570633769
14.34998989,0.800751209,-0.381614447,0.193287253,-0.419294715,-0.884009593,-0.010468028,-0.959785809,2.764972448,0.564568162,0.690854371,0.534603915,0,0,0.534603775,0.534603775,0.534603775,0.534603775,-0.534603775,-0.534603775,-0.534603775,-0.534603775
14.40035987,0.825345993,-0.324492306,0.178979501,-0.425998956,-0.759075273,0.018974399,-0.960530125,3.403680801,0.490500838,0.382718861,0.485410197,0,0,0.485410094,0.485410094,0.485410094,0.485410094,-0.485410094,-0.485410094,-0.485410094,-0.485410094
14.45009994,0.846448839,-0.260597885,0.158260882,-0.436539471,-0.618499189,0.040407945,-0.965217244,3.629286528,0.521161675,0.141183779,0.424264069,0,0,0.424263984,0.424263984,0.424263984,0.424263984,-0.424263984,-0.424263984,-0.424263984,-0.424263984
14.50037002,0.875017166,-0.101164557,0.09545587,-0.463679671,-0.269529949,0.073300778,-0.984518411,4.101327896,0.372810066,-0.146710053,0.352671151,0,0,0.424263984,0.424263984,0.424263984,0.424263984,-0.424263984,-0.424263984,-0.424263984,-0.424263984
14.55005002,0.878418088,-0.02613087,0.063371979,-0.472951442,-0.10645163,0.086725574,-0.992430286,4.143207073,0.374504358,-0.106026709,0.2723943,0,0,0.27239424,0.27239424,0.27239424,0.27239424,-0.27239424,-0.27239424,-0.27239424,-0.27239424
14.60013008,0.876239061,0.050016701,0.029733846,-0.478350967,0.059539926,0.100126173,-0.996417027,4.173574448,0.328782976,-0.086427145,0.185410197,0,0,0.185410157,0.185410157,0.185410157,0.185410157,-0.185410157,-0.185410157,-0.185410157,-0.185410157
14.65002989,0.867973447,0.125256777,-0.004703121,-0.480531842,0.225270367,0.112452209,-0.998511032,4.084079742,0.285622954,-0.106713645,0.093860679,0,0,0.093860656,0.093860656,0.093860656,0.093860656,-0.093860656,-0.093860656,-0.093860656,-0.093860656
14.70004987,0.845712662,0.229906395,-0.054199044,-0.478514075,0.460521609,0.128708308,-0.999592119,3.716187954,0.207346722,-0.107154645,-2.01E-13,0,0,-2.01E-13,-2.01E-13,-2.01E-13,-2.01E-13,2.01E-13,2.01E-13,2.01E-13,2.01E-13
14.75033998,0.826409638,0.291501284,-0.084338367,-0.47430113,0.603053041,0.137556029,-0.999216987,3.38503623,0.182173938,-0.105919257,-0.093860679,0,0,-2.01E-13,-2.01E-13,-2.01E-13,-2.01E-13,2.01E-13,2.01E-13,2.01E-13,2.01E-13
14.80009985,0.784648955,0.390786707,-0.134817675,-0.461991638,0.842361525,0.150073938,-0.996936134,2.569446802,0.05801703,-0.030830558,-0.185410197,0,0,-0.185410157,-0.185410157,-0.185410157,-0.185410157,0.185410157,0.185410157,0.185410157,0.185410157
14.85005998,0.760864735,0.435637414,-0.159699917,-0.453653067,0.95678883,0.152830643,-0.995924275,2.059181452,0.039196804,-0.027482243,-0.2723943,0,0,-0.27239424,-0.27239424,-0.27239424,-0.27239424,0.27239424,0.27239424,0.27239424,0.27239424
14.90013003,0.743959904,0.464102954,-0.175748736,-0.447487146,1.031471357,0.154473761,-0.995342523,1.7074579,0.024800766,-0.022918006,-0.352671151,0,0,-0.352671087,-0.352671087,-0.352671087,-0.352671087,0.352671087,0.352671087,0.352671087,0.352671087
14.95000004,0.729394019,0.486813039,-0.18889606,-0.441945493,1.092570107,0.155354488,-0.994927992,1.360778332,0.012386597,-0.005578997,-0.424264069,0,0,-0.424263984,-0.424263984,-0.424263984,-0.424263984,0.424263984,0.424263984,0.424263984,0.424263984
15.00002002,0.717883229,0.503732562,-0.198751777,-0.437487304,1.138907166,0.156024291,-0.994617922,0.973826051,-0.003926457,-0.032675274,-0.485410197,0,0,-0.485410094,-0.485410094,-0.485410094,-0.485410094,0.485410094,0.485410094,0.485410094,0.485410094
15.05023002,0.70938468,0.51564765,-0.205813035,-0.434191376,1.172078853,0.156415276,-0.994538638,0.364137471,-0.005766749,-0.008259715,-0.534603915,0,0,-0.534603775,-0.534603775,-0.534603775,-0.534603775,0.534603775,0.534603775,0.534603775,0.534603775
15.10041999,0.714340687,0.508886099,-0.202539667,-0.435580164,1.153979251,0.154571497,-0.994415717,-0.831608534,-0.012786688,0.043181341,-0.57063391,0,0,-0.570633769,-0.570633769,-0.570633769,-0.570633769,0.570633769,0.570633769,0.570633769,0.570633769
15.15023994,0.727483869,0.490301877,-0.192066446,-0.439865857,1.103294519,0.152473703,-0.993707184,-1.614209771,-0.013661393,0.054582238,-0.592613004,0,0,-0.592612863,-0.592612863,-0.592612863,-0.592612863,0.592612863,0.592612863,0.592612863,0.592612863
15.20044994,0.752810776,0.451294482,-0.169656113,-0.448136508,0.99899858,0.149602538,-0.992151807,-2.511424541,-0.003425782,0.05586081,-0.6,0,0,-0.599999845,-0.599999845,-0.599999845,-0.599999845,0.599999845,0.599999845,0.599999845,0.599999845
15.25025987,0.777909338,0.407311767,-0.14430204,-0.4562141,0.88480258,0.147671023,-0.990757841,-3.16652751,-0.000631811,0.045011315,-0.592613004,0,0,-0.592612863,-0.592612863,-0.592612863,-0.592612863,0.592612863,0.592612863,0.592612863,0.592612863
15.30069995,0.804452419,0.352758169,-0.113304675,-0.464306295,0.747741394,0.145795154,-0.989643405,-3.686635256,-0.008805128,0.04837307,-0.57063391,0,0,-0.570633769,-0.570633769,-0.570633769,-0.570633769,0.570633769,0.570633769,0.570633769,0.570633769
15.35061001,0.829962194,0.288840979,-0.077530406,-0.470874548,0.592252536,0.143816346,-0.988177354,-4.072825432,-0.027459985,0.061851263,-0.534603915,0,0,-0.534603775,-0.534603775,-0.534603775,-0.534603775,0.534603775,0.534603775,0.534603775,0.534603775
15.40023994,0.875497758,0.098216526,0.025814842,-0.472430974,0.149567988,0.138444533,-0.979279661,-4.723928452,-0.005368921,0.134786993,-0.485410197,0,0,-0.485410094,-0.485410094,-0.485410094,-0.485410094,0.485410094,0.485410094,0.485410094,0.485410094
15.45010996,0.882293284,0.014892637,0.070627287,-0.465132952,-0.039816862,0.138928542,-0.973089434,-4.80100584,0.025911033,0.154557988,-0.424264069,0,0,-0.424263984,-0.424263984,-0.424263984,-0.424263984,0.424263984,0.424263984,0.424263984,0.424263984
15.50012993,0.881175339,-0.068192594,0.114846654,-0.453531116,-0.228586903,0.141011949,-0.966872833,-4.741971016,0.03590754,0.163140327,-0.352671151,0,0,-0.352671087,-0.352671087,-0.352671087,-0.352671087,0.352671087,0.352671087,0.352671087,0.352671087
15.55007004,0.869124293,-0.169630677,0.167600945,-0.433311343,-0.46091018,0.144832065,-0.959028484,-4.609723091,0.003722331,0.174523368,-0.2723943,0,0,-0.27239424,-0.27239424,-0.27239424,-0.27239424,0.27239424,0.27239424,0.27239424,0.27239424
15.6003499,0.851728737,-0.246927917,0.206495643,-0.413454473,-0.640916694,0.148110516,-0.953084958,-4.417384148,-0.015704416,0.158125237,-0.185410197,0,0,-0.185410157,-0.185410157,-0.185410157,-0.185410157,0.185410157,0.185410157,0.185410157,0.185410157
15.65009999,0.828972161,-0.318342924,0.241130814,-0.391559392,-0.810865014,0.151054954,-0.947492124,-4.104124069,-0.05022011,0.146020845,-0.093860679,0,0,-0.093860656,-0.093860656,-0.093860656,-0.093860656,0.093860656,0.093860656,0.093860656,0.093860656
15.70015001,0.767032146,-0.451833516,0.302051753,-0.340988755,-1.143684558,0.155856672,-0.937058846,-3.428794622,-0.086014234,0.085924074,2.25E-13,0,0,2.25E-13,2.25E-13,2.25E-13,2.25E-13,-2.25E-13,-2.25E-13,-2.25E-13,-2.25E-13
15.74997997,0.739093244,-0.498134464,0.321551353,-0.319700092,-1.265419144,0.157455372,-0.932076492,-2.881622553,-0.114764512,0.064756863,0.093860679,0,0,0.093860656,0.093860656,0.093860656,0.093860656,-0.093860656,-0.093860656,-0.093860656,-0.093860656
15.80028987,0.713132143,-0.536684871,0.336641371,-0.300140887,-1.369649893,0.158642002,-0.926395544,-2.418055058,-0.144675598,0.054634444,0.185410197,0,0,0.185410157,0.185410157,0.185410157,0.185410157,-0.185410157,-0.185410157,-0.185410157,-0.185410157
15.85014987,0.689875364,-0.568107009,0.348138899,-0.283065051,-1.457003939,0.159396517,-0.921009539,-2.000380278,-0.118592501,0.026997207,0.2723943,0,0,0.27239424,0.27239424,0.27239424,0.27239424,-0.27239424,-0.27239424,-0.27239424,-0.27239424
15.90012002,0.661633492,-0.603736877,0.359462053,-0.261782408,-1.558055009,0.160253906,-0.911753592,-1.431577682,-0.157372758,0.003141912,0.352671151,0,0,0.352671087,0.352671087,0.352671087,0.352671087,-0.352671087,-0.352671087,-0.352671087,-0.352671087
15.95011997,0.646811306,-0.621382356,0.364144027,-0.250834972,-1.608723705,0.160018129,-0.90607171,-1.138527989,-0.128430158,-0.028841203,0.424264069,0,0,0.424263984,0.424263984,0.424263984,0.424263984,-0.424263984,-0.424263984,-0.424263984,-0.424263984
16.00035,0.634504557,-0.636087298,0.366541445,-0.241753191,-1.649783428,0.158251823,-0.899271785,-0.784090281,-0.130140826,-0.053322326,0.485410197,0,0,0.424263984,0.424263984,0.424263984,0.424263984,-0.424263984,-0.424263984,-0.424263984,-0.424263984
16.05017995,0.629920959,-0.643506169,0.364284784,-0.237478763,-1.665665312,0.153910042,-0.890222602,0.035087019,-0.153279319,-0.103215896,0.534603915,0,0,0.534603775,0.534603775,0.534603775,0.534603775,-0.534603775,-0.534603775,-0.534603775,-0.534603775
16.10045004,0.639650106,-0.637063026,0.355608463,-0.241952732,-1.636162379,0.147182514,-0.880340156,0.893574536,-0.164982721,-0.144223899,0.57063391,0,0,0.570633769,0.570633769,0.570633769,0.570633769,-0.570633769,-0.570633769,-0.570633769,-0.570633769
16.15015006,0.655618131,-0.622624576,0.345607251,-0.251116335,-1.585150319,0.140936425,-0.874537729,1.554630995,-0.149048954,-0.165242091,0.592613004,0,0,0.592612863,0.592612863,0.592612863,0.592612863,-0.592612863,-0.592612863,-0.592612863,-0.592612863
16.20042991,0.678610265,-0.599046409,0.33227253,-0.265003115,-1.508724579,0.133868224,-0.87042317,2.196660995,-0.08823584,-0.198285535,0.6,0,0,0.599999845,0.599999845,0.599999845,0.599999845,-0.599999845,-0.599999845,-0.599999845,-0.599999845
16.25008988,0.70714879,-0.566247702,0.314852804,-0.283147097,-1.408359086,0.124957655,-0.867898599,2.805786133,-0.070451349,-0.222217008,0.592613004,0,0,0.592612863,0.592612863,0.592612863,0.592612863,-0.592612863,-0.592612863,-0.592612863,-0.592612863
16.30025005,0.74802804,-0.511422336,0.287902206,-0.309860855,-1.252285415,0.114025227,-0.867946432,3.450079203,-0.027582135,-0.194340065,0.57063391,0,0,0.592612863,0.592612863,0.592612863,0.592612863,-0.592612863,-0.592612863,-0.592612863,-0.592612863
16.35008001,0.814802706,-0.394108713,0.235004365,-0.354327649,-0.949562063,0.103863772,-0.873810927,4.06743145,0.062921174,-0.123574361,0.534603915,0,0,0.534603775,0.534603775,0.534603775,0.534603775,-0.534603775,-0.534603775,-0.534603775,-0.534603775
16.40009999,0.844075322,-0.324039757,0.204540506,-0.375097841,-0.781240068,0.10238071,-0.878545086,4.325639248,0.088804647,-0.093126751,0.485410197,0,0,0.485410094,0.485410094,0.485410094,0.485410094,-0.485410094,-0.485410094,-0.485410094,-0.485410094
16.45015001,0.873184741,-0.227557197,0.164156035,-0.398521274,-0.560006307,0.105499889,-0.886689499,4.533195496,0.180493519,-0.102140553,0.424264069,0,0,0.424263984,0.424263984,0.424263984,0.424263984,-0.424263984,-0.424263984,-0.424263984,-0.424263984
16.50022006,0.888765097,-0.146266788,0.130686715,-0.41427502,-0.379621105,0.111340106,-0.893775754,4.511584759,0.156140387,-0.061443768,0.352671151,0,0,0.352671087,0.352671087,0.352671087,0.352671087,-0.352671087,-0.352671087,-0.352671087,-0.352671087
16.55010986,0.897462368,-0.063459873,0.096194983,-0.4257707,-0.198513425,0.118904025,-0.89779859,4.532478809,0.176525295,-0.017002314,0.2723943,0,0,0.27239424,0.27239424,0.27239424,0.27239424,-0.27239424,-0.27239424,-0.27239424,-0.27239424
16.60018992,0.899107754,0.019779116,0.060828689,-0.433028877,-0.017253525,0.126852875,-0.898768486,4.517958641,0.214469865,-0.001288958,0.185410197,0,0,0.185410157,0.185410157,0.185410157,0.185410157,-0.185410157,-0.185410157,-0.185410157,-0.185410157
16.65006995,0.877017558,0.198261067,-0.017483775,-0.437295228,0.375570648,0.143219187,-0.897819993,4.145740032,0.152629524,-0.028807053,0.093860679,0,0,0.093860656,0.093860656,0.093860656,0.093860656,-0.093860656,-0.093860656,-0.093860656,-0.093860656
16.70029997,0.859969378,0.26541996,-0.052087549,-0.432772368,0.531224755,0.140608301,-0.894165493,3.563849211,-0.50113976,0.527119219,-2.52E-13,0,0,-2.52E-13,-2.52E-13,-2.52E-13,-2.52E-13,2.52E-13,2.52E-13,2.52E-13,2.52E-13
16.75011992,0.847897232,0.306107789,-0.092287995,-0.422908098,0.643889659,0.102589309,-0.891085496,2.53470397,-0.830651879,0.594802678,-0.093860679,0,0,-0.093860656,-0.093860656,-0.093860656,-0.093860656,0.093860656,0.093860656,0.093860656,0.093860656
16.80014991,0.828843534,0.356170237,-0.14403908,-0.406711102,0.787375223,0.050967121,-0.891181111,2.18494463,-0.55341357,0.508317351,-0.185410197,0,0,-0.185410157,-0.185410157,-0.185410157,-0.185410157,0.185410157,0.185410157,0.185410157,0.185410157
16.85010004,0.816560566,0.38345176,-0.171832845,-0.395812124,0.867091891,0.022927866,-0.892101609,1.821435928,-0.448334605,0.480039835,-0.2723943,0,0,-0.27239424,-0.27239424,-0.27239424,-0.27239424,0.27239424,0.27239424,0.27239424,0.27239424
16.90012002,0.805843234,0.404875904,-0.195280224,-0.385432422,0.932429777,-0.002625896,-0.893591334,1.48184967,-0.401820511,0.457771361,-0.352671151,0,0,-0.352671087,-0.352671087,-0.352671087,-0.352671087,0.352671087,0.352671087,0.352671087,0.352671087
16.95012998,0.788266897,0.435772121,-0.235663608,-0.364966959,1.03577485,-0.053472255,-0.897693942,0.812440515,-0.312201768,0.413455993,-0.424264069,0,0,-0.424263984,-0.424263984,-0.424263984,-0.424263984,0.424263984,0.424263984,0.424263984,0.424263984
17.00008988,0.784599364,0.441230148,-0.248213634,-0.357924491,1.0601525,-0.07370908,-0.899182992,0.43316704,-0.267754525,0.400684029,-0.485410197,0,0,-0.485410094,-0.485410094,-0.485410094,-0.485410094,0.485410094,0.485410094,0.485410094,0.485410094
17.05005002,0.784706593,0.439828962,-0.256800592,-0.353326708,1.066413329,-0.092350788,-0.900683944,-0.047294807,-0.239676267,0.378941774,-0.534603915,0,0,-0.534603775,-0.534603775,-0.534603775,-0.534603775,0.534603775,0.534603775,0.534603775,0.534603775
17.10011005,0.789014637,0.430909932,-0.261314392,-0.351408064,1.052915012,-0.109731357,-0.901818443,-0.632847905,-0.224077746,0.335084707,-0.57063391,0,0,-0.570633769,-0.570633769,-0.570633769,-0.570633769,0.570633769,0.570633769,0.570633769,0.570633769
17.15016007,0.801025331,0.406742513,-0.259387195,-0.354453593,1.001622855,-0.127554327,-0.90308271,-1.424813867,-0.189842373,0.25236842,-0.592613004,0,0,-0.592612863,-0.592612863,-0.592612863,-0.592612863,0.592612863,0.592612863,0.592612863,0.592612863
17.20018005,0.815515161,0.376049429,-0.251312643,-0.361059487,0.931545319,-0.138791254,-0.903445272,-2.049643993,-0.156885579,0.186103046,-0.6,0,0,-0.599999845,-0.599999845,-0.599999845,-0.599999845,0.599999845,0.599999845,0.599999845,0.599999845
17.25010991,0.846629441,0.29709217,-0.223539516,-0.380769253,0.749442656,-0.152857668,-0.905506198,-3.054927111,-0.15081352,0.06237641,-0.592613004,0,0,-0.592612863,-0.592612863,-0.592612863,-0.592612863,0.592612863,0.592612863,0.592612863,0.592612863
17.30001998,0.875653625,0.189681545,-0.180335283,-0.405870318,0.50632929,-0.162565376,-0.910201262,-3.871004343,-0.119665712,0.020786455,-0.57063391,0,0,-0.570633769,-0.570633769,-0.570633769,-0.570633769,0.570633769,0.570633769,0.570633769,0.570633769
17.35009002,0.887871265,0.116480656,-0.148780078,-0.419501662,0.343048773,-0.167245996,-0.91181805,-4.298504829,-0.136168972,0.019633118,-0.534603915,0,0,-0.534603775,-0.534603775,-0.534603775,-0.534603775,0.534603775,0.534603775,0.534603775,0.534603775
17.40022993,0.894330502,0.036368147,-0.113230169,-0.431311488,0.165922655,-0.172005225,-0.9130692,-4.534045696,-0.110684931,-0.011789863,-0.485410197,0,0,-0.485410094,-0.485410094,-0.485410094,-0.485410094,0.485410094,0.485410094,0.485410094,0.485410094
17.45001006,0.893591404,-0.0476433,-0.074978337,-0.440003365,-0.019470732,-0.176846752,-0.91337019,-4.691580296,-0.111468777,0.007865624,-0.424264069,0,0,-0.424263984,-0.424263984,-0.424263984,-0.424263984,0.424263984,0.424263984,0.424263984,0.424263984
17.49998998,0.887907803,-0.111736745,-0.045190912,-0.443951249,-0.161613704,-0.180439553,-0.912638353,-4.753409863,-0.089367278,0.024118416,-0.352671151,0,0,-0.352671087,-0.352671087,-0.352671087,-0.352671087,0.352671087,0.352671087,0.352671087,0.352671087
17.55001998,0.85780555,-0.257572263,0.025276354,-0.444057912,-0.492163157,-0.186468301,-0.908399548,-4.628839016,-0.090371564,0.029557364,-0.2723943,0,0,-0.27239424,-0.27239424,-0.27239424,-0.27239424,0.27239424,0.27239424,0.27239424,0.27239424
17.60003996,0.807640314,-0.390188277,0.091991998,-0.432444066,-0.80789858,-0.190017709,-0.90176972,-4.355795383,-0.077534109,0.060927421,-0.185410197,0,0,-0.185410157,-0.185410157,-0.185410157,-0.185410157,0.185410157,0.185410157,0.185410157,0.185410157
17.65001988,0.773139834,-0.456146598,0.127125561,-0.42192933,-0.974489697,-0.189483383,-0.898510311,-4.036311626,-0.030133255,0.057917334,-0.093860679,0,0,-0.093860656,-0.093860656,-0.093860656,-0.093860656,0.093860656,0.093860656,0.093860656,0.093860656
17.70015001,0.727383614,-0.526714444,0.166815415,-0.407010674,-1.163190407,-0.187170117,-0.897038663,-3.544887543,0.019364869,0.054172598,2.80E-13,0,0,2.80E-13,2.80E-13,2.80E-13,2.80E-13,-2.80E-13,-2.80E-13,-2.80E-13,-2.80E-13
17.74988007,0.690879583,-0.573586047,0.194548473,-0.394760251,-1.296439546,-0.185093818,-0.897870321,-3.131951809,0.060210537,0.035288274,0.093860679,0,0,0.093860656,0.093860656,0.093860656,0.093860656,-0.093860656,-0.093860656,-0.093860656,-0.093860656
17.79997992,0.656775594,-0.612017453,0.217850387,-0.382912189,-1.411506791,-0.18356948,-0.899125803,-2.654197931,0.042042956,0.022543261,0.185410197,0,0,0.185410157,0.185410157,0.185410157,0.185410157,-0.185410157,-0.185410157,-0.185410157,-0.185410157
17.85013985,0.625784397,-0.642906666,0.237390265,-0.372438967,-1.509096126,-0.182792992,-0.901795061,-2.260356903,0.068952985,0.002438578,0.2723943,0,0,0.27239424,0.27239424,0.27239424,0.27239424,-0.27239424,-0.27239424,-0.27239424,-0.27239424
17.89995002,0.571528554,-0.689723313,0.268483877,-0.354335397,-1.668175409,-0.182912555,-0.908429495,-1.405652642,0.097886525,-0.017261513,0.352671151,0,0,0.352671087,0.352671087,0.352671087,0.352671087,-0.352671087,-0.352671087,-0.352671087,-0.352671087
17.95003986,0.554297745,-0.702423871,0.277641207,-0.349671334,-1.714693798,-0.184487953,-0.912625896,-0.979046702,0.104289517,-0.037826609,0.424264069,0,0,0.424263984,0.424263984,0.424263984,0.424263984,-0.424263984,-0.424263984,-0.424263984,-0.424263984
18.00008988,0.542155087,-0.710607231,0.284021884,-0.347040445,-1.745969187,-0.186327307,-0.916856226,-0.581804097,0.109770171,-0.010572376,0.485410197,0,0,0.485410094,0.485410094,0.485410094,0.485410094,-0.485410094,-0.485410094,-0.485410094,-0.485410094
18.05007004,0.534939826,-0.713610113,0.287920892,-0.348858088,-1.759605016,-0.191016023,-0.925113466,0.08064732,0.166381165,-0.084301852,0.534603915,0,0,0.534603775,0.534603775,0.534603775,0.534603775,-0.534603775,-0.534603775,-0.534603775,-0.534603775
18.10022998,0.539167702,-0.708541512,0.285433352,-0.354675949,-1.741898643,-0.196066136,-0.931162224,0.714848459,0.184825838,-0.114941627,0.57063391,0,0,0.570633769,0.570633769,0.570633769,0.570633769,-0.570633769,-0.570633769,-0.570633769,-0.570633769
18.15001988,0.548030138,-0.700132012,0.280385375,-0.361748874,-1.711678205,-0.200566645,-0.936104263,1.249909282,0.173629135,-0.141306296,0.592613004,0,0,0.592612863,0.592612863,0.592612863,0.592612863,-0.592612863,-0.592612863,-0.592612863,-0.592612863
18.20018005,0.614600539,-0.634953558,0.239756957,-0.402016014,-1.490108146,-0.217524847,-0.957754491,3.015425682,0.238300666,-0.189489543,0.6,0,0,0.599999845,0.599999845,0.599999845,0.599999845,-0.599999845,-0.599999845,-0.599999845,-0.599999845
18.25001001,0.652932942,-0.591548562,0.212525412,-0.422589481,-1.353902001,-0.224311028,-0.968302007,3.578530312,0.230824962,-0.226157129,0.592613004,0,0,0.592612863,0.592612863,0.592612863,0.592612863,-0.592612863,-0.592612863,-0.592612863,-0.592612863
18.30001998,0.693556368,-0.538537443,0.179498389,-0.443551034,-1.196949679,-0.230796658,-0.980206653,3.983193874,0.268888861,-0.258071244,0.57063391,0,0,0.570633769,0.570633769,0.570633769,0.570633769,-0.570633769,-0.570633769,-0.570633769,-0.570633769
18.34998989,0.733317196,-0.476300806,0.142179534,-0.463862747,-1.023703337,-0.235522355,-0.99529153,4.418314457,0.257255673,-0.264865011,0.534603915,0,0,0.534603775,0.534603775,0.534603775,0.534603775,-0.534603775,-0.534603775,-0.534603775,-0.534603775
18.40003991,0.778874338,-0.387219846,0.089835674,-0.48512429,-0.790035269,-0.237998475,-1.014490063,4.704632282,0.303817838,-0.293311656,0.485410197,0,0,0.485410094,0.485410094,0.485410094,0.485410094,-0.485410094,-0.485410094,-0.485410094,-0.485410094
18.44995999,0.808914661,-0.30858615,0.044573307,-0.498442501,-0.593673432,-0.23774627,-1.031440847,4.809166908,0.306963563,-0.327875227,0.424264069,0,0,0.424263984,0.424263984,0.424263984,0.424263984,-0.424263984,-0.424263984,-0.424263984,-0.424263984
18.50014996,0.846254051,-0.140415832,-0.048975002,-0.511604548,-0.193760414,-0.228549806,-1.065211869,4.943786621,0.266681075,-0.35425207,0.352671151,0,0,0.352671087,0.352671087,0.352671087,0.352671087,-0.352671087,-0.352671087,-0.352671087,-0.352671087
18.55005002,0.852718174,-0.033107549,-0.107269399,-0.510165811,0.054304205,-0.218455154,-1.084267065,4.827209949,0.218897164,-0.359194726,0.2723943,0,0,0.352671087,0.352671087,0.352671087,0.352671087,-0.352671087,-0.352671087,-0.352671087,-0.352671087
18.5999999,0.848778963,0.050009716,-0.151487529,-0.504108131,0.245326957,-0.208239966,-1.097640227,4.633645535,0.200789034,-0.374493629,0.185410197,0,0,0.185410157,0.185410157,0.185410157,0.185410157,-0.185410157,-0.185410157,-0.185410157,-0.185410157
18.65001988,0.837519228,0.128741533,-0.192446411,-0.494926125,0.426934989,-0.196175863,-1.110122161,4.322577477,0.172656879,-0.393386602,0.093860679,0,0,0.093860656,0.093860656,0.093860656,0.093860656,-0.093860656,-0.093860656,-0.093860656,-0.093860656
18.70000004,0.820554793,0.200614795,-0.229327187,-0.483583331,0.594894929,-0.183348593,-1.121431435,3.939321518,0.126012936,-0.412436008,-3.08E-13,0,0,-3.08E-13,-3.08E-13,-3.08E-13,-3.08E-13,3.08E-13,3.08E-13,3.08E-13,3.08E-13
18.74996996,0.788572252,0.292831361,-0.275647789,-0.465211958,0.815335391,-0.162999881,-1.136502639,3.316143274,0.074116364,-0.408678979,-0.093860679,0,0,-0.093860656,-0.093860656,-0.093860656,-0.093860656,0.093860656,0.093860656,0.093860656,0.093860656
18.79998994,0.743305564,0.386490583,-0.320464611,-0.442068309,1.046717993,-0.135106426,-1.151115052,2.421633244,0.048886318,-0.364065707,-0.185410197,0,0,-0.185410157,-0.185410157,-0.185410157,-0.185410157,0.185410157,0.185410157,0.185410157,0.185410157
18.84994006,0.723412752,0.420516253,-0.335985512,-0.4323816,1.133215674,-0.122773625,-1.155614902,1.954947114,0.040423162,-0.305509895,-0.2723943,0,0,-0.27239424,-0.27239424,-0.27239424,-0.27239424,0.27239424,0.27239424,0.27239424,0.27239424
18.89997005,0.706233859,0.447661191,-0.347660065,-0.424223721,1.202853801,-0.111472333,-1.158383277,1.568028569,0.051150501,-0.274977237,-0.352671151,0,0,-0.352671087,-0.352671087,-0.352671087,-0.352671087,0.352671087,0.352671087,0.352671087,0.352671087
18.95001006,0.688681185,0.473536491,-0.357981831,-0.416329801,1.269587017,-0.098937319,-1.160383144,1.096394181,0.0790857,-0.228397578,-0.424264069,0,0,-0.424263984,-0.424263984,-0.424263984,-0.424263984,0.424263984,0.424263984,0.424263984,0.424263984
18.99998998,0.678370178,0.488405854,-0.363087893,-0.411632001,1.307439797,-0.090653143,-1.160270678,0.770186841,0.068184011,-0.190554589,-0.485410197,0,0,-0.485410094,-0.485410094,-0.485410094,-0.485410094,0.485410094,0.485410094,0.485410094,0.485410094
19.04996991,0.672433257,0.497189522,-0.365057737,-0.409107536,1.328511051,-0.08424558,-1.159119182,0.296346128,0.055297472,-0.114895426,-0.534603915,0,0,-0.534603775,-0.534603775,-0.534603775,-0.534603775,0.534603775,0.534603775,0.534603775,0.534603775
19.09997987,0.672795475,0.498065025,-0.362300783,-0.409897357,1.326267327,-0.079280589,-1.15632108,-0.537154198,0.087991379,-0.033681106,-0.57063391,0,0,-0.570633769,-0.570633769,-0.570633769,-0.570633769,0.570633769,0.570633769,0.570633769,0.570633769
19.14998006,0.694317818,0.470490873,-0.343655169,-0.422448099,1.242845677,-0.079780457,-1.150341323,-1.645993829,-0.013603278,0.081209145,-0.592613004,0,0,-0.592612863,-0.592612863,-0.592612863,-0.592612863,0.592612863,0.592612863,0.592612863,0.592612863
19.19994998,0.714205623,0.441023797,-0.325891107,-0.434975356,1.159358454,-0.081929163,-1.147728049,-2.38693881,0.04774712,0.09269803,-0.6,0,0,-0.599999845,-0.599999845,-0.599999845,-0.599999845,0.599999845,0.599999845,0.599999845,0.599999845
19.24998998,0.738523066,0.400334179,-0.30250147,-0.45034337,1.049151317,-0.086340165,-1.145154387,-3.033986568,-0.020518949,0.147357196,-0.592613004,0,0,-0.592612863,-0.592612863,-0.592612863,-0.592612863,0.592612863,0.592612863,0.592612863,0.592612863
19.30027008,0.771430492,0.335177243,-0.266028613,-0.470935583,0.880670337,-0.094893708,-1.14090483,-3.664001703,-0.03546489,0.228361845,-0.57063391,0,0,-0.570633769,-0.570633769,-0.570633769,-0.570633769,0.570633769,0.570633769,0.570633769,0.570633769
19.34995985,0.793717742,0.279469669,-0.226676002,-0.490435451,0.732108925,-0.085815143,-1.13986263,-3.809132338,0.325757742,-0.313913524,-0.534603915,0,0,-0.570633769,-0.570633769,-0.570633769,-0.570633769,0.570633769,0.570633769,0.570633769,0.570633769
19.39998006,0.821455717,0.185515299,-0.158356264,-0.515478373,0.488337974,-0.06896171,-1.138003645,-4.146426201,0.240871653,-0.093922444,-0.485410197,0,0,-0.485410094,-0.485410094,-0.485410094,-0.485410094,0.485410094,0.485410094,0.485410094,0.485410094
19.45028996,0.84575671,0.04008545,-0.061117113,-0.52853924,0.13304992,-0.061044839,-1.121167068,-4.514188766,0.125975817,0.307396978,-0.424264069,0,0,-0.424263984,-0.424263984,-0.424263984,-0.424263984,0.424263984,0.424263984,0.424263984,0.424263984
19.50003004,0.849724531,-0.036224931,-0.012433226,-0.525834143,-0.048591172,-0.059260917,-1.106858311,-4.532750607,0.045585129,0.388461173,-0.352671151,0,0,-0.352671087,-0.352671087,-0.352671087,-0.352671087,0.352671087,0.352671087,0.352671087,0.352671087
19.54997992,0.847387433,-0.112196147,0.035238292,-0.51778847,-0.228997534,-0.056496818,-1.090497777,-4.502207756,-0.012929808,0.422452539,-0.2723943,0,0,-0.27239424,-0.27239424,-0.27239424,-0.27239424,0.27239424,0.27239424,0.27239424,0.27239424
19.60026002,0.83832413,-0.186786681,0.081857234,-0.505591691,-0.407676097,-0.051652755,-1.074709446,-4.407109737,-0.002695634,0.390569568,-0.185410197,0,0,-0.185410157,-0.185410157,-0.185410157,-0.185410157,0.185410157,0.185410157,0.185410157,0.185410157
19.65023994,0.818205953,-0.274934083,0.137377888,-0.485878587,-0.623558049,-0.042375019,-1.058087929,-4.157625198,0.017694464,0.37351644,-0.093860679,0,0,-0.093860656,-0.093860656,-0.093860656,-0.093860656,0.093860656,0.093860656,0.093860656,0.093860656
19.70002985,0.797222435,-0.337988138,0.177747056,-0.467553496,-0.783117291,-0.032652996,-1.047352477,-3.804331779,0.01056571,0.357533157,3.35E-13,0,0,3.35E-13,3.35E-13,3.35E-13,3.35E-13,-3.35E-13,-3.35E-13,-3.35E-13,-3.35E-13
19.74995994,0.749034047,-0.440415621,0.245476738,-0.429794729,-1.056893723,-0.010835965,-1.035535507,-3.022329569,0.060070455,0.267928749,0.093860679,0,0,0.093860656,0.093860656,0.093860656,0.093860656,-0.093860656,-0.093860656,-0.093860656,-0.093860656
19.79999995,0.719566643,-0.488297522,0.278315872,-0.407835573,-1.193710439,0.002243438,-1.032793202,-2.474889994,0.048136041,0.245940298,0.185410197,0,0,0.093860656,0.093860656,0.093860656,0.093860656,-0.093860656,-0.093860656,-0.093860656,-0.093860656
19.85019993,0.698498428,-0.51835233,0.299614161,-0.391972154,-1.283765778,0.012200985,-1.031867932,-2.092314959,0.06016127,0.236244023,0.2723943,0,0,0.185410157,0.185410157,0.185410157,0.185410157,-0.185410157,-0.185410157,-0.185410157,-0.185410157
19.90000987,0.679898202,-0.54253006,0.317371011,-0.377723843,-1.359300034,0.021708584,-1.031745467,-1.717825055,0.055707291,0.216169059,0.352671151,0,0,0.352671087,0.352671087,0.352671087,0.352671087,-0.352671087,-0.352671087,-0.352671087,-0.352671087
19.95021987,0.664260685,-0.561546326,0.331700474,-0.365237445,-1.420884932,0.030480394,-1.031664291,-1.377808094,0.023906691,0.201512203,0.424264069,0,0,0.352671087,0.352671087,0.352671087,0.352671087,-0.352671087,-0.352671087,-0.352671087,-0.352671087
20.00001001,0.649349332,-0.578433156,0.34519729,-0.352986723,-1.478081577,0.039959434,-1.032250767,-0.929473579,0.035164513,0.163283244,0.485410197,0,0,0.424263984,0.424263984,0.424263984,0.424263984,-0.424263984,-0.424263984,-0.424263984,-0.424263984
20.05016994,0.639075816,-0.588747323,0.356037289,-0.343796641,-1.517475664,0.050272111,-1.034765131,-0.052177917,0.03307835,0.092377536,0.534603915,0,0,0.534603775,0.534603775,0.534603775,0.534603775,-0.534603775,-0.534603775,-0.534603775,-0.534603775
20.09997987,0.642534316,-0.584622204,0.355355293,-0.345093131,-1.506783071,0.053182786,-1.035625707,0.520188332,0.022564085,0.052746385,0.57063391,0,0,0.570633769,0.570633769,0.570633769,0.570633769,-0.570633769,-0.570633769,-0.570633769,-0.570633769
20.14990997,0.660619557,-0.563620746,0.345432132,-0.355795503,-1.444248597,0.055359244,-1.036829161,1.475145102,0.018768771,-0.003674628,0.592613004,0,0,0.592612863,0.592612863,0.592612863,0.592612863,-0.592612863,-0.592612863,-0.592612863,-0.592612863
20.19999003,0.681027651,-0.538367391,0.332258612,-0.368736029,-1.369603812,0.055552257,-1.037865697,2.149157763,0.009769958,-0.0163764,0.6,0,0,0.599999845,0.599999845,0.599999845,0.599999845,-0.599999845,-0.599999845,-0.599999845,-0.599999845
20.24993992,0.706664681,-0.503665388,0.313515723,-0.385557532,-1.269767748,0.054744321,-1.039250891,2.770720482,0.039791401,-0.048814811,0.592613004,0,0,0.592612863,0.592612863,0.592612863,0.592612863,-0.592612863,-0.592612863,-0.592612863,-0.592612863
20.29994988,0.735507727,-0.459684491,0.289020777,-0.405198514,-1.147372978,0.052651391,-1.041110055,3.329855442,-0.002005703,-0.08907941,0.57063391,0,0,0.570633769,0.570633769,0.570633769,0.570633769,-0.570633769,-0.570633769,-0.570633769,-0.570633769
20.35011005,0.788923919,-0.349410444,0.201380178,-0.463634938,-0.830197654,-0.006250542,-1.059868425,3.889081001,-0.298434228,-0.894575655,0.534603915,0,0,0.534603775,0.534603775,0.534603775,0.534603775,-0.534603775,-0.534603775,-0.534603775,-0.534603775
20.40001988,0.808091283,-0.289054006,0.154520214,-0.489448756,-0.667169438,-0.033227476,-1.077662889,4.212537289,-0.024250261,-0.648616195,0.485410197,0,0,0.485410094,0.485410094,0.485410094,0.485410094,-0.485410094,-0.485410094,-0.485410094,-0.485410094
20.44995999,0.824130833,-0.221094221,0.108401261,-0.510073602,-0.495565273,-0.046892182,-1.096570045,4.306175232,-0.013676354,-0.555808604,0.424264069,0,0,0.424263984,0.424263984,0.424263984,0.424263984,-0.424263984,-0.424263984,-0.424263984,-0.424263984
20.50010991,0.834658086,-0.149074927,0.060044378,-0.526799023,-0.317951192,-0.056862639,-1.116907873,4.450400352,-0.055481788,-0.564925373,0.352671151,0,0,0.352671087,0.352671087,0.352671087,0.352671087,-0.352671087,-0.352671087,-0.352671087,-0.352671087
20.54994988,0.839045107,-0.056314256,-0.002357505,-0.541134655,-0.09227409,-0.064948934,-1.142621538,4.496346951,-0.080791548,-0.511772692,0.2723943,0,0,0.27239424,0.27239424,0.27239424,0.27239424,-0.27239424,-0.27239424,-0.27239424,-0.27239424
20.60001993,0.835422695,0.018241467,-0.052507341,-0.546790063,0.088216639,-0.067835141,-1.162069414,4.433170795,-0.080362365,-0.452946991,0.185410197,0,0,0.185410157,0.185410157,0.185410157,0.185410157,-0.185410157,-0.185410157,-0.185410157,-0.185410157
20.65000987,0.815552473,0.142476022,-0.136237845,-0.544071853,0.3914202,-0.067234467,-1.1899675,4.096019745,-0.068983741,-0.330120265,0.093860679,0,0,0.093860656,0.093860656,0.093860656,0.093860656,-0.093860656,-0.093860656,-0.093860656,-0.093860656
20.70009994,0.787868738,0.237661898,-0.196931913,-0.532914221,0.625299608,-0.057037102,-1.207863138,3.416090488,0.408663392,-0.620870769,-3.63E-13,0,0,-3.63E-13,-3.63E-13,-3.63E-13,-3.63E-13,3.63E-13,3.63E-13,3.63E-13,3.63E-13
20.75005006,0.766861916,0.293056488,-0.218528092,-0.527528644,0.748112676,-0.025973272,-1.215321453,2.887047291,0.464863718,-0.62642628,-0.093860679,0,0,-0.093860656,-0.093860656,-0.093860656,-0.093860656,0.093860656,0.093860656,0.093860656,0.093860656
20.80009007,0.745354772,0.340801567,-0.23755081,-0.521411657,0.856814416,0.001276561,-1.220262482,2.538114071,0.341835499,-0.541449606,-0.185410197,0,0,-0.185410157,-0.185410157,-0.185410157,-0.185410157,0.185410157,0.185410157,0.185410157,0.185410157
20.85007,0.724820673,0.380763203,-0.253072351,-0.515372634,0.949440027,0.025608519,-1.22302571,2.119303226,0.266533673,-0.500409901,-0.2723943,0,0,-0.27239424,-0.27239424,-0.27239424,-0.27239424,0.27239424,0.27239424,0.27239424,0.27239424
20.90009999,0.697744608,0.42683059,-0.270047426,-0.507978797,1.058050441,0.056824086,-1.225356698,1.552440763,0.206405789,-0.428994238,-0.352671151,0,0,-0.352671087,-0.352671087,-0.352671087,-0.352671087,0.352671087,0.352671087,0.352671087,0.352671087
20.95008993,0.682510078,0.450152278,-0.277947724,-0.504269779,1.113586984,0.074661477,-1.226159006,1.258647323,0.165619761,-0.389786184,-0.424264069,0,0,-0.424263984,-0.424263984,-0.424263984,-0.424263984,0.424263984,0.424263984,0.424263984,0.424263984
21.0002799,0.660611331,0.480976045,-0.285108358,-0.500967264,1.184411362,0.105409954,-1.226682327,0.549727023,0.108035669,-0.315378666,-0.485410197,0,0,-0.485410094,-0.485410094,-0.485410094,-0.485410094,0.485410094,0.485410094,0.485410094,0.485410094
21.04997992,0.654863298,0.488606542,-0.28253603,-0.502584517,1.196557651,0.12138507,-1.226378322,0.030656904,0.097989298,-0.286637247,-0.534603915,0,0,-0.534603775,-0.534603775,-0.534603775,-0.534603775,0.534603775,0.534603775,0.534603775,0.534603775
21.10026002,0.655521631,0.48745802,-0.275833368,-0.50654912,1.185427232,0.132601637,-1.226417888,-0.52076143,0.082812458,-0.250704616,-0.57063391,0,0,-0.570633769,-0.570633769,-0.570633769,-0.570633769,0.570633769,0.570633769,0.570633769,0.570633769
21.15017986,0.66121012,0.478683472,-0.264375925,-0.513584256,1.15266445,0.14255484,-1.228042116,-0.89970547,-0.004167856,-0.263762563,-0.592613004,0,0,-0.592612863,-0.592612863,-0.592612863,-0.592612863,0.592612863,0.592612863,0.592612863,0.592612863
21.19998002,0.666393697,0.468978137,-0.251424849,-0.522268951,1.116333474,0.155394151,-1.232328187,-0.921854615,0.073143117,-0.394871891,-0.6,0,0,-0.599999845,-0.599999845,-0.599999845,-0.599999845,0.599999845,0.599999845,0.599999845,0.599999845
21.25018,0.676796556,0.451035172,-0.22818695,-0.535205066,1.051160841,0.174809278,-1.236641453,-1.224729896,0.089142509,-0.298817575,-0.592613004,0,0,-0.592612863,-0.592612863,-0.592612863,-0.592612863,0.592612863,0.592612863,0.592612863,0.592612863
21.30022001,0.699347019,0.409934014,-0.18701537,-0.554881155,0.920549836,0.194577513,-1.244740979,-2.341038465,0.058352288,-0.353421807,-0.57063391,0,0,-0.570633769,-0.570633769,-0.570633769,-0.570633769,0.570633769,0.570633769,0.570633769,0.570633769
21.34991002,0.716465056,0.373586625,-0.154362172,-0.56858027,0.812591719,0.205072042,-1.253159862,-2.922104836,-0.015729699,-0.329195708,-0.534603915,0,0,-0.534603775,-0.534603775,-0.534603775,-0.534603775,0.534603775,0.534603775,0.534603775,0.534603775
21.40025997,0.74056977,0.314897835,-0.104947679,-0.584279001,0.647027218,0.214167669,-1.263890673,-3.508377552,-0.02664932,-0.245178521,-0.485410197,0,0,-0.485410094,-0.485410094,-0.485410094,-0.485410094,0.485410094,0.485410094,0.485410094,0.485410094
21.45044994,0.759206653,0.260139585,-0.060540594,-0.593521357,0.498656142,0.218608172,-1.271174118,-3.82521534,0.015103129,-0.174828529,-0.424264069,0,0,-0.424263984,-0.424263984,-0.424263984,-0.424263984,0.424263984,0.424263984,0.424263984,0.424263984
21.50008988,0.775393128,0.200415149,-0.013234645,-0.598685384,0.341402504,0.221247739,-1.276708403,-3.976078033,0.007895413,-0.143758059,-0.352671151,0,0,-0.352671087,-0.352671087,-0.352671087,-0.352671087,0.352671087,0.352671087,0.352671087,0.352671087
21.55017995,0.787457824,0.136981219,0.036394581,-0.599851787,0.177389376,0.223511529,-1.28200796,-4.149711609,0.032163564,-0.152727157,-0.2723943,0,0,-0.27239424,-0.27239424,-0.27239424,-0.27239424,0.27239424,0.27239424,0.27239424,0.27239424
21.5999999,0.79511261,-0.02978914,0.165017396,-0.582818925,-0.248745737,0.229706203,-1.293908725,-4.198051929,0.075757101,-0.063076906,-0.185410197,0,0,-0.27239424,-0.27239424,-0.27239424,-0.27239424,0.27239424,0.27239424,0.27239424,0.27239424
21.64989996,0.789460719,-0.093983069,0.213313386,-0.567817211,-0.413051905,0.232154403,-1.295903192,-4.008396626,0.073474199,-0.003524139,-0.093860679,0,0,-0.093860656,-0.093860656,-0.093860656,-0.093860656,0.093860656,0.093860656,0.093860656,0.093860656
21.69993996,0.77998054,-0.153144255,0.257206798,-0.549565196,-0.566110157,0.235065904,-1.296259534,-3.691445112,0.067191809,0.055266369,3.90E-13,0,0,3.90E-13,3.90E-13,3.90E-13,3.90E-13,-3.90E-13,-3.90E-13,-3.90E-13,-3.90E-13
21.75018,0.764607012,-0.218727127,0.305091083,-0.5238837,-0.738787072,0.239662078,-1.294571351,-3.242662907,0.031779051,0.102720715,0.093860679,0,0,0.093860656,0.093860656,0.093860656,0.093860656,-0.093860656,-0.093860656,-0.093860656,-0.093860656
21.80022001,0.75106883,-0.263693333,0.337115586,-0.502707362,-0.859353748,0.243677201,-1.29177667,-2.833149195,0.012408969,0.113360062,0.185410197,0,0,0.185410157,0.185410157,0.185410157,0.185410157,-0.185410157,-0.185410157,-0.185410157,-0.185410157
21.85044002,0.737654388,-0.301889807,0.363488853,-0.482290864,-0.963213674,0.247582492,-1.287989847,-2.417547464,-0.035302397,0.136406183,0.2723943,0,0,0.27239424,0.27239424,0.27239424,0.27239424,-0.27239424,-0.27239424,-0.27239424,-0.27239424
21.90022993,0.714065552,-0.3600384,0.40161711,-0.446303099,-1.123955051,0.254942093,-1.278288194,-1.721003413,-0.086984105,0.134765446,0.352671151,0,0,0.352671087,0.352671087,0.352671087,0.352671087,-0.352671087,-0.352671087,-0.352671087,-0.352671087
21.94995999,0.70263052,-0.386296958,0.417163283,-0.427855074,-1.196463887,0.258535544,-1.270654426,-1.306841373,-0.103369407,0.110455662,0.424264069,0,0,0.424263984,0.424263984,0.424263984,0.424263984,-0.424263984,-0.424263984,-0.424263984,-0.424263984
22.00058007,0.696442962,-0.401123136,0.425197452,-0.416262895,-1.236888772,0.261268415,-1.263882876,-0.86056602,-0.167104647,0.11395143,0.485410197,0,0,0.485410094,0.485410094,0.485410094,0.485410094,-0.485410094,-0.485410094,-0.485410094,-0.485410094
22.0504899,0.693595946,-0.409979254,0.429160446,-0.408244193,-1.259754528,0.263627575,-1.256663813,-0.401461184,-0.154797778,0.11049287,0.534603915,0,0,0.534603775,0.534603775,0.534603775,0.534603775,-0.534603775,-0.534603775,-0.534603775,-0.534603775
22.10027003,0.695159316,-0.411730975,0.428859174,-0.404117763,-1.262063922,0.266622971,-1.248517712,0.187919289,-0.173763946,0.145501643,0.57063391,0,0,0.570633769,0.570633769,0.570633769,0.570633769,-0.570633769,-0.570633769,-0.570633769,-0.570633769
22.15047001,0.704533458,-0.40144521,0.421846151,-0.405610889,-1.230182977,0.272093342,-1.237579525,1.025345445,-0.16900304,0.189621031,0.592613004,0,0,0.592612863,0.592612863,0.592612863,0.592612863,-0.592612863,-0.592612863,-0.592612863,-0.592612863
22.20025992,0.736187875,-0.350987524,0.393234313,-0.424502015,-1.08941451,0.284834725,-1.219411838,2.369800091,-0.132489398,0.276724666,0.6,0,0,0.599999845,0.599999845,0.599999845,0.599999845,-0.599999845,-0.599999845,-0.599999845,-0.599999845
22.25021004,0.757403374,-0.30921796,0.370462894,-0.439865768,-0.978672909,0.293339651,-1.209317491,2.995619297,-0.089915313,0.328546792,0.592613004,0,0,0.592612863,0.592612863,0.592612863,0.592612863,-0.592612863,-0.592612863,-0.592612863,-0.592612863
22.30027985,0.790227771,-0.227573752,0.325410396,-0.466752887,-0.769678002,0.306638106,-1.192059739,3.765478611,-0.056031555,0.340985328,0.57063391,0,0,0.570633769,0.570633769,0.570633769,0.570633769,-0.570633769,-0.570633769,-0.570633769,-0.570633769
22.35020995,0.809024453,-0.162399873,0.287993252,-0.485968679,-0.607041791,0.313242193,-1.180682254,4.154755592,-0.015954744,0.289336473,0.534603915,0,0,0.534603775,0.534603775,0.534603775,0.534603775,-0.534603775,-0.534603775,-0.534603775,-0.534603775
22.39999008,0.822567463,-0.089900889,0.245843381,-0.504838288,-0.430335822,0.319060579,-1.171214647,4.46779108,0.060163017,0.238737971,0.485410197,0,0,0.534603775,0.534603775,0.534603775,0.534603775,-0.534603775,-0.534603775,-0.534603775,-0.534603775
22.45046997,0.829199076,-0.012653762,0.199849218,-0.521851778,-0.244587928,0.323854169,-1.163584759,4.641917706,0.047541682,0.195825428,0.424264069,0,0,0.424263984,0.424263984,0.424263984,0.424263984,-0.424263984,-0.424263984,-0.424263984,-0.424263984
22.50026989,0.825413942,0.105869845,0.126025185,-0.540001214,0.040857585,0.328248454,-1.151902861,4.643936157,0.075012118,0.177672759,0.352671151,0,0,0.352671087,0.352671087,0.352671087,0.352671087,-0.352671087,-0.352671087,-0.352671087,-0.352671087
22.55026006,0.800544858,0.239755318,0.039717201,-0.547784567,0.368331278,0.332343625,-1.137710549,4.513694286,0.083803833,0.170940354,0.2723943,0,0,0.27239424,0.27239424,0.27239424,0.27239424,-0.27239424,-0.27239424,-0.27239424,-0.27239424
22.60030007,0.778009355,0.310491234,-0.007961388,-0.546107531,0.547303548,0.332846979,-1.129808743,4.341590881,0.096675493,0.145554513,0.185410197,0,0,0.185410157,0.185410157,0.185410157,0.185410157,-0.185410157,-0.185410157,-0.185410157,-0.185410157
22.65026998,0.743467212,0.39030391,-0.064152382,-0.539262295,0.75731393,0.33160603,-1.122096878,3.989011765,0.048174907,0.118602566,0.093860679,0,0,0.093860656,0.093860656,0.093860656,0.093860656,-0.093860656,-0.093860656,-0.093860656,-0.093860656
22.70001006,0.712999523,0.445933133,-0.105087996,-0.53078419,0.910717631,0.329461064,-1.117416154,3.632941961,0.025928855,0.117332891,-4.10E-13,0,0,-4.10E-13,-4.10E-13,-4.10E-13,-4.10E-13,4.10E-13,4.10E-13,4.10E-13,4.10E-13
22.74997997,0.682285428,0.49355489,-0.14157787,-0.520428717,1.04829555,0.326285984,-1.113510985,3.245280027,0.0507304,0.114607379,-0.093860679,0,0,-0.093860656,-0.093860656,-0.093860656,-0.093860656,0.093860656,0.093860656,0.093860656,0.093860656
22.80028987,0.652583838,0.533880353,-0.17373994,-0.508842409,1.170588927,0.322103054,-1.110006655,2.825985193,0.018500574,0.139218122,-0.185410197,0,0,-0.185410157,-0.185410157,-0.185410157,-0.185410157,0.185410157,0.185410157,0.185410157,0.185410157
22.85022998,0.596565485,0.598114789,-0.228834867,-0.483738661,1.380833942,0.310602619,-1.105446677,1.875127435,-0.005868083,0.138443097,-0.2723943,0,0,-0.27239424,-0.27239424,-0.27239424,-0.27239424,0.27239424,0.27239424,0.27239424,0.27239424
22.90001988,0.57768625,0.616679728,-0.246673331,-0.474486291,1.447071318,0.304915414,-1.105453702,1.527685165,-0.04175904,0.133683622,-0.352671151,0,0,-0.352671087,-0.352671087,-0.352671087,-0.352671087,0.352671087,0.352671087,0.352671087,0.352671087
22.95003986,0.562175274,0.630839348,-0.2611067,-0.466716439,1.499845779,0.299738785,-1.106300965,1.148327112,-0.03552885,0.118514925,-0.424264069,0,0,-0.424263984,-0.424263984,-0.424263984,-0.424263984,0.424263984,0.424263984,0.424263984,0.424263984
23.00001001,0.547457576,0.643092453,-0.276521087,-0.458539516,1.549982811,0.291093035,-1.109300218,0.590769291,-0.070086144,0.158924639,-0.485410197,0,0,-0.485410094,-0.485410094,-0.485410094,-0.485410094,0.485410094,0.485410094,0.485410094,0.485410094
23.05024004,0.544644773,0.644723117,-0.28243643,-0.455986738,1.561291524,0.284122575,-1.112583381,0.073308498,-0.093227632,0.177731365,-0.534603915,0,0,-0.534603775,-0.534603775,-0.534603775,-0.534603775,0.534603775,0.534603775,0.534603775,0.534603775
23.10026002,0.548608661,0.640335977,-0.284248203,-0.456291169,1.551727822,0.275966683,-1.116757856,-0.499811828,-0.106769823,0.221110165,-0.57063391,0,0,-0.570633769,-0.570633769,-0.570633769,-0.570633769,0.570633769,0.570633769,0.570633769,0.570633769
23.15024995,0.582181454,0.608405054,-0.271959305,-0.465774804,1.455107185,0.252783708,-1.124186861,-1.858222842,-0.079512671,0.326767117,-0.592613004,0,0,-0.592612863,-0.592612863,-0.592612863,-0.592612863,0.592612863,0.592612863,0.592612863,0.592612863
23.20001006,0.620120585,0.570302546,-0.251350045,-0.476475596,1.339333903,0.233861607,-1.124830035,-2.706789732,-0.051070847,0.385224879,-0.6,0,0,-0.599999845,-0.599999845,-0.599999845,-0.599999845,0.599999845,0.599999845,0.599999845,0.599999845
23.24996996,0.657209873,0.528927624,-0.227351129,-0.486438513,1.21831839,0.217456449,-1.122323928,-3.310056448,-0.054146506,0.421262264,-0.592613004,0,0,-0.592612863,-0.592612863,-0.592612863,-0.592612863,0.592612863,0.592612863,0.592612863,0.592612863
23.30004,0.697471797,0.477564037,-0.196785614,-0.496730715,1.074664027,0.201293173,-1.117523597,-3.855862379,-0.080518737,0.39377588,-0.57063391,0,0,-0.592612863,-0.592612863,-0.592612863,-0.592612863,0.592612863,0.592612863,0.592612863,0.592612863
23.35023999,0.737571597,0.416313797,-0.159801006,-0.507084668,0.91088473,0.187581402,-1.112502602,-4.268072605,-0.111045465,0.314878643,-0.534603915,0,0,-0.534603775,-0.534603775,-0.534603775,-0.534603775,0.534603775,0.534603775,0.534603775,0.534603775
23.39999008,0.78279686,0.328219891,-0.105265006,-0.518092871,0.685073802,0.176204901,-1.106343124,-4.745808125,-0.059558801,0.197482541,-0.485410197,0,0,-0.485410094,-0.485410094,-0.485410094,-0.485410094,0.485410094,0.485410094,0.485410094,0.485410094
23.45024991,0.837442815,0.17774789,-0.01455201,-0.516607761,0.322340026,0.159960192,-1.079427756,-4.355211258,-0.126946643,0.667883158,-0.424264069,0,0,-0.424263984,-0.424263984,-0.424263984,-0.424263984,0.424263984,0.424263984,0.424263984,0.424263984
23.50001001,0.856658995,0.106213577,0.024950344,-0.504213929,0.159280674,0.150423212,-1.051935288,-4.060150146,-0.100949846,0.75375843,-0.352671151,0,0,-0.352671087,-0.352671087,-0.352671087,-0.352671087,0.352671087,0.352671087,0.352671087,0.352671087
23.55049991,0.870553195,0.02059258,0.071441479,-0.486425132,-0.034011029,0.144927491,-1.021547776,-3.999347687,-0.06215895,0.410825938,-0.2723943,0,0,-0.27239424,-0.27239424,-0.27239424,-0.27239424,0.27239424,0.27239424,0.27239424,0.27239424
23.60001993,0.8726511,-0.047611266,0.108323924,-0.473792315,-0.188816734,0.144444037,-1.008505797,-3.859687567,-0.062774383,0.211922914,-0.185410197,0,0,-0.27239424,-0.27239424,-0.27239424,-0.27239424,0.27239424,0.27239424,0.27239424,0.27239424
23.65049004,0.867778778,-0.113869958,0.142508835,-0.462260842,-0.339223496,0.142539188,-1.003370467,-3.68729353,-0.125711113,-0.014244071,-0.093860679,0,0,-0.093860656,-0.093860656,-0.093860656,-0.093860656,0.093860656,0.093860656,0.093860656,0.093860656
23.70002985,0.857508302,-0.175694063,0.172847316,-0.451591611,-0.480061563,0.138191495,-1.00332454,-3.369487524,-0.115588658,-0.063908294,4.37E-13,0,0,4.37E-13,4.37E-13,4.37E-13,4.37E-13,-4.37E-13,-4.37E-13,-4.37E-13,-4.37E-13
23.74993992,0.823029041,-0.303918272,0.233233914,-0.419355601,-0.777847775,0.129377501,-0.99556061,-2.440338612,-0.06014714,0.059753004,0.093860679,0,0,0.093860656,0.093860656,0.093860656,0.093860656,-0.093860656,-0.093860656,-0.093860656,-0.093860656
23.80000996,0.811006606,-0.33908841,0.250507444,-0.40562728,-0.86300981,0.131619037,-0.988211974,-1.980941772,-0.062277984,0.187141672,0.185410197,0,0,0.185410157,0.185410157,0.185410157,0.185410157,-0.185410157,-0.185410157,-0.185410157,-0.185410157
23.85028004,0.80499512,-0.359961182,0.262013316,-0.392122775,-0.915344574,0.139997727,-0.975609999,-0.834571064,-0.052468486,0.341659069,0.2723943,0,0,0.27239424,0.27239424,0.27239424,0.27239424,-0.27239424,-0.27239424,-0.27239424,-0.27239424
23.89999985,0.801206112,-0.37604022,0.270200402,-0.37901774,-0.95510349,0.14846538,-0.960661628,-0.812573969,-0.073622182,0.299959749,0.352671151,0,0,0.352671087,0.352671087,0.352671087,0.352671087,-0.352671087,-0.352671087,-0.352671087,-0.352671087
23.95045995,0.79849571,-0.386762351,0.275297552,-0.370176852,-0.981443741,0.153913836,-0.950554778,-0.603175342,-0.157000154,0.218393698,0.424264069,0,0,0.424263984,0.424263984,0.424263984,0.424263984,-0.424263984,-0.424263984,-0.424263984,-0.424263984
24.00029993,0.796669126,-0.39503473,0.278721243,-0.362740219,-1.001243885,0.158165862,-0.941200928,-0.461810887,-0.138549522,0.198743522,0.485410197,0,0,0.485410094,0.485410094,0.485410094,0.485410094,-0.485410094,-0.485410094,-0.485410094,-0.485410094
24.05046987,0.796735048,-0.404587746,0.279563814,-0.35123536,-1.020249573,0.161972806,-0.92119019,-0.030817093,-0.189536825,0.099793822,0.534603915,0,0,0.534603775,0.534603775,0.534603775,0.534603775,-0.534603775,-0.534603775,-0.534603775,-0.534603775
24.10028004,0.798973024,-0.404070765,0.276391178,-0.349252343,-1.01524216,0.160095829,-0.913377115,0.287286162,-0.215470791,-0.008337201,0.57063391,0,0,0.570633769,0.570633769,0.570633769,0.570633769,-0.570633769,-0.570633769,-0.570633769,-0.570633769
24.15021991,0.804006577,-0.396526724,0.269206166,-0.351949245,-0.991904905,0.154385013,-0.908879671,0.807079017,-0.203649744,-0.111553088,0.592613004,0,0,0.592612863,0.592612863,0.592612863,0.592612863,-0.592612863,-0.592612863,-0.592612863,-0.592612863
24.20036006,0.812273026,-0.381226718,0.257597983,-0.358499825,-0.948638385,0.145654817,-0.906159478,1.339511395,-0.190036058,-0.173743144,0.6,0,0,0.599999845,0.599999845,0.599999845,0.599999845,-0.599999845,-0.599999845,-0.599999845,-0.599999845
24.25024986,0.827952206,-0.346962988,0.235555649,-0.372324467,-0.857994507,0.132075653,-0.905679482,2.191074848,-0.154607221,-0.242400497,0.592613004,0,0,0.592612863,0.592612863,0.592612863,0.592612863,-0.592612863,-0.592612863,-0.592612863,-0.592612863
24.30057001,0.844192684,-0.305686414,0.212518096,-0.38565588,-0.754933609,0.123345461,-0.906001101,2.957570076,-0.12119142,-0.105403587,0.57063391,0,0,0.592612863,0.592612863,0.592612863,0.592612863,-0.592612863,-0.592612863,-0.592612863,-0.592612863
24.35023999,0.871240377,-0.218355194,0.1695088,-0.405620724,-0.548784662,0.118504185,-0.904841502,3.844725132,-0.046789829,-0.004933793,0.534603915,0,0,0.534603775,0.534603775,0.534603775,0.534603775,-0.534603775,-0.534603775,-0.534603775,-0.534603775
24.40030002,0.895763576,-0.070246778,0.09872447,-0.427699,-0.213361648,0.117045685,-0.903469444,4.425309658,-0.001528867,0.014137547,0.485410197,0,0,0.485410094,0.485410094,0.485410094,0.485410094,-0.485410094,-0.485410094,-0.485410094,-0.485410094
24.45046997,0.898748279,0.011129912,0.059825551,-0.434221894,-0.032176416,0.117471906,-0.90203115,4.586679459,0.021156041,0.038024247,0.424264069,0,0,0.424263984,0.424263984,0.424263984,0.424263984,-0.424263984,-0.424263984,-0.424263984,-0.424263984
24.5002799,0.894184351,0.094020985,0.020599123,-0.4372302,0.151788695,0.119339504,-0.900485712,4.602330208,0.052617032,0.022884581,0.352671151,0,0,0.352671087,0.352671087,0.352671087,0.352671087,-0.352671087,-0.352671087,-0.352671087,-0.352671087
24.55007004,0.882002354,0.176067784,-0.017716652,-0.436758637,0.334753575,0.122854808,-0.89880158,4.535426617,0.101220414,0.016548576,0.2723943,0,0,0.27239424,0.27239424,0.27239424,0.27239424,-0.27239424,-0.27239424,-0.27239424,-0.27239424
24.60029006,0.862938881,0.254833758,-0.054777555,-0.432892561,0.513418079,0.126428412,-0.896703353,4.372807026,0.103305042,0.004061332,0.185410197,0,0,0.185410157,0.185410157,0.185410157,0.185410157,-0.185410157,-0.185410157,-0.185410157,-0.185410157
24.65035987,0.831298411,0.346056879,-0.098920636,-0.423559189,0.727061448,0.129043844,-0.893309869,4.114875793,0.086663291,0.026453404,0.093860679,0,0,0.093860656,0.093860656,0.093860656,0.093860656,-0.093860656,-0.093860656,-0.093860656,-0.093860656
24.70008993,0.770396292,0.469654888,-0.159265906,-0.400685132,1.032664913,0.131349046,-0.88456028,3.486490965,0.108462922,0.048908748,-4.65E-13,0,0,-4.65E-13,-4.65E-13,-4.65E-13,-4.65E-13,4.65E-13,4.65E-13,4.65E-13,4.65E-13
24.75023985,0.739415646,0.518797278,-0.183379054,-0.387925625,1.161581576,0.131703215,-0.879818629,2.972571611,0.102777265,0.044269212,-0.093860679,0,0,-0.093860656,-0.093860656,-0.093860656,-0.093860656,0.093860656,0.093860656,0.093860656,0.093860656
24.80000996,0.702634156,0.569573343,-0.20832631,-0.372144997,1.300852633,0.131552453,-0.874002994,2.515411854,0.108083539,0.032351218,-0.185410197,0,0,-0.093860656,-0.093860656,-0.093860656,-0.093860656,0.093860656,0.093860656,0.093860656,0.093860656
24.85048985,0.676778972,0.601380706,-0.223789275,-0.360874176,1.391784708,0.131512507,-0.869843952,2.064174891,0.102248162,0.017560294,-0.2723943,0,0,-0.27239424,-0.27239424,-0.27239424,-0.27239424,0.27239424,0.27239424,0.27239424,0.27239424
24.90000987,0.655046582,0.626122892,-0.236039072,-0.350955606,1.46519066,0.130620598,-0.86616957,1.555407524,0.075677849,0.032614939,-0.352671151,0,0,-0.27239424,-0.27239424,-0.27239424,-0.27239424,0.27239424,0.27239424,0.27239424,0.27239424
24.95000004,0.637665749,0.644531071,-0.245773032,-0.342867136,1.522021778,0.128891518,-0.863918511,1.288720727,0.025134545,0.039037336,-0.424264069,0,0,-0.352671087,-0.352671087,-0.352671087,-0.352671087,0.352671087,0.352671087,0.352671087,0.352671087
25.0002799,0.613973022,0.668130577,-0.258271784,-0.331563771,1.597215002,0.126247042,-0.860694945,0.378035724,0.006509573,0.033242252,-0.485410197,0,0,-0.485410094,-0.485410094,-0.485410094,-0.485410094,0.485410094,0.485410094,0.485410094,0.485410094
25.05027008,0.613058627,0.669194937,-0.258915931,-0.33060506,1.600754548,0.125345153,-0.859990932,-0.129257143,0.021708759,0.021740051,-0.534603915,0,0,-0.534603775,-0.534603775,-0.534603775,-0.534603775,0.534603775,0.534603775,0.534603775,0.534603775
25.10000991,0.619348943,0.663529456,-0.255984932,-0.332576841,1.582486348,0.124583079,-0.859537176,-0.764551878,0.011213127,0.007933379,-0.57063391,0,0,-0.570633769,-0.570633769,-0.570633769,-0.570633769,0.570633769,0.570633769,0.570633769,0.570633769
25.15022993,0.644501567,0.639281094,-0.242951974,-0.341923803,1.505659712,0.124325001,-0.859037814,-1.764370322,0.000452251,-0.009185083,-0.592613004,0,0,-0.592612863,-0.592612863,-0.592612863,-0.592612863,0.592612863,0.592612863,0.592612863,0.592612863
25.20002985,0.671474338,0.611035347,-0.227311373,-0.35226053,1.419095054,0.125549345,-0.858426951,-2.531070709,0.036535472,-0.065598004,-0.6,0,0,-0.599999845,-0.599999845,-0.599999845,-0.599999845,0.599999845,0.599999845,0.599999845,0.599999845
25.25028991,0.704946339,0.572105825,-0.205712453,-0.365278304,1.304754163,0.128274666,-0.858094145,-3.177794456,0.03770376,-0.084023409,-0.592613004,0,0,-0.599999845,-0.599999845,-0.599999845,-0.599999845,0.599999845,0.599999845,0.599999845,0.599999845
25.30001998,0.790301144,0.447094172,-0.141738191,-0.394260436,0.970706232,0.12886775,-0.857455101,-3.903507948,-0.179860711,0.490985602,-0.57063391,0,0,-0.570633769,-0.570633769,-0.570633769,-0.570633769,0.570633769,0.570633769,0.570633769,0.570633769
25.35025,0.827931166,0.376960576,-0.116228066,-0.39865005,0.805371949,0.108304625,-0.851308396,-4.368121147,-0.157310858,0.434684694,-0.534603915,0,0,-0.534603775,-0.534603775,-0.534603775,-0.534603775,0.534603775,0.534603775,0.534603775,0.534603775
25.40023994,0.861544669,0.298324645,-0.085502513,-0.401787162,0.625189555,0.092529497,-0.842821439,-4.652759552,-0.170772746,0.392753541,-0.485410197,0,0,-0.485410094,-0.485410094,-0.485410094,-0.485410094,0.485410094,0.485410094,0.485410094,0.485410094
25.45021987,0.888678551,0.213410467,-0.051266029,-0.402589411,0.435608002,0.080803445,-0.832833261,-4.832303047,-0.144069776,0.328856528,-0.424264069,0,0,-0.424263984,-0.424263984,-0.424263984,-0.424263984,0.424263984,0.424263984,0.424263984,0.424263984
25.50003004,0.910935819,0.103234127,-0.006573335,-0.39936915,0.195045975,0.070539744,-0.819454645,-4.860749722,-0.094041795,0.285779178,-0.352671151,0,0,-0.352671087,-0.352671087,-0.352671087,-0.352671087,0.352671087,0.352671087,0.352671087,0.352671087
25.55031991,0.918627679,0.013944844,0.029297834,-0.393789917,0.002551222,0.064855729,-0.809870651,-4.771919727,-0.118725702,0.224450827,-0.2723943,0,0,-0.27239424,-0.27239424,-0.27239424,-0.27239424,0.27239424,0.27239424,0.27239424,0.27239424
25.60057997,0.908248961,-0.15902026,0.097796194,-0.374476254,-0.371192349,0.058581451,-0.793141211,-4.519657135,-0.119257607,0.172016189,-0.185410197,0,0,-0.185410157,-0.185410157,-0.185410157,-0.185410157,0.185410157,0.185410157,0.185410157,0.185410157
25.65023994,0.887780249,-0.256535351,0.135526761,-0.357307166,-0.586263983,0.057343543,-0.78258424,-4.145028114,-0.124218114,0.164325505,-0.093860679,0,0,-0.093860656,-0.093860656,-0.093860656,-0.093860656,0.093860656,0.093860656,0.093860656,0.093860656
25.70023989,0.866497695,-0.325693995,0.161721945,-0.341981441,-0.742533479,0.057532508,-0.774211699,-3.744677782,-0.140992343,0.161830947,4.92E-13,0,0,4.92E-13,4.92E-13,4.92E-13,4.92E-13,-4.92E-13,-4.92E-13,-4.92E-13,-4.92E-13
25.7502799,0.842895508,-0.386365205,0.183701903,-0.326347768,-0.882785351,0.057535902,-0.765993317,-3.294739962,-0.15158847,0.126106665,0.093860679,0,0,0.093860656,0.093860656,0.093860656,0.093860656,-0.093860656,-0.093860656,-0.093860656,-0.093860656
25.80025005,0.818995833,-0.437962741,0.201586545,-0.311123163,-1.005109949,0.057708382,-0.757814844,-2.839544296,-0.159944937,0.121068478,0.185410197,0,0,0.185410157,0.185410157,0.185410157,0.185410157,-0.185410157,-0.185410157,-0.185410157,-0.185410157
25.85041999,0.785783112,-0.499303162,0.22151272,-0.290126562,-1.15496955,0.058432933,-0.745466649,-2.184377193,-0.189441696,0.091671303,0.2723943,0,0,0.27239424,0.27239424,0.27239424,0.27239424,-0.27239424,-0.27239424,-0.27239424,-0.27239424
25.90009999,0.766626596,-0.530856073,0.230717003,-0.277930647,-1.233971099,0.058698924,-0.73724478,-1.626948714,-0.193324804,0.047697905,0.352671151,0,0,0.352671087,0.352671087,0.352671087,0.352671087,-0.352671087,-0.352671087,-0.352671087,-0.352671087
25.95001006,0.737087011,-0.575725675,0.240944743,-0.259207785,-1.347620433,0.056759779,-0.721640546,-1.087975979,-0.173617974,-0.005128982,0.424264069,0,0,0.352671087,0.352671087,0.352671087,0.352671087,-0.352671087,-0.352671087,-0.352671087,-0.352671087
25.99996996,0.727939129,-0.589150965,0.242503405,-0.253373295,-1.381195624,0.054532206,-0.714973422,-0.693768263,-0.178547218,-0.04969687,0.485410197,0,0,0.485410094,0.485410094,0.485410094,0.485410094,-0.485410094,-0.485410094,-0.485410094,-0.485410094
26.05023002,0.723180771,-0.59716022,0.24077183,-0.249876633,-1.398881077,0.049830957,-0.707291208,-0.073528297,-0.157676607,-0.082845986,0.534603915,0,0,0.534603775,0.534603775,0.534603775,0.534603775,-0.534603775,-0.534603775,-0.534603775,-0.534603775
26.10003996,0.726324618,-0.594997942,0.235875472,-0.25058496,-1.388936314,0.0444639,-0.701469175,0.56125313,-0.154095918,-0.133019686,0.57063391,0,0,0.570633769,0.570633769,0.570633769,0.570633769,-0.570633769,-0.570633769,-0.570633769,-0.570633769
26.1498599,0.736525357,-0.583710194,0.227423951,-0.255130023,-1.353827661,0.037171576,-0.696793648,1.245352387,-0.142759144,-0.177377522,0.592613004,0,0,0.570633769,0.570633769,0.570633769,0.570633769,-0.570633769,-0.570633769,-0.570633769,-0.570633769
26.20001006,0.759559035,-0.554590642,0.211263284,-0.266209096,-1.270616951,0.025662538,-0.693122907,2.116285563,-0.126966983,-0.231036827,0.6,0,0,0.599999845,0.599999845,0.599999845,0.599999845,-0.599999845,-0.599999845,-0.599999845,-0.599999845
26.24995994,0.813415706,-0.472310156,0.172365159,-0.292520881,-1.053616259,0.0040879,-0.692816659,3.265072823,-0.109535761,-0.286061347,0.592613004,0,0,0.592612863,0.592612863,0.592612863,0.592612863,-0.592612863,-0.592612863,-0.592612863,-0.592612863
26.3001399,0.843438208,-0.415069461,0.146749794,-0.307886183,-0.911724296,-0.008039623,-0.696073184,3.77036047,-0.093715258,-0.297572851,0.57063391,0,0,0.570633769,0.570633769,0.570633769,0.570633769,-0.570633769,-0.570633769,-0.570633769,-0.570633769
26.35021996,0.872822881,-0.34649983,0.118395478,-0.322646648,-0.749623321,-0.016918257,-0.701503591,4.278047085,0.08896856,-0.13524808,0.534603915,0,0,0.534603775,0.534603775,0.534603775,0.534603775,-0.534603775,-0.534603775,-0.534603775,-0.534603775
26.40019989,0.905421019,-0.246054649,0.085380569,-0.335231841,-0.526878335,-0.010360164,-0.706404792,4.578873158,0.154426828,0.030020788,0.485410197,0,0,0.485410094,0.485410094,0.485410094,0.485410094,-0.485410094,-0.485410094,-0.485410094,-0.485410094
26.45015001,0.924313545,-0.159470424,0.056384809,-0.342103213,-0.339890747,-0.004876221,-0.708127094,4.750471115,0.084878251,0.026013853,0.424264069,0,0,0.424263984,0.424263984,0.424263984,0.424263984,-0.424263984,-0.424263984,-0.424263984,-0.424263984
26.50035,0.935323894,-0.06912598,0.02589391,-0.346006662,-0.147766434,0.000602286,-0.708685587,4.829767227,0.139972687,0.004646956,0.352671151,0,0,0.352671087,0.352671087,0.352671087,0.352671087,-0.352671087,-0.352671087,-0.352671087,-0.352671087
26.55006003,0.925391674,0.154438064,-0.050124623,-0.342471689,0.325931058,0.013011876,-0.706766283,4.60756731,0.142458141,0.004186505,0.2723943,0,0,0.27239424,0.27239424,0.27239424,0.27239424,-0.27239424,-0.27239424,-0.27239424,-0.27239424
26.60013008,0.907801509,0.23828201,-0.078366093,-0.336120516,0.506802492,0.017902182,-0.704576962,4.434732437,0.134560421,-0.0127495,0.185410197,0,0,0.185410157,0.185410157,0.185410157,0.185410157,-0.185410157,-0.185410157,-0.185410157,-0.185410157
26.65014004,0.884412229,0.315255851,-0.104110718,-0.328008622,0.676530531,0.022661631,-0.702330769,4.128791809,0.119881131,-0.047777805,0.093860679,0,0,0.093860656,0.093860656,0.093860656,0.093860656,-0.093860656,-0.093860656,-0.093860656,-0.093860656
26.70001006,0.859455645,0.379735947,-0.125884488,-0.318260789,0.822862327,0.025328558,-0.698244283,3.32885313,-0.277222008,0.23778747,-5.20E-13,0,0,-5.20E-13,-5.20E-13,-5.20E-13,-5.20E-13,5.20E-13,5.20E-13,5.20E-13,5.20E-13
26.75004005,0.829786837,0.441603392,-0.154243082,-0.304383665,0.973465437,0.012856313,-0.696358959,2.825067282,-0.079591736,0.229018643,-0.093860679,0,0,-0.093860656,-0.093860656,-0.093860656,-0.093860656,0.093860656,0.093860656,0.093860656,0.093860656
26.79999995,0.806237638,0.483981609,-0.173014879,-0.292931229,1.079623582,0.004564455,-0.694267871,2.466933727,-0.057561789,0.194184035,-0.185410197,0,0,-0.185410157,-0.185410157,-0.185410157,-0.185410157,0.185410157,0.185410157,0.185410157,0.185410157
26.85027003,0.765545845,0.547505975,-0.200487852,-0.271995276,1.244964433,-0.009127333,-0.689320231,1.656128883,0.009130693,0.185553104,-0.2723943,0,0,-0.27239424,-0.27239424,-0.27239424,-0.27239424,0.27239424,0.27239424,0.27239424,0.27239424
26.90011,0.746816576,0.573497534,-0.212573707,-0.261109293,1.316187443,-0.018017039,-0.686618186,1.246090055,-0.005018713,0.184767753,-0.352671151,0,0,-0.352671087,-0.352671087,-0.352671087,-0.352671087,0.352671087,0.352671087,0.352671087,0.352671087
26.95033002,0.735465288,0.588548243,-0.220164508,-0.253435373,1.358867705,-0.025531589,-0.684320509,0.910403728,0.013291093,0.190549389,-0.424264069,0,0,-0.424263984,-0.424263984,-0.424263984,-0.424263984,0.424263984,0.424263984,0.424263984,0.424263984
27.00011992,0.727634728,0.59874177,-0.225849107,-0.247079402,1.3886931,-0.032803671,-0.682012723,0.602626204,0.040207066,0.171230033,-0.485410197,0,0,-0.485410094,-0.485410094,-0.485410094,-0.485410094,0.485410094,0.485410094,0.485410094,0.485410094
27.05012989,0.724302649,0.603261948,-0.229776949,-0.242204994,1.403321737,-0.040641179,-0.679764487,0.131683767,0.041867048,0.197789833,-0.534603915,0,0,-0.534603775,-0.534603775,-0.534603775,-0.534603775,0.534603775,0.534603775,0.534603775,0.534603775
27.10018992,0.727465451,0.60013622,-0.231843591,-0.238493472,1.397535725,-0.051081471,-0.676520438,-0.401851594,0.030147294,0.218004763,-0.57063391,0,0,-0.570633769,-0.570633769,-0.570633769,-0.570633769,0.570633769,0.570633769,0.570633769,0.570633769
27.15019989,0.754505992,0.567707539,-0.226389706,-0.239115924,1.314462556,-0.070186575,-0.667978429,-1.589493036,0.067044102,0.281226039,-0.592613004,0,0,-0.592612863,-0.592612863,-0.592612863,-0.592612863,0.592612863,0.592612863,0.592612863,0.592612863
27.20018005,0.777643323,0.537225246,-0.218939304,-0.242333412,1.236648719,-0.080224147,-0.661260929,-2.191928148,0.093796238,0.291701883,-0.6,0,0,-0.592612863,-0.592612863,-0.592612863,-0.592612863,0.592612863,0.592612863,0.592612863,0.592612863
27.24995994,0.821275115,0.47185111,-0.201156765,-0.249799281,1.074783502,-0.094815957,-0.647065553,-3.127599716,0.144697383,0.358604133,-0.592613004,0,0,-0.599999845,-0.599999845,-0.599999845,-0.599999845,0.599999845,0.599999845,0.599999845,0.599999845
27.30001998,0.854413092,0.413287729,-0.185185254,-0.254712105,0.935848542,-0.106109609,-0.633111143,-3.667656422,0.137692437,0.469323456,-0.57063391,0,0,-0.570633769,-0.570633769,-0.570633769,-0.570633769,0.570633769,0.570633769,0.570633769,0.570633769
27.34992003,0.8868801,0.344961643,-0.166851118,-0.258081347,0.779471613,-0.118172376,-0.614943463,-4.021160126,0.138094142,0.561802983,-0.534603915,0,0,-0.534603775,-0.534603775,-0.534603775,-0.534603775,0.534603775,0.534603775,0.534603775,0.534603775
27.39996004,0.916030228,0.268152535,-0.14659901,-0.259791464,0.609237093,-0.12961337,-0.593500845,-4.266270161,0.115141064,0.613287866,-0.485410197,0,0,-0.485410094,-0.485410094,-0.485410094,-0.485410094,0.485410094,0.485410094,0.485410094,0.485410094
27.44997,0.959007084,0.076174051,-0.094919883,-0.255916268,0.198000825,-0.143561952,-0.535840875,-4.514523029,0.10794235,0.655625463,-0.424264069,0,0,-0.424263984,-0.424263984,-0.424263984,-0.424263984,0.424263984,0.424263984,0.424263984,0.424263984
27.50024986,0.965114117,-0.014484559,-0.069378681,-0.2520549,0.007087049,-0.141692121,-0.511422587,-4.761415482,0.099888295,0.548493326,-0.352671151,0,0,-0.352671087,-0.352671087,-0.352671087,-0.352671087,0.352671087,0.352671087,0.352671087,0.352671087
27.54998994,0.962095201,-0.105703652,-0.043602142,-0.247585863,-0.184560446,-0.136665265,-0.491083337,-4.737102509,0.083370253,0.488439888,-0.2723943,0,0,-0.27239424,-0.27239424,-0.27239424,-0.27239424,0.27239424,0.27239424,0.27239424,0.27239424
27.60033989,0.950503349,-0.194361016,-0.018334033,-0.241725922,-0.372180618,-0.129176212,-0.473716262,-4.534832478,0.057494204,0.449109256,-0.185410197,0,0,-0.185410157,-0.185410157,-0.185410157,-0.185410157,0.185410157,0.185410157,0.185410157,0.185410157
27.65001988,0.92612499,-0.29730463,0.011499056,-0.231884509,-0.594183908,-0.116847238,-0.45486523,-4.242543697,0.04342889,0.433498472,-0.093860679,0,0,-0.093860656,-0.093860656,-0.093860656,-0.093860656,0.093860656,0.093860656,0.093860656,0.093860656
27.70017004,0.900913298,-0.371215969,0.033074323,-0.222396702,-0.757924539,-0.105716998,-0.441906043,-3.859056234,-0.00613483,0.419762105,5.48E-13,0,0,5.48E-13,5.48E-13,5.48E-13,5.48E-13,-5.48E-13,-5.48E-13,-5.48E-13,-5.48E-13
27.75016999,0.858219445,-0.465768665,0.061430711,-0.206749186,-0.975559168,-0.087263228,-0.42648296,-3.508069515,-0.009931657,0.39029026,0.093860679,0,0,0.093860656,0.093860656,0.093860656,0.093860656,-0.093860656,-0.093860656,-0.093860656,-0.093860656
27.79991007,0.80224663,-0.559992671,0.091625564,-0.185508817,-1.206079291,-0.060791981,-0.412616511,-2.418507099,-0.008270158,0.349053562,0.185410197,0,0,0.185410157,0.185410157,0.185410157,0.185410157,-0.185410157,-0.185410157,-0.185410157,-0.185410157
27.85011005,0.778217435,-0.594062507,0.103300542,-0.175489351,-1.29413153,-0.047740848,-0.407508628,-2.001921177,-0.03646021,0.341552138,0.2723943,0,0,0.27239424,0.27239424,0.27239424,0.27239424,-0.27239424,-0.27239424,-0.27239424,-0.27239424
27.90030002,0.762458026,-0.614848077,0.110695451,-0.168423235,-1.349414327,-0.038317499,-0.404154599,-1.71776247,-0.030182326,0.323575228,0.352671151,0,0,0.352671087,0.352671087,0.352671087,0.352671087,-0.352671087,-0.352671087,-0.352671087,-0.352671087
27.9500699,0.744620025,-0.637192905,0.118869334,-0.159362361,-1.410343844,-0.026067108,-0.399487574,-1.368362546,-0.0649378,0.31626761,0.424264069,0,0,0.424263984,0.424263984,0.424263984,0.424263984,-0.424263984,-0.424263984,-0.424263984,-0.424263984
28.00011992,0.725500047,-0.659724891,0.128672317,-0.147838905,-1.474229795,-0.008362564,-0.394454138,-0.80513078,-0.044213247,0.284803689,0.485410197,0,0,0.485410094,0.485410094,0.485410094,0.485410094,-0.485410094,-0.485410094,-0.485410094,-0.485410094
28.05029988,0.718655109,-0.667596996,0.133700699,-0.141327411,-1.497854262,0.003469877,-0.391580666,-0.404954046,-0.051017109,0.319290936,0.534603915,0,0,0.534603775,0.534603775,0.534603775,0.534603775,-0.534603775,-0.534603775,-0.534603775,-0.534603775
28.10033989,0.722490609,-0.664119184,0.141226381,-0.130415842,-1.492677985,0.030851032,-0.385702051,0.560525835,-0.031873588,0.380892336,0.57063391,0,0,0.570633769,0.570633769,0.570633769,0.570633769,-0.570633769,-0.570633769,-0.570633769,-0.570633769
28.15009999,0.739799857,-0.644980907,0.144065261,-0.126257852,-1.443805317,0.050312333,-0.382371657,1.323270798,-0.007060174,0.395495653,0.592613004,0,0,0.592612863,0.592612863,0.592612863,0.592612863,-0.592612863,-0.592612863,-0.592612863,-0.592612863
28.20021987,0.762062252,-0.618605793,0.145146564,-0.12458241,-1.376624861,0.067137037,-0.379321417,2.005916357,-0.011891138,0.446515948,0.6,0,0,0.599999845,0.599999845,0.599999845,0.599999845,-0.599999845,-0.599999845,-0.599999845,-0.599999845
28.25006985,0.790684938,-0.581608176,0.145452037,-0.124068901,-1.284720825,0.085799717,-0.375502466,2.610090017,0.03103843,0.491303414,0.592613004,0,0,0.592612863,0.592612863,0.592612863,0.592612863,-0.592612863,-0.592612863,-0.592612863,-0.592612863
28.30008006,0.823574007,-0.53405571,0.144608006,-0.124896437,-1.170281265,0.104980176,-0.370599388,3.153566837,0.036294114,0.470366061,0.57063391,0,0,0.570633769,0.570633769,0.570633769,0.570633769,-0.570633769,-0.570633769,-0.570633769,-0.570633769
28.35038995,0.867569923,-0.459668547,0.13857533,-0.129708663,-0.996782909,0.121500285,-0.362997183,3.778202534,0.027007712,0.251063913,0.534603915,0,0,0.534603775,0.534603775,0.534603775,0.534603775,-0.534603775,-0.534603775,-0.534603775,-0.534603775
28.40004992,0.932257891,-0.308401376,0.11779017,-0.148018658,-0.662352665,0.128678102,-0.359218543,4.393352032,0.042570591,-0.030546039,0.485410197,0,0,0.485410094,0.485410094,0.485410094,0.485410094,-0.485410094,-0.485410094,-0.485410094,-0.485410094
28.45016002,0.956211925,-0.222544283,0.104074806,-0.159064636,-0.480843206,0.128591348,-0.361245438,4.627567768,0.071128845,-0.059596032,0.424264069,0,0,0.424263984,0.424263984,0.424263984,0.424263984,-0.424263984,-0.424263984,-0.424263984,-0.424263984
28.50003004,0.977704048,-0.086236998,0.081277855,-0.173354849,-0.199794016,0.129392928,-0.363955684,4.704712868,0.001739721,-0.035433676,0.352671151,0,0,0.352671087,0.352671087,0.352671087,0.352671087,-0.352671087,-0.352671087,-0.352671087,-0.352671087
28.55007004,0.981221676,-0.017643074,0.06929642,-0.179139599,-0.059993164,0.130035275,-0.365065585,4.658720016,0.050870616,-0.024192169,0.2723943,0,0,0.27239424,0.27239424,0.27239424,0.27239424,-0.27239424,-0.27239424,-0.27239424,-0.27239424
28.60030007,0.978569567,0.073270835,0.053365719,-0.184891999,0.125077261,0.131920829,-0.365206588,4.575708866,0.068318471,0.006424671,0.185410197,0,0,0.185410157,0.185410157,0.185410157,0.185410157,-0.185410157,-0.185410157,-0.185410157,-0.185410157
28.65007996,0.967898488,0.161777183,0.038442548,-0.188476175,0.306215844,0.135816361,-0.363650846,4.439363003,0.127254337,0.021650752,0.093860679,0,0,0.093860656,0.093860656,0.093860656,0.093860656,-0.093860656,-0.093860656,-0.093860656,-0.093860656
28.70042991,0.916959941,0.351889551,0.004962925,-0.187972441,0.707586544,0.141868081,-0.351915491,3.348357677,-0.340117067,0.52993679,-5.75E-13,0,0,-5.75E-13,-5.75E-13,-5.75E-13,-5.75E-13,5.75E-13,5.75E-13,5.75E-13,5.75E-13
28.75006985,0.89691174,0.403334171,-0.017159943,-0.180489704,0.825021261,0.115067164,-0.346764265,2.761183023,-0.380920649,0.565231264,-0.093860679,0,0,-0.093860656,-0.093860656,-0.093860656,-0.093860656,0.093860656,0.093860656,0.093860656,0.093860656
28.79994988,0.876828372,0.447306901,-0.0361243,-0.172579899,0.927652845,0.091168959,-0.343049033,2.395387411,-0.280254066,0.495883912,-0.185410197,0,0,-0.185410157,-0.185410157,-0.185410157,-0.185410157,0.185410157,0.185410157,0.185410157,0.185410157
28.85002994,0.853410721,0.492080778,-0.055226013,-0.162778556,1.034768731,0.065987324,-0.339387662,1.914819837,-0.188483477,0.450025201,-0.2723943,0,0,-0.27239424,-0.27239424,-0.27239424,-0.27239424,0.27239424,0.27239424,0.27239424,0.27239424
28.90013003,0.837597132,0.51942879,-0.068102859,-0.154876873,1.102231193,0.046826603,-0.336897236,1.532592297,-0.162224606,0.427765697,-0.352671151,0,0,-0.352671087,-0.352671087,-0.352671087,-0.352671087,0.352671087,0.352671087,0.352671087,0.352671087
28.95000004,0.824141383,0.541139007,-0.079174489,-0.147278696,1.157131402,0.02889857,-0.334802795,1.221281052,-0.121611424,0.401503772,-0.424264069,0,0,-0.352671087,-0.352671087,-0.352671087,-0.352671087,0.352671087,0.352671087,0.352671087,0.352671087
29.00013995,0.807062328,0.566792548,-0.096764773,-0.134288594,1.225188748,-0.003962867,-0.332547609,0.490754128,-0.106376432,0.377740771,-0.485410197,0,0,-0.485410094,-0.485410094,-0.485410094,-0.485410094,0.485410094,0.485410094,0.485410094,0.485410094
29.05004,0.805384994,0.569162428,-0.104638316,-0.128297701,1.234181526,-0.022505688,-0.331913719,-0.089348853,-0.110092767,0.329887152,-0.534603915,0,0,-0.534603775,-0.534603775,-0.534603775,-0.534603775,0.534603775,0.534603775,0.534603775,0.534603775
29.10037994,0.810694814,0.561452687,-0.108862124,-0.125275627,1.21742562,-0.035842914,-0.331616128,-0.731274605,-0.078347348,0.325512171,-0.57063391,0,0,-0.570633769,-0.570633769,-0.570633769,-0.570633769,0.570633769,0.570633769,0.570633769,0.570633769
29.15001988,0.822817206,0.543471158,-0.110992573,-0.123660617,1.175493077,-0.048259955,-0.330504653,-1.367708325,-0.115074277,0.281540483,-0.592613004,0,0,-0.592612863,-0.592612863,-0.592612863,-0.592612863,0.592612863,0.592612863,0.592612863,0.592612863
29.20007991,0.841531157,0.514042318,-0.110589221,-0.123919658,1.1064548,-0.058762451,-0.328704007,-2.095311165,-0.014621039,0.211777776,-0.6,0,0,-0.599999845,-0.599999845,-0.599999845,-0.599999845,0.599999845,0.599999845,0.599999845,0.599999845
29.25001001,0.878493667,0.448395908,-0.104715019,-0.127377316,0.955307051,-0.069808697,-0.324129296,-2.822978973,-0.0316859,0.250758767,-0.592613004,0,0,-0.592612863,-0.592612863,-0.592612863,-0.592612863,0.592612863,0.592612863,0.592612863,0.592612863
29.30009985,0.912626028,0.375453502,-0.097576536,-0.128948048,0.79351052,-0.081363492,-0.314833208,-3.658355474,-0.0219629,0.300322801,-0.57063391,0,0,-0.592612863,-0.592612863,-0.592612863,-0.592612863,0.592612863,0.592612863,0.592612863,0.592612863
29.35003996,0.95689702,0.244866282,-0.082904547,-0.132346958,0.515238617,-0.093985894,-0.299652893,-4.277597904,-0.025767211,0.268069476,-0.534603915,0,0,-0.534603775,-0.534603775,-0.534603775,-0.534603775,0.534603775,0.534603775,0.534603775,0.534603775
29.39999008,0.978902698,0.136737749,-0.069281019,-0.13510187,0.291961266,-0.098852611,-0.288839909,-4.592589378,-0.005108146,0.205819681,-0.485410197,0,0,-0.485410094,-0.485410094,-0.485410094,-0.485410094,0.485410094,0.485410094,0.485410094,0.485410094
29.45023989,0.987888873,0.044461597,-0.057304822,-0.137168393,0.104288541,-0.101196747,-0.281221904,-4.756833076,-0.00595752,0.18385385,-0.424264069,0,0,-0.424263984,-0.424263984,-0.424263984,-0.424263984,0.424263984,0.424263984,0.424263984,0.424263984
29.50035,0.988073289,-0.049630325,-0.045544524,-0.13846983,-0.08603348,-0.103934261,-0.273991259,-4.743488789,-0.074391499,0.171908975,-0.352671151,0,0,-0.352671087,-0.352671087,-0.352671087,-0.352671087,0.352671087,0.352671087,0.352671087,0.352671087
29.55049991,0.979431212,-0.142670378,-0.034183037,-0.13853249,-0.27499771,-0.10669112,-0.266242629,-4.678404331,-0.111474738,0.182287693,-0.2723943,0,0,-0.27239424,-0.27239424,-0.27239424,-0.27239424,0.27239424,0.27239424,0.27239424,0.27239424
29.59998989,0.957352996,-0.253689647,-0.020841664,-0.136684105,-0.504002963,-0.109474871,-0.255415721,-4.444785118,-0.137594327,0.183671176,-0.185410197,0,0,-0.27239424,-0.27239424,-0.27239424,-0.27239424,0.27239424,0.27239424,0.27239424,0.27239424
29.65000987,0.902361989,-0.41075179,-0.000670363,-0.13048245,-0.841302103,-0.10861502,-0.238583673,-3.93632555,-0.10689541,0.167229682,-0.093860679,0,0,-0.093860656,-0.093860656,-0.093860656,-0.093860656,0.093860656,0.093860656,0.093860656,0.093860656
29.70002007,0.869924247,-0.476585448,0.00860165,-0.126586556,-0.990038349,-0.10589083,-0.231797183,-3.545479059,-0.076680139,0.138497069,6.03E-13,0,0,6.03E-13,6.03E-13,6.03E-13,6.03E-13,-6.03E-13,-6.03E-13,-6.03E-13,-6.03E-13
29.75001001,0.828828573,-0.545747697,0.018720381,-0.121870525,-1.153014757,-0.102166764,-0.225525681,-2.984125614,-0.061364621,0.112169527,0.093860679,0,0,0.093860656,0.093860656,0.093860656,0.093860656,-0.093860656,-0.093860656,-0.093860656,-0.093860656
29.80012989,0.797812223,-0.590631485,0.025540914,-0.118313543,-1.263491711,-0.09916813,-0.221850873,-2.531170607,-0.050981428,0.092517748,0.185410197,0,0,0.185410157,0.185410157,0.185410157,0.185410157,-0.185410157,-0.185410157,-0.185410157,-0.185410157
29.85028004,0.770251572,-0.626552463,0.031017769,-0.114816532,-1.355199826,-0.096242659,-0.218480718,-2.069458961,-0.070846155,0.094404183,0.2723943,0,0,0.27239424,0.27239424,0.27239424,0.27239424,-0.27239424,-0.27239424,-0.27239424,-0.27239424
29.90033006,0.746512592,-0.655019045,0.035315547,-0.111454628,-1.430318225,-0.093418596,-0.215259128,-1.685683131,-0.058126491,0.072845116,0.352671151,0,0,0.352671087,0.352671087,0.352671087,0.352671087,-0.352671087,-0.352671087,-0.352671087,-0.352671087
29.95003986,0.705399871,-0.699743629,0.04127859,-0.105195142,-1.553416585,-0.089101282,-0.208506798,-0.74340117,-0.040338945,-0.011552873,0.424264069,0,0,0.424263984,0.424263984,0.424263984,0.424263984,-0.424263984,-0.424263984,-0.424263984,-0.424263984
30.00003004,0.697872281,-0.707334697,0.041851301,-0.104405828,-1.574960578,-0.089405044,-0.207231416,-0.304664701,-0.024276968,-0.025895238,0.485410197,0,0,0.485410094,0.485410094,0.485410094,0.485410094,-0.485410094,-0.485410094,-0.485410094,-0.485410094
